,y_pred,y_true
2026-02-01 00:00:00+01:00,107.88196348162086,100.0
2026-02-01 00:15:00+01:00,103.32908696503732,95.14
2026-02-01 00:30:00+01:00,101.79595997570132,95.01
2026-02-01 00:45:00+01:00,101.03828619565053,94.21
2026-02-01 01:00:00+01:00,102.2980659864115,94.63
2026-02-01 01:15:00+01:00,100.87840734159283,94.32
2026-02-01 01:30:00+01:00,101.41202635261882,94.15
2026-02-01 01:45:00+01:00,100.89422273692857,92.93
2026-02-01 02:00:00+01:00,100.91152274082312,98.36
2026-02-01 02:15:00+01:00,100.0487755429526,98.69
2026-02-01 02:30:00+01:00,101.13379376061117,99.09
2026-02-01 02:45:00+01:00,101.56888944671017,97.47
2026-02-01 03:00:00+01:00,101.91630191127308,93.39
2026-02-01 03:15:00+01:00,98.53840319583053,96.77
2026-02-01 03:30:00+01:00,100.01499351860761,95.33
2026-02-01 03:45:00+01:00,96.69189333697611,98.74
2026-02-01 04:00:00+01:00,99.6970525076159,98.85
2026-02-01 04:15:00+01:00,98.1511702291913,98.69
2026-02-01 04:30:00+01:00,95.74997145132932,98.0
2026-02-01 04:45:00+01:00,98.95312371610584,97.71
2026-02-01 05:00:00+01:00,96.38951102818254,97.71
2026-02-01 05:15:00+01:00,96.7341941414288,95.41
2026-02-01 05:30:00+01:00,98.50531915670128,99.89
2026-02-01 05:45:00+01:00,98.93295667030522,99.88
2026-02-01 06:00:00+01:00,91.12658521444986,94.47
2026-02-01 06:15:00+01:00,88.5896657085831,96.68
2026-02-01 06:30:00+01:00,93.33265390550993,95.46
2026-02-01 06:45:00+01:00,95.53506471665953,97.45
2026-02-01 07:00:00+01:00,95.94471245095673,96.84
2026-02-01 07:15:00+01:00,97.43941138153454,96.56
2026-02-01 07:30:00+01:00,97.95776756844653,101.34
2026-02-01 07:45:00+01:00,93.07788868439913,103.26
2026-02-01 08:00:00+01:00,103.89053931954496,102.95
2026-02-01 08:15:00+01:00,106.77248246634964,104.77
2026-02-01 08:30:00+01:00,107.03904341637885,107.23
2026-02-01 08:45:00+01:00,106.32569611950682,106.07
2026-02-01 09:00:00+01:00,115.37250660521651,110.16
2026-02-01 09:15:00+01:00,108.26653682367963,109.3
2026-02-01 09:30:00+01:00,109.06089740600454,108.57
2026-02-01 09:45:00+01:00,108.9482813828351,108.91
2026-02-01 10:00:00+01:00,114.1856273125572,114.07
2026-02-01 10:15:00+01:00,112.57963991249707,109.72
2026-02-01 10:30:00+01:00,107.94097153397324,108.95
2026-02-01 10:45:00+01:00,103.97752938862051,106.64
2026-02-01 11:00:00+01:00,107.16476805813399,108.66
2026-02-01 11:15:00+01:00,104.4666974398025,108.12
2026-02-01 11:30:00+01:00,101.7641022011942,108.1
2026-02-01 11:45:00+01:00,101.80267188712918,107.75
2026-02-01 12:00:00+01:00,105.78971263124272,110.16
2026-02-01 12:15:00+01:00,98.59593095177664,106.27
2026-02-01 12:30:00+01:00,100.67077401716853,107.56
2026-02-01 12:45:00+01:00,102.34101350639796,104.51
2026-02-01 13:00:00+01:00,102.6040379865834,102.81
2026-02-01 13:15:00+01:00,100.6800540926554,99.93
2026-02-01 13:30:00+01:00,101.16024036392729,99.41
2026-02-01 13:45:00+01:00,103.51688371137264,99.4
2026-02-01 14:00:00+01:00,101.76204470744204,100.05
2026-02-01 14:15:00+01:00,104.58468101651236,101.03
2026-02-01 14:30:00+01:00,107.89989901728045,103.42
2026-02-01 14:45:00+01:00,103.36142164776363,104.44
2026-02-01 15:00:00+01:00,106.89823509871013,103.26
2026-02-01 15:15:00+01:00,112.25714177048937,107.36
2026-02-01 15:30:00+01:00,112.26403925313501,111.5
2026-02-01 15:45:00+01:00,113.175108676384,113.71
2026-02-01 16:00:00+01:00,107.37696565669239,106.35
2026-02-01 16:15:00+01:00,114.92728598738027,112.32
2026-02-01 16:30:00+01:00,116.44527027030844,115.0
2026-02-01 16:45:00+01:00,123.85793397870856,125.0
2026-02-01 17:00:00+01:00,120.33562516668238,123.73
2026-02-01 17:15:00+01:00,125.05360911406814,126.23
2026-02-01 17:30:00+01:00,130.63149866749615,132.01
2026-02-01 17:45:00+01:00,134.58967326943275,135.98
2026-02-01 18:00:00+01:00,133.6932676784289,133.24
2026-02-01 18:15:00+01:00,134.97810855074266,133.81
2026-02-01 18:30:00+01:00,131.6552573994846,141.96
2026-02-01 18:45:00+01:00,122.85995980144816,138.36
2026-02-01 19:00:00+01:00,134.79641985346154,141.0
2026-02-01 19:15:00+01:00,124.95338195065773,136.22
2026-02-01 19:30:00+01:00,121.96969316729607,137.51
2026-02-01 19:45:00+01:00,118.67458410316826,134.83
2026-02-01 20:00:00+01:00,120.95411752856187,131.0
2026-02-01 20:15:00+01:00,116.96523956774632,132.0
2026-02-01 20:30:00+01:00,109.84793510363816,123.74
2026-02-01 20:45:00+01:00,106.31944451454874,115.63
2026-02-01 21:00:00+01:00,111.64269866228358,122.15
2026-02-01 21:15:00+01:00,103.54466908865594,118.56
2026-02-01 21:30:00+01:00,102.02093675454684,111.96
2026-02-01 21:45:00+01:00,94.30088994167507,102.76
2026-02-01 22:00:00+01:00,112.44467645823012,117.52
2026-02-01 22:15:00+01:00,108.58703261370218,113.49
2026-02-01 22:30:00+01:00,101.9617865356556,115.49
2026-02-01 22:45:00+01:00,97.96034943409194,109.04
2026-02-01 23:00:00+01:00,102.15622444176594,113.88
2026-02-01 23:15:00+01:00,96.53143408204585,106.17
2026-02-01 23:30:00+01:00,96.16815203331147,106.44
2026-02-01 23:45:00+01:00,96.10015763353299,99.72
2026-02-02 00:00:00+01:00,104.6389452311358,100.41
2026-02-02 00:15:00+01:00,102.6703681895566,101.91
2026-02-02 00:30:00+01:00,100.59729749454235,100.04
2026-02-02 00:45:00+01:00,97.71103101159167,96.01
2026-02-02 01:00:00+01:00,100.0615882272847,99.41
2026-02-02 01:15:00+01:00,99.77998338817116,95.0
2026-02-02 01:30:00+01:00,95.11959107536863,99.62
2026-02-02 01:45:00+01:00,96.77002402429565,97.94
2026-02-02 02:00:00+01:00,99.50246286670871,96.59
2026-02-02 02:15:00+01:00,99.70495854719006,95.2
2026-02-02 02:30:00+01:00,98.82058060612447,94.28
2026-02-02 02:45:00+01:00,99.83176548502709,94.3
2026-02-02 03:00:00+01:00,94.44394745741359,93.01
2026-02-02 03:15:00+01:00,95.81652524182256,90.52
2026-02-02 03:30:00+01:00,93.04962532323228,90.41
2026-02-02 03:45:00+01:00,87.63972309136439,90.06
2026-02-02 04:00:00+01:00,94.88123272560907,91.0
2026-02-02 04:15:00+01:00,93.06052571285336,91.63
2026-02-02 04:30:00+01:00,90.49610074173512,92.05
2026-02-02 04:45:00+01:00,89.00195877538904,92.25
2026-02-02 05:00:00+01:00,92.61502213858941,94.65
2026-02-02 05:15:00+01:00,89.64441126444132,90.57
2026-02-02 05:30:00+01:00,94.99579853722992,95.85
2026-02-02 05:45:00+01:00,92.98977512459746,97.82
2026-02-02 06:00:00+01:00,95.950987460612,89.78
2026-02-02 06:15:00+01:00,104.79305742651708,103.31
2026-02-02 06:30:00+01:00,100.58614652120073,112.82
2026-02-02 06:45:00+01:00,103.70091568163078,120.39
2026-02-02 07:00:00+01:00,114.89479506984527,112.97
2026-02-02 07:15:00+01:00,104.77845054980885,117.19
2026-02-02 07:30:00+01:00,109.42883321643518,131.19
2026-02-02 07:45:00+01:00,111.52509170715486,130.19
2026-02-02 08:00:00+01:00,124.06676491866963,132.06
2026-02-02 08:15:00+01:00,124.66824198662856,139.01
2026-02-02 08:30:00+01:00,121.94667535435548,139.83
2026-02-02 08:45:00+01:00,113.89901436911148,136.57
2026-02-02 09:00:00+01:00,126.0991876087734,154.13
2026-02-02 09:15:00+01:00,121.77424033602597,142.7
2026-02-02 09:30:00+01:00,118.79644908506799,136.03
2026-02-02 09:45:00+01:00,108.68948792243899,127.76
2026-02-02 10:00:00+01:00,116.63066902971903,132.26
2026-02-02 10:15:00+01:00,110.33851316259076,128.66
2026-02-02 10:30:00+01:00,108.7276279396731,123.15
2026-02-02 10:45:00+01:00,99.01126804606761,114.09
2026-02-02 11:00:00+01:00,96.7936344375492,124.83
2026-02-02 11:15:00+01:00,94.32234385702434,116.25
2026-02-02 11:30:00+01:00,93.98071925763566,110.01
2026-02-02 11:45:00+01:00,94.70434849411214,107.58
2026-02-02 12:00:00+01:00,95.85926465576617,112.69
2026-02-02 12:15:00+01:00,95.78730497288221,107.5
2026-02-02 12:30:00+01:00,91.82359993122134,109.15
2026-02-02 12:45:00+01:00,96.4812075699938,107.51
2026-02-02 13:00:00+01:00,93.90719905606943,105.2
2026-02-02 13:15:00+01:00,94.57214485990013,104.1
2026-02-02 13:30:00+01:00,96.35564941755163,103.44
2026-02-02 13:45:00+01:00,97.25330558222021,103.26
2026-02-02 14:00:00+01:00,100.20646115223566,101.49
2026-02-02 14:15:00+01:00,100.20503912201458,101.98
2026-02-02 14:30:00+01:00,99.30894564569847,103.45
2026-02-02 14:45:00+01:00,95.10716545424303,104.69
2026-02-02 15:00:00+01:00,104.87592408090056,101.43
2026-02-02 15:15:00+01:00,102.37226737615798,103.45
2026-02-02 15:30:00+01:00,105.45713073276664,104.75
2026-02-02 15:45:00+01:00,108.6137320398179,110.68
2026-02-02 16:00:00+01:00,98.13946319007744,101.8
2026-02-02 16:15:00+01:00,110.03145849994091,107.3
2026-02-02 16:30:00+01:00,112.29401408240449,112.37
2026-02-02 16:45:00+01:00,115.57618186967227,117.64
2026-02-02 17:00:00+01:00,116.07448587608657,108.94
2026-02-02 17:15:00+01:00,115.29747729970855,117.57
2026-02-02 17:30:00+01:00,124.80576427815298,125.54
2026-02-02 17:45:00+01:00,125.39072220640375,120.74
2026-02-02 18:00:00+01:00,124.93034356700112,123.41
2026-02-02 18:15:00+01:00,117.98417815461363,117.7
2026-02-02 18:30:00+01:00,118.41765952675055,118.83
2026-02-02 18:45:00+01:00,112.87057344914369,115.93
2026-02-02 19:00:00+01:00,119.35239119268083,105.95
2026-02-02 19:15:00+01:00,107.7421555825529,105.35
2026-02-02 19:30:00+01:00,97.10167752117424,106.08
2026-02-02 19:45:00+01:00,95.38977956472988,102.62
2026-02-02 20:00:00+01:00,97.09443298027438,105.23
2026-02-02 20:15:00+01:00,89.56886414730599,103.45
2026-02-02 20:30:00+01:00,89.67420790800868,100.93
2026-02-02 20:45:00+01:00,88.0847519004661,99.41
2026-02-02 21:00:00+01:00,85.4979607609076,107.12
2026-02-02 21:15:00+01:00,82.22878771095034,103.98
2026-02-02 21:30:00+01:00,88.50987995034876,100.0
2026-02-02 21:45:00+01:00,89.32345399559567,96.96
2026-02-02 22:00:00+01:00,89.16350555944791,103.9
2026-02-02 22:15:00+01:00,87.36775476125523,101.22
2026-02-02 22:30:00+01:00,90.28103785402459,100.86
2026-02-02 22:45:00+01:00,90.89132676869694,98.93
2026-02-02 23:00:00+01:00,89.98668429706944,98.56
2026-02-02 23:15:00+01:00,81.5511787642114,90.96
2026-02-02 23:30:00+01:00,81.8851595807472,90.41
2026-02-02 23:45:00+01:00,77.26209226123873,85.61
2026-02-03 00:00:00+01:00,95.09579832728069,97.41
2026-02-03 00:15:00+01:00,94.74738216298857,92.88
2026-02-03 00:30:00+01:00,91.05705482044009,89.07
2026-02-03 00:45:00+01:00,88.0842149255703,87.51
2026-02-03 01:00:00+01:00,89.93911630268886,91.84
2026-02-03 01:15:00+01:00,90.2402428632926,89.62
2026-02-03 01:30:00+01:00,93.19583063791012,88.49
2026-02-03 01:45:00+01:00,91.92630391039506,87.51
2026-02-03 02:00:00+01:00,86.63426892961532,89.08
2026-02-03 02:15:00+01:00,89.03071579930776,85.01
2026-02-03 02:30:00+01:00,90.44634012566263,82.55
2026-02-03 02:45:00+01:00,86.77627922298586,79.39
2026-02-03 03:00:00+01:00,83.35687580466764,82.8
2026-02-03 03:15:00+01:00,83.64853213668357,80.16
2026-02-03 03:30:00+01:00,84.78755117875873,79.37
2026-02-03 03:45:00+01:00,84.36465553837972,77.42
2026-02-03 04:00:00+01:00,84.70651121597278,76.67
2026-02-03 04:15:00+01:00,84.41241630750997,76.02
2026-02-03 04:30:00+01:00,84.11860267538137,76.41
2026-02-03 04:45:00+01:00,83.26198886288925,78.26
2026-02-03 05:00:00+01:00,80.81475611974534,78.29
2026-02-03 05:15:00+01:00,82.40667509303933,78.08
2026-02-03 05:30:00+01:00,87.47239691852297,82.27
2026-02-03 05:45:00+01:00,75.75251355677045,90.0
2026-02-03 06:00:00+01:00,88.29970331653304,84.03
2026-02-03 06:15:00+01:00,95.5763891583381,87.11
2026-02-03 06:30:00+01:00,93.60526795082802,92.58
2026-02-03 06:45:00+01:00,91.20621621346405,100.92
2026-02-03 07:00:00+01:00,101.44923366789028,92.5
2026-02-03 07:15:00+01:00,92.86448279643689,97.01
2026-02-03 07:30:00+01:00,112.90881850601808,99.26
2026-02-03 07:45:00+01:00,113.0359308339807,102.0
2026-02-03 08:00:00+01:00,112.02426358955822,104.03
2026-02-03 08:15:00+01:00,119.93267849198955,107.01
2026-02-03 08:30:00+01:00,112.47108467738889,109.15
2026-02-03 08:45:00+01:00,115.75426585418512,104.9
2026-02-03 09:00:00+01:00,117.9819312339491,118.45
2026-02-03 09:15:00+01:00,115.8043627915353,110.16
2026-02-03 09:30:00+01:00,116.78589474659373,106.32
2026-02-03 09:45:00+01:00,113.3690784024401,97.97
2026-02-03 10:00:00+01:00,108.8300611217504,105.92
2026-02-03 10:15:00+01:00,110.91309082740885,100.01
2026-02-03 10:30:00+01:00,113.16464471796256,98.6
2026-02-03 10:45:00+01:00,104.93593216313893,95.23
2026-02-03 11:00:00+01:00,109.5583049323031,97.07
2026-02-03 11:15:00+01:00,106.40128945102794,93.1
2026-02-03 11:30:00+01:00,104.80926147343976,89.4
2026-02-03 11:45:00+01:00,102.37047374116929,83.75
2026-02-03 12:00:00+01:00,104.91160264864375,89.77
2026-02-03 12:15:00+01:00,105.08087232444302,85.35
2026-02-03 12:30:00+01:00,104.4756677688685,87.29
2026-02-03 12:45:00+01:00,102.02112888962411,89.38
2026-02-03 13:00:00+01:00,101.67486909160341,89.81
2026-02-03 13:15:00+01:00,98.93242169263053,89.39
2026-02-03 13:30:00+01:00,97.26296639890089,90.02
2026-02-03 13:45:00+01:00,96.65480521964032,90.4
2026-02-03 14:00:00+01:00,100.32896667904289,86.52
2026-02-03 14:15:00+01:00,100.88976436438239,92.02
2026-02-03 14:30:00+01:00,98.66937466161373,95.69
2026-02-03 14:45:00+01:00,99.91063040336246,98.38
2026-02-03 15:00:00+01:00,103.72133927275182,93.09
2026-02-03 15:15:00+01:00,101.46110618662914,99.89
2026-02-03 15:30:00+01:00,105.68226053373687,102.27
2026-02-03 15:45:00+01:00,110.81793217578006,106.39
2026-02-03 16:00:00+01:00,97.13395767303466,98.5
2026-02-03 16:15:00+01:00,103.55210804850336,103.4
2026-02-03 16:30:00+01:00,108.12841456355453,107.05
2026-02-03 16:45:00+01:00,113.70030026577572,117.51
2026-02-03 17:00:00+01:00,105.62294770280029,112.95
2026-02-03 17:15:00+01:00,110.53305965833742,124.96
2026-02-03 17:30:00+01:00,121.79305565145309,132.58
2026-02-03 17:45:00+01:00,113.53652391481668,132.6
2026-02-03 18:00:00+01:00,119.98607192223794,125.52
2026-02-03 18:15:00+01:00,115.71244370852732,125.55
2026-02-03 18:30:00+01:00,113.54585793415134,126.89
2026-02-03 18:45:00+01:00,107.68372191127827,127.43
2026-02-03 19:00:00+01:00,109.80692294509123,124.38
2026-02-03 19:15:00+01:00,107.32063967777185,124.35
2026-02-03 19:30:00+01:00,113.06436589135792,123.96
2026-02-03 19:45:00+01:00,113.53677965003233,120.22
2026-02-03 20:00:00+01:00,110.2710272976391,118.72
2026-02-03 20:15:00+01:00,115.79710537809564,115.9
2026-02-03 20:30:00+01:00,105.60305813585333,110.84
2026-02-03 20:45:00+01:00,102.33027449196722,106.14
2026-02-03 21:00:00+01:00,102.62025200569623,108.04
2026-02-03 21:15:00+01:00,102.9737739078004,104.82
2026-02-03 21:30:00+01:00,95.72090458599844,101.87
2026-02-03 21:45:00+01:00,93.34747132898987,98.44
2026-02-03 22:00:00+01:00,86.25163503174113,105.86
2026-02-03 22:15:00+01:00,89.76865167719781,101.46
2026-02-03 22:30:00+01:00,100.39525832751178,100.21
2026-02-03 22:45:00+01:00,95.60435114244405,96.05
2026-02-03 23:00:00+01:00,90.67374469472594,98.12
2026-02-03 23:15:00+01:00,87.56739705644966,97.33
2026-02-03 23:30:00+01:00,90.5847059135352,94.88
2026-02-03 23:45:00+01:00,86.80429572188179,88.92
2026-02-04 00:00:00+01:00,105.71940232265332,96.79
2026-02-04 00:15:00+01:00,101.49356570872844,93.22
2026-02-04 00:30:00+01:00,94.41807099393804,94.59
2026-02-04 00:45:00+01:00,89.59536875824804,95.41
2026-02-04 01:00:00+01:00,97.2169830753838,93.65
2026-02-04 01:15:00+01:00,95.40113801431418,92.79
2026-02-04 01:30:00+01:00,96.52706746358444,92.75
2026-02-04 01:45:00+01:00,94.28882935245467,91.96
2026-02-04 02:00:00+01:00,93.50983161573257,92.71
2026-02-04 02:15:00+01:00,90.79124855581902,91.83
2026-02-04 02:30:00+01:00,95.50702993783965,92.85
2026-02-04 02:45:00+01:00,95.18376758981242,94.46
2026-02-04 03:00:00+01:00,90.02080494629014,94.63
2026-02-04 03:15:00+01:00,92.982910370709,93.53
2026-02-04 03:30:00+01:00,94.13147282008516,95.5
2026-02-04 03:45:00+01:00,94.07584887429755,94.83
2026-02-04 04:00:00+01:00,89.14845003579124,92.53
2026-02-04 04:15:00+01:00,91.72322619015782,92.54
2026-02-04 04:30:00+01:00,91.63369785225508,94.56
2026-02-04 04:45:00+01:00,91.59042729904394,96.2
2026-02-04 05:00:00+01:00,91.63345564281714,92.95
2026-02-04 05:15:00+01:00,90.26012574486244,95.01
2026-02-04 05:30:00+01:00,94.27282425904507,96.98
2026-02-04 05:45:00+01:00,101.56000920605031,101.4
2026-02-04 06:00:00+01:00,91.35129415551442,98.61
2026-02-04 06:15:00+01:00,101.06925131991959,102.56
2026-02-04 06:30:00+01:00,112.30765160703152,108.01
2026-02-04 06:45:00+01:00,118.76371448540024,111.96
2026-02-04 07:00:00+01:00,106.94351973356233,115.02
2026-02-04 07:15:00+01:00,126.06220125108439,120.22
2026-02-04 07:30:00+01:00,143.98954783820975,126.29
2026-02-04 07:45:00+01:00,154.93879769863437,130.21
2026-02-04 08:00:00+01:00,156.85755859295352,133.59
2026-02-04 08:15:00+01:00,153.89970280940489,137.49
2026-02-04 08:30:00+01:00,143.5971900455508,131.01
2026-02-04 08:45:00+01:00,132.721378405587,124.33
2026-02-04 09:00:00+01:00,137.32058765956393,135.94
2026-02-04 09:15:00+01:00,140.1456494272673,123.76
2026-02-04 09:30:00+01:00,135.76936739235182,118.63
2026-02-04 09:45:00+01:00,126.48110226149491,112.36
2026-02-04 10:00:00+01:00,136.60137390365102,119.73
2026-02-04 10:15:00+01:00,119.3078067631435,113.9
2026-02-04 10:30:00+01:00,114.75059667047772,105.54
2026-02-04 10:45:00+01:00,109.15504938806602,100.83
2026-02-04 11:00:00+01:00,116.99827164685682,102.53
2026-02-04 11:15:00+01:00,111.95403695005186,100.29
2026-02-04 11:30:00+01:00,108.59900666327034,96.54
2026-02-04 11:45:00+01:00,103.70225852072421,95.47
2026-02-04 12:00:00+01:00,113.53505953583547,94.67
2026-02-04 12:15:00+01:00,107.50405024651008,92.14
2026-02-04 12:30:00+01:00,106.23450588522492,90.46
2026-02-04 12:45:00+01:00,101.14542492931419,90.39
2026-02-04 13:00:00+01:00,107.35329339629806,91.4
2026-02-04 13:15:00+01:00,104.45880805615741,90.27
2026-02-04 13:30:00+01:00,102.38034287118104,90.4
2026-02-04 13:45:00+01:00,102.81138667643715,93.46
2026-02-04 14:00:00+01:00,99.63779284706892,92.75
2026-02-04 14:15:00+01:00,100.09523775565837,93.56
2026-02-04 14:30:00+01:00,101.24611561467574,95.41
2026-02-04 14:45:00+01:00,105.50261646600235,102.59
2026-02-04 15:00:00+01:00,103.20979518890972,95.24
2026-02-04 15:15:00+01:00,109.95914231832712,100.56
2026-02-04 15:30:00+01:00,109.9056502474642,106.66
2026-02-04 15:45:00+01:00,114.17853987264752,109.04
2026-02-04 16:00:00+01:00,105.6527938302635,105.65
2026-02-04 16:15:00+01:00,113.15116353831016,109.41
2026-02-04 16:30:00+01:00,114.49362362567665,116.85
2026-02-04 16:45:00+01:00,122.81397528764104,124.83
2026-02-04 17:00:00+01:00,120.69825261072111,117.9
2026-02-04 17:15:00+01:00,126.38483359805271,124.13
2026-02-04 17:30:00+01:00,131.11302232997096,128.43
2026-02-04 17:45:00+01:00,131.11963554402988,128.01
2026-02-04 18:00:00+01:00,127.2690615257586,119.38
2026-02-04 18:15:00+01:00,124.57617448693146,117.03
2026-02-04 18:30:00+01:00,126.09983962055179,116.69
2026-02-04 18:45:00+01:00,122.05164110227686,115.06
2026-02-04 19:00:00+01:00,122.15221577410477,116.57
2026-02-04 19:15:00+01:00,118.90305845808436,105.28
2026-02-04 19:30:00+01:00,122.35233444642412,99.98
2026-02-04 19:45:00+01:00,121.20638790014098,96.25
2026-02-04 20:00:00+01:00,116.19780537839543,103.89
2026-02-04 20:15:00+01:00,118.75321199260225,96.23
2026-02-04 20:30:00+01:00,109.88385209555385,93.58
2026-02-04 20:45:00+01:00,108.79076238109415,91.45
2026-02-04 21:00:00+01:00,106.26371032263859,99.22
2026-02-04 21:15:00+01:00,106.2363288971046,95.29
2026-02-04 21:30:00+01:00,100.56042018393251,92.96
2026-02-04 21:45:00+01:00,98.46758883282669,91.54
2026-02-04 22:00:00+01:00,100.66628134598095,98.24
2026-02-04 22:15:00+01:00,95.7846366309069,95.4
2026-02-04 22:30:00+01:00,102.27456114485243,93.71
2026-02-04 22:45:00+01:00,99.00436795231083,87.94
2026-02-04 23:00:00+01:00,97.73074520464043,92.4
2026-02-04 23:15:00+01:00,95.61084822943151,87.98
2026-02-04 23:30:00+01:00,93.20765772230237,85.09
2026-02-04 23:45:00+01:00,88.56580670477878,79.76
2026-02-05 00:00:00+01:00,92.12090706497081,90.11
2026-02-05 00:15:00+01:00,87.3126506785904,90.55
2026-02-05 00:30:00+01:00,86.59359009778616,90.25
2026-02-05 00:45:00+01:00,84.02099042217125,90.3
2026-02-05 01:00:00+01:00,88.44971279722829,89.79
2026-02-05 01:15:00+01:00,85.72716064195518,88.89
2026-02-05 01:30:00+01:00,86.18299178745625,88.61
2026-02-05 01:45:00+01:00,86.42614808486115,86.46
2026-02-05 02:00:00+01:00,85.89087887272066,87.06
2026-02-05 02:15:00+01:00,87.10945653734359,87.12
2026-02-05 02:30:00+01:00,89.37508189944526,88.17
2026-02-05 02:45:00+01:00,89.20606666602696,87.38
2026-02-05 03:00:00+01:00,89.87159437526334,86.59
2026-02-05 03:15:00+01:00,89.64633748856386,88.2
2026-02-05 03:30:00+01:00,90.25653075671602,88.18
2026-02-05 03:45:00+01:00,86.83742733359944,88.21
2026-02-05 04:00:00+01:00,86.65483536997209,87.44
2026-02-05 04:15:00+01:00,87.81341281070054,88.99
2026-02-05 04:30:00+01:00,92.86737345628802,90.17
2026-02-05 04:45:00+01:00,92.09550183650819,91.66
2026-02-05 05:00:00+01:00,92.06778137583706,88.3
2026-02-05 05:15:00+01:00,92.37293822855459,90.56
2026-02-05 05:30:00+01:00,93.46561383044948,92.26
2026-02-05 05:45:00+01:00,97.77895947771935,94.92
2026-02-05 06:00:00+01:00,92.85519041088799,93.33
2026-02-05 06:15:00+01:00,96.58148548276924,104.99
2026-02-05 06:30:00+01:00,106.25691658959934,105.0
2026-02-05 06:45:00+01:00,103.11370015139914,108.06
2026-02-05 07:00:00+01:00,96.99445891006233,103.15
2026-02-05 07:15:00+01:00,109.68963145991673,110.05
2026-02-05 07:30:00+01:00,108.18070908357943,118.63
2026-02-05 07:45:00+01:00,107.430735789938,121.45
2026-02-05 08:00:00+01:00,124.43898216632769,122.62
2026-02-05 08:15:00+01:00,115.80992052748427,125.34
2026-02-05 08:30:00+01:00,118.0627519911478,127.65
2026-02-05 08:45:00+01:00,112.94657020777007,125.85
2026-02-05 09:00:00+01:00,123.63009750508235,127.66
2026-02-05 09:15:00+01:00,116.37045691239743,122.98
2026-02-05 09:30:00+01:00,117.82769918197495,119.63
2026-02-05 09:45:00+01:00,111.56235074956435,115.81
2026-02-05 10:00:00+01:00,121.89303286880399,127.01
2026-02-05 10:15:00+01:00,109.51382693999369,121.37
2026-02-05 10:30:00+01:00,111.6079366852365,115.5
2026-02-05 10:45:00+01:00,109.42417351967892,108.89
2026-02-05 11:00:00+01:00,107.34333040393786,128.26
2026-02-05 11:15:00+01:00,112.17245079157374,121.58
2026-02-05 11:30:00+01:00,111.75999061316553,120.13
2026-02-05 11:45:00+01:00,105.40543290634062,114.3
2026-02-05 12:00:00+01:00,104.71649001178206,110.44
2026-02-05 12:15:00+01:00,105.89926143075573,108.08
2026-02-05 12:30:00+01:00,111.14577733224846,107.56
2026-02-05 12:45:00+01:00,108.57495940159447,106.93
2026-02-05 13:00:00+01:00,106.06683882495149,108.38
2026-02-05 13:15:00+01:00,105.95589571229766,110.0
2026-02-05 13:30:00+01:00,116.52288084468616,110.21
2026-02-05 13:45:00+01:00,118.33060098616497,110.44
2026-02-05 14:00:00+01:00,104.70468972725955,105.28
2026-02-05 14:15:00+01:00,113.09877773311803,108.71
2026-02-05 14:30:00+01:00,117.20653773443449,110.51
2026-02-05 14:45:00+01:00,126.96065881354181,115.91
2026-02-05 15:00:00+01:00,114.32654105649084,107.75
2026-02-05 15:15:00+01:00,131.50473835029732,111.99
2026-02-05 15:30:00+01:00,129.74146371116782,119.87
2026-02-05 15:45:00+01:00,131.9963927317178,128.31
2026-02-05 16:00:00+01:00,125.14521880195369,118.01
2026-02-05 16:15:00+01:00,123.55085800949098,124.01
2026-02-05 16:30:00+01:00,143.56777233227362,130.57
2026-02-05 16:45:00+01:00,148.106837145598,131.41
2026-02-05 17:00:00+01:00,132.89714348986683,127.82
2026-02-05 17:15:00+01:00,144.3878849091516,134.93
2026-02-05 17:30:00+01:00,151.44713429971316,147.94
2026-02-05 17:45:00+01:00,142.7244640336495,151.31
2026-02-05 18:00:00+01:00,149.67780398099273,139.82
2026-02-05 18:15:00+01:00,149.80804964636036,135.23
2026-02-05 18:30:00+01:00,143.27587063768243,137.98
2026-02-05 18:45:00+01:00,142.86269713954002,133.55
2026-02-05 19:00:00+01:00,142.6567471731361,138.04
2026-02-05 19:15:00+01:00,135.47805385424337,133.45
2026-02-05 19:30:00+01:00,133.47973104693293,131.66
2026-02-05 19:45:00+01:00,132.0896065276068,128.48
2026-02-05 20:00:00+01:00,139.78448118263483,131.0
2026-02-05 20:15:00+01:00,125.4622282304072,124.39
2026-02-05 20:30:00+01:00,117.19381808405475,118.14
2026-02-05 20:45:00+01:00,115.53880192151662,109.71
2026-02-05 21:00:00+01:00,117.64036752479689,113.44
2026-02-05 21:15:00+01:00,111.53512956533866,109.22
2026-02-05 21:30:00+01:00,108.57773322419763,106.98
2026-02-05 21:45:00+01:00,99.11334453906811,101.49
2026-02-05 22:00:00+01:00,112.9686904313421,110.95
2026-02-05 22:15:00+01:00,109.33504309137227,106.57
2026-02-05 22:30:00+01:00,107.41234154756476,104.26
2026-02-05 22:45:00+01:00,103.24142408160856,101.74
2026-02-05 23:00:00+01:00,106.16100730770037,107.33
2026-02-05 23:15:00+01:00,103.71322611492539,103.9
2026-02-05 23:30:00+01:00,101.68837123207913,97.52
2026-02-05 23:45:00+01:00,99.61662985465156,91.4
2026-02-06 00:00:00+01:00,103.23722679896036,100.52
2026-02-06 00:15:00+01:00,97.35748771503869,98.45
2026-02-06 00:30:00+01:00,94.25680288152118,98.16
2026-02-06 00:45:00+01:00,95.76295896001403,100.11
2026-02-06 01:00:00+01:00,98.5232200815171,101.13
2026-02-06 01:15:00+01:00,97.01690738310022,99.4
2026-02-06 01:30:00+01:00,96.8513170332254,98.31
2026-02-06 01:45:00+01:00,92.81302067475758,97.67
2026-02-06 02:00:00+01:00,93.92310572911646,98.8
2026-02-06 02:15:00+01:00,91.76205171197292,97.88
2026-02-06 02:30:00+01:00,94.0729580859675,97.27
2026-02-06 02:45:00+01:00,94.52055774132253,98.4
2026-02-06 03:00:00+01:00,93.48034227337799,96.86
2026-02-06 03:15:00+01:00,93.51202614925913,98.74
2026-02-06 03:30:00+01:00,96.40301380814907,98.4
2026-02-06 03:45:00+01:00,94.4552717898697,98.91
2026-02-06 04:00:00+01:00,94.26878587418203,97.26
2026-02-06 04:15:00+01:00,94.55336956676754,98.78
2026-02-06 04:30:00+01:00,94.81901993557086,98.98
2026-02-06 04:45:00+01:00,95.71629654341059,99.95
2026-02-06 05:00:00+01:00,93.45016532283489,99.36
2026-02-06 05:15:00+01:00,97.18067565541186,100.5
2026-02-06 05:30:00+01:00,95.8632909931346,101.32
2026-02-06 05:45:00+01:00,106.10420868160807,108.15
2026-02-06 06:00:00+01:00,97.1307478525105,99.09
2026-02-06 06:15:00+01:00,103.40609119733185,109.67
2026-02-06 06:30:00+01:00,109.5218159942805,116.35
2026-02-06 06:45:00+01:00,129.1695474412503,136.58
2026-02-06 07:00:00+01:00,109.10249909714204,126.87
2026-02-06 07:15:00+01:00,126.16167583852558,136.82
2026-02-06 07:30:00+01:00,137.71822848363672,147.99
2026-02-06 07:45:00+01:00,143.2447171645747,146.17
2026-02-06 08:00:00+01:00,147.06157476323727,138.67
2026-02-06 08:15:00+01:00,149.49987237999397,145.7
2026-02-06 08:30:00+01:00,139.21577258919254,146.6
2026-02-06 08:45:00+01:00,141.66917211317502,147.99
2026-02-06 09:00:00+01:00,144.30339871597926,148.13
2026-02-06 09:15:00+01:00,139.00083335256707,147.99
2026-02-06 09:30:00+01:00,133.77645476382727,141.71
2026-02-06 09:45:00+01:00,127.04548987093627,138.98
2026-02-06 10:00:00+01:00,141.486601030948,148.06
2026-02-06 10:15:00+01:00,133.91767959341178,143.59
2026-02-06 10:30:00+01:00,133.77623794363623,140.04
2026-02-06 10:45:00+01:00,122.05789003461727,136.68
2026-02-06 11:00:00+01:00,130.11591617878167,143.66
2026-02-06 11:15:00+01:00,134.18780023266788,141.19
2026-02-06 11:30:00+01:00,127.36996265932737,137.77
2026-02-06 11:45:00+01:00,115.95167470359914,133.02
2026-02-06 12:00:00+01:00,120.34163724083001,138.8
2026-02-06 12:15:00+01:00,117.37044204366043,135.34
2026-02-06 12:30:00+01:00,118.41882793730754,136.68
2026-02-06 12:45:00+01:00,124.51995919319505,134.02
2026-02-06 13:00:00+01:00,125.98162322233316,137.76
2026-02-06 13:15:00+01:00,131.2771518864558,135.66
2026-02-06 13:30:00+01:00,123.76741909254366,136.96
2026-02-06 13:45:00+01:00,122.97339962415029,133.19
2026-02-06 14:00:00+01:00,115.63767084518757,128.35
2026-02-06 14:15:00+01:00,125.56564929474979,134.05
2026-02-06 14:30:00+01:00,134.563647220555,137.9
2026-02-06 14:45:00+01:00,140.73002211777478,142.37
2026-02-06 15:00:00+01:00,130.24933231575318,132.03
2026-02-06 15:15:00+01:00,127.45080618942242,136.86
2026-02-06 15:30:00+01:00,131.01004042243366,142.29
2026-02-06 15:45:00+01:00,139.00102282280426,146.71
2026-02-06 16:00:00+01:00,138.23683276349817,131.82
2026-02-06 16:15:00+01:00,142.31743083390683,133.74
2026-02-06 16:30:00+01:00,147.41737090561404,135.28
2026-02-06 16:45:00+01:00,153.75728511974162,135.01
2026-02-06 17:00:00+01:00,145.97617624825287,128.16
2026-02-06 17:15:00+01:00,147.5631514386422,136.04
2026-02-06 17:30:00+01:00,147.19952135515877,141.27
2026-02-06 17:45:00+01:00,144.53846812521152,143.28
2026-02-06 18:00:00+01:00,150.07819064716915,140.19
2026-02-06 18:15:00+01:00,143.9960219113048,137.62
2026-02-06 18:30:00+01:00,141.96559171547295,125.95
2026-02-06 18:45:00+01:00,137.31955372391016,125.0
2026-02-06 19:00:00+01:00,147.49794807208397,137.26
2026-02-06 19:15:00+01:00,133.9593068267818,124.73
2026-02-06 19:30:00+01:00,124.06448883717155,125.56
2026-02-06 19:45:00+01:00,117.91518720037348,114.96
2026-02-06 20:00:00+01:00,132.92486510755865,119.51
2026-02-06 20:15:00+01:00,119.64466876417102,110.53
2026-02-06 20:30:00+01:00,112.06216203320787,107.55
2026-02-06 20:45:00+01:00,104.23755394818077,106.34
2026-02-06 21:00:00+01:00,122.9758727238884,114.35
2026-02-06 21:15:00+01:00,108.69405259808937,109.83
2026-02-06 21:30:00+01:00,105.2557366453159,107.01
2026-02-06 21:45:00+01:00,101.41243162557615,104.21
2026-02-06 22:00:00+01:00,114.2540137964438,109.8
2026-02-06 22:15:00+01:00,107.79004448483917,106.06
2026-02-06 22:30:00+01:00,105.4675695418738,105.06
2026-02-06 22:45:00+01:00,100.8115026794843,104.13
2026-02-06 23:00:00+01:00,109.04097135962746,107.05
2026-02-06 23:15:00+01:00,99.14416735912441,103.65
2026-02-06 23:30:00+01:00,101.71523485467492,101.41
2026-02-06 23:45:00+01:00,95.14098000351719,96.84
2026-02-07 00:00:00+01:00,103.08395446335331,104.57
2026-02-07 00:15:00+01:00,99.775460935404,101.03
2026-02-07 00:30:00+01:00,99.84389706038114,100.53
2026-02-07 00:45:00+01:00,95.50767931880813,99.84
2026-02-07 01:00:00+01:00,101.93673892717736,100.25
2026-02-07 01:15:00+01:00,99.5178031271339,98.78
2026-02-07 01:30:00+01:00,99.11222814509716,100.7
2026-02-07 01:45:00+01:00,98.3863081790806,100.27
2026-02-07 02:00:00+01:00,97.72281842400274,100.17
2026-02-07 02:15:00+01:00,98.19374020403947,99.41
2026-02-07 02:30:00+01:00,97.5939659262138,96.89
2026-02-07 02:45:00+01:00,97.25260655376583,95.7
2026-02-07 03:00:00+01:00,97.57533005786101,98.28
2026-02-07 03:15:00+01:00,97.30974385729422,96.5
2026-02-07 03:30:00+01:00,92.69767674261693,97.31
2026-02-07 03:45:00+01:00,91.12547565098701,95.45
2026-02-07 04:00:00+01:00,94.3354629363476,95.86
2026-02-07 04:15:00+01:00,91.73329816005176,96.58
2026-02-07 04:30:00+01:00,91.16175536105959,96.8
2026-02-07 04:45:00+01:00,89.83884382735828,96.34
2026-02-07 05:00:00+01:00,93.30619338091228,94.57
2026-02-07 05:15:00+01:00,90.7827127046409,96.34
2026-02-07 05:30:00+01:00,93.30560056267848,96.74
2026-02-07 05:45:00+01:00,86.28687375761923,99.25
2026-02-07 06:00:00+01:00,97.25279041787947,90.06
2026-02-07 06:15:00+01:00,89.19874309309631,95.97
2026-02-07 06:30:00+01:00,92.46332640585364,98.97
2026-02-07 06:45:00+01:00,92.67468734755815,103.38
2026-02-07 07:00:00+01:00,96.8525888912295,100.28
2026-02-07 07:15:00+01:00,91.95182666048949,102.39
2026-02-07 07:30:00+01:00,85.97862849162402,107.13
2026-02-07 07:45:00+01:00,90.43330395976788,112.39
2026-02-07 08:00:00+01:00,98.17245290379336,108.15
2026-02-07 08:15:00+01:00,99.17005992523656,113.61
2026-02-07 08:30:00+01:00,103.95440309804069,116.99
2026-02-07 08:45:00+01:00,107.50211226422114,117.57
2026-02-07 09:00:00+01:00,107.80018094883621,125.0
2026-02-07 09:15:00+01:00,105.81132758622546,119.51
2026-02-07 09:30:00+01:00,109.89690236973557,117.06
2026-02-07 09:45:00+01:00,109.08202652726087,110.33
2026-02-07 10:00:00+01:00,108.7293021603198,117.03
2026-02-07 10:15:00+01:00,111.86801175720687,109.37
2026-02-07 10:30:00+01:00,109.0927670567519,107.78
2026-02-07 10:45:00+01:00,103.75442548719646,106.07
2026-02-07 11:00:00+01:00,112.04726207428588,106.89
2026-02-07 11:15:00+01:00,109.31720445279474,105.84
2026-02-07 11:30:00+01:00,106.15565256228116,103.76
2026-02-07 11:45:00+01:00,100.66125543028856,101.64
2026-02-07 12:00:00+01:00,109.40522097270103,103.69
2026-02-07 12:15:00+01:00,102.24005724895675,101.15
2026-02-07 12:30:00+01:00,102.80557343162371,98.1
2026-02-07 12:45:00+01:00,99.12637388244535,97.53
2026-02-07 13:00:00+01:00,103.61645031445579,97.92
2026-02-07 13:15:00+01:00,103.32398906656555,97.32
2026-02-07 13:30:00+01:00,101.51368944966801,96.89
2026-02-07 13:45:00+01:00,98.85999987069201,97.42
2026-02-07 14:00:00+01:00,99.97286217973252,96.46
2026-02-07 14:15:00+01:00,98.60465241720686,97.68
2026-02-07 14:30:00+01:00,102.02604534496831,101.43
2026-02-07 14:45:00+01:00,106.08406119874651,104.14
2026-02-07 15:00:00+01:00,99.69847707639248,101.41
2026-02-07 15:15:00+01:00,104.68001703339405,103.59
2026-02-07 15:30:00+01:00,105.88903715555988,108.77
2026-02-07 15:45:00+01:00,110.71108786731298,111.56
2026-02-07 16:00:00+01:00,95.73024387440468,108.08
2026-02-07 16:15:00+01:00,102.02754957715432,116.82
2026-02-07 16:30:00+01:00,111.42616063611055,124.21
2026-02-07 16:45:00+01:00,117.69828861898702,132.05
2026-02-07 17:00:00+01:00,118.56062176818575,127.43
2026-02-07 17:15:00+01:00,125.7476077608254,131.08
2026-02-07 17:30:00+01:00,129.63718741560706,137.11
2026-02-07 17:45:00+01:00,131.99675321275137,140.53
2026-02-07 18:00:00+01:00,124.21268349696413,137.98
2026-02-07 18:15:00+01:00,125.2088341698604,136.38
2026-02-07 18:30:00+01:00,125.12431148150105,134.22
2026-02-07 18:45:00+01:00,125.37403043593491,132.75
2026-02-07 19:00:00+01:00,123.95874692217981,131.43
2026-02-07 19:15:00+01:00,120.63182814946167,132.13
2026-02-07 19:30:00+01:00,123.60261424958502,126.72
2026-02-07 19:45:00+01:00,118.58103227034564,119.71
2026-02-07 20:00:00+01:00,119.06007569662616,125.25
2026-02-07 20:15:00+01:00,119.95498311416047,115.47
2026-02-07 20:30:00+01:00,115.67639449981777,108.07
2026-02-07 20:45:00+01:00,108.84306384132591,104.79
2026-02-07 21:00:00+01:00,105.61048091095809,109.19
2026-02-07 21:15:00+01:00,106.10648569782384,105.36
2026-02-07 21:30:00+01:00,103.89060054630234,102.94
2026-02-07 21:45:00+01:00,100.67545663393562,100.07
2026-02-07 22:00:00+01:00,107.79039882515673,107.6
2026-02-07 22:15:00+01:00,97.71760922942909,105.41
2026-02-07 22:30:00+01:00,101.93829981485105,103.25
2026-02-07 22:45:00+01:00,102.45764906826311,100.03
2026-02-07 23:00:00+01:00,98.60039188984119,105.96
2026-02-07 23:15:00+01:00,103.07577558038774,101.17
2026-02-07 23:30:00+01:00,100.89585532243544,96.11
2026-02-07 23:45:00+01:00,96.57614432910522,91.8
2026-02-08 00:00:00+01:00,102.64606406009581,110.04
2026-02-08 00:15:00+01:00,98.56048232372363,101.13
2026-02-08 00:30:00+01:00,97.70260284511693,99.99
2026-02-08 00:45:00+01:00,96.2652292727815,96.98
2026-02-08 01:00:00+01:00,101.82626229566077,101.51
2026-02-08 01:15:00+01:00,98.90917787386732,101.37
2026-02-08 01:30:00+01:00,98.59075725714771,97.1
2026-02-08 01:45:00+01:00,95.59278741929509,96.2
2026-02-08 02:00:00+01:00,97.08131000337782,99.9
2026-02-08 02:15:00+01:00,93.50514742376483,97.49
2026-02-08 02:30:00+01:00,97.18830075847926,96.63
2026-02-08 02:45:00+01:00,95.71425242258888,96.25
2026-02-08 03:00:00+01:00,96.49623612593163,97.43
2026-02-08 03:15:00+01:00,95.30711871748288,96.7
2026-02-08 03:30:00+01:00,96.26253157350746,95.64
2026-02-08 03:45:00+01:00,95.48938455911217,95.93
2026-02-08 04:00:00+01:00,95.14739788196076,94.9
2026-02-08 04:15:00+01:00,94.92699658755711,94.5
2026-02-08 04:30:00+01:00,94.34952014454433,95.05
2026-02-08 04:45:00+01:00,93.1023586195182,94.99
2026-02-08 05:00:00+01:00,92.43192706859335,95.59
2026-02-08 05:15:00+01:00,92.70629521492725,95.41
2026-02-08 05:30:00+01:00,92.93494873380216,95.49
2026-02-08 05:45:00+01:00,97.2234494476564,96.51
2026-02-08 06:00:00+01:00,95.46449564004507,90.28
2026-02-08 06:15:00+01:00,93.37894940727395,92.8
2026-02-08 06:30:00+01:00,97.96203026512033,96.45
2026-02-08 06:45:00+01:00,98.44211207052037,100.47
2026-02-08 07:00:00+01:00,98.14825472398249,91.09
2026-02-08 07:15:00+01:00,101.13035175292629,94.71
2026-02-08 07:30:00+01:00,98.76336349238176,96.3
2026-02-08 07:45:00+01:00,102.96686817748832,101.12
2026-02-08 08:00:00+01:00,105.21916272297676,96.05
2026-02-08 08:15:00+01:00,102.44634307928649,101.24
2026-02-08 08:30:00+01:00,107.33332133290283,101.57
2026-02-08 08:45:00+01:00,106.815167390367,102.53
2026-02-08 09:00:00+01:00,114.91469240762574,101.92
2026-02-08 09:15:00+01:00,110.25492050007553,102.84
2026-02-08 09:30:00+01:00,110.24455987247865,102.36
2026-02-08 09:45:00+01:00,108.14550485790716,100.83
2026-02-08 10:00:00+01:00,115.81915420562221,104.37
2026-02-08 10:15:00+01:00,112.96326496486107,103.81
2026-02-08 10:30:00+01:00,108.9808242524955,101.62
2026-02-08 10:45:00+01:00,106.9279546990002,100.78
2026-02-08 11:00:00+01:00,111.66743559816342,102.14
2026-02-08 11:15:00+01:00,107.94503954808137,100.85
2026-02-08 11:30:00+01:00,108.10051608272227,98.64
2026-02-08 11:45:00+01:00,107.57657507664534,96.77
2026-02-08 12:00:00+01:00,110.47724961698678,97.86
2026-02-08 12:15:00+01:00,105.39187138595695,96.77
2026-02-08 12:30:00+01:00,106.42350648994912,96.97
2026-02-08 12:45:00+01:00,104.91322896745568,94.69
2026-02-08 13:00:00+01:00,102.64600019315351,95.1
2026-02-08 13:15:00+01:00,101.64560541510251,94.01
2026-02-08 13:30:00+01:00,103.22586949575981,96.26
2026-02-08 13:45:00+01:00,102.62221362479941,96.43
2026-02-08 14:00:00+01:00,101.46992277700545,94.09
2026-02-08 14:15:00+01:00,103.07933261793731,96.62
2026-02-08 14:30:00+01:00,104.76131458531904,97.71
2026-02-08 14:45:00+01:00,113.44988958182141,100.46
2026-02-08 15:00:00+01:00,98.12097989424194,98.03
2026-02-08 15:15:00+01:00,111.90924860671751,100.52
2026-02-08 15:30:00+01:00,115.85878759322091,104.32
2026-02-08 15:45:00+01:00,120.91194606539898,110.42
2026-02-08 16:00:00+01:00,108.92795985110972,100.84
2026-02-08 16:15:00+01:00,118.98255122049568,107.64
2026-02-08 16:30:00+01:00,123.5342745614868,115.03
2026-02-08 16:45:00+01:00,128.2118798289323,123.63
2026-02-08 17:00:00+01:00,127.64081066012228,119.54
2026-02-08 17:15:00+01:00,130.21186360015724,125.98
2026-02-08 17:30:00+01:00,133.80285827206464,131.0
2026-02-08 17:45:00+01:00,137.74947448825978,134.01
2026-02-08 18:00:00+01:00,135.06573483222616,129.79
2026-02-08 18:15:00+01:00,137.99065276195176,132.89
2026-02-08 18:30:00+01:00,135.53437418406693,132.55
2026-02-08 18:45:00+01:00,134.05768744684207,129.84
2026-02-08 19:00:00+01:00,138.2039781102912,132.96
2026-02-08 19:15:00+01:00,135.31461853053358,129.56
2026-02-08 19:30:00+01:00,128.06595822460426,125.09
2026-02-08 19:45:00+01:00,125.25308437515058,120.02
2026-02-08 20:00:00+01:00,129.78778896129958,122.86
2026-02-08 20:15:00+01:00,122.45796549551375,114.26
2026-02-08 20:30:00+01:00,120.11617602609175,109.93
2026-02-08 20:45:00+01:00,110.33564814416218,106.08
2026-02-08 21:00:00+01:00,115.4379669934164,110.84
2026-02-08 21:15:00+01:00,112.30727494754566,109.25
2026-02-08 21:30:00+01:00,110.29301958573534,106.93
2026-02-08 21:45:00+01:00,105.64369343549359,103.49
2026-02-08 22:00:00+01:00,116.80414253839992,108.08
2026-02-08 22:15:00+01:00,108.24254989813699,106.56
2026-02-08 22:30:00+01:00,104.46634313756755,104.14
2026-02-08 22:45:00+01:00,103.45000712778103,101.78
2026-02-08 23:00:00+01:00,108.94738471541652,103.42
2026-02-08 23:15:00+01:00,105.3797205741879,101.71
2026-02-08 23:30:00+01:00,99.21239286542529,100.28
2026-02-08 23:45:00+01:00,97.58557470884443,94.52
2026-02-09 00:00:00+01:00,102.15702313931936,99.98
2026-02-09 00:15:00+01:00,97.22274916558648,97.44
2026-02-09 00:30:00+01:00,100.07460748246584,95.51
2026-02-09 00:45:00+01:00,100.40342103385875,94.05
2026-02-09 01:00:00+01:00,99.32632032189335,97.68
2026-02-09 01:15:00+01:00,99.99782851642068,95.58
2026-02-09 01:30:00+01:00,99.63655514152765,94.9
2026-02-09 01:45:00+01:00,99.15495392462579,93.65
2026-02-09 02:00:00+01:00,99.48301212855986,95.32
2026-02-09 02:15:00+01:00,97.5681626906067,95.17
2026-02-09 02:30:00+01:00,99.11445102364515,96.54
2026-02-09 02:45:00+01:00,98.7699530649848,95.78
2026-02-09 03:00:00+01:00,97.31850134253915,95.71
2026-02-09 03:15:00+01:00,99.29949544724357,94.67
2026-02-09 03:30:00+01:00,98.3203236330312,95.34
2026-02-09 03:45:00+01:00,98.5397414642731,96.15
2026-02-09 04:00:00+01:00,97.36938134506036,93.42
2026-02-09 04:15:00+01:00,98.63649312793295,95.12
2026-02-09 04:30:00+01:00,98.44612241163603,96.81
2026-02-09 04:45:00+01:00,100.05744062367306,100.91
2026-02-09 05:00:00+01:00,98.16480215986049,95.7
2026-02-09 05:15:00+01:00,98.21294492918172,100.99
2026-02-09 05:30:00+01:00,101.79736720226897,105.65
2026-02-09 05:45:00+01:00,108.54632851468699,116.6
2026-02-09 06:00:00+01:00,99.38428671015546,105.0
2026-02-09 06:15:00+01:00,115.89302544815807,121.37
2026-02-09 06:30:00+01:00,131.41070830611488,136.18
2026-02-09 06:45:00+01:00,140.04990789228447,166.39
2026-02-09 07:00:00+01:00,138.78621289021342,137.14
2026-02-09 07:15:00+01:00,155.40376371411853,159.03
2026-02-09 07:30:00+01:00,165.04499935102004,168.26
2026-02-09 07:45:00+01:00,172.661779503789,169.95
2026-02-09 08:00:00+01:00,173.60834717823815,170.29
2026-02-09 08:15:00+01:00,178.40905456841574,188.94
2026-02-09 08:30:00+01:00,165.45674243083394,185.46
2026-02-09 08:45:00+01:00,175.936559784943,186.15
2026-02-09 09:00:00+01:00,193.21111180099953,183.9
2026-02-09 09:15:00+01:00,168.68615738928767,174.8
2026-02-09 09:30:00+01:00,154.5422572418417,160.07
2026-02-09 09:45:00+01:00,148.39497794388893,158.06
2026-02-09 10:00:00+01:00,159.32003290588096,166.23
2026-02-09 10:15:00+01:00,158.07005890814838,164.12
2026-02-09 10:30:00+01:00,128.9267173425067,153.99
2026-02-09 10:45:00+01:00,128.44937805066667,144.82
2026-02-09 11:00:00+01:00,145.9634263074301,151.01
2026-02-09 11:15:00+01:00,132.70922215644828,146.46
2026-02-09 11:30:00+01:00,132.72381982776076,142.9
2026-02-09 11:45:00+01:00,131.90125996272945,137.15
2026-02-09 12:00:00+01:00,130.58607771401472,143.19
2026-02-09 12:15:00+01:00,124.12109107872443,138.08
2026-02-09 12:30:00+01:00,124.2464696161154,135.18
2026-02-09 12:45:00+01:00,124.27967005351674,131.84
2026-02-09 13:00:00+01:00,122.10554390152464,136.23
2026-02-09 13:15:00+01:00,120.2590663000054,137.59
2026-02-09 13:30:00+01:00,122.57935337919736,134.26
2026-02-09 13:45:00+01:00,131.7614923273192,132.02
2026-02-09 14:00:00+01:00,125.58851661643084,123.66
2026-02-09 14:15:00+01:00,126.07200793487107,133.63
2026-02-09 14:30:00+01:00,145.99721967628815,142.14
2026-02-09 14:45:00+01:00,148.8693720455837,151.2
2026-02-09 15:00:00+01:00,134.55579772805535,128.85
2026-02-09 15:15:00+01:00,151.99131520888812,138.68
2026-02-09 15:30:00+01:00,154.5820503301236,157.78
2026-02-09 15:45:00+01:00,169.7148624443072,171.0
2026-02-09 16:00:00+01:00,154.0531242505835,141.73
2026-02-09 16:15:00+01:00,161.1596010652795,160.39
2026-02-09 16:30:00+01:00,181.87548530257394,183.82
2026-02-09 16:45:00+01:00,178.94217210163916,189.99
2026-02-09 17:00:00+01:00,157.04578873342848,186.86
2026-02-09 17:15:00+01:00,165.3443902141751,233.57
2026-02-09 17:30:00+01:00,169.204503074287,244.77
2026-02-09 17:45:00+01:00,161.41418864779644,243.65
2026-02-09 18:00:00+01:00,169.92491852984404,196.61
2026-02-09 18:15:00+01:00,153.17991438739926,186.03
2026-02-09 18:30:00+01:00,149.8605900667439,171.0
2026-02-09 18:45:00+01:00,149.2837779116979,175.26
2026-02-09 19:00:00+01:00,157.1223226617938,187.92
2026-02-09 19:15:00+01:00,158.54029215837437,170.54
2026-02-09 19:30:00+01:00,139.55778582031513,160.74
2026-02-09 19:45:00+01:00,128.10444331260535,144.04
2026-02-09 20:00:00+01:00,144.34539841153148,162.88
2026-02-09 20:15:00+01:00,133.4078453928605,148.31
2026-02-09 20:30:00+01:00,123.21435880797426,139.51
2026-02-09 20:45:00+01:00,113.54307164088947,125.81
2026-02-09 21:00:00+01:00,125.63766045967549,146.31
2026-02-09 21:15:00+01:00,117.29552200739694,142.66
2026-02-09 21:30:00+01:00,110.25895943278937,131.05
2026-02-09 21:45:00+01:00,103.74880612481772,118.38
2026-02-09 22:00:00+01:00,109.95243136247629,130.45
2026-02-09 22:15:00+01:00,110.26755378479011,124.32
2026-02-09 22:30:00+01:00,107.10637881019531,123.09
2026-02-09 22:45:00+01:00,106.54730433217036,113.72
2026-02-09 23:00:00+01:00,109.7526143916705,117.03
2026-02-09 23:15:00+01:00,104.1362115394801,109.09
2026-02-09 23:30:00+01:00,103.4772378625473,107.19
2026-02-09 23:45:00+01:00,95.47087033403146,102.38
2026-02-10 00:00:00+01:00,107.34515589216657,106.37
2026-02-10 00:15:00+01:00,101.74618492356653,104.65
2026-02-10 00:30:00+01:00,102.13856732288309,103.98
2026-02-10 00:45:00+01:00,100.23838175380132,103.57
2026-02-10 01:00:00+01:00,105.02155917709801,105.03
2026-02-10 01:15:00+01:00,100.88574599395756,104.03
2026-02-10 01:30:00+01:00,102.03001331048559,103.04
2026-02-10 01:45:00+01:00,100.45742730104956,102.88
2026-02-10 02:00:00+01:00,103.10490212380124,103.21
2026-02-10 02:15:00+01:00,102.99428286441903,102.54
2026-02-10 02:30:00+01:00,99.97629415877115,102.51
2026-02-10 02:45:00+01:00,101.27730485010898,102.73
2026-02-10 03:00:00+01:00,100.88244299719955,102.83
2026-02-10 03:15:00+01:00,100.36072571738782,102.58
2026-02-10 03:30:00+01:00,100.56991107174491,102.23
2026-02-10 03:45:00+01:00,98.71923990252951,102.1
2026-02-10 04:00:00+01:00,99.44443329688305,102.02
2026-02-10 04:15:00+01:00,101.70707584055593,100.7
2026-02-10 04:30:00+01:00,102.05841086556468,102.95
2026-02-10 04:45:00+01:00,102.70181628483712,104.07
2026-02-10 05:00:00+01:00,102.4836077698285,103.59
2026-02-10 05:15:00+01:00,101.94591481157775,103.2
2026-02-10 05:30:00+01:00,103.27245011513973,104.81
2026-02-10 05:45:00+01:00,104.10351912334225,110.11
2026-02-10 06:00:00+01:00,105.24917120328416,102.5
2026-02-10 06:15:00+01:00,105.60252667373081,112.26
2026-02-10 06:30:00+01:00,112.95297896926756,124.49
2026-02-10 06:45:00+01:00,132.24868308056955,140.42
2026-02-10 07:00:00+01:00,128.12003414011383,122.95
2026-02-10 07:15:00+01:00,126.6150847261051,130.57
2026-02-10 07:30:00+01:00,143.6935547043299,141.2
2026-02-10 07:45:00+01:00,151.54077567413998,144.84
2026-02-10 08:00:00+01:00,169.6587515047849,146.49
2026-02-10 08:15:00+01:00,169.68204003835615,150.1
2026-02-10 08:30:00+01:00,138.79871991816415,141.92
2026-02-10 08:45:00+01:00,134.6921233757704,136.8
2026-02-10 09:00:00+01:00,135.97119393820137,141.6
2026-02-10 09:15:00+01:00,137.43948265013196,135.57
2026-02-10 09:30:00+01:00,130.07665779978365,129.51
2026-02-10 09:45:00+01:00,112.32056767848869,121.65
2026-02-10 10:00:00+01:00,137.51407464216382,141.67
2026-02-10 10:15:00+01:00,120.50902556676778,131.0
2026-02-10 10:30:00+01:00,114.98359928044536,126.16
2026-02-10 10:45:00+01:00,110.01599218901782,117.52
2026-02-10 11:00:00+01:00,119.50061116312838,129.96
2026-02-10 11:15:00+01:00,110.03620282844524,124.03
2026-02-10 11:30:00+01:00,109.85758226825898,115.04
2026-02-10 11:45:00+01:00,107.88201008207541,108.74
2026-02-10 12:00:00+01:00,106.8446474097362,112.55
2026-02-10 12:15:00+01:00,108.51008487106375,107.28
2026-02-10 12:30:00+01:00,111.43622481915183,109.13
2026-02-10 12:45:00+01:00,110.0675478906171,107.93
2026-02-10 13:00:00+01:00,110.35392919335217,110.26
2026-02-10 13:15:00+01:00,111.90971854787846,107.42
2026-02-10 13:30:00+01:00,112.12634617841655,109.36
2026-02-10 13:45:00+01:00,115.85998040134218,110.84
2026-02-10 14:00:00+01:00,107.50370294387875,108.79
2026-02-10 14:15:00+01:00,125.33624398212228,112.4
2026-02-10 14:30:00+01:00,125.90607699160877,119.12
2026-02-10 14:45:00+01:00,134.1685816268538,124.58
2026-02-10 15:00:00+01:00,120.55265888644722,118.74
2026-02-10 15:15:00+01:00,127.49329212893446,122.28
2026-02-10 15:30:00+01:00,135.12180578679195,134.65
2026-02-10 15:45:00+01:00,139.5394689756851,136.79
2026-02-10 16:00:00+01:00,131.05784431291136,120.09
2026-02-10 16:15:00+01:00,136.57123565526408,127.42
2026-02-10 16:30:00+01:00,132.19496225328783,126.16
2026-02-10 16:45:00+01:00,138.99370182271377,136.98
2026-02-10 17:00:00+01:00,132.30584488447357,130.45
2026-02-10 17:15:00+01:00,136.9639449568376,131.01
2026-02-10 17:30:00+01:00,142.92819107262306,138.89
2026-02-10 17:45:00+01:00,143.50430031509353,140.62
2026-02-10 18:00:00+01:00,142.68333184622054,141.29
2026-02-10 18:15:00+01:00,137.63875132085224,135.94
2026-02-10 18:30:00+01:00,135.38756468293164,129.53
2026-02-10 18:45:00+01:00,134.73755242977631,120.09
2026-02-10 19:00:00+01:00,138.60755724921356,130.44
2026-02-10 19:15:00+01:00,133.67531389486544,124.28
2026-02-10 19:30:00+01:00,134.8778565750186,118.48
2026-02-10 19:45:00+01:00,130.84776742373555,108.11
2026-02-10 20:00:00+01:00,127.9692842945972,122.78
2026-02-10 20:15:00+01:00,130.012362281234,112.57
2026-02-10 20:30:00+01:00,118.60581918633385,105.28
2026-02-10 20:45:00+01:00,109.571279474231,104.38
2026-02-10 21:00:00+01:00,127.77121639893625,110.52
2026-02-10 21:15:00+01:00,119.19182493113652,107.38
2026-02-10 21:30:00+01:00,106.15138788509657,106.56
2026-02-10 21:45:00+01:00,104.48998063924672,104.17
2026-02-10 22:00:00+01:00,114.28147172674076,109.33
2026-02-10 22:15:00+01:00,110.19833090222852,107.91
2026-02-10 22:30:00+01:00,110.60638850640936,106.32
2026-02-10 22:45:00+01:00,103.65050849876101,103.2
2026-02-10 23:00:00+01:00,111.84239783429359,106.03
2026-02-10 23:15:00+01:00,101.10202208800054,103.42
2026-02-10 23:30:00+01:00,101.39059034714936,99.4
2026-02-10 23:45:00+01:00,92.95417790567129,93.26
2026-02-11 00:00:00+01:00,107.9656231099496,96.96
2026-02-11 00:15:00+01:00,101.00283251683936,97.18
2026-02-11 00:30:00+01:00,100.02966586800814,97.03
2026-02-11 00:45:00+01:00,99.98596794915794,95.96
2026-02-11 01:00:00+01:00,99.49957258761391,97.12
2026-02-11 01:15:00+01:00,97.83108207930583,96.99
2026-02-11 01:30:00+01:00,97.25787581521156,96.7
2026-02-11 01:45:00+01:00,97.8822492669504,95.71
2026-02-11 02:00:00+01:00,101.98929353528679,96.84
2026-02-11 02:15:00+01:00,99.55666271915804,95.37
2026-02-11 02:30:00+01:00,99.0270020551441,95.1
2026-02-11 02:45:00+01:00,94.76770886909131,95.11
2026-02-11 03:00:00+01:00,96.08897177207521,94.87
2026-02-11 03:15:00+01:00,94.51786907208384,94.87
2026-02-11 03:30:00+01:00,95.09023438815194,94.87
2026-02-11 03:45:00+01:00,94.682997330852,94.11
2026-02-11 04:00:00+01:00,95.56992376487966,94.87
2026-02-11 04:15:00+01:00,95.19921450413199,94.77
2026-02-11 04:30:00+01:00,96.66881166001922,94.87
2026-02-11 04:45:00+01:00,98.34283452215446,94.87
2026-02-11 05:00:00+01:00,93.8319100106314,94.83
2026-02-11 05:15:00+01:00,95.311863300983,96.05
2026-02-11 05:30:00+01:00,98.66825081258442,100.65
2026-02-11 05:45:00+01:00,106.67534581017142,105.04
2026-02-11 06:00:00+01:00,92.43956540794935,98.4
2026-02-11 06:15:00+01:00,102.14763272537748,106.74
2026-02-11 06:30:00+01:00,107.7816687191796,112.91
2026-02-11 06:45:00+01:00,120.20693801970143,123.86
2026-02-11 07:00:00+01:00,118.44143195529719,113.26
2026-02-11 07:15:00+01:00,123.11967285490833,130.5
2026-02-11 07:30:00+01:00,139.80313813475485,136.21
2026-02-11 07:45:00+01:00,141.4563062694045,136.03
2026-02-11 08:00:00+01:00,134.37395754272202,134.48
2026-02-11 08:15:00+01:00,138.91807516633713,136.9
2026-02-11 08:30:00+01:00,138.46633375421945,141.0
2026-02-11 08:45:00+01:00,135.78556429716838,135.89
2026-02-11 09:00:00+01:00,143.7185337952584,134.36
2026-02-11 09:15:00+01:00,127.1775938425651,132.83
2026-02-11 09:30:00+01:00,126.91270197582286,131.64
2026-02-11 09:45:00+01:00,117.13468430219488,126.92
2026-02-11 10:00:00+01:00,135.1860142725451,131.0
2026-02-11 10:15:00+01:00,126.75368860804109,128.93
2026-02-11 10:30:00+01:00,123.0901525167782,125.52
2026-02-11 10:45:00+01:00,113.92695025073145,124.55
2026-02-11 11:00:00+01:00,128.7544828912557,131.42
2026-02-11 11:15:00+01:00,120.91757151418213,130.61
2026-02-11 11:30:00+01:00,120.3300341047827,123.17
2026-02-11 11:45:00+01:00,123.06776943795788,118.56
2026-02-11 12:00:00+01:00,122.12605169986568,119.87
2026-02-11 12:15:00+01:00,109.73037690113529,116.05
2026-02-11 12:30:00+01:00,110.95050749616306,113.82
2026-02-11 12:45:00+01:00,114.56829927966115,113.71
2026-02-11 13:00:00+01:00,118.78301436871686,119.17
2026-02-11 13:15:00+01:00,118.57904952533062,118.05
2026-02-11 13:30:00+01:00,121.99229931720792,116.01
2026-02-11 13:45:00+01:00,119.81101848405555,113.57
2026-02-11 14:00:00+01:00,122.80172055039145,114.28
2026-02-11 14:15:00+01:00,124.0191701580733,116.5
2026-02-11 14:30:00+01:00,120.9751821203674,117.14
2026-02-11 14:45:00+01:00,119.96912635695233,118.88
2026-02-11 15:00:00+01:00,111.3180305188419,116.37
2026-02-11 15:15:00+01:00,114.57878671291081,116.34
2026-02-11 15:30:00+01:00,117.0887486667756,119.0
2026-02-11 15:45:00+01:00,115.3738081107297,121.03
2026-02-11 16:00:00+01:00,110.20631874785107,117.25
2026-02-11 16:15:00+01:00,114.8998308459349,118.26
2026-02-11 16:30:00+01:00,122.66118722607146,121.99
2026-02-11 16:45:00+01:00,126.91351767874993,131.76
2026-02-11 17:00:00+01:00,123.22554256190097,119.71
2026-02-11 17:15:00+01:00,127.19034891987695,129.83
2026-02-11 17:30:00+01:00,132.44616162669107,130.14
2026-02-11 17:45:00+01:00,134.54819896050256,131.92
2026-02-11 18:00:00+01:00,132.10815670371318,131.01
2026-02-11 18:15:00+01:00,124.22363110357732,128.06
2026-02-11 18:30:00+01:00,130.01965931131264,123.4
2026-02-11 18:45:00+01:00,119.87743355620185,119.39
2026-02-11 19:00:00+01:00,121.82602658611692,122.96
2026-02-11 19:15:00+01:00,120.98874417566098,111.77
2026-02-11 19:30:00+01:00,113.95449142557962,107.41
2026-02-11 19:45:00+01:00,113.2343098141101,105.94
2026-02-11 20:00:00+01:00,115.58182115666719,109.17
2026-02-11 20:15:00+01:00,110.58145104415428,106.36
2026-02-11 20:30:00+01:00,107.68855807760482,103.59
2026-02-11 20:45:00+01:00,103.44725278084022,100.59
2026-02-11 21:00:00+01:00,108.65966060254597,107.41
2026-02-11 21:15:00+01:00,104.81429910140149,106.93
2026-02-11 21:30:00+01:00,102.40139143632798,104.67
2026-02-11 21:45:00+01:00,97.2309995558456,98.51
2026-02-11 22:00:00+01:00,114.60189587340955,106.11
2026-02-11 22:15:00+01:00,100.98666306873814,103.51
2026-02-11 22:30:00+01:00,100.4381023811076,99.99
2026-02-11 22:45:00+01:00,96.69424006127697,98.38
2026-02-11 23:00:00+01:00,104.33228023450266,102.31
2026-02-11 23:15:00+01:00,101.45580429490926,96.33
2026-02-11 23:30:00+01:00,92.14777704607903,93.89
2026-02-11 23:45:00+01:00,83.65653125148911,88.7
2026-02-12 00:00:00+01:00,99.028344480763,90.02
2026-02-12 00:15:00+01:00,96.05204703602728,87.4
2026-02-12 00:30:00+01:00,95.2505469927754,89.11
2026-02-12 00:45:00+01:00,95.26962640809856,86.24
2026-02-12 01:00:00+01:00,96.30532642281605,88.07
2026-02-12 01:15:00+01:00,95.6217503215777,86.55
2026-02-12 01:30:00+01:00,96.66934393834102,87.6
2026-02-12 01:45:00+01:00,95.27364058160644,88.1
2026-02-12 02:00:00+01:00,92.0419203915865,86.94
2026-02-12 02:15:00+01:00,92.95614659711752,87.45
2026-02-12 02:30:00+01:00,96.43341396695467,85.77
2026-02-12 02:45:00+01:00,95.22306427308637,84.65
2026-02-12 03:00:00+01:00,92.68743677078027,85.03
2026-02-12 03:15:00+01:00,94.0204095564716,83.76
2026-02-12 03:30:00+01:00,94.5547131386029,84.93
2026-02-12 03:45:00+01:00,94.76862592007711,85.85
2026-02-12 04:00:00+01:00,91.25234754074333,85.07
2026-02-12 04:15:00+01:00,92.63242727654293,85.7
2026-02-12 04:30:00+01:00,93.2398151518108,86.09
2026-02-12 04:45:00+01:00,92.88547238703077,87.19
2026-02-12 05:00:00+01:00,93.2022825422476,86.65
2026-02-12 05:15:00+01:00,93.46796151746852,87.2
2026-02-12 05:30:00+01:00,94.55641041823972,90.49
2026-02-12 05:45:00+01:00,96.86507596472906,93.38
2026-02-12 06:00:00+01:00,96.46112149379779,90.7
2026-02-12 06:15:00+01:00,101.5597454319172,97.29
2026-02-12 06:30:00+01:00,107.23016950384532,103.96
2026-02-12 06:45:00+01:00,111.93998304352955,107.5
2026-02-12 07:00:00+01:00,110.26473119610975,103.1
2026-02-12 07:15:00+01:00,116.17390838450336,115.0
2026-02-12 07:30:00+01:00,124.56216588983493,121.04
2026-02-12 07:45:00+01:00,128.68192518138213,124.89
2026-02-12 08:00:00+01:00,124.15976440657761,122.67
2026-02-12 08:15:00+01:00,128.76393582730114,123.92
2026-02-12 08:30:00+01:00,129.58281253367466,123.68
2026-02-12 08:45:00+01:00,124.9216842004831,122.02
2026-02-12 09:00:00+01:00,122.2265471676741,129.67
2026-02-12 09:15:00+01:00,127.10133796297812,123.03
2026-02-12 09:30:00+01:00,119.75561685880835,117.45
2026-02-12 09:45:00+01:00,115.19511406040192,114.67
2026-02-12 10:00:00+01:00,129.14810897563217,124.64
2026-02-12 10:15:00+01:00,121.6718238343333,116.27
2026-02-12 10:30:00+01:00,119.52322663811712,115.13
2026-02-12 10:45:00+01:00,115.30240099403528,114.04
2026-02-12 11:00:00+01:00,125.09774060602194,114.92
2026-02-12 11:15:00+01:00,127.24475355716305,113.16
2026-02-12 11:30:00+01:00,122.10986614174777,110.1
2026-02-12 11:45:00+01:00,115.27013983016788,106.43
2026-02-12 12:00:00+01:00,116.21196983908845,107.59
2026-02-12 12:15:00+01:00,110.08257112963788,104.95
2026-02-12 12:30:00+01:00,113.66583514369678,105.44
2026-02-12 12:45:00+01:00,113.01754332403438,104.08
2026-02-12 13:00:00+01:00,110.55217482715419,105.48
2026-02-12 13:15:00+01:00,113.08031532292358,104.44
2026-02-12 13:30:00+01:00,115.36323451423176,102.87
2026-02-12 13:45:00+01:00,113.51560527409534,101.43
2026-02-12 14:00:00+01:00,111.39497455768482,104.37
2026-02-12 14:15:00+01:00,119.80637290512549,104.7
2026-02-12 14:30:00+01:00,130.66444866542145,105.48
2026-02-12 14:45:00+01:00,133.16389450946463,106.3
2026-02-12 15:00:00+01:00,120.69356588006815,103.56
2026-02-12 15:15:00+01:00,126.63140792653817,103.26
2026-02-12 15:30:00+01:00,124.1938118950864,109.47
2026-02-12 15:45:00+01:00,130.81822935069593,115.63
2026-02-12 16:00:00+01:00,117.89364671014451,103.91
2026-02-12 16:15:00+01:00,126.51275934987,107.15
2026-02-12 16:30:00+01:00,128.6172654990463,113.61
2026-02-12 16:45:00+01:00,134.013714901843,118.47
2026-02-12 17:00:00+01:00,130.60504620511244,109.02
2026-02-12 17:15:00+01:00,135.90137695991837,121.71
2026-02-12 17:30:00+01:00,135.9024755349819,129.8
2026-02-12 17:45:00+01:00,134.6548162405242,131.67
2026-02-12 18:00:00+01:00,131.7762400212643,130.01
2026-02-12 18:15:00+01:00,133.13834778079752,128.13
2026-02-12 18:30:00+01:00,132.91849406607295,123.15
2026-02-12 18:45:00+01:00,123.03311708096898,121.36
2026-02-12 19:00:00+01:00,129.24679695814368,132.11
2026-02-12 19:15:00+01:00,127.363364017635,124.16
2026-02-12 19:30:00+01:00,118.75074893582334,117.01
2026-02-12 19:45:00+01:00,110.10290446607942,110.21
2026-02-12 20:00:00+01:00,120.54008096494162,126.27
2026-02-12 20:15:00+01:00,107.99577646644849,107.29
2026-02-12 20:30:00+01:00,105.8949780628744,103.15
2026-02-12 20:45:00+01:00,105.33447313583547,99.7
2026-02-12 21:00:00+01:00,112.33251658766689,106.6
2026-02-12 21:15:00+01:00,102.56222523915471,103.12
2026-02-12 21:30:00+01:00,97.55508444368924,98.19
2026-02-12 21:45:00+01:00,94.4065786693709,90.86
2026-02-12 22:00:00+01:00,103.77611274436104,104.59
2026-02-12 22:15:00+01:00,95.64289176321297,96.66
2026-02-12 22:30:00+01:00,96.77957573461777,94.13
2026-02-12 22:45:00+01:00,96.49012216960546,93.32
2026-02-12 23:00:00+01:00,95.22806660311377,98.42
2026-02-12 23:15:00+01:00,89.38980162786473,90.93
2026-02-12 23:30:00+01:00,87.33650999896406,85.92
2026-02-12 23:45:00+01:00,84.0184680963645,82.06
2026-02-13 00:00:00+01:00,91.47601826830528,85.72
2026-02-13 00:15:00+01:00,91.96867899814994,85.02
2026-02-13 00:30:00+01:00,87.99907025431865,83.16
2026-02-13 00:45:00+01:00,86.04944861291102,81.53
2026-02-13 01:00:00+01:00,89.58769184029467,83.9
2026-02-13 01:15:00+01:00,89.1979118280448,83.89
2026-02-13 01:30:00+01:00,88.18603973492337,83.36
2026-02-13 01:45:00+01:00,87.49166921635002,83.49
2026-02-13 02:00:00+01:00,89.63358107261621,81.72
2026-02-13 02:15:00+01:00,88.05859340818749,82.05
2026-02-13 02:30:00+01:00,90.00952323085991,82.43
2026-02-13 02:45:00+01:00,89.63891579403351,82.67
2026-02-13 03:00:00+01:00,89.92563306055814,81.18
2026-02-13 03:15:00+01:00,88.82677231344437,81.87
2026-02-13 03:30:00+01:00,91.08812217720637,82.31
2026-02-13 03:45:00+01:00,90.95230709424689,82.06
2026-02-13 04:00:00+01:00,88.67226638197442,81.57
2026-02-13 04:15:00+01:00,90.78530936700066,82.66
2026-02-13 04:30:00+01:00,91.65007016175346,83.89
2026-02-13 04:45:00+01:00,91.89792410212532,85.28
2026-02-13 05:00:00+01:00,89.34778498509722,84.06
2026-02-13 05:15:00+01:00,93.21065618866035,83.66
2026-02-13 05:30:00+01:00,95.9918450495968,87.75
2026-02-13 05:45:00+01:00,101.21224616809711,93.28
2026-02-13 06:00:00+01:00,93.54294108542693,84.42
2026-02-13 06:15:00+01:00,101.4077920895007,93.56
2026-02-13 06:30:00+01:00,116.1843100060725,103.67
2026-02-13 06:45:00+01:00,109.97180127145452,113.26
2026-02-13 07:00:00+01:00,109.82821930498014,105.21
2026-02-13 07:15:00+01:00,115.172922930817,119.26
2026-02-13 07:30:00+01:00,112.97098851605269,121.64
2026-02-13 07:45:00+01:00,119.89957320383866,124.8
2026-02-13 08:00:00+01:00,124.98161906585568,122.21
2026-02-13 08:15:00+01:00,122.00460543345338,125.86
2026-02-13 08:30:00+01:00,120.55889439470698,124.58
2026-02-13 08:45:00+01:00,116.97824864958004,122.75
2026-02-13 09:00:00+01:00,126.13193690200845,128.75
2026-02-13 09:15:00+01:00,126.76468148304049,123.8
2026-02-13 09:30:00+01:00,120.95243762197936,115.43
2026-02-13 09:45:00+01:00,115.47717008103811,108.62
2026-02-13 10:00:00+01:00,124.77384892332486,112.71
2026-02-13 10:15:00+01:00,116.54676241806382,107.88
2026-02-13 10:30:00+01:00,113.71232214955717,104.38
2026-02-13 10:45:00+01:00,113.59061898623519,100.6
2026-02-13 11:00:00+01:00,118.70261057476925,104.18
2026-02-13 11:15:00+01:00,114.81202578151566,101.7
2026-02-13 11:30:00+01:00,110.8257912605737,99.54
2026-02-13 11:45:00+01:00,107.79178998131891,98.7
2026-02-13 12:00:00+01:00,109.53348808489483,98.62
2026-02-13 12:15:00+01:00,107.06369904321582,97.41
2026-02-13 12:30:00+01:00,108.04864638689206,97.03
2026-02-13 12:45:00+01:00,109.10786374562699,96.14
2026-02-13 13:00:00+01:00,107.6410537847565,96.49
2026-02-13 13:15:00+01:00,108.95656165143747,96.94
2026-02-13 13:30:00+01:00,111.89950958238273,98.61
2026-02-13 13:45:00+01:00,115.87713185262952,97.94
2026-02-13 14:00:00+01:00,105.26325335710933,98.93
2026-02-13 14:15:00+01:00,114.18306167023,99.74
2026-02-13 14:30:00+01:00,123.51053148160472,103.6
2026-02-13 14:45:00+01:00,128.86672880149584,106.09
2026-02-13 15:00:00+01:00,113.13794650073457,105.73
2026-02-13 15:15:00+01:00,128.20044270564844,111.95
2026-02-13 15:30:00+01:00,134.24374704700858,122.63
2026-02-13 15:45:00+01:00,140.3028578382276,132.08
2026-02-13 16:00:00+01:00,122.96453799812767,117.97
2026-02-13 16:15:00+01:00,134.80498580812517,122.34
2026-02-13 16:30:00+01:00,134.37173507860084,126.63
2026-02-13 16:45:00+01:00,132.2967975199849,136.68
2026-02-13 17:00:00+01:00,129.60850203543134,122.62
2026-02-13 17:15:00+01:00,138.64593110430198,131.77
2026-02-13 17:30:00+01:00,146.43109716646285,135.7
2026-02-13 17:45:00+01:00,158.81712703064665,137.85
2026-02-13 18:00:00+01:00,140.6652819527538,140.35
2026-02-13 18:15:00+01:00,146.852368759712,135.88
2026-02-13 18:30:00+01:00,144.9877187149241,134.76
2026-02-13 18:45:00+01:00,148.06899641992933,133.1
2026-02-13 19:00:00+01:00,164.11224311828428,144.63
2026-02-13 19:15:00+01:00,137.2279293996761,134.85
2026-02-13 19:30:00+01:00,138.2355733196098,127.69
2026-02-13 19:45:00+01:00,130.89353790545,120.4
2026-02-13 20:00:00+01:00,143.09731919252633,137.0
2026-02-13 20:15:00+01:00,127.17855582398185,130.66
2026-02-13 20:30:00+01:00,122.11879454940029,122.0
2026-02-13 20:45:00+01:00,116.02718758740164,114.34
2026-02-13 21:00:00+01:00,129.90806870995334,127.41
2026-02-13 21:15:00+01:00,127.46772079821343,121.8
2026-02-13 21:30:00+01:00,116.2097120431815,114.7
2026-02-13 21:45:00+01:00,110.83573059392148,106.41
2026-02-13 22:00:00+01:00,121.14354006942901,119.88
2026-02-13 22:15:00+01:00,116.75656995524335,110.36
2026-02-13 22:30:00+01:00,108.92439041927193,106.71
2026-02-13 22:45:00+01:00,104.1080591599875,102.84
2026-02-13 23:00:00+01:00,107.80782971203294,106.35
2026-02-13 23:15:00+01:00,104.95266259111852,102.19
2026-02-13 23:30:00+01:00,99.10015098505257,100.72
2026-02-13 23:45:00+01:00,93.32344802933157,94.17
2026-02-14 00:00:00+01:00,106.25667386510789,103.97
2026-02-14 00:15:00+01:00,100.1551944849948,98.7
2026-02-14 00:30:00+01:00,96.1045572166859,94.02
2026-02-14 00:45:00+01:00,93.94109136523694,91.28
2026-02-14 01:00:00+01:00,103.77275899251565,94.83
2026-02-14 01:15:00+01:00,99.29059290483318,93.76
2026-02-14 01:30:00+01:00,95.03849481635984,90.55
2026-02-14 01:45:00+01:00,93.31231331879451,88.18
2026-02-14 02:00:00+01:00,98.3130073661273,91.9
2026-02-14 02:15:00+01:00,96.699905126603,88.96
2026-02-14 02:30:00+01:00,96.09345240598299,87.21
2026-02-14 02:45:00+01:00,93.36017688517599,88.29
2026-02-14 03:00:00+01:00,94.51621810328206,91.69
2026-02-14 03:15:00+01:00,96.70043952000972,88.76
2026-02-14 03:30:00+01:00,95.89993248047543,87.45
2026-02-14 03:45:00+01:00,96.56466613622887,86.79
2026-02-14 04:00:00+01:00,94.60324781505282,87.63
2026-02-14 04:15:00+01:00,94.17097201857376,88.07
2026-02-14 04:30:00+01:00,96.58073245880406,87.55
2026-02-14 04:45:00+01:00,97.43590129471418,86.78
2026-02-14 05:00:00+01:00,95.34709836251558,88.35
2026-02-14 05:15:00+01:00,96.7218200822374,86.62
2026-02-14 05:30:00+01:00,97.4282482802875,89.24
2026-02-14 05:45:00+01:00,98.98413311576596,90.79
2026-02-14 06:00:00+01:00,97.63113009544463,88.94
2026-02-14 06:15:00+01:00,97.02706166312053,89.5
2026-02-14 06:30:00+01:00,102.57425637979358,89.63
2026-02-14 06:45:00+01:00,99.83143728408515,92.8
2026-02-14 07:00:00+01:00,96.60743323115206,90.94
2026-02-14 07:15:00+01:00,96.50372893791992,90.52
2026-02-14 07:30:00+01:00,100.88580453346098,94.15
2026-02-14 07:45:00+01:00,100.25147857585527,96.86
2026-02-14 08:00:00+01:00,105.79870953282946,97.1
2026-02-14 08:15:00+01:00,106.45752394544446,102.41
2026-02-14 08:30:00+01:00,106.88276114675676,103.9
2026-02-14 08:45:00+01:00,107.69412483435691,103.92
2026-02-14 09:00:00+01:00,114.67762948662818,110.11
2026-02-14 09:15:00+01:00,113.78782731858882,109.13
2026-02-14 09:30:00+01:00,109.97724081646729,106.96
2026-02-14 09:45:00+01:00,107.98549171770563,103.76
2026-02-14 10:00:00+01:00,115.41192336394938,109.93
2026-02-14 10:15:00+01:00,110.22359411920614,104.89
2026-02-14 10:30:00+01:00,106.4090910391409,102.64
2026-02-14 10:45:00+01:00,104.4550855840306,98.42
2026-02-14 11:00:00+01:00,109.91549932086292,101.49
2026-02-14 11:15:00+01:00,106.10478151699965,98.81
2026-02-14 11:30:00+01:00,106.57454477978051,96.87
2026-02-14 11:45:00+01:00,104.13905315559786,95.48
2026-02-14 12:00:00+01:00,109.86824557598237,96.84
2026-02-14 12:15:00+01:00,104.79263961737226,96.54
2026-02-14 12:30:00+01:00,101.66489530151726,94.62
2026-02-14 12:45:00+01:00,100.30460125853901,92.64
2026-02-14 13:00:00+01:00,100.76869939396109,95.24
2026-02-14 13:15:00+01:00,97.62299425496276,94.78
2026-02-14 13:30:00+01:00,100.92229718152929,92.47
2026-02-14 13:45:00+01:00,102.63249175733509,93.4
2026-02-14 14:00:00+01:00,99.5153905517818,91.93
2026-02-14 14:15:00+01:00,99.74140550184491,95.21
2026-02-14 14:30:00+01:00,103.42335383771297,97.87
2026-02-14 14:45:00+01:00,110.556226125078,103.44
2026-02-14 15:00:00+01:00,99.81397049405702,98.77
2026-02-14 15:15:00+01:00,109.83403361041759,101.92
2026-02-14 15:30:00+01:00,116.11308513030784,106.49
2026-02-14 15:45:00+01:00,124.12978275257922,112.63
2026-02-14 16:00:00+01:00,115.09297083776875,104.96
2026-02-14 16:15:00+01:00,121.18347597665475,114.63
2026-02-14 16:30:00+01:00,125.10200086938764,122.34
2026-02-14 16:45:00+01:00,131.84061662811237,125.62
2026-02-14 17:00:00+01:00,125.68748255736823,113.79
2026-02-14 17:15:00+01:00,132.5824830205985,125.2
2026-02-14 17:30:00+01:00,136.11970993760755,131.94
2026-02-14 17:45:00+01:00,138.63121465271516,133.47
2026-02-14 18:00:00+01:00,137.8302379836594,131.01
2026-02-14 18:15:00+01:00,132.78699074198227,132.22
2026-02-14 18:30:00+01:00,139.84654938157513,133.92
2026-02-14 18:45:00+01:00,137.45905484530178,130.56
2026-02-14 19:00:00+01:00,141.5891903795272,135.0
2026-02-14 19:15:00+01:00,130.57410057911767,129.4
2026-02-14 19:30:00+01:00,124.20448790065795,127.0
2026-02-14 19:45:00+01:00,121.19066396194474,123.48
2026-02-14 20:00:00+01:00,136.16836765406705,129.99
2026-02-14 20:15:00+01:00,121.09452496444027,126.73
2026-02-14 20:30:00+01:00,113.61328838222742,118.33
2026-02-14 20:45:00+01:00,109.98615522046023,117.72
2026-02-14 21:00:00+01:00,118.31942160280413,126.28
2026-02-14 21:15:00+01:00,117.32611572993224,120.97
2026-02-14 21:30:00+01:00,112.17355258751385,114.01
2026-02-14 21:45:00+01:00,108.15069904587574,106.66
2026-02-14 22:00:00+01:00,114.57908266374706,120.88
2026-02-14 22:15:00+01:00,111.94116667082102,113.23
2026-02-14 22:30:00+01:00,109.60386468338933,106.94
2026-02-14 22:45:00+01:00,107.59878422980549,103.76
2026-02-14 23:00:00+01:00,106.49269623022047,103.75
2026-02-14 23:15:00+01:00,104.45729322825046,103.42
2026-02-14 23:30:00+01:00,102.22609684793468,100.9
2026-02-14 23:45:00+01:00,98.2811207353096,96.33
2026-02-15 00:00:00+01:00,97.14483349037882,107.51
2026-02-15 00:15:00+01:00,95.50904241989043,101.67
2026-02-15 00:30:00+01:00,97.46255093274658,99.67
2026-02-15 00:45:00+01:00,95.4568931950866,98.26
2026-02-15 01:00:00+01:00,97.42976571222158,103.9
2026-02-15 01:15:00+01:00,95.58492725194685,100.44
2026-02-15 01:30:00+01:00,95.06535054440968,99.06
2026-02-15 01:45:00+01:00,93.62331973169503,96.39
2026-02-15 02:00:00+01:00,94.71143845160029,100.54
2026-02-15 02:15:00+01:00,93.25490652966965,100.75
2026-02-15 02:30:00+01:00,92.58841053801716,100.9
2026-02-15 02:45:00+01:00,91.46633265454247,100.83
2026-02-15 03:00:00+01:00,93.39858410766149,100.29
2026-02-15 03:15:00+01:00,90.67245704978791,99.15
2026-02-15 03:30:00+01:00,90.7737553727466,97.35
2026-02-15 03:45:00+01:00,92.19604314511999,95.31
2026-02-15 04:00:00+01:00,93.28985180239313,98.25
2026-02-15 04:15:00+01:00,91.43989258530604,97.5
2026-02-15 04:30:00+01:00,92.5375701215814,95.59
2026-02-15 04:45:00+01:00,95.21902454569425,94.74
2026-02-15 05:00:00+01:00,92.86644208011528,96.67
2026-02-15 05:15:00+01:00,93.17962188013678,93.89
2026-02-15 05:30:00+01:00,97.46331014855595,93.19
2026-02-15 05:45:00+01:00,97.13230662229579,93.67
2026-02-15 06:00:00+01:00,91.66786789399967,92.85
2026-02-15 06:15:00+01:00,98.03846123834566,94.19
2026-02-15 06:30:00+01:00,104.18387986218595,94.73
2026-02-15 06:45:00+01:00,120.25529888718523,94.9
2026-02-15 07:00:00+01:00,99.7526144692591,96.58
2026-02-15 07:15:00+01:00,115.99917437260802,94.97
2026-02-15 07:30:00+01:00,123.59595756750721,96.25
2026-02-15 07:45:00+01:00,112.59524468514425,96.66
2026-02-15 08:00:00+01:00,123.48503172494226,100.67
2026-02-15 08:15:00+01:00,122.09482764373074,97.54
2026-02-15 08:30:00+01:00,112.06759430891722,95.67
2026-02-15 08:45:00+01:00,109.40378135461374,93.32
2026-02-15 09:00:00+01:00,114.43453137672357,99.15
2026-02-15 09:15:00+01:00,110.53203276975165,94.3
2026-02-15 09:30:00+01:00,110.23546301711687,92.51
2026-02-15 09:45:00+01:00,103.48868453112377,86.3
2026-02-15 10:00:00+01:00,114.04880214337737,91.49
2026-02-15 10:15:00+01:00,106.78237013635702,86.74
2026-02-15 10:30:00+01:00,102.80086872627429,82.92
2026-02-15 10:45:00+01:00,102.18091730718106,70.92
2026-02-15 11:00:00+01:00,100.76544900656967,79.73
2026-02-15 11:15:00+01:00,98.94786617193223,76.39
2026-02-15 11:30:00+01:00,96.34541689498069,74.42
2026-02-15 11:45:00+01:00,97.75899117766431,68.35
2026-02-15 12:00:00+01:00,97.87438524602287,69.92
2026-02-15 12:15:00+01:00,95.49188459382773,71.3
2026-02-15 12:30:00+01:00,91.3204652076324,66.69
2026-02-15 12:45:00+01:00,93.18594086170377,61.57
2026-02-15 13:00:00+01:00,95.31376518754125,66.88
2026-02-15 13:15:00+01:00,94.89478560346514,64.72
2026-02-15 13:30:00+01:00,93.08580997286077,64.04
2026-02-15 13:45:00+01:00,93.90434171629383,61.99
2026-02-15 14:00:00+01:00,91.35915291779214,63.71
2026-02-15 14:15:00+01:00,94.66689613948729,60.3
2026-02-15 14:30:00+01:00,96.76292694678975,65.83
2026-02-15 14:45:00+01:00,100.5960727174692,67.85
2026-02-15 15:00:00+01:00,93.55713151448718,62.05
2026-02-15 15:15:00+01:00,97.724053024638,66.37
2026-02-15 15:30:00+01:00,102.45893719147462,74.29
2026-02-15 15:45:00+01:00,110.84763263141457,85.1
2026-02-15 16:00:00+01:00,99.59035173205847,71.2
2026-02-15 16:15:00+01:00,105.53253495721752,82.67
2026-02-15 16:30:00+01:00,112.62987837437196,88.68
2026-02-15 16:45:00+01:00,119.83435331168491,94.27
2026-02-15 17:00:00+01:00,112.46857955883172,92.5
2026-02-15 17:15:00+01:00,123.75966210462964,96.99
2026-02-15 17:30:00+01:00,130.5280552547152,98.5
2026-02-15 17:45:00+01:00,130.5626347419545,97.55
2026-02-15 18:00:00+01:00,119.51927702098075,99.73
2026-02-15 18:15:00+01:00,120.78709947916647,99.98
2026-02-15 18:30:00+01:00,127.17195829119588,98.82
2026-02-15 18:45:00+01:00,118.49960541142718,94.28
2026-02-15 19:00:00+01:00,116.99959000197964,92.7
2026-02-15 19:15:00+01:00,113.09780305304174,87.91
2026-02-15 19:30:00+01:00,107.04549710275866,81.9
2026-02-15 19:45:00+01:00,96.17944712214089,71.94
2026-02-15 20:00:00+01:00,104.74878980752125,82.82
2026-02-15 20:15:00+01:00,96.96772925744449,76.7
2026-02-15 20:30:00+01:00,95.18688582471988,69.49
2026-02-15 20:45:00+01:00,92.57045558175743,55.0
2026-02-15 21:00:00+01:00,97.33653867443098,74.93
2026-02-15 21:15:00+01:00,96.13601405242983,70.25
2026-02-15 21:30:00+01:00,94.06286893846412,65.94
2026-02-15 21:45:00+01:00,90.81142721537998,57.93
2026-02-15 22:00:00+01:00,99.25386334826149,73.0
2026-02-15 22:15:00+01:00,94.79722776853971,66.94
2026-02-15 22:30:00+01:00,94.90417180065376,65.18
2026-02-15 22:45:00+01:00,92.01453371868081,57.34
2026-02-15 23:00:00+01:00,94.13569316487855,71.5
2026-02-15 23:15:00+01:00,83.46471043442332,65.1
2026-02-15 23:30:00+01:00,84.15265311209905,58.49
2026-02-15 23:45:00+01:00,82.11795361115692,37.07
2026-02-16 00:00:00+01:00,56.72007146558856,75.64
2026-02-16 00:15:00+01:00,53.941961973895914,74.09
2026-02-16 00:30:00+01:00,54.81736141436662,65.08
2026-02-16 00:45:00+01:00,52.74640188367142,60.91
2026-02-16 01:00:00+01:00,50.846902541720574,69.29
2026-02-16 01:15:00+01:00,50.29885819559257,64.77
2026-02-16 01:30:00+01:00,50.62643904734898,64.55
2026-02-16 01:45:00+01:00,50.22988568516439,62.89
2026-02-16 02:00:00+01:00,58.01282429939424,64.63
2026-02-16 02:15:00+01:00,59.61428058748022,63.81
2026-02-16 02:30:00+01:00,60.68544928520724,64.63
2026-02-16 02:45:00+01:00,64.15275011690917,64.57
2026-02-16 03:00:00+01:00,61.38255396323389,63.2
2026-02-16 03:15:00+01:00,61.09040644212017,63.71
2026-02-16 03:30:00+01:00,64.17081873641493,65.64
2026-02-16 03:45:00+01:00,66.79082691848402,65.1
2026-02-16 04:00:00+01:00,61.496180565719634,63.01
2026-02-16 04:15:00+01:00,66.62660866916634,63.37
2026-02-16 04:30:00+01:00,70.59782424764053,66.76
2026-02-16 04:45:00+01:00,72.45167086904486,71.07
2026-02-16 05:00:00+01:00,63.77208826258353,60.1
2026-02-16 05:15:00+01:00,66.94581399924334,66.37
2026-02-16 05:30:00+01:00,71.40646825673157,75.91
2026-02-16 05:45:00+01:00,82.58509107296582,77.56
2026-02-16 06:00:00+01:00,70.13452657031993,60.47
2026-02-16 06:15:00+01:00,80.44954099410388,73.23
2026-02-16 06:30:00+01:00,82.80806891360851,83.91
2026-02-16 06:45:00+01:00,100.58062928486116,99.7
2026-02-16 07:00:00+01:00,86.22460714839423,82.37
2026-02-16 07:15:00+01:00,88.80278205160928,94.32
2026-02-16 07:30:00+01:00,97.05702052568077,99.24
2026-02-16 07:45:00+01:00,104.19261935307716,100.36
2026-02-16 08:00:00+01:00,104.63694333641078,97.01
2026-02-16 08:15:00+01:00,109.71543211906925,103.01
2026-02-16 08:30:00+01:00,115.21420832224392,103.1
2026-02-16 08:45:00+01:00,104.44452249308999,101.01
2026-02-16 09:00:00+01:00,123.21228581880595,106.53
2026-02-16 09:15:00+01:00,113.41688100899638,104.14
2026-02-16 09:30:00+01:00,111.57410042131063,104.0
2026-02-16 09:45:00+01:00,103.09207127316299,103.03
2026-02-16 10:00:00+01:00,106.5060677929231,111.82
2026-02-16 10:15:00+01:00,103.56447344315808,102.01
2026-02-16 10:30:00+01:00,104.21408340436994,97.7
2026-02-16 10:45:00+01:00,99.51630079236982,94.63
2026-02-16 11:00:00+01:00,95.19932376348676,97.58
2026-02-16 11:15:00+01:00,89.71321152768613,94.52
2026-02-16 11:30:00+01:00,90.75161677562613,93.94
2026-02-16 11:45:00+01:00,90.25366113798414,93.4
2026-02-16 12:00:00+01:00,87.6690311331766,91.89
2026-02-16 12:15:00+01:00,94.9515989772728,91.9
2026-02-16 12:30:00+01:00,92.72587154815831,92.27
2026-02-16 12:45:00+01:00,89.48331519755239,91.95
2026-02-16 13:00:00+01:00,90.10117630520925,93.57
2026-02-16 13:15:00+01:00,87.15621432932767,93.46
2026-02-16 13:30:00+01:00,87.74797365682979,93.75
2026-02-16 13:45:00+01:00,94.72860924775154,96.83
2026-02-16 14:00:00+01:00,86.64607977490851,90.99
2026-02-16 14:15:00+01:00,93.05181672938862,93.68
2026-02-16 14:30:00+01:00,99.96741873701224,99.42
2026-02-16 14:45:00+01:00,121.65711692682477,99.96
2026-02-16 15:00:00+01:00,106.93878552243646,95.91
2026-02-16 15:15:00+01:00,123.56990072555135,98.6
2026-02-16 15:30:00+01:00,132.67919556974383,107.87
2026-02-16 15:45:00+01:00,141.04457635262386,113.92
2026-02-16 16:00:00+01:00,134.28763054393346,106.11
2026-02-16 16:15:00+01:00,129.99658176952508,114.65
2026-02-16 16:30:00+01:00,136.82847836944532,118.03
2026-02-16 16:45:00+01:00,145.96956780557613,122.42
2026-02-16 17:00:00+01:00,142.20205205677036,120.2
2026-02-16 17:15:00+01:00,151.945207894731,129.39
2026-02-16 17:30:00+01:00,154.5500368461466,131.77
2026-02-16 17:45:00+01:00,148.07654642471454,140.06
2026-02-16 18:00:00+01:00,143.68153510314917,132.03
2026-02-16 18:15:00+01:00,138.00869373652654,129.22
2026-02-16 18:30:00+01:00,140.4585330254396,128.8
2026-02-16 18:45:00+01:00,138.77231698748344,126.42
2026-02-16 19:00:00+01:00,147.66832442860965,133.14
2026-02-16 19:15:00+01:00,140.18283847533792,126.59
2026-02-16 19:30:00+01:00,138.23945036381713,126.61
2026-02-16 19:45:00+01:00,123.67617273727743,119.08
2026-02-16 20:00:00+01:00,144.56287364380947,121.79
2026-02-16 20:15:00+01:00,128.34842838067664,119.5
2026-02-16 20:30:00+01:00,117.90994905773374,113.81
2026-02-16 20:45:00+01:00,115.85258244418728,107.43
2026-02-16 21:00:00+01:00,123.71632893179331,112.26
2026-02-16 21:15:00+01:00,123.06170993728406,107.94
2026-02-16 21:30:00+01:00,109.33575167203722,99.73
2026-02-16 21:45:00+01:00,108.9920477283808,95.66
2026-02-16 22:00:00+01:00,117.83651633758794,106.0
2026-02-16 22:15:00+01:00,114.36764479646116,104.98
2026-02-16 22:30:00+01:00,109.30578702357622,101.23
2026-02-16 22:45:00+01:00,105.07582014292068,95.47
2026-02-16 23:00:00+01:00,108.72044679528653,101.58
2026-02-16 23:15:00+01:00,102.18880283820681,94.64
2026-02-16 23:30:00+01:00,97.23926565487255,89.32
2026-02-16 23:45:00+01:00,96.30823855311489,85.48
2026-02-17 00:00:00+01:00,104.33927388903808,89.45
2026-02-17 00:15:00+01:00,96.1551449188163,88.09
2026-02-17 00:30:00+01:00,89.20014082826674,85.73
2026-02-17 00:45:00+01:00,87.84783641130801,84.81
2026-02-17 01:00:00+01:00,95.96654523347358,86.56
2026-02-17 01:15:00+01:00,91.9850834284485,84.78
2026-02-17 01:30:00+01:00,88.39347114564876,84.81
2026-02-17 01:45:00+01:00,87.14415250315668,84.27
2026-02-17 02:00:00+01:00,89.79021655406679,84.45
2026-02-17 02:15:00+01:00,88.16495469356198,84.39
2026-02-17 02:30:00+01:00,88.53035699164775,85.27
2026-02-17 02:45:00+01:00,86.61376597628963,85.01
2026-02-17 03:00:00+01:00,93.06245364639211,86.33
2026-02-17 03:15:00+01:00,88.55254743405793,85.85
2026-02-17 03:30:00+01:00,87.21286535874283,85.92
2026-02-17 03:45:00+01:00,88.87030535191165,84.5
2026-02-17 04:00:00+01:00,87.68283586721023,82.47
2026-02-17 04:15:00+01:00,86.88607824877032,86.05
2026-02-17 04:30:00+01:00,90.03483033206619,83.78
2026-02-17 04:45:00+01:00,90.953780595646,86.97
2026-02-17 05:00:00+01:00,87.45423445316736,83.21
2026-02-17 05:15:00+01:00,89.16442794376239,85.72
2026-02-17 05:30:00+01:00,94.1600707562793,87.98
2026-02-17 05:45:00+01:00,98.5972132153259,98.46
2026-02-17 06:00:00+01:00,93.60403499944027,87.85
2026-02-17 06:15:00+01:00,98.01403877920903,102.99
2026-02-17 06:30:00+01:00,108.41064778261317,105.55
2026-02-17 06:45:00+01:00,117.19436193274917,114.5
2026-02-17 07:00:00+01:00,117.98546134430603,105.66
2026-02-17 07:15:00+01:00,122.89036634355745,110.15
2026-02-17 07:30:00+01:00,131.17022746079581,116.46
2026-02-17 07:45:00+01:00,139.66277829405968,125.04
2026-02-17 08:00:00+01:00,145.3521635072226,118.04
2026-02-17 08:15:00+01:00,151.88354922355316,116.29
2026-02-17 08:30:00+01:00,139.47670319527097,113.54
2026-02-17 08:45:00+01:00,135.0203442694091,111.55
2026-02-17 09:00:00+01:00,138.22499759927155,125.25
2026-02-17 09:15:00+01:00,136.72202171310846,111.8
2026-02-17 09:30:00+01:00,123.92574980931049,105.88
2026-02-17 09:45:00+01:00,131.46144091739544,100.42
2026-02-17 10:00:00+01:00,135.118873447087,106.26
2026-02-17 10:15:00+01:00,126.87366861478955,103.13
2026-02-17 10:30:00+01:00,115.28584076181554,100.73
2026-02-17 10:45:00+01:00,115.67541936420889,99.48
2026-02-17 11:00:00+01:00,122.14495938879308,100.41
2026-02-17 11:15:00+01:00,122.20010926564112,97.08
2026-02-17 11:30:00+01:00,119.99615858309775,89.44
2026-02-17 11:45:00+01:00,109.78761033458026,85.29
2026-02-17 12:00:00+01:00,106.41919301110087,88.32
2026-02-17 12:15:00+01:00,110.09958842828955,84.42
2026-02-17 12:30:00+01:00,112.42028314031964,83.71
2026-02-17 12:45:00+01:00,112.06240026748324,79.31
2026-02-17 13:00:00+01:00,113.15462019040969,86.98
2026-02-17 13:15:00+01:00,112.83805596166508,83.1
2026-02-17 13:30:00+01:00,114.95830158433226,79.0
2026-02-17 13:45:00+01:00,108.37351780655165,80.09
2026-02-17 14:00:00+01:00,110.3901016185836,82.21
2026-02-17 14:15:00+01:00,111.79150840853613,82.03
2026-02-17 14:30:00+01:00,110.90160201201913,82.29
2026-02-17 14:45:00+01:00,115.34598056638869,83.14
2026-02-17 15:00:00+01:00,112.6880259992391,82.11
2026-02-17 15:15:00+01:00,112.18601555235232,82.74
2026-02-17 15:30:00+01:00,120.00579406236534,86.68
2026-02-17 15:45:00+01:00,121.4008811092936,93.98
2026-02-17 16:00:00+01:00,112.05854478086508,90.35
2026-02-17 16:15:00+01:00,120.19733030748995,91.03
2026-02-17 16:30:00+01:00,122.6404997152449,92.03
2026-02-17 16:45:00+01:00,122.03500000804782,102.92
2026-02-17 17:00:00+01:00,119.67985665082718,103.0
2026-02-17 17:15:00+01:00,120.7716349822258,107.8
2026-02-17 17:30:00+01:00,124.27109170396332,111.84
2026-02-17 17:45:00+01:00,133.60528448245432,120.58
2026-02-17 18:00:00+01:00,128.57867995027195,120.37
2026-02-17 18:15:00+01:00,130.40026742675514,121.5
2026-02-17 18:30:00+01:00,126.3042286657455,131.89
2026-02-17 18:45:00+01:00,122.77978336178428,134.14
2026-02-17 19:00:00+01:00,130.55359757107396,133.39
2026-02-17 19:15:00+01:00,122.7268095185746,129.76
2026-02-17 19:30:00+01:00,124.99431935303335,123.75
2026-02-17 19:45:00+01:00,109.94925628758415,119.5
2026-02-17 20:00:00+01:00,117.14370174872582,119.41
2026-02-17 20:15:00+01:00,113.56385885341244,112.24
2026-02-17 20:30:00+01:00,104.05938649363075,108.43
2026-02-17 20:45:00+01:00,100.94853868736371,104.83
2026-02-17 21:00:00+01:00,109.86105965361438,110.94
2026-02-17 21:15:00+01:00,107.47382245522124,105.19
2026-02-17 21:30:00+01:00,103.04334950994169,97.18
2026-02-17 21:45:00+01:00,99.20877130964064,86.5
2026-02-17 22:00:00+01:00,105.24003653812522,98.04
2026-02-17 22:15:00+01:00,104.76592466348653,95.52
2026-02-17 22:30:00+01:00,104.65576828034384,89.88
2026-02-17 22:45:00+01:00,104.11217722245398,89.46
2026-02-17 23:00:00+01:00,106.03120496204332,93.89
2026-02-17 23:15:00+01:00,102.0959236291097,90.57
2026-02-17 23:30:00+01:00,98.24158704866639,88.26
2026-02-17 23:45:00+01:00,95.78465792490132,85.72
2026-02-18 00:00:00+01:00,94.16877264880445,96.14
2026-02-18 00:15:00+01:00,88.26963829982282,96.66
2026-02-18 00:30:00+01:00,86.87631628762091,95.12
2026-02-18 00:45:00+01:00,84.91337060186127,94.6
2026-02-18 01:00:00+01:00,88.96873459415497,94.66
2026-02-18 01:15:00+01:00,89.31953021940122,93.08
2026-02-18 01:30:00+01:00,86.46082622809993,93.46
2026-02-18 01:45:00+01:00,86.18785249132007,93.05
2026-02-18 02:00:00+01:00,85.95311589420594,92.84
2026-02-18 02:15:00+01:00,84.0394238909724,93.64
2026-02-18 02:30:00+01:00,85.79947475675004,93.85
2026-02-18 02:45:00+01:00,86.89534195644757,92.84
2026-02-18 03:00:00+01:00,87.00191120898548,93.73
2026-02-18 03:15:00+01:00,85.86452495650501,92.44
2026-02-18 03:30:00+01:00,87.81437284865707,91.47
2026-02-18 03:45:00+01:00,86.51217228862143,93.06
2026-02-18 04:00:00+01:00,85.87252231971631,90.4
2026-02-18 04:15:00+01:00,87.05885532481825,93.07
2026-02-18 04:30:00+01:00,87.86491171140405,94.37
2026-02-18 04:45:00+01:00,91.20491489292604,95.83
2026-02-18 05:00:00+01:00,86.48369766307658,96.72
2026-02-18 05:15:00+01:00,88.3100300556081,96.92
2026-02-18 05:30:00+01:00,93.67853288782987,100.99
2026-02-18 05:45:00+01:00,104.51684399254717,110.16
2026-02-18 06:00:00+01:00,89.93927050350035,98.15
2026-02-18 06:15:00+01:00,105.10405500873063,111.62
2026-02-18 06:30:00+01:00,120.53097838536083,129.49
2026-02-18 06:45:00+01:00,150.63452931773793,150.79
2026-02-18 07:00:00+01:00,129.96795249879526,148.45
2026-02-18 07:15:00+01:00,155.30500789801204,165.93
2026-02-18 07:30:00+01:00,169.02331983131518,187.44
2026-02-18 07:45:00+01:00,167.3721064666293,200.93
2026-02-18 08:00:00+01:00,156.80820228746944,206.43
2026-02-18 08:15:00+01:00,161.55956686412634,202.47
2026-02-18 08:30:00+01:00,161.90714813620556,182.48
2026-02-18 08:45:00+01:00,163.8744012001946,152.99
2026-02-18 09:00:00+01:00,176.82361344545157,156.12
2026-02-18 09:15:00+01:00,162.88387170603602,147.6
2026-02-18 09:30:00+01:00,156.93765275727986,125.49
2026-02-18 09:45:00+01:00,135.20638504289843,113.36
2026-02-18 10:00:00+01:00,167.88243966404374,133.54
2026-02-18 10:15:00+01:00,152.6360789790774,118.27
2026-02-18 10:30:00+01:00,143.32731903772097,109.96
2026-02-18 10:45:00+01:00,134.285171907495,101.75
2026-02-18 11:00:00+01:00,140.08432868150325,112.8
2026-02-18 11:15:00+01:00,131.75289777662937,106.17
2026-02-18 11:30:00+01:00,124.55966858823072,104.34
2026-02-18 11:45:00+01:00,129.3757870792578,101.58
2026-02-18 12:00:00+01:00,123.16525554638531,105.21
2026-02-18 12:15:00+01:00,117.87381245670818,100.81
2026-02-18 12:30:00+01:00,118.01694472816716,99.29
2026-02-18 12:45:00+01:00,122.01082928327766,100.02
2026-02-18 13:00:00+01:00,117.77632712856344,102.36
2026-02-18 13:15:00+01:00,122.89418461053812,100.82
2026-02-18 13:30:00+01:00,120.96898544074543,99.84
2026-02-18 13:45:00+01:00,112.15062334537046,98.99
2026-02-18 14:00:00+01:00,119.74081775114567,97.88
2026-02-18 14:15:00+01:00,126.71467331632732,100.06
2026-02-18 14:30:00+01:00,125.59284219934938,106.16
2026-02-18 14:45:00+01:00,126.40407571721404,110.47
2026-02-18 15:00:00+01:00,119.09241748719238,106.16
2026-02-18 15:15:00+01:00,120.05947008656399,109.5
2026-02-18 15:30:00+01:00,132.75624577069456,114.99
2026-02-18 15:45:00+01:00,134.3680824171047,125.71
2026-02-18 16:00:00+01:00,132.86049208933264,111.0
2026-02-18 16:15:00+01:00,132.46293837835876,120.43
2026-02-18 16:30:00+01:00,128.67692244819014,128.14
2026-02-18 16:45:00+01:00,128.98982365754796,128.76
2026-02-18 17:00:00+01:00,121.85646762967339,137.99
2026-02-18 17:15:00+01:00,132.8449938091585,137.3
2026-02-18 17:30:00+01:00,134.8040785612545,142.38
2026-02-18 17:45:00+01:00,154.4039798368352,143.95
2026-02-18 18:00:00+01:00,150.70544317511238,153.49
2026-02-18 18:15:00+01:00,142.63174829572097,144.94
2026-02-18 18:30:00+01:00,133.9259628254101,139.09
2026-02-18 18:45:00+01:00,144.4990195260933,132.87
2026-02-18 19:00:00+01:00,141.45524635384726,129.54
2026-02-18 19:15:00+01:00,140.357909659683,120.5
2026-02-18 19:30:00+01:00,131.3560938645621,119.46
2026-02-18 19:45:00+01:00,114.59798110241437,109.87
2026-02-18 20:00:00+01:00,135.22632931243862,117.63
2026-02-18 20:15:00+01:00,117.53270679423456,103.29
2026-02-18 20:30:00+01:00,109.28089722431282,97.78
2026-02-18 20:45:00+01:00,109.07136831887209,91.98
2026-02-18 21:00:00+01:00,120.28057187044611,106.14
2026-02-18 21:15:00+01:00,113.19665557053432,101.21
2026-02-18 21:30:00+01:00,104.72874250962425,88.95
2026-02-18 21:45:00+01:00,100.17733806938242,88.26
2026-02-18 22:00:00+01:00,111.83249841623936,101.94
2026-02-18 22:15:00+01:00,107.15587285878729,96.01
2026-02-18 22:30:00+01:00,101.1885769342987,90.79
2026-02-18 22:45:00+01:00,97.63506411525206,91.65
2026-02-18 23:00:00+01:00,105.15910262955565,97.42
2026-02-18 23:15:00+01:00,98.51112567852071,92.41
2026-02-18 23:30:00+01:00,92.94869503171172,86.92
2026-02-18 23:45:00+01:00,89.60296528958982,81.11
2026-02-19 00:00:00+01:00,96.76420813906556,87.84
2026-02-19 00:15:00+01:00,94.79516257807748,83.29
2026-02-19 00:30:00+01:00,85.99126168893142,83.29
2026-02-19 00:45:00+01:00,84.54292149110465,80.68
2026-02-19 01:00:00+01:00,93.27191915794478,86.75
2026-02-19 01:15:00+01:00,89.65411821352096,83.83
2026-02-19 01:30:00+01:00,87.69513833181608,80.8
2026-02-19 01:45:00+01:00,86.15517487397699,76.02
2026-02-19 02:00:00+01:00,89.8140385455081,84.89
2026-02-19 02:15:00+01:00,87.42731059574376,82.0
2026-02-19 02:30:00+01:00,85.73859976211664,81.0
2026-02-19 02:45:00+01:00,84.70106272079452,79.83
2026-02-19 03:00:00+01:00,88.37541786392683,83.58
2026-02-19 03:15:00+01:00,85.9564240776838,80.76
2026-02-19 03:30:00+01:00,84.35901312376876,80.67
2026-02-19 03:45:00+01:00,81.40078565519667,80.79
2026-02-19 04:00:00+01:00,83.92668064602432,74.09
2026-02-19 04:15:00+01:00,83.421108060362,76.14
2026-02-19 04:30:00+01:00,85.84414637724659,78.71
2026-02-19 04:45:00+01:00,86.04095182016414,81.68
2026-02-19 05:00:00+01:00,85.49845737164019,79.61
2026-02-19 05:15:00+01:00,85.98553124107264,82.26
2026-02-19 05:30:00+01:00,89.11598627583619,86.39
2026-02-19 05:45:00+01:00,94.34798515839408,88.34
2026-02-19 06:00:00+01:00,86.16146812046976,79.98
2026-02-19 06:15:00+01:00,101.95839667273732,83.37
2026-02-19 06:30:00+01:00,107.005536744495,87.18
2026-02-19 06:45:00+01:00,111.76921828148164,97.92
2026-02-19 07:00:00+01:00,103.82163057192463,82.01
2026-02-19 07:15:00+01:00,110.26809059576865,89.34
2026-02-19 07:30:00+01:00,124.39262618751634,93.55
2026-02-19 07:45:00+01:00,123.42064768384962,92.05
2026-02-19 08:00:00+01:00,134.50723686837006,94.37
2026-02-19 08:15:00+01:00,135.10119862495694,97.84
2026-02-19 08:30:00+01:00,137.4121867902164,98.26
2026-02-19 08:45:00+01:00,128.76566633990132,97.31
2026-02-19 09:00:00+01:00,130.54529942951478,105.63
2026-02-19 09:15:00+01:00,124.15007765328998,104.25
2026-02-19 09:30:00+01:00,117.5405903527835,103.58
2026-02-19 09:45:00+01:00,111.79848625134473,100.98
2026-02-19 10:00:00+01:00,126.75372330645342,106.81
2026-02-19 10:15:00+01:00,114.58475059910789,101.26
2026-02-19 10:30:00+01:00,110.29979142511837,98.3
2026-02-19 10:45:00+01:00,105.4908968885173,97.61
2026-02-19 11:00:00+01:00,110.1212805945679,97.22
2026-02-19 11:15:00+01:00,105.26233763791647,96.84
2026-02-19 11:30:00+01:00,103.95964900979092,95.3
2026-02-19 11:45:00+01:00,101.21792182561605,91.07
2026-02-19 12:00:00+01:00,103.4292599523458,94.52
2026-02-19 12:15:00+01:00,104.28772403098078,90.17
2026-02-19 12:30:00+01:00,100.56818833849422,89.5
2026-02-19 12:45:00+01:00,97.5102897244186,89.81
2026-02-19 13:00:00+01:00,100.88647120454065,90.86
2026-02-19 13:15:00+01:00,97.54026675741052,90.16
2026-02-19 13:30:00+01:00,91.5896381410058,89.76
2026-02-19 13:45:00+01:00,94.9802314491166,89.62
2026-02-19 14:00:00+01:00,91.7843000808691,89.19
2026-02-19 14:15:00+01:00,88.90612921372552,89.7
2026-02-19 14:30:00+01:00,94.06954177472679,89.96
2026-02-19 14:45:00+01:00,102.3440957821403,91.79
2026-02-19 15:00:00+01:00,95.82194778062664,85.28
2026-02-19 15:15:00+01:00,102.62980193084604,88.35
2026-02-19 15:30:00+01:00,108.74371106528906,96.49
2026-02-19 15:45:00+01:00,111.35974918374193,100.23
2026-02-19 16:00:00+01:00,104.50239716967498,88.0
2026-02-19 16:15:00+01:00,111.05280911858296,96.53
2026-02-19 16:30:00+01:00,111.9896108317834,99.33
2026-02-19 16:45:00+01:00,115.1332785981832,101.71
2026-02-19 17:00:00+01:00,111.45709704054289,98.21
2026-02-19 17:15:00+01:00,110.36032198288285,103.36
2026-02-19 17:30:00+01:00,118.50992491165184,108.93
2026-02-19 17:45:00+01:00,123.54222317886382,112.27
2026-02-19 18:00:00+01:00,119.90042466581879,103.92
2026-02-19 18:15:00+01:00,122.07067258077507,106.95
2026-02-19 18:30:00+01:00,123.30646954324277,120.04
2026-02-19 18:45:00+01:00,125.22408225646367,123.16
2026-02-19 19:00:00+01:00,122.64060485379346,123.65
2026-02-19 19:15:00+01:00,115.41777728443742,117.36
2026-02-19 19:30:00+01:00,112.59189120818218,104.44
2026-02-19 19:45:00+01:00,117.5193271032399,100.09
2026-02-19 20:00:00+01:00,113.301584107338,110.58
2026-02-19 20:15:00+01:00,115.22533865584326,100.0
2026-02-19 20:30:00+01:00,110.97451792341923,97.75
2026-02-19 20:45:00+01:00,107.35697021390777,93.61
2026-02-19 21:00:00+01:00,110.8098954733985,103.92
2026-02-19 21:15:00+01:00,106.98685050358438,97.52
2026-02-19 21:30:00+01:00,101.05065673920146,97.09
2026-02-19 21:45:00+01:00,95.5101979847857,93.93
2026-02-19 22:00:00+01:00,108.82524207218742,98.96
2026-02-19 22:15:00+01:00,102.24843460883554,96.86
2026-02-19 22:30:00+01:00,103.469724644849,89.05
2026-02-19 22:45:00+01:00,100.42743910151322,83.53
2026-02-19 23:00:00+01:00,102.56264767832718,90.72
2026-02-19 23:15:00+01:00,97.12629003337882,85.34
2026-02-19 23:30:00+01:00,96.55015050823616,83.2
2026-02-19 23:45:00+01:00,91.53799536968275,81.48
2026-02-20 00:00:00+01:00,90.29198242045364,87.53
2026-02-20 00:15:00+01:00,89.72184174403671,85.16
2026-02-20 00:30:00+01:00,87.17590464921648,86.27
2026-02-20 00:45:00+01:00,85.29655523183234,85.28
2026-02-20 01:00:00+01:00,85.4121067998055,86.83
2026-02-20 01:15:00+01:00,83.2178135375623,86.57
2026-02-20 01:30:00+01:00,83.94720215548372,85.62
2026-02-20 01:45:00+01:00,82.56725186832976,84.69
2026-02-20 02:00:00+01:00,80.97318174650515,86.25
2026-02-20 02:15:00+01:00,78.4604631886622,85.28
2026-02-20 02:30:00+01:00,78.78543611071058,84.57
2026-02-20 02:45:00+01:00,76.12950689690096,85.65
2026-02-20 03:00:00+01:00,79.56582868312728,84.74
2026-02-20 03:15:00+01:00,77.99606369872602,84.74
2026-02-20 03:30:00+01:00,77.81502631349109,84.86
2026-02-20 03:45:00+01:00,77.79144099472734,85.18
2026-02-20 04:00:00+01:00,76.88034653216017,82.4
2026-02-20 04:15:00+01:00,76.65540550847952,83.41
2026-02-20 04:30:00+01:00,76.31653432920285,85.08
2026-02-20 04:45:00+01:00,79.10923888228315,86.78
2026-02-20 05:00:00+01:00,79.39577093598707,85.53
2026-02-20 05:15:00+01:00,77.33740133742572,85.32
2026-02-20 05:30:00+01:00,80.36979037683162,89.61
2026-02-20 05:45:00+01:00,88.94044945983234,100.62
2026-02-20 06:00:00+01:00,78.72476349258245,85.22
2026-02-20 06:15:00+01:00,90.85516564518164,105.27
2026-02-20 06:30:00+01:00,89.46246225539763,111.97
2026-02-20 06:45:00+01:00,106.59823358879028,116.87
2026-02-20 07:00:00+01:00,99.26634448416453,109.21
2026-02-20 07:15:00+01:00,104.72929830581101,112.4
2026-02-20 07:30:00+01:00,111.98269603973766,118.81
2026-02-20 07:45:00+01:00,117.57654516645223,114.71
2026-02-20 08:00:00+01:00,114.51674445745859,121.17
2026-02-20 08:15:00+01:00,118.0567538568923,121.93
2026-02-20 08:30:00+01:00,117.37501929187225,114.72
2026-02-20 08:45:00+01:00,108.54931105368149,106.75
2026-02-20 09:00:00+01:00,124.35180411860053,122.42
2026-02-20 09:15:00+01:00,116.93340668412553,115.72
2026-02-20 09:30:00+01:00,111.58646292195606,104.29
2026-02-20 09:45:00+01:00,105.8010273893138,94.3
2026-02-20 10:00:00+01:00,114.13298120005102,103.41
2026-02-20 10:15:00+01:00,104.43255696570567,94.34
2026-02-20 10:30:00+01:00,101.18999297418975,85.05
2026-02-20 10:45:00+01:00,96.29386980729933,81.6
2026-02-20 11:00:00+01:00,98.77175950807894,90.08
2026-02-20 11:15:00+01:00,97.76217724344964,85.9
2026-02-20 11:30:00+01:00,93.10268412764695,82.71
2026-02-20 11:45:00+01:00,90.36021798690432,76.04
2026-02-20 12:00:00+01:00,96.35033206586286,84.93
2026-02-20 12:15:00+01:00,91.38716066058873,82.41
2026-02-20 12:30:00+01:00,88.18993186383284,79.02
2026-02-20 12:45:00+01:00,89.98535277683123,77.69
2026-02-20 13:00:00+01:00,90.2111963229265,80.22
2026-02-20 13:15:00+01:00,90.94281746143893,81.02
2026-02-20 13:30:00+01:00,87.05292225302301,80.52
2026-02-20 13:45:00+01:00,90.1458702793916,76.64
2026-02-20 14:00:00+01:00,85.85645201122017,75.62
2026-02-20 14:15:00+01:00,84.50842766466067,80.13
2026-02-20 14:30:00+01:00,95.87283700103633,81.04
2026-02-20 14:45:00+01:00,99.58906421511338,83.04
2026-02-20 15:00:00+01:00,92.65300366513725,73.55
2026-02-20 15:15:00+01:00,96.11793567775128,83.59
2026-02-20 15:30:00+01:00,99.78735720714381,85.41
2026-02-20 15:45:00+01:00,106.27806406575148,91.31
2026-02-20 16:00:00+01:00,96.40314588591018,82.52
2026-02-20 16:15:00+01:00,103.2674407559184,93.41
2026-02-20 16:30:00+01:00,108.02358147934616,94.73
2026-02-20 16:45:00+01:00,106.63704881061511,96.77
2026-02-20 17:00:00+01:00,104.7274718226054,97.39
2026-02-20 17:15:00+01:00,103.03558103971915,99.46
2026-02-20 17:30:00+01:00,109.47188347349746,104.94
2026-02-20 17:45:00+01:00,113.72431049532504,103.96
2026-02-20 18:00:00+01:00,112.46980609102502,98.57
2026-02-20 18:15:00+01:00,114.0795028543393,98.16
2026-02-20 18:30:00+01:00,121.98741189910731,90.34
2026-02-20 18:45:00+01:00,119.37870848183633,88.06
2026-02-20 19:00:00+01:00,120.03589715769772,91.46
2026-02-20 19:15:00+01:00,113.58687950669827,89.63
2026-02-20 19:30:00+01:00,110.74678487788881,82.26
2026-02-20 19:45:00+01:00,92.43696737168327,68.6
2026-02-20 20:00:00+01:00,107.6437482426691,96.0
2026-02-20 20:15:00+01:00,94.64248300639481,83.48
2026-02-20 20:30:00+01:00,87.60964929829102,73.02
2026-02-20 20:45:00+01:00,86.08008194373545,62.36
2026-02-20 21:00:00+01:00,93.92763777848145,87.84
2026-02-20 21:15:00+01:00,90.35568052127212,75.43
2026-02-20 21:30:00+01:00,85.27226923578867,61.88
2026-02-20 21:45:00+01:00,79.96320410676418,46.84
2026-02-20 22:00:00+01:00,93.02608205564142,81.64
2026-02-20 22:15:00+01:00,85.26096460235792,69.55
2026-02-20 22:30:00+01:00,78.95427612777458,61.26
2026-02-20 22:45:00+01:00,76.40993325104431,46.11
2026-02-20 23:00:00+01:00,90.01924008600788,59.79
2026-02-20 23:15:00+01:00,76.52520159063891,48.65
2026-02-20 23:30:00+01:00,72.90035461287195,45.6
2026-02-20 23:45:00+01:00,72.24480599586308,33.18
2026-02-21 00:00:00+01:00,65.67122847088842,56.53
2026-02-21 00:15:00+01:00,62.67964445935582,52.63
2026-02-21 00:30:00+01:00,61.51020409161058,51.49
2026-02-21 00:45:00+01:00,57.46891990099012,49.11
2026-02-21 01:00:00+01:00,61.10091806159626,52.88
2026-02-21 01:15:00+01:00,58.37177642435707,47.1
2026-02-21 01:30:00+01:00,53.17808744878026,48.18
2026-02-21 01:45:00+01:00,53.84762171676978,38.42
2026-02-21 02:00:00+01:00,52.12493244592092,50.23
2026-02-21 02:15:00+01:00,49.50229154958983,47.09
2026-02-21 02:30:00+01:00,50.973461947176155,41.52
2026-02-21 02:45:00+01:00,47.914464195715105,34.99
2026-02-21 03:00:00+01:00,51.11125764082514,46.37
2026-02-21 03:15:00+01:00,48.49506874714729,41.05
2026-02-21 03:30:00+01:00,48.41508550896505,37.58
2026-02-21 03:45:00+01:00,46.95591719944853,41.63
2026-02-21 04:00:00+01:00,48.075904620922316,40.08
2026-02-21 04:15:00+01:00,46.13465805073076,38.79
2026-02-21 04:30:00+01:00,44.734116712896906,40.03
2026-02-21 04:45:00+01:00,44.96193971885796,37.0
2026-02-21 05:00:00+01:00,45.67182291941276,36.8
2026-02-21 05:15:00+01:00,45.52918833631145,35.72
2026-02-21 05:30:00+01:00,49.545503999827524,40.16
2026-02-21 05:45:00+01:00,53.21449022584201,45.23
2026-02-21 06:00:00+01:00,49.22852625054592,24.94
2026-02-21 06:15:00+01:00,61.49657851399439,29.95
2026-02-21 06:30:00+01:00,65.5240858560164,38.01
2026-02-21 06:45:00+01:00,64.88272324035387,50.54
2026-02-21 07:00:00+01:00,59.15841514593879,42.37
2026-02-21 07:15:00+01:00,68.47577596867859,38.35
2026-02-21 07:30:00+01:00,72.01590825974266,50.66
2026-02-21 07:45:00+01:00,80.80468694271639,56.58
2026-02-21 08:00:00+01:00,82.99495734211249,51.96
2026-02-21 08:15:00+01:00,85.89939893431138,52.93
2026-02-21 08:30:00+01:00,86.07435870274352,59.08
2026-02-21 08:45:00+01:00,75.0511781113021,60.23
2026-02-21 09:00:00+01:00,96.71881102678813,60.02
2026-02-21 09:15:00+01:00,84.55020651659514,55.31
2026-02-21 09:30:00+01:00,81.1353218456769,59.95
2026-02-21 09:45:00+01:00,80.61195439352906,56.86
2026-02-21 10:00:00+01:00,79.72270365482319,64.52
2026-02-21 10:15:00+01:00,74.36399070258119,61.99
2026-02-21 10:30:00+01:00,73.91521371810197,57.18
2026-02-21 10:45:00+01:00,80.72413629833737,54.41
2026-02-21 11:00:00+01:00,66.83565750961783,61.81
2026-02-21 11:15:00+01:00,74.14417267885126,57.78
2026-02-21 11:30:00+01:00,72.87823514059167,53.96
2026-02-21 11:45:00+01:00,70.18374602937266,47.99
2026-02-21 12:00:00+01:00,75.22401181091347,61.8
2026-02-21 12:15:00+01:00,71.23882587020033,51.36
2026-02-21 12:30:00+01:00,66.02532983335212,46.47
2026-02-21 12:45:00+01:00,68.00918099984341,42.48
2026-02-21 13:00:00+01:00,74.62232245283974,47.75
2026-02-21 13:15:00+01:00,74.667119920317,44.92
2026-02-21 13:30:00+01:00,70.97944220861106,44.79
2026-02-21 13:45:00+01:00,71.19776759333828,43.19
2026-02-21 14:00:00+01:00,68.21114351835952,43.05
2026-02-21 14:15:00+01:00,73.64741270185947,50.7
2026-02-21 14:30:00+01:00,80.90196095771132,59.1
2026-02-21 14:45:00+01:00,78.34883110530328,71.17
2026-02-21 15:00:00+01:00,76.36229019230288,49.33
2026-02-21 15:15:00+01:00,80.56595694777886,60.23
2026-02-21 15:30:00+01:00,82.92758776148928,78.08
2026-02-21 15:45:00+01:00,90.51734159776065,87.9
2026-02-21 16:00:00+01:00,79.2434786223517,67.51
2026-02-21 16:15:00+01:00,83.37365434215417,82.75
2026-02-21 16:30:00+01:00,91.33209131705678,88.57
2026-02-21 16:45:00+01:00,96.80133536748444,88.93
2026-02-21 17:00:00+01:00,91.19491060790081,88.26
2026-02-21 17:15:00+01:00,95.17158597224588,96.89
2026-02-21 17:30:00+01:00,100.53860344734917,102.69
2026-02-21 17:45:00+01:00,99.08687649832777,106.7
2026-02-21 18:00:00+01:00,95.17545580631906,106.8
2026-02-21 18:15:00+01:00,98.7887292323296,109.48
2026-02-21 18:30:00+01:00,103.28817930793926,109.72
2026-02-21 18:45:00+01:00,101.21423107098782,107.25
2026-02-21 19:00:00+01:00,100.72779774272767,107.01
2026-02-21 19:15:00+01:00,103.49513972901053,101.8
2026-02-21 19:30:00+01:00,90.70951830662881,98.73
2026-02-21 19:45:00+01:00,98.1531039919101,97.15
2026-02-21 20:00:00+01:00,94.17262550897125,96.49
2026-02-21 20:15:00+01:00,95.0723042156354,87.27
2026-02-21 20:30:00+01:00,93.18621382970495,87.31
2026-02-21 20:45:00+01:00,96.81292368289634,85.32
2026-02-21 21:00:00+01:00,97.76452110418647,86.18
2026-02-21 21:15:00+01:00,95.03192020967869,84.84
2026-02-21 21:30:00+01:00,94.73842285440345,82.23
2026-02-21 21:45:00+01:00,87.56427601773576,78.0
2026-02-21 22:00:00+01:00,98.48782434540759,86.0
2026-02-21 22:15:00+01:00,95.83666222223609,80.64
2026-02-21 22:30:00+01:00,89.74700631170491,72.45
2026-02-21 22:45:00+01:00,86.3977240257992,67.28
2026-02-21 23:00:00+01:00,96.19272641475939,79.7
2026-02-21 23:15:00+01:00,89.9339766855291,73.26
2026-02-21 23:30:00+01:00,85.32223047153765,66.7
2026-02-21 23:45:00+01:00,79.17266772283182,47.18
2026-02-22 00:00:00+01:00,66.50818774290573,68.03
2026-02-22 00:15:00+01:00,66.27752561449678,59.34
2026-02-22 00:30:00+01:00,63.429938673598656,53.62
2026-02-22 00:45:00+01:00,54.06453856102205,45.71
2026-02-22 01:00:00+01:00,61.19719191970308,60.23
2026-02-22 01:15:00+01:00,53.29957837715579,55.96
2026-02-22 01:30:00+01:00,50.16234370982759,50.29
2026-02-22 01:45:00+01:00,51.0179673277754,43.56
2026-02-22 02:00:00+01:00,56.03521023908666,50.01
2026-02-22 02:15:00+01:00,53.78166909126705,45.44
2026-02-22 02:30:00+01:00,47.00986827166647,41.68
2026-02-22 02:45:00+01:00,43.448004631923034,39.1
2026-02-22 03:00:00+01:00,47.58670471657334,38.79
2026-02-22 03:15:00+01:00,43.05820634337905,38.07
2026-02-22 03:30:00+01:00,37.587981168772124,45.16
2026-02-22 03:45:00+01:00,35.47723950063616,41.81
2026-02-22 04:00:00+01:00,39.07838559904597,36.91
2026-02-22 04:15:00+01:00,41.93848563071805,35.54
2026-02-22 04:30:00+01:00,45.9267970406013,41.82
2026-02-22 04:45:00+01:00,36.681350346127765,41.8
2026-02-22 05:00:00+01:00,42.85654346340296,39.08
2026-02-22 05:15:00+01:00,36.66974732897332,40.08
2026-02-22 05:30:00+01:00,46.03864168436542,37.94
2026-02-22 05:45:00+01:00,48.85785854689789,36.05
2026-02-22 06:00:00+01:00,46.467400124717734,32.3
2026-02-22 06:15:00+01:00,50.31879515214057,34.0
2026-02-22 06:30:00+01:00,45.174827907087014,35.26
2026-02-22 06:45:00+01:00,55.51037048642488,37.94
2026-02-22 07:00:00+01:00,52.928325843751566,37.11
2026-02-22 07:15:00+01:00,56.09026144610588,42.65
2026-02-22 07:30:00+01:00,67.09008796283275,41.32
2026-02-22 07:45:00+01:00,64.9761941519576,44.93
2026-02-22 08:00:00+01:00,68.49258005622212,42.06
2026-02-22 08:15:00+01:00,68.34610941374739,44.33
2026-02-22 08:30:00+01:00,71.85625759192592,47.97
2026-02-22 08:45:00+01:00,73.00393262385124,55.06
2026-02-22 09:00:00+01:00,85.00340585463934,53.6
2026-02-22 09:15:00+01:00,69.96632092689947,56.09
2026-02-22 09:30:00+01:00,75.06811953006957,56.09
2026-02-22 09:45:00+01:00,69.59456462272865,56.07
2026-02-22 10:00:00+01:00,78.02937254328847,59.08
2026-02-22 10:15:00+01:00,82.76608416110327,57.35
2026-02-22 10:30:00+01:00,79.69070738851036,54.71
2026-02-22 10:45:00+01:00,78.19351115103692,49.27
2026-02-22 11:00:00+01:00,80.75638803422336,54.71
2026-02-22 11:15:00+01:00,79.80318006494059,55.84
2026-02-22 11:30:00+01:00,78.01713521272558,54.59
2026-02-22 11:45:00+01:00,72.69121406428377,50.71
2026-02-22 12:00:00+01:00,79.08031974013936,51.79
2026-02-22 12:15:00+01:00,75.975542956966,57.35
2026-02-22 12:30:00+01:00,70.91079820017642,50.37
2026-02-22 12:45:00+01:00,67.20874193034103,42.83
2026-02-22 13:00:00+01:00,74.26623347467175,56.33
2026-02-22 13:15:00+01:00,72.89482868786662,46.09
2026-02-22 13:30:00+01:00,66.89649457674619,40.97
2026-02-22 13:45:00+01:00,66.17068009986606,36.93
2026-02-22 14:00:00+01:00,70.03435729332702,44.13
2026-02-22 14:15:00+01:00,75.7014876104594,42.29
2026-02-22 14:30:00+01:00,71.38466415957546,42.02
2026-02-22 14:45:00+01:00,69.99926340639746,44.79
2026-02-22 15:00:00+01:00,64.67127212640895,45.51
2026-02-22 15:15:00+01:00,70.00784119745445,43.32
2026-02-22 15:30:00+01:00,72.33969125030258,45.51
2026-02-22 15:45:00+01:00,80.60966879007987,57.43
2026-02-22 16:00:00+01:00,66.5346353748223,52.77
2026-02-22 16:15:00+01:00,77.13710752111663,51.12
2026-02-22 16:30:00+01:00,82.22475737050173,57.46
2026-02-22 16:45:00+01:00,88.0953553833113,66.36
2026-02-22 17:00:00+01:00,82.04540250056681,66.42
2026-02-22 17:15:00+01:00,86.17349167877455,72.27
2026-02-22 17:30:00+01:00,94.96685610909049,75.88
2026-02-22 17:45:00+01:00,100.71687115210395,89.23
2026-02-22 18:00:00+01:00,95.29709718512237,74.81
2026-02-22 18:15:00+01:00,96.49660307275279,81.23
2026-02-22 18:30:00+01:00,98.67409985608876,82.0
2026-02-22 18:45:00+01:00,93.95049444741736,79.73
2026-02-22 19:00:00+01:00,97.5246930637437,73.0
2026-02-22 19:15:00+01:00,91.00690102072413,75.28
2026-02-22 19:30:00+01:00,88.88059371775796,80.2
2026-02-22 19:45:00+01:00,78.22671583220823,72.0
2026-02-22 20:00:00+01:00,84.4656710176545,71.98
2026-02-22 20:15:00+01:00,82.91385382398983,68.91
2026-02-22 20:30:00+01:00,74.87259977983149,68.24
2026-02-22 20:45:00+01:00,67.04694045518605,64.94
2026-02-22 21:00:00+01:00,74.27191209516693,69.11
2026-02-22 21:15:00+01:00,77.09430612968042,68.12
2026-02-22 21:30:00+01:00,69.29818068937865,68.97
2026-02-22 21:45:00+01:00,61.603061087902326,64.56
2026-02-22 22:00:00+01:00,73.80612206357668,79.94
2026-02-22 22:15:00+01:00,68.0643047350866,76.39
2026-02-22 22:30:00+01:00,70.42907916959584,69.22
2026-02-22 22:45:00+01:00,63.184589579336524,56.09
2026-02-22 23:00:00+01:00,62.52922248442165,71.17
2026-02-22 23:15:00+01:00,64.7128737184996,56.16
2026-02-22 23:30:00+01:00,63.170318353549334,49.36
2026-02-22 23:45:00+01:00,56.53054934048414,31.1
2026-02-23 00:00:00+01:00,59.57558143196659,50.7
2026-02-23 00:15:00+01:00,54.49992405016056,45.71
2026-02-23 00:30:00+01:00,52.961650206970404,37.92
2026-02-23 00:45:00+01:00,50.654392957487104,47.07
2026-02-23 01:00:00+01:00,55.23215833427522,46.0
2026-02-23 01:15:00+01:00,48.598127229382904,43.14
2026-02-23 01:30:00+01:00,53.0341799302362,42.73
2026-02-23 01:45:00+01:00,42.569718745644835,50.18
2026-02-23 02:00:00+01:00,51.822831225810575,45.92
2026-02-23 02:15:00+01:00,52.941515938521306,43.52
2026-02-23 02:30:00+01:00,47.49924766219613,45.56
2026-02-23 02:45:00+01:00,42.3778601978808,40.9
2026-02-23 03:00:00+01:00,50.47171523486415,45.23
2026-02-23 03:15:00+01:00,47.85315633381035,45.1
2026-02-23 03:30:00+01:00,43.783446775280595,44.29
2026-02-23 03:45:00+01:00,42.5080965236498,45.04
2026-02-23 04:00:00+01:00,42.12900448098594,40.75
2026-02-23 04:15:00+01:00,44.7799516580786,44.14
2026-02-23 04:30:00+01:00,44.2208561333262,46.7
2026-02-23 04:45:00+01:00,46.894833751665736,48.99
2026-02-23 05:00:00+01:00,46.21725199379184,47.75
2026-02-23 05:15:00+01:00,42.58505322951002,42.73
2026-02-23 05:30:00+01:00,46.9417303620844,55.11
2026-02-23 05:45:00+01:00,47.46523145923566,78.69
2026-02-23 06:00:00+01:00,30.73792680361901,55.27
2026-02-23 06:15:00+01:00,36.0489869227419,74.45
2026-02-23 06:30:00+01:00,39.60539725348033,88.12
2026-02-23 06:45:00+01:00,74.62647834064093,93.21
2026-02-23 07:00:00+01:00,47.80175930371407,91.8
2026-02-23 07:15:00+01:00,56.959046536213776,94.78
2026-02-23 07:30:00+01:00,73.32594547214327,98.57
2026-02-23 07:45:00+01:00,76.20819552586036,98.68
2026-02-23 08:00:00+01:00,63.86000838175832,102.64
2026-02-23 08:15:00+01:00,83.12179683909113,100.49
2026-02-23 08:30:00+01:00,80.72385760912388,99.02
2026-02-23 08:45:00+01:00,76.85697353813272,94.02
2026-02-23 09:00:00+01:00,93.34802395554624,97.26
2026-02-23 09:15:00+01:00,76.85539572664547,94.73
2026-02-23 09:30:00+01:00,69.97917825769939,89.81
2026-02-23 09:45:00+01:00,75.32360634597323,68.07
2026-02-23 10:00:00+01:00,64.26398338276942,92.85
2026-02-23 10:15:00+01:00,64.12710210655534,88.14
2026-02-23 10:30:00+01:00,61.3949255007918,58.16
2026-02-23 10:45:00+01:00,63.20225968466018,28.91
2026-02-23 11:00:00+01:00,61.40372121104706,60.36
2026-02-23 11:15:00+01:00,58.31450289918826,64.46
2026-02-23 11:30:00+01:00,55.48706250095907,47.89
2026-02-23 11:45:00+01:00,50.088309760205135,22.69
2026-02-23 12:00:00+01:00,57.88657362643098,22.95
2026-02-23 12:15:00+01:00,56.834925865570504,5.0
2026-02-23 12:30:00+01:00,51.304040930733365,2.5
2026-02-23 12:45:00+01:00,48.08165281458504,1.07
2026-02-23 13:00:00+01:00,60.21928435377259,2.25
2026-02-23 13:15:00+01:00,57.742342053262334,1.16
2026-02-23 13:30:00+01:00,47.70048508893621,1.36
2026-02-23 13:45:00+01:00,47.95993137471735,6.84
2026-02-23 14:00:00+01:00,54.66777019089604,10.1
2026-02-23 14:15:00+01:00,49.416255158461716,33.32
2026-02-23 14:30:00+01:00,60.32536028079768,47.16
2026-02-23 14:45:00+01:00,66.82544729541468,48.99
2026-02-23 15:00:00+01:00,60.88259313935306,20.09
2026-02-23 15:15:00+01:00,56.71951448286887,39.0
2026-02-23 15:30:00+01:00,74.4314527001506,78.44
2026-02-23 15:45:00+01:00,76.63087845160013,96.5
2026-02-23 16:00:00+01:00,63.07892120329822,41.64
2026-02-23 16:15:00+01:00,71.81299681141554,80.42
2026-02-23 16:30:00+01:00,80.9428325165459,93.56
2026-02-23 16:45:00+01:00,88.15122531751544,102.41
2026-02-23 17:00:00+01:00,86.31077889218548,83.61
2026-02-23 17:15:00+01:00,104.88781784098961,96.58
2026-02-23 17:30:00+01:00,110.14815257451468,99.57
2026-02-23 17:45:00+01:00,109.2340982641948,104.6
2026-02-23 18:00:00+01:00,104.26043854612384,103.96
2026-02-23 18:15:00+01:00,96.24686197792018,105.46
2026-02-23 18:30:00+01:00,103.42297417862109,105.99
2026-02-23 18:45:00+01:00,107.30512716713508,113.67
2026-02-23 19:00:00+01:00,100.8892935067475,109.04
2026-02-23 19:15:00+01:00,101.46906759417563,110.49
2026-02-23 19:30:00+01:00,96.43297638184013,110.91
2026-02-23 19:45:00+01:00,95.53411996833584,113.15
2026-02-23 20:00:00+01:00,93.65893600878289,102.74
2026-02-23 20:15:00+01:00,87.90856965113505,102.8
2026-02-23 20:30:00+01:00,88.21266215839121,93.74
2026-02-23 20:45:00+01:00,82.59008821074592,92.82
2026-02-23 21:00:00+01:00,84.26609975397729,101.27
2026-02-23 21:15:00+01:00,84.14710331039568,99.93
2026-02-23 21:30:00+01:00,77.98607317605862,95.36
2026-02-23 21:45:00+01:00,68.5198516235318,92.38
2026-02-23 22:00:00+01:00,86.74026165320794,100.65
2026-02-23 22:15:00+01:00,80.0939474523298,96.97
2026-02-23 22:30:00+01:00,78.08534933564424,95.37
2026-02-23 22:45:00+01:00,78.85222431351285,90.43
2026-02-23 23:00:00+01:00,79.84225851129948,91.26
2026-02-23 23:15:00+01:00,73.41710698853274,87.89
2026-02-23 23:30:00+01:00,71.62550252309963,87.3
2026-02-23 23:45:00+01:00,65.73772140273854,82.7
2026-02-24 00:00:00+01:00,91.50531758050775,83.99
2026-02-24 00:15:00+01:00,86.71970315424105,84.22
2026-02-24 00:30:00+01:00,85.37595301520409,83.68
2026-02-24 00:45:00+01:00,84.65040929750924,77.54
2026-02-24 01:00:00+01:00,85.74711300299612,83.47
2026-02-24 01:15:00+01:00,85.48117415861913,83.82
2026-02-24 01:30:00+01:00,85.41518725696257,84.2
2026-02-24 01:45:00+01:00,86.39892411074956,84.36
2026-02-24 02:00:00+01:00,84.73514802374754,85.16
2026-02-24 02:15:00+01:00,86.24557654156494,85.66
2026-02-24 02:30:00+01:00,87.93617904328303,85.82
2026-02-24 02:45:00+01:00,87.97112924610256,87.26
2026-02-24 03:00:00+01:00,87.01596685867217,84.15
2026-02-24 03:15:00+01:00,87.29555968840658,85.69
2026-02-24 03:30:00+01:00,86.1961432593789,86.58
2026-02-24 03:45:00+01:00,87.16196159579914,89.38
2026-02-24 04:00:00+01:00,84.81804234941445,87.23
2026-02-24 04:15:00+01:00,84.18673861802343,87.64
2026-02-24 04:30:00+01:00,86.15863434306246,88.01
2026-02-24 04:45:00+01:00,90.00259144377218,89.94
2026-02-24 05:00:00+01:00,89.37885707309282,87.66
2026-02-24 05:15:00+01:00,88.22984113439239,88.73
2026-02-24 05:30:00+01:00,89.81522592234732,96.95
2026-02-24 05:45:00+01:00,101.51172311211786,103.34
2026-02-24 06:00:00+01:00,85.01071600667481,94.0
2026-02-24 06:15:00+01:00,100.18355256285373,106.15
2026-02-24 06:30:00+01:00,108.37041577654814,118.74
2026-02-24 06:45:00+01:00,117.04208358291746,125.6
2026-02-24 07:00:00+01:00,111.84273946752447,118.67
2026-02-24 07:15:00+01:00,123.3141809775823,129.59
2026-02-24 07:30:00+01:00,127.61453592398495,138.39
2026-02-24 07:45:00+01:00,138.9564432671618,145.74
2026-02-24 08:00:00+01:00,129.55624515465973,140.56
2026-02-24 08:15:00+01:00,135.0574499310377,147.1
2026-02-24 08:30:00+01:00,146.74480382860622,151.38
2026-02-24 08:45:00+01:00,145.83200072595207,150.86
2026-02-24 09:00:00+01:00,151.60834751587117,147.02
2026-02-24 09:15:00+01:00,141.48574723135306,145.18
2026-02-24 09:30:00+01:00,131.2548563990722,139.39
2026-02-24 09:45:00+01:00,111.58553914695884,131.29
2026-02-24 10:00:00+01:00,146.57624297141464,149.6
2026-02-24 10:15:00+01:00,115.46803943784461,130.37
2026-02-24 10:30:00+01:00,98.23070767591314,121.62
2026-02-24 10:45:00+01:00,88.82303520201091,113.48
2026-02-24 11:00:00+01:00,98.6519217899341,120.98
2026-02-24 11:15:00+01:00,89.44640257765879,111.61
2026-02-24 11:30:00+01:00,89.25996309109524,109.84
2026-02-24 11:45:00+01:00,90.09910199993666,103.15
2026-02-24 12:00:00+01:00,91.6389458963003,104.44
2026-02-24 12:15:00+01:00,92.39118578866822,99.95
2026-02-24 12:30:00+01:00,87.11401575816129,98.57
2026-02-24 12:45:00+01:00,86.54484807245662,97.8
2026-02-24 13:00:00+01:00,85.55774096798038,101.02
2026-02-24 13:15:00+01:00,87.27215873896127,99.98
2026-02-24 13:30:00+01:00,92.237797853402,98.45
2026-02-24 13:45:00+01:00,95.93273321146198,97.75
2026-02-24 14:00:00+01:00,88.82005989708648,90.33
2026-02-24 14:15:00+01:00,98.88827946823535,95.06
2026-02-24 14:30:00+01:00,115.38388279816562,96.28
2026-02-24 14:45:00+01:00,121.20144410694942,98.35
2026-02-24 15:00:00+01:00,108.06047561269736,97.87
2026-02-24 15:15:00+01:00,111.10391413139703,100.19
2026-02-24 15:30:00+01:00,140.5132606031443,107.99
2026-02-24 15:45:00+01:00,152.2420437346206,122.24
2026-02-24 16:00:00+01:00,126.0405382736106,111.0
2026-02-24 16:15:00+01:00,140.67517435039392,115.74
2026-02-24 16:30:00+01:00,159.4187877567046,131.49
2026-02-24 16:45:00+01:00,174.08514540721134,145.0
2026-02-24 17:00:00+01:00,175.68235556329333,132.44
2026-02-24 17:15:00+01:00,190.36311392932737,157.95
2026-02-24 17:30:00+01:00,191.13872957147225,195.47
2026-02-24 17:45:00+01:00,175.51968956760604,243.02
2026-02-24 18:00:00+01:00,172.32585079034504,198.97
2026-02-24 18:15:00+01:00,161.1031080378972,193.97
2026-02-24 18:30:00+01:00,148.81204046286027,181.84
2026-02-24 18:45:00+01:00,153.05607959920155,161.41
2026-02-24 19:00:00+01:00,175.04277732493986,179.73
2026-02-24 19:15:00+01:00,159.40813377173933,144.44
2026-02-24 19:30:00+01:00,131.6704451215112,137.86
2026-02-24 19:45:00+01:00,114.12606737716044,115.64
2026-02-24 20:00:00+01:00,138.57083878024056,130.83
2026-02-24 20:15:00+01:00,123.18352138235824,125.01
2026-02-24 20:30:00+01:00,113.66131494125578,115.11
2026-02-24 20:45:00+01:00,107.76006696115947,104.88
2026-02-24 21:00:00+01:00,126.3910867886112,117.82
2026-02-24 21:15:00+01:00,122.10253448977876,111.2
2026-02-24 21:30:00+01:00,107.86008774708678,106.48
2026-02-24 21:45:00+01:00,100.98113290073621,99.4
2026-02-24 22:00:00+01:00,121.33125295111921,107.43
2026-02-24 22:15:00+01:00,109.71744173297495,103.25
2026-02-24 22:30:00+01:00,100.57741308671596,100.11
2026-02-24 22:45:00+01:00,97.09886098742463,96.03
2026-02-24 23:00:00+01:00,100.09283227817828,98.11
2026-02-24 23:15:00+01:00,95.63452295479092,96.61
2026-02-24 23:30:00+01:00,91.6254868046605,92.43
2026-02-24 23:45:00+01:00,86.88143636423194,88.46
2026-02-25 00:00:00+01:00,99.20483929421025,99.04
2026-02-25 00:15:00+01:00,99.32154329103683,92.68
2026-02-25 00:30:00+01:00,95.54934723939881,89.93
2026-02-25 00:45:00+01:00,94.58295981854758,86.92
2026-02-25 01:00:00+01:00,97.33133206551545,91.48
2026-02-25 01:15:00+01:00,95.04421219736425,89.45
2026-02-25 01:30:00+01:00,91.47149277388402,85.32
2026-02-25 01:45:00+01:00,92.5788322678465,83.36
2026-02-25 02:00:00+01:00,93.14158767256188,87.69
2026-02-25 02:15:00+01:00,90.07482385940985,85.81
2026-02-25 02:30:00+01:00,90.48121900103801,83.54
2026-02-25 02:45:00+01:00,90.25220806293981,82.29
2026-02-25 03:00:00+01:00,90.06210428567928,88.53
2026-02-25 03:15:00+01:00,88.35732171148169,88.06
2026-02-25 03:30:00+01:00,88.37617338298239,88.19
2026-02-25 03:45:00+01:00,91.96990444622212,87.6
2026-02-25 04:00:00+01:00,88.32477171459796,88.31
2026-02-25 04:15:00+01:00,88.71528211765546,87.31
2026-02-25 04:30:00+01:00,90.56643452982907,89.24
2026-02-25 04:45:00+01:00,92.40429058799613,89.58
2026-02-25 05:00:00+01:00,93.08847635476516,87.14
2026-02-25 05:15:00+01:00,92.23333969222008,89.72
2026-02-25 05:30:00+01:00,99.36838561642826,96.15
2026-02-25 05:45:00+01:00,103.86765250174014,99.68
2026-02-25 06:00:00+01:00,92.60570377678589,95.7
2026-02-25 06:15:00+01:00,108.77757790124791,108.48
2026-02-25 06:30:00+01:00,118.99647791264186,120.15
2026-02-25 06:45:00+01:00,128.22312078170208,130.94
2026-02-25 07:00:00+01:00,127.53879698835338,124.64
2026-02-25 07:15:00+01:00,137.60565073866158,133.31
2026-02-25 07:30:00+01:00,144.6513469295238,136.42
2026-02-25 07:45:00+01:00,154.3124150084096,128.56
2026-02-25 08:00:00+01:00,148.81574386401525,137.57
2026-02-25 08:15:00+01:00,166.6011973487751,123.9
2026-02-25 08:30:00+01:00,159.56983340448133,115.85
2026-02-25 08:45:00+01:00,152.13700382306666,102.09
2026-02-25 09:00:00+01:00,149.00493149797958,123.76
2026-02-25 09:15:00+01:00,134.3950280056502,110.7
2026-02-25 09:30:00+01:00,128.70196422886443,100.28
2026-02-25 09:45:00+01:00,116.20060330723656,93.96
2026-02-25 10:00:00+01:00,137.25449454378463,102.16
2026-02-25 10:15:00+01:00,123.38494371795129,95.18
2026-02-25 10:30:00+01:00,111.28001537924739,85.25
2026-02-25 10:45:00+01:00,91.44377441436608,80.73
2026-02-25 11:00:00+01:00,109.24012862040384,87.43
2026-02-25 11:15:00+01:00,98.40213205314926,84.29
2026-02-25 11:30:00+01:00,92.55215358409086,82.67
2026-02-25 11:45:00+01:00,88.55758493894734,65.0
2026-02-25 12:00:00+01:00,85.40275952399526,84.4
2026-02-25 12:15:00+01:00,87.1777507499797,70.91
2026-02-25 12:30:00+01:00,82.32821966107426,57.88
2026-02-25 12:45:00+01:00,79.57900640798847,50.02
2026-02-25 13:00:00+01:00,86.39592675722002,66.07
2026-02-25 13:15:00+01:00,82.53406164316878,60.2
2026-02-25 13:30:00+01:00,80.47651729007941,58.81
2026-02-25 13:45:00+01:00,85.56995585309511,55.71
2026-02-25 14:00:00+01:00,75.50376191650079,45.03
2026-02-25 14:15:00+01:00,77.16170286196655,65.92
2026-02-25 14:30:00+01:00,87.17419360194299,75.47
2026-02-25 14:45:00+01:00,104.3400190651626,84.97
2026-02-25 15:00:00+01:00,81.83245923480077,68.65
2026-02-25 15:15:00+01:00,88.62691622682733,73.43
2026-02-25 15:30:00+01:00,109.76367734922866,86.08
2026-02-25 15:45:00+01:00,116.79637194329521,95.77
2026-02-25 16:00:00+01:00,99.21418522200305,77.13
2026-02-25 16:15:00+01:00,107.30669178755113,95.04
2026-02-25 16:30:00+01:00,115.66231891602406,103.98
2026-02-25 16:45:00+01:00,122.92239616197645,129.33
2026-02-25 17:00:00+01:00,122.47027687736959,100.37
2026-02-25 17:15:00+01:00,124.80226808456135,108.21
2026-02-25 17:30:00+01:00,124.99485486406589,120.19
2026-02-25 17:45:00+01:00,118.97568813974557,145.8
2026-02-25 18:00:00+01:00,130.14619594504103,134.34
2026-02-25 18:15:00+01:00,122.5721701320319,123.16
2026-02-25 18:30:00+01:00,124.65905218222977,114.91
2026-02-25 18:45:00+01:00,114.11093874196126,114.67
2026-02-25 19:00:00+01:00,121.90589225627788,112.9
2026-02-25 19:15:00+01:00,114.67867666081509,108.83
2026-02-25 19:30:00+01:00,112.27101126676901,104.23
2026-02-25 19:45:00+01:00,104.34991017697564,102.65
2026-02-25 20:00:00+01:00,112.26962382983038,104.99
2026-02-25 20:15:00+01:00,103.18623461391024,96.24
2026-02-25 20:30:00+01:00,97.5383106662667,91.07
2026-02-25 20:45:00+01:00,92.89723375678125,84.72
2026-02-25 21:00:00+01:00,108.58444505704385,94.9
2026-02-25 21:15:00+01:00,96.16701518024117,90.21
2026-02-25 21:30:00+01:00,93.05050813942069,85.01
2026-02-25 21:45:00+01:00,93.89600570654453,79.0
2026-02-25 22:00:00+01:00,101.8151410476521,98.99
2026-02-25 22:15:00+01:00,96.91471583294037,87.1
2026-02-25 22:30:00+01:00,92.1672523140938,82.3
2026-02-25 22:45:00+01:00,88.85185967419777,78.92
2026-02-25 23:00:00+01:00,94.68906614333119,87.83
2026-02-25 23:15:00+01:00,88.57796581571019,82.39
2026-02-25 23:30:00+01:00,85.91078944510569,78.99
2026-02-25 23:45:00+01:00,82.30243345397609,67.27
2026-02-26 00:00:00+01:00,88.2754421206576,82.39
2026-02-26 00:15:00+01:00,82.44545311322521,77.17
2026-02-26 00:30:00+01:00,74.94946571612758,75.14
2026-02-26 00:45:00+01:00,72.97744456106213,70.99
2026-02-26 01:00:00+01:00,77.66746589425134,80.0
2026-02-26 01:15:00+01:00,67.88071832399262,72.22
2026-02-26 01:30:00+01:00,69.68196128587151,70.64
2026-02-26 01:45:00+01:00,67.59080228708166,66.7
2026-02-26 02:00:00+01:00,66.22132772229654,69.24
2026-02-26 02:15:00+01:00,66.80355246042909,68.24
2026-02-26 02:30:00+01:00,67.74477568012955,68.25
2026-02-26 02:45:00+01:00,68.53367690057323,69.24
2026-02-26 03:00:00+01:00,65.36816263018089,69.46
2026-02-26 03:15:00+01:00,67.39122518659912,69.3
2026-02-26 03:30:00+01:00,67.58387745801441,70.5
2026-02-26 03:45:00+01:00,66.40356552274531,62.47
2026-02-26 04:00:00+01:00,68.04696034814643,64.47
2026-02-26 04:15:00+01:00,69.63066118934472,65.86
2026-02-26 04:30:00+01:00,71.7356030136843,68.25
2026-02-26 04:45:00+01:00,73.85050966042346,70.93
2026-02-26 05:00:00+01:00,68.84497941884698,64.38
2026-02-26 05:15:00+01:00,73.74524544848816,69.19
2026-02-26 05:30:00+01:00,77.57897069551176,76.84
2026-02-26 05:45:00+01:00,86.06746808941756,93.01
2026-02-26 06:00:00+01:00,70.62881640897595,74.06
2026-02-26 06:15:00+01:00,84.03891282589757,101.77
2026-02-26 06:30:00+01:00,93.40856836775374,112.4
2026-02-26 06:45:00+01:00,100.92961182292814,115.04
2026-02-26 07:00:00+01:00,92.01161774819015,112.0
2026-02-26 07:15:00+01:00,98.82038070278043,113.77
2026-02-26 07:30:00+01:00,107.00634544663015,112.2
2026-02-26 07:45:00+01:00,102.77612183671992,102.43
2026-02-26 08:00:00+01:00,105.53920805929909,108.19
2026-02-26 08:15:00+01:00,111.81623816727871,101.64
2026-02-26 08:30:00+01:00,98.6671669440582,95.34
2026-02-26 08:45:00+01:00,84.96174255649942,84.62
2026-02-26 09:00:00+01:00,104.64562803180449,95.51
2026-02-26 09:15:00+01:00,91.84318293533843,87.54
2026-02-26 09:30:00+01:00,92.29630618117613,71.39
2026-02-26 09:45:00+01:00,85.90099331026342,67.26
2026-02-26 10:00:00+01:00,97.48021945682456,73.47
2026-02-26 10:15:00+01:00,86.26249041511963,68.74
2026-02-26 10:30:00+01:00,77.68016864502327,66.75
2026-02-26 10:45:00+01:00,72.18453332996087,62.44
2026-02-26 11:00:00+01:00,71.73358930172293,74.62
2026-02-26 11:15:00+01:00,69.56100753963688,63.48
2026-02-26 11:30:00+01:00,66.44994302771386,50.2
2026-02-26 11:45:00+01:00,60.09285411453993,25.08
2026-02-26 12:00:00+01:00,69.22158036438304,44.09
2026-02-26 12:15:00+01:00,60.357087124690715,19.78
2026-02-26 12:30:00+01:00,51.71021081328066,8.85
2026-02-26 12:45:00+01:00,48.881002225732146,7.43
2026-02-26 13:00:00+01:00,60.072998260657414,11.31
2026-02-26 13:15:00+01:00,55.24843685461884,10.06
2026-02-26 13:30:00+01:00,53.121480409899185,13.09
2026-02-26 13:45:00+01:00,50.92284690805097,21.75
2026-02-26 14:00:00+01:00,44.08671560786468,13.52
2026-02-26 14:15:00+01:00,56.72320690306507,40.06
2026-02-26 14:30:00+01:00,69.24501114295839,56.31
2026-02-26 14:45:00+01:00,72.02630422686427,68.66
2026-02-26 15:00:00+01:00,66.09156251656387,54.12
2026-02-26 15:15:00+01:00,62.7042455133975,65.54
2026-02-26 15:30:00+01:00,87.27494605500671,73.4
2026-02-26 15:45:00+01:00,106.0288862186952,92.17
2026-02-26 16:00:00+01:00,72.01242445814486,64.68
2026-02-26 16:15:00+01:00,82.40787352337617,89.92
2026-02-26 16:30:00+01:00,95.95989474191828,109.1
2026-02-26 16:45:00+01:00,107.98392292504252,115.23
2026-02-26 17:00:00+01:00,94.15273853073614,100.79
2026-02-26 17:15:00+01:00,108.74817737314191,107.72
2026-02-26 17:30:00+01:00,115.9608120837302,114.24
2026-02-26 17:45:00+01:00,118.48184197630243,121.8
2026-02-26 18:00:00+01:00,116.94462096344924,111.53
2026-02-26 18:15:00+01:00,113.75702373632916,112.56
2026-02-26 18:30:00+01:00,115.65772267178374,114.32
2026-02-26 18:45:00+01:00,116.70737307423842,113.97
2026-02-26 19:00:00+01:00,116.35328495460462,118.5
2026-02-26 19:15:00+01:00,116.08117586009351,111.61
2026-02-26 19:30:00+01:00,105.84871474220023,104.42
2026-02-26 19:45:00+01:00,106.21133895310874,97.41
2026-02-26 20:00:00+01:00,107.48581733846531,104.99
2026-02-26 20:15:00+01:00,101.51898352120158,93.99
2026-02-26 20:30:00+01:00,97.12388254241759,90.29
2026-02-26 20:45:00+01:00,92.4716439551542,84.52
2026-02-26 21:00:00+01:00,101.92682236503072,97.23
2026-02-26 21:15:00+01:00,94.23767178101073,86.25
2026-02-26 21:30:00+01:00,87.6525754363308,81.24
2026-02-26 21:45:00+01:00,87.72738485684488,71.59
2026-02-26 22:00:00+01:00,95.76334758587805,93.23
2026-02-26 22:15:00+01:00,90.90531142973475,82.29
2026-02-26 22:30:00+01:00,85.09814103739957,76.26
2026-02-26 22:45:00+01:00,85.80536450985959,70.05
2026-02-26 23:00:00+01:00,88.17878089226988,81.97
2026-02-26 23:15:00+01:00,84.45592897958355,73.09
2026-02-26 23:30:00+01:00,81.84558966091102,67.93
2026-02-26 23:45:00+01:00,69.7085964834516,63.31
2026-02-27 00:00:00+01:00,77.70918873807341,56.57
2026-02-27 00:15:00+01:00,72.38706653628006,56.55
2026-02-27 00:30:00+01:00,74.25089998073732,52.18
2026-02-27 00:45:00+01:00,69.49016989293374,55.29
2026-02-27 01:00:00+01:00,71.58196991245104,59.39
2026-02-27 01:15:00+01:00,70.10401879156903,58.09
2026-02-27 01:30:00+01:00,67.96008734766977,53.63
2026-02-27 01:45:00+01:00,66.51676055516165,52.92
2026-02-27 02:00:00+01:00,67.14526093064634,57.73
2026-02-27 02:15:00+01:00,67.7395739809767,56.56
2026-02-27 02:30:00+01:00,69.07869514130255,57.17
2026-02-27 02:45:00+01:00,69.67189702262995,57.75
2026-02-27 03:00:00+01:00,70.2868363437018,60.34
2026-02-27 03:15:00+01:00,68.54784241919373,57.38
2026-02-27 03:30:00+01:00,70.07867730416935,59.04
2026-02-27 03:45:00+01:00,64.05959469051317,63.24
2026-02-27 04:00:00+01:00,64.27573490446983,54.99
2026-02-27 04:15:00+01:00,65.63092010951743,60.04
2026-02-27 04:30:00+01:00,68.22906714008684,63.92
2026-02-27 04:45:00+01:00,70.72424636372925,68.23
2026-02-27 05:00:00+01:00,66.7949777044448,59.8
2026-02-27 05:15:00+01:00,69.32155828023508,61.29
2026-02-27 05:30:00+01:00,76.47889757033006,70.0
2026-02-27 05:45:00+01:00,92.11349261298865,72.88
2026-02-27 06:00:00+01:00,70.80222224048215,61.0
2026-02-27 06:15:00+01:00,94.46859247558078,77.0
2026-02-27 06:30:00+01:00,96.318167810172,83.02
2026-02-27 06:45:00+01:00,95.1755631997547,85.24
2026-02-27 07:00:00+01:00,91.63869785244589,87.55
2026-02-27 07:15:00+01:00,91.58897620820785,92.22
2026-02-27 07:30:00+01:00,97.87095575333569,87.8
2026-02-27 07:45:00+01:00,99.42468476239323,86.53
2026-02-27 08:00:00+01:00,94.77516393740565,92.08
2026-02-27 08:15:00+01:00,89.95643275108533,84.78
2026-02-27 08:30:00+01:00,86.29114628359875,78.52
2026-02-27 08:45:00+01:00,82.05703373173542,61.94
2026-02-27 09:00:00+01:00,85.11698034896017,84.62
2026-02-27 09:15:00+01:00,76.40262457326992,69.0
2026-02-27 09:30:00+01:00,69.93456040769075,59.05
2026-02-27 09:45:00+01:00,67.01504771159448,44.99
2026-02-27 10:00:00+01:00,78.92259015820096,61.0
2026-02-27 10:15:00+01:00,75.30068992803726,40.08
2026-02-27 10:30:00+01:00,65.4100384537027,19.17
2026-02-27 10:45:00+01:00,66.53088326510375,5.94
2026-02-27 11:00:00+01:00,73.0542004654848,3.89
2026-02-27 11:15:00+01:00,68.08332027119266,0.0
2026-02-27 11:30:00+01:00,65.3887080277008,0.0
2026-02-27 11:45:00+01:00,41.77275017034036,-0.01
2026-02-27 12:00:00+01:00,55.9527020887282,0.0
2026-02-27 12:15:00+01:00,42.9629960717231,-0.01
2026-02-27 12:30:00+01:00,42.015232254465964,-0.01
2026-02-27 12:45:00+01:00,40.01452348318722,-0.03
2026-02-27 13:00:00+01:00,50.004490748699176,-0.01
2026-02-27 13:15:00+01:00,33.03226972933461,-0.01
2026-02-27 13:30:00+01:00,56.08753709658747,-0.01
2026-02-27 13:45:00+01:00,45.19968654278736,-0.01
2026-02-27 14:00:00+01:00,39.773627044279415,-0.01
2026-02-27 14:15:00+01:00,48.99546220106021,0.0
2026-02-27 14:30:00+01:00,62.27865737461647,1.05
2026-02-27 14:45:00+01:00,78.28214235162675,29.91
2026-02-27 15:00:00+01:00,58.84932076461707,17.34
2026-02-27 15:15:00+01:00,68.47835505369203,53.95
2026-02-27 15:30:00+01:00,78.73772004349502,77.53
2026-02-27 15:45:00+01:00,95.73539480629287,90.2
2026-02-27 16:00:00+01:00,67.42366444653481,68.59
2026-02-27 16:15:00+01:00,81.75627316256663,86.94
2026-02-27 16:30:00+01:00,100.124738727407,100.76
2026-02-27 16:45:00+01:00,119.2903101607539,111.71
2026-02-27 17:00:00+01:00,99.10054850127747,97.48
2026-02-27 17:15:00+01:00,115.11076389390767,109.68
2026-02-27 17:30:00+01:00,118.0599402992972,121.89
2026-02-27 17:45:00+01:00,121.04664725248979,131.73
2026-02-27 18:00:00+01:00,119.3654528220655,122.05
2026-02-27 18:15:00+01:00,117.69554062174076,120.0
2026-02-27 18:30:00+01:00,120.68836783062557,116.68
2026-02-27 18:45:00+01:00,117.64652371401353,113.67
2026-02-27 19:00:00+01:00,122.19058213197421,117.16
2026-02-27 19:15:00+01:00,119.36735258626338,111.29
2026-02-27 19:30:00+01:00,114.04494497881734,105.0
2026-02-27 19:45:00+01:00,106.06676310331146,103.56
2026-02-27 20:00:00+01:00,116.73536052280845,103.48
2026-02-27 20:15:00+01:00,106.0599534308504,101.77
2026-02-27 20:30:00+01:00,103.1536159522056,99.43
2026-02-27 20:45:00+01:00,97.98860621791275,95.44
2026-02-27 21:00:00+01:00,108.57304489048781,97.48
2026-02-27 21:15:00+01:00,100.48016181318614,93.01
2026-02-27 21:30:00+01:00,95.65134324502657,90.22
2026-02-27 21:45:00+01:00,88.10779002789222,83.14
2026-02-27 22:00:00+01:00,101.10930476831457,93.89
2026-02-27 22:15:00+01:00,97.97580284124271,91.43
2026-02-27 22:30:00+01:00,88.12313040686591,83.51
2026-02-27 22:45:00+01:00,84.49497066013993,81.21
2026-02-27 23:00:00+01:00,97.42026708137841,83.36
2026-02-27 23:15:00+01:00,90.49765544343343,82.21
2026-02-27 23:30:00+01:00,85.81806953482763,78.72
2026-02-27 23:45:00+01:00,82.95921941054449,75.72
2026-02-28 00:00:00+01:00,81.01914031597084,82.58
2026-02-28 00:15:00+01:00,77.76093829252585,80.7
2026-02-28 00:30:00+01:00,73.71755102809539,79.45
2026-02-28 00:45:00+01:00,72.14465115116487,77.35
2026-02-28 01:00:00+01:00,77.28197859678775,78.71
2026-02-28 01:15:00+01:00,74.03848783426737,78.0
2026-02-28 01:30:00+01:00,69.71804861189813,75.51
2026-02-28 01:45:00+01:00,65.22002248649757,73.0
2026-02-28 02:00:00+01:00,66.88919136411579,78.51
2026-02-28 02:15:00+01:00,61.97803617961834,75.08
2026-02-28 02:30:00+01:00,62.863364984551936,73.17
2026-02-28 02:45:00+01:00,65.11887364784855,72.15
2026-02-28 03:00:00+01:00,63.158184317605375,74.4
2026-02-28 03:15:00+01:00,64.74688139462553,73.01
2026-02-28 03:30:00+01:00,64.31527701521281,72.19
2026-02-28 03:45:00+01:00,63.79543553002188,67.5
2026-02-28 04:00:00+01:00,58.416921087689275,72.27
2026-02-28 04:15:00+01:00,62.939866239877134,72.32
2026-02-28 04:30:00+01:00,65.33046696989334,71.45
2026-02-28 04:45:00+01:00,68.32170116252493,71.53
2026-02-28 05:00:00+01:00,63.90594458001712,71.86
2026-02-28 05:15:00+01:00,63.11427140555525,70.65
2026-02-28 05:30:00+01:00,71.84457158456507,72.32
2026-02-28 05:45:00+01:00,78.11591486168511,74.17
2026-02-28 06:00:00+01:00,66.46704756140451,69.52
2026-02-28 06:15:00+01:00,80.0405918076571,72.25
2026-02-28 06:30:00+01:00,82.36424534091913,74.31
2026-02-28 06:45:00+01:00,86.49851735701097,75.61
2026-02-28 07:00:00+01:00,88.37976024455332,82.7
2026-02-28 07:15:00+01:00,84.70422444486414,83.01
2026-02-28 07:30:00+01:00,88.10869178148674,75.75
2026-02-28 07:45:00+01:00,86.78014045033925,63.7
2026-02-28 08:00:00+01:00,90.04791452347173,82.97
2026-02-28 08:15:00+01:00,84.87793048456288,67.78
2026-02-28 08:30:00+01:00,78.61655293334805,48.41
2026-02-28 08:45:00+01:00,70.839213133999,29.3
2026-02-28 09:00:00+01:00,82.09514032083392,47.41
2026-02-28 09:15:00+01:00,73.36283628855082,20.73
2026-02-28 09:30:00+01:00,67.07658247413201,3.04
2026-02-28 09:45:00+01:00,55.108268527610626,0.01
2026-02-28 10:00:00+01:00,73.58379405167594,0.0
2026-02-28 10:15:00+01:00,58.63738680367955,0.0
2026-02-28 10:30:00+01:00,53.82303244701725,0.0
2026-02-28 10:45:00+01:00,54.04634719930989,-0.04
2026-02-28 11:00:00+01:00,68.42072766469931,0.0
2026-02-28 11:15:00+01:00,61.37639661276058,-0.01
2026-02-28 11:30:00+01:00,57.2635041894983,-0.02
2026-02-28 11:45:00+01:00,35.03731427971897,-0.08
2026-02-28 12:00:00+01:00,49.47420829245723,-0.02
2026-02-28 12:15:00+01:00,44.63553031523777,-0.06
2026-02-28 12:30:00+01:00,34.18788797161327,-0.28
2026-02-28 12:45:00+01:00,30.753918879943825,-0.65
2026-02-28 13:00:00+01:00,39.430265190424414,-0.27
2026-02-28 13:15:00+01:00,35.72507823789244,-0.48
2026-02-28 13:30:00+01:00,33.2327597644001,-0.09
2026-02-28 13:45:00+01:00,32.526939482893496,-0.05
2026-02-28 14:00:00+01:00,30.076429963518038,-0.03
2026-02-28 14:15:00+01:00,41.28928437055468,-0.01
2026-02-28 14:30:00+01:00,45.89418168108103,0.0
2026-02-28 14:45:00+01:00,52.00627562222996,0.01
2026-02-28 15:00:00+01:00,44.13305245853892,0.0
2026-02-28 15:15:00+01:00,55.85588714061489,0.07
2026-02-28 15:30:00+01:00,74.39318084039472,10.05
2026-02-28 15:45:00+01:00,88.08706872182478,49.33
2026-02-28 16:00:00+01:00,68.2985983267715,33.96
2026-02-28 16:15:00+01:00,76.0557161770636,58.41
2026-02-28 16:30:00+01:00,91.67075984763534,80.33
2026-02-28 16:45:00+01:00,98.52430740564414,89.89
2026-02-28 17:00:00+01:00,87.64809023693076,75.05
2026-02-28 17:15:00+01:00,94.45100292364077,83.1
2026-02-28 17:30:00+01:00,104.05291527373512,96.59
2026-02-28 17:45:00+01:00,122.57640068518066,105.0
2026-02-28 18:00:00+01:00,108.68924158531529,97.21
2026-02-28 18:15:00+01:00,107.80621407411076,96.32
2026-02-28 18:30:00+01:00,112.9885744093004,96.36
2026-02-28 18:45:00+01:00,116.25144897780561,90.88
2026-02-28 19:00:00+01:00,114.81320004722339,92.25
2026-02-28 19:15:00+01:00,108.47832667995755,87.71
2026-02-28 19:30:00+01:00,106.4100015097315,85.12
2026-02-28 19:45:00+01:00,105.21175327866925,75.59
2026-02-28 20:00:00+01:00,102.97988318826309,83.37
2026-02-28 20:15:00+01:00,92.10042215873462,74.27
2026-02-28 20:30:00+01:00,89.22399568738558,61.44
2026-02-28 20:45:00+01:00,85.4637240048611,57.39
2026-02-28 21:00:00+01:00,92.35890656437185,67.91
2026-02-28 21:15:00+01:00,89.30540306617232,68.93
2026-02-28 21:30:00+01:00,82.36384960299472,67.31
2026-02-28 21:45:00+01:00,75.96771411497579,54.52
2026-02-28 22:00:00+01:00,89.94829663786857,72.78
2026-02-28 22:15:00+01:00,82.59074920440793,66.17
2026-02-28 22:30:00+01:00,79.31970272344633,64.23
2026-02-28 22:45:00+01:00,74.51857466414319,55.47
2026-02-28 23:00:00+01:00,82.98855986574614,72.72
2026-02-28 23:15:00+01:00,76.88651073041567,59.07
2026-02-28 23:30:00+01:00,72.53135912956706,59.32
2026-02-28 23:45:00+01:00,65.2745694413048,51.58
2026-03-01 00:00:00+01:00,68.25928578305661,47.65
2026-03-01 00:15:00+01:00,68.86383251711797,48.89
2026-03-01 00:30:00+01:00,65.21700182080586,46.03
2026-03-01 00:45:00+01:00,64.61615164109944,48.02
2026-03-01 01:00:00+01:00,69.07110504210438,49.0
2026-03-01 01:15:00+01:00,66.61465661974965,51.99
2026-03-01 01:30:00+01:00,61.25511546001786,52.77
2026-03-01 01:45:00+01:00,62.87245642317177,52.44
2026-03-01 02:00:00+01:00,63.2183288765584,51.69
2026-03-01 02:15:00+01:00,63.43438396723962,52.49
2026-03-01 02:30:00+01:00,64.68152723327647,55.51
2026-03-01 02:45:00+01:00,68.13600228565971,57.3
2026-03-01 03:00:00+01:00,66.7013966741096,53.34
2026-03-01 03:15:00+01:00,67.10152568598083,54.58
2026-03-01 03:30:00+01:00,70.07396108629924,58.1
2026-03-01 03:45:00+01:00,66.65149991931288,62.27
2026-03-01 04:00:00+01:00,64.3615634798281,53.08
2026-03-01 04:15:00+01:00,66.74996037911937,57.57
2026-03-01 04:30:00+01:00,67.51888394922825,64.38
2026-03-01 04:45:00+01:00,70.08087775037292,69.31
2026-03-01 05:00:00+01:00,63.817569863087925,64.0
2026-03-01 05:15:00+01:00,69.6837137547497,64.3
2026-03-01 05:30:00+01:00,73.93072067135309,65.13
2026-03-01 05:45:00+01:00,82.29447432134249,67.29
2026-03-01 06:00:00+01:00,59.434665244088265,60.27
2026-03-01 06:15:00+01:00,79.52831582083743,66.51
2026-03-01 06:30:00+01:00,84.68377262227345,68.75
2026-03-01 06:45:00+01:00,80.9755673067463,68.5
2026-03-01 07:00:00+01:00,88.26597235737447,68.47
2026-03-01 07:15:00+01:00,83.9679163361122,68.79
2026-03-01 07:30:00+01:00,75.73710069906465,67.35
2026-03-01 07:45:00+01:00,72.66915111195073,55.38
2026-03-01 08:00:00+01:00,79.08825814762872,66.89
2026-03-01 08:15:00+01:00,73.93153029135374,56.24
2026-03-01 08:30:00+01:00,70.47700860697907,45.77
2026-03-01 08:45:00+01:00,57.429311678859065,41.24
2026-03-01 09:00:00+01:00,70.8974764341288,45.87
2026-03-01 09:15:00+01:00,68.89381215907474,24.16
2026-03-01 09:30:00+01:00,60.58591061105395,9.79
2026-03-01 09:45:00+01:00,48.477573969134035,0.1
2026-03-01 10:00:00+01:00,62.33856536806381,0.87
2026-03-01 10:15:00+01:00,51.5123852691932,0.0
2026-03-01 10:30:00+01:00,36.94763079807747,-0.06
2026-03-01 10:45:00+01:00,28.42027076929986,-0.81
2026-03-01 11:00:00+01:00,43.301322355963805,0.01
2026-03-01 11:15:00+01:00,34.87161973562371,0.0
2026-03-01 11:30:00+01:00,24.78610798650398,-0.01
2026-03-01 11:45:00+01:00,14.265289648739355,-0.1
2026-03-01 12:00:00+01:00,17.14312965787788,-0.1
2026-03-01 12:15:00+01:00,17.434876504598662,-0.11
2026-03-01 12:30:00+01:00,11.246146864856811,-0.25
2026-03-01 12:45:00+01:00,8.05226461424661,-1.0
2026-03-01 13:00:00+01:00,10.692790384946349,-1.01
2026-03-01 13:15:00+01:00,7.602501560513986,-1.03
2026-03-01 13:30:00+01:00,6.977977908562011,-1.0
2026-03-01 13:45:00+01:00,17.16439271925539,-0.11
2026-03-01 14:00:00+01:00,11.777908554770406,-1.0
2026-03-01 14:15:00+01:00,21.90140363452423,-0.06
2026-03-01 14:30:00+01:00,34.36929100185607,0.0
2026-03-01 14:45:00+01:00,45.36709888683575,1.04
2026-03-01 15:00:00+01:00,32.85631413778148,0.0
2026-03-01 15:15:00+01:00,52.85323989137859,0.12
2026-03-01 15:30:00+01:00,73.59580506939038,33.61
2026-03-01 15:45:00+01:00,85.52369735922926,70.08
2026-03-01 16:00:00+01:00,60.782427219684116,37.31
2026-03-01 16:15:00+01:00,78.79047057711651,62.4
2026-03-01 16:30:00+01:00,102.33725066230099,94.66
2026-03-01 16:45:00+01:00,109.16240621949721,104.99
2026-03-01 17:00:00+01:00,99.36912787291216,92.01
2026-03-01 17:15:00+01:00,105.74702309541291,100.03
2026-03-01 17:30:00+01:00,108.16720622368985,110.0
2026-03-01 17:45:00+01:00,113.16959866958054,113.0
2026-03-01 18:00:00+01:00,115.42727652177422,108.05
2026-03-01 18:15:00+01:00,112.4459031580022,109.84
2026-03-01 18:30:00+01:00,112.03722250958326,113.06
2026-03-01 18:45:00+01:00,106.11179872900667,109.86
2026-03-01 19:00:00+01:00,110.46164919530689,104.64
2026-03-01 19:15:00+01:00,105.83907050264415,103.41
2026-03-01 19:30:00+01:00,102.65445114098944,100.04
2026-03-01 19:45:00+01:00,98.97451078924738,98.65
2026-03-01 20:00:00+01:00,96.83377689067792,96.04
2026-03-01 20:15:00+01:00,97.34814051507314,94.96
2026-03-01 20:30:00+01:00,87.49132594168208,89.01
2026-03-01 20:45:00+01:00,85.82980782054508,82.93
2026-03-01 21:00:00+01:00,87.32393152432326,86.77
2026-03-01 21:15:00+01:00,90.40276888617502,82.17
2026-03-01 21:30:00+01:00,86.20671120749094,80.26
2026-03-01 21:45:00+01:00,83.13618963466024,76.06
2026-03-01 22:00:00+01:00,94.34341607409667,81.11
2026-03-01 22:15:00+01:00,88.15918604723032,77.82
2026-03-01 22:30:00+01:00,85.39968431667336,73.64
2026-03-01 22:45:00+01:00,80.69606990819538,66.09
2026-03-01 23:00:00+01:00,81.07113807247052,73.88
2026-03-01 23:15:00+01:00,78.33978093292896,70.83
2026-03-01 23:30:00+01:00,75.95505867207898,68.76
2026-03-01 23:45:00+01:00,68.16160755777867,59.12
2026-03-02 00:00:00+01:00,65.96509786019685,68.0
2026-03-02 00:15:00+01:00,61.342404682290194,65.08
2026-03-02 00:30:00+01:00,62.30062412899393,65.33
2026-03-02 00:45:00+01:00,60.065724680821475,62.11
2026-03-02 01:00:00+01:00,63.312600275999884,65.0
2026-03-02 01:15:00+01:00,65.27594647092042,65.04
2026-03-02 01:30:00+01:00,63.33956092739284,67.9
2026-03-02 01:45:00+01:00,62.542225017401165,69.84
2026-03-02 02:00:00+01:00,60.98174213421331,69.66
2026-03-02 02:15:00+01:00,60.73148949815303,68.31
2026-03-02 02:30:00+01:00,62.89692620479664,69.36
2026-03-02 02:45:00+01:00,64.91533796830093,68.7
2026-03-02 03:00:00+01:00,61.57594940213264,69.72
2026-03-02 03:15:00+01:00,62.92424039209452,68.19
2026-03-02 03:30:00+01:00,65.14768674545135,68.14
2026-03-02 03:45:00+01:00,63.43370552003299,72.22
2026-03-02 04:00:00+01:00,59.21658818074934,68.29
2026-03-02 04:15:00+01:00,61.86472751688696,70.43
2026-03-02 04:30:00+01:00,64.97382479132688,76.08
2026-03-02 04:45:00+01:00,70.19195918204464,81.32
2026-03-02 05:00:00+01:00,65.14688752965696,76.4
2026-03-02 05:15:00+01:00,65.74590132163678,80.66
2026-03-02 05:30:00+01:00,69.93905343528708,87.24
2026-03-02 05:45:00+01:00,83.95939379760584,95.82
2026-03-02 06:00:00+01:00,63.255794239753115,87.15
2026-03-02 06:15:00+01:00,91.63568900252038,92.6
2026-03-02 06:30:00+01:00,100.01268291996215,107.8
2026-03-02 06:45:00+01:00,101.7121491559338,113.12
2026-03-02 07:00:00+01:00,97.88446443203088,125.4
2026-03-02 07:15:00+01:00,101.94865841401929,164.53
2026-03-02 07:30:00+01:00,102.30262129553525,142.02
2026-03-02 07:45:00+01:00,97.18542474503641,122.66
2026-03-02 08:00:00+01:00,101.30027474833808,181.0
2026-03-02 08:15:00+01:00,94.3538843276217,123.17
2026-03-02 08:30:00+01:00,89.56035358079554,108.99
2026-03-02 08:45:00+01:00,85.19098637754212,86.29
2026-03-02 09:00:00+01:00,93.50902363562196,113.91
2026-03-02 09:15:00+01:00,87.0491078527775,99.5
2026-03-02 09:30:00+01:00,70.2215567028127,85.2
2026-03-02 09:45:00+01:00,56.675048438212755,59.24
2026-03-02 10:00:00+01:00,81.87859997487541,83.85
2026-03-02 10:15:00+01:00,68.837518998901,74.99
2026-03-02 10:30:00+01:00,51.81002001001236,68.48
2026-03-02 10:45:00+01:00,45.33632945020069,52.28
2026-03-02 11:00:00+01:00,40.36442568885616,79.32
2026-03-02 11:15:00+01:00,46.47442964406874,66.31
2026-03-02 11:30:00+01:00,41.510788338944046,48.55
2026-03-02 11:45:00+01:00,20.77447885145169,20.07
2026-03-02 12:00:00+01:00,34.49683699209754,41.88
2026-03-02 12:15:00+01:00,27.47878479354118,34.99
2026-03-02 12:30:00+01:00,12.889547395295324,22.86
2026-03-02 12:45:00+01:00,7.942509280298751,16.54
2026-03-02 13:00:00+01:00,14.088078483064777,18.47
2026-03-02 13:15:00+01:00,27.186971622037973,31.42
2026-03-02 13:30:00+01:00,37.17328437070553,46.12
2026-03-02 13:45:00+01:00,27.95556807621101,65.0
2026-03-02 14:00:00+01:00,13.691144813988714,14.89
2026-03-02 14:15:00+01:00,25.81488583559613,67.0
2026-03-02 14:30:00+01:00,33.76963358391133,83.23
2026-03-02 14:45:00+01:00,61.64041814015594,91.0
2026-03-02 15:00:00+01:00,34.10102523379435,68.16
2026-03-02 15:15:00+01:00,51.649416195389435,74.95
2026-03-02 15:30:00+01:00,87.90675214301552,87.35
2026-03-02 15:45:00+01:00,100.77656994815955,109.49
2026-03-02 16:00:00+01:00,75.89555908990147,74.89
2026-03-02 16:15:00+01:00,103.37373556202556,98.23
2026-03-02 16:30:00+01:00,114.6272454918267,114.5
2026-03-02 16:45:00+01:00,127.66135528686341,148.99
2026-03-02 17:00:00+01:00,114.43299455352658,106.37
2026-03-02 17:15:00+01:00,127.91159064201975,121.0
2026-03-02 17:30:00+01:00,139.6089004591744,174.27
2026-03-02 17:45:00+01:00,136.63271532369185,292.36
2026-03-02 18:00:00+01:00,146.68069175493875,232.16
2026-03-02 18:15:00+01:00,123.74698238065758,222.31
2026-03-02 18:30:00+01:00,116.67308514466673,158.18
2026-03-02 18:45:00+01:00,116.18618012551072,139.33
2026-03-02 19:00:00+01:00,118.78099144325476,214.01
2026-03-02 19:15:00+01:00,116.20539672156491,137.13
2026-03-02 19:30:00+01:00,108.50051134907682,118.24
2026-03-02 19:45:00+01:00,105.75043686402898,105.06
2026-03-02 20:00:00+01:00,110.1815985796642,119.51
2026-03-02 20:15:00+01:00,100.7634281131942,110.58
2026-03-02 20:30:00+01:00,99.61866590051821,100.98
2026-03-02 20:45:00+01:00,93.69208902639652,99.67
2026-03-02 21:00:00+01:00,100.91381113376642,103.2
2026-03-02 21:15:00+01:00,95.1997219249495,98.99
2026-03-02 21:30:00+01:00,91.75853123067913,94.81
2026-03-02 21:45:00+01:00,82.30009039503776,88.87
2026-03-02 22:00:00+01:00,97.99518558320777,105.0
2026-03-02 22:15:00+01:00,92.5951767394995,99.21
2026-03-02 22:30:00+01:00,89.75528464933626,93.99
2026-03-02 22:45:00+01:00,81.27794942570074,89.0
2026-03-02 23:00:00+01:00,88.74233623516366,94.0
2026-03-02 23:15:00+01:00,86.13818387383307,88.62
2026-03-02 23:30:00+01:00,84.1516528779858,87.26
2026-03-02 23:45:00+01:00,78.26398951832721,85.7
2026-03-03 00:00:00+01:00,94.24589307368507,93.28
2026-03-03 00:15:00+01:00,90.58188465817442,89.95
2026-03-03 00:30:00+01:00,90.02920538571735,87.45
2026-03-03 00:45:00+01:00,87.48281844531041,85.57
2026-03-03 01:00:00+01:00,91.33295997503009,89.85
2026-03-03 01:15:00+01:00,89.02242585202634,89.41
2026-03-03 01:30:00+01:00,86.27659905087152,90.83
2026-03-03 01:45:00+01:00,86.44341271136932,90.4
2026-03-03 02:00:00+01:00,88.55480999019655,89.61
2026-03-03 02:15:00+01:00,86.76080254805176,88.82
2026-03-03 02:30:00+01:00,86.0819593003905,89.99
2026-03-03 02:45:00+01:00,85.20046972231901,89.28
2026-03-03 03:00:00+01:00,87.59134394219204,92.92
2026-03-03 03:15:00+01:00,87.9747094811129,90.16
2026-03-03 03:30:00+01:00,87.3183835787041,94.26
2026-03-03 03:45:00+01:00,87.94817756038496,93.92
2026-03-03 04:00:00+01:00,87.83542862577303,94.9
2026-03-03 04:15:00+01:00,86.94156175655029,95.08
2026-03-03 04:30:00+01:00,89.33759746638464,95.7
2026-03-03 04:45:00+01:00,89.68762235824966,97.21
2026-03-03 05:00:00+01:00,88.51718166650406,92.8
2026-03-03 05:15:00+01:00,89.59771086971999,98.95
2026-03-03 05:30:00+01:00,99.54945474541117,105.61
2026-03-03 05:45:00+01:00,105.60284173858167,115.92
2026-03-03 06:00:00+01:00,92.36255211154064,111.58
2026-03-03 06:15:00+01:00,105.67792413637684,121.93
2026-03-03 06:30:00+01:00,116.65144934266674,130.69
2026-03-03 06:45:00+01:00,127.01789424247352,179.99
2026-03-03 07:00:00+01:00,123.10331944771617,168.3
2026-03-03 07:15:00+01:00,141.1737119231052,163.52
2026-03-03 07:30:00+01:00,127.01648147947864,160.84
2026-03-03 07:45:00+01:00,115.21425184942781,132.93
2026-03-03 08:00:00+01:00,163.32973134161242,193.91
2026-03-03 08:15:00+01:00,123.87160515693719,141.04
2026-03-03 08:30:00+01:00,116.4337953676142,120.49
2026-03-03 08:45:00+01:00,91.10870723974648,91.68
2026-03-03 09:00:00+01:00,124.36373075075346,129.0
2026-03-03 09:15:00+01:00,112.94403645945232,99.28
2026-03-03 09:30:00+01:00,83.25495306940746,89.44
2026-03-03 09:45:00+01:00,74.24779233658165,80.36
2026-03-03 10:00:00+01:00,91.38359800101429,94.76
2026-03-03 10:15:00+01:00,72.0828531237191,87.19
2026-03-03 10:30:00+01:00,61.090541239442274,79.46
2026-03-03 10:45:00+01:00,60.571989549340636,51.27
2026-03-03 11:00:00+01:00,74.99371262452118,83.05
2026-03-03 11:15:00+01:00,62.52244611976048,66.31
2026-03-03 11:30:00+01:00,57.239137643301454,44.24
2026-03-03 11:45:00+01:00,43.54545713160685,30.09
2026-03-03 12:00:00+01:00,53.54388944838745,47.04
2026-03-03 12:15:00+01:00,50.52465165334875,34.99
2026-03-03 12:30:00+01:00,30.996049777089112,25.87
2026-03-03 12:45:00+01:00,26.422827842005304,21.56
2026-03-03 13:00:00+01:00,43.181633227963516,22.62
2026-03-03 13:15:00+01:00,40.93774905608945,23.7
2026-03-03 13:30:00+01:00,46.98357395714812,39.98
2026-03-03 13:45:00+01:00,60.66395828170399,56.35
2026-03-03 14:00:00+01:00,20.935496048114132,33.02
2026-03-03 14:15:00+01:00,63.0018456367661,53.13
2026-03-03 14:30:00+01:00,75.29769927584134,78.18
2026-03-03 14:45:00+01:00,86.12558696593668,92.25
2026-03-03 15:00:00+01:00,64.85737407217535,61.98
2026-03-03 15:15:00+01:00,71.02394232674337,80.16
2026-03-03 15:30:00+01:00,80.37421063358111,91.82
2026-03-03 15:45:00+01:00,112.2154300099885,113.11
2026-03-03 16:00:00+01:00,80.70860566660325,81.82
2026-03-03 16:15:00+01:00,103.44738636215844,98.06
2026-03-03 16:30:00+01:00,120.16072296726128,115.79
2026-03-03 16:45:00+01:00,156.29143224066976,161.05
2026-03-03 17:00:00+01:00,112.6544862617382,93.61
2026-03-03 17:15:00+01:00,140.32403423233214,116.73
2026-03-03 17:30:00+01:00,187.1239408287022,177.72
2026-03-03 17:45:00+01:00,189.82532005553094,246.4
2026-03-03 18:00:00+01:00,177.33972326051588,196.3
2026-03-03 18:15:00+01:00,180.52268199255792,203.42
2026-03-03 18:30:00+01:00,161.89991982360726,219.31
2026-03-03 18:45:00+01:00,152.47102190510932,198.0
2026-03-03 19:00:00+01:00,177.08698794997838,230.04
2026-03-03 19:15:00+01:00,140.25106635784726,180.27
2026-03-03 19:30:00+01:00,132.7658099858337,157.69
2026-03-03 19:45:00+01:00,114.46526125170813,125.48
2026-03-03 20:00:00+01:00,129.63744965859746,152.29
2026-03-03 20:15:00+01:00,125.22348327265209,138.31
2026-03-03 20:30:00+01:00,115.43208468572558,122.71
2026-03-03 20:45:00+01:00,108.29544913758001,113.59
2026-03-03 21:00:00+01:00,120.7542536014504,125.49
2026-03-03 21:15:00+01:00,112.55819046234285,119.73
2026-03-03 21:30:00+01:00,108.68922409198963,115.76
2026-03-03 21:45:00+01:00,99.21619685811106,103.74
2026-03-03 22:00:00+01:00,109.3000813127227,122.36
2026-03-03 22:15:00+01:00,102.03266040213124,112.45
2026-03-03 22:30:00+01:00,99.52455700903606,108.1
2026-03-03 22:45:00+01:00,96.42170919796776,102.37
2026-03-03 23:00:00+01:00,96.04594861151533,112.06
2026-03-03 23:15:00+01:00,92.86520421039266,104.52
2026-03-03 23:30:00+01:00,89.79483200952482,104.21
2026-03-03 23:45:00+01:00,85.72915944653712,97.99
2026-03-04 00:00:00+01:00,100.56299726838911,139.94
2026-03-04 00:15:00+01:00,99.13030304169688,132.3
2026-03-04 00:30:00+01:00,98.94820759136869,126.56
2026-03-04 00:45:00+01:00,94.62158994959526,117.24
2026-03-04 01:00:00+01:00,97.41998630558003,135.58
2026-03-04 01:15:00+01:00,97.90933190687609,127.43
2026-03-04 01:30:00+01:00,95.0454019203296,125.13
2026-03-04 01:45:00+01:00,95.00955040543488,123.15
2026-03-04 02:00:00+01:00,100.74931277645082,127.11
2026-03-04 02:15:00+01:00,96.80485345885323,125.79
2026-03-04 02:30:00+01:00,93.88401082040372,124.98
2026-03-04 02:45:00+01:00,94.76614472132661,123.41
2026-03-04 03:00:00+01:00,98.55783095227126,124.81
2026-03-04 03:15:00+01:00,96.82067180876999,124.73
2026-03-04 03:30:00+01:00,96.39684062669657,124.67
2026-03-04 03:45:00+01:00,96.32414289499297,124.73
2026-03-04 04:00:00+01:00,96.35322902574013,124.74
2026-03-04 04:15:00+01:00,96.57968785981294,125.08
2026-03-04 04:30:00+01:00,97.64696664982529,130.54
2026-03-04 04:45:00+01:00,96.29208309095642,132.45
2026-03-04 05:00:00+01:00,95.26344743211445,124.28
2026-03-04 05:15:00+01:00,97.0887483724188,131.94
2026-03-04 05:30:00+01:00,104.49029498137594,140.22
2026-03-04 05:45:00+01:00,108.48597056838469,168.2
2026-03-04 06:00:00+01:00,105.59668325873152,137.03
2026-03-04 06:15:00+01:00,118.12855267332698,151.57
2026-03-04 06:30:00+01:00,126.75002068293105,211.28
2026-03-04 06:45:00+01:00,151.38040998165116,301.31
2026-03-04 07:00:00+01:00,143.0673629735437,330.86
2026-03-04 07:15:00+01:00,153.2505257998895,335.18
2026-03-04 07:30:00+01:00,154.67596592665117,226.14
2026-03-04 07:45:00+01:00,127.57171877199445,177.76
2026-03-04 08:00:00+01:00,156.83510547528883,294.22
2026-03-04 08:15:00+01:00,131.98946783822308,204.5
2026-03-04 08:30:00+01:00,112.43632692138166,151.67
2026-03-04 08:45:00+01:00,93.53953170279257,123.0
2026-03-04 09:00:00+01:00,134.67132366687716,211.29
2026-03-04 09:15:00+01:00,106.35880521935572,148.65
2026-03-04 09:30:00+01:00,91.77433012822814,134.22
2026-03-04 09:45:00+01:00,72.84469206054504,108.88
2026-03-04 10:00:00+01:00,94.89251798245932,137.81
2026-03-04 10:15:00+01:00,81.77834047148474,117.03
2026-03-04 10:30:00+01:00,72.49145882071468,104.9
2026-03-04 10:45:00+01:00,45.2309567473205,81.93
2026-03-04 11:00:00+01:00,76.28706821647773,102.48
2026-03-04 11:15:00+01:00,54.85349379066776,81.0
2026-03-04 11:30:00+01:00,32.58323968351648,77.48
2026-03-04 11:45:00+01:00,19.800818084115576,52.23
2026-03-04 12:00:00+01:00,42.66159405373422,69.97
2026-03-04 12:15:00+01:00,31.023699837081878,39.99
2026-03-04 12:30:00+01:00,23.957603438653535,34.9
2026-03-04 12:45:00+01:00,19.82702126635658,25.12
2026-03-04 13:00:00+01:00,18.33888234801627,31.75
2026-03-04 13:15:00+01:00,21.653308616282985,26.92
2026-03-04 13:30:00+01:00,39.15420753740435,33.39
2026-03-04 13:45:00+01:00,53.644941833587495,39.84
2026-03-04 14:00:00+01:00,23.197654033521488,26.37
2026-03-04 14:15:00+01:00,51.40345153019915,58.19
2026-03-04 14:30:00+01:00,72.13701639796922,79.9
2026-03-04 14:45:00+01:00,87.18438278991759,97.16
2026-03-04 15:00:00+01:00,54.43569486316167,71.17
2026-03-04 15:15:00+01:00,76.72841762555244,93.06
2026-03-04 15:30:00+01:00,91.67032414544289,101.74
2026-03-04 15:45:00+01:00,109.29265628048965,130.48
2026-03-04 16:00:00+01:00,92.53401857329634,93.37
2026-03-04 16:15:00+01:00,100.71635195995431,115.24
2026-03-04 16:30:00+01:00,122.4015874366499,137.63
2026-03-04 16:45:00+01:00,164.51006848233678,202.6
2026-03-04 17:00:00+01:00,106.67564699979454,130.71
2026-03-04 17:15:00+01:00,142.5202693897389,173.91
2026-03-04 17:30:00+01:00,198.10103882317418,243.08
2026-03-04 17:45:00+01:00,186.3913848164398,429.36
2026-03-04 18:00:00+01:00,165.16805187679378,283.32
2026-03-04 18:15:00+01:00,166.51903875143933,337.19
2026-03-04 18:30:00+01:00,165.58720359139073,343.65
2026-03-04 18:45:00+01:00,168.61976763520886,279.28
2026-03-04 19:00:00+01:00,175.6729999005436,328.64
2026-03-04 19:15:00+01:00,156.30927222405035,230.1
2026-03-04 19:30:00+01:00,142.83416283266484,214.09
2026-03-04 19:45:00+01:00,117.82792155777396,185.68
2026-03-04 20:00:00+01:00,146.25450068268827,197.34
2026-03-04 20:15:00+01:00,121.26104624325454,172.0
2026-03-04 20:30:00+01:00,113.1973239052907,159.29
2026-03-04 20:45:00+01:00,105.81949032060352,150.81
2026-03-04 21:00:00+01:00,119.69394593923491,171.64
2026-03-04 21:15:00+01:00,114.76682387866954,158.39
2026-03-04 21:30:00+01:00,103.04989624326316,147.04
2026-03-04 21:45:00+01:00,99.86648974831488,130.44
2026-03-04 22:00:00+01:00,110.11777519630195,157.04
2026-03-04 22:15:00+01:00,106.45056010844249,149.48
2026-03-04 22:30:00+01:00,96.64633528898656,139.13
2026-03-04 22:45:00+01:00,96.3830533544946,123.31
2026-03-04 23:00:00+01:00,100.2767220600831,140.0
2026-03-04 23:15:00+01:00,94.51165324369006,131.9
2026-03-04 23:30:00+01:00,89.7836020815962,119.13
2026-03-04 23:45:00+01:00,87.08007095352681,108.2
2026-03-05 00:00:00+01:00,115.96700886923158,132.01
2026-03-05 00:15:00+01:00,112.14355066028794,114.61
2026-03-05 00:30:00+01:00,109.11382612041709,110.24
2026-03-05 00:45:00+01:00,105.28988522462421,109.08
2026-03-05 01:00:00+01:00,112.32482108832546,111.79
2026-03-05 01:15:00+01:00,110.42435773717382,109.93
2026-03-05 01:30:00+01:00,107.9422081032652,109.2
2026-03-05 01:45:00+01:00,106.57941985015864,108.81
2026-03-05 02:00:00+01:00,109.88632548682384,109.51
2026-03-05 02:15:00+01:00,107.36369337022398,109.44
2026-03-05 02:30:00+01:00,104.68323944600454,109.26
2026-03-05 02:45:00+01:00,104.14384462308377,108.84
2026-03-05 03:00:00+01:00,107.42985101262923,108.79
2026-03-05 03:15:00+01:00,104.6198119397582,108.5
2026-03-05 03:30:00+01:00,102.90770787018647,108.81
2026-03-05 03:45:00+01:00,102.6677611243414,109.04
2026-03-05 04:00:00+01:00,103.5614824401554,109.69
2026-03-05 04:15:00+01:00,104.40632527951855,110.23
2026-03-05 04:30:00+01:00,106.20804616745534,109.95
2026-03-05 04:45:00+01:00,105.55970188699438,114.38
2026-03-05 05:00:00+01:00,102.78893681300084,108.6
2026-03-05 05:15:00+01:00,102.83374781106637,112.12
2026-03-05 05:30:00+01:00,106.2517921725064,137.71
2026-03-05 05:45:00+01:00,114.17180143309456,149.3
2026-03-05 06:00:00+01:00,107.00620114143999,127.73
2026-03-05 06:15:00+01:00,117.79894953551735,154.25
2026-03-05 06:30:00+01:00,128.0448624215104,166.64
2026-03-05 06:45:00+01:00,146.0225709637749,168.93
2026-03-05 07:00:00+01:00,150.01861333398904,205.1
2026-03-05 07:15:00+01:00,186.43730529153822,190.58
2026-03-05 07:30:00+01:00,168.16425326820794,160.0
2026-03-05 07:45:00+01:00,144.73725587174494,146.5
2026-03-05 08:00:00+01:00,195.03306163155602,176.43
2026-03-05 08:15:00+01:00,152.16059009756432,149.94
2026-03-05 08:30:00+01:00,118.39532189561783,130.51
2026-03-05 08:45:00+01:00,103.30283522048893,100.44
2026-03-05 09:00:00+01:00,141.70425927137984,129.17
2026-03-05 09:15:00+01:00,107.3148188564494,99.11
2026-03-05 09:30:00+01:00,94.18955035658601,89.24
2026-03-05 09:45:00+01:00,85.53704870132758,70.85
2026-03-05 10:00:00+01:00,94.25218945022829,94.41
2026-03-05 10:15:00+01:00,87.96226499343732,71.0
2026-03-05 10:30:00+01:00,89.31031369474869,59.95
2026-03-05 10:45:00+01:00,69.80433099045061,31.22
2026-03-05 11:00:00+01:00,88.97048305978008,56.78
2026-03-05 11:15:00+01:00,71.72766188333551,25.59
2026-03-05 11:30:00+01:00,63.17290481605786,9.45
2026-03-05 11:45:00+01:00,41.101947052405606,0.0
2026-03-05 12:00:00+01:00,64.7973688022106,8.49
2026-03-05 12:15:00+01:00,42.779646500426615,0.0
2026-03-05 12:30:00+01:00,42.15018165224963,0.0
2026-03-05 12:45:00+01:00,35.128198616467564,0.0
2026-03-05 13:00:00+01:00,37.29623838833801,0.0
2026-03-05 13:15:00+01:00,43.53044744482114,0.0
2026-03-05 13:30:00+01:00,53.871975506649825,1.28
2026-03-05 13:45:00+01:00,39.65237163253393,10.02
2026-03-05 14:00:00+01:00,34.93808188734793,10.08
2026-03-05 14:15:00+01:00,45.53980770795037,32.29
2026-03-05 14:30:00+01:00,66.26446739675744,39.86
2026-03-05 14:45:00+01:00,91.42336775273145,73.11
2026-03-05 15:00:00+01:00,56.6394761393432,58.43
2026-03-05 15:15:00+01:00,85.14971315873075,86.53
2026-03-05 15:30:00+01:00,90.07957467120848,96.65
2026-03-05 15:45:00+01:00,119.90308387032653,118.4
2026-03-05 16:00:00+01:00,87.7422298812776,90.3
2026-03-05 16:15:00+01:00,109.75986431446435,120.39
2026-03-05 16:30:00+01:00,127.41208818534308,144.53
2026-03-05 16:45:00+01:00,193.58672719104194,195.78
2026-03-05 17:00:00+01:00,125.02443681883638,127.89
2026-03-05 17:15:00+01:00,145.58905055982518,158.28
2026-03-05 17:30:00+01:00,210.965077334208,190.36
2026-03-05 17:45:00+01:00,233.26471475669243,244.97
2026-03-05 18:00:00+01:00,185.72619678438923,230.09
2026-03-05 18:15:00+01:00,177.11598455699473,202.27
2026-03-05 18:30:00+01:00,191.98204011270855,176.93
2026-03-05 18:45:00+01:00,151.98024180712042,158.79
2026-03-05 19:00:00+01:00,176.67267324065472,199.15
2026-03-05 19:15:00+01:00,150.17372738434088,165.86
2026-03-05 19:30:00+01:00,131.36712351107155,152.89
2026-03-05 19:45:00+01:00,124.89494700263569,142.1
2026-03-05 20:00:00+01:00,125.14462777057634,149.04
2026-03-05 20:15:00+01:00,125.25666548387922,135.92
2026-03-05 20:30:00+01:00,124.2278434367503,131.82
2026-03-05 20:45:00+01:00,115.08432429501819,124.2
2026-03-05 21:00:00+01:00,124.69199002077914,145.9
2026-03-05 21:15:00+01:00,117.16782014760632,138.09
2026-03-05 21:30:00+01:00,108.62732740847736,126.68
2026-03-05 21:45:00+01:00,96.42174453818993,111.69
2026-03-05 22:00:00+01:00,111.8162949129741,136.58
2026-03-05 22:15:00+01:00,113.30641106345801,130.34
2026-03-05 22:30:00+01:00,103.54563028409277,128.27
2026-03-05 22:45:00+01:00,97.17664299013644,125.38
2026-03-05 23:00:00+01:00,101.05569676140738,128.68
2026-03-05 23:15:00+01:00,97.52106958666681,121.79
2026-03-05 23:30:00+01:00,94.95263468258811,118.33
2026-03-05 23:45:00+01:00,88.78828309763261,110.0
2026-03-06 00:00:00+01:00,119.32351472000595,103.2
2026-03-06 00:15:00+01:00,113.70681994899068,104.49
2026-03-06 00:30:00+01:00,108.3287988392268,104.44
2026-03-06 00:45:00+01:00,101.81795059564824,104.37
2026-03-06 01:00:00+01:00,111.94297818059692,106.23
2026-03-06 01:15:00+01:00,109.88798918643327,105.85
2026-03-06 01:30:00+01:00,108.4106766119486,106.92
2026-03-06 01:45:00+01:00,107.05834425251133,105.0
2026-03-06 02:00:00+01:00,109.96127812263299,109.38
2026-03-06 02:15:00+01:00,111.06222829057587,108.04
2026-03-06 02:30:00+01:00,108.13154142601155,108.57
2026-03-06 02:45:00+01:00,107.99098995687143,108.1
2026-03-06 03:00:00+01:00,107.746222199694,108.83
2026-03-06 03:15:00+01:00,104.12817706829932,108.9
2026-03-06 03:30:00+01:00,104.31460011869288,109.54
2026-03-06 03:45:00+01:00,103.66624376958438,110.83
2026-03-06 04:00:00+01:00,109.2682819999936,110.74
2026-03-06 04:15:00+01:00,108.08416614431994,109.97
2026-03-06 04:30:00+01:00,111.2713835818744,118.0
2026-03-06 04:45:00+01:00,114.77079078625823,123.29
2026-03-06 05:00:00+01:00,105.79854367351362,114.22
2026-03-06 05:15:00+01:00,109.19048693012421,121.58
2026-03-06 05:30:00+01:00,124.23503048688043,133.16
2026-03-06 05:45:00+01:00,138.30657663671246,149.67
2026-03-06 06:00:00+01:00,121.47699068844443,126.43
2026-03-06 06:15:00+01:00,136.43779231799562,147.36
2026-03-06 06:30:00+01:00,151.45746350074307,161.92
2026-03-06 06:45:00+01:00,167.62772254218802,193.43
2026-03-06 07:00:00+01:00,196.35637185700827,214.51
2026-03-06 07:15:00+01:00,197.50060743019338,195.13
2026-03-06 07:30:00+01:00,167.1057621513766,168.02
2026-03-06 07:45:00+01:00,154.51443072342207,130.44
2026-03-06 08:00:00+01:00,176.73645932634355,184.37
2026-03-06 08:15:00+01:00,164.94447810746675,148.94
2026-03-06 08:30:00+01:00,129.68023402982368,121.4
2026-03-06 08:45:00+01:00,100.49314551741718,98.44
2026-03-06 09:00:00+01:00,135.6995046813303,143.53
2026-03-06 09:15:00+01:00,98.79107030743575,108.6
2026-03-06 09:30:00+01:00,88.05102321911164,103.17
2026-03-06 09:45:00+01:00,63.216681846500336,92.55
2026-03-06 10:00:00+01:00,95.07224656026492,111.98
2026-03-06 10:15:00+01:00,64.33897163295792,100.69
2026-03-06 10:30:00+01:00,57.656301715744895,96.14
2026-03-06 10:45:00+01:00,37.21699623372226,77.19
2026-03-06 11:00:00+01:00,64.58149219895986,87.31
2026-03-06 11:15:00+01:00,48.70643108524414,69.8
2026-03-06 11:30:00+01:00,37.44020999549992,63.2
2026-03-06 11:45:00+01:00,13.257869323703218,46.54
2026-03-06 12:00:00+01:00,33.3614127725113,63.13
2026-03-06 12:15:00+01:00,29.515553138842407,49.39
2026-03-06 12:30:00+01:00,20.74309430081739,51.36
2026-03-06 12:45:00+01:00,12.034078417916547,46.68
2026-03-06 13:00:00+01:00,17.74612844599865,48.25
2026-03-06 13:15:00+01:00,20.904652593574724,47.32
2026-03-06 13:30:00+01:00,36.55804102059926,46.69
2026-03-06 13:45:00+01:00,48.2899579012152,52.35
2026-03-06 14:00:00+01:00,13.62968342317859,45.71
2026-03-06 14:15:00+01:00,49.88073578199642,64.5
2026-03-06 14:30:00+01:00,71.04516598354735,84.59
2026-03-06 14:45:00+01:00,87.92174800262954,100.95
2026-03-06 15:00:00+01:00,64.3699154567096,85.26
2026-03-06 15:15:00+01:00,85.25875159685314,104.01
2026-03-06 15:30:00+01:00,95.81590956976272,105.0
2026-03-06 15:45:00+01:00,123.13649364139991,134.0
2026-03-06 16:00:00+01:00,93.19133415415203,90.86
2026-03-06 16:15:00+01:00,119.22155945913019,120.6
2026-03-06 16:30:00+01:00,144.05594233208146,138.87
2026-03-06 16:45:00+01:00,195.93636659640788,171.26
2026-03-06 17:00:00+01:00,127.6848675575678,115.48
2026-03-06 17:15:00+01:00,145.8593385469203,154.67
2026-03-06 17:30:00+01:00,215.99109155293326,190.69
2026-03-06 17:45:00+01:00,272.7640108938516,248.91
2026-03-06 18:00:00+01:00,226.2885640575151,228.15
2026-03-06 18:15:00+01:00,220.14644576828834,244.94
2026-03-06 18:30:00+01:00,213.8559271073974,230.02
2026-03-06 18:45:00+01:00,194.85203010635342,215.1
2026-03-06 19:00:00+01:00,219.95399622033113,238.11
2026-03-06 19:15:00+01:00,170.68558373008688,184.38
2026-03-06 19:30:00+01:00,173.766586239323,170.41
2026-03-06 19:45:00+01:00,148.75659617780096,166.16
2026-03-06 20:00:00+01:00,162.3767545063655,169.76
2026-03-06 20:15:00+01:00,154.40812293885557,160.05
2026-03-06 20:30:00+01:00,143.5275125228847,153.43
2026-03-06 20:45:00+01:00,136.98490637233533,129.2
2026-03-06 21:00:00+01:00,153.90742996844364,150.39
2026-03-06 21:15:00+01:00,146.36482160111163,141.99
2026-03-06 21:30:00+01:00,130.23516060667455,128.13
2026-03-06 21:45:00+01:00,116.15277416253859,116.26
2026-03-06 22:00:00+01:00,136.35284866349195,135.86
2026-03-06 22:15:00+01:00,129.2289340100638,127.15
2026-03-06 22:30:00+01:00,121.27920459063078,126.83
2026-03-06 22:45:00+01:00,110.68572260163607,119.14
2026-03-06 23:00:00+01:00,123.03353317399775,136.43
2026-03-06 23:15:00+01:00,114.51829787236598,126.95
2026-03-06 23:30:00+01:00,110.26582930407136,124.89
2026-03-06 23:45:00+01:00,104.87972769240588,116.03
2026-03-07 00:00:00+01:00,113.44111715677445,141.31
2026-03-07 00:15:00+01:00,110.48823937334531,136.72
2026-03-07 00:30:00+01:00,106.93484823938182,132.78
2026-03-07 00:45:00+01:00,103.02851164094848,129.84
2026-03-07 01:00:00+01:00,110.12315902414225,137.61
2026-03-07 01:15:00+01:00,107.64250281916459,132.28
2026-03-07 01:30:00+01:00,106.19280951780524,128.19
2026-03-07 01:45:00+01:00,102.8936770403235,124.63
2026-03-07 02:00:00+01:00,107.43798256518917,129.76
2026-03-07 02:15:00+01:00,106.98853401006807,125.66
2026-03-07 02:30:00+01:00,102.96907402701562,124.15
2026-03-07 02:45:00+01:00,103.08781146275973,123.12
2026-03-07 03:00:00+01:00,103.88882580270958,126.49
2026-03-07 03:15:00+01:00,103.28549214238998,124.78
2026-03-07 03:30:00+01:00,103.16013288805672,123.32
2026-03-07 03:45:00+01:00,102.9633992159162,122.97
2026-03-07 04:00:00+01:00,105.71465024461462,122.97
2026-03-07 04:15:00+01:00,101.41253159851993,124.13
2026-03-07 04:30:00+01:00,104.71804739682949,124.5
2026-03-07 04:45:00+01:00,107.28558013177916,127.39
2026-03-07 05:00:00+01:00,101.54157876032104,124.77
2026-03-07 05:15:00+01:00,103.09463705918033,128.93
2026-03-07 05:30:00+01:00,107.79273981219758,129.9
2026-03-07 05:45:00+01:00,106.9054029546784,134.7
2026-03-07 06:00:00+01:00,107.64198760662961,131.43
2026-03-07 06:15:00+01:00,107.24243036111146,138.83
2026-03-07 06:30:00+01:00,109.10795537646949,141.33
2026-03-07 06:45:00+01:00,110.38363269750471,130.89
2026-03-07 07:00:00+01:00,130.8422729379099,146.26
2026-03-07 07:15:00+01:00,113.10145141020342,136.0
2026-03-07 07:30:00+01:00,108.57770370646246,129.3
2026-03-07 07:45:00+01:00,102.60020013431546,106.67
2026-03-07 08:00:00+01:00,117.96111176659828,135.98
2026-03-07 08:15:00+01:00,98.78532875429818,126.11
2026-03-07 08:30:00+01:00,90.64840084295682,104.98
2026-03-07 08:45:00+01:00,66.80105483324131,84.54
2026-03-07 09:00:00+01:00,95.26010334123495,129.03
2026-03-07 09:15:00+01:00,73.75724741059497,108.32
2026-03-07 09:30:00+01:00,77.79975349705931,95.24
2026-03-07 09:45:00+01:00,58.007749973225046,78.56
2026-03-07 10:00:00+01:00,83.20848421830468,102.42
2026-03-07 10:15:00+01:00,62.002395352525866,83.78
2026-03-07 10:30:00+01:00,59.42994683724389,73.78
2026-03-07 10:45:00+01:00,44.87096483597127,37.8
2026-03-07 11:00:00+01:00,62.12595812697467,56.54
2026-03-07 11:15:00+01:00,39.255654794885345,27.69
2026-03-07 11:30:00+01:00,44.30225994156559,19.75
2026-03-07 11:45:00+01:00,34.70970398400823,18.19
2026-03-07 12:00:00+01:00,38.60915866575609,18.51
2026-03-07 12:15:00+01:00,30.670975501473265,14.67
2026-03-07 12:30:00+01:00,31.30913023569569,10.93
2026-03-07 12:45:00+01:00,25.539068254536247,8.01
2026-03-07 13:00:00+01:00,32.94648046817727,5.04
2026-03-07 13:15:00+01:00,29.951001373216968,0.55
2026-03-07 13:30:00+01:00,33.876429487442074,0.0
2026-03-07 13:45:00+01:00,41.674225777410136,0.08
2026-03-07 14:00:00+01:00,32.953012996908846,2.78
2026-03-07 14:15:00+01:00,50.49909431813857,12.4
2026-03-07 14:30:00+01:00,64.70213789456213,23.18
2026-03-07 14:45:00+01:00,83.4054232467398,34.35
2026-03-07 15:00:00+01:00,60.10596600256587,35.15
2026-03-07 15:15:00+01:00,84.2445124390913,76.66
2026-03-07 15:30:00+01:00,94.61314600941435,95.57
2026-03-07 15:45:00+01:00,121.62193697802282,125.76
2026-03-07 16:00:00+01:00,90.20238404878032,81.22
2026-03-07 16:15:00+01:00,113.98959773614715,114.56
2026-03-07 16:30:00+01:00,124.36165874292543,144.98
2026-03-07 16:45:00+01:00,151.00991702646962,164.5
2026-03-07 17:00:00+01:00,117.81975260389441,110.63
2026-03-07 17:15:00+01:00,130.46071556537981,131.95
2026-03-07 17:30:00+01:00,165.58032338095813,150.0
2026-03-07 17:45:00+01:00,218.5934107061159,196.9
2026-03-07 18:00:00+01:00,169.22605300174297,168.19
2026-03-07 18:15:00+01:00,175.50627119018168,177.01
2026-03-07 18:30:00+01:00,191.5018698225141,193.95
2026-03-07 18:45:00+01:00,150.9588665598219,184.34
2026-03-07 19:00:00+01:00,199.19506426338947,185.27
2026-03-07 19:15:00+01:00,144.37968758318763,169.98
2026-03-07 19:30:00+01:00,131.8287739131956,163.14
2026-03-07 19:45:00+01:00,127.80903328310846,148.51
2026-03-07 20:00:00+01:00,131.34195266803962,157.71
2026-03-07 20:15:00+01:00,125.24497061754556,151.91
2026-03-07 20:30:00+01:00,116.13962075483941,145.28
2026-03-07 20:45:00+01:00,111.13673651760982,137.89
2026-03-07 21:00:00+01:00,125.4843442400641,146.51
2026-03-07 21:15:00+01:00,119.26022807486653,139.98
2026-03-07 21:30:00+01:00,108.2110978550412,135.71
2026-03-07 21:45:00+01:00,105.57677390266447,128.24
2026-03-07 22:00:00+01:00,123.45301986006423,142.12
2026-03-07 22:15:00+01:00,112.56610763372068,133.8
2026-03-07 22:30:00+01:00,111.85478106806966,130.88
2026-03-07 22:45:00+01:00,102.29801432750587,129.99
2026-03-07 23:00:00+01:00,116.04914281840635,144.1
2026-03-07 23:15:00+01:00,109.23101161198016,130.91
2026-03-07 23:30:00+01:00,103.24719231591854,126.62
2026-03-07 23:45:00+01:00,99.78032371190895,120.95
2026-03-08 00:00:00+01:00,125.36810626286936,145.71
2026-03-08 00:15:00+01:00,117.43346811818121,137.27
2026-03-08 00:30:00+01:00,110.36369074591772,131.74
2026-03-08 00:45:00+01:00,108.9787841373851,129.25
2026-03-08 01:00:00+01:00,114.18075186108365,139.38
2026-03-08 01:15:00+01:00,110.99999886288145,135.0
2026-03-08 01:30:00+01:00,107.87622225120849,130.0
2026-03-08 01:45:00+01:00,107.39539188398984,126.55
2026-03-08 02:00:00+01:00,114.1028878713928,134.0
2026-03-08 02:15:00+01:00,111.51896132487505,133.42
2026-03-08 02:30:00+01:00,106.05049212831534,130.0
2026-03-08 02:45:00+01:00,106.39706881236164,127.35
2026-03-08 03:00:00+01:00,107.91606011567436,132.52
2026-03-08 03:15:00+01:00,105.75654427231115,130.08
2026-03-08 03:30:00+01:00,103.12318620033477,130.4
2026-03-08 03:45:00+01:00,105.66528481362906,127.37
2026-03-08 04:00:00+01:00,104.18061435287822,129.37
2026-03-08 04:15:00+01:00,103.88036050471447,128.78
2026-03-08 04:30:00+01:00,108.20735047600361,129.2
2026-03-08 04:45:00+01:00,105.92884738977149,129.99
2026-03-08 05:00:00+01:00,107.96385928544714,129.84
2026-03-08 05:15:00+01:00,104.61744937975699,127.4
2026-03-08 05:30:00+01:00,116.82487166939296,129.99
2026-03-08 05:45:00+01:00,108.274712321867,131.31
2026-03-08 06:00:00+01:00,104.5279304079555,130.54
2026-03-08 06:15:00+01:00,109.84433630879516,134.89
2026-03-08 06:30:00+01:00,115.0739866487404,130.81
2026-03-08 06:45:00+01:00,117.51867587497574,128.15
2026-03-08 07:00:00+01:00,133.24330210870886,139.06
2026-03-08 07:15:00+01:00,112.29359326113752,128.12
2026-03-08 07:30:00+01:00,106.18967444895974,108.95
2026-03-08 07:45:00+01:00,102.98751481471474,91.81
2026-03-08 08:00:00+01:00,122.42870865889576,130.65
2026-03-08 08:15:00+01:00,108.42711604600586,109.2
2026-03-08 08:30:00+01:00,98.74634689593442,104.39
2026-03-08 08:45:00+01:00,75.02563384592419,90.01
2026-03-08 09:00:00+01:00,117.18352397333483,110.99
2026-03-08 09:15:00+01:00,99.07476152234223,94.66
2026-03-08 09:30:00+01:00,87.43866914824612,86.74
2026-03-08 09:45:00+01:00,73.92582882821299,70.48
2026-03-08 10:00:00+01:00,95.35270682141314,90.75
2026-03-08 10:15:00+01:00,74.98759354329191,83.1
2026-03-08 10:30:00+01:00,61.70422612642651,47.34
2026-03-08 10:45:00+01:00,45.570567198489805,30.57
2026-03-08 11:00:00+01:00,55.3573038401162,28.6
2026-03-08 11:15:00+01:00,37.61678295798514,19.77
2026-03-08 11:30:00+01:00,37.087836325882165,14.7
2026-03-08 11:45:00+01:00,19.967280377246894,9.04
2026-03-08 12:00:00+01:00,33.62421961126927,12.95
2026-03-08 12:15:00+01:00,15.889924282693272,9.41
2026-03-08 12:30:00+01:00,12.87708120480005,9.49
2026-03-08 12:45:00+01:00,16.530032857374266,1.48
2026-03-08 13:00:00+01:00,5.559028618827156,0.0
2026-03-08 13:15:00+01:00,4.8070891140993695,-0.01
2026-03-08 13:30:00+01:00,6.399967413317654,-0.01
2026-03-08 13:45:00+01:00,19.54520026723442,0.0
2026-03-08 14:00:00+01:00,15.081283365159166,0.0
2026-03-08 14:15:00+01:00,19.288805137507865,0.0
2026-03-08 14:30:00+01:00,29.154859804205074,7.46
2026-03-08 14:45:00+01:00,32.7559009254021,18.46
2026-03-08 15:00:00+01:00,35.79386065318088,15.57
2026-03-08 15:15:00+01:00,72.8127989523426,39.97
2026-03-08 15:30:00+01:00,89.03043763301116,85.74
2026-03-08 15:45:00+01:00,91.08476978002025,115.76
2026-03-08 16:00:00+01:00,74.95701177248361,70.52
2026-03-08 16:15:00+01:00,102.63084832700785,107.79
2026-03-08 16:30:00+01:00,99.84194833279419,135.77
2026-03-08 16:45:00+01:00,120.1920633909847,154.73
2026-03-08 17:00:00+01:00,109.63393098026074,120.88
2026-03-08 17:15:00+01:00,108.72598477807021,135.79
2026-03-08 17:30:00+01:00,118.81694846669784,146.34
2026-03-08 17:45:00+01:00,165.5769414220997,182.24
2026-03-08 18:00:00+01:00,131.19113329742683,154.9
2026-03-08 18:15:00+01:00,144.2964326777531,158.71
2026-03-08 18:30:00+01:00,144.10644145192032,156.64
2026-03-08 18:45:00+01:00,124.58468859936292,170.79
2026-03-08 19:00:00+01:00,131.97959353847594,160.2
2026-03-08 19:15:00+01:00,124.40986734872749,150.87
2026-03-08 19:30:00+01:00,123.85916841433429,155.14
2026-03-08 19:45:00+01:00,117.42897782412301,150.0
2026-03-08 20:00:00+01:00,121.61486863093958,150.09
2026-03-08 20:15:00+01:00,119.03464847761168,141.31
2026-03-08 20:30:00+01:00,112.49444155404896,135.78
2026-03-08 20:45:00+01:00,104.38800580255209,127.99
2026-03-08 21:00:00+01:00,112.01527622924355,137.99
2026-03-08 21:15:00+01:00,103.88726260709984,130.98
2026-03-08 21:30:00+01:00,95.5097197129086,124.38
2026-03-08 21:45:00+01:00,92.60572830128534,116.39
2026-03-08 22:00:00+01:00,105.92292602023213,129.99
2026-03-08 22:15:00+01:00,96.06499162973604,120.52
2026-03-08 22:30:00+01:00,95.03969382858662,117.65
2026-03-08 22:45:00+01:00,91.19736547206591,116.3
2026-03-08 23:00:00+01:00,99.94906418947286,119.32
2026-03-08 23:15:00+01:00,92.69835163102094,114.26
2026-03-08 23:30:00+01:00,85.61592036778127,113.8
2026-03-08 23:45:00+01:00,73.76907606990846,106.91
2026-03-09 00:00:00+01:00,113.30869051893754,121.51
2026-03-09 00:15:00+01:00,110.67508016146601,114.46
2026-03-09 00:30:00+01:00,113.49299988754498,112.75
2026-03-09 00:45:00+01:00,112.40628985528292,107.63
2026-03-09 01:00:00+01:00,114.96328286982245,111.56
2026-03-09 01:15:00+01:00,111.54064605747472,109.68
2026-03-09 01:30:00+01:00,111.55415103539048,108.68
2026-03-09 01:45:00+01:00,112.19294592699504,107.17
2026-03-09 02:00:00+01:00,112.68962486020123,108.88
2026-03-09 02:15:00+01:00,112.49232004972401,107.77
2026-03-09 02:30:00+01:00,109.78384641888701,109.87
2026-03-09 02:45:00+01:00,110.93839939704986,109.96
2026-03-09 03:00:00+01:00,114.59285443825043,109.99
2026-03-09 03:15:00+01:00,112.19391108612577,110.41
2026-03-09 03:30:00+01:00,113.46459946698045,110.4
2026-03-09 03:45:00+01:00,114.68296460421482,111.12
2026-03-09 04:00:00+01:00,112.22599922939665,113.0
2026-03-09 04:15:00+01:00,115.33069152256212,112.6
2026-03-09 04:30:00+01:00,115.81252110768298,116.12
2026-03-09 04:45:00+01:00,117.12031957171592,123.84
2026-03-09 05:00:00+01:00,113.46685246361979,112.91
2026-03-09 05:15:00+01:00,116.31942172412903,126.0
2026-03-09 05:30:00+01:00,123.92936018103728,142.3
2026-03-09 05:45:00+01:00,135.12953359119797,166.78
2026-03-09 06:00:00+01:00,124.86911748608028,140.92
2026-03-09 06:15:00+01:00,138.0286350545458,153.04
2026-03-09 06:30:00+01:00,154.63870636522375,179.27
2026-03-09 06:45:00+01:00,180.0624870986523,182.47
2026-03-09 07:00:00+01:00,159.06378534883734,218.32
2026-03-09 07:15:00+01:00,183.83469744192362,217.53
2026-03-09 07:30:00+01:00,185.4228757076698,180.47
2026-03-09 07:45:00+01:00,150.70981761268825,150.0
2026-03-09 08:00:00+01:00,198.90895929765952,227.52
2026-03-09 08:15:00+01:00,165.33753581155824,158.25
2026-03-09 08:30:00+01:00,132.57797909837902,146.82
2026-03-09 08:45:00+01:00,93.87770268581492,117.83
2026-03-09 09:00:00+01:00,139.04414050762992,160.05
2026-03-09 09:15:00+01:00,112.41503755572724,129.6
2026-03-09 09:30:00+01:00,103.59708982920395,116.29
2026-03-09 09:45:00+01:00,81.24795231155343,102.35
2026-03-09 10:00:00+01:00,105.05900703721288,116.1
2026-03-09 10:15:00+01:00,90.40706157938988,106.8
2026-03-09 10:30:00+01:00,77.10273511479835,94.36
2026-03-09 10:45:00+01:00,53.61909447998101,87.21
2026-03-09 11:00:00+01:00,72.31697834848286,90.39
2026-03-09 11:15:00+01:00,58.05558658312082,84.97
2026-03-09 11:30:00+01:00,50.68146789681019,78.64
2026-03-09 11:45:00+01:00,22.629814325596755,70.19
2026-03-09 12:00:00+01:00,45.42540983612523,69.59
2026-03-09 12:15:00+01:00,36.578350646167614,67.82
2026-03-09 12:30:00+01:00,31.148123667227992,67.25
2026-03-09 12:45:00+01:00,22.56979800243485,66.1
2026-03-09 13:00:00+01:00,32.63926432398003,63.91
2026-03-09 13:15:00+01:00,32.40735311278495,64.84
2026-03-09 13:30:00+01:00,45.38198920786191,68.37
2026-03-09 13:45:00+01:00,59.37938592636165,72.05
2026-03-09 14:00:00+01:00,29.412491526187353,65.95
2026-03-09 14:15:00+01:00,62.88826180111355,79.5
2026-03-09 14:30:00+01:00,82.72131371315665,84.57
2026-03-09 14:45:00+01:00,96.6570675718947,95.48
2026-03-09 15:00:00+01:00,73.68378588914673,91.59
2026-03-09 15:15:00+01:00,92.82827420141611,101.97
2026-03-09 15:30:00+01:00,101.38103325127754,116.07
2026-03-09 15:45:00+01:00,129.5894540069546,142.34
2026-03-09 16:00:00+01:00,93.7875822448126,100.91
2026-03-09 16:15:00+01:00,121.45948129283022,137.26
2026-03-09 16:30:00+01:00,142.660135643761,150.58
2026-03-09 16:45:00+01:00,172.7388631969451,185.0
2026-03-09 17:00:00+01:00,125.42556224917264,127.14
2026-03-09 17:15:00+01:00,160.0333282197704,161.82
2026-03-09 17:30:00+01:00,215.01308902578506,199.53
2026-03-09 17:45:00+01:00,229.82057649563643,259.61
2026-03-09 18:00:00+01:00,215.8187490106918,226.02
2026-03-09 18:15:00+01:00,207.37132809826818,248.65
2026-03-09 18:30:00+01:00,211.8588097731223,250.83
2026-03-09 18:45:00+01:00,207.87602228774404,250.39
2026-03-09 19:00:00+01:00,219.52013114136105,248.13
2026-03-09 19:15:00+01:00,184.55602015833693,218.09
2026-03-09 19:30:00+01:00,166.18873915395852,217.77
2026-03-09 19:45:00+01:00,150.39292448035118,205.63
2026-03-09 20:00:00+01:00,169.31839470134236,217.77
2026-03-09 20:15:00+01:00,155.21131496609155,195.18
2026-03-09 20:30:00+01:00,145.85561138426166,160.56
2026-03-09 20:45:00+01:00,136.62791987828263,150.05
2026-03-09 21:00:00+01:00,150.01023040157474,170.01
2026-03-09 21:15:00+01:00,142.65561083976755,157.23
2026-03-09 21:30:00+01:00,132.18039621127153,146.7
2026-03-09 21:45:00+01:00,120.50920392366055,134.69
2026-03-09 22:00:00+01:00,138.1794131417894,155.09
2026-03-09 22:15:00+01:00,125.48285015115061,144.69
2026-03-09 22:30:00+01:00,122.94425945431593,143.12
2026-03-09 22:45:00+01:00,113.23706326068421,130.18
2026-03-09 23:00:00+01:00,125.7304842557667,139.13
2026-03-09 23:15:00+01:00,118.29221690096301,134.38
2026-03-09 23:30:00+01:00,118.11814755043201,128.0
2026-03-09 23:45:00+01:00,109.34212067778788,129.27
2026-03-10 00:00:00+01:00,128.9938301448168,149.1
2026-03-10 00:15:00+01:00,120.14187034079134,139.12
2026-03-10 00:30:00+01:00,118.07499129666732,136.02
2026-03-10 00:45:00+01:00,113.84943374409039,130.08
2026-03-10 01:00:00+01:00,118.83442191984786,135.62
2026-03-10 01:15:00+01:00,114.54977127600318,129.99
2026-03-10 01:30:00+01:00,111.57596770036503,128.35
2026-03-10 01:45:00+01:00,109.70588089948839,127.8
2026-03-10 02:00:00+01:00,111.2969904885556,128.87
2026-03-10 02:15:00+01:00,111.27577800580526,127.96
2026-03-10 02:30:00+01:00,111.29135027506773,127.79
2026-03-10 02:45:00+01:00,111.998568857585,125.83
2026-03-10 03:00:00+01:00,111.27456949507656,125.55
2026-03-10 03:15:00+01:00,110.69712738283476,125.26
2026-03-10 03:30:00+01:00,111.20623677687126,126.81
2026-03-10 03:45:00+01:00,111.03604069485596,129.98
2026-03-10 04:00:00+01:00,113.74057072654578,122.94
2026-03-10 04:15:00+01:00,112.58260487421214,125.34
2026-03-10 04:30:00+01:00,114.30618158158647,130.62
2026-03-10 04:45:00+01:00,114.12803820664878,135.03
2026-03-10 05:00:00+01:00,109.69500120179598,126.27
2026-03-10 05:15:00+01:00,114.50797739337783,133.59
2026-03-10 05:30:00+01:00,125.3360664817589,142.94
2026-03-10 05:45:00+01:00,136.55136517411302,160.04
2026-03-10 06:00:00+01:00,122.332100556048,140.01
2026-03-10 06:15:00+01:00,134.7464241301988,166.09
2026-03-10 06:30:00+01:00,156.1857507684163,174.62
2026-03-10 06:45:00+01:00,175.19763967983843,191.69
2026-03-10 07:00:00+01:00,195.14761990388047,193.99
2026-03-10 07:15:00+01:00,188.16732426873378,199.92
2026-03-10 07:30:00+01:00,173.6099543314557,174.03
2026-03-10 07:45:00+01:00,136.2473046470112,152.74
2026-03-10 08:00:00+01:00,182.40158193591324,227.58
2026-03-10 08:15:00+01:00,163.06232267441456,176.38
2026-03-10 08:30:00+01:00,126.39619851034327,154.99
2026-03-10 08:45:00+01:00,105.00406099138905,134.33
2026-03-10 09:00:00+01:00,151.9844922240575,176.52
2026-03-10 09:15:00+01:00,113.42946736923102,141.8
2026-03-10 09:30:00+01:00,105.48964000921849,128.18
2026-03-10 09:45:00+01:00,99.64915441423665,115.65
2026-03-10 10:00:00+01:00,106.61172578431893,145.14
2026-03-10 10:15:00+01:00,98.48467755213858,112.23
2026-03-10 10:30:00+01:00,93.9581928520203,112.01
2026-03-10 10:45:00+01:00,82.75316291343266,103.62
2026-03-10 11:00:00+01:00,91.24353260540735,117.37
2026-03-10 11:15:00+01:00,82.45309147512259,106.73
2026-03-10 11:30:00+01:00,78.91532881692571,98.7
2026-03-10 11:45:00+01:00,64.16423513572803,92.37
2026-03-10 12:00:00+01:00,69.79816064501925,96.54
2026-03-10 12:15:00+01:00,67.2594603231218,90.57
2026-03-10 12:30:00+01:00,53.5703445740718,87.66
2026-03-10 12:45:00+01:00,45.66127776021307,90.99
2026-03-10 13:00:00+01:00,43.24065667481165,93.88
2026-03-10 13:15:00+01:00,45.546524091435124,94.51
2026-03-10 13:30:00+01:00,58.40873446676576,98.63
2026-03-10 13:45:00+01:00,57.28963738462039,101.13
2026-03-10 14:00:00+01:00,51.39415845932869,101.99
2026-03-10 14:15:00+01:00,67.24998791444831,104.11
2026-03-10 14:30:00+01:00,78.80644935619264,103.92
2026-03-10 14:45:00+01:00,88.13020512239856,118.64
2026-03-10 15:00:00+01:00,76.90265300311893,109.75
2026-03-10 15:15:00+01:00,92.14764421698888,109.27
2026-03-10 15:30:00+01:00,98.94847953002561,116.27
2026-03-10 15:45:00+01:00,129.29137880627488,150.68
2026-03-10 16:00:00+01:00,91.16079542639022,107.36
2026-03-10 16:15:00+01:00,118.07688821081736,136.35
2026-03-10 16:30:00+01:00,142.62477204321036,154.15
2026-03-10 16:45:00+01:00,173.99673743433095,179.71
2026-03-10 17:00:00+01:00,121.2588606351516,132.15
2026-03-10 17:15:00+01:00,148.51198925589355,158.79
2026-03-10 17:30:00+01:00,187.27910962596465,189.5
2026-03-10 17:45:00+01:00,211.0293153359766,235.57
2026-03-10 18:00:00+01:00,183.3437149301391,201.56
2026-03-10 18:15:00+01:00,201.0254587591918,224.35
2026-03-10 18:30:00+01:00,191.29879850599983,229.88
2026-03-10 18:45:00+01:00,182.3092384524872,217.12
2026-03-10 19:00:00+01:00,212.9515513886121,237.15
2026-03-10 19:15:00+01:00,172.00210427446683,205.31
2026-03-10 19:30:00+01:00,151.1316478246345,195.06
2026-03-10 19:45:00+01:00,135.86631042793348,167.0
2026-03-10 20:00:00+01:00,136.3092483408313,175.58
2026-03-10 20:15:00+01:00,123.4162670571805,161.86
2026-03-10 20:30:00+01:00,124.33533335429281,149.87
2026-03-10 20:45:00+01:00,114.28209496665814,150.88
2026-03-10 21:00:00+01:00,136.90046128012406,154.35
2026-03-10 21:15:00+01:00,125.5105977346854,149.55
2026-03-10 21:30:00+01:00,115.45654616132136,138.39
2026-03-10 21:45:00+01:00,109.0786787539258,117.58
2026-03-10 22:00:00+01:00,125.1263322056251,139.81
2026-03-10 22:15:00+01:00,122.64723460830788,129.32
2026-03-10 22:30:00+01:00,118.08184737265302,118.78
2026-03-10 22:45:00+01:00,115.00789923327463,105.11
2026-03-10 23:00:00+01:00,117.11902584938012,120.0
2026-03-10 23:15:00+01:00,118.39882650063615,102.14
2026-03-10 23:30:00+01:00,114.5720714512165,95.29
2026-03-10 23:45:00+01:00,105.83989976186615,76.9
2026-03-11 00:00:00+01:00,119.44081660718994,92.02
2026-03-11 00:15:00+01:00,107.44348248334798,88.96
2026-03-11 00:30:00+01:00,101.31299394575615,84.57
2026-03-11 00:45:00+01:00,97.3986105243437,70.28
2026-03-11 01:00:00+01:00,99.60579395991483,80.74
2026-03-11 01:15:00+01:00,95.82931830930437,73.2
2026-03-11 01:30:00+01:00,90.78053777989938,68.7
2026-03-11 01:45:00+01:00,89.00678658240511,60.58
2026-03-11 02:00:00+01:00,97.16062605270324,68.38
2026-03-11 02:15:00+01:00,91.3983025579717,66.97
2026-03-11 02:30:00+01:00,89.66589504543704,64.0
2026-03-11 02:45:00+01:00,90.01821030861666,62.35
2026-03-11 03:00:00+01:00,91.33208187356836,65.4
2026-03-11 03:15:00+01:00,89.11295106810817,65.41
2026-03-11 03:30:00+01:00,86.23107485755571,62.91
2026-03-11 03:45:00+01:00,80.71867929414307,60.57
2026-03-11 04:00:00+01:00,85.56566861455782,57.48
2026-03-11 04:15:00+01:00,83.05250101159675,52.9
2026-03-11 04:30:00+01:00,83.12313344509742,53.51
2026-03-11 04:45:00+01:00,83.92167543478499,60.4
2026-03-11 05:00:00+01:00,83.3022698191572,59.0
2026-03-11 05:15:00+01:00,80.87892617202516,58.41
2026-03-11 05:30:00+01:00,87.09307190898633,66.42
2026-03-11 05:45:00+01:00,95.78683263343972,74.31
2026-03-11 06:00:00+01:00,84.01071428438928,56.34
2026-03-11 06:15:00+01:00,102.43210929153214,69.1
2026-03-11 06:30:00+01:00,111.63035606952506,82.02
2026-03-11 06:45:00+01:00,108.97943918085457,76.01
2026-03-11 07:00:00+01:00,117.64398963202844,91.73
2026-03-11 07:15:00+01:00,107.70860533384848,86.81
2026-03-11 07:30:00+01:00,109.42711876247398,81.9
2026-03-11 07:45:00+01:00,94.00641173999912,63.04
2026-03-11 08:00:00+01:00,112.51440352803326,89.85
2026-03-11 08:15:00+01:00,105.56699808651251,78.7
2026-03-11 08:30:00+01:00,89.5777311436193,74.46
2026-03-11 08:45:00+01:00,76.04076165547814,59.0
2026-03-11 09:00:00+01:00,108.34947605556626,81.15
2026-03-11 09:15:00+01:00,83.21015419460164,69.91
2026-03-11 09:30:00+01:00,80.24822745288029,56.49
2026-03-11 09:45:00+01:00,61.51140972277091,24.23
2026-03-11 10:00:00+01:00,80.32533131087791,56.03
2026-03-11 10:15:00+01:00,67.69814453370205,35.0
2026-03-11 10:30:00+01:00,58.11271366155667,13.78
2026-03-11 10:45:00+01:00,66.18479640260422,0.1
2026-03-11 11:00:00+01:00,47.920262421547655,23.8
2026-03-11 11:15:00+01:00,46.99322804655646,11.82
2026-03-11 11:30:00+01:00,40.76153401129398,8.26
2026-03-11 11:45:00+01:00,51.786262710546254,4.91
2026-03-11 12:00:00+01:00,49.7555274690022,7.08
2026-03-11 12:15:00+01:00,38.36237052208516,10.04
2026-03-11 12:30:00+01:00,38.17603638925344,10.1
2026-03-11 12:45:00+01:00,34.808313644938266,12.43
2026-03-11 13:00:00+01:00,42.42001201487756,4.04
2026-03-11 13:15:00+01:00,48.35096576086156,10.69
2026-03-11 13:30:00+01:00,46.05550480437019,20.0
2026-03-11 13:45:00+01:00,36.189719590451695,29.82
2026-03-11 14:00:00+01:00,48.49888282539736,24.32
2026-03-11 14:15:00+01:00,52.328778424432954,33.96
2026-03-11 14:30:00+01:00,63.902791266704924,50.81
2026-03-11 14:45:00+01:00,59.43038312921401,80.0
2026-03-11 15:00:00+01:00,67.14909415869509,52.36
2026-03-11 15:15:00+01:00,66.03960061508633,73.68
2026-03-11 15:30:00+01:00,86.35718119888222,85.7
2026-03-11 15:45:00+01:00,121.40923834665804,105.58
2026-03-11 16:00:00+01:00,82.8347347981857,69.92
2026-03-11 16:15:00+01:00,112.09198089904837,100.77
2026-03-11 16:30:00+01:00,124.5851426751722,118.19
2026-03-11 16:45:00+01:00,159.3265567174885,127.54
2026-03-11 17:00:00+01:00,107.62660827506168,105.32
2026-03-11 17:15:00+01:00,118.99857577198632,125.99
2026-03-11 17:30:00+01:00,137.78930227317966,130.52
2026-03-11 17:45:00+01:00,146.57183008788036,153.28
2026-03-11 18:00:00+01:00,138.89811214237824,138.05
2026-03-11 18:15:00+01:00,148.10057203168046,147.61
2026-03-11 18:30:00+01:00,166.23563830796343,157.62
2026-03-11 18:45:00+01:00,157.84640391641346,169.27
2026-03-11 19:00:00+01:00,145.88800650157333,154.87
2026-03-11 19:15:00+01:00,156.91005554836536,159.66
2026-03-11 19:30:00+01:00,146.87002910770732,159.56
2026-03-11 19:45:00+01:00,111.79366320495959,152.79
2026-03-11 20:00:00+01:00,130.62906403034938,149.51
2026-03-11 20:15:00+01:00,121.79006033639479,136.0
2026-03-11 20:30:00+01:00,104.42885119801242,122.68
2026-03-11 20:45:00+01:00,112.15508242232626,120.57
2026-03-11 21:00:00+01:00,121.6636990517664,132.19
2026-03-11 21:15:00+01:00,109.45413131925982,123.92
2026-03-11 21:30:00+01:00,111.87639734945122,118.83
2026-03-11 21:45:00+01:00,104.84286623438372,117.17
2026-03-11 22:00:00+01:00,109.11352898401591,124.73
2026-03-11 22:15:00+01:00,111.93990187289262,120.26
2026-03-11 22:30:00+01:00,102.88871656296786,120.18
2026-03-11 22:45:00+01:00,92.64085835154016,112.04
2026-03-11 23:00:00+01:00,91.7318840230921,121.63
2026-03-11 23:15:00+01:00,90.56340815596964,102.41
2026-03-11 23:30:00+01:00,90.30118744777027,99.99
2026-03-11 23:45:00+01:00,78.96706957557262,91.98
2026-03-12 00:00:00+01:00,109.38012496384704,110.37
2026-03-12 00:15:00+01:00,105.59603185185473,101.8
2026-03-12 00:30:00+01:00,100.32751124671182,98.44
2026-03-12 00:45:00+01:00,94.02033618105072,90.13
2026-03-12 01:00:00+01:00,102.05048511850956,99.67
2026-03-12 01:15:00+01:00,101.77069219819636,89.98
2026-03-12 01:30:00+01:00,98.56603753893967,90.44
2026-03-12 01:45:00+01:00,94.69623429862861,88.08
2026-03-12 02:00:00+01:00,98.42799547769559,89.82
2026-03-12 02:15:00+01:00,93.90099715892583,86.43
2026-03-12 02:30:00+01:00,92.57986893079095,89.09
2026-03-12 02:45:00+01:00,92.27373399809122,89.91
2026-03-12 03:00:00+01:00,98.7536204094861,91.21
2026-03-12 03:15:00+01:00,92.90782373986264,89.89
2026-03-12 03:30:00+01:00,92.4633490080628,87.4
2026-03-12 03:45:00+01:00,91.76581087493706,85.94
2026-03-12 04:00:00+01:00,92.44305147433433,92.93
2026-03-12 04:15:00+01:00,91.72515441467604,88.49
2026-03-12 04:30:00+01:00,92.04974062087658,88.5
2026-03-12 04:45:00+01:00,91.91027423264325,88.73
2026-03-12 05:00:00+01:00,90.70061639586167,91.27
2026-03-12 05:15:00+01:00,92.01861293100366,88.5
2026-03-12 05:30:00+01:00,91.86406653692772,101.06
2026-03-12 05:45:00+01:00,90.9099378917966,118.46
2026-03-12 06:00:00+01:00,94.0984234431197,109.44
2026-03-12 06:15:00+01:00,92.70397639926283,126.31
2026-03-12 06:30:00+01:00,92.55712586275494,139.66
2026-03-12 06:45:00+01:00,86.05692671822206,147.26
2026-03-12 07:00:00+01:00,116.23607868006697,151.64
2026-03-12 07:15:00+01:00,104.30398781454372,143.11
2026-03-12 07:30:00+01:00,99.6162196856791,139.45
2026-03-12 07:45:00+01:00,88.94459397284305,114.36
2026-03-12 08:00:00+01:00,106.42133174528033,134.43
2026-03-12 08:15:00+01:00,89.14531210399849,109.44
2026-03-12 08:30:00+01:00,83.44943592012574,101.0
2026-03-12 08:45:00+01:00,71.79947094141966,74.35
2026-03-12 09:00:00+01:00,87.08702871479905,115.21
2026-03-12 09:15:00+01:00,74.17866192449401,88.88
2026-03-12 09:30:00+01:00,61.99415511371886,65.91
2026-03-12 09:45:00+01:00,32.97295928408673,49.99
2026-03-12 10:00:00+01:00,52.69819867762644,73.06
2026-03-12 10:15:00+01:00,38.921604360779384,29.86
2026-03-12 10:30:00+01:00,29.076648489772495,8.86
2026-03-12 10:45:00+01:00,26.98400397079517,2.12
2026-03-12 11:00:00+01:00,28.917381089137706,2.33
2026-03-12 11:15:00+01:00,18.35822161146082,0.0
2026-03-12 11:30:00+01:00,25.315751633313738,-0.04
2026-03-12 11:45:00+01:00,16.475210529550566,-0.92
2026-03-12 12:00:00+01:00,33.581013908139724,-0.61
2026-03-12 12:15:00+01:00,22.40494732021672,-1.0
2026-03-12 12:30:00+01:00,16.42643905313966,-1.09
2026-03-12 12:45:00+01:00,12.685439361086722,-1.67
2026-03-12 13:00:00+01:00,11.75880380303309,-1.83
2026-03-12 13:15:00+01:00,11.06120950439147,-2.2
2026-03-12 13:30:00+01:00,15.784226400517184,-2.94
2026-03-12 13:45:00+01:00,20.17481648451846,-3.0
2026-03-12 14:00:00+01:00,23.306764441937517,-1.72
2026-03-12 14:15:00+01:00,31.72846969378851,-1.32
2026-03-12 14:30:00+01:00,46.9811979819207,-0.56
2026-03-12 14:45:00+01:00,60.556434814752556,-0.01
2026-03-12 15:00:00+01:00,47.00270216961926,0.0
2026-03-12 15:15:00+01:00,64.15123357988175,0.1
2026-03-12 15:30:00+01:00,77.74343736834086,4.01
2026-03-12 15:45:00+01:00,112.64964498371758,10.29
2026-03-12 16:00:00+01:00,69.68815118444581,10.03
2026-03-12 16:15:00+01:00,97.7373162203313,35.6
2026-03-12 16:30:00+01:00,118.50040848880437,62.0
2026-03-12 16:45:00+01:00,130.8815475611023,97.03
2026-03-12 17:00:00+01:00,94.3209353200984,67.62
2026-03-12 17:15:00+01:00,120.07068151783824,93.35
2026-03-12 17:30:00+01:00,125.29799370017753,109.01
2026-03-12 17:45:00+01:00,146.49566122555552,164.33
2026-03-12 18:00:00+01:00,135.99123614320698,120.33
2026-03-12 18:15:00+01:00,135.8714171226166,117.67
2026-03-12 18:30:00+01:00,126.82122227402705,110.97
2026-03-12 18:45:00+01:00,124.51240105785011,110.49
2026-03-12 19:00:00+01:00,123.22347497224177,119.65
2026-03-12 19:15:00+01:00,118.88901148552291,110.62
2026-03-12 19:30:00+01:00,117.99314822115754,99.81
2026-03-12 19:45:00+01:00,106.50189485629559,93.91
2026-03-12 20:00:00+01:00,108.02114396847878,97.66
2026-03-12 20:15:00+01:00,102.341938646702,86.91
2026-03-12 20:30:00+01:00,93.93573166431887,81.83
2026-03-12 20:45:00+01:00,105.57806467822567,79.88
2026-03-12 21:00:00+01:00,107.15293952894521,78.54
2026-03-12 21:15:00+01:00,106.08339178161565,79.31
2026-03-12 21:30:00+01:00,99.44931387710803,68.28
2026-03-12 21:45:00+01:00,85.11186751787075,53.03
2026-03-12 22:00:00+01:00,105.33007920947769,83.08
2026-03-12 22:15:00+01:00,97.45038806794057,67.31
2026-03-12 22:30:00+01:00,89.88886758877197,59.97
2026-03-12 22:45:00+01:00,75.05577175206842,39.86
2026-03-12 23:00:00+01:00,95.75528671908867,24.2
2026-03-12 23:15:00+01:00,75.79833127678017,19.88
2026-03-12 23:30:00+01:00,67.497914889336,17.43
2026-03-12 23:45:00+01:00,57.21834322958347,10.1
2026-03-13 00:00:00+01:00,61.40338126090526,9.43
2026-03-13 00:15:00+01:00,58.79139053871219,8.87
2026-03-13 00:30:00+01:00,51.31802549449561,4.28
2026-03-13 00:45:00+01:00,49.24455720274056,2.58
2026-03-13 01:00:00+01:00,60.0559155333986,6.7
2026-03-13 01:15:00+01:00,49.82656967833888,3.58
2026-03-13 01:30:00+01:00,49.49809314130803,2.55
2026-03-13 01:45:00+01:00,46.992695492175336,3.58
2026-03-13 02:00:00+01:00,52.34730989081039,4.67
2026-03-13 02:15:00+01:00,51.09466505160881,2.4
2026-03-13 02:30:00+01:00,48.89651821176864,2.32
2026-03-13 02:45:00+01:00,48.530125970694996,2.16
2026-03-13 03:00:00+01:00,49.38891475505551,2.33
2026-03-13 03:15:00+01:00,49.275500278687296,1.62
2026-03-13 03:30:00+01:00,49.46661190786179,0.54
2026-03-13 03:45:00+01:00,56.34294031981747,0.1
2026-03-13 04:00:00+01:00,48.736263375352486,1.59
2026-03-13 04:15:00+01:00,46.55260608396847,1.0
2026-03-13 04:30:00+01:00,56.22965004547205,1.6
2026-03-13 04:45:00+01:00,60.5566188913149,1.65
2026-03-13 05:00:00+01:00,52.31221729625565,1.61
2026-03-13 05:15:00+01:00,55.63859423034613,1.63
2026-03-13 05:30:00+01:00,56.3919841493218,4.09
2026-03-13 05:45:00+01:00,76.16238545434766,4.3
2026-03-13 06:00:00+01:00,56.141809843335835,4.28
2026-03-13 06:15:00+01:00,59.97720780886089,9.46
2026-03-13 06:30:00+01:00,66.9934035037877,10.03
2026-03-13 06:45:00+01:00,71.93898715351528,10.07
2026-03-13 07:00:00+01:00,84.93533432324858,21.61
2026-03-13 07:15:00+01:00,73.3520617984843,24.24
2026-03-13 07:30:00+01:00,72.36242396490569,21.49
2026-03-13 07:45:00+01:00,72.38138578394395,12.41
2026-03-13 08:00:00+01:00,79.83737031823142,17.16
2026-03-13 08:15:00+01:00,72.63468043779301,4.99
2026-03-13 08:30:00+01:00,72.51834235710135,3.51
2026-03-13 08:45:00+01:00,55.47000483237121,0.0
2026-03-13 09:00:00+01:00,71.5074235178877,0.1
2026-03-13 09:15:00+01:00,59.56006273451739,-0.01
2026-03-13 09:30:00+01:00,54.22270293669325,-0.04
2026-03-13 09:45:00+01:00,45.267720328528306,-1.01
2026-03-13 10:00:00+01:00,51.8437834746145,-2.0
2026-03-13 10:15:00+01:00,41.50075823160711,-4.58
2026-03-13 10:30:00+01:00,31.84244054118399,-5.13
2026-03-13 10:45:00+01:00,25.58867998575029,-8.28
2026-03-13 11:00:00+01:00,23.275212095107165,-8.13
2026-03-13 11:15:00+01:00,21.001192135918927,-8.19
2026-03-13 11:30:00+01:00,20.5684808975559,-9.91
2026-03-13 11:45:00+01:00,11.019827949732687,-9.77
2026-03-13 12:00:00+01:00,12.170949438831656,-9.92
2026-03-13 12:15:00+01:00,10.675009505149063,-9.37
2026-03-13 12:30:00+01:00,7.272057889235839,-7.32
2026-03-13 12:45:00+01:00,6.582341234690276,-6.78
2026-03-13 13:00:00+01:00,4.954367983325781,-4.61
2026-03-13 13:15:00+01:00,4.1228316640308975,-2.72
2026-03-13 13:30:00+01:00,8.30635166256917,-1.88
2026-03-13 13:45:00+01:00,16.71801073776126,-1.0
2026-03-13 14:00:00+01:00,13.508542795868607,-0.92
2026-03-13 14:15:00+01:00,21.958130741748988,-0.01
2026-03-13 14:30:00+01:00,30.443232799786173,0.01
2026-03-13 14:45:00+01:00,35.74835156271794,5.61
2026-03-13 15:00:00+01:00,24.064150724453413,4.5
2026-03-13 15:15:00+01:00,39.993214478506665,13.38
2026-03-13 15:30:00+01:00,61.43457116866459,53.6
2026-03-13 15:45:00+01:00,84.57133387077785,116.8
2026-03-13 16:00:00+01:00,64.9140836453806,41.59
2026-03-13 16:15:00+01:00,78.32215133089241,85.68
2026-03-13 16:30:00+01:00,100.53044910307347,127.6
2026-03-13 16:45:00+01:00,106.36594358441019,150.37
2026-03-13 17:00:00+01:00,97.53765919404816,115.04
2026-03-13 17:15:00+01:00,110.0467714703089,131.01
2026-03-13 17:30:00+01:00,113.4458744846496,151.01
2026-03-13 17:45:00+01:00,127.68402153895855,170.66
2026-03-13 18:00:00+01:00,122.67826529739634,136.42
2026-03-13 18:15:00+01:00,122.99879342871142,155.37
2026-03-13 18:30:00+01:00,117.47618941931896,169.18
2026-03-13 18:45:00+01:00,129.27138964310552,185.0
2026-03-13 19:00:00+01:00,118.50686308724269,175.66
2026-03-13 19:15:00+01:00,121.16040074532594,172.98
2026-03-13 19:30:00+01:00,117.54220175510486,165.34
2026-03-13 19:45:00+01:00,117.19716244163571,149.0
2026-03-13 20:00:00+01:00,113.19765197078475,164.09
2026-03-13 20:15:00+01:00,108.72415417488222,151.0
2026-03-13 20:30:00+01:00,109.40240257865375,138.37
2026-03-13 20:45:00+01:00,109.83937275987674,129.43
2026-03-13 21:00:00+01:00,106.24705948543405,145.64
2026-03-13 21:15:00+01:00,99.42588796103658,135.4
2026-03-13 21:30:00+01:00,97.41505620023722,124.2
2026-03-13 21:45:00+01:00,96.83137937750806,116.1
2026-03-13 22:00:00+01:00,105.34722691480475,131.67
2026-03-13 22:15:00+01:00,101.93026993522508,120.67
2026-03-13 22:30:00+01:00,92.11556725127474,124.5
2026-03-13 22:45:00+01:00,90.94422735376314,116.85
2026-03-13 23:00:00+01:00,97.06822480279499,133.69
2026-03-13 23:15:00+01:00,93.43748178647574,113.09
2026-03-13 23:30:00+01:00,89.80258200613108,113.1
2026-03-13 23:45:00+01:00,84.42118028321798,103.35
2026-03-14 00:00:00+01:00,118.10421063919428,123.83
2026-03-14 00:15:00+01:00,106.97507293028069,120.22
2026-03-14 00:30:00+01:00,106.4992581333344,105.47
2026-03-14 00:45:00+01:00,101.78195931645497,102.26
2026-03-14 01:00:00+01:00,111.9038024513882,112.41
2026-03-14 01:15:00+01:00,108.92866417349478,109.69
2026-03-14 01:30:00+01:00,102.95971343995065,108.35
2026-03-14 01:45:00+01:00,102.83147235829263,105.83
2026-03-14 02:00:00+01:00,113.27041129959387,106.25
2026-03-14 02:15:00+01:00,110.12701750251385,104.17
2026-03-14 02:30:00+01:00,101.49775602237132,103.37
2026-03-14 02:45:00+01:00,102.07157318574498,102.17
2026-03-14 03:00:00+01:00,99.85479132515397,99.34
2026-03-14 03:15:00+01:00,102.08575673015405,101.81
2026-03-14 03:30:00+01:00,101.5758353947233,102.81
2026-03-14 03:45:00+01:00,101.4320283287462,103.49
2026-03-14 04:00:00+01:00,99.66419463916972,103.21
2026-03-14 04:15:00+01:00,102.76419973493844,103.2
2026-03-14 04:30:00+01:00,105.69195840332945,106.31
2026-03-14 04:45:00+01:00,108.19351427560599,107.74
2026-03-14 05:00:00+01:00,104.97243424510873,104.51
2026-03-14 05:15:00+01:00,104.46474637294988,107.38
2026-03-14 05:30:00+01:00,114.55900476554376,110.38
2026-03-14 05:45:00+01:00,111.10827582457759,114.0
2026-03-14 06:00:00+01:00,107.43786082539842,106.27
2026-03-14 06:15:00+01:00,103.55630800670377,111.38
2026-03-14 06:30:00+01:00,101.84564190021787,113.51
2026-03-14 06:45:00+01:00,105.40495544607816,114.92
2026-03-14 07:00:00+01:00,98.71825294251497,119.69
2026-03-14 07:15:00+01:00,104.55756693310244,115.9
2026-03-14 07:30:00+01:00,110.15405627703817,115.74
2026-03-14 07:45:00+01:00,100.59556409555528,115.5
2026-03-14 08:00:00+01:00,119.78499751004131,122.0
2026-03-14 08:15:00+01:00,108.20519459760733,121.94
2026-03-14 08:30:00+01:00,92.21734424734217,121.99
2026-03-14 08:45:00+01:00,78.47648631945265,121.59
2026-03-14 09:00:00+01:00,115.83191363437636,120.05
2026-03-14 09:15:00+01:00,96.8487675035191,120.02
2026-03-14 09:30:00+01:00,96.81406460892867,116.49
2026-03-14 09:45:00+01:00,95.43617204715865,108.0
2026-03-14 10:00:00+01:00,103.58719738185974,112.26
2026-03-14 10:15:00+01:00,91.5245574946297,108.7
2026-03-14 10:30:00+01:00,82.65823024553372,105.86
2026-03-14 10:45:00+01:00,82.04152236131331,103.27
2026-03-14 11:00:00+01:00,89.9133557934289,103.75
2026-03-14 11:15:00+01:00,89.3314919134909,101.62
2026-03-14 11:30:00+01:00,82.19954572096654,103.7
2026-03-14 11:45:00+01:00,74.86051043870259,105.03
2026-03-14 12:00:00+01:00,79.56617410920813,104.56
2026-03-14 12:15:00+01:00,77.14351781653154,104.07
2026-03-14 12:30:00+01:00,66.44247218955698,104.54
2026-03-14 12:45:00+01:00,66.04956991527499,103.61
2026-03-14 13:00:00+01:00,68.46360049347142,105.13
2026-03-14 13:15:00+01:00,70.62928602879325,105.07
2026-03-14 13:30:00+01:00,79.69631617868963,101.66
2026-03-14 13:45:00+01:00,80.30141201170339,101.86
2026-03-14 14:00:00+01:00,75.46027652640026,103.78
2026-03-14 14:15:00+01:00,81.85061747141958,104.87
2026-03-14 14:30:00+01:00,74.57285082883644,105.39
2026-03-14 14:45:00+01:00,79.23590365252554,108.67
2026-03-14 15:00:00+01:00,82.12049257705976,101.07
2026-03-14 15:15:00+01:00,75.98711791973437,113.99
2026-03-14 15:30:00+01:00,99.68983355386744,120.28
2026-03-14 15:45:00+01:00,116.81045007352485,121.54
2026-03-14 16:00:00+01:00,101.93499794333917,120.07
2026-03-14 16:15:00+01:00,99.94294244913544,121.31
2026-03-14 16:30:00+01:00,127.29622637692596,131.96
2026-03-14 16:45:00+01:00,142.45983028300984,146.66
2026-03-14 17:00:00+01:00,114.07663795519201,116.17
2026-03-14 17:15:00+01:00,128.61116375090253,131.88
2026-03-14 17:30:00+01:00,158.6173344647294,142.46
2026-03-14 17:45:00+01:00,190.30495174498958,164.09
2026-03-14 18:00:00+01:00,169.97173431309176,140.0
2026-03-14 18:15:00+01:00,180.48239166835262,148.41
2026-03-14 18:30:00+01:00,150.35102938848664,172.56
2026-03-14 18:45:00+01:00,149.75864882949858,183.43
2026-03-14 19:00:00+01:00,182.28211932771237,183.48
2026-03-14 19:15:00+01:00,149.09693764734212,178.34
2026-03-14 19:30:00+01:00,142.34602947586143,165.51
2026-03-14 19:45:00+01:00,123.57625785647924,152.01
2026-03-14 20:00:00+01:00,144.6962246810062,176.36
2026-03-14 20:15:00+01:00,138.76782963569454,156.19
2026-03-14 20:30:00+01:00,128.32320387628383,139.97
2026-03-14 20:45:00+01:00,123.60715807846645,128.54
2026-03-14 21:00:00+01:00,126.28708287252037,140.0
2026-03-14 21:15:00+01:00,123.13568775890356,133.54
2026-03-14 21:30:00+01:00,119.54663141740872,140.4
2026-03-14 21:45:00+01:00,108.70367421896447,135.87
2026-03-14 22:00:00+01:00,124.43851616249874,139.53
2026-03-14 22:15:00+01:00,114.13090910028477,132.99
2026-03-14 22:30:00+01:00,113.15157075361408,139.81
2026-03-14 22:45:00+01:00,101.9630642321585,128.62
2026-03-14 23:00:00+01:00,107.12984031138359,139.61
2026-03-14 23:15:00+01:00,98.80902412746288,128.82
2026-03-14 23:30:00+01:00,97.6790400739034,127.35
2026-03-14 23:45:00+01:00,99.71265528087605,116.4
2026-03-15 00:00:00+01:00,123.53974189703996,144.99
2026-03-15 00:15:00+01:00,112.84204751686241,143.94
2026-03-15 00:30:00+01:00,109.97390237739006,136.01
2026-03-15 00:45:00+01:00,107.72825971574272,124.43
2026-03-15 01:00:00+01:00,112.13969125534508,140.58
2026-03-15 01:15:00+01:00,111.93863961232842,135.52
2026-03-15 01:30:00+01:00,109.14088541193071,132.83
2026-03-15 01:45:00+01:00,113.16099019888776,125.99
2026-03-15 02:00:00+01:00,112.90821561447774,133.37
2026-03-15 02:15:00+01:00,111.41802023353812,127.08
2026-03-15 02:30:00+01:00,109.83234424058811,120.22
2026-03-15 02:45:00+01:00,107.07393650805056,119.17
2026-03-15 03:00:00+01:00,105.71426157548541,119.75
2026-03-15 03:15:00+01:00,104.99819941654799,120.8
2026-03-15 03:30:00+01:00,105.96875470679059,125.71
2026-03-15 03:45:00+01:00,108.03515675618448,127.85
2026-03-15 04:00:00+01:00,107.49652520896694,120.0
2026-03-15 04:15:00+01:00,107.36241297603092,121.05
2026-03-15 04:30:00+01:00,110.4031158381087,122.67
2026-03-15 04:45:00+01:00,108.30703485625875,124.99
2026-03-15 05:00:00+01:00,110.35929927980152,120.71
2026-03-15 05:15:00+01:00,103.55091207993351,120.98
2026-03-15 05:30:00+01:00,107.25871301688024,125.8
2026-03-15 05:45:00+01:00,108.51112279523184,128.99
2026-03-15 06:00:00+01:00,104.14335722368384,121.4
2026-03-15 06:15:00+01:00,122.4293388930519,127.2
2026-03-15 06:30:00+01:00,104.23366252349498,127.21
2026-03-15 06:45:00+01:00,100.50090095680214,121.74
2026-03-15 07:00:00+01:00,105.71336715015828,130.41
2026-03-15 07:15:00+01:00,109.92889167335255,118.99
2026-03-15 07:30:00+01:00,95.5120423006033,117.43
2026-03-15 07:45:00+01:00,103.22787421660847,107.01
2026-03-15 08:00:00+01:00,110.20511659901379,136.0
2026-03-15 08:15:00+01:00,112.42649305903775,114.39
2026-03-15 08:30:00+01:00,102.8762025749628,100.0
2026-03-15 08:45:00+01:00,100.51566645324726,85.99
2026-03-15 09:00:00+01:00,110.54963833201047,105.78
2026-03-15 09:15:00+01:00,99.32608715832556,97.74
2026-03-15 09:30:00+01:00,90.13013606168627,89.27
2026-03-15 09:45:00+01:00,86.42760945202856,86.29
2026-03-15 10:00:00+01:00,94.8023551584506,95.93
2026-03-15 10:15:00+01:00,93.95676334328122,90.28
2026-03-15 10:30:00+01:00,82.65663007588432,85.95
2026-03-15 10:45:00+01:00,69.2797591134644,77.06
2026-03-15 11:00:00+01:00,85.79725296118892,88.58
2026-03-15 11:15:00+01:00,81.18339662358568,83.48
2026-03-15 11:30:00+01:00,66.36233993481892,66.66
2026-03-15 11:45:00+01:00,63.392247326704954,50.12
2026-03-15 12:00:00+01:00,63.8001923971005,76.03
2026-03-15 12:15:00+01:00,51.38404889082849,58.34
2026-03-15 12:30:00+01:00,52.694675226697825,43.95
2026-03-15 12:45:00+01:00,50.59432034859785,33.55
2026-03-15 13:00:00+01:00,52.372844981599606,46.14
2026-03-15 13:15:00+01:00,58.828068684073365,40.17
2026-03-15 13:30:00+01:00,61.091353110772,31.34
2026-03-15 13:45:00+01:00,65.66714124429745,28.18
2026-03-15 14:00:00+01:00,61.6986230768577,25.71
2026-03-15 14:15:00+01:00,65.93339629637549,31.24
2026-03-15 14:30:00+01:00,75.6732707305865,39.98
2026-03-15 14:45:00+01:00,79.58408094972431,51.86
2026-03-15 15:00:00+01:00,55.967154240036244,49.28
2026-03-15 15:15:00+01:00,58.33072702247902,52.55
2026-03-15 15:30:00+01:00,99.5098783316897,66.47
2026-03-15 15:45:00+01:00,104.33878370800733,84.01
2026-03-15 16:00:00+01:00,79.19520479613055,54.5
2026-03-15 16:15:00+01:00,105.58460437848001,83.48
2026-03-15 16:30:00+01:00,121.04499828929153,97.76
2026-03-15 16:45:00+01:00,123.48117937899048,121.24
2026-03-15 17:00:00+01:00,112.68694298494373,101.0
2026-03-15 17:15:00+01:00,123.14529255968942,121.34
2026-03-15 17:30:00+01:00,125.78225256433471,136.57
2026-03-15 17:45:00+01:00,155.0377846538062,152.74
2026-03-15 18:00:00+01:00,137.46684645665695,141.86
2026-03-15 18:15:00+01:00,153.5630913921365,145.47
2026-03-15 18:30:00+01:00,142.18208543918436,154.08
2026-03-15 18:45:00+01:00,147.59664207233737,155.05
2026-03-15 19:00:00+01:00,140.71541048083296,150.6
2026-03-15 19:15:00+01:00,138.66615878876735,135.99
2026-03-15 19:30:00+01:00,132.06294918634651,123.66
2026-03-15 19:45:00+01:00,122.85328520026371,117.23
2026-03-15 20:00:00+01:00,128.75317772632494,119.46
2026-03-15 20:15:00+01:00,114.36359514109732,113.76
2026-03-15 20:30:00+01:00,106.60548237294344,110.32
2026-03-15 20:45:00+01:00,102.8805156093085,90.39
2026-03-15 21:00:00+01:00,104.92002352771947,108.22
2026-03-15 21:15:00+01:00,103.73741628828735,90.13
2026-03-15 21:30:00+01:00,96.70646579754697,91.68
2026-03-15 21:45:00+01:00,89.93280402386655,77.47
2026-03-15 22:00:00+01:00,106.41568633907063,90.05
2026-03-15 22:15:00+01:00,99.1332604266509,89.66
2026-03-15 22:30:00+01:00,96.11772368006815,80.33
2026-03-15 22:45:00+01:00,88.03818577498157,71.41
2026-03-15 23:00:00+01:00,94.89369063796859,83.8
2026-03-15 23:15:00+01:00,80.5838326300805,68.35
2026-03-15 23:30:00+01:00,73.80438746354903,62.77
2026-03-15 23:45:00+01:00,68.50476202046146,41.14
2026-03-16 00:00:00+01:00,80.14752459807156,59.87
2026-03-16 00:15:00+01:00,73.64895226387551,42.69
2026-03-16 00:30:00+01:00,62.68891852050261,21.62
2026-03-16 00:45:00+01:00,58.12688429745641,12.48
2026-03-16 01:00:00+01:00,65.12356263416433,36.12
2026-03-16 01:15:00+01:00,57.923519876707545,23.33
2026-03-16 01:30:00+01:00,51.02475866040974,16.91
2026-03-16 01:45:00+01:00,52.30913280344166,16.95
2026-03-16 02:00:00+01:00,48.963347424532586,24.5
2026-03-16 02:15:00+01:00,47.87518241167131,18.43
2026-03-16 02:30:00+01:00,46.49771632343015,15.5
2026-03-16 02:45:00+01:00,43.542101508588786,11.93
2026-03-16 03:00:00+01:00,44.07937299559713,13.07
2026-03-16 03:15:00+01:00,45.11613677071526,11.48
2026-03-16 03:30:00+01:00,47.875966811502906,15.01
2026-03-16 03:45:00+01:00,51.95045450389943,16.99
2026-03-16 04:00:00+01:00,42.889689324069174,12.43
2026-03-16 04:15:00+01:00,44.880123075284374,16.95
2026-03-16 04:30:00+01:00,47.04340590108893,22.02
2026-03-16 04:45:00+01:00,47.489736900028284,28.83
2026-03-16 05:00:00+01:00,44.815843881622435,20.06
2026-03-16 05:15:00+01:00,45.7037467960674,30.11
2026-03-16 05:30:00+01:00,44.27040365584252,39.52
2026-03-16 05:45:00+01:00,60.76171381568144,60.02
2026-03-16 06:00:00+01:00,42.28802149426507,36.73
2026-03-16 06:15:00+01:00,66.62796276240685,62.31
2026-03-16 06:30:00+01:00,81.09296169673499,81.71
2026-03-16 06:45:00+01:00,78.8300710376941,84.01
2026-03-16 07:00:00+01:00,78.16636821366048,98.03
2026-03-16 07:15:00+01:00,79.2911040868148,96.24
2026-03-16 07:30:00+01:00,75.49670966365494,96.63
2026-03-16 07:45:00+01:00,87.61989250162398,91.37
2026-03-16 08:00:00+01:00,96.059427534228,117.85
2026-03-16 08:15:00+01:00,87.25480661564892,99.82
2026-03-16 08:30:00+01:00,91.14315898569922,89.39
2026-03-16 08:45:00+01:00,70.32419810986187,76.85
2026-03-16 09:00:00+01:00,96.08683834073352,99.64
2026-03-16 09:15:00+01:00,69.9794454821193,82.83
2026-03-16 09:30:00+01:00,67.55487610004343,64.24
2026-03-16 09:45:00+01:00,42.500026941920666,45.71
2026-03-16 10:00:00+01:00,59.624244592704024,62.47
2026-03-16 10:15:00+01:00,55.55550271671251,52.06
2026-03-16 10:30:00+01:00,29.722037220188525,35.88
2026-03-16 10:45:00+01:00,9.295674503914924,19.97
2026-03-16 11:00:00+01:00,23.762553235430104,22.52
2026-03-16 11:15:00+01:00,23.461028549874612,15.62
2026-03-16 11:30:00+01:00,14.527145477412333,14.36
2026-03-16 11:45:00+01:00,9.560403601521571,16.96
2026-03-16 12:00:00+01:00,10.885175780269691,15.08
2026-03-16 12:15:00+01:00,3.8210992031268773,11.15
2026-03-16 12:30:00+01:00,4.402715948709655,11.86
2026-03-16 12:45:00+01:00,9.652854172681828,10.05
2026-03-16 13:00:00+01:00,4.075176320574613,10.05
2026-03-16 13:15:00+01:00,6.1014358941587545,10.87
2026-03-16 13:30:00+01:00,10.654337661965002,17.0
2026-03-16 13:45:00+01:00,15.864692270400298,25.6
2026-03-16 14:00:00+01:00,15.455164272756477,18.44
2026-03-16 14:15:00+01:00,22.03662945944916,31.06
2026-03-16 14:30:00+01:00,40.43890616609004,56.27
2026-03-16 14:45:00+01:00,58.549381723120305,62.92
2026-03-16 15:00:00+01:00,36.67047976441545,29.17
2026-03-16 15:15:00+01:00,36.05303633482478,40.76
2026-03-16 15:30:00+01:00,69.32116690503878,75.0
2026-03-16 15:45:00+01:00,118.82963712781019,112.85
2026-03-16 16:00:00+01:00,79.25419074453055,53.72
2026-03-16 16:15:00+01:00,99.5047391868271,87.99
2026-03-16 16:30:00+01:00,123.62880259916047,130.87
2026-03-16 16:45:00+01:00,138.2512617383553,152.26
2026-03-16 17:00:00+01:00,111.82205047402161,98.51
2026-03-16 17:15:00+01:00,129.05274928356985,127.53
2026-03-16 17:30:00+01:00,142.70168763968633,148.6
2026-03-16 17:45:00+01:00,158.0310518028793,179.77
2026-03-16 18:00:00+01:00,132.4802108842545,145.0
2026-03-16 18:15:00+01:00,150.5762219075071,157.17
2026-03-16 18:30:00+01:00,150.92289917298118,173.43
2026-03-16 18:45:00+01:00,168.99963271290147,184.54
2026-03-16 19:00:00+01:00,154.27795470480254,179.72
2026-03-16 19:15:00+01:00,156.55000711971877,179.92
2026-03-16 19:30:00+01:00,155.4301525369998,179.97
2026-03-16 19:45:00+01:00,142.97429635428324,179.94
2026-03-16 20:00:00+01:00,150.64706712129544,182.64
2026-03-16 20:15:00+01:00,148.07461600556573,163.16
2026-03-16 20:30:00+01:00,134.78045073854042,143.41
2026-03-16 20:45:00+01:00,130.16660786930873,129.93
2026-03-16 21:00:00+01:00,137.3135971427374,142.36
2026-03-16 21:15:00+01:00,131.1007525983478,128.29
2026-03-16 21:30:00+01:00,127.89822257729378,120.54
2026-03-16 21:45:00+01:00,119.24837861206434,111.66
2026-03-16 22:00:00+01:00,134.02234148507532,130.38
2026-03-16 22:15:00+01:00,130.5922275655364,124.2
2026-03-16 22:30:00+01:00,127.24174228301838,123.82
2026-03-16 22:45:00+01:00,113.0825142947171,109.25
2026-03-16 23:00:00+01:00,129.7160091511695,111.67
2026-03-16 23:15:00+01:00,110.47707150037678,103.31
2026-03-16 23:30:00+01:00,107.04391958664613,95.0
2026-03-16 23:45:00+01:00,104.25143852091786,89.08
2026-03-17 00:00:00+01:00,112.11270570533704,132.74
2026-03-17 00:15:00+01:00,95.88690097080243,113.4
2026-03-17 00:30:00+01:00,94.30701135633007,105.6
2026-03-17 00:45:00+01:00,89.49034865071346,102.92
2026-03-17 01:00:00+01:00,101.67614855707238,106.31
2026-03-17 01:15:00+01:00,92.11667707566991,105.9
2026-03-17 01:30:00+01:00,91.38939923051036,106.04
2026-03-17 01:45:00+01:00,88.48372392905671,104.09
2026-03-17 02:00:00+01:00,91.02246906993341,107.47
2026-03-17 02:15:00+01:00,88.28284414970396,107.4
2026-03-17 02:30:00+01:00,89.43578107622318,106.07
2026-03-17 02:45:00+01:00,90.68990972630479,104.75
2026-03-17 03:00:00+01:00,90.01994805919865,106.0
2026-03-17 03:15:00+01:00,90.25291359167926,106.23
2026-03-17 03:30:00+01:00,90.46900432152295,107.3
2026-03-17 03:45:00+01:00,91.26371144713018,106.56
2026-03-17 04:00:00+01:00,94.81181920601311,110.82
2026-03-17 04:15:00+01:00,90.81690319130601,109.33
2026-03-17 04:30:00+01:00,92.28840279755745,109.02
2026-03-17 04:45:00+01:00,97.280132620726,110.95
2026-03-17 05:00:00+01:00,90.9563681737255,107.87
2026-03-17 05:15:00+01:00,98.04081331280676,109.99
2026-03-17 05:30:00+01:00,104.60909087287081,123.6
2026-03-17 05:45:00+01:00,108.19733806659059,138.2
2026-03-17 06:00:00+01:00,109.6453239758977,131.8
2026-03-17 06:15:00+01:00,111.24298355318099,144.0
2026-03-17 06:30:00+01:00,129.21345479620274,153.52
2026-03-17 06:45:00+01:00,137.9426617237296,162.54
2026-03-17 07:00:00+01:00,133.88093284966905,173.97
2026-03-17 07:15:00+01:00,141.2395900489882,173.88
2026-03-17 07:30:00+01:00,167.73538127905084,174.17
2026-03-17 07:45:00+01:00,144.1264085322328,149.9
2026-03-17 08:00:00+01:00,180.39091098722446,192.66
2026-03-17 08:15:00+01:00,157.55702718633478,160.19
2026-03-17 08:30:00+01:00,132.8036701692065,140.16
2026-03-17 08:45:00+01:00,117.66578505825633,117.04
2026-03-17 09:00:00+01:00,152.96645905038034,149.95
2026-03-17 09:15:00+01:00,122.63252563276727,127.09
2026-03-17 09:30:00+01:00,112.20018743823236,112.07
2026-03-17 09:45:00+01:00,103.5570731866009,107.18
2026-03-17 10:00:00+01:00,106.88966184422087,130.97
2026-03-17 10:15:00+01:00,100.38484434398994,104.59
2026-03-17 10:30:00+01:00,94.44957494563621,98.41
2026-03-17 10:45:00+01:00,86.14223784293941,100.59
2026-03-17 11:00:00+01:00,98.88790186975449,103.19
2026-03-17 11:15:00+01:00,94.1677215105107,99.0
2026-03-17 11:30:00+01:00,88.2726400030729,97.64
2026-03-17 11:45:00+01:00,75.0989452559796,102.77
2026-03-17 12:00:00+01:00,86.85348713165705,95.36
2026-03-17 12:15:00+01:00,81.16503847036503,95.3
2026-03-17 12:30:00+01:00,74.31862131103662,95.32
2026-03-17 12:45:00+01:00,77.70072828549547,94.93
2026-03-17 13:00:00+01:00,80.76822222621588,97.0
2026-03-17 13:15:00+01:00,84.41758441037759,97.11
2026-03-17 13:30:00+01:00,86.45309758393192,95.99
2026-03-17 13:45:00+01:00,91.2997302014458,96.96
2026-03-17 14:00:00+01:00,82.60006050915327,96.62
2026-03-17 14:15:00+01:00,96.06732190430981,100.26
2026-03-17 14:30:00+01:00,98.73221951778521,98.63
2026-03-17 14:45:00+01:00,106.8304385453325,101.79
2026-03-17 15:00:00+01:00,100.13798722833381,99.67
2026-03-17 15:15:00+01:00,105.34383222432173,105.55
2026-03-17 15:30:00+01:00,115.74282025156629,115.85
2026-03-17 15:45:00+01:00,122.2194840289897,127.36
2026-03-17 16:00:00+01:00,119.60610283705957,111.7
2026-03-17 16:15:00+01:00,121.21644989993352,124.41
2026-03-17 16:30:00+01:00,136.8147372784565,136.44
2026-03-17 16:45:00+01:00,167.9048847787146,154.56
2026-03-17 17:00:00+01:00,123.00022889255314,128.04
2026-03-17 17:15:00+01:00,139.33643951362765,146.71
2026-03-17 17:30:00+01:00,192.24375590731705,163.18
2026-03-17 17:45:00+01:00,219.995544558321,210.88
2026-03-17 18:00:00+01:00,189.53859271457134,191.32
2026-03-17 18:15:00+01:00,198.10648139555923,211.88
2026-03-17 18:30:00+01:00,197.36305390567463,214.99
2026-03-17 18:45:00+01:00,195.0540666795901,211.0
2026-03-17 19:00:00+01:00,214.5835464028973,213.68
2026-03-17 19:15:00+01:00,189.50341815528287,179.15
2026-03-17 19:30:00+01:00,162.1213366123115,145.91
2026-03-17 19:45:00+01:00,144.5062096624614,142.79
2026-03-17 20:00:00+01:00,162.51995077235767,163.42
2026-03-17 20:15:00+01:00,159.4570465373208,145.11
2026-03-17 20:30:00+01:00,139.15540306893521,138.16
2026-03-17 20:45:00+01:00,129.44249224484975,130.26
2026-03-17 21:00:00+01:00,142.70679561264586,145.27
2026-03-17 21:15:00+01:00,133.25436883773705,135.27
2026-03-17 21:30:00+01:00,122.15481811623849,126.53
2026-03-17 21:45:00+01:00,112.75307646402986,112.09
2026-03-17 22:00:00+01:00,130.18486530478717,133.69
2026-03-17 22:15:00+01:00,120.20432271275183,119.28
2026-03-17 22:30:00+01:00,111.8350754927875,105.7
2026-03-17 22:45:00+01:00,105.49675601932249,98.29
2026-03-17 23:00:00+01:00,115.09868554433724,108.21
2026-03-17 23:15:00+01:00,106.8926279535502,101.67
2026-03-17 23:30:00+01:00,101.39866326621454,98.12
2026-03-17 23:45:00+01:00,93.7123020205425,93.83
2026-03-18 00:00:00+01:00,114.50418423261226,95.7
2026-03-18 00:15:00+01:00,112.06791704113263,88.9
2026-03-18 00:30:00+01:00,100.48284136559074,87.39
2026-03-18 00:45:00+01:00,99.86271056532941,87.21
2026-03-18 01:00:00+01:00,102.697364695812,89.64
2026-03-18 01:15:00+01:00,102.1857405318535,86.64
2026-03-18 01:30:00+01:00,102.15126437525214,85.83
2026-03-18 01:45:00+01:00,98.64957350517015,84.8
2026-03-18 02:00:00+01:00,98.52305166569263,86.58
2026-03-18 02:15:00+01:00,97.88382293414608,85.39
2026-03-18 02:30:00+01:00,98.32025963439422,85.27
2026-03-18 02:45:00+01:00,95.81056963730826,85.5
2026-03-18 03:00:00+01:00,101.59260739540117,86.15
2026-03-18 03:15:00+01:00,99.02990131593423,86.5
2026-03-18 03:30:00+01:00,97.99774012239814,87.09
2026-03-18 03:45:00+01:00,94.25163993877675,87.73
2026-03-18 04:00:00+01:00,96.26823592943805,87.93
2026-03-18 04:15:00+01:00,92.33451506760491,88.88
2026-03-18 04:30:00+01:00,91.76342090735689,89.06
2026-03-18 04:45:00+01:00,93.13324261320818,89.47
2026-03-18 05:00:00+01:00,89.63490821584777,89.0
2026-03-18 05:15:00+01:00,92.32895071570972,91.52
2026-03-18 05:30:00+01:00,94.36020001823721,102.84
2026-03-18 05:45:00+01:00,99.18671346476225,116.86
2026-03-18 06:00:00+01:00,105.52685674580182,112.58
2026-03-18 06:15:00+01:00,112.25258930533448,130.68
2026-03-18 06:30:00+01:00,114.078175658482,137.42
2026-03-18 06:45:00+01:00,117.05770253418983,142.28
2026-03-18 07:00:00+01:00,126.6871762300074,150.2
2026-03-18 07:15:00+01:00,135.83491101178907,148.81
2026-03-18 07:30:00+01:00,116.78154395830276,132.01
2026-03-18 07:45:00+01:00,79.14695105617622,103.35
2026-03-18 08:00:00+01:00,129.00069786513038,131.43
2026-03-18 08:15:00+01:00,89.52762947235861,106.9
2026-03-18 08:30:00+01:00,83.08475750924617,87.69
2026-03-18 08:45:00+01:00,60.11064351229251,73.73
2026-03-18 09:00:00+01:00,98.45263817429073,99.91
2026-03-18 09:15:00+01:00,77.23082320392231,81.06
2026-03-18 09:30:00+01:00,58.02363924880492,57.31
2026-03-18 09:45:00+01:00,34.99838155757054,13.52
2026-03-18 10:00:00+01:00,63.48375292245767,37.56
2026-03-18 10:15:00+01:00,46.344943371810224,3.45
2026-03-18 10:30:00+01:00,21.811675746794066,-0.01
2026-03-18 10:45:00+01:00,14.507747683918097,-1.01
2026-03-18 11:00:00+01:00,22.26215175076112,-0.06
2026-03-18 11:15:00+01:00,17.8740834722379,-1.85
2026-03-18 11:30:00+01:00,13.238400114859644,-2.21
2026-03-18 11:45:00+01:00,9.88194923880748,-2.36
2026-03-18 12:00:00+01:00,11.182469915669984,-2.08
2026-03-18 12:15:00+01:00,9.583357222223412,-2.51
2026-03-18 12:30:00+01:00,4.711345894259949,-2.32
2026-03-18 12:45:00+01:00,3.521369825568783,-2.33
2026-03-18 13:00:00+01:00,4.101518859311554,-3.32
2026-03-18 13:15:00+01:00,8.374563288897093,-3.3
2026-03-18 13:30:00+01:00,11.634685736639852,-3.11
2026-03-18 13:45:00+01:00,21.98930906135935,-1.12
2026-03-18 14:00:00+01:00,18.567267228641356,-1.01
2026-03-18 14:15:00+01:00,29.11843237038272,-0.47
2026-03-18 14:30:00+01:00,33.642068020711065,-0.01
2026-03-18 14:45:00+01:00,59.33882999330254,2.38
2026-03-18 15:00:00+01:00,40.83186497721355,3.32
2026-03-18 15:15:00+01:00,62.37754377927432,13.98
2026-03-18 15:30:00+01:00,91.69244557694691,71.27
2026-03-18 15:45:00+01:00,125.04444836621231,100.21
2026-03-18 16:00:00+01:00,74.07509317422384,65.39
2026-03-18 16:15:00+01:00,109.73930965876657,93.91
2026-03-18 16:30:00+01:00,136.7901506044501,124.98
2026-03-18 16:45:00+01:00,148.30200457114915,143.85
2026-03-18 17:00:00+01:00,111.20256048740362,101.5
2026-03-18 17:15:00+01:00,128.43113065290015,135.89
2026-03-18 17:30:00+01:00,145.73784110944402,159.28
2026-03-18 17:45:00+01:00,208.93804753945398,184.18
2026-03-18 18:00:00+01:00,153.67192158193504,163.03
2026-03-18 18:15:00+01:00,192.31838100315656,176.81
2026-03-18 18:30:00+01:00,178.20789835316768,185.72
2026-03-18 18:45:00+01:00,191.95085955950148,184.93
2026-03-18 19:00:00+01:00,193.88088766727446,192.59
2026-03-18 19:15:00+01:00,180.21131195097374,180.55
2026-03-18 19:30:00+01:00,159.8550289000245,165.4
2026-03-18 19:45:00+01:00,153.66996857337017,142.25
2026-03-18 20:00:00+01:00,166.9853410482704,164.64
2026-03-18 20:15:00+01:00,154.72927608672686,152.01
2026-03-18 20:30:00+01:00,147.10252541750123,141.73
2026-03-18 20:45:00+01:00,132.8311945246383,135.58
2026-03-18 21:00:00+01:00,139.20802724964247,144.97
2026-03-18 21:15:00+01:00,128.93004574719933,138.95
2026-03-18 21:30:00+01:00,124.70649712523753,128.12
2026-03-18 21:45:00+01:00,115.04593465912674,116.19
2026-03-18 22:00:00+01:00,136.2506853802871,136.99
2026-03-18 22:15:00+01:00,128.42090953863703,126.01
2026-03-18 22:30:00+01:00,126.34764403463096,118.13
2026-03-18 22:45:00+01:00,113.66816126701744,113.97
2026-03-18 23:00:00+01:00,131.9974815858321,123.2
2026-03-18 23:15:00+01:00,108.97183474052147,112.63
2026-03-18 23:30:00+01:00,102.80573613341423,111.5
2026-03-18 23:45:00+01:00,96.85308816240685,106.17
2026-03-19 00:00:00+01:00,114.30632619122301,113.04
2026-03-19 00:15:00+01:00,111.78909602234434,108.77
2026-03-19 00:30:00+01:00,108.90515733610123,108.2
2026-03-19 00:45:00+01:00,110.24696060886912,106.99
2026-03-19 01:00:00+01:00,110.83755212539458,112.76
2026-03-19 01:15:00+01:00,111.94831163256649,111.73
2026-03-19 01:30:00+01:00,112.30534311538415,112.85
2026-03-19 01:45:00+01:00,113.36554461732256,113.22
2026-03-19 02:00:00+01:00,115.49474766914292,113.66
2026-03-19 02:15:00+01:00,112.82618443132334,112.79
2026-03-19 02:30:00+01:00,113.28662348787836,113.93
2026-03-19 02:45:00+01:00,113.48835413532275,115.59
2026-03-19 03:00:00+01:00,112.84405759105421,110.05
2026-03-19 03:15:00+01:00,112.98591302731788,112.73
2026-03-19 03:30:00+01:00,114.26016535133354,117.97
2026-03-19 03:45:00+01:00,115.21459766906676,121.35
2026-03-19 04:00:00+01:00,115.96284035407452,120.2
2026-03-19 04:15:00+01:00,113.84361008167282,121.82
2026-03-19 04:30:00+01:00,118.31231224993891,123.98
2026-03-19 04:45:00+01:00,121.42895895008121,127.1
2026-03-19 05:00:00+01:00,115.17549893908058,122.34
2026-03-19 05:15:00+01:00,119.8103616460308,128.14
2026-03-19 05:30:00+01:00,132.6198057550797,132.29
2026-03-19 05:45:00+01:00,146.32803782285694,148.35
2026-03-19 06:00:00+01:00,129.43560337554604,134.52
2026-03-19 06:15:00+01:00,147.48004085946192,157.9
2026-03-19 06:30:00+01:00,170.18013056744988,170.86
2026-03-19 06:45:00+01:00,180.42830343575446,177.23
2026-03-19 07:00:00+01:00,191.8107817464125,191.6
2026-03-19 07:15:00+01:00,193.32459135991814,175.51
2026-03-19 07:30:00+01:00,176.0437320588681,150.21
2026-03-19 07:45:00+01:00,145.9816093395669,115.65
2026-03-19 08:00:00+01:00,199.99905492155636,179.47
2026-03-19 08:15:00+01:00,155.54323453269456,151.35
2026-03-19 08:30:00+01:00,130.9603051605645,120.19
2026-03-19 08:45:00+01:00,85.64895171795568,103.4
2026-03-19 09:00:00+01:00,145.580814506796,121.98
2026-03-19 09:15:00+01:00,96.58321907820948,100.87
2026-03-19 09:30:00+01:00,83.3490946888798,84.16
2026-03-19 09:45:00+01:00,57.263845626031404,56.6
2026-03-19 10:00:00+01:00,92.2093875296776,99.0
2026-03-19 10:15:00+01:00,79.20816583834457,60.76
2026-03-19 10:30:00+01:00,62.53824028332567,40.05
2026-03-19 10:45:00+01:00,47.41540376463024,21.39
2026-03-19 11:00:00+01:00,57.93722598698699,20.63
2026-03-19 11:15:00+01:00,46.21870855536433,9.61
2026-03-19 11:30:00+01:00,31.249821930440575,1.22
2026-03-19 11:45:00+01:00,18.14325136853074,0.02
2026-03-19 12:00:00+01:00,20.975413542806393,0.01
2026-03-19 12:15:00+01:00,21.237916492176353,0.0
2026-03-19 12:30:00+01:00,27.33172025776672,-0.01
2026-03-19 12:45:00+01:00,24.027144095660574,0.0
2026-03-19 13:00:00+01:00,19.64165543435773,0.0
2026-03-19 13:15:00+01:00,27.23671003990573,0.0
2026-03-19 13:30:00+01:00,35.31683618609547,0.6
2026-03-19 13:45:00+01:00,48.871263683141855,9.52
2026-03-19 14:00:00+01:00,29.08765993932589,10.05
2026-03-19 14:15:00+01:00,56.309310179819974,28.44
2026-03-19 14:30:00+01:00,66.59171762504394,58.07
2026-03-19 14:45:00+01:00,70.03853847840813,78.3
2026-03-19 15:00:00+01:00,54.983906082799436,42.77
2026-03-19 15:15:00+01:00,73.59944817708251,81.75
2026-03-19 15:30:00+01:00,90.88334965547295,98.79
2026-03-19 15:45:00+01:00,127.99522593617007,120.48
2026-03-19 16:00:00+01:00,81.14583929506581,97.64
2026-03-19 16:15:00+01:00,115.37951449309519,110.13
2026-03-19 16:30:00+01:00,138.46027773855923,122.85
2026-03-19 16:45:00+01:00,180.09913103701717,150.77
2026-03-19 17:00:00+01:00,112.13873765209337,101.41
2026-03-19 17:15:00+01:00,137.49624004259755,132.96
2026-03-19 17:30:00+01:00,183.17190534912774,163.96
2026-03-19 17:45:00+01:00,242.20170843197064,210.37
2026-03-19 18:00:00+01:00,213.09642448425186,180.37
2026-03-19 18:15:00+01:00,219.1809592962146,202.3
2026-03-19 18:30:00+01:00,213.60411281302794,223.21
2026-03-19 18:45:00+01:00,209.11637866052365,231.19
2026-03-19 19:00:00+01:00,223.65085410396594,240.91
2026-03-19 19:15:00+01:00,192.31309150122985,219.48
2026-03-19 19:30:00+01:00,169.44640261458716,203.32
2026-03-19 19:45:00+01:00,157.60420641113362,193.82
2026-03-19 20:00:00+01:00,173.30865494766442,183.05
2026-03-19 20:15:00+01:00,160.41494907491983,167.86
2026-03-19 20:30:00+01:00,141.06309677239358,157.15
2026-03-19 20:45:00+01:00,131.26723045212677,145.42
2026-03-19 21:00:00+01:00,149.04532375362774,160.79
2026-03-19 21:15:00+01:00,137.01240193035065,155.74
2026-03-19 21:30:00+01:00,133.57442829200025,147.77
2026-03-19 21:45:00+01:00,120.50599431863598,131.86
2026-03-19 22:00:00+01:00,142.70666687939246,150.74
2026-03-19 22:15:00+01:00,130.8584877167082,145.68
2026-03-19 22:30:00+01:00,125.56338443016888,134.44
2026-03-19 22:45:00+01:00,116.19097706347985,127.34
2026-03-19 23:00:00+01:00,125.57020136993694,141.56
2026-03-19 23:15:00+01:00,118.65226932793519,134.05
2026-03-19 23:30:00+01:00,114.54561878360661,131.1
2026-03-19 23:45:00+01:00,107.6413600195786,122.24
2026-03-20 00:00:00+01:00,128.3024986671195,158.56
2026-03-20 00:15:00+01:00,125.8421639579621,145.41
2026-03-20 00:30:00+01:00,124.18814630442077,137.26
2026-03-20 00:45:00+01:00,114.69795712953251,133.02
2026-03-20 01:00:00+01:00,122.2924296231003,141.26
2026-03-20 01:15:00+01:00,118.53895369589527,138.09
2026-03-20 01:30:00+01:00,117.71553391002459,136.65
2026-03-20 01:45:00+01:00,117.07876189694443,135.84
2026-03-20 02:00:00+01:00,119.8572446778418,136.36
2026-03-20 02:15:00+01:00,116.64766557105122,134.98
2026-03-20 02:30:00+01:00,117.68333251189226,135.62
2026-03-20 02:45:00+01:00,116.883935510095,135.61
2026-03-20 03:00:00+01:00,117.76345792487642,135.93
2026-03-20 03:15:00+01:00,115.75889375766272,135.23
2026-03-20 03:30:00+01:00,119.51466882923654,138.86
2026-03-20 03:45:00+01:00,122.24101262433123,139.88
2026-03-20 04:00:00+01:00,118.01976270169735,131.13
2026-03-20 04:15:00+01:00,119.56967798063422,135.76
2026-03-20 04:30:00+01:00,122.79354467964083,138.99
2026-03-20 04:45:00+01:00,124.82277436617218,149.74
2026-03-20 05:00:00+01:00,120.69122747619417,136.6
2026-03-20 05:15:00+01:00,121.6381851185973,145.37
2026-03-20 05:30:00+01:00,133.60959661473356,164.68
2026-03-20 05:45:00+01:00,147.16850067893446,171.71
2026-03-20 06:00:00+01:00,133.3902296863835,164.17
2026-03-20 06:15:00+01:00,151.16944892586068,192.76
2026-03-20 06:30:00+01:00,166.51852072686611,203.3
2026-03-20 06:45:00+01:00,184.00149272159422,208.95
2026-03-20 07:00:00+01:00,192.45253901450033,233.75
2026-03-20 07:15:00+01:00,196.0236857047542,209.73
2026-03-20 07:30:00+01:00,181.9961042707622,190.65
2026-03-20 07:45:00+01:00,146.09346326378554,156.44
2026-03-20 08:00:00+01:00,202.58668164064204,208.14
2026-03-20 08:15:00+01:00,161.45101603105226,169.05
2026-03-20 08:30:00+01:00,131.62140467893502,152.02
2026-03-20 08:45:00+01:00,110.32642555662129,116.0
2026-03-20 09:00:00+01:00,151.9552209813898,169.34
2026-03-20 09:15:00+01:00,119.66642207461591,144.39
2026-03-20 09:30:00+01:00,110.46058539196972,106.3
2026-03-20 09:45:00+01:00,104.05754454739385,108.0
2026-03-20 10:00:00+01:00,117.19947814694919,121.04
2026-03-20 10:15:00+01:00,101.88940423262027,108.0
2026-03-20 10:30:00+01:00,102.85877203864315,90.81
2026-03-20 10:45:00+01:00,88.77515165968865,84.49
2026-03-20 11:00:00+01:00,98.69911720110237,95.52
2026-03-20 11:15:00+01:00,92.91012795372173,85.13
2026-03-20 11:30:00+01:00,89.70311335842557,70.68
2026-03-20 11:45:00+01:00,80.59670636195246,62.56
2026-03-20 12:00:00+01:00,91.75817416249147,71.29
2026-03-20 12:15:00+01:00,81.66939977731637,66.52
2026-03-20 12:30:00+01:00,75.62230361236925,65.52
2026-03-20 12:45:00+01:00,75.23276277167783,59.11
2026-03-20 13:00:00+01:00,81.51230829390153,56.25
2026-03-20 13:15:00+01:00,77.25203777252189,60.0
2026-03-20 13:30:00+01:00,84.12433957482882,69.17
2026-03-20 13:45:00+01:00,87.26431421752841,77.02
2026-03-20 14:00:00+01:00,78.88972271581846,59.86
2026-03-20 14:15:00+01:00,89.17842742634191,81.14
2026-03-20 14:30:00+01:00,93.75070371316468,95.57
2026-03-20 14:45:00+01:00,102.24906534598557,113.03
2026-03-20 15:00:00+01:00,93.17216901015118,100.15
2026-03-20 15:15:00+01:00,101.69796587663664,115.0
2026-03-20 15:30:00+01:00,107.30365004652826,118.82
2026-03-20 15:45:00+01:00,129.24936582093838,134.65
2026-03-20 16:00:00+01:00,96.50172011543363,104.3
2026-03-20 16:15:00+01:00,124.27932485976399,138.99
2026-03-20 16:30:00+01:00,136.85380040563285,156.7
2026-03-20 16:45:00+01:00,157.0479794493895,178.71
2026-03-20 17:00:00+01:00,121.8056418840305,140.48
2026-03-20 17:15:00+01:00,140.71628692445844,161.61
2026-03-20 17:30:00+01:00,173.8847176024739,178.31
2026-03-20 17:45:00+01:00,215.07367012484687,218.87
2026-03-20 18:00:00+01:00,187.70856973249153,176.65
2026-03-20 18:15:00+01:00,180.46357788723367,217.13
2026-03-20 18:30:00+01:00,192.33715227981799,227.12
2026-03-20 18:45:00+01:00,196.38548810606144,223.12
2026-03-20 19:00:00+01:00,202.73243482114864,237.87
2026-03-20 19:15:00+01:00,181.59364124245803,218.01
2026-03-20 19:30:00+01:00,181.5517021320897,205.44
2026-03-20 19:45:00+01:00,160.43196543798342,187.92
2026-03-20 20:00:00+01:00,164.88422827520057,200.77
2026-03-20 20:15:00+01:00,154.7636910132529,182.99
2026-03-20 20:30:00+01:00,149.71084654897106,173.31
2026-03-20 20:45:00+01:00,137.65684195616683,163.07
2026-03-20 21:00:00+01:00,146.38421015621856,174.69
2026-03-20 21:15:00+01:00,143.07067016805374,170.7
2026-03-20 21:30:00+01:00,137.0354060269122,157.81
2026-03-20 21:45:00+01:00,122.49083861179915,149.0
2026-03-20 22:00:00+01:00,143.66303235095103,163.47
2026-03-20 22:15:00+01:00,131.3025845681648,164.09
2026-03-20 22:30:00+01:00,129.6318156826469,143.72
2026-03-20 22:45:00+01:00,119.33331165104278,136.13
2026-03-20 23:00:00+01:00,137.6104332154831,162.0
2026-03-20 23:15:00+01:00,124.12168649587908,154.86
2026-03-20 23:30:00+01:00,118.8769519352546,140.42
2026-03-20 23:45:00+01:00,112.7016444398982,135.22
2026-03-21 00:00:00+01:00,137.8199936959724,151.25
2026-03-21 00:15:00+01:00,131.9414228026433,147.36
2026-03-21 00:30:00+01:00,129.3871297577228,139.03
2026-03-21 00:45:00+01:00,122.1759434894116,131.95
2026-03-21 01:00:00+01:00,131.34846991420324,148.63
2026-03-21 01:15:00+01:00,127.87927101360846,138.88
2026-03-21 01:30:00+01:00,126.40532798370909,133.75
2026-03-21 01:45:00+01:00,123.56632898262137,132.11
2026-03-21 02:00:00+01:00,125.35724345013256,142.77
2026-03-21 02:15:00+01:00,122.52295676283026,135.49
2026-03-21 02:30:00+01:00,122.32087452090404,132.62
2026-03-21 02:45:00+01:00,123.31567142798752,133.46
2026-03-21 03:00:00+01:00,122.36133431069692,132.02
2026-03-21 03:15:00+01:00,121.68434159460749,132.04
2026-03-21 03:30:00+01:00,124.17453678638674,132.28
2026-03-21 03:45:00+01:00,125.20398249082126,131.89
2026-03-21 04:00:00+01:00,120.92325858592945,131.34
2026-03-21 04:15:00+01:00,123.37025111752234,130.59
2026-03-21 04:30:00+01:00,125.2660888555626,131.41
2026-03-21 04:45:00+01:00,130.19420135286543,131.43
2026-03-21 05:00:00+01:00,122.5493362012876,135.63
2026-03-21 05:15:00+01:00,124.57822548945984,135.67
2026-03-21 05:30:00+01:00,133.27478643749282,138.45
2026-03-21 05:45:00+01:00,136.2428712028916,140.91
2026-03-21 06:00:00+01:00,125.93121378214718,140.7
2026-03-21 06:15:00+01:00,146.4477966261553,145.47
2026-03-21 06:30:00+01:00,133.90325929713669,141.63
2026-03-21 06:45:00+01:00,127.23322289359254,141.56
2026-03-21 07:00:00+01:00,151.237597914295,151.04
2026-03-21 07:15:00+01:00,125.23037593757769,147.99
2026-03-21 07:30:00+01:00,119.65818435821855,138.67
2026-03-21 07:45:00+01:00,110.21730598128691,120.95
2026-03-21 08:00:00+01:00,131.38190102827633,143.31
2026-03-21 08:15:00+01:00,114.47458867329797,138.04
2026-03-21 08:30:00+01:00,103.82467155089267,120.7
2026-03-21 08:45:00+01:00,98.30883713416442,107.01
2026-03-21 09:00:00+01:00,116.93927572226133,109.8
2026-03-21 09:15:00+01:00,104.86165203582337,104.0
2026-03-21 09:30:00+01:00,96.03326348475929,96.38
2026-03-21 09:45:00+01:00,71.22774895690353,92.13
2026-03-21 10:00:00+01:00,99.79587708416756,100.01
2026-03-21 10:15:00+01:00,81.93356203224752,80.74
2026-03-21 10:30:00+01:00,65.60661433397088,68.16
2026-03-21 10:45:00+01:00,36.76992447032607,56.98
2026-03-21 11:00:00+01:00,57.910149528371896,62.63
2026-03-21 11:15:00+01:00,58.98594341014756,46.78
2026-03-21 11:30:00+01:00,39.427082197628984,40.41
2026-03-21 11:45:00+01:00,31.146386403059637,33.78
2026-03-21 12:00:00+01:00,31.947084170549033,32.87
2026-03-21 12:15:00+01:00,27.845509974151724,21.08
2026-03-21 12:30:00+01:00,31.321872598959885,20.01
2026-03-21 12:45:00+01:00,32.8297278982761,20.0
2026-03-21 13:00:00+01:00,26.84690456604058,20.41
2026-03-21 13:15:00+01:00,29.66983740110652,21.91
2026-03-21 13:30:00+01:00,34.69567860730348,24.76
2026-03-21 13:45:00+01:00,35.18454847085312,30.0
2026-03-21 14:00:00+01:00,38.37736969647705,42.74
2026-03-21 14:15:00+01:00,37.938590938829606,62.0
2026-03-21 14:30:00+01:00,26.338718737803504,68.26
2026-03-21 14:45:00+01:00,67.34299278067255,78.71
2026-03-21 15:00:00+01:00,34.937291385763686,76.7
2026-03-21 15:15:00+01:00,77.8305857722822,89.04
2026-03-21 15:30:00+01:00,92.6735524059896,90.49
2026-03-21 15:45:00+01:00,115.05152388042372,103.77
2026-03-21 16:00:00+01:00,78.59677990099811,96.26
2026-03-21 16:15:00+01:00,108.66957587440515,104.19
2026-03-21 16:30:00+01:00,130.25655456980968,123.53
2026-03-21 16:45:00+01:00,159.69332114467824,138.68
2026-03-21 17:00:00+01:00,119.92788542064828,122.76
2026-03-21 17:15:00+01:00,134.79103694050508,141.09
2026-03-21 17:30:00+01:00,149.0141253871366,156.49
2026-03-21 17:45:00+01:00,175.48597651937558,163.76
2026-03-21 18:00:00+01:00,147.35025351559636,161.48
2026-03-21 18:15:00+01:00,160.6171263964518,174.38
2026-03-21 18:30:00+01:00,157.33052626060604,177.45
2026-03-21 18:45:00+01:00,164.0528687617834,173.16
2026-03-21 19:00:00+01:00,174.01671244169262,189.71
2026-03-21 19:15:00+01:00,154.36273153137387,168.19
2026-03-21 19:30:00+01:00,157.7181989396728,153.55
2026-03-21 19:45:00+01:00,140.6369113638464,140.97
2026-03-21 20:00:00+01:00,145.70398710502047,156.73
2026-03-21 20:15:00+01:00,141.82965318920242,146.0
2026-03-21 20:30:00+01:00,132.32411500544023,135.1
2026-03-21 20:45:00+01:00,124.07693818796102,129.48
2026-03-21 21:00:00+01:00,133.5671495533249,131.03
2026-03-21 21:15:00+01:00,123.58811775317416,129.57
2026-03-21 21:30:00+01:00,117.00599741644649,125.62
2026-03-21 21:45:00+01:00,108.5862735781533,121.28
2026-03-21 22:00:00+01:00,128.37895979887887,127.93
2026-03-21 22:15:00+01:00,112.56536280742394,127.49
2026-03-21 22:30:00+01:00,111.7482937384543,117.1
2026-03-21 22:45:00+01:00,108.37372529113682,108.45
2026-03-21 23:00:00+01:00,110.25333156233545,121.19
2026-03-21 23:15:00+01:00,104.34944509155974,110.34
2026-03-21 23:30:00+01:00,108.2217150088428,103.66
2026-03-21 23:45:00+01:00,95.70064712884133,96.81
2026-03-22 00:00:00+01:00,111.03424590704438,104.54
2026-03-22 00:15:00+01:00,110.64587007674668,101.8
2026-03-22 00:30:00+01:00,103.38629441881707,99.81
2026-03-22 00:45:00+01:00,98.94793973574625,95.5
2026-03-22 01:00:00+01:00,106.17538446361014,98.56
2026-03-22 01:15:00+01:00,107.67200995617914,96.75
2026-03-22 01:30:00+01:00,104.57522781756988,94.93
2026-03-22 01:45:00+01:00,101.54177931743365,92.78
2026-03-22 02:00:00+01:00,106.49358921167963,95.59
2026-03-22 02:15:00+01:00,106.57047904147674,94.2
2026-03-22 02:30:00+01:00,102.59179771592261,93.98
2026-03-22 02:45:00+01:00,101.03373163979994,93.04
2026-03-22 03:00:00+01:00,100.67320794900768,95.67
2026-03-22 03:15:00+01:00,102.74563444243434,94.69
2026-03-22 03:30:00+01:00,105.07284523939758,95.19
2026-03-22 03:45:00+01:00,105.03460612468007,95.49
2026-03-22 04:00:00+01:00,106.08721027453663,97.51
2026-03-22 04:15:00+01:00,106.31903944437622,97.75
2026-03-22 04:30:00+01:00,108.73096478866465,99.05
2026-03-22 04:45:00+01:00,108.1470470975518,100.08
2026-03-22 05:00:00+01:00,103.61482155163138,100.21
2026-03-22 05:15:00+01:00,114.51456160596676,101.87
2026-03-22 05:30:00+01:00,121.68528886280473,102.88
2026-03-22 05:45:00+01:00,130.28738186259383,101.69
2026-03-22 06:00:00+01:00,115.44776061533464,102.8
2026-03-22 06:15:00+01:00,129.81483702786068,103.81
2026-03-22 06:30:00+01:00,120.47355299037682,102.18
2026-03-22 06:45:00+01:00,108.33059825515191,91.63
2026-03-22 07:00:00+01:00,124.15148513631732,117.51
2026-03-22 07:15:00+01:00,126.25541928774308,92.91
2026-03-22 07:30:00+01:00,109.34571120223573,78.63
2026-03-22 07:45:00+01:00,91.03173691336652,49.79
2026-03-22 08:00:00+01:00,124.82756773763181,80.75
2026-03-22 08:15:00+01:00,100.06287888846232,46.2
2026-03-22 08:30:00+01:00,80.72784286786364,26.37
2026-03-22 08:45:00+01:00,73.58624966451734,12.0
2026-03-22 09:00:00+01:00,88.76123656561387,19.9
2026-03-22 09:15:00+01:00,69.73892927067325,6.86
2026-03-22 09:30:00+01:00,64.56420194659394,0.43
2026-03-22 09:45:00+01:00,33.35525702475971,-0.1
2026-03-22 10:00:00+01:00,62.43147899823618,0.0
2026-03-22 10:15:00+01:00,39.03590686852806,-0.01
2026-03-22 10:30:00+01:00,19.99685688048575,-0.62
2026-03-22 10:45:00+01:00,16.251850375338293,-1.09
2026-03-22 11:00:00+01:00,14.483125685782085,-2.46
2026-03-22 11:15:00+01:00,3.846258143071708,-3.46
2026-03-22 11:30:00+01:00,6.01502545096254,-4.9
2026-03-22 11:45:00+01:00,9.783698315107713,-6.63
2026-03-22 12:00:00+01:00,8.09339034637702,-9.97
2026-03-22 12:15:00+01:00,8.567918871690111,-11.39
2026-03-22 12:30:00+01:00,11.551424282421664,-12.37
2026-03-22 12:45:00+01:00,12.149775591156114,-13.31
2026-03-22 13:00:00+01:00,8.891325391928575,-12.68
2026-03-22 13:15:00+01:00,8.40401463737959,-11.34
2026-03-22 13:30:00+01:00,4.503924946157326,-9.91
2026-03-22 13:45:00+01:00,12.110105803746265,-7.31
2026-03-22 14:00:00+01:00,9.816968769912052,-3.38
2026-03-22 14:15:00+01:00,12.003487709846809,-2.48
2026-03-22 14:30:00+01:00,18.394559380133728,-1.9
2026-03-22 14:45:00+01:00,21.34457813709679,-0.95
2026-03-22 15:00:00+01:00,26.878075640172952,-0.26
2026-03-22 15:15:00+01:00,57.17690836830756,0.0
2026-03-22 15:30:00+01:00,69.48275799828446,11.66
2026-03-22 15:45:00+01:00,103.15233221004766,33.6
2026-03-22 16:00:00+01:00,64.15318359778954,32.76
2026-03-22 16:15:00+01:00,101.89088528616995,79.85
2026-03-22 16:30:00+01:00,120.76424042366848,108.0
2026-03-22 16:45:00+01:00,137.99728284497692,152.0
2026-03-22 17:00:00+01:00,108.09885750192825,98.63
2026-03-22 17:15:00+01:00,132.46578058242025,141.8
2026-03-22 17:30:00+01:00,146.62287024843798,159.08
2026-03-22 17:45:00+01:00,180.68230880814428,183.03
2026-03-22 18:00:00+01:00,147.51517240638955,161.04
2026-03-22 18:15:00+01:00,167.10866502845116,174.26
2026-03-22 18:30:00+01:00,164.77083411053562,176.0
2026-03-22 18:45:00+01:00,172.59950687512864,185.46
2026-03-22 19:00:00+01:00,172.7323111168573,184.46
2026-03-22 19:15:00+01:00,166.96552938468346,181.7
2026-03-22 19:30:00+01:00,163.0660168915366,168.61
2026-03-22 19:45:00+01:00,152.29900378108306,158.76
2026-03-22 20:00:00+01:00,145.99597767106596,184.13
2026-03-22 20:15:00+01:00,139.52440721981807,167.14
2026-03-22 20:30:00+01:00,135.51938356942284,159.59
2026-03-22 20:45:00+01:00,128.02263914877244,148.07
2026-03-22 21:00:00+01:00,135.6174532253297,165.21
2026-03-22 21:15:00+01:00,130.6904900276455,158.25
2026-03-22 21:30:00+01:00,124.11497066647053,150.05
2026-03-22 21:45:00+01:00,119.7015185151886,148.0
2026-03-22 22:00:00+01:00,132.54548841501705,157.37
2026-03-22 22:15:00+01:00,121.42519795485259,149.99
2026-03-22 22:30:00+01:00,122.68958372754292,141.68
2026-03-22 22:45:00+01:00,119.64144511923746,138.15
2026-03-22 23:00:00+01:00,125.58664538161608,157.79
2026-03-22 23:15:00+01:00,120.21092622353878,147.62
2026-03-22 23:30:00+01:00,118.08230344233712,136.83
2026-03-22 23:45:00+01:00,115.91246621858393,131.78
2026-03-23 00:00:00+01:00,122.1181890443951,136.18
2026-03-23 00:15:00+01:00,119.0778909771754,133.06
2026-03-23 00:30:00+01:00,121.63076332104458,128.55
2026-03-23 00:45:00+01:00,120.0418556219888,126.76
2026-03-23 01:00:00+01:00,119.27314754553387,128.59
2026-03-23 01:15:00+01:00,120.75422801383404,127.75
2026-03-23 01:30:00+01:00,118.18672672375061,124.93
2026-03-23 01:45:00+01:00,120.73577889532723,122.33
2026-03-23 02:00:00+01:00,118.07065583850405,127.33
2026-03-23 02:15:00+01:00,119.63546777672705,124.4
2026-03-23 02:30:00+01:00,119.44829874201982,124.21
2026-03-23 02:45:00+01:00,121.04377694978459,124.7
2026-03-23 03:00:00+01:00,122.08762406916348,129.06
2026-03-23 03:15:00+01:00,120.07140026252519,126.31
2026-03-23 03:30:00+01:00,120.42284070377315,127.51
2026-03-23 03:45:00+01:00,119.26538826720437,131.47
2026-03-23 04:00:00+01:00,119.91942143047027,130.88
2026-03-23 04:15:00+01:00,120.77088872267332,136.82
2026-03-23 04:30:00+01:00,124.08331658346475,141.47
2026-03-23 04:45:00+01:00,125.15372118357585,143.9
2026-03-23 05:00:00+01:00,122.21796248870686,140.08
2026-03-23 05:15:00+01:00,126.02975974957184,148.26
2026-03-23 05:30:00+01:00,138.1707411583386,164.06
2026-03-23 05:45:00+01:00,146.30841157520666,170.48
2026-03-23 06:00:00+01:00,138.0195920078213,161.88
2026-03-23 06:15:00+01:00,146.63043385004383,181.86
2026-03-23 06:30:00+01:00,168.0668586134984,193.41
2026-03-23 06:45:00+01:00,186.81021149703983,192.01
2026-03-23 07:00:00+01:00,201.0046371751495,230.64
2026-03-23 07:15:00+01:00,199.81837219890824,190.09
2026-03-23 07:30:00+01:00,174.72081098863023,181.57
2026-03-23 07:45:00+01:00,132.04001319737907,142.44
2026-03-23 08:00:00+01:00,198.37824472443373,199.99
2026-03-23 08:15:00+01:00,149.49017217505005,159.77
2026-03-23 08:30:00+01:00,124.8881167468273,129.03
2026-03-23 08:45:00+01:00,102.23784092823018,101.63
2026-03-23 09:00:00+01:00,123.08472570184225,135.21
2026-03-23 09:15:00+01:00,109.36432744065381,104.91
2026-03-23 09:30:00+01:00,92.63772129257116,109.55
2026-03-23 09:45:00+01:00,75.73313731351806,82.33
2026-03-23 10:00:00+01:00,99.05606407112836,107.37
2026-03-23 10:15:00+01:00,75.27382149347619,85.3
2026-03-23 10:30:00+01:00,48.95002523596083,76.58
2026-03-23 10:45:00+01:00,66.93024073731675,56.48
2026-03-23 11:00:00+01:00,72.93987999162468,67.13
2026-03-23 11:15:00+01:00,72.14470284601495,50.55
2026-03-23 11:30:00+01:00,53.70567333640323,38.56
2026-03-23 11:45:00+01:00,39.709496824541716,36.09
2026-03-23 12:00:00+01:00,39.74860560395056,37.61
2026-03-23 12:15:00+01:00,28.284036664351987,44.32
2026-03-23 12:30:00+01:00,26.4156066864024,51.37
2026-03-23 12:45:00+01:00,25.777688442698548,63.72
2026-03-23 13:00:00+01:00,26.11577854553809,56.68
2026-03-23 13:15:00+01:00,31.538448051294758,68.8
2026-03-23 13:30:00+01:00,40.249376702916116,83.18
2026-03-23 13:45:00+01:00,55.948272424143816,90.84
2026-03-23 14:00:00+01:00,53.28385939476422,82.5
2026-03-23 14:15:00+01:00,75.05625233059075,90.46
2026-03-23 14:30:00+01:00,80.07130688724527,99.74
2026-03-23 14:45:00+01:00,94.42831574116668,107.22
2026-03-23 15:00:00+01:00,81.52313474139788,93.1
2026-03-23 15:15:00+01:00,90.73045381487763,107.16
2026-03-23 15:30:00+01:00,107.98340120098085,118.55
2026-03-23 15:45:00+01:00,123.98100735316986,139.0
2026-03-23 16:00:00+01:00,102.17676465993938,102.21
2026-03-23 16:15:00+01:00,129.6175322801823,132.0
2026-03-23 16:30:00+01:00,142.2145411746879,149.31
2026-03-23 16:45:00+01:00,172.7399849497242,170.65
2026-03-23 17:00:00+01:00,121.81769339357086,132.0
2026-03-23 17:15:00+01:00,144.103374944116,168.68
2026-03-23 17:30:00+01:00,176.86135239164773,195.8
2026-03-23 17:45:00+01:00,234.80576759490495,266.62
2026-03-23 18:00:00+01:00,199.41676178015646,195.99
2026-03-23 18:15:00+01:00,222.23127181351737,260.66
2026-03-23 18:30:00+01:00,233.27888657785888,285.19
2026-03-23 18:45:00+01:00,225.86391800581677,310.2
2026-03-23 19:00:00+01:00,233.56510205615035,267.95
2026-03-23 19:15:00+01:00,198.1846823499787,244.97
2026-03-23 19:30:00+01:00,189.2065244207272,235.92
2026-03-23 19:45:00+01:00,172.36135052221323,217.4
2026-03-23 20:00:00+01:00,177.95307632547863,246.6
2026-03-23 20:15:00+01:00,166.90199714440945,216.74
2026-03-23 20:30:00+01:00,156.30772126098384,187.91
2026-03-23 20:45:00+01:00,145.6200799116646,175.1
2026-03-23 21:00:00+01:00,151.45787518975226,219.55
2026-03-23 21:15:00+01:00,149.1086580540521,182.48
2026-03-23 21:30:00+01:00,144.77686289202248,158.96
2026-03-23 21:45:00+01:00,134.02986519656224,148.29
2026-03-23 22:00:00+01:00,144.8947580875775,169.0
2026-03-23 22:15:00+01:00,136.43408194956228,154.24
2026-03-23 22:30:00+01:00,136.94616924923562,151.99
2026-03-23 22:45:00+01:00,124.07487940567873,147.73
2026-03-23 23:00:00+01:00,140.94924431148047,152.95
2026-03-23 23:15:00+01:00,130.50957779127387,144.17
2026-03-23 23:30:00+01:00,122.34772174027799,138.15
2026-03-23 23:45:00+01:00,117.7715750476857,126.53
2026-03-24 00:00:00+01:00,131.60891472594017,149.0
2026-03-24 00:15:00+01:00,111.04776325860186,145.68
2026-03-24 00:30:00+01:00,111.21355042690254,136.56
2026-03-24 00:45:00+01:00,107.87606972488777,133.01
2026-03-24 01:00:00+01:00,111.25943932416426,139.06
2026-03-24 01:15:00+01:00,109.16015575080009,130.12
2026-03-24 01:30:00+01:00,101.91952423846256,116.53
2026-03-24 01:45:00+01:00,99.2383784031093,111.56
2026-03-24 02:00:00+01:00,104.82499186444386,119.26
2026-03-24 02:15:00+01:00,104.79473405599109,111.57
2026-03-24 02:30:00+01:00,100.7741690111592,106.22
2026-03-24 02:45:00+01:00,98.767563836468,102.94
2026-03-24 03:00:00+01:00,106.65962321110712,107.08
2026-03-24 03:15:00+01:00,101.28405516416994,101.54
2026-03-24 03:30:00+01:00,102.81989964128132,99.36
2026-03-24 03:45:00+01:00,103.06961385293538,98.58
2026-03-24 04:00:00+01:00,105.8831103819378,100.46
2026-03-24 04:15:00+01:00,105.59906309226366,99.17
2026-03-24 04:30:00+01:00,101.00915393132469,101.56
2026-03-24 04:45:00+01:00,101.28454387292314,100.31
2026-03-24 05:00:00+01:00,99.36802078705381,98.22
2026-03-24 05:15:00+01:00,99.80456495404006,97.0
2026-03-24 05:30:00+01:00,103.57629941553262,99.03
2026-03-24 05:45:00+01:00,104.67950795919992,109.64
2026-03-24 06:00:00+01:00,113.12499490273063,107.08
2026-03-24 06:15:00+01:00,114.99895889390524,111.3
2026-03-24 06:30:00+01:00,119.85508498985159,113.57
2026-03-24 06:45:00+01:00,106.76552205932948,111.32
2026-03-24 07:00:00+01:00,140.21609813757772,134.1
2026-03-24 07:15:00+01:00,125.34705570319805,120.44
2026-03-24 07:30:00+01:00,116.45048220853104,106.58
2026-03-24 07:45:00+01:00,88.24931147631835,91.07
2026-03-24 08:00:00+01:00,120.75138661772245,132.08
2026-03-24 08:15:00+01:00,96.17623325657843,103.46
2026-03-24 08:30:00+01:00,72.39300070428402,89.9
2026-03-24 08:45:00+01:00,58.640864988756476,64.39
2026-03-24 09:00:00+01:00,88.75583257997802,99.55
2026-03-24 09:15:00+01:00,71.9813851041957,80.22
2026-03-24 09:30:00+01:00,63.5519120604486,64.72
2026-03-24 09:45:00+01:00,39.22749973406941,39.13
2026-03-24 10:00:00+01:00,71.02514728788242,57.64
2026-03-24 10:15:00+01:00,42.74765817972017,23.32
2026-03-24 10:30:00+01:00,24.877129382828812,10.04
2026-03-24 10:45:00+01:00,30.30761831269831,3.91
2026-03-24 11:00:00+01:00,37.71077524287262,4.5
2026-03-24 11:15:00+01:00,30.11693819321853,0.3
2026-03-24 11:30:00+01:00,21.633300019329752,-0.01
2026-03-24 11:45:00+01:00,11.060594615892498,-0.01
2026-03-24 12:00:00+01:00,19.073340590934606,0.0
2026-03-24 12:15:00+01:00,10.29098624184256,-0.01
2026-03-24 12:30:00+01:00,9.433579697830197,-0.01
2026-03-24 12:45:00+01:00,6.626295623407785,-0.02
2026-03-24 13:00:00+01:00,8.69644505513854,-0.04
2026-03-24 13:15:00+01:00,12.84355037464178,-0.02
2026-03-24 13:30:00+01:00,16.49666754459247,-0.01
2026-03-24 13:45:00+01:00,17.247392893439965,-0.01
2026-03-24 14:00:00+01:00,22.234352718819693,-0.02
2026-03-24 14:15:00+01:00,23.626756990902138,-0.01
2026-03-24 14:30:00+01:00,34.45256755573176,0.0
2026-03-24 14:45:00+01:00,26.080787506544212,0.02
2026-03-24 15:00:00+01:00,33.159983423526924,1.04
2026-03-24 15:15:00+01:00,41.17356125971588,7.77
2026-03-24 15:30:00+01:00,68.0080628857722,14.97
2026-03-24 15:45:00+01:00,77.29119488853922,56.21
2026-03-24 16:00:00+01:00,60.976178893117485,33.93
2026-03-24 16:15:00+01:00,85.89169769730685,66.79
2026-03-24 16:30:00+01:00,101.04745923580164,101.01
2026-03-24 16:45:00+01:00,127.71419011574557,108.0
2026-03-24 17:00:00+01:00,103.42687539281235,91.31
2026-03-24 17:15:00+01:00,117.91605901582935,101.01
2026-03-24 17:30:00+01:00,138.72331165412007,118.7
2026-03-24 17:45:00+01:00,164.71737078983293,140.34
2026-03-24 18:00:00+01:00,139.10539415547385,130.0
2026-03-24 18:15:00+01:00,151.236941976443,141.0
2026-03-24 18:30:00+01:00,179.90917966798634,131.36
2026-03-24 18:45:00+01:00,164.65915034303086,141.01
2026-03-24 19:00:00+01:00,158.48813959295498,147.99
2026-03-24 19:15:00+01:00,147.8454116656298,131.68
2026-03-24 19:30:00+01:00,142.914067587244,139.6
2026-03-24 19:45:00+01:00,156.58747470682647,132.7
2026-03-24 20:00:00+01:00,136.59392838614394,129.08
2026-03-24 20:15:00+01:00,124.39921057145072,106.47
2026-03-24 20:30:00+01:00,119.38516076277253,90.82
2026-03-24 20:45:00+01:00,109.14154683652859,78.03
2026-03-24 21:00:00+01:00,117.9930973879832,91.98
2026-03-24 21:15:00+01:00,119.4052724538968,86.04
2026-03-24 21:30:00+01:00,108.55882199055168,68.61
2026-03-24 21:45:00+01:00,88.08201525298246,51.36
2026-03-24 22:00:00+01:00,117.3651085154065,86.66
2026-03-24 22:15:00+01:00,110.04440991726456,78.15
2026-03-24 22:30:00+01:00,98.10318269778467,64.34
2026-03-24 22:45:00+01:00,87.8656776920959,35.26
2026-03-24 23:00:00+01:00,102.18033705082439,45.54
2026-03-24 23:15:00+01:00,83.18209765539046,17.51
2026-03-24 23:30:00+01:00,80.79814250014508,16.59
2026-03-24 23:45:00+01:00,61.06685438788526,8.75
2026-03-25 00:00:00+01:00,59.5055195453279,3.0
2026-03-25 00:15:00+01:00,52.03139208550402,2.4
2026-03-25 00:30:00+01:00,41.9037416644935,1.78
2026-03-25 00:45:00+01:00,43.9427410004785,0.06
2026-03-25 01:00:00+01:00,47.91500369245518,1.36
2026-03-25 01:15:00+01:00,46.110800253441475,0.1
2026-03-25 01:30:00+01:00,43.93614558422304,0.01
2026-03-25 01:45:00+01:00,43.11577720239884,0.0
2026-03-25 02:00:00+01:00,47.43699106054875,0.0
2026-03-25 02:15:00+01:00,45.871445555856894,0.0
2026-03-25 02:30:00+01:00,47.29147150146544,0.0
2026-03-25 02:45:00+01:00,46.46371693600131,-0.01
2026-03-25 03:00:00+01:00,49.98894687217088,-0.01
2026-03-25 03:15:00+01:00,50.14032354017663,-0.01
2026-03-25 03:30:00+01:00,49.886057685229176,-0.01
2026-03-25 03:45:00+01:00,51.62418445426498,-0.01
2026-03-25 04:00:00+01:00,48.61519144315341,-0.01
2026-03-25 04:15:00+01:00,49.70161453648266,-0.01
2026-03-25 04:30:00+01:00,53.43310761302839,0.0
2026-03-25 04:45:00+01:00,52.11120340261895,0.0
2026-03-25 05:00:00+01:00,49.7863332275113,0.0
2026-03-25 05:15:00+01:00,47.31463139682784,0.0
2026-03-25 05:30:00+01:00,51.246983558590756,0.1
2026-03-25 05:45:00+01:00,61.59757965820297,1.36
2026-03-25 06:00:00+01:00,39.843873618779966,2.45
2026-03-25 06:15:00+01:00,62.88947615040996,2.81
2026-03-25 06:30:00+01:00,69.83003444407058,4.8
2026-03-25 06:45:00+01:00,97.80544070414462,4.51
2026-03-25 07:00:00+01:00,89.16019725310753,11.87
2026-03-25 07:15:00+01:00,99.1789139655145,10.0
2026-03-25 07:30:00+01:00,94.14484030886473,9.61
2026-03-25 07:45:00+01:00,66.6439024669495,4.13
2026-03-25 08:00:00+01:00,93.63307350782941,3.61
2026-03-25 08:15:00+01:00,65.01855980279748,0.02
2026-03-25 08:30:00+01:00,60.315605737206255,0.0
2026-03-25 08:45:00+01:00,53.815729454886835,0.0
2026-03-25 09:00:00+01:00,58.97737949055063,0.0
2026-03-25 09:15:00+01:00,49.78220449926317,-0.01
2026-03-25 09:30:00+01:00,49.49209423382234,-0.04
2026-03-25 09:45:00+01:00,34.976614711611745,-0.07
2026-03-25 10:00:00+01:00,52.39050038401485,-0.01
2026-03-25 10:15:00+01:00,30.35127254709103,-0.02
2026-03-25 10:30:00+01:00,19.90876827348069,-0.04
2026-03-25 10:45:00+01:00,15.39148027262334,-0.04
2026-03-25 11:00:00+01:00,16.064796500224546,-0.01
2026-03-25 11:15:00+01:00,17.915950015298222,-0.01
2026-03-25 11:30:00+01:00,14.756989747161867,-0.01
2026-03-25 11:45:00+01:00,18.042055967292285,-0.01
2026-03-25 12:00:00+01:00,10.264965313500994,-0.01
2026-03-25 12:15:00+01:00,11.479168830436322,-0.01
2026-03-25 12:30:00+01:00,17.37030283165774,-0.01
2026-03-25 12:45:00+01:00,20.63408152022093,-0.01
2026-03-25 13:00:00+01:00,20.129414682677734,-0.01
2026-03-25 13:15:00+01:00,14.746120817990104,-0.01
2026-03-25 13:30:00+01:00,19.01247223051203,-0.01
2026-03-25 13:45:00+01:00,26.437709261226942,-0.01
2026-03-25 14:00:00+01:00,28.340344305242326,-0.01
2026-03-25 14:15:00+01:00,35.31483224129691,0.0
2026-03-25 14:30:00+01:00,33.29855623204629,0.0
2026-03-25 14:45:00+01:00,21.29843784653508,0.04
2026-03-25 15:00:00+01:00,31.22774171151282,0.1
2026-03-25 15:15:00+01:00,17.961122570838512,3.18
2026-03-25 15:30:00+01:00,38.578232721961754,5.75
2026-03-25 15:45:00+01:00,75.73590474832463,10.07
2026-03-25 16:00:00+01:00,48.21970953503992,10.07
2026-03-25 16:15:00+01:00,72.61428419050318,20.08
2026-03-25 16:30:00+01:00,100.75910762716109,50.02
2026-03-25 16:45:00+01:00,109.59619411401668,87.44
2026-03-25 17:00:00+01:00,97.47108139640623,71.41
2026-03-25 17:15:00+01:00,111.32835163711836,92.94
2026-03-25 17:30:00+01:00,120.82718778701866,108.41
2026-03-25 17:45:00+01:00,158.05006289535802,122.59
2026-03-25 18:00:00+01:00,142.14966646580223,110.82
2026-03-25 18:15:00+01:00,144.1440807388794,115.81
2026-03-25 18:30:00+01:00,143.5702735801939,142.62
2026-03-25 18:45:00+01:00,155.03626899927679,170.07
2026-03-25 19:00:00+01:00,149.88908828742595,175.34
2026-03-25 19:15:00+01:00,147.5783245224404,167.29
2026-03-25 19:30:00+01:00,143.12967136266937,153.72
2026-03-25 19:45:00+01:00,132.82731278324607,151.35
2026-03-25 20:00:00+01:00,135.5654183307179,152.67
2026-03-25 20:15:00+01:00,124.78135040560625,142.92
2026-03-25 20:30:00+01:00,108.5948618247075,127.72
2026-03-25 20:45:00+01:00,96.40971591799318,116.32
2026-03-25 21:00:00+01:00,111.80563450882008,122.58
2026-03-25 21:15:00+01:00,101.01403522007388,120.02
2026-03-25 21:30:00+01:00,84.56451687785636,112.23
2026-03-25 21:45:00+01:00,76.37346178639334,103.01
2026-03-25 22:00:00+01:00,102.62081431375175,112.03
2026-03-25 22:15:00+01:00,96.68245743285502,110.89
2026-03-25 22:30:00+01:00,86.12625461772369,110.17
2026-03-25 22:45:00+01:00,71.51928795752814,99.31
2026-03-25 23:00:00+01:00,74.72420539051643,102.92
2026-03-25 23:15:00+01:00,65.07400524376293,88.67
2026-03-25 23:30:00+01:00,63.21644986384531,87.65
2026-03-25 23:45:00+01:00,49.12164503594401,75.97
2026-03-26 00:00:00+01:00,85.1316019283635,106.8
2026-03-26 00:15:00+01:00,86.39590523897671,101.25
2026-03-26 00:30:00+01:00,76.50089827675924,96.99
2026-03-26 00:45:00+01:00,61.803292921404335,93.51
2026-03-26 01:00:00+01:00,74.27831637439238,99.66
2026-03-26 01:15:00+01:00,67.62670669341016,96.53
2026-03-26 01:30:00+01:00,60.905341798512495,92.88
2026-03-26 01:45:00+01:00,58.245564201045696,91.22
2026-03-26 02:00:00+01:00,66.44113517109054,92.75
2026-03-26 02:15:00+01:00,62.647697321644856,90.57
2026-03-26 02:30:00+01:00,59.02703763751937,90.96
2026-03-26 02:45:00+01:00,53.39238423729114,92.14
2026-03-26 03:00:00+01:00,53.50640787114599,94.14
2026-03-26 03:15:00+01:00,53.42942978983715,91.67
2026-03-26 03:30:00+01:00,52.36456354398549,97.25
2026-03-26 03:45:00+01:00,53.080122022176056,96.42
2026-03-26 04:00:00+01:00,46.31672754627272,95.49
2026-03-26 04:15:00+01:00,46.01576760566201,96.66
2026-03-26 04:30:00+01:00,48.78899469793818,97.76
2026-03-26 04:45:00+01:00,58.65895400869012,100.4
2026-03-26 05:00:00+01:00,57.08873314777154,98.0
2026-03-26 05:15:00+01:00,50.3639595427991,97.47
2026-03-26 05:30:00+01:00,50.28949951094606,110.21
2026-03-26 05:45:00+01:00,55.30644840023877,115.39
2026-03-26 06:00:00+01:00,47.754746867027414,103.93
2026-03-26 06:15:00+01:00,65.139987189693,122.7
2026-03-26 06:30:00+01:00,75.71458747579318,127.58
2026-03-26 06:45:00+01:00,55.58691133632074,126.91
2026-03-26 07:00:00+01:00,77.39852400287475,145.31
2026-03-26 07:15:00+01:00,87.18433039241364,148.09
2026-03-26 07:30:00+01:00,68.57731286529562,133.93
2026-03-26 07:45:00+01:00,48.99815250438144,122.05
2026-03-26 08:00:00+01:00,75.58176714313417,151.2
2026-03-26 08:15:00+01:00,49.0606726221784,139.45
2026-03-26 08:30:00+01:00,37.58908121831604,116.64
2026-03-26 08:45:00+01:00,33.611289179731926,95.87
2026-03-26 09:00:00+01:00,33.58122996457709,112.05
2026-03-26 09:15:00+01:00,34.77433137348267,89.31
2026-03-26 09:30:00+01:00,31.493955334090714,77.75
2026-03-26 09:45:00+01:00,16.096796061337145,70.55
2026-03-26 10:00:00+01:00,29.921477594380377,79.08
2026-03-26 10:15:00+01:00,16.065133508139155,49.56
2026-03-26 10:30:00+01:00,7.101377561901472,23.78
2026-03-26 10:45:00+01:00,7.083461807828229,14.99
2026-03-26 11:00:00+01:00,8.824128001996144,20.07
2026-03-26 11:15:00+01:00,9.654734135764414,15.0
2026-03-26 11:30:00+01:00,7.048617740321504,10.06
2026-03-26 11:45:00+01:00,26.67835524471367,9.83
2026-03-26 12:00:00+01:00,-0.40769502313114003,6.62
2026-03-26 12:15:00+01:00,8.82586578352354,4.62
2026-03-26 12:30:00+01:00,22.345350555489247,1.09
2026-03-26 12:45:00+01:00,27.508421396145216,0.15
2026-03-26 13:00:00+01:00,24.65352718584053,1.12
2026-03-26 13:15:00+01:00,27.02396208266598,0.2
2026-03-26 13:30:00+01:00,18.516291745106983,0.14
2026-03-26 13:45:00+01:00,23.905501774153677,1.06
2026-03-26 14:00:00+01:00,26.27212763660865,0.22
2026-03-26 14:15:00+01:00,21.375138272126733,2.51
2026-03-26 14:30:00+01:00,9.248261130489396,8.79
2026-03-26 14:45:00+01:00,28.382907609622706,12.09
2026-03-26 15:00:00+01:00,10.218800671712998,10.0
2026-03-26 15:15:00+01:00,27.769498867743522,20.07
2026-03-26 15:30:00+01:00,40.522480325754586,40.02
2026-03-26 15:45:00+01:00,51.79207260406355,79.65
2026-03-26 16:00:00+01:00,43.29472969711752,38.68
2026-03-26 16:15:00+01:00,68.24751841993975,73.68
2026-03-26 16:30:00+01:00,98.16558020292469,80.07
2026-03-26 16:45:00+01:00,104.72295649954783,110.84
2026-03-26 17:00:00+01:00,89.74842867936961,76.86
2026-03-26 17:15:00+01:00,101.99908711475126,109.09
2026-03-26 17:30:00+01:00,124.08159508970327,128.18
2026-03-26 17:45:00+01:00,146.4533409915326,149.56
2026-03-26 18:00:00+01:00,108.58586409770163,131.44
2026-03-26 18:15:00+01:00,131.12464887610142,147.25
2026-03-26 18:30:00+01:00,131.5437133906411,160.79
2026-03-26 18:45:00+01:00,146.5520446571322,182.19
2026-03-26 19:00:00+01:00,148.92845702469248,164.47
2026-03-26 19:15:00+01:00,142.733639443441,168.01
2026-03-26 19:30:00+01:00,130.57686601949092,169.7
2026-03-26 19:45:00+01:00,140.7656863215409,166.7
2026-03-26 20:00:00+01:00,143.23614219160194,171.0
2026-03-26 20:15:00+01:00,126.91275306427951,155.66
2026-03-26 20:30:00+01:00,112.14044487618307,147.76
2026-03-26 20:45:00+01:00,109.06413795411363,140.56
2026-03-26 21:00:00+01:00,114.95224715575323,146.93
2026-03-26 21:15:00+01:00,103.91368046670522,132.95
2026-03-26 21:30:00+01:00,102.23039229343385,123.82
2026-03-26 21:45:00+01:00,99.44668731445552,118.32
2026-03-26 22:00:00+01:00,109.93025308970294,131.07
2026-03-26 22:15:00+01:00,109.26176270967612,121.51
2026-03-26 22:30:00+01:00,106.75281634899879,124.14
2026-03-26 22:45:00+01:00,102.1923510797517,120.77
2026-03-26 23:00:00+01:00,103.62152561681042,123.77
2026-03-26 23:15:00+01:00,94.12753441876808,114.06
2026-03-26 23:30:00+01:00,92.53463331272535,115.94
2026-03-26 23:45:00+01:00,83.78509576150067,106.33
2026-03-27 00:00:00+01:00,129.80970527020216,124.51
2026-03-27 00:15:00+01:00,120.08498318303111,120.29
2026-03-27 00:30:00+01:00,108.48489390474101,117.14
2026-03-27 00:45:00+01:00,103.09243982994361,115.63
2026-03-27 01:00:00+01:00,115.74490809465073,122.15
2026-03-27 01:15:00+01:00,108.26045309758373,119.4
2026-03-27 01:30:00+01:00,109.5297877391815,119.33
2026-03-27 01:45:00+01:00,108.43139668689268,117.12
2026-03-27 02:00:00+01:00,107.90055497605857,120.92
2026-03-27 02:15:00+01:00,107.71092640604701,118.14
2026-03-27 02:30:00+01:00,109.70185936667286,115.3
2026-03-27 02:45:00+01:00,110.00743883746073,115.01
2026-03-27 03:00:00+01:00,108.20274514030592,116.5
2026-03-27 03:15:00+01:00,109.52744465359234,119.49
2026-03-27 03:30:00+01:00,110.80826208161399,117.0
2026-03-27 03:45:00+01:00,112.24861253641181,118.34
2026-03-27 04:00:00+01:00,112.53014871349426,117.67
2026-03-27 04:15:00+01:00,112.80303907430263,118.73
2026-03-27 04:30:00+01:00,114.64120226839837,120.93
2026-03-27 04:45:00+01:00,120.85105710295808,123.66
2026-03-27 05:00:00+01:00,112.49818487580575,119.8
2026-03-27 05:15:00+01:00,117.06048753545885,129.0
2026-03-27 05:30:00+01:00,129.4930421657401,143.99
2026-03-27 05:45:00+01:00,141.3360688514686,153.06
2026-03-27 06:00:00+01:00,138.2319655678459,152.2
2026-03-27 06:15:00+01:00,144.3456520162969,168.99
2026-03-27 06:30:00+01:00,167.6760185090832,179.1
2026-03-27 06:45:00+01:00,160.2957146433862,190.23
2026-03-27 07:00:00+01:00,187.27328265695706,203.74
2026-03-27 07:15:00+01:00,170.60047321204422,191.36
2026-03-27 07:30:00+01:00,141.34340597917742,170.92
2026-03-27 07:45:00+01:00,126.46252400175769,139.56
2026-03-27 08:00:00+01:00,148.1631198887524,194.19
2026-03-27 08:15:00+01:00,131.56837106404927,151.4
2026-03-27 08:30:00+01:00,128.73739617844538,136.77
2026-03-27 08:45:00+01:00,103.33371427427433,107.87
2026-03-27 09:00:00+01:00,132.6990990308018,136.41
2026-03-27 09:15:00+01:00,118.48203381108917,122.21
2026-03-27 09:30:00+01:00,97.21870155559651,109.38
2026-03-27 09:45:00+01:00,86.59025742748116,88.01
2026-03-27 10:00:00+01:00,108.3810977237182,101.21
2026-03-27 10:15:00+01:00,94.52544628530148,90.13
2026-03-27 10:30:00+01:00,85.85486960491967,86.53
2026-03-27 10:45:00+01:00,62.36769268246082,71.17
2026-03-27 11:00:00+01:00,82.42942366265342,85.31
2026-03-27 11:15:00+01:00,69.9753739260695,77.93
2026-03-27 11:30:00+01:00,46.92841762895333,68.83
2026-03-27 11:45:00+01:00,27.754595367827022,59.17
2026-03-27 12:00:00+01:00,50.539843001239106,70.74
2026-03-27 12:15:00+01:00,23.416844958048756,64.99
2026-03-27 12:30:00+01:00,8.939399285848822,61.01
2026-03-27 12:45:00+01:00,5.261858078120241,56.54
2026-03-27 13:00:00+01:00,4.9836382981542044,61.21
2026-03-27 13:15:00+01:00,10.87138879157689,59.19
2026-03-27 13:30:00+01:00,21.74984152294337,57.9
2026-03-27 13:45:00+01:00,27.984355138107794,60.1
2026-03-27 14:00:00+01:00,16.54107829791552,58.27
2026-03-27 14:15:00+01:00,41.04223626005116,67.62
2026-03-27 14:30:00+01:00,51.63596661847197,82.3
2026-03-27 14:45:00+01:00,48.57301207659638,88.11
2026-03-27 15:00:00+01:00,62.09775872659514,78.83
2026-03-27 15:15:00+01:00,69.58687636848481,91.99
2026-03-27 15:30:00+01:00,72.38714693455238,95.32
2026-03-27 15:45:00+01:00,105.22876045957115,103.15
2026-03-27 16:00:00+01:00,56.07468967704322,90.64
2026-03-27 16:15:00+01:00,95.82486780899853,100.02
2026-03-27 16:30:00+01:00,134.448827282907,100.98
2026-03-27 16:45:00+01:00,142.10419375286892,120.69
2026-03-27 17:00:00+01:00,111.132418421426,105.61
2026-03-27 17:15:00+01:00,132.40738451927936,130.77
2026-03-27 17:30:00+01:00,160.11749277302556,146.59
2026-03-27 17:45:00+01:00,179.05538268311673,173.23
2026-03-27 18:00:00+01:00,172.24063398350307,145.81
2026-03-27 18:15:00+01:00,168.53301369624393,159.0
2026-03-27 18:30:00+01:00,206.07462263495137,163.46
2026-03-27 18:45:00+01:00,211.1305029146455,167.46
2026-03-27 19:00:00+01:00,199.39811683201287,192.98
2026-03-27 19:15:00+01:00,190.34539091068305,177.61
2026-03-27 19:30:00+01:00,176.08303240756487,158.25
2026-03-27 19:45:00+01:00,162.36352857808424,144.14
2026-03-27 20:00:00+01:00,190.03143845606456,174.9
2026-03-27 20:15:00+01:00,161.80145029193588,150.14
2026-03-27 20:30:00+01:00,143.90686275205482,127.52
2026-03-27 20:45:00+01:00,142.87027699665308,119.0
2026-03-27 21:00:00+01:00,149.51522038400256,124.13
2026-03-27 21:15:00+01:00,145.42088789752177,122.5
2026-03-27 21:30:00+01:00,135.924580762606,119.78
2026-03-27 21:45:00+01:00,124.57064680513324,109.57
2026-03-27 22:00:00+01:00,133.40863949648877,123.1
2026-03-27 22:15:00+01:00,130.1762289926932,117.9
2026-03-27 22:30:00+01:00,127.97868291239152,117.59
2026-03-27 22:45:00+01:00,115.62965136634654,108.05
2026-03-27 23:00:00+01:00,125.93812756454456,113.65
2026-03-27 23:15:00+01:00,114.55247760682562,106.89
2026-03-27 23:30:00+01:00,108.12008754473558,105.25
2026-03-27 23:45:00+01:00,98.31292956632346,98.26
2026-03-28 00:00:00+01:00,116.32343485830421,97.61
2026-03-28 00:15:00+01:00,113.77804232440299,99.04
2026-03-28 00:30:00+01:00,108.79109814421328,94.25
2026-03-28 00:45:00+01:00,98.75764040541733,89.64
2026-03-28 01:00:00+01:00,111.86515385115709,96.0
2026-03-28 01:15:00+01:00,106.07632824276808,93.3
2026-03-28 01:30:00+01:00,105.15296766693561,91.64
2026-03-28 01:45:00+01:00,102.7505563389832,89.72
2026-03-28 02:00:00+01:00,100.75264051172189,92.09
2026-03-28 02:15:00+01:00,102.9885823234025,89.74
2026-03-28 02:30:00+01:00,102.09381638695712,88.6
2026-03-28 02:45:00+01:00,98.17990657546508,87.76
2026-03-28 03:00:00+01:00,100.18708898743695,87.56
2026-03-28 03:15:00+01:00,98.97656987737827,87.43
2026-03-28 03:30:00+01:00,96.41572781833042,87.11
2026-03-28 03:45:00+01:00,97.47407620702542,86.95
2026-03-28 04:00:00+01:00,99.59325507001421,87.53
2026-03-28 04:15:00+01:00,98.60010903351055,87.94
2026-03-28 04:30:00+01:00,99.38247109864302,88.18
2026-03-28 04:45:00+01:00,97.51590872704328,88.82
2026-03-28 05:00:00+01:00,99.88904000845339,88.53
2026-03-28 05:15:00+01:00,100.45269559441242,89.95
2026-03-28 05:30:00+01:00,105.60517567028013,92.85
2026-03-28 05:45:00+01:00,114.38468909606125,95.12
2026-03-28 06:00:00+01:00,114.32616362179927,91.02
2026-03-28 06:15:00+01:00,116.04924413373715,90.74
2026-03-28 06:30:00+01:00,110.48718244897616,87.99
2026-03-28 06:45:00+01:00,109.39382612806737,81.93
2026-03-28 07:00:00+01:00,119.76995126853222,89.16
2026-03-28 07:15:00+01:00,123.11046465959315,80.24
2026-03-28 07:30:00+01:00,115.9724879957516,79.12
2026-03-28 07:45:00+01:00,108.03183885093983,68.22
2026-03-28 08:00:00+01:00,114.59282291416606,80.69
2026-03-28 08:15:00+01:00,110.51361208092905,75.52
2026-03-28 08:30:00+01:00,95.2943917532755,67.46
2026-03-28 08:45:00+01:00,91.80492406018325,49.53
2026-03-28 09:00:00+01:00,97.31244613075333,76.16
2026-03-28 09:15:00+01:00,91.90385216881086,49.19
2026-03-28 09:30:00+01:00,92.86170549651973,40.89
2026-03-28 09:45:00+01:00,86.56754677057798,13.39
2026-03-28 10:00:00+01:00,93.6047031458879,36.94
2026-03-28 10:15:00+01:00,84.55514235577289,16.79
2026-03-28 10:30:00+01:00,84.64761948486112,9.9
2026-03-28 10:45:00+01:00,76.02605473773407,6.7
2026-03-28 11:00:00+01:00,87.81099422270846,9.05
2026-03-28 11:15:00+01:00,79.96364537641047,8.04
2026-03-28 11:30:00+01:00,61.73413791546202,7.13
2026-03-28 11:45:00+01:00,69.32631518206706,6.35
2026-03-28 12:00:00+01:00,72.93331557211093,7.0
2026-03-28 12:15:00+01:00,72.68017636719316,4.92
2026-03-28 12:30:00+01:00,81.17945305371715,6.43
2026-03-28 12:45:00+01:00,80.83394991251915,8.43
2026-03-28 13:00:00+01:00,72.58880998714766,6.4
2026-03-28 13:15:00+01:00,86.15706771610843,6.7
2026-03-28 13:30:00+01:00,86.9932457691947,8.52
2026-03-28 13:45:00+01:00,85.16215976824574,9.77
2026-03-28 14:00:00+01:00,88.2754853868493,7.97
2026-03-28 14:15:00+01:00,85.10544896906619,10.0
2026-03-28 14:30:00+01:00,91.2247735063203,25.04
2026-03-28 14:45:00+01:00,84.05400553362348,38.89
2026-03-28 15:00:00+01:00,85.93047857963295,24.04
2026-03-28 15:15:00+01:00,90.73075385902155,45.0
2026-03-28 15:30:00+01:00,84.12480187112469,63.58
2026-03-28 15:45:00+01:00,93.18080919937178,84.35
2026-03-28 16:00:00+01:00,71.57347575184303,60.35
2026-03-28 16:15:00+01:00,101.37446813060473,74.12
2026-03-28 16:30:00+01:00,116.76842084003943,88.4
2026-03-28 16:45:00+01:00,144.9072028058984,101.34
2026-03-28 17:00:00+01:00,115.75396317896075,89.44
2026-03-28 17:15:00+01:00,131.7255659883608,99.89
2026-03-28 17:30:00+01:00,149.8568188155851,122.31
2026-03-28 17:45:00+01:00,154.26549826070428,129.72
2026-03-28 18:00:00+01:00,146.36505669487093,124.42
2026-03-28 18:15:00+01:00,149.53771853817153,134.6
2026-03-28 18:30:00+01:00,154.97130791121688,141.35
2026-03-28 18:45:00+01:00,178.52163687416703,155.33
2026-03-28 19:00:00+01:00,176.68020981137386,158.0
2026-03-28 19:15:00+01:00,173.09883690302016,156.34
2026-03-28 19:30:00+01:00,162.89008947437253,154.96
2026-03-28 19:45:00+01:00,151.19163301736438,146.98
2026-03-28 20:00:00+01:00,170.45104789598915,161.79
2026-03-28 20:15:00+01:00,161.75009991777665,148.9
2026-03-28 20:30:00+01:00,142.59670169258234,137.35
2026-03-28 20:45:00+01:00,133.470821248722,127.77
2026-03-28 21:00:00+01:00,136.32953097644736,141.14
2026-03-28 21:15:00+01:00,126.63702673457587,132.19
2026-03-28 21:30:00+01:00,133.7794028872369,128.26
2026-03-28 21:45:00+01:00,122.91445902634382,124.79
2026-03-28 22:00:00+01:00,133.81975595666992,127.51
2026-03-28 22:15:00+01:00,130.4899864317929,126.87
2026-03-28 22:30:00+01:00,128.85063885167725,126.01
2026-03-28 22:45:00+01:00,119.09985291266827,120.93
2026-03-28 23:00:00+01:00,125.32472189953691,130.0
2026-03-28 23:15:00+01:00,111.49795233826211,118.05
2026-03-28 23:30:00+01:00,111.50162097032778,120.92
2026-03-28 23:45:00+01:00,106.69427000116531,109.35
2026-03-29 00:00:00+01:00,117.52793180824807,125.88
2026-03-29 00:15:00+01:00,107.79351342604332,120.23
2026-03-29 00:30:00+01:00,101.61709711427613,108.28
2026-03-29 00:45:00+01:00,100.65744019208577,103.85
2026-03-29 01:00:00+01:00,106.43348839436257,112.05
2026-03-29 01:15:00+01:00,102.27141632400219,107.51
2026-03-29 01:30:00+01:00,98.22538636001549,107.01
2026-03-29 01:45:00+01:00,97.95014848111816,104.22
2026-03-29 03:00:00+02:00,100.80569769811746,104.1356
2026-03-29 03:15:00+02:00,101.33681798021243,104.0512
2026-03-29 03:30:00+02:00,99.0958915139417,103.9668
2026-03-29 03:45:00+02:00,96.08384070478952,103.8824
2026-03-29 04:00:00+02:00,100.52963676944921,103.798
2026-03-29 04:15:00+02:00,96.65973610290358,103.376
2026-03-29 04:30:00+02:00,96.28556369862785,102.954
2026-03-29 04:45:00+02:00,96.43947579235402,102.532
2026-03-29 05:00:00+02:00,99.63645891115672,102.11
2026-03-29 05:15:00+02:00,99.37818990118055,100.26
2026-03-29 05:30:00+02:00,99.77654423623609,101.18
2026-03-29 05:45:00+02:00,97.5997586777206,101.11
2026-03-29 06:00:00+02:00,98.73434522288643,109.41
2026-03-29 06:15:00+02:00,95.25369955155367,103.35
2026-03-29 06:30:00+02:00,101.74146422119269,104.32
2026-03-29 06:45:00+02:00,112.74252956102471,103.82
2026-03-29 07:00:00+02:00,107.77583314161625,103.57
2026-03-29 07:15:00+02:00,112.89707381279791,103.68
2026-03-29 07:30:00+02:00,122.80723600515125,105.24
2026-03-29 07:45:00+02:00,120.54765962446795,105.93
2026-03-29 08:00:00+02:00,133.2650982406697,102.33
2026-03-29 08:15:00+02:00,117.86676499238169,105.3
2026-03-29 08:30:00+02:00,117.7703883777631,113.59
2026-03-29 08:45:00+02:00,105.9851491787092,117.8
2026-03-29 09:00:00+02:00,126.60562259639124,119.67
2026-03-29 09:15:00+02:00,110.04869326991053,115.24
2026-03-29 09:30:00+02:00,105.89222332659179,113.0
2026-03-29 09:45:00+02:00,86.47158288754481,112.21
2026-03-29 10:00:00+02:00,106.94574399013734,122.47
2026-03-29 10:15:00+02:00,98.29504198530425,125.0
2026-03-29 10:30:00+02:00,71.56790294481243,108.99
2026-03-29 10:45:00+02:00,55.671604202918765,102.91
2026-03-29 11:00:00+02:00,76.42026363440088,112.24
2026-03-29 11:15:00+02:00,39.64047982138834,94.82
2026-03-29 11:30:00+02:00,35.051061916774415,89.06
2026-03-29 11:45:00+02:00,18.11834714185217,81.47
2026-03-29 12:00:00+02:00,12.394112442733245,97.96
2026-03-29 12:15:00+02:00,12.599914718937114,83.91
2026-03-29 12:30:00+02:00,11.452363638127508,70.55
2026-03-29 12:45:00+02:00,22.13125216019705,46.81
2026-03-29 13:00:00+02:00,19.264247038409863,70.6
2026-03-29 13:15:00+02:00,13.782790293388032,55.29
2026-03-29 13:30:00+02:00,14.6543338651514,42.91
2026-03-29 13:45:00+02:00,13.305222603696976,9.99
2026-03-29 14:00:00+02:00,15.381226157009479,26.23
2026-03-29 14:15:00+02:00,15.13374176173545,7.78
2026-03-29 14:30:00+02:00,9.52080902284159,4.69
2026-03-29 14:45:00+02:00,3.2640456894425682,0.22
2026-03-29 15:00:00+02:00,11.932432474903806,1.09
2026-03-29 15:15:00+02:00,7.072956132807889,0.0
2026-03-29 15:30:00+02:00,5.969459203539884,-0.06
2026-03-29 15:45:00+02:00,38.34285839853688,-1.05
2026-03-29 16:00:00+02:00,18.33557276321031,-1.01
2026-03-29 16:15:00+02:00,47.07894935788328,-1.21
2026-03-29 16:30:00+02:00,46.72147648782779,-2.11
2026-03-29 16:45:00+02:00,56.66609330205479,-2.81
2026-03-29 17:00:00+02:00,39.761987882581806,-2.02
2026-03-29 17:15:00+02:00,65.6234294934957,-2.4
2026-03-29 17:30:00+02:00,87.01424139659349,-2.07
2026-03-29 17:45:00+02:00,105.64954171943457,-1.91
2026-03-29 18:00:00+02:00,85.56247919997075,-0.08
2026-03-29 18:15:00+02:00,112.50744182903081,0.0
2026-03-29 18:30:00+02:00,119.15085289376889,0.0
2026-03-29 18:45:00+02:00,137.03352378896128,3.57
2026-03-29 19:00:00+02:00,130.73947913197065,2.5
2026-03-29 19:15:00+02:00,124.16360957330255,14.41
2026-03-29 19:30:00+02:00,136.55477345679896,34.25
2026-03-29 19:45:00+02:00,125.25054691366788,82.08
2026-03-29 20:00:00+02:00,130.74659806351625,58.05
2026-03-29 20:15:00+02:00,134.9079480729117,80.91
2026-03-29 20:30:00+02:00,126.84163614293223,97.98
2026-03-29 20:45:00+02:00,131.51217793960112,120.1
2026-03-29 21:00:00+02:00,146.3044984288813,99.24
2026-03-29 21:15:00+02:00,142.33170493228118,108.84
2026-03-29 21:30:00+02:00,122.40797893470724,108.62
2026-03-29 21:45:00+02:00,111.25921333389364,106.01
2026-03-29 22:00:00+02:00,130.9618770382516,119.71
2026-03-29 22:15:00+02:00,120.31262035544111,107.91
2026-03-29 22:30:00+02:00,101.84139728374913,81.18
2026-03-29 22:45:00+02:00,84.06199290546854,71.92
2026-03-29 23:00:00+02:00,103.8251232527721,96.33
2026-03-29 23:15:00+02:00,101.5012070818887,85.31
2026-03-29 23:30:00+02:00,92.70387671491103,63.92
2026-03-29 23:45:00+02:00,77.06545217036278,53.69
2026-03-30 00:00:00+02:00,88.00642290378408,96.59
2026-03-30 00:00:00+02:00,80.30608574652419,17.76
2026-03-30 00:15:00+02:00,73.8646527719267,77.99
2026-03-30 00:15:00+02:00,67.79753328609243,9.43
2026-03-30 00:30:00+02:00,73.4059854734501,62.23
2026-03-30 00:30:00+02:00,60.60294756011543,5.17
2026-03-30 00:45:00+02:00,58.9721942152729,30.59
2026-03-30 00:45:00+02:00,69.26917732526,4.43
2026-03-30 01:00:00+02:00,61.653438921608796,4.25
2026-03-30 01:15:00+02:00,57.009152585578825,3.14
2026-03-30 01:30:00+02:00,59.020635625721994,1.59
2026-03-30 01:45:00+02:00,56.41514803763377,0.22
2026-03-30 02:00:00+02:00,60.543842727898785,5.48
2026-03-30 02:15:00+02:00,57.50159049657082,4.5
2026-03-30 02:30:00+02:00,58.906438025690484,4.97
2026-03-30 02:45:00+02:00,58.7181156590698,5.13
2026-03-30 03:00:00+02:00,64.08239021035132,3.08
2026-03-30 03:15:00+02:00,63.408147441553716,3.8
2026-03-30 03:30:00+02:00,56.54676327994442,3.91
2026-03-30 03:45:00+02:00,62.62914315864534,4.51
2026-03-30 04:00:00+02:00,56.40657411789392,2.19
2026-03-30 04:15:00+02:00,56.63124065452972,3.54
2026-03-30 04:30:00+02:00,61.02013321816719,4.08
2026-03-30 04:45:00+02:00,57.84784205229857,7.62
2026-03-30 05:00:00+02:00,63.57185925470407,3.54
2026-03-30 05:15:00+02:00,62.16671535118101,7.62
2026-03-30 05:30:00+02:00,68.6341123323707,17.23
2026-03-30 05:45:00+02:00,71.05139902839652,45.3
2026-03-30 06:00:00+02:00,56.834482471116345,26.05
2026-03-30 06:15:00+02:00,69.08723657533216,63.5
2026-03-30 06:30:00+02:00,80.40205768645836,87.96
2026-03-30 06:45:00+02:00,87.34025534221968,89.97
2026-03-30 07:00:00+02:00,99.20677100368678,73.12
2026-03-30 07:15:00+02:00,109.61044168525243,89.48
2026-03-30 07:30:00+02:00,86.06014623263607,100.52
2026-03-30 07:45:00+02:00,76.42324474985034,98.13
2026-03-30 08:00:00+02:00,106.1249244129116,116.73
2026-03-30 08:15:00+02:00,96.45237558112277,108.26
2026-03-30 08:30:00+02:00,81.5692451281667,108.39
2026-03-30 08:45:00+02:00,80.55960025645237,103.51
2026-03-30 09:00:00+02:00,81.0753525587476,111.85
2026-03-30 09:15:00+02:00,78.08162788689908,102.16
2026-03-30 09:30:00+02:00,62.813751742170986,96.34
2026-03-30 09:45:00+02:00,40.992224319388626,77.0
2026-03-30 10:00:00+02:00,59.85601119952467,85.99
2026-03-30 10:15:00+02:00,45.72980849830467,71.54
2026-03-30 10:30:00+02:00,39.32868828494277,82.24
2026-03-30 10:45:00+02:00,21.69824104566935,55.62
2026-03-30 11:00:00+02:00,28.032206308926362,71.28
2026-03-30 11:15:00+02:00,15.113515771465089,50.3
2026-03-30 11:30:00+02:00,20.13530877824182,39.17
2026-03-30 11:45:00+02:00,26.743876634191906,23.24
2026-03-30 12:00:00+02:00,45.20428108050014,39.41
2026-03-30 12:15:00+02:00,33.96948332516715,25.03
2026-03-30 12:30:00+02:00,43.60294315156138,19.91
2026-03-30 12:45:00+02:00,33.235840137310944,10.0
2026-03-30 13:00:00+02:00,38.8078605969923,17.55
2026-03-30 13:15:00+02:00,37.23456819076984,15.55
2026-03-30 13:30:00+02:00,27.387093751066892,9.91
2026-03-30 13:45:00+02:00,28.856943108061735,2.59
2026-03-30 14:00:00+02:00,30.523191118526697,9.4
2026-03-30 14:15:00+02:00,31.64241028238684,8.67
2026-03-30 14:30:00+02:00,30.34267351581685,7.59
2026-03-30 14:45:00+02:00,51.19302786538268,4.51
2026-03-30 15:00:00+02:00,40.001734383039654,9.38
2026-03-30 15:15:00+02:00,46.17974923783738,10.73
2026-03-30 15:30:00+02:00,42.89105306534047,11.66
2026-03-30 15:45:00+02:00,64.62263763489223,19.98
2026-03-30 16:00:00+02:00,42.91091032639853,9.98
2026-03-30 16:15:00+02:00,71.9501979091167,23.34
2026-03-30 16:30:00+02:00,78.92907845672093,44.26
2026-03-30 16:45:00+02:00,108.99149607006821,63.0
2026-03-30 17:00:00+02:00,89.20761740773344,45.46
2026-03-30 17:15:00+02:00,106.55507086121919,65.46
2026-03-30 17:30:00+02:00,116.01406302948557,86.79
2026-03-30 17:45:00+02:00,135.0747341314498,112.09
2026-03-30 18:00:00+02:00,123.21965375092218,85.0
2026-03-30 18:15:00+02:00,130.92871857112462,105.03
2026-03-30 18:30:00+02:00,144.8596170979741,109.38
2026-03-30 18:45:00+02:00,158.93422779990132,119.9
2026-03-30 19:00:00+02:00,155.33143581647803,114.06
2026-03-30 19:15:00+02:00,171.65985781287478,117.28
2026-03-30 19:30:00+02:00,163.04105659637742,122.27
2026-03-30 19:45:00+02:00,168.35776763280268,133.0
2026-03-30 20:00:00+02:00,170.10690710094218,124.79
2026-03-30 20:15:00+02:00,154.70707111298924,124.4
2026-03-30 20:30:00+02:00,129.96154892350896,127.35
2026-03-30 20:45:00+02:00,115.38591213923733,125.89
2026-03-30 21:00:00+02:00,132.27055241083792,135.99
2026-03-30 21:15:00+02:00,124.47646834026709,124.82
2026-03-30 21:30:00+02:00,110.63225985449569,127.98
2026-03-30 21:45:00+02:00,103.21413386073338,115.87
2026-03-30 22:00:00+02:00,113.95824522115207,129.52
2026-03-30 22:15:00+02:00,115.62763658714391,119.43
2026-03-30 22:30:00+02:00,112.42803372391043,120.1
2026-03-30 22:45:00+02:00,100.66356021613291,115.65
2026-03-30 23:00:00+02:00,99.69168520662119,115.23
2026-03-30 23:15:00+02:00,94.80072310700407,110.15
2026-03-30 23:30:00+02:00,97.16256853670866,107.6
2026-03-30 23:45:00+02:00,87.32292592477339,102.54
2026-03-31 00:00:00+02:00,105.7189821749392,123.0
2026-03-31 00:15:00+02:00,101.9390825408673,108.88
2026-03-31 00:30:00+02:00,99.16970048011665,104.6
2026-03-31 00:45:00+02:00,95.30957264518099,100.5
2026-03-31 01:00:00+02:00,100.82707355403441,102.56
2026-03-31 01:15:00+02:00,97.73125809453941,103.07
2026-03-31 01:30:00+02:00,97.12824960201351,103.08
2026-03-31 01:45:00+02:00,96.17118426248959,102.01
2026-03-31 02:00:00+02:00,98.44970686504536,102.65
2026-03-31 02:15:00+02:00,94.71658307896932,101.39
2026-03-31 02:30:00+02:00,94.52924686744353,100.89
2026-03-31 02:45:00+02:00,92.40435688418803,100.11
2026-03-31 03:00:00+02:00,94.03295468152426,100.64
2026-03-31 03:15:00+02:00,93.04440137203576,100.13
2026-03-31 03:30:00+02:00,94.79577597572394,100.99
2026-03-31 03:45:00+02:00,95.7696178475284,100.38
2026-03-31 04:00:00+02:00,95.10933755706836,100.55
2026-03-31 04:15:00+02:00,97.65652898465393,101.79
2026-03-31 04:30:00+02:00,97.83127272016142,101.27
2026-03-31 04:45:00+02:00,97.84550067943532,103.11
2026-03-31 05:00:00+02:00,98.62407507834092,94.84
2026-03-31 05:15:00+02:00,96.45259075170972,99.42
2026-03-31 05:30:00+02:00,103.01275358116801,112.97
2026-03-31 05:45:00+02:00,106.33857800224918,124.94
2026-03-31 06:00:00+02:00,102.15415476805826,113.77
2026-03-31 06:15:00+02:00,101.77965230285244,127.5
2026-03-31 06:30:00+02:00,102.65571809747786,151.11
2026-03-31 06:45:00+02:00,111.74881252193123,156.41
2026-03-31 07:00:00+02:00,113.28295547074842,152.47
2026-03-31 07:15:00+02:00,119.80028733828601,153.0
2026-03-31 07:30:00+02:00,112.03438118587214,154.44
2026-03-31 07:45:00+02:00,103.85238388929524,148.59
2026-03-31 08:00:00+02:00,123.68688420285031,203.4
2026-03-31 08:15:00+02:00,112.14664499995544,180.22
2026-03-31 08:30:00+02:00,100.96673050915139,145.56
2026-03-31 08:45:00+02:00,99.5253598025316,125.98
2026-03-31 09:00:00+02:00,110.10778391758203,163.15
2026-03-31 09:15:00+02:00,107.40025803612392,134.76
2026-03-31 09:30:00+02:00,101.39209046515516,125.31
2026-03-31 09:45:00+02:00,87.39062696188279,119.0
2026-03-31 10:00:00+02:00,104.53279203693585,117.09
2026-03-31 10:15:00+02:00,94.62001097395073,108.85
2026-03-31 10:30:00+02:00,87.50475495501273,98.11
2026-03-31 10:45:00+02:00,67.6514295200323,92.97
2026-03-31 11:00:00+02:00,82.18991000514124,99.03
2026-03-31 11:15:00+02:00,71.3530458348066,93.08
2026-03-31 11:30:00+02:00,67.14044074861417,84.13
2026-03-31 11:45:00+02:00,36.90542998084203,73.16
2026-03-31 12:00:00+02:00,49.559009358093654,88.78
2026-03-31 12:15:00+02:00,42.60631198688059,82.34
2026-03-31 12:30:00+02:00,28.3539808992402,78.18
2026-03-31 12:45:00+02:00,6.8963590740479646,65.38
2026-03-31 13:00:00+02:00,25.19474651312199,73.54
2026-03-31 13:15:00+02:00,7.334880225241108,60.9
2026-03-31 13:30:00+02:00,-0.8973389864523256,46.39
2026-03-31 13:45:00+02:00,3.268797117050994,40.07
2026-03-31 14:00:00+02:00,-0.8764901581919133,51.2
2026-03-31 14:15:00+02:00,14.773568960458633,51.34
2026-03-31 14:30:00+02:00,18.0361908216386,54.02
2026-03-31 14:45:00+02:00,27.467322438260894,57.39
2026-03-31 15:00:00+02:00,12.742355029783084,54.0
2026-03-31 15:15:00+02:00,32.51505709038932,62.4
2026-03-31 15:30:00+02:00,50.16740684617678,62.76
2026-03-31 15:45:00+02:00,74.24840874188962,73.05
2026-03-31 16:00:00+02:00,34.73794920922199,64.03
2026-03-31 16:15:00+02:00,55.04330629356006,80.4
2026-03-31 16:30:00+02:00,81.69241586586313,89.27
2026-03-31 16:45:00+02:00,111.1950731011441,95.17
2026-03-31 17:00:00+02:00,67.60790425866034,96.06
2026-03-31 17:15:00+02:00,102.91162666567213,101.22
2026-03-31 17:30:00+02:00,124.4832638803047,105.81
2026-03-31 17:45:00+02:00,120.33033574151347,140.78
2026-03-31 18:00:00+02:00,112.79541187860903,108.58
2026-03-31 18:15:00+02:00,128.36270991255304,141.83
2026-03-31 18:30:00+02:00,126.61071626295343,158.72
2026-03-31 18:45:00+02:00,145.3596672312721,194.87
2026-03-31 19:00:00+02:00,121.06185066657925,153.48
2026-03-31 19:15:00+02:00,121.15805179717346,176.56
2026-03-31 19:30:00+02:00,122.50140453829202,181.96
2026-03-31 19:45:00+02:00,136.2588188281713,188.01
2026-03-31 20:00:00+02:00,132.53683446031016,189.75
2026-03-31 20:15:00+02:00,138.85943852970289,180.74
2026-03-31 20:30:00+02:00,144.42453312303425,173.54
2026-03-31 20:45:00+02:00,133.9478376503407,159.99
2026-03-31 21:00:00+02:00,136.61969546657568,201.16
2026-03-31 21:15:00+02:00,122.23197089835743,171.46
2026-03-31 21:30:00+02:00,119.97061244064056,162.62
2026-03-31 21:45:00+02:00,120.70908804894492,151.66
2026-03-31 22:00:00+02:00,118.03540429199305,169.14
2026-03-31 22:15:00+02:00,119.52131786604578,161.3
2026-03-31 22:30:00+02:00,125.20006217855504,152.95
2026-03-31 22:45:00+02:00,124.60421311244568,149.93
2026-03-31 23:00:00+02:00,125.76302654459042,152.98
2026-03-31 23:15:00+02:00,119.39991738126552,149.56
2026-03-31 23:30:00+02:00,120.22390920085672,149.96
2026-03-31 23:45:00+02:00,115.12397376256554,141.4
2026-04-01 00:00:00+02:00,135.6166629274571,159.02
2026-04-01 00:15:00+02:00,131.6986424377088,146.7
2026-04-01 00:30:00+02:00,131.58669713103723,142.99
2026-04-01 00:45:00+02:00,123.62991435808163,133.33
2026-04-01 01:00:00+02:00,134.5975946609047,137.31
2026-04-01 01:15:00+02:00,130.4206290017354,129.2
2026-04-01 01:30:00+02:00,126.89615378662442,129.2
2026-04-01 01:45:00+02:00,122.3843749919343,122.24
2026-04-01 02:00:00+02:00,128.44599054079265,125.68
2026-04-01 02:15:00+02:00,125.94852651762201,124.18
2026-04-01 02:30:00+02:00,122.71355120941493,125.49
2026-04-01 02:45:00+02:00,120.93673857236101,126.03
2026-04-01 03:00:00+02:00,123.28030110562409,123.68
2026-04-01 03:15:00+02:00,122.49782775053292,128.0
2026-04-01 03:30:00+02:00,126.06021506062507,132.12
2026-04-01 03:45:00+02:00,121.7967367345549,133.91
2026-04-01 04:00:00+02:00,122.86691388879052,128.28
2026-04-01 04:15:00+02:00,125.33056273702182,131.62
2026-04-01 04:30:00+02:00,124.14633202365643,138.8
2026-04-01 04:45:00+02:00,128.38655982853436,145.4
2026-04-01 05:00:00+02:00,125.17207613828984,134.67
2026-04-01 05:15:00+02:00,123.51591795691886,143.47
2026-04-01 05:30:00+02:00,141.3202647427294,150.06
2026-04-01 05:45:00+02:00,148.6053906335243,168.26
2026-04-01 06:00:00+02:00,137.90075837177992,155.67
2026-04-01 06:15:00+02:00,142.13489961051616,177.23
2026-04-01 06:30:00+02:00,183.15498780628337,190.54
2026-04-01 06:45:00+02:00,202.31969346703465,199.9
2026-04-01 07:00:00+02:00,192.47655503745048,235.93
2026-04-01 07:15:00+02:00,209.5892755806124,239.03
2026-04-01 07:30:00+02:00,183.97725209780535,221.02
2026-04-01 07:45:00+02:00,167.3331012069923,211.81
2026-04-01 08:00:00+02:00,226.4971224309578,239.12
2026-04-01 08:15:00+02:00,170.5086958894183,214.59
2026-04-01 08:30:00+02:00,146.1544069870897,184.15
2026-04-01 08:45:00+02:00,119.24874628581956,162.05
2026-04-01 09:00:00+02:00,165.1462609524513,209.0
2026-04-01 09:15:00+02:00,136.27920316719636,185.81
2026-04-01 09:30:00+02:00,124.41671173743985,161.39
2026-04-01 09:45:00+02:00,103.88654572086672,129.86
2026-04-01 10:00:00+02:00,120.59148849996282,163.37
2026-04-01 10:15:00+02:00,107.57798283394176,141.74
2026-04-01 10:30:00+02:00,99.63644831232064,130.51
2026-04-01 10:45:00+02:00,83.03516404863151,123.58
2026-04-01 11:00:00+02:00,95.83717277049931,138.63
2026-04-01 11:15:00+02:00,83.92447634721222,130.77
2026-04-01 11:30:00+02:00,78.61102255049678,122.32
2026-04-01 11:45:00+02:00,63.76795107774072,120.59
2026-04-01 12:00:00+02:00,77.49185771001514,130.49
2026-04-01 12:15:00+02:00,62.20041075289231,112.75
2026-04-01 12:30:00+02:00,64.77559681473033,111.84
2026-04-01 12:45:00+02:00,60.864887727944385,105.13
2026-04-01 13:00:00+02:00,63.36206703926706,106.35
2026-04-01 13:15:00+02:00,60.10622849502678,98.56
2026-04-01 13:30:00+02:00,49.99730401348153,90.03
2026-04-01 13:45:00+02:00,52.113713567546924,80.4
2026-04-01 14:00:00+02:00,58.70469640671847,89.01
2026-04-01 14:15:00+02:00,59.94713436647034,85.33
2026-04-01 14:30:00+02:00,66.68944469930385,85.33
2026-04-01 14:45:00+02:00,75.75348166012529,85.66
2026-04-01 15:00:00+02:00,69.57958852153043,84.51
2026-04-01 15:15:00+02:00,85.66794091518759,88.43
2026-04-01 15:30:00+02:00,94.06702360169369,96.78
2026-04-01 15:45:00+02:00,88.16636933580654,105.63
2026-04-01 16:00:00+02:00,89.53004165412551,84.94
2026-04-01 16:15:00+02:00,90.2050755565565,98.23
2026-04-01 16:30:00+02:00,111.86473442299327,108.99
2026-04-01 16:45:00+02:00,132.1344621592543,129.9
2026-04-01 17:00:00+02:00,92.44648115468081,119.93
2026-04-01 17:15:00+02:00,125.27330821951026,119.91
2026-04-01 17:30:00+02:00,170.92809369205324,128.56
2026-04-01 17:45:00+02:00,200.46570220630832,152.08
2026-04-01 18:00:00+02:00,178.17329968861978,111.1
2026-04-01 18:15:00+02:00,192.27839518123062,142.01
2026-04-01 18:30:00+02:00,195.23933380173486,157.8
2026-04-01 18:45:00+02:00,200.76077460920888,197.47
2026-04-01 19:00:00+02:00,199.90955494689348,162.56
2026-04-01 19:15:00+02:00,189.42058741452934,185.75
2026-04-01 19:30:00+02:00,175.55944887860772,200.38
2026-04-01 19:45:00+02:00,178.07912197547822,205.97
2026-04-01 20:00:00+02:00,179.99924573096885,197.83
2026-04-01 20:15:00+02:00,171.45100638580726,190.73
2026-04-01 20:30:00+02:00,161.3690012808782,180.0
2026-04-01 20:45:00+02:00,141.542859454047,156.21
2026-04-01 21:00:00+02:00,168.37639365298745,178.68
2026-04-01 21:15:00+02:00,151.359043504367,168.58
2026-04-01 21:30:00+02:00,152.31371720692795,163.93
2026-04-01 21:45:00+02:00,133.8886260443828,152.1
2026-04-01 22:00:00+02:00,155.9974967375513,167.64
2026-04-01 22:15:00+02:00,145.49055413122832,153.87
2026-04-01 22:30:00+02:00,141.78564616961927,151.35
2026-04-01 22:45:00+02:00,135.58085104794256,138.43
2026-04-01 23:00:00+02:00,139.90600134529785,147.52
2026-04-01 23:15:00+02:00,136.5293750093481,137.85
2026-04-01 23:30:00+02:00,127.94406026851098,130.58
2026-04-01 23:45:00+02:00,117.35393746471463,119.18
2026-04-02 00:00:00+02:00,127.35190273045461,139.4
2026-04-02 00:15:00+02:00,117.53091585440912,128.44
2026-04-02 00:30:00+02:00,121.75896268925698,121.55
2026-04-02 00:45:00+02:00,117.50712615143823,119.3
2026-04-02 01:00:00+02:00,118.33691469819453,125.43
2026-04-02 01:15:00+02:00,113.6453380969942,119.36
2026-04-02 01:30:00+02:00,111.25711804313292,116.61
2026-04-02 01:45:00+02:00,108.9097441627671,114.58
2026-04-02 02:00:00+02:00,110.61373605040016,116.9
2026-04-02 02:15:00+02:00,106.86807326549861,114.44
2026-04-02 02:30:00+02:00,108.64989152251954,113.75
2026-04-02 02:45:00+02:00,109.20185056941793,111.43
2026-04-02 03:00:00+02:00,110.89107325088314,110.23
2026-04-02 03:15:00+02:00,106.79705044693434,107.65
2026-04-02 03:30:00+02:00,107.8250367980605,108.86
2026-04-02 03:45:00+02:00,106.93335321152362,110.0
2026-04-02 04:00:00+02:00,106.40146652650232,105.42
2026-04-02 04:15:00+02:00,107.68487444197282,104.97
2026-04-02 04:30:00+02:00,109.70409077352488,108.92
2026-04-02 04:45:00+02:00,112.15126113498042,110.33
2026-04-02 05:00:00+02:00,104.68072095428991,108.29
2026-04-02 05:15:00+02:00,108.33110606454757,113.17
2026-04-02 05:30:00+02:00,117.37874384014665,119.3
2026-04-02 05:45:00+02:00,122.46531918107104,136.41
2026-04-02 06:00:00+02:00,118.37882574071905,131.0
2026-04-02 06:15:00+02:00,130.5074141966594,150.04
2026-04-02 06:30:00+02:00,147.9501442097174,161.61
2026-04-02 06:45:00+02:00,173.72147154238354,165.56
2026-04-02 07:00:00+02:00,150.1010313753006,163.62
2026-04-02 07:15:00+02:00,170.66734654341573,166.68
2026-04-02 07:30:00+02:00,151.080613295647,161.52
2026-04-02 07:45:00+02:00,147.7325595596329,148.21
2026-04-02 08:00:00+02:00,183.30067058183917,196.93
2026-04-02 08:15:00+02:00,160.40746187185343,173.46
2026-04-02 08:30:00+02:00,162.89116748187155,154.05
2026-04-02 08:45:00+02:00,123.98471139699052,106.19
2026-04-02 09:00:00+02:00,172.20431789829573,127.01
2026-04-02 09:15:00+02:00,132.9644132970551,117.01
2026-04-02 09:30:00+02:00,126.7504586142361,113.42
2026-04-02 09:45:00+02:00,106.59445259624168,99.67
2026-04-02 10:00:00+02:00,123.36677508536386,107.91
2026-04-02 10:15:00+02:00,107.84093863191531,98.89
2026-04-02 10:30:00+02:00,99.80734866613201,91.94
2026-04-02 10:45:00+02:00,87.66145641327132,63.91
2026-04-02 11:00:00+02:00,104.91475477177605,88.43
2026-04-02 11:15:00+02:00,94.34655368338622,78.75
2026-04-02 11:30:00+02:00,85.71312353618958,71.95
2026-04-02 11:45:00+02:00,78.58699132846213,57.87
2026-04-02 12:00:00+02:00,80.39505010236319,75.01
2026-04-02 12:15:00+02:00,76.39388968047697,62.42
2026-04-02 12:30:00+02:00,71.36192101862994,55.54
2026-04-02 12:45:00+02:00,55.788768973639506,46.01
2026-04-02 13:00:00+02:00,65.86948312337258,49.81
2026-04-02 13:15:00+02:00,45.8314558161252,43.2
2026-04-02 13:30:00+02:00,45.170031411413504,42.1
2026-04-02 13:45:00+02:00,52.59728581752399,34.71
2026-04-02 14:00:00+02:00,57.6601907826517,42.62
2026-04-02 14:15:00+02:00,59.90022052562219,49.97
2026-04-02 14:30:00+02:00,62.72446818472547,54.75
2026-04-02 14:45:00+02:00,67.28695114332572,64.1
2026-04-02 15:00:00+02:00,79.45525427308098,52.55
2026-04-02 15:15:00+02:00,78.1328515269113,72.99
2026-04-02 15:30:00+02:00,91.7680281681631,79.3
2026-04-02 15:45:00+02:00,93.72972615722476,90.24
2026-04-02 16:00:00+02:00,85.51024446847477,80.01
2026-04-02 16:15:00+02:00,90.2649802995513,93.18
2026-04-02 16:30:00+02:00,108.71342066298234,96.82
2026-04-02 16:45:00+02:00,107.49815895858151,101.02
2026-04-02 17:00:00+02:00,110.24323428080835,98.73
2026-04-02 17:15:00+02:00,119.19120710108834,103.15
2026-04-02 17:30:00+02:00,123.87471845950301,112.86
2026-04-02 17:45:00+02:00,136.96978225268714,120.5
2026-04-02 18:00:00+02:00,126.50195642827305,118.4
2026-04-02 18:15:00+02:00,142.49763395133317,126.46
2026-04-02 18:30:00+02:00,148.7960383657613,139.67
2026-04-02 18:45:00+02:00,189.0474921205319,153.01
2026-04-02 19:00:00+02:00,154.34735953748637,142.56
2026-04-02 19:15:00+02:00,175.75373605071943,155.8
2026-04-02 19:30:00+02:00,186.31700769627716,168.58
2026-04-02 19:45:00+02:00,184.900180054161,180.42
2026-04-02 20:00:00+02:00,189.37626989595958,172.57
2026-04-02 20:15:00+02:00,168.738175912511,160.94
2026-04-02 20:30:00+02:00,162.5449524811153,157.06
2026-04-02 20:45:00+02:00,149.9355565805867,147.97
2026-04-02 21:00:00+02:00,169.018676603636,162.88
2026-04-02 21:15:00+02:00,161.4657174036056,150.75
2026-04-02 21:30:00+02:00,146.89220619034765,142.38
2026-04-02 21:45:00+02:00,131.60523219184776,130.08
2026-04-02 22:00:00+02:00,150.13908064196767,147.53
2026-04-02 22:15:00+02:00,138.42097867029534,137.96
2026-04-02 22:30:00+02:00,132.35237691422984,130.07
2026-04-02 22:45:00+02:00,127.2011784205159,124.43
2026-04-02 23:00:00+02:00,138.6791330079411,130.05
2026-04-02 23:15:00+02:00,134.0520717860798,123.78
2026-04-02 23:30:00+02:00,130.13523716682903,127.81
2026-04-02 23:45:00+02:00,117.66511350914342,114.24
2026-04-03 00:00:00+02:00,128.41798196581163,144.84
2026-04-03 00:15:00+02:00,117.84090284076129,136.52
2026-04-03 00:30:00+02:00,114.68009455776625,129.14
2026-04-03 00:45:00+02:00,113.65733944948238,123.9
2026-04-03 01:00:00+02:00,115.64250781578775,124.53
2026-04-03 01:15:00+02:00,113.8645342773513,124.1
2026-04-03 01:30:00+02:00,111.36488706248409,124.41
2026-04-03 01:45:00+02:00,109.32063143464977,114.9
2026-04-03 02:00:00+02:00,114.23383867508076,127.53
2026-04-03 02:15:00+02:00,111.85813844825726,120.0
2026-04-03 02:30:00+02:00,111.53006221205763,114.76
2026-04-03 02:45:00+02:00,110.84173192667295,115.77
2026-04-03 03:00:00+02:00,110.89569151200021,119.28
2026-04-03 03:15:00+02:00,110.48883089218718,117.16
2026-04-03 03:30:00+02:00,108.52852732410814,115.5
2026-04-03 03:45:00+02:00,110.25412236878641,118.73
2026-04-03 04:00:00+02:00,108.54070555549134,120.59
2026-04-03 04:15:00+02:00,107.6281590628919,121.05
2026-04-03 04:30:00+02:00,112.1770810756154,120.17
2026-04-03 04:45:00+02:00,113.83175884935969,118.92
2026-04-03 05:00:00+02:00,111.33250014344155,121.05
2026-04-03 05:15:00+02:00,114.06101401599233,123.44
2026-04-03 05:30:00+02:00,116.52870680488193,121.1
2026-04-03 05:45:00+02:00,128.5448757101734,128.02
2026-04-03 06:00:00+02:00,112.33744965862239,121.02
2026-04-03 06:15:00+02:00,137.94070672780276,132.34
2026-04-03 06:30:00+02:00,129.65998169963535,139.95
2026-04-03 06:45:00+02:00,134.14584267494294,139.19
2026-04-03 07:00:00+02:00,134.7689293894099,139.16
2026-04-03 07:15:00+02:00,144.3637897612222,138.84
2026-04-03 07:30:00+02:00,132.2739037371628,135.65
2026-04-03 07:45:00+02:00,120.95393994501151,129.8
2026-04-03 08:00:00+02:00,167.53746319741222,156.58
2026-04-03 08:15:00+02:00,138.6439089735932,135.59
2026-04-03 08:30:00+02:00,118.85222728714152,128.15
2026-04-03 08:45:00+02:00,109.1912719025349,103.85
2026-04-03 09:00:00+02:00,126.4993295279487,143.14
2026-04-03 09:15:00+02:00,111.82119126769003,121.59
2026-04-03 09:30:00+02:00,98.05000332114975,103.66
2026-04-03 09:45:00+02:00,81.23170901293318,84.33
2026-04-03 10:00:00+02:00,102.97331892388677,126.78
2026-04-03 10:15:00+02:00,69.5077554947188,95.78
2026-04-03 10:30:00+02:00,64.69361561940184,64.66
2026-04-03 10:45:00+02:00,56.46681318825965,55.12
2026-04-03 11:00:00+02:00,65.6138914200992,72.0
2026-04-03 11:15:00+02:00,49.555340886876685,60.0
2026-04-03 11:30:00+02:00,56.71013064615558,49.07
2026-04-03 11:45:00+02:00,48.20886071318003,30.76
2026-04-03 12:00:00+02:00,44.45197633782225,48.59
2026-04-03 12:15:00+02:00,52.752402331823816,31.06
2026-04-03 12:30:00+02:00,46.93653955616881,19.79
2026-04-03 12:45:00+02:00,33.81530406285255,8.6
2026-04-03 13:00:00+02:00,37.48498362594232,19.08
2026-04-03 13:15:00+02:00,25.427395999358865,11.64
2026-04-03 13:30:00+02:00,21.59144969035978,7.7
2026-04-03 13:45:00+02:00,15.673231703784936,1.36
2026-04-03 14:00:00+02:00,31.576816772430995,4.5
2026-04-03 14:15:00+02:00,35.063116388080054,1.91
2026-04-03 14:30:00+02:00,23.508429460140178,0.1
2026-04-03 14:45:00+02:00,30.133148495392476,0.1
2026-04-03 15:00:00+02:00,37.36218841056731,0.0
2026-04-03 15:15:00+02:00,49.673685330577726,0.1
2026-04-03 15:30:00+02:00,35.09060771904805,3.0
2026-04-03 15:45:00+02:00,32.741496450974594,9.1
2026-04-03 16:00:00+02:00,46.837868796739016,2.62
2026-04-03 16:15:00+02:00,64.0580575239095,11.81
2026-04-03 16:30:00+02:00,85.1712361245905,32.64
2026-04-03 16:45:00+02:00,82.53939027341227,48.7
2026-04-03 17:00:00+02:00,79.03261842198108,43.35
2026-04-03 17:15:00+02:00,87.02417227692848,62.51
2026-04-03 17:30:00+02:00,90.39406927379295,73.99
2026-04-03 17:45:00+02:00,106.56183623939663,87.34
2026-04-03 18:00:00+02:00,83.99172557093937,77.03
2026-04-03 18:15:00+02:00,110.07713119551529,86.17
2026-04-03 18:30:00+02:00,117.87211241926032,93.29
2026-04-03 18:45:00+02:00,135.0966288241988,99.4
2026-04-03 19:00:00+02:00,113.49456568447613,96.85
2026-04-03 19:15:00+02:00,128.94246519111138,98.88
2026-04-03 19:30:00+02:00,131.0856398985297,101.61
2026-04-03 19:45:00+02:00,147.61624098379605,100.22
2026-04-03 20:00:00+02:00,138.8609582542287,103.64
2026-04-03 20:15:00+02:00,129.36611424148674,101.08
2026-04-03 20:30:00+02:00,125.65081640813128,94.07
2026-04-03 20:45:00+02:00,115.87861920563434,86.56
2026-04-03 21:00:00+02:00,128.37321095077505,94.01
2026-04-03 21:15:00+02:00,112.54638765170631,87.76
2026-04-03 21:30:00+02:00,104.01773573626639,79.06
2026-04-03 21:45:00+02:00,89.47266808246071,75.98
2026-04-03 22:00:00+02:00,107.41197326282634,89.35
2026-04-03 22:15:00+02:00,104.82780446378912,80.05
2026-04-03 22:30:00+02:00,93.84709492049674,79.98
2026-04-03 22:45:00+02:00,78.74272769453258,75.74
2026-04-03 23:00:00+02:00,98.95007598128484,78.19
2026-04-03 23:15:00+02:00,70.54148372765852,63.14
2026-04-03 23:30:00+02:00,66.32443939625516,50.49
2026-04-03 23:45:00+02:00,43.23618002300593,50.53
2026-04-04 00:00:00+02:00,45.66846315238848,12.44
2026-04-04 00:15:00+02:00,50.53004651974375,17.35
2026-04-04 00:30:00+02:00,46.4380169659053,4.76
2026-04-04 00:45:00+02:00,56.2621316146211,4.36
2026-04-04 01:00:00+02:00,48.112805837173255,14.23
2026-04-04 01:15:00+02:00,48.519219623297445,10.08
2026-04-04 01:30:00+02:00,53.023557530656255,9.26
2026-04-04 01:45:00+02:00,57.165910755935606,2.25
2026-04-04 02:00:00+02:00,51.9192323486076,10.73
2026-04-04 02:15:00+02:00,48.13585857593017,7.09
2026-04-04 02:30:00+02:00,49.463897752114654,3.81
2026-04-04 02:45:00+02:00,46.03750236022433,4.1
2026-04-04 03:00:00+02:00,47.97799730349654,0.38
2026-04-04 03:15:00+02:00,48.34492923710476,2.97
2026-04-04 03:30:00+02:00,49.86541884399703,2.04
2026-04-04 03:45:00+02:00,52.16533397104894,2.56
2026-04-04 04:00:00+02:00,50.059762416691115,4.43
2026-04-04 04:15:00+02:00,62.19525410607423,3.39
2026-04-04 04:30:00+02:00,52.96169394675005,9.29
2026-04-04 04:45:00+02:00,47.81306112804919,8.5
2026-04-04 05:00:00+02:00,48.6372700036397,13.39
2026-04-04 05:15:00+02:00,49.45828287048633,8.95
2026-04-04 05:30:00+02:00,48.976524816326645,10.1
2026-04-04 05:45:00+02:00,57.52982335601442,14.5
2026-04-04 06:00:00+02:00,51.53127566059132,7.77
2026-04-04 06:15:00+02:00,60.17210499992389,9.91
2026-04-04 06:30:00+02:00,74.75825013830298,15.03
2026-04-04 06:45:00+02:00,78.89494633480547,20.74
2026-04-04 07:00:00+02:00,81.59760388374195,19.9
2026-04-04 07:15:00+02:00,88.91903831670386,18.37
2026-04-04 07:30:00+02:00,75.76924777643379,23.46
2026-04-04 07:45:00+02:00,70.64160225422478,15.34
2026-04-04 08:00:00+02:00,87.07794173358229,21.88
2026-04-04 08:15:00+02:00,73.9781019246278,19.97
2026-04-04 08:30:00+02:00,68.33131875330025,16.03
2026-04-04 08:45:00+02:00,67.39847934916261,8.9
2026-04-04 09:00:00+02:00,65.07021003325585,12.98
2026-04-04 09:15:00+02:00,43.074978154182006,6.45
2026-04-04 09:30:00+02:00,30.302989072072535,4.51
2026-04-04 09:45:00+02:00,51.58423342084822,2.46
2026-04-04 10:00:00+02:00,28.3406128046921,3.94
2026-04-04 10:15:00+02:00,50.0562212251379,2.0
2026-04-04 10:30:00+02:00,48.84229072384459,1.3
2026-04-04 10:45:00+02:00,30.727520254478165,0.0
2026-04-04 11:00:00+02:00,56.900874170499,0.0
2026-04-04 11:15:00+02:00,37.50922226472206,-0.01
2026-04-04 11:30:00+02:00,36.16815243196591,-0.01
2026-04-04 11:45:00+02:00,27.188722169418426,-0.02
2026-04-04 12:00:00+02:00,38.41959534823246,-0.06
2026-04-04 12:15:00+02:00,31.02988377550868,-0.62
2026-04-04 12:30:00+02:00,22.981603015524165,-0.26
2026-04-04 12:45:00+02:00,17.921217200047565,-0.05
2026-04-04 13:00:00+02:00,23.15848845758402,-0.04
2026-04-04 13:15:00+02:00,19.391304950688166,-0.04
2026-04-04 13:30:00+02:00,11.087629211845865,-0.03
2026-04-04 13:45:00+02:00,7.303957896549797,-0.03
2026-04-04 14:00:00+02:00,9.343279438012836,-0.03
2026-04-04 14:15:00+02:00,0.2106137799007115,-0.02
2026-04-04 14:30:00+02:00,2.038745066993897,-0.01
2026-04-04 14:45:00+02:00,7.780661879752458,-0.01
2026-04-04 15:00:00+02:00,11.694133990958207,-0.01
2026-04-04 15:15:00+02:00,11.481556985412936,0.0
2026-04-04 15:30:00+02:00,28.16431481576521,0.0
2026-04-04 15:45:00+02:00,37.93806181231972,0.11
2026-04-04 16:00:00+02:00,22.591523307354223,0.0
2026-04-04 16:15:00+02:00,46.94091212808766,2.74
2026-04-04 16:30:00+02:00,65.91985661821298,6.63
2026-04-04 16:45:00+02:00,72.1108267696182,33.39
2026-04-04 17:00:00+02:00,68.29209401990958,13.39
2026-04-04 17:15:00+02:00,74.8484941307181,47.95
2026-04-04 17:30:00+02:00,87.97200315658225,91.14
2026-04-04 17:45:00+02:00,105.76259732857018,98.46
2026-04-04 18:00:00+02:00,95.87261359208654,61.62
2026-04-04 18:15:00+02:00,111.74092137975765,93.37
2026-04-04 18:30:00+02:00,108.02798119898738,120.98
2026-04-04 18:45:00+02:00,124.89794106719148,162.41
2026-04-04 19:00:00+02:00,120.61406959416482,127.98
2026-04-04 19:15:00+02:00,102.80832989036736,137.08
2026-04-04 19:30:00+02:00,119.64165881759081,165.87
2026-04-04 19:45:00+02:00,123.45939854708803,168.56
2026-04-04 20:00:00+02:00,125.98362295264107,174.95
2026-04-04 20:15:00+02:00,127.99251302416938,136.01
2026-04-04 20:30:00+02:00,125.81015225092438,127.14
2026-04-04 20:45:00+02:00,115.5441953045391,104.86
2026-04-04 21:00:00+02:00,121.85965676819355,134.01
2026-04-04 21:15:00+02:00,109.40960443328213,106.55
2026-04-04 21:30:00+02:00,101.73034906756864,96.06
2026-04-04 21:45:00+02:00,94.54643333596931,78.73
2026-04-04 22:00:00+02:00,115.96377205572425,109.81
2026-04-04 22:15:00+02:00,109.84777490277742,79.97
2026-04-04 22:30:00+02:00,92.71500267728277,64.54
2026-04-04 22:45:00+02:00,82.84687581197215,52.91
2026-04-04 23:00:00+02:00,105.14705001160436,67.09
2026-04-04 23:15:00+02:00,98.33917519506784,44.79
2026-04-04 23:30:00+02:00,97.7415387989507,33.4
2026-04-04 23:45:00+02:00,69.20218092188158,22.05
2026-04-05 00:00:00+02:00,59.43630642973429,2.29
2026-04-05 00:15:00+02:00,49.274211054347035,1.95
2026-04-05 00:30:00+02:00,48.05849448491525,0.0
2026-04-05 00:45:00+02:00,51.252776081490815,-0.01
2026-04-05 01:00:00+02:00,50.863539617244506,0.1
2026-04-05 01:15:00+02:00,52.6933681249316,0.0
2026-04-05 01:30:00+02:00,58.65641478920424,-0.02
2026-04-05 01:45:00+02:00,55.30340354053068,-0.1
2026-04-05 02:00:00+02:00,46.49114482845244,-0.07
2026-04-05 02:15:00+02:00,45.26610107781822,-0.18
2026-04-05 02:30:00+02:00,50.65612967415683,-0.2
2026-04-05 02:45:00+02:00,48.69496392385659,-1.0
2026-04-05 03:00:00+02:00,45.07838991302694,-0.71
2026-04-05 03:15:00+02:00,48.109994628968,-1.04
2026-04-05 03:30:00+02:00,48.89201875629663,-1.09
2026-04-05 03:45:00+02:00,36.67541203482144,-1.99
2026-04-05 04:00:00+02:00,52.769639549458304,-1.07
2026-04-05 04:15:00+02:00,43.467113255155326,-1.99
2026-04-05 04:30:00+02:00,39.271696793122466,-1.42
2026-04-05 04:45:00+02:00,40.232677071756605,-1.99
2026-04-05 05:00:00+02:00,43.40416057205844,-1.99
2026-04-05 05:15:00+02:00,39.59527762869303,-2.12
2026-04-05 05:30:00+02:00,36.56149076940691,-2.02
2026-04-05 05:45:00+02:00,57.682652781173594,-2.04
2026-04-05 06:00:00+02:00,47.395934344171515,-3.17
2026-04-05 06:15:00+02:00,52.02609743615698,-3.36
2026-04-05 06:30:00+02:00,55.59339664238696,-2.86
2026-04-05 06:45:00+02:00,50.944531550330495,-2.59
2026-04-05 07:00:00+02:00,83.01336598862858,-1.09
2026-04-05 07:15:00+02:00,59.02545468987613,-1.04
2026-04-05 07:30:00+02:00,44.26074252501225,-1.01
2026-04-05 07:45:00+02:00,47.0888023009029,-2.02
2026-04-05 08:00:00+02:00,74.16962414937943,-0.51
2026-04-05 08:15:00+02:00,42.60334172825688,-1.04
2026-04-05 08:30:00+02:00,36.862601468675365,-2.76
2026-04-05 08:45:00+02:00,38.71104864639814,-5.41
2026-04-05 09:00:00+02:00,37.91754045766636,-4.93
2026-04-05 09:15:00+02:00,21.680195142127047,-7.72
2026-04-05 09:30:00+02:00,16.679012799426104,-10.08
2026-04-05 09:45:00+02:00,6.363910567285899,-19.5
2026-04-05 10:00:00+02:00,12.48303026819434,-23.66
2026-04-05 10:15:00+02:00,12.58873847180351,-30.01
2026-04-05 10:30:00+02:00,0.40802396863612955,-46.2
2026-04-05 10:45:00+02:00,-5.282675667191313,-60.0
2026-04-05 11:00:00+02:00,-0.442814325244413,-60.0
2026-04-05 11:15:00+02:00,-3.147156930957678,-70.0
2026-04-05 11:30:00+02:00,-3.871789281683931,-74.0
2026-04-05 11:45:00+02:00,3.082271258780132,-81.37
2026-04-05 12:00:00+02:00,-3.3553577097156193,-74.06
2026-04-05 12:15:00+02:00,3.4230049293530485,-84.81
2026-04-05 12:30:00+02:00,6.236396972677952,-86.1
2026-04-05 12:45:00+02:00,6.106932353300579,-94.84
2026-04-05 13:00:00+02:00,2.0210479137279407,-99.52
2026-04-05 13:15:00+02:00,11.439080290536467,-103.17
2026-04-05 13:30:00+02:00,-2.4039223509719037,-110.44
2026-04-05 13:45:00+02:00,0.2305812986300495,-107.57
2026-04-05 14:00:00+02:00,3.891982660444853,-114.53
2026-04-05 14:15:00+02:00,7.857802692431655,-101.01
2026-04-05 14:30:00+02:00,0.5017200313399002,-93.78
2026-04-05 14:45:00+02:00,2.426788763055427,-85.5
2026-04-05 15:00:00+02:00,4.973703185612024,-80.0
2026-04-05 15:15:00+02:00,4.609773511144809,-73.74
2026-04-05 15:30:00+02:00,10.59918681710515,-63.93
2026-04-05 15:45:00+02:00,39.80332086641383,-49.96
2026-04-05 16:00:00+02:00,16.42400856830419,-49.93
2026-04-05 16:15:00+02:00,28.189500147963926,-30.0
2026-04-05 16:30:00+02:00,43.1063020575488,-24.96
2026-04-05 16:45:00+02:00,61.16916042708718,-15.03
2026-04-05 17:00:00+02:00,55.88878446510299,-14.99
2026-04-05 17:15:00+02:00,83.84036825560419,-6.82
2026-04-05 17:30:00+02:00,88.97046510193233,-3.45
2026-04-05 17:45:00+02:00,105.75577636767629,-1.09
2026-04-05 18:00:00+02:00,79.79340194156555,-2.14
2026-04-05 18:15:00+02:00,104.47141187651403,-0.92
2026-04-05 18:30:00+02:00,134.32080606220268,0.0
2026-04-05 18:45:00+02:00,146.65381535948282,2.65
2026-04-05 19:00:00+02:00,138.93526639591377,4.5
2026-04-05 19:15:00+02:00,129.05868135928554,14.01
2026-04-05 19:30:00+02:00,141.90004549926962,29.91
2026-04-05 19:45:00+02:00,151.2912964775358,31.75
2026-04-05 20:00:00+02:00,128.70429934012378,29.87
2026-04-05 20:15:00+02:00,111.36969661950411,32.61
2026-04-05 20:30:00+02:00,105.80125869621477,34.72
2026-04-05 20:45:00+02:00,93.18624576272069,36.2
2026-04-05 21:00:00+02:00,112.56416528735227,36.33
2026-04-05 21:15:00+02:00,94.42500894933227,33.07
2026-04-05 21:30:00+02:00,85.65580844849482,31.4
2026-04-05 21:45:00+02:00,81.90478185295547,20.02
2026-04-05 22:00:00+02:00,100.24275145223683,35.72
2026-04-05 22:15:00+02:00,81.37164394749327,30.95
2026-04-05 22:30:00+02:00,78.50199613671958,32.92
2026-04-05 22:45:00+02:00,63.66847183901483,21.92
2026-04-05 23:00:00+02:00,83.04756910294303,34.15
2026-04-05 23:15:00+02:00,63.37520421661218,22.28
2026-04-05 23:30:00+02:00,60.13752127577676,12.96
2026-04-05 23:45:00+02:00,53.715105743702495,6.7
2026-04-06 00:00:00+02:00,28.719853120813696,3.99
2026-04-06 00:15:00+02:00,33.533017313308406,3.95
2026-04-06 00:30:00+02:00,22.109271475830056,2.47
2026-04-06 00:45:00+02:00,25.55500225037366,2.55
2026-04-06 01:00:00+02:00,25.76205237023383,3.18
2026-04-06 01:15:00+02:00,20.98639292325123,2.45
2026-04-06 01:30:00+02:00,21.37071808949004,1.59
2026-04-06 01:45:00+02:00,28.293585547278838,0.72
2026-04-06 02:00:00+02:00,17.146466290291272,1.61
2026-04-06 02:15:00+02:00,17.076419864907606,1.17
2026-04-06 02:30:00+02:00,20.807443202778416,0.9
2026-04-06 02:45:00+02:00,35.78576047194809,0.48
2026-04-06 03:00:00+02:00,24.700997796498584,1.38
2026-04-06 03:15:00+02:00,29.285546614587247,1.34
2026-04-06 03:30:00+02:00,38.01711102419967,1.36
2026-04-06 03:45:00+02:00,38.01528711916954,1.36
2026-04-06 04:00:00+02:00,33.83262468910216,0.66
2026-04-06 04:15:00+02:00,37.99646440679762,0.99
2026-04-06 04:30:00+02:00,44.45743254686885,1.59
2026-04-06 04:45:00+02:00,41.6026496782237,1.0
2026-04-06 05:00:00+02:00,48.49396312252162,2.49
2026-04-06 05:15:00+02:00,41.66106305492798,2.5
2026-04-06 05:30:00+02:00,38.54993346218514,2.11
2026-04-06 05:45:00+02:00,41.57395633201966,1.34
2026-04-06 06:00:00+02:00,52.71052236802027,2.44
2026-04-06 06:15:00+02:00,45.65773795481449,2.12
2026-04-06 06:30:00+02:00,51.514669204158814,2.07
2026-04-06 06:45:00+02:00,49.130346306592074,1.31
2026-04-06 07:00:00+02:00,62.519748760783216,2.44
2026-04-06 07:15:00+02:00,64.50031964312456,1.56
2026-04-06 07:30:00+02:00,53.980346356759796,1.33
2026-04-06 07:45:00+02:00,23.411999766926343,0.0
2026-04-06 08:00:00+02:00,46.707779426287786,-0.01
2026-04-06 08:15:00+02:00,29.33271491852183,-0.02
2026-04-06 08:30:00+02:00,30.02077246754719,-1.01
2026-04-06 08:45:00+02:00,20.094056922359428,-2.73
2026-04-06 09:00:00+02:00,25.93630002792179,-6.1
2026-04-06 09:15:00+02:00,13.91286397856976,-9.95
2026-04-06 09:30:00+02:00,6.026871027449658,-13.36
2026-04-06 09:45:00+02:00,3.8059677042841713,-15.01
2026-04-06 10:00:00+02:00,9.340486851284822,-15.01
2026-04-06 10:15:00+02:00,7.568164966094187,-19.98
2026-04-06 10:30:00+02:00,-1.6147441959800233,-26.6
2026-04-06 10:45:00+02:00,0.9322683837114596,-42.42
2026-04-06 11:00:00+02:00,-17.84865369752977,-41.7
2026-04-06 11:15:00+02:00,-3.0118490141558,-55.01
2026-04-06 11:30:00+02:00,-7.364578881129489,-68.34
2026-04-06 11:45:00+02:00,-4.135094754599088,-73.99
2026-04-06 12:00:00+02:00,-14.10686413642243,-53.05
2026-04-06 12:15:00+02:00,-8.517767168020029,-82.77
2026-04-06 12:30:00+02:00,-9.03529226001013,-87.42
2026-04-06 12:45:00+02:00,-7.570426438393554,-94.82
2026-04-06 13:00:00+02:00,-6.037157082090992,-105.25
2026-04-06 13:15:00+02:00,-7.933532787386774,-116.16
2026-04-06 13:30:00+02:00,-2.3138545500943977,-134.09
2026-04-06 13:45:00+02:00,-5.714627999603167,-147.05
2026-04-06 14:00:00+02:00,-1.1183051605946517,-136.89
2026-04-06 14:15:00+02:00,-2.8284262699762763,-127.89
2026-04-06 14:30:00+02:00,-11.425086443965583,-123.06
2026-04-06 14:45:00+02:00,-16.86899822216168,-106.3
2026-04-06 15:00:00+02:00,-10.882945127410608,-114.53
2026-04-06 15:15:00+02:00,-8.22181049862553,-90.0
2026-04-06 15:30:00+02:00,8.910188555218326,-74.0
2026-04-06 15:45:00+02:00,26.417479873041884,-59.94
2026-04-06 16:00:00+02:00,21.316422297203047,-59.0
2026-04-06 16:15:00+02:00,34.32071342518441,-33.0
2026-04-06 16:30:00+02:00,50.336408930617736,-15.87
2026-04-06 16:45:00+02:00,69.52276725842526,-7.01
2026-04-06 17:00:00+02:00,49.659252917295156,-13.29
2026-04-06 17:15:00+02:00,66.62416593190856,-6.58
2026-04-06 17:30:00+02:00,99.63533728343458,-3.33
2026-04-06 17:45:00+02:00,128.50587628643905,0.76
2026-04-06 18:00:00+02:00,85.10981120623143,0.0
2026-04-06 18:15:00+02:00,125.00459376790218,9.99
2026-04-06 18:30:00+02:00,138.0222772680979,73.31
2026-04-06 18:45:00+02:00,131.34194887863865,111.2
2026-04-06 19:00:00+02:00,140.81258859804518,93.45
2026-04-06 19:15:00+02:00,134.46998490351646,110.02
2026-04-06 19:30:00+02:00,132.63623149464343,111.45
2026-04-06 19:45:00+02:00,132.62620540427574,115.83
2026-04-06 20:00:00+02:00,142.91207211670562,117.57
2026-04-06 20:15:00+02:00,134.34874397116982,117.29
2026-04-06 20:30:00+02:00,138.05890564023414,117.27
2026-04-06 20:45:00+02:00,129.0322175728019,111.89
2026-04-06 21:00:00+02:00,132.18431564730662,111.08
2026-04-06 21:15:00+02:00,126.25833365784251,111.01
2026-04-06 21:30:00+02:00,121.27827365489912,108.59
2026-04-06 21:45:00+02:00,117.38425886037768,106.21
2026-04-06 22:00:00+02:00,122.5040864315306,121.5
2026-04-06 22:15:00+02:00,116.93119935575555,117.35
2026-04-06 22:30:00+02:00,110.33829820386973,111.76
2026-04-06 22:45:00+02:00,105.49117874446661,104.78
2026-04-06 23:00:00+02:00,111.6828728920844,116.59
2026-04-06 23:15:00+02:00,106.22871680033758,110.63
2026-04-06 23:30:00+02:00,97.72932397822854,106.81
2026-04-06 23:45:00+02:00,95.12750095717412,101.19
2026-04-07 00:00:00+02:00,114.05253137913449,107.54
2026-04-07 00:15:00+02:00,109.15908187588494,107.23
2026-04-07 00:30:00+02:00,101.39218372884956,107.19
2026-04-07 00:45:00+02:00,97.59105773104262,103.64
2026-04-07 01:00:00+02:00,104.14607331065152,104.28
2026-04-07 01:15:00+02:00,100.0742647305133,101.74
2026-04-07 01:30:00+02:00,100.30187454412942,100.63
2026-04-07 01:45:00+02:00,99.59183043727737,98.53
2026-04-07 02:00:00+02:00,101.91895632707056,102.44
2026-04-07 02:15:00+02:00,100.74233109369058,101.96
2026-04-07 02:30:00+02:00,101.76817993786703,101.25
2026-04-07 02:45:00+02:00,100.5644577792191,100.94
2026-04-07 03:00:00+02:00,99.59706123236603,101.96
2026-04-07 03:15:00+02:00,97.92007212364625,101.63
2026-04-07 03:30:00+02:00,99.45220236944697,102.24
2026-04-07 03:45:00+02:00,99.08416962991573,103.29
2026-04-07 04:00:00+02:00,104.91071878105686,100.28
2026-04-07 04:15:00+02:00,105.31842696494313,103.31
2026-04-07 04:30:00+02:00,105.99818552911022,103.5
2026-04-07 04:45:00+02:00,110.0617526740612,113.45
2026-04-07 05:00:00+02:00,104.86753779811814,109.39
2026-04-07 05:15:00+02:00,109.3868255619767,109.21
2026-04-07 05:30:00+02:00,125.50759268934229,124.0
2026-04-07 05:45:00+02:00,131.5968147069859,128.47
2026-04-07 06:00:00+02:00,119.42701805398418,118.59
2026-04-07 06:15:00+02:00,141.9804362260975,138.13
2026-04-07 06:30:00+02:00,161.27481211474313,149.94
2026-04-07 06:45:00+02:00,136.53696887633936,168.99
2026-04-07 07:00:00+02:00,172.3122091678852,210.34
2026-04-07 07:15:00+02:00,166.13825331724527,204.84
2026-04-07 07:30:00+02:00,146.5121794189163,169.23
2026-04-07 07:45:00+02:00,141.0879233269063,128.64
2026-04-07 08:00:00+02:00,187.1865877945378,198.98
2026-04-07 08:15:00+02:00,156.54964313871176,137.87
2026-04-07 08:30:00+02:00,133.71546355646586,101.59
2026-04-07 08:45:00+02:00,100.66937850327714,72.99
2026-04-07 09:00:00+02:00,129.22318074366322,128.73
2026-04-07 09:15:00+02:00,121.30648530918572,88.41
2026-04-07 09:30:00+02:00,104.23781102636624,71.0
2026-04-07 09:45:00+02:00,71.6249854210531,39.07
2026-04-07 10:00:00+02:00,107.63851017525238,69.3
2026-04-07 10:15:00+02:00,80.18308675054368,27.59
2026-04-07 10:30:00+02:00,67.3251413811609,2.67
2026-04-07 10:45:00+02:00,47.88843814461358,-0.01
2026-04-07 11:00:00+02:00,55.14460386883646,1.06
2026-04-07 11:15:00+02:00,28.966165736199272,0.0
2026-04-07 11:30:00+02:00,13.545500719168324,-0.09
2026-04-07 11:45:00+02:00,8.599985562812066,-1.0
2026-04-07 12:00:00+02:00,22.83181158220212,-0.2
2026-04-07 12:15:00+02:00,9.631782586312575,-1.99
2026-04-07 12:30:00+02:00,5.110766887645944,-4.74
2026-04-07 12:45:00+02:00,12.471653887639384,-5.11
2026-04-07 13:00:00+02:00,4.776717127755305,-6.1
2026-04-07 13:15:00+02:00,9.089571391020847,-9.94
2026-04-07 13:30:00+02:00,6.872990375773732,-14.06
2026-04-07 13:45:00+02:00,1.5066928922639704,-15.05
2026-04-07 14:00:00+02:00,-4.672732360277074,-15.07
2026-04-07 14:15:00+02:00,0.24347769746213999,-14.65
2026-04-07 14:30:00+02:00,4.831378587718504,-10.09
2026-04-07 14:45:00+02:00,8.148238654447596,-5.11
2026-04-07 15:00:00+02:00,1.103628211530463,-12.27
2026-04-07 15:15:00+02:00,19.125943564047304,-4.3
2026-04-07 15:30:00+02:00,26.78762019294679,-0.24
2026-04-07 15:45:00+02:00,39.78053214826308,-0.01
2026-04-07 16:00:00+02:00,24.679895458100006,-1.42
2026-04-07 16:15:00+02:00,70.34475907726888,-0.01
2026-04-07 16:30:00+02:00,65.89630265293985,0.01
2026-04-07 16:45:00+02:00,83.49416620274656,16.62
2026-04-07 17:00:00+02:00,78.3938430654236,11.59
2026-04-07 17:15:00+02:00,68.79274926873822,69.85
2026-04-07 17:30:00+02:00,116.55750165307568,102.65
2026-04-07 17:45:00+02:00,146.080335499349,135.52
2026-04-07 18:00:00+02:00,113.55918154306276,91.25
2026-04-07 18:15:00+02:00,135.76883098003998,124.79
2026-04-07 18:30:00+02:00,151.50078021074748,140.68
2026-04-07 18:45:00+02:00,181.20649689115686,195.26
2026-04-07 19:00:00+02:00,146.9407431306789,148.71
2026-04-07 19:15:00+02:00,165.59857323955632,179.96
2026-04-07 19:30:00+02:00,161.93978110191986,218.59
2026-04-07 19:45:00+02:00,160.05329286506057,228.85
2026-04-07 20:00:00+02:00,168.98849573965947,228.39
2026-04-07 20:15:00+02:00,159.11440709207307,213.51
2026-04-07 20:30:00+02:00,144.30669113933476,171.11
2026-04-07 20:45:00+02:00,141.19463945861165,142.52
2026-04-07 21:00:00+02:00,153.6430501523696,172.55
2026-04-07 21:15:00+02:00,140.04802208103655,145.31
2026-04-07 21:30:00+02:00,134.76642662298335,137.21
2026-04-07 21:45:00+02:00,122.77288661543636,120.94
2026-04-07 22:00:00+02:00,140.5411601022829,135.5
2026-04-07 22:15:00+02:00,135.32426866742938,129.01
2026-04-07 22:30:00+02:00,129.33534491719445,130.55
2026-04-07 22:45:00+02:00,120.56494755059157,120.98
2026-04-07 23:00:00+02:00,121.41344190815111,127.88
2026-04-07 23:15:00+02:00,110.79786725877719,117.72
2026-04-07 23:30:00+02:00,115.16989653251501,114.54
2026-04-07 23:45:00+02:00,104.91146780068642,112.66
2026-04-08 00:00:00+02:00,121.1766685291905,115.57
2026-04-08 00:15:00+02:00,115.70851041653927,108.22
2026-04-08 00:30:00+02:00,111.98572005417464,103.78
2026-04-08 00:45:00+02:00,110.14473771480974,101.11
2026-04-08 01:00:00+02:00,113.72302462059963,103.93
2026-04-08 01:15:00+02:00,111.1090796938366,103.0
2026-04-08 01:30:00+02:00,111.30807562134203,101.59
2026-04-08 01:45:00+02:00,106.62977102867896,100.32
2026-04-08 02:00:00+02:00,112.06011152099383,101.98
2026-04-08 02:15:00+02:00,108.8536544402527,100.09
2026-04-08 02:30:00+02:00,109.56472030926695,100.37
2026-04-08 02:45:00+02:00,110.39022657725627,100.84
2026-04-08 03:00:00+02:00,107.60725087741667,102.32
2026-04-08 03:15:00+02:00,109.29419448436539,102.38
2026-04-08 03:30:00+02:00,111.301852984397,103.94
2026-04-08 03:45:00+02:00,112.09520288599538,105.35
2026-04-08 04:00:00+02:00,110.1231559041266,102.32
2026-04-08 04:15:00+02:00,108.32980009899165,104.68
2026-04-08 04:30:00+02:00,112.25364128478236,109.38
2026-04-08 04:45:00+02:00,116.61645974046195,113.67
2026-04-08 05:00:00+02:00,113.83401158200795,103.84
2026-04-08 05:15:00+02:00,115.56848102289102,112.3
2026-04-08 05:30:00+02:00,125.33848395303764,117.89
2026-04-08 05:45:00+02:00,135.93282064601578,133.68
2026-04-08 06:00:00+02:00,123.72540163804271,123.39
2026-04-08 06:15:00+02:00,144.05935638122259,141.24
2026-04-08 06:30:00+02:00,160.20758176017034,164.68
2026-04-08 06:45:00+02:00,164.80910810760162,169.87
2026-04-08 07:00:00+02:00,203.66233227610178,186.79
2026-04-08 07:15:00+02:00,185.5674701879289,184.81
2026-04-08 07:30:00+02:00,162.3056338815864,168.0
2026-04-08 07:45:00+02:00,136.25873887079558,135.59
2026-04-08 08:00:00+02:00,184.69386226639475,185.94
2026-04-08 08:15:00+02:00,154.5318309338266,141.77
2026-04-08 08:30:00+02:00,115.39712983609128,127.79
2026-04-08 08:45:00+02:00,86.70187805787087,98.53
2026-04-08 09:00:00+02:00,134.87340587885768,134.37
2026-04-08 09:15:00+02:00,113.29859833576873,105.99
2026-04-08 09:30:00+02:00,103.65887628623236,87.5
2026-04-08 09:45:00+02:00,72.91462260833956,61.94
2026-04-08 10:00:00+02:00,93.17162583758821,102.36
2026-04-08 10:15:00+02:00,73.24336286174356,75.99
2026-04-08 10:30:00+02:00,69.9237532442455,26.13
2026-04-08 10:45:00+02:00,37.055598263194526,0.0
2026-04-08 11:00:00+02:00,66.95094676875915,5.9
2026-04-08 11:15:00+02:00,39.464353660668195,-0.01
2026-04-08 11:30:00+02:00,34.37354244647425,-1.09
2026-04-08 11:45:00+02:00,22.70746997683832,-5.0
2026-04-08 12:00:00+02:00,38.35645483522056,-5.3
2026-04-08 12:15:00+02:00,25.926798268584385,-18.71
2026-04-08 12:30:00+02:00,13.667736416262123,-21.57
2026-04-08 12:45:00+02:00,-5.543495246309412,-29.73
2026-04-08 13:00:00+02:00,7.500135929783497,-26.72
2026-04-08 13:15:00+02:00,-4.9403030259754175,-30.91
2026-04-08 13:30:00+02:00,-12.782780688550424,-33.56
2026-04-08 13:45:00+02:00,-18.571727025731747,-39.93
2026-04-08 14:00:00+02:00,-16.447784901066512,-34.0
2026-04-08 14:15:00+02:00,-19.605455655578538,-33.0
2026-04-08 14:30:00+02:00,-7.063441630357659,-29.99
2026-04-08 14:45:00+02:00,-12.52841044269168,-21.95
2026-04-08 15:00:00+02:00,-18.004598029458407,-23.03
2026-04-08 15:15:00+02:00,-8.125526415128405,-18.1
2026-04-08 15:30:00+02:00,3.910219269771602,-10.4
2026-04-08 15:45:00+02:00,11.501001679058106,-1.09
2026-04-08 16:00:00+02:00,16.642716228952906,-5.89
2026-04-08 16:15:00+02:00,41.8162597917976,-0.01
2026-04-08 16:30:00+02:00,21.63581737292563,1.36
2026-04-08 16:45:00+02:00,53.10987726584011,57.95
2026-04-08 17:00:00+02:00,41.96363232959638,30.08
2026-04-08 17:15:00+02:00,72.7194817215173,85.64
2026-04-08 17:30:00+02:00,92.20925302564811,113.24
2026-04-08 17:45:00+02:00,129.98199463071327,138.54
2026-04-08 18:00:00+02:00,85.38405140481817,109.9
2026-04-08 18:15:00+02:00,116.16255358704855,126.08
2026-04-08 18:30:00+02:00,140.7998659427304,137.92
2026-04-08 18:45:00+02:00,157.46917740460333,163.09
2026-04-08 19:00:00+02:00,143.53954184605504,145.95
2026-04-08 19:15:00+02:00,152.16390446545853,167.02
2026-04-08 19:30:00+02:00,165.69252312214667,181.67
2026-04-08 19:45:00+02:00,176.28555546334422,185.39
2026-04-08 20:00:00+02:00,163.595788147775,201.01
2026-04-08 20:15:00+02:00,145.0095202296759,163.56
2026-04-08 20:30:00+02:00,126.07949639685073,142.67
2026-04-08 20:45:00+02:00,109.89699371970565,134.97
2026-04-08 21:00:00+02:00,125.7681339243126,154.93
2026-04-08 21:15:00+02:00,107.25882879944405,141.68
2026-04-08 21:30:00+02:00,106.18435951122387,134.8
2026-04-08 21:45:00+02:00,103.5885850003125,117.0
2026-04-08 22:00:00+02:00,111.9435524188743,127.3
2026-04-08 22:15:00+02:00,104.75798622693662,122.59
2026-04-08 22:30:00+02:00,107.92853732399077,121.16
2026-04-08 22:45:00+02:00,102.73298055974566,114.52
2026-04-08 23:00:00+02:00,108.46093421337906,117.37
2026-04-08 23:15:00+02:00,100.76905637794076,110.95
2026-04-08 23:30:00+02:00,97.93972156179204,107.75
2026-04-08 23:45:00+02:00,83.6981998276583,101.83
2026-04-09 00:00:00+02:00,118.49225969583532,109.56
2026-04-09 00:15:00+02:00,110.75667557446384,105.54
2026-04-09 00:30:00+02:00,107.53099808211931,103.09
2026-04-09 00:45:00+02:00,101.64491408067832,101.4
2026-04-09 01:00:00+02:00,105.21153204175803,101.87
2026-04-09 01:15:00+02:00,103.20359914294428,101.42
2026-04-09 01:30:00+02:00,103.1115723599032,100.8
2026-04-09 01:45:00+02:00,105.10843986343063,100.32
2026-04-09 02:00:00+02:00,104.07523320192519,100.81
2026-04-09 02:15:00+02:00,101.99831427029144,100.81
2026-04-09 02:30:00+02:00,99.07261228204901,101.2
2026-04-09 02:45:00+02:00,99.51566765254009,101.56
2026-04-09 03:00:00+02:00,99.85013759534567,100.74
2026-04-09 03:15:00+02:00,99.35440797310451,101.5
2026-04-09 03:30:00+02:00,100.15925893371852,101.95
2026-04-09 03:45:00+02:00,99.61451567565142,103.26
2026-04-09 04:00:00+02:00,100.59082640777812,99.8
2026-04-09 04:15:00+02:00,101.30832094763413,102.4
2026-04-09 04:30:00+02:00,99.79035866336264,105.36
2026-04-09 04:45:00+02:00,100.99276134311341,112.84
2026-04-09 05:00:00+02:00,100.05189770591953,105.09
2026-04-09 05:15:00+02:00,98.59162717681268,110.32
2026-04-09 05:30:00+02:00,104.81528779069566,119.61
2026-04-09 05:45:00+02:00,114.41920855392098,128.47
2026-04-09 06:00:00+02:00,112.81426828727763,118.55
2026-04-09 06:15:00+02:00,117.42837725729576,131.63
2026-04-09 06:30:00+02:00,128.35533660053076,142.8
2026-04-09 06:45:00+02:00,143.79335802470294,148.2
2026-04-09 07:00:00+02:00,142.507237712711,156.25
2026-04-09 07:15:00+02:00,147.3961241077073,154.83
2026-04-09 07:30:00+02:00,141.82785216780084,146.39
2026-04-09 07:45:00+02:00,126.25537341874413,128.93
2026-04-09 08:00:00+02:00,151.66317852003436,158.75
2026-04-09 08:15:00+02:00,135.8450990509632,135.8
2026-04-09 08:30:00+02:00,120.15513306398861,119.69
2026-04-09 08:45:00+02:00,96.6255048001686,98.12
2026-04-09 09:00:00+02:00,135.45777751064495,131.7
2026-04-09 09:15:00+02:00,106.47763107931854,108.58
2026-04-09 09:30:00+02:00,81.84760725530775,89.56
2026-04-09 09:45:00+02:00,63.367373250278526,68.86
2026-04-09 10:00:00+02:00,93.21605724799879,88.44
2026-04-09 10:15:00+02:00,40.63108753907835,74.85
2026-04-09 10:30:00+02:00,14.225024248207234,47.09
2026-04-09 10:45:00+02:00,1.011007654542425,9.61
2026-04-09 11:00:00+02:00,6.584213162840541,4.83
2026-04-09 11:15:00+02:00,1.14616458270919,0.01
2026-04-09 11:30:00+02:00,-1.8214557531436668,0.0
2026-04-09 11:45:00+02:00,-8.620999749216963,-0.01
2026-04-09 12:00:00+02:00,-1.759407612446907,-0.01
2026-04-09 12:15:00+02:00,-10.028167453577595,-0.1
2026-04-09 12:30:00+02:00,-17.108633708442127,-1.09
2026-04-09 12:45:00+02:00,-23.809187074462756,-2.92
2026-04-09 13:00:00+02:00,-20.861558928631922,-3.0
2026-04-09 13:15:00+02:00,-31.96202422200099,-5.16
2026-04-09 13:30:00+02:00,-28.95176202200919,-9.96
2026-04-09 13:45:00+02:00,-32.878374417808175,-13.34
2026-04-09 14:00:00+02:00,-32.50938337021067,-10.25
2026-04-09 14:15:00+02:00,-25.44286457131208,-9.99
2026-04-09 14:30:00+02:00,-19.911281295477252,-7.17
2026-04-09 14:45:00+02:00,-5.962274741725011,-5.14
2026-04-09 15:00:00+02:00,-16.026898836739065,-2.99
2026-04-09 15:15:00+02:00,-3.5684769508466303,-1.2
2026-04-09 15:30:00+02:00,-6.241413597341662,-0.93
2026-04-09 15:45:00+02:00,-5.6085537031078445,-0.09
2026-04-09 16:00:00+02:00,0.9391584333910856,-0.01
2026-04-09 16:15:00+02:00,3.676055185167513,3.68
2026-04-09 16:30:00+02:00,35.38128071146747,33.41
2026-04-09 16:45:00+02:00,68.3678153153834,71.24
2026-04-09 17:00:00+02:00,35.11901198284485,27.4
2026-04-09 17:15:00+02:00,75.4256231688653,77.85
2026-04-09 17:30:00+02:00,96.59666443520429,100.71
2026-04-09 17:45:00+02:00,105.60120366168744,124.15
2026-04-09 18:00:00+02:00,87.55242230075218,90.66
2026-04-09 18:15:00+02:00,90.77101708217046,111.65
2026-04-09 18:30:00+02:00,106.91879101483258,126.24
2026-04-09 18:45:00+02:00,123.68912676841276,132.87
2026-04-09 19:00:00+02:00,132.89180806754655,129.26
2026-04-09 19:15:00+02:00,124.29165382230988,132.5
2026-04-09 19:30:00+02:00,130.73158683205696,143.54
2026-04-09 19:45:00+02:00,134.85293051975518,143.37
2026-04-09 20:00:00+02:00,118.12877279256632,154.12
2026-04-09 20:15:00+02:00,122.61322205135878,129.49
2026-04-09 20:30:00+02:00,125.05216677392795,119.65
2026-04-09 20:45:00+02:00,118.8395860779513,106.04
2026-04-09 21:00:00+02:00,127.16253838499703,131.9
2026-04-09 21:15:00+02:00,117.28728496592686,120.15
2026-04-09 21:30:00+02:00,103.30864034194272,105.48
2026-04-09 21:45:00+02:00,99.12041134084475,86.27
2026-04-09 22:00:00+02:00,114.16262128201997,109.52
2026-04-09 22:15:00+02:00,101.63541085163538,104.84
2026-04-09 22:30:00+02:00,102.7685230417038,98.23
2026-04-09 22:45:00+02:00,99.40900424770109,88.33
2026-04-09 23:00:00+02:00,101.15232121190455,90.31
2026-04-09 23:15:00+02:00,93.89247025731288,85.51
2026-04-09 23:30:00+02:00,93.58790457771045,79.69
2026-04-09 23:45:00+02:00,86.5294017719754,68.7
2026-04-10 00:00:00+02:00,74.20242629333062,85.57
2026-04-10 00:15:00+02:00,73.4061392707952,81.9
2026-04-10 00:30:00+02:00,70.3187030395228,80.25
2026-04-10 00:45:00+02:00,77.69845616927132,79.8
2026-04-10 01:00:00+02:00,73.8500752765325,81.0
2026-04-10 01:15:00+02:00,76.59803469873307,79.86
2026-04-10 01:30:00+02:00,79.46172827762297,78.42
2026-04-10 01:45:00+02:00,69.9066634718468,78.0
2026-04-10 02:00:00+02:00,78.42201601168928,81.11
2026-04-10 02:15:00+02:00,71.54524125200923,78.58
2026-04-10 02:30:00+02:00,79.05620077896549,78.45
2026-04-10 02:45:00+02:00,79.38599448771677,77.18
2026-04-10 03:00:00+02:00,83.63254295391543,78.49
2026-04-10 03:15:00+02:00,83.20893255394897,78.71
2026-04-10 03:30:00+02:00,83.75800234403887,78.94
2026-04-10 03:45:00+02:00,82.24950238903507,78.07
2026-04-10 04:00:00+02:00,74.84684011166712,78.27
2026-04-10 04:15:00+02:00,80.06560969071104,80.58
2026-04-10 04:30:00+02:00,81.77616685148436,80.84
2026-04-10 04:45:00+02:00,87.87621306394789,84.8
2026-04-10 05:00:00+02:00,82.04396205841198,81.92
2026-04-10 05:15:00+02:00,85.93414224232843,88.08
2026-04-10 05:30:00+02:00,97.10998958234015,86.61
2026-04-10 05:45:00+02:00,114.19043149770997,98.46
2026-04-10 06:00:00+02:00,85.79728178822265,89.88
2026-04-10 06:15:00+02:00,115.11931619413576,118.01
2026-04-10 06:30:00+02:00,136.42337539054805,116.62
2026-04-10 06:45:00+02:00,136.47453150764545,124.12
2026-04-10 07:00:00+02:00,147.49019925100941,127.41
2026-04-10 07:15:00+02:00,150.54491166154003,129.2
2026-04-10 07:30:00+02:00,129.07939246713153,126.21
2026-04-10 07:45:00+02:00,115.25359156495959,122.93
2026-04-10 08:00:00+02:00,169.7779439790952,132.29
2026-04-10 08:15:00+02:00,120.78328951541877,127.2
2026-04-10 08:30:00+02:00,119.42835940073631,123.01
2026-04-10 08:45:00+02:00,109.64093397186456,110.14
2026-04-10 09:00:00+02:00,130.76668503697962,131.18
2026-04-10 09:15:00+02:00,119.02778416734319,119.53
2026-04-10 09:30:00+02:00,110.55626061008415,117.11
2026-04-10 09:45:00+02:00,98.89189514507322,109.24
2026-04-10 10:00:00+02:00,110.2455763592778,118.68
2026-04-10 10:15:00+02:00,92.2977434310855,110.78
2026-04-10 10:30:00+02:00,93.09855196038562,111.0
2026-04-10 10:45:00+02:00,89.50675498771669,98.9
2026-04-10 11:00:00+02:00,81.79619843012564,110.21
2026-04-10 11:15:00+02:00,81.71256738132888,102.57
2026-04-10 11:30:00+02:00,84.22288840275779,100.18
2026-04-10 11:45:00+02:00,80.37810283003806,99.0
2026-04-10 12:00:00+02:00,93.41913653807003,95.48
2026-04-10 12:15:00+02:00,70.67688356617786,88.48
2026-04-10 12:30:00+02:00,74.15704119036923,96.02
2026-04-10 12:45:00+02:00,68.22029759981089,88.38
2026-04-10 13:00:00+02:00,62.41514713184474,96.11
2026-04-10 13:15:00+02:00,56.77257826092141,87.94
2026-04-10 13:30:00+02:00,40.17223670630449,84.89
2026-04-10 13:45:00+02:00,31.58296823773583,86.81
2026-04-10 14:00:00+02:00,41.258243856748145,87.91
2026-04-10 14:15:00+02:00,48.86585677669609,85.68
2026-04-10 14:30:00+02:00,65.16731395106498,88.06
2026-04-10 14:45:00+02:00,59.580167029322126,87.95
2026-04-10 15:00:00+02:00,60.21593529062703,86.52
2026-04-10 15:15:00+02:00,81.42593091807286,94.04
2026-04-10 15:30:00+02:00,88.84511410865133,97.13
2026-04-10 15:45:00+02:00,103.6584250320274,98.38
2026-04-10 16:00:00+02:00,72.66612275466622,94.6
2026-04-10 16:15:00+02:00,93.27721159144551,104.03
2026-04-10 16:30:00+02:00,93.74631345790377,112.85
2026-04-10 16:45:00+02:00,102.29135763377136,123.64
2026-04-10 17:00:00+02:00,89.93170580446345,110.2
2026-04-10 17:15:00+02:00,103.35024237766007,123.0
2026-04-10 17:30:00+02:00,127.32635639811575,131.13
2026-04-10 17:45:00+02:00,135.39709357829062,156.08
2026-04-10 18:00:00+02:00,115.33099363010255,128.1
2026-04-10 18:15:00+02:00,134.29876242253755,134.44
2026-04-10 18:30:00+02:00,143.8484207914632,154.01
2026-04-10 18:45:00+02:00,163.71110643509263,204.61
2026-04-10 19:00:00+02:00,159.22681368815313,165.53
2026-04-10 19:15:00+02:00,160.86029267881852,193.17
2026-04-10 19:30:00+02:00,156.71223233157656,237.77
2026-04-10 19:45:00+02:00,165.1163377685861,314.6
2026-04-10 20:00:00+02:00,173.71663118320885,272.0
2026-04-10 20:15:00+02:00,155.15325848243316,259.0
2026-04-10 20:30:00+02:00,147.39771378105738,239.53
2026-04-10 20:45:00+02:00,135.04176543841865,209.93
2026-04-10 21:00:00+02:00,147.4199828975474,215.66
2026-04-10 21:15:00+02:00,141.82220833284111,177.03
2026-04-10 21:30:00+02:00,136.6496843182329,167.0
2026-04-10 21:45:00+02:00,122.46227145572483,146.22
2026-04-10 22:00:00+02:00,142.44324125090347,168.53
2026-04-10 22:15:00+02:00,131.5433569854943,152.51
2026-04-10 22:30:00+02:00,129.5958811549565,144.06
2026-04-10 22:45:00+02:00,119.11948074673141,132.12
2026-04-10 23:00:00+02:00,133.964927913796,137.88
2026-04-10 23:15:00+02:00,123.71041936183289,132.3
2026-04-10 23:30:00+02:00,122.27671600513091,132.29
2026-04-10 23:45:00+02:00,113.63700146683765,125.37
2026-04-11 00:00:00+02:00,130.48217652826915,147.15
2026-04-11 00:15:00+02:00,128.4185263490477,136.26
2026-04-11 00:30:00+02:00,122.48295148142347,129.36
2026-04-11 00:45:00+02:00,118.07367304783722,123.29
2026-04-11 01:00:00+02:00,122.24984446699116,127.94
2026-04-11 01:15:00+02:00,115.4760809583754,123.91
2026-04-11 01:30:00+02:00,107.35095654339284,115.78
2026-04-11 01:45:00+02:00,104.54357860588327,114.9
2026-04-11 02:00:00+02:00,108.94841112415247,116.62
2026-04-11 02:15:00+02:00,104.41029428930668,114.05
2026-04-11 02:30:00+02:00,100.8646007441238,114.14
2026-04-11 02:45:00+02:00,97.64601917309594,112.72
2026-04-11 03:00:00+02:00,100.86197861812575,114.99
2026-04-11 03:15:00+02:00,96.81178699676857,113.25
2026-04-11 03:30:00+02:00,96.80433183286016,112.32
2026-04-11 03:45:00+02:00,96.99705985721842,108.84
2026-04-11 04:00:00+02:00,94.00514996312481,113.01
2026-04-11 04:15:00+02:00,95.7324680407673,112.06
2026-04-11 04:30:00+02:00,99.1246474330002,111.08
2026-04-11 04:45:00+02:00,97.99963257280145,107.2
2026-04-11 05:00:00+02:00,95.27855071101062,111.76
2026-04-11 05:15:00+02:00,100.17714652056078,107.76
2026-04-11 05:30:00+02:00,105.82389456454524,107.53
2026-04-11 05:45:00+02:00,106.07289120478305,106.39
2026-04-11 06:00:00+02:00,104.9826504036213,107.42
2026-04-11 06:15:00+02:00,102.31723460272343,108.66
2026-04-11 06:30:00+02:00,90.30954028811004,108.46
2026-04-11 06:45:00+02:00,80.01463047859704,101.88
2026-04-11 07:00:00+02:00,99.95994848687961,110.3
2026-04-11 07:15:00+02:00,97.00302331240982,105.7
2026-04-11 07:30:00+02:00,97.29478210029477,90.49
2026-04-11 07:45:00+02:00,83.29179400169556,66.46
2026-04-11 08:00:00+02:00,97.31087050506744,103.62
2026-04-11 08:15:00+02:00,86.45157711517692,87.41
2026-04-11 08:30:00+02:00,81.82588430512159,63.77
2026-04-11 08:45:00+02:00,63.5644407333113,23.64
2026-04-11 09:00:00+02:00,89.86801686807922,55.81
2026-04-11 09:15:00+02:00,75.09437817564722,22.46
2026-04-11 09:30:00+02:00,58.543307569291095,8.0
2026-04-11 09:45:00+02:00,27.957963065753738,0.01
2026-04-11 10:00:00+02:00,59.396969162938525,7.73
2026-04-11 10:15:00+02:00,38.640619077440256,0.0
2026-04-11 10:30:00+02:00,-13.733244164236993,-1.01
2026-04-11 10:45:00+02:00,-23.37024800173279,-7.35
2026-04-11 11:00:00+02:00,-14.858845366751567,-1.0
2026-04-11 11:15:00+02:00,-18.786812756497937,-2.17
2026-04-11 11:30:00+02:00,-15.815322338434427,-9.99
2026-04-11 11:45:00+02:00,-17.160202030624312,-20.07
2026-04-11 12:00:00+02:00,-19.253831625344276,-20.09
2026-04-11 12:15:00+02:00,-19.598387845921643,-39.93
2026-04-11 12:30:00+02:00,-21.690259384873386,-42.74
2026-04-11 12:45:00+02:00,-30.808990811595805,-58.25
2026-04-11 13:00:00+02:00,-33.73560731741267,-70.01
2026-04-11 13:15:00+02:00,-34.149622705422594,-74.74
2026-04-11 13:30:00+02:00,-34.7635736594882,-84.8
2026-04-11 13:45:00+02:00,-29.759720592709968,-90.31
2026-04-11 14:00:00+02:00,-36.2544122537885,-82.01
2026-04-11 14:15:00+02:00,-26.004527079355192,-79.75
2026-04-11 14:30:00+02:00,-20.598551143449768,-74.99
2026-04-11 14:45:00+02:00,-30.337311121912123,-73.79
2026-04-11 15:00:00+02:00,-26.412205741953983,-63.01
2026-04-11 15:15:00+02:00,-29.532123793113854,-50.3
2026-04-11 15:30:00+02:00,-14.239048842512645,-40.0
2026-04-11 15:45:00+02:00,-4.453795817535209,-30.0
2026-04-11 16:00:00+02:00,-11.861783589963949,-29.93
2026-04-11 16:15:00+02:00,1.1108017479907062,-15.0
2026-04-11 16:30:00+02:00,12.156617911638634,-8.3
2026-04-11 16:45:00+02:00,41.56149362610182,-9.96
2026-04-11 17:00:00+02:00,27.106608363050512,-4.1
2026-04-11 17:15:00+02:00,50.665676311665365,-3.0
2026-04-11 17:30:00+02:00,57.32355919920552,-0.55
2026-04-11 17:45:00+02:00,82.30491243346938,4.79
2026-04-11 18:00:00+02:00,48.75133164917084,2.38
2026-04-11 18:15:00+02:00,63.40185053061525,37.1
2026-04-11 18:30:00+02:00,95.06224041080873,60.41
2026-04-11 18:45:00+02:00,120.72538550666415,74.9
2026-04-11 19:00:00+02:00,120.2730467914698,68.11
2026-04-11 19:15:00+02:00,118.88398461126158,75.32
2026-04-11 19:30:00+02:00,110.42329457617544,76.99
2026-04-11 19:45:00+02:00,121.38309614144593,74.85
2026-04-11 20:00:00+02:00,119.4456788776951,86.19
2026-04-11 20:15:00+02:00,104.70715223779689,70.09
2026-04-11 20:30:00+02:00,104.59906847261696,74.95
2026-04-11 20:45:00+02:00,87.72071261821056,67.92
2026-04-11 21:00:00+02:00,112.0492170510619,67.99
2026-04-11 21:15:00+02:00,100.96642833847844,66.94
2026-04-11 21:30:00+02:00,86.46097434418161,63.0
2026-04-11 21:45:00+02:00,86.2863251537763,63.0
2026-04-11 22:00:00+02:00,101.86289263620532,69.97
2026-04-11 22:15:00+02:00,88.80362380268018,71.04
2026-04-11 22:30:00+02:00,89.0079484504454,70.51
2026-04-11 22:45:00+02:00,82.26819841806827,62.99
2026-04-11 23:00:00+02:00,96.06561270810177,70.01
2026-04-11 23:15:00+02:00,82.2369899692435,70.05
2026-04-11 23:30:00+02:00,80.17669897518194,69.13
2026-04-11 23:45:00+02:00,59.93948970836189,65.31
2026-04-12 00:00:00+02:00,66.34017007036756,70.01
2026-04-12 00:15:00+02:00,67.07544876188237,71.02
2026-04-12 00:30:00+02:00,61.84931198018954,75.15
2026-04-12 00:45:00+02:00,49.795698469466736,73.91
2026-04-12 01:00:00+02:00,57.420715519461794,77.1
2026-04-12 01:15:00+02:00,57.654472231247354,73.27
2026-04-12 01:30:00+02:00,56.59249673455133,76.21
2026-04-12 01:45:00+02:00,58.096591997319244,79.71
2026-04-12 02:00:00+02:00,56.27534747042369,77.47
2026-04-12 02:15:00+02:00,50.29068835015931,80.11
2026-04-12 02:30:00+02:00,46.25393099431408,80.68
2026-04-12 02:45:00+02:00,44.7292735319508,83.43
2026-04-12 03:00:00+02:00,54.62928559715368,82.4
2026-04-12 03:15:00+02:00,52.48309586429918,85.59
2026-04-12 03:30:00+02:00,46.434764178071674,84.93
2026-04-12 03:45:00+02:00,48.167158561841866,88.12
2026-04-12 04:00:00+02:00,54.015126282599006,91.29
2026-04-12 04:15:00+02:00,48.105119545835926,93.06
2026-04-12 04:30:00+02:00,53.03616993056863,96.18
2026-04-12 04:45:00+02:00,59.3243777081413,99.88
2026-04-12 05:00:00+02:00,59.710453501546375,95.62
2026-04-12 05:15:00+02:00,65.79439003983896,99.34
2026-04-12 05:30:00+02:00,61.92488805513594,99.31
2026-04-12 05:45:00+02:00,76.64316397633196,97.93
2026-04-12 06:00:00+02:00,63.44681285845439,101.6
2026-04-12 06:15:00+02:00,66.83692486870393,101.13
2026-04-12 06:30:00+02:00,99.97797005315313,97.06
2026-04-12 06:45:00+02:00,96.2203718047042,95.01
2026-04-12 07:00:00+02:00,106.741975313716,105.19
2026-04-12 07:15:00+02:00,108.21216962372834,95.95
2026-04-12 07:30:00+02:00,97.13506745455909,89.19
2026-04-12 07:45:00+02:00,97.43220015638968,86.94
2026-04-12 08:00:00+02:00,100.8397520332253,87.99
2026-04-12 08:15:00+02:00,107.80678721440034,81.28
2026-04-12 08:30:00+02:00,112.21272433157772,77.14
2026-04-12 08:45:00+02:00,101.70874933419377,58.0
2026-04-12 09:00:00+02:00,106.62985714002791,63.61
2026-04-12 09:15:00+02:00,110.75078797726495,56.98
2026-04-12 09:30:00+02:00,97.01514703942051,47.69
2026-04-12 09:45:00+02:00,96.10496070858262,45.01
2026-04-12 10:00:00+02:00,102.3893997134519,49.72
2026-04-12 10:15:00+02:00,105.11501219995218,24.93
2026-04-12 10:30:00+02:00,100.82416446735843,25.05
2026-04-12 10:45:00+02:00,95.500506991241,21.23
2026-04-12 11:00:00+02:00,86.41615820188134,26.25
2026-04-12 11:15:00+02:00,91.48169296760857,23.67
2026-04-12 11:30:00+02:00,84.73621616947153,20.79
2026-04-12 11:45:00+02:00,65.54007478513037,18.95
2026-04-12 12:00:00+02:00,91.61810302225734,21.58
2026-04-12 12:15:00+02:00,71.61250398095419,16.25
2026-04-12 12:30:00+02:00,66.81195559383218,15.0
2026-04-12 12:45:00+02:00,57.12527723445845,7.07
2026-04-12 13:00:00+02:00,55.22714665161761,5.56
2026-04-12 13:15:00+02:00,45.110263308973074,2.0
2026-04-12 13:30:00+02:00,36.64207346690198,0.18
2026-04-12 13:45:00+02:00,27.848759281781007,0.14
2026-04-12 14:00:00+02:00,35.99895522369193,0.0
2026-04-12 14:15:00+02:00,18.78185765316315,3.29
2026-04-12 14:30:00+02:00,46.112291438201,8.1
2026-04-12 14:45:00+02:00,54.95989013695123,7.11
2026-04-12 15:00:00+02:00,37.47643055829889,5.96
2026-04-12 15:15:00+02:00,68.5647134958096,10.04
2026-04-12 15:30:00+02:00,75.24532877159244,17.23
2026-04-12 15:45:00+02:00,104.35763085127367,30.39
2026-04-12 16:00:00+02:00,69.02726602750407,33.09
2026-04-12 16:15:00+02:00,95.81055399220685,62.55
2026-04-12 16:30:00+02:00,110.61207081037765,67.35
2026-04-12 16:45:00+02:00,116.73960981149551,107.21
2026-04-12 17:00:00+02:00,108.01892221508137,64.22
2026-04-12 17:15:00+02:00,114.40498028014622,98.68
2026-04-12 17:30:00+02:00,134.65165945489548,132.84
2026-04-12 17:45:00+02:00,160.24765818783672,144.97
2026-04-12 18:00:00+02:00,145.82002476561652,123.0
2026-04-12 18:15:00+02:00,139.40462533875152,130.98
2026-04-12 18:30:00+02:00,139.84986674351936,140.14
2026-04-12 18:45:00+02:00,149.29301887443032,147.43
2026-04-12 19:00:00+02:00,148.29770132736292,138.38
2026-04-12 19:15:00+02:00,140.01380794821748,137.36
2026-04-12 19:30:00+02:00,145.63021613729092,146.27
2026-04-12 19:45:00+02:00,146.27716530310533,157.05
2026-04-12 20:00:00+02:00,151.9000532996094,150.82
2026-04-12 20:15:00+02:00,145.1874126259992,148.84
2026-04-12 20:30:00+02:00,143.2868021432667,147.04
2026-04-12 20:45:00+02:00,124.85444521732117,140.51
2026-04-12 21:00:00+02:00,134.37874088068455,140.92
2026-04-12 21:15:00+02:00,120.22697977701003,135.3
2026-04-12 21:30:00+02:00,123.54483017428755,137.3
2026-04-12 21:45:00+02:00,127.2770112511646,133.41
2026-04-12 22:00:00+02:00,125.5070561742678,139.59
2026-04-12 22:15:00+02:00,122.46248238970563,134.7
2026-04-12 22:30:00+02:00,119.95737167619731,128.72
2026-04-12 22:45:00+02:00,112.39248333690914,119.42
2026-04-12 23:00:00+02:00,124.15292091037512,135.05
2026-04-12 23:15:00+02:00,122.26798131696953,119.37
2026-04-12 23:30:00+02:00,113.57084634096283,119.42
2026-04-12 23:45:00+02:00,106.75370336156337,110.23
2026-04-13 00:00:00+02:00,143.2355013087182,123.33
2026-04-13 00:15:00+02:00,133.6916375004011,119.38
2026-04-13 00:30:00+02:00,125.9664547091099,113.46
2026-04-13 00:45:00+02:00,118.3951733303193,110.0
2026-04-13 01:00:00+02:00,118.69971082234949,113.29
2026-04-13 01:15:00+02:00,119.77408737572519,110.6
2026-04-13 01:30:00+02:00,119.03502507299574,110.0
2026-04-13 01:45:00+02:00,112.23670885790534,105.29
2026-04-13 02:00:00+02:00,116.16567259982193,109.2
2026-04-13 02:15:00+02:00,114.07552218035406,104.06
2026-04-13 02:30:00+02:00,111.12491588811608,108.32
2026-04-13 02:45:00+02:00,112.21841376020777,107.68
2026-04-13 03:00:00+02:00,109.86978652984361,109.5
2026-04-13 03:15:00+02:00,107.49698265947207,106.9
2026-04-13 03:30:00+02:00,108.09908107015305,108.09
2026-04-13 03:45:00+02:00,109.58684353756381,105.87
2026-04-13 04:00:00+02:00,105.41043433107404,109.16
2026-04-13 04:15:00+02:00,103.87997021108197,109.57
2026-04-13 04:30:00+02:00,107.08808475074085,108.72
2026-04-13 04:45:00+02:00,112.26408630121809,112.63
2026-04-13 05:00:00+02:00,110.86897777232355,112.68
2026-04-13 05:15:00+02:00,111.81240080492361,114.37
2026-04-13 05:30:00+02:00,117.91323264676848,119.44
2026-04-13 05:45:00+02:00,119.62093727430486,129.8
2026-04-13 06:00:00+02:00,123.03882276037868,125.98
2026-04-13 06:15:00+02:00,129.29052453657363,135.37
2026-04-13 06:30:00+02:00,134.18792434982228,142.73
2026-04-13 06:45:00+02:00,134.41085534270684,140.38
2026-04-13 07:00:00+02:00,140.00350194853186,145.96
2026-04-13 07:15:00+02:00,135.12903951671046,145.26
2026-04-13 07:30:00+02:00,131.39512063723268,144.37
2026-04-13 07:45:00+02:00,124.5103058478527,144.89
2026-04-13 08:00:00+02:00,142.11372694508358,218.0
2026-04-13 08:15:00+02:00,136.39547748466418,172.22
2026-04-13 08:30:00+02:00,128.15293014552267,156.19
2026-04-13 08:45:00+02:00,124.88980514756511,149.11
2026-04-13 09:00:00+02:00,143.3325969276026,192.37
2026-04-13 09:15:00+02:00,127.46456663923588,174.81
2026-04-13 09:30:00+02:00,117.97319599228778,145.78
2026-04-13 09:45:00+02:00,108.41874364666035,130.9
2026-04-13 10:00:00+02:00,121.76303821753622,177.03
2026-04-13 10:15:00+02:00,116.60052701681929,133.0
2026-04-13 10:30:00+02:00,115.920128176201,126.4
2026-04-13 10:45:00+02:00,118.90558975906981,118.09
2026-04-13 11:00:00+02:00,118.97658244511113,126.53
2026-04-13 11:15:00+02:00,114.91916068958307,112.81
2026-04-13 11:30:00+02:00,105.96351788069097,110.91
2026-04-13 11:45:00+02:00,102.16591528418536,113.75
2026-04-13 12:00:00+02:00,111.33472484123388,112.82
2026-04-13 12:15:00+02:00,95.15987283853815,101.02
2026-04-13 12:30:00+02:00,94.84822246254348,104.84
2026-04-13 12:45:00+02:00,91.38271861079318,100.26
2026-04-13 13:00:00+02:00,90.17428513309807,99.79
2026-04-13 13:15:00+02:00,92.96310746767134,97.45
2026-04-13 13:30:00+02:00,82.79321532762235,97.04
2026-04-13 13:45:00+02:00,63.739533503666834,95.29
2026-04-13 14:00:00+02:00,85.06095493834499,98.25
2026-04-13 14:15:00+02:00,80.40355457534156,99.31
2026-04-13 14:30:00+02:00,66.96421635918261,103.3
2026-04-13 14:45:00+02:00,67.37172847500207,105.92
2026-04-13 15:00:00+02:00,63.240205211638816,100.4
2026-04-13 15:15:00+02:00,65.78748279485578,103.78
2026-04-13 15:30:00+02:00,71.72837456536769,103.37
2026-04-13 15:45:00+02:00,68.79110290052782,111.0
2026-04-13 16:00:00+02:00,71.22319161248222,97.93
2026-04-13 16:15:00+02:00,85.67269810990827,103.38
2026-04-13 16:30:00+02:00,91.06248492337383,117.7
2026-04-13 16:45:00+02:00,105.62178139807448,139.38
2026-04-13 17:00:00+02:00,99.77548286621195,101.21
2026-04-13 17:15:00+02:00,103.12255118617215,122.41
2026-04-13 17:30:00+02:00,123.28485450956153,140.89
2026-04-13 17:45:00+02:00,118.73230491169349,157.0
2026-04-13 18:00:00+02:00,107.42329850979684,132.24
2026-04-13 18:15:00+02:00,117.31085777865646,141.86
2026-04-13 18:30:00+02:00,137.16351141088032,150.17
2026-04-13 18:45:00+02:00,144.35892216747638,168.53
2026-04-13 19:00:00+02:00,137.40943619025919,149.68
2026-04-13 19:15:00+02:00,133.55476291594704,162.83
2026-04-13 19:30:00+02:00,146.90856562982128,166.56
2026-04-13 19:45:00+02:00,144.78033439077748,179.02
2026-04-13 20:00:00+02:00,149.17552780805346,165.6
2026-04-13 20:15:00+02:00,139.91630690617845,165.37
2026-04-13 20:30:00+02:00,134.33406546382298,151.47
2026-04-13 20:45:00+02:00,133.68252239665253,144.0
2026-04-13 21:00:00+02:00,141.9292635936358,152.42
2026-04-13 21:15:00+02:00,130.44608376953659,144.3
2026-04-13 21:30:00+02:00,134.1350759910324,131.88
2026-04-13 21:45:00+02:00,132.54739652652665,127.59
2026-04-13 22:00:00+02:00,135.23369057731477,137.14
2026-04-13 22:15:00+02:00,133.83008451693092,131.99
2026-04-13 22:30:00+02:00,131.2737974114961,127.96
2026-04-13 22:45:00+02:00,125.60152825459427,121.95
2026-04-13 23:00:00+02:00,137.5197466464332,130.92
2026-04-13 23:15:00+02:00,126.47847472007751,124.36
2026-04-13 23:30:00+02:00,121.89135967581448,122.0
2026-04-13 23:45:00+02:00,112.59131998971998,113.23
2026-04-14 00:00:00+02:00,126.75177108958539,123.64
2026-04-14 00:15:00+02:00,120.71011608132747,116.21
2026-04-14 00:30:00+02:00,112.60370921925019,113.33
2026-04-14 00:45:00+02:00,111.18915609057089,111.07
2026-04-14 01:00:00+02:00,113.78382194605373,113.56
2026-04-14 01:15:00+02:00,112.15672236896138,113.25
2026-04-14 01:30:00+02:00,113.17430541369667,112.79
2026-04-14 01:45:00+02:00,109.9205314863224,115.06
2026-04-14 02:00:00+02:00,112.54056457391584,115.1
2026-04-14 02:15:00+02:00,113.1679776941621,115.0
2026-04-14 02:30:00+02:00,111.23108423034542,114.39
2026-04-14 02:45:00+02:00,110.95646061745681,115.47
2026-04-14 03:00:00+02:00,110.71217907311696,113.2
2026-04-14 03:15:00+02:00,114.59453751954302,112.86
2026-04-14 03:30:00+02:00,113.91754481431286,113.8
2026-04-14 03:45:00+02:00,116.97019348152537,113.68
2026-04-14 04:00:00+02:00,118.02134336460432,113.49
2026-04-14 04:15:00+02:00,120.3369880322743,114.55
2026-04-14 04:30:00+02:00,120.12083867955168,114.94
2026-04-14 04:45:00+02:00,126.230042133782,115.74
2026-04-14 05:00:00+02:00,116.97239023877361,114.27
2026-04-14 05:15:00+02:00,123.07193605238145,116.19
2026-04-14 05:30:00+02:00,127.1192868976242,117.37
2026-04-14 05:45:00+02:00,131.6207417964329,124.76
2026-04-14 06:00:00+02:00,126.89649445888462,119.56
2026-04-14 06:15:00+02:00,133.47298924575736,136.61
2026-04-14 06:30:00+02:00,144.6983188939932,142.53
2026-04-14 06:45:00+02:00,155.2464383763004,156.18
2026-04-14 07:00:00+02:00,143.40793797344347,156.85
2026-04-14 07:15:00+02:00,140.45637735298848,167.82
2026-04-14 07:30:00+02:00,150.8414529515611,171.86
2026-04-14 07:45:00+02:00,140.5507061457124,155.56
2026-04-14 08:00:00+02:00,200.03463973606745,196.18
2026-04-14 08:15:00+02:00,160.52038101150418,179.4
2026-04-14 08:30:00+02:00,152.941382967508,150.29
2026-04-14 08:45:00+02:00,140.9694005735794,132.11
2026-04-14 09:00:00+02:00,164.53696570694063,172.43
2026-04-14 09:15:00+02:00,152.4253817471681,145.1
2026-04-14 09:30:00+02:00,144.04236486703448,139.98
2026-04-14 09:45:00+02:00,127.57619038453157,119.81
2026-04-14 10:00:00+02:00,149.88190526904708,142.04
2026-04-14 10:15:00+02:00,131.87176615426984,129.9
2026-04-14 10:30:00+02:00,124.96588455298755,121.58
2026-04-14 10:45:00+02:00,114.90060885479303,121.8
2026-04-14 11:00:00+02:00,130.17492253767742,120.14
2026-04-14 11:15:00+02:00,117.45636686889307,118.85
2026-04-14 11:30:00+02:00,103.77392650207871,116.48
2026-04-14 11:45:00+02:00,92.8532725917999,113.86
2026-04-14 12:00:00+02:00,102.2101695439604,114.14
2026-04-14 12:15:00+02:00,86.71703489703856,110.3
2026-04-14 12:30:00+02:00,81.07071616726046,107.84
2026-04-14 12:45:00+02:00,74.29229804710093,105.75
2026-04-14 13:00:00+02:00,77.98281222357116,106.95
2026-04-14 13:15:00+02:00,77.99500091865266,105.83
2026-04-14 13:30:00+02:00,76.73436366048384,105.07
2026-04-14 13:45:00+02:00,78.60782724565985,100.95
2026-04-14 14:00:00+02:00,72.37562108928638,100.87
2026-04-14 14:15:00+02:00,83.72351065761472,105.19
2026-04-14 14:30:00+02:00,78.12868624950093,109.3
2026-04-14 14:45:00+02:00,90.62882300451254,120.28
2026-04-14 15:00:00+02:00,84.18185655886833,103.41
2026-04-14 15:15:00+02:00,96.53991993543602,112.6
2026-04-14 15:30:00+02:00,106.73849518619974,120.0
2026-04-14 15:45:00+02:00,110.32820603178106,126.26
2026-04-14 16:00:00+02:00,98.44049727658278,110.29
2026-04-14 16:15:00+02:00,105.61796526120443,114.16
2026-04-14 16:30:00+02:00,115.95001087087222,127.0
2026-04-14 16:45:00+02:00,134.9473625292149,135.33
2026-04-14 17:00:00+02:00,115.08308646406624,118.28
2026-04-14 17:15:00+02:00,123.5531106837964,135.3
2026-04-14 17:30:00+02:00,129.35040599113825,146.21
2026-04-14 17:45:00+02:00,146.03350521794547,149.96
2026-04-14 18:00:00+02:00,120.87710700348555,135.06
2026-04-14 18:15:00+02:00,136.92086450841165,148.96
2026-04-14 18:30:00+02:00,157.990064672701,164.24
2026-04-14 18:45:00+02:00,186.38684705725208,191.8
2026-04-14 19:00:00+02:00,151.4045541089922,173.74
2026-04-14 19:15:00+02:00,184.49896540095514,195.19
2026-04-14 19:30:00+02:00,189.44432744271816,236.85
2026-04-14 19:45:00+02:00,195.31212951130735,293.23
2026-04-14 20:00:00+02:00,199.9221305000558,261.01
2026-04-14 20:15:00+02:00,193.5552722055004,255.73
2026-04-14 20:30:00+02:00,166.6956975137634,225.48
2026-04-14 20:45:00+02:00,154.43166182105725,194.89
2026-04-14 21:00:00+02:00,168.63737777881474,186.67
2026-04-14 21:15:00+02:00,158.83664831830964,171.0
2026-04-14 21:30:00+02:00,150.21711545758572,156.41
2026-04-14 21:45:00+02:00,133.99593084483067,149.71
2026-04-14 22:00:00+02:00,149.30281141752093,160.64
2026-04-14 22:15:00+02:00,137.53694862254937,152.06
2026-04-14 22:30:00+02:00,132.17729753679058,145.55
2026-04-14 22:45:00+02:00,124.52563680880215,134.78
2026-04-14 23:00:00+02:00,136.88127028072307,150.01
2026-04-14 23:15:00+02:00,127.41973662063802,139.93
2026-04-14 23:30:00+02:00,126.99571134187985,131.53
2026-04-14 23:45:00+02:00,116.44310920621835,120.01
2026-04-15 00:00:00+02:00,138.48161718178554,126.14
2026-04-15 00:15:00+02:00,127.92974024662668,123.58
2026-04-15 00:30:00+02:00,128.13355619424186,120.0
2026-04-15 00:45:00+02:00,124.82476581239467,116.68
2026-04-15 01:00:00+02:00,132.28339514811356,119.9
2026-04-15 01:15:00+02:00,126.40262433761956,118.03
2026-04-15 01:30:00+02:00,127.01827213793099,114.89
2026-04-15 01:45:00+02:00,122.95579329223794,113.01
2026-04-15 02:00:00+02:00,127.58694318515688,113.69
2026-04-15 02:15:00+02:00,124.24941939348423,112.7
2026-04-15 02:30:00+02:00,125.2002353199821,110.67
2026-04-15 02:45:00+02:00,123.83579401567414,110.01
2026-04-15 03:00:00+02:00,122.07723406870726,110.0
2026-04-15 03:15:00+02:00,123.24789181921246,110.02
2026-04-15 03:30:00+02:00,124.60121614730079,110.04
2026-04-15 03:45:00+02:00,124.29630832446104,110.01
2026-04-15 04:00:00+02:00,120.19622505319114,110.1
2026-04-15 04:15:00+02:00,121.71939039512048,109.01
2026-04-15 04:30:00+02:00,125.91228070389042,111.27
2026-04-15 04:45:00+02:00,131.9868898842517,112.99
2026-04-15 05:00:00+02:00,123.93193677431987,114.68
2026-04-15 05:15:00+02:00,129.19825222566772,119.66
2026-04-15 05:30:00+02:00,126.48523879842409,124.88
2026-04-15 05:45:00+02:00,134.93333342045878,133.5
2026-04-15 06:00:00+02:00,138.19330771141674,137.86
2026-04-15 06:15:00+02:00,142.53184691236035,147.47
2026-04-15 06:30:00+02:00,159.76229415449288,151.83
2026-04-15 06:45:00+02:00,163.9069048162462,156.6
2026-04-15 07:00:00+02:00,179.53705359090208,166.92
2026-04-15 07:15:00+02:00,164.64060955291038,164.87
2026-04-15 07:30:00+02:00,151.63846862234564,161.28
2026-04-15 07:45:00+02:00,144.60616343312435,145.14
2026-04-15 08:00:00+02:00,169.8809425926648,164.5
2026-04-15 08:15:00+02:00,140.1127070192405,145.88
2026-04-15 08:30:00+02:00,138.73645081235742,135.77
2026-04-15 08:45:00+02:00,109.13840481202494,114.25
2026-04-15 09:00:00+02:00,141.01511064852383,130.0
2026-04-15 09:15:00+02:00,123.86548929175122,121.94
2026-04-15 09:30:00+02:00,118.09406159563959,110.1
2026-04-15 09:45:00+02:00,100.24725324833776,103.24
2026-04-15 10:00:00+02:00,120.93160538319344,126.0
2026-04-15 10:15:00+02:00,106.02531968986943,101.84
2026-04-15 10:30:00+02:00,100.189450468687,94.31
2026-04-15 10:45:00+02:00,87.61663169391608,81.06
2026-04-15 11:00:00+02:00,91.35262256265585,99.33
2026-04-15 11:15:00+02:00,82.90703085389255,84.92
2026-04-15 11:30:00+02:00,76.77022047946868,74.39
2026-04-15 11:45:00+02:00,64.51357019127701,57.12
2026-04-15 12:00:00+02:00,74.52238270528613,69.62
2026-04-15 12:15:00+02:00,66.99637996945683,60.08
2026-04-15 12:30:00+02:00,63.04223009088261,54.46
2026-04-15 12:45:00+02:00,58.429074704239376,49.11
2026-04-15 13:00:00+02:00,59.662191382252736,50.05
2026-04-15 13:15:00+02:00,60.40345576095305,48.1
2026-04-15 13:30:00+02:00,66.3373384160154,50.44
2026-04-15 13:45:00+02:00,84.61884415850557,52.34
2026-04-15 14:00:00+02:00,69.32305313247556,48.99
2026-04-15 14:15:00+02:00,90.62121341036232,61.05
2026-04-15 14:30:00+02:00,90.49242749565401,73.01
2026-04-15 14:45:00+02:00,111.52212888571265,85.98
2026-04-15 15:00:00+02:00,93.27098702142487,65.53
2026-04-15 15:15:00+02:00,106.44098131502685,76.49
2026-04-15 15:30:00+02:00,106.02979062359105,86.5
2026-04-15 15:45:00+02:00,114.48482668144266,97.45
2026-04-15 16:00:00+02:00,98.51929766478517,84.77
2026-04-15 16:15:00+02:00,107.43759190461913,96.5
2026-04-15 16:30:00+02:00,114.20749066104636,104.64
2026-04-15 16:45:00+02:00,131.2597493402957,111.11
2026-04-15 17:00:00+02:00,114.75080958803572,109.41
2026-04-15 17:15:00+02:00,124.83331677906106,118.4
2026-04-15 17:30:00+02:00,137.5135510526561,130.91
2026-04-15 17:45:00+02:00,145.9396629903643,140.64
2026-04-15 18:00:00+02:00,121.98334486291023,127.12
2026-04-15 18:15:00+02:00,135.56374542806367,135.0
2026-04-15 18:30:00+02:00,154.93788050194013,145.86
2026-04-15 18:45:00+02:00,197.59526384074942,159.62
2026-04-15 19:00:00+02:00,162.79899448589052,158.13
2026-04-15 19:15:00+02:00,184.401081651876,164.62
2026-04-15 19:30:00+02:00,191.40984501385435,187.92
2026-04-15 19:45:00+02:00,190.08445186909844,209.65
2026-04-15 20:00:00+02:00,185.8580519591425,204.51
2026-04-15 20:15:00+02:00,180.0922471301276,188.23
2026-04-15 20:30:00+02:00,164.8624916347452,178.22
2026-04-15 20:45:00+02:00,152.04686863730285,152.24
2026-04-15 21:00:00+02:00,165.80746876735233,170.1
2026-04-15 21:15:00+02:00,153.34972258730545,149.58
2026-04-15 21:30:00+02:00,144.76731178924197,142.54
2026-04-15 21:45:00+02:00,130.98394639872163,130.1
2026-04-15 22:00:00+02:00,151.3874780680572,142.94
2026-04-15 22:15:00+02:00,142.2136314764321,135.01
2026-04-15 22:30:00+02:00,136.3036252331682,129.08
2026-04-15 22:45:00+02:00,127.43984335514153,123.71
2026-04-15 23:00:00+02:00,138.4749019585436,131.73
2026-04-15 23:15:00+02:00,127.32602267671422,121.91
2026-04-15 23:30:00+02:00,126.15625953663978,113.17
2026-04-15 23:45:00+02:00,113.3053359407129,104.27
2026-04-16 00:00:00+02:00,124.83664703529644,112.51
2026-04-16 00:15:00+02:00,119.35658591359719,108.71
2026-04-16 00:30:00+02:00,113.87979432875551,103.53
2026-04-16 00:45:00+02:00,110.37320084632464,100.11
2026-04-16 01:00:00+02:00,121.65751122731854,104.62
2026-04-16 01:15:00+02:00,113.4815016425884,100.89
2026-04-16 01:30:00+02:00,113.4682286463907,100.35
2026-04-16 01:45:00+02:00,109.98494182101953,99.73
2026-04-16 02:00:00+02:00,113.54063101477527,99.69
2026-04-16 02:15:00+02:00,112.86939315236967,100.5
2026-04-16 02:30:00+02:00,111.12554897146762,100.08
2026-04-16 02:45:00+02:00,109.69377058052825,98.11
2026-04-16 03:00:00+02:00,112.28291388057139,96.78
2026-04-16 03:15:00+02:00,110.11476323765491,98.25
2026-04-16 03:30:00+02:00,109.67897207757876,99.46
2026-04-16 03:45:00+02:00,113.11673504115375,98.97
2026-04-16 04:00:00+02:00,111.29976222208559,96.72
2026-04-16 04:15:00+02:00,111.01203281387836,98.91
2026-04-16 04:30:00+02:00,112.46066876182215,102.29
2026-04-16 04:45:00+02:00,115.85387811877743,105.69
2026-04-16 05:00:00+02:00,114.35367164581034,99.81
2026-04-16 05:15:00+02:00,116.34398723765871,103.13
2026-04-16 05:30:00+02:00,124.63177696232012,112.95
2026-04-16 05:45:00+02:00,135.0531792277939,126.53
2026-04-16 06:00:00+02:00,131.67690047955176,124.81
2026-04-16 06:15:00+02:00,142.14350073182501,135.92
2026-04-16 06:30:00+02:00,135.48823845863274,142.11
2026-04-16 06:45:00+02:00,138.68475413589223,155.06
2026-04-16 07:00:00+02:00,134.6454153481547,150.73
2026-04-16 07:15:00+02:00,133.87750643468758,150.19
2026-04-16 07:30:00+02:00,145.35611977691335,144.2
2026-04-16 07:45:00+02:00,136.72743374338194,134.97
2026-04-16 08:00:00+02:00,147.59107493867208,159.99
2026-04-16 08:15:00+02:00,144.59554872665996,141.44
2026-04-16 08:30:00+02:00,143.711691772037,130.36
2026-04-16 08:45:00+02:00,119.49365686749077,102.75
2026-04-16 09:00:00+02:00,134.69523702323932,124.5
2026-04-16 09:15:00+02:00,139.25869069972774,109.99
2026-04-16 09:30:00+02:00,126.90653521231596,103.86
2026-04-16 09:45:00+02:00,118.76782393749798,102.43
2026-04-16 10:00:00+02:00,137.12427873329455,120.93
2026-04-16 10:15:00+02:00,118.5274926035566,105.0
2026-04-16 10:30:00+02:00,109.63650610428058,90.79
2026-04-16 10:45:00+02:00,102.17246111753676,68.69
2026-04-16 11:00:00+02:00,100.41191997220864,96.73
2026-04-16 11:15:00+02:00,103.05729651256394,85.0
2026-04-16 11:30:00+02:00,97.37680792371646,67.98
2026-04-16 11:45:00+02:00,84.08672795233588,52.98
2026-04-16 12:00:00+02:00,94.2756391437671,80.98
2026-04-16 12:15:00+02:00,87.45458468966096,63.09
2026-04-16 12:30:00+02:00,73.91206972938257,54.09
2026-04-16 12:45:00+02:00,60.65411284130513,43.89
2026-04-16 13:00:00+02:00,66.9065502751993,57.21
2026-04-16 13:15:00+02:00,65.68387032797682,50.01
2026-04-16 13:30:00+02:00,65.22936899373418,41.94
2026-04-16 13:45:00+02:00,54.31596378349906,33.91
2026-04-16 14:00:00+02:00,55.45391224896136,36.72
2026-04-16 14:15:00+02:00,59.51956986439092,50.01
2026-04-16 14:30:00+02:00,71.95744248117062,60.56
2026-04-16 14:45:00+02:00,81.25731580737755,68.6
2026-04-16 15:00:00+02:00,74.35479850413569,52.79
2026-04-16 15:15:00+02:00,82.93893360042182,64.22
2026-04-16 15:30:00+02:00,92.43237372823316,75.89
2026-04-16 15:45:00+02:00,99.09393749084329,90.58
2026-04-16 16:00:00+02:00,79.14169662605765,64.99
2026-04-16 16:15:00+02:00,101.15761070379726,86.39
2026-04-16 16:30:00+02:00,112.6113211803778,100.56
2026-04-16 16:45:00+02:00,120.12239018108941,107.09
2026-04-16 17:00:00+02:00,110.66507634121808,97.58
2026-04-16 17:15:00+02:00,117.30278568749824,106.3
2026-04-16 17:30:00+02:00,127.61536837312354,117.35
2026-04-16 17:45:00+02:00,139.85569479583677,124.99
2026-04-16 18:00:00+02:00,122.55811476603907,105.28
2026-04-16 18:15:00+02:00,130.65431315624835,127.12
2026-04-16 18:30:00+02:00,138.7519746449287,137.06
2026-04-16 18:45:00+02:00,171.6934563981717,155.12
2026-04-16 19:00:00+02:00,145.95119833717322,135.59
2026-04-16 19:15:00+02:00,172.400624417613,150.93
2026-04-16 19:30:00+02:00,187.2055052022641,175.26
2026-04-16 19:45:00+02:00,211.0919374725883,205.93
2026-04-16 20:00:00+02:00,216.71888059989584,193.59
2026-04-16 20:15:00+02:00,188.6329440519619,196.09
2026-04-16 20:30:00+02:00,189.50410468848696,185.86
2026-04-16 20:45:00+02:00,165.63336497161725,173.73
2026-04-16 21:00:00+02:00,177.3416813098285,174.82
2026-04-16 21:15:00+02:00,159.14759808567925,160.43
2026-04-16 21:30:00+02:00,145.88966144023027,146.16
2026-04-16 21:45:00+02:00,137.95882788289362,138.63
2026-04-16 22:00:00+02:00,155.60530780854253,151.44
2026-04-16 22:15:00+02:00,144.1027511842588,141.44
2026-04-16 22:30:00+02:00,136.87698626680105,135.58
2026-04-16 22:45:00+02:00,129.9899339251397,126.58
2026-04-16 23:00:00+02:00,137.6190552815682,135.0
2026-04-16 23:15:00+02:00,129.35892949242083,128.68
2026-04-16 23:30:00+02:00,127.7109903080983,125.85
2026-04-16 23:45:00+02:00,115.66218569354596,119.92
2026-04-17 00:00:00+02:00,139.83429592131768,128.48
2026-04-17 00:15:00+02:00,134.438764858635,123.41
2026-04-17 00:30:00+02:00,128.71712886549616,118.83
2026-04-17 00:45:00+02:00,121.53414554445003,116.37
2026-04-17 01:00:00+02:00,129.3040011705668,118.0
2026-04-17 01:15:00+02:00,127.80900581717749,117.34
2026-04-17 01:30:00+02:00,125.53543907079957,113.98
2026-04-17 01:45:00+02:00,120.14304231737661,112.77
2026-04-17 02:00:00+02:00,125.45773628913585,113.04
2026-04-17 02:15:00+02:00,124.07086845597391,112.77
2026-04-17 02:30:00+02:00,119.62242472922026,112.31
2026-04-17 02:45:00+02:00,118.67909736350569,112.01
2026-04-17 03:00:00+02:00,120.3493427024773,109.22
2026-04-17 03:15:00+02:00,120.57707366261715,107.99
2026-04-17 03:30:00+02:00,116.05935789857884,108.47
2026-04-17 03:45:00+02:00,119.23896943730685,108.37
2026-04-17 04:00:00+02:00,118.1835352102051,110.41
2026-04-17 04:15:00+02:00,118.74105806116344,110.26
2026-04-17 04:30:00+02:00,124.76210338080321,111.59
2026-04-17 04:45:00+02:00,123.6338779577234,113.61
2026-04-17 05:00:00+02:00,123.49115679042252,108.53
2026-04-17 05:15:00+02:00,128.30465919035652,113.48
2026-04-17 05:30:00+02:00,125.52880954772496,119.75
2026-04-17 05:45:00+02:00,135.69741245004542,139.01
2026-04-17 06:00:00+02:00,136.04336593500628,130.21
2026-04-17 06:15:00+02:00,147.39311623700686,151.48
2026-04-17 06:30:00+02:00,144.9588169255073,149.59
2026-04-17 06:45:00+02:00,159.86591072525516,154.99
2026-04-17 07:00:00+02:00,153.07518816052934,158.47
2026-04-17 07:15:00+02:00,146.37584118653163,151.93
2026-04-17 07:30:00+02:00,161.11468042600256,148.36
2026-04-17 07:45:00+02:00,145.42695034701086,135.46
2026-04-17 08:00:00+02:00,165.47871153112794,155.38
2026-04-17 08:15:00+02:00,162.00956386345263,136.12
2026-04-17 08:30:00+02:00,130.18471829299446,119.8
2026-04-17 08:45:00+02:00,113.40680131014291,97.33
2026-04-17 09:00:00+02:00,145.45160453166653,123.02
2026-04-17 09:15:00+02:00,127.54113141598258,106.6
2026-04-17 09:30:00+02:00,110.01150116278069,93.68
2026-04-17 09:45:00+02:00,102.75875882535782,84.31
2026-04-17 10:00:00+02:00,116.99968929678879,112.42
2026-04-17 10:15:00+02:00,103.79484212259317,98.53
2026-04-17 10:30:00+02:00,94.78778400436376,92.24
2026-04-17 10:45:00+02:00,70.47498374048853,59.94
2026-04-17 11:00:00+02:00,88.20769805965575,89.93
2026-04-17 11:15:00+02:00,70.75718480487184,75.33
2026-04-17 11:30:00+02:00,58.78562556294747,41.88
2026-04-17 11:45:00+02:00,42.84703301535651,24.38
2026-04-17 12:00:00+02:00,53.17504644371152,43.06
2026-04-17 12:15:00+02:00,40.66378525212566,33.31
2026-04-17 12:30:00+02:00,37.540316435520026,25.1
2026-04-17 12:45:00+02:00,31.979508748209234,22.01
2026-04-17 13:00:00+02:00,38.74089188621306,25.01
2026-04-17 13:15:00+02:00,36.68474852575052,25.07
2026-04-17 13:30:00+02:00,40.85618203567031,26.25
2026-04-17 13:45:00+02:00,37.9009379242486,29.45
2026-04-17 14:00:00+02:00,37.74305435898599,20.08
2026-04-17 14:15:00+02:00,69.19359725370339,25.5
2026-04-17 14:30:00+02:00,80.68742361603668,33.36
2026-04-17 14:45:00+02:00,79.78469826964314,46.55
2026-04-17 15:00:00+02:00,73.531821054513,25.06
2026-04-17 15:15:00+02:00,73.14066878045527,51.46
2026-04-17 15:30:00+02:00,90.39893630402386,74.41
2026-04-17 15:45:00+02:00,92.75722478980632,89.06
2026-04-17 16:00:00+02:00,77.03055745501702,58.69
2026-04-17 16:15:00+02:00,96.60799770993785,78.31
2026-04-17 16:30:00+02:00,97.46858657569858,88.13
2026-04-17 16:45:00+02:00,116.8563035068137,102.15
2026-04-17 17:00:00+02:00,108.32800741797936,87.73
2026-04-17 17:15:00+02:00,112.23296759573209,98.06
2026-04-17 17:30:00+02:00,117.68964529418083,106.81
2026-04-17 17:45:00+02:00,126.4145748470532,116.64
2026-04-17 18:00:00+02:00,114.18613764344832,112.18
2026-04-17 18:15:00+02:00,112.58549752472813,119.37
2026-04-17 18:30:00+02:00,134.02807039570402,135.38
2026-04-17 18:45:00+02:00,163.79247745759605,140.09
2026-04-17 19:00:00+02:00,138.03997169573708,139.52
2026-04-17 19:15:00+02:00,148.54438351028566,146.98
2026-04-17 19:30:00+02:00,168.27871673896277,159.61
2026-04-17 19:45:00+02:00,200.9494760873419,183.51
2026-04-17 20:00:00+02:00,186.7394333045366,168.18
2026-04-17 20:15:00+02:00,172.69285820597895,162.54
2026-04-17 20:30:00+02:00,149.0999724232051,153.25
2026-04-17 20:45:00+02:00,139.96144980570392,144.48
2026-04-17 21:00:00+02:00,150.684270893523,154.4
2026-04-17 21:15:00+02:00,144.20635322156312,140.33
2026-04-17 21:30:00+02:00,132.97425008223314,135.4
2026-04-17 21:45:00+02:00,135.34135896498867,121.9
2026-04-17 22:00:00+02:00,137.84259419508925,137.12
2026-04-17 22:15:00+02:00,138.78519924300707,125.74
2026-04-17 22:30:00+02:00,133.636280360882,119.37
2026-04-17 22:45:00+02:00,126.24138720446803,113.49
2026-04-17 23:00:00+02:00,131.94736516367354,116.8
2026-04-17 23:15:00+02:00,126.41655792009075,113.89
2026-04-17 23:30:00+02:00,122.66961593160296,110.44
2026-04-17 23:45:00+02:00,112.37712222963604,109.71
2026-04-18 00:00:00+02:00,127.51649051380048,123.17
2026-04-18 00:15:00+02:00,120.48218920435848,118.24
2026-04-18 00:30:00+02:00,113.16595676298012,112.87
2026-04-18 00:45:00+02:00,106.77344853108202,110.7
2026-04-18 01:00:00+02:00,113.88334173199284,113.01
2026-04-18 01:15:00+02:00,112.72133814299964,111.74
2026-04-18 01:30:00+02:00,114.69098425662364,110.99
2026-04-18 01:45:00+02:00,113.85332894151588,107.77
2026-04-18 02:00:00+02:00,118.31985507514705,110.21
2026-04-18 02:15:00+02:00,119.23366347512064,109.12
2026-04-18 02:30:00+02:00,117.41332461032518,109.85
2026-04-18 02:45:00+02:00,119.891591271142,109.47
2026-04-18 03:00:00+02:00,118.26744116339768,108.19
2026-04-18 03:15:00+02:00,120.54778034435714,107.47
2026-04-18 03:30:00+02:00,120.8645252489504,107.41
2026-04-18 03:45:00+02:00,120.05158437331555,107.71
2026-04-18 04:00:00+02:00,121.16223636915944,107.86
2026-04-18 04:15:00+02:00,122.19374606890095,108.51
2026-04-18 04:30:00+02:00,123.41994721796661,108.78
2026-04-18 04:45:00+02:00,120.6887913205665,110.34
2026-04-18 05:00:00+02:00,121.67924022500588,110.46
2026-04-18 05:15:00+02:00,123.47511862439154,110.34
2026-04-18 05:30:00+02:00,132.80426727601747,111.98
2026-04-18 05:45:00+02:00,125.33844401271686,110.84
2026-04-18 06:00:00+02:00,128.7737648455435,112.0
2026-04-18 06:15:00+02:00,133.20971637410392,111.43
2026-04-18 06:30:00+02:00,129.20386095036991,114.18
2026-04-18 06:45:00+02:00,123.74692795900276,105.71
2026-04-18 07:00:00+02:00,136.63237737588653,109.99
2026-04-18 07:15:00+02:00,123.32276555817057,111.19
2026-04-18 07:30:00+02:00,119.31184616596926,107.58
2026-04-18 07:45:00+02:00,120.17130431125855,94.21
2026-04-18 08:00:00+02:00,133.14810243017007,105.82
2026-04-18 08:15:00+02:00,120.18310527757697,99.28
2026-04-18 08:30:00+02:00,114.2201710881549,87.06
2026-04-18 08:45:00+02:00,87.46167022390682,76.99
2026-04-18 09:00:00+02:00,110.66440645055116,95.23
2026-04-18 09:15:00+02:00,100.36438383056927,87.37
2026-04-18 09:30:00+02:00,85.08524959593753,66.91
2026-04-18 09:45:00+02:00,70.72148904908593,51.0
2026-04-18 10:00:00+02:00,94.84357566758247,81.05
2026-04-18 10:15:00+02:00,69.20244942898378,38.04
2026-04-18 10:30:00+02:00,39.16873381367057,20.6
2026-04-18 10:45:00+02:00,8.489002982813503,18.58
2026-04-18 11:00:00+02:00,7.57733256509438,17.03
2026-04-18 11:15:00+02:00,9.642390604363868,0.01
2026-04-18 11:30:00+02:00,2.849517223388382,-0.08
2026-04-18 11:45:00+02:00,-4.543787316780012,-1.2
2026-04-18 12:00:00+02:00,-7.4092338763407355,-1.1
2026-04-18 12:15:00+02:00,-3.2297440101520323,-2.93
2026-04-18 12:30:00+02:00,-1.2110596600533654,-4.49
2026-04-18 12:45:00+02:00,-13.002483257837113,-5.01
2026-04-18 13:00:00+02:00,-13.564528779765183,-5.51
2026-04-18 13:15:00+02:00,-20.050305987092365,-5.1
2026-04-18 13:30:00+02:00,-15.167363241254058,-3.14
2026-04-18 13:45:00+02:00,-22.807637694795154,-2.57
2026-04-18 14:00:00+02:00,-31.375624109027655,-2.02
2026-04-18 14:15:00+02:00,-29.574341402856064,-0.04
2026-04-18 14:30:00+02:00,-11.13695293413199,0.23
2026-04-18 14:45:00+02:00,3.0721657735477805,1.43
2026-04-18 15:00:00+02:00,-12.33833936772001,10.3
2026-04-18 15:15:00+02:00,25.71725634572821,15.46
2026-04-18 15:30:00+02:00,63.43261592901462,24.46
2026-04-18 15:45:00+02:00,74.28538962820747,25.37
2026-04-18 16:00:00+02:00,53.39358138620402,15.73
2026-04-18 16:15:00+02:00,81.15527388084114,32.01
2026-04-18 16:30:00+02:00,89.55950677479822,58.21
2026-04-18 16:45:00+02:00,113.26088469735602,73.6
2026-04-18 17:00:00+02:00,79.27896737683231,57.65
2026-04-18 17:15:00+02:00,103.9605785087966,86.25
2026-04-18 17:30:00+02:00,113.19875736148812,102.38
2026-04-18 17:45:00+02:00,124.0911773653683,116.94
2026-04-18 18:00:00+02:00,105.3545265225645,106.31
2026-04-18 18:15:00+02:00,113.63028651063901,115.0
2026-04-18 18:30:00+02:00,128.26735747120904,127.08
2026-04-18 18:45:00+02:00,150.8334851305055,129.99
2026-04-18 19:00:00+02:00,136.48991896727958,116.0
2026-04-18 19:15:00+02:00,148.55828368075362,129.01
2026-04-18 19:30:00+02:00,151.19292667048512,138.39
2026-04-18 19:45:00+02:00,169.08147391243253,142.76
2026-04-18 20:00:00+02:00,164.98208635927077,142.95
2026-04-18 20:15:00+02:00,154.9181045323596,146.71
2026-04-18 20:30:00+02:00,152.8375183883116,146.89
2026-04-18 20:45:00+02:00,148.3541683011652,143.01
2026-04-18 21:00:00+02:00,144.27070337401034,150.43
2026-04-18 21:15:00+02:00,142.8670264396974,141.46
2026-04-18 21:30:00+02:00,143.70644642887737,135.53
2026-04-18 21:45:00+02:00,134.89265697589545,133.76
2026-04-18 22:00:00+02:00,143.3725820669791,134.38
2026-04-18 22:15:00+02:00,139.0224300923716,133.77
2026-04-18 22:30:00+02:00,134.12117619314841,128.28
2026-04-18 22:45:00+02:00,132.9177313749629,123.54
2026-04-18 23:00:00+02:00,137.23414012371322,133.25
2026-04-18 23:15:00+02:00,131.39307318152072,125.53
2026-04-18 23:30:00+02:00,127.80249965430966,122.96
2026-04-18 23:45:00+02:00,118.6045299352517,118.26
2026-04-19 00:00:00+02:00,128.84329250164217,123.78
2026-04-19 00:15:00+02:00,124.93293641928528,117.06
2026-04-19 00:30:00+02:00,115.4385939648515,113.48
2026-04-19 00:45:00+02:00,111.45615081411604,111.92
2026-04-19 01:00:00+02:00,115.21195838474186,112.32
2026-04-19 01:15:00+02:00,116.07974407925343,109.94
2026-04-19 01:30:00+02:00,112.81391531741436,109.75
2026-04-19 01:45:00+02:00,108.08469854130762,107.79
2026-04-19 02:00:00+02:00,112.17795359841112,111.68
2026-04-19 02:15:00+02:00,107.28830555098621,109.98
2026-04-19 02:30:00+02:00,108.66205967929862,108.86
2026-04-19 02:45:00+02:00,109.18722615051418,106.3
2026-04-19 03:00:00+02:00,110.97014546351224,108.36
2026-04-19 03:15:00+02:00,108.99793212101082,106.47
2026-04-19 03:30:00+02:00,107.12397221531238,105.46
2026-04-19 03:45:00+02:00,106.48187369922593,105.0
2026-04-19 04:00:00+02:00,109.89115166530497,105.54
2026-04-19 04:15:00+02:00,107.18769648420852,105.42
2026-04-19 04:30:00+02:00,108.63735316215286,105.44
2026-04-19 04:45:00+02:00,107.46671200910457,105.26
2026-04-19 05:00:00+02:00,111.75775017785881,106.2
2026-04-19 05:15:00+02:00,113.16814140505512,106.51
2026-04-19 05:30:00+02:00,111.20801410368287,106.54
2026-04-19 05:45:00+02:00,112.83092929515439,106.95
2026-04-19 06:00:00+02:00,110.93434626253183,105.88
2026-04-19 06:15:00+02:00,114.99687597999375,105.35
2026-04-19 06:30:00+02:00,119.51968253975906,105.0
2026-04-19 06:45:00+02:00,115.6075166025619,102.9
2026-04-19 07:00:00+02:00,116.34618772382203,104.69
2026-04-19 07:15:00+02:00,106.89654543412946,100.44
2026-04-19 07:30:00+02:00,111.46378444454913,96.07
2026-04-19 07:45:00+02:00,109.65137277548604,98.93
2026-04-19 08:00:00+02:00,119.68747024916733,104.15
2026-04-19 08:15:00+02:00,116.29406941279989,100.02
2026-04-19 08:30:00+02:00,109.13137830661259,92.35
2026-04-19 08:45:00+02:00,101.27338632963671,90.0
2026-04-19 09:00:00+02:00,109.81434267175605,99.27
2026-04-19 09:15:00+02:00,109.12024857890752,94.95
2026-04-19 09:30:00+02:00,95.16865513161864,95.15
2026-04-19 09:45:00+02:00,78.79461392923875,86.0
2026-04-19 10:00:00+02:00,106.00904608091534,90.99
2026-04-19 10:15:00+02:00,87.07288255227611,77.59
2026-04-19 10:30:00+02:00,64.31147557267451,67.59
2026-04-19 10:45:00+02:00,53.76124227157204,49.37
2026-04-19 11:00:00+02:00,59.27394038244255,49.0
2026-04-19 11:15:00+02:00,34.742501155312894,42.23
2026-04-19 11:30:00+02:00,24.870655948256136,25.38
2026-04-19 11:45:00+02:00,18.127233201096328,11.33
2026-04-19 12:00:00+02:00,35.532852143050484,22.0
2026-04-19 12:15:00+02:00,20.40678106139961,0.95
2026-04-19 12:30:00+02:00,16.479216863463815,0.0
2026-04-19 12:45:00+02:00,0.9683787535206321,-0.01
2026-04-19 13:00:00+02:00,4.605995588125552,0.0
2026-04-19 13:15:00+02:00,1.363967874390859,-0.09
2026-04-19 13:30:00+02:00,0.30046534192398866,-1.2
2026-04-19 13:45:00+02:00,4.770329699493331,-2.1
2026-04-19 14:00:00+02:00,-3.3994090475841148,-2.1
2026-04-19 14:15:00+02:00,1.541478736674712,-2.49
2026-04-19 14:30:00+02:00,7.287595170942716,-3.04
2026-04-19 14:45:00+02:00,-3.533958659617042,-4.39
2026-04-19 15:00:00+02:00,11.264861727190748,-3.21
2026-04-19 15:15:00+02:00,14.070299418376322,-2.8
2026-04-19 15:30:00+02:00,-19.42679679412923,-2.01
2026-04-19 15:45:00+02:00,-12.47054510471159,-1.0
2026-04-19 16:00:00+02:00,6.807689448530468,-0.64
2026-04-19 16:15:00+02:00,-10.36726442844504,-0.01
2026-04-19 16:30:00+02:00,13.671418240072953,13.73
2026-04-19 16:45:00+02:00,27.0432888529879,51.0
2026-04-19 17:00:00+02:00,12.079706341993656,28.24
2026-04-19 17:15:00+02:00,50.686360404511476,67.81
2026-04-19 17:30:00+02:00,62.200579748325,89.19
2026-04-19 17:45:00+02:00,63.90655630877136,109.79
2026-04-19 18:00:00+02:00,54.65143341632762,85.35
2026-04-19 18:15:00+02:00,66.24771689245442,97.52
2026-04-19 18:30:00+02:00,95.19660285875784,110.05
2026-04-19 18:45:00+02:00,126.4332386574184,122.5
2026-04-19 19:00:00+02:00,110.51352877784711,110.71
2026-04-19 19:15:00+02:00,136.2830121532129,115.86
2026-04-19 19:30:00+02:00,136.61434660501857,119.06
2026-04-19 19:45:00+02:00,144.6860369734307,123.78
2026-04-19 20:00:00+02:00,144.68312984634693,123.2
2026-04-19 20:15:00+02:00,141.70180418255728,124.47
2026-04-19 20:30:00+02:00,134.72981656426373,126.33
2026-04-19 20:45:00+02:00,119.97966472361576,122.45
2026-04-19 21:00:00+02:00,125.83995463672458,129.68
2026-04-19 21:15:00+02:00,114.37580151655358,121.48
2026-04-19 21:30:00+02:00,116.77086818923436,119.12
2026-04-19 21:45:00+02:00,113.46030000078007,115.91
2026-04-19 22:00:00+02:00,118.4215471294217,124.19
2026-04-19 22:15:00+02:00,117.94678666150638,120.08
2026-04-19 22:30:00+02:00,112.967418100156,119.33
2026-04-19 22:45:00+02:00,110.44762302931657,113.85
2026-04-19 23:00:00+02:00,120.2409079165827,115.61
2026-04-19 23:15:00+02:00,114.46885244181725,111.97
2026-04-19 23:30:00+02:00,111.05644238856401,110.59
2026-04-19 23:45:00+02:00,100.68993933507252,106.76
2026-04-20 00:00:00+02:00,111.20302275190069,115.22
2026-04-20 00:15:00+02:00,107.3567311532002,106.59
2026-04-20 00:30:00+02:00,104.44747726912091,103.55
2026-04-20 00:45:00+02:00,101.58056831754052,99.87
2026-04-20 01:00:00+02:00,103.04563587093415,104.9
2026-04-20 01:15:00+02:00,103.12339708358651,102.7
2026-04-20 01:30:00+02:00,102.61922225514381,102.1
2026-04-20 01:45:00+02:00,102.0426161238146,94.75
2026-04-20 02:00:00+02:00,101.32105205960384,102.8
2026-04-20 02:15:00+02:00,99.39066781052071,97.29
2026-04-20 02:30:00+02:00,99.0637493279516,99.0
2026-04-20 02:45:00+02:00,98.67325062111732,96.96
2026-04-20 03:00:00+02:00,97.68535126680138,98.5
2026-04-20 03:15:00+02:00,97.13690271606669,97.29
2026-04-20 03:30:00+02:00,99.45563699112321,99.21
2026-04-20 03:45:00+02:00,99.39630060305049,101.16
2026-04-20 04:00:00+02:00,99.21043130716325,98.46
2026-04-20 04:15:00+02:00,100.88111163369949,101.32
2026-04-20 04:30:00+02:00,99.67568595166205,102.26
2026-04-20 04:45:00+02:00,104.37316191746791,107.17
2026-04-20 05:00:00+02:00,98.58570943648242,100.37
2026-04-20 05:15:00+02:00,103.49162639605814,106.07
2026-04-20 05:30:00+02:00,106.45631410840613,114.09
2026-04-20 05:45:00+02:00,117.79151152447596,125.87
2026-04-20 06:00:00+02:00,113.4805957619739,116.38
2026-04-20 06:15:00+02:00,123.11154778695867,129.12
2026-04-20 06:30:00+02:00,136.47319725998685,136.83
2026-04-20 06:45:00+02:00,139.23759982336088,135.21
2026-04-20 07:00:00+02:00,133.81866794533494,147.34
2026-04-20 07:15:00+02:00,134.15046733311848,151.0
2026-04-20 07:30:00+02:00,136.34547395757068,144.53
2026-04-20 07:45:00+02:00,122.10117573843938,125.96
2026-04-20 08:00:00+02:00,157.19697693901793,163.93
2026-04-20 08:15:00+02:00,140.61933408568405,135.18
2026-04-20 08:30:00+02:00,128.7051223783045,124.08
2026-04-20 08:45:00+02:00,107.11730453814747,114.09
2026-04-20 09:00:00+02:00,134.5581144346842,141.98
2026-04-20 09:15:00+02:00,115.88655408812915,117.94
2026-04-20 09:30:00+02:00,94.4657670382958,102.31
2026-04-20 09:45:00+02:00,80.6880119042629,77.83
2026-04-20 10:00:00+02:00,110.56384322677127,111.22
2026-04-20 10:15:00+02:00,83.0104278005647,85.64
2026-04-20 10:30:00+02:00,72.72061609197868,89.42
2026-04-20 10:45:00+02:00,47.66581199839123,74.51
2026-04-20 11:00:00+02:00,48.543908322507164,90.57
2026-04-20 11:15:00+02:00,36.965833647681706,82.36
2026-04-20 11:30:00+02:00,31.218628343135688,73.71
2026-04-20 11:45:00+02:00,23.85535166452791,56.91
2026-04-20 12:00:00+02:00,43.6156711729269,73.64
2026-04-20 12:15:00+02:00,37.50050703688471,51.71
2026-04-20 12:30:00+02:00,37.66756138563692,45.13
2026-04-20 12:45:00+02:00,21.85627190590944,34.25
2026-04-20 13:00:00+02:00,27.397456601639067,47.14
2026-04-20 13:15:00+02:00,22.11933698863676,36.57
2026-04-20 13:30:00+02:00,8.720100579995584,26.73
2026-04-20 13:45:00+02:00,4.236309805750185,19.94
2026-04-20 14:00:00+02:00,10.924220175255996,20.18
2026-04-20 14:15:00+02:00,18.808806250466944,27.4
2026-04-20 14:30:00+02:00,26.276144208764173,28.69
2026-04-20 14:45:00+02:00,41.857089579671936,42.01
2026-04-20 15:00:00+02:00,14.87865545089867,24.78
2026-04-20 15:15:00+02:00,47.947301942346456,36.84
2026-04-20 15:30:00+02:00,81.02429571893735,53.28
2026-04-20 15:45:00+02:00,73.51344684154122,71.0
2026-04-20 16:00:00+02:00,52.397955869005145,62.61
2026-04-20 16:15:00+02:00,74.32072408794127,77.17
2026-04-20 16:30:00+02:00,79.8354169550273,81.88
2026-04-20 16:45:00+02:00,82.51636519475659,91.64
2026-04-20 17:00:00+02:00,75.44258636513926,81.59
2026-04-20 17:15:00+02:00,75.59468334766271,87.73
2026-04-20 17:30:00+02:00,98.31473594385079,101.76
2026-04-20 17:45:00+02:00,119.69144986611647,117.9
2026-04-20 18:00:00+02:00,113.72802290339331,99.21
2026-04-20 18:15:00+02:00,121.84966744663448,112.77
2026-04-20 18:30:00+02:00,134.13539130724234,118.06
2026-04-20 18:45:00+02:00,139.41306286963135,121.6
2026-04-20 19:00:00+02:00,137.4307554597147,118.48
2026-04-20 19:15:00+02:00,126.46813399847927,122.43
2026-04-20 19:30:00+02:00,122.28801328408521,125.01
2026-04-20 19:45:00+02:00,156.04253154194745,127.71
2026-04-20 20:00:00+02:00,136.50358709994256,129.09
2026-04-20 20:15:00+02:00,130.04253665224343,127.72
2026-04-20 20:30:00+02:00,133.46272320818113,126.91
2026-04-20 20:45:00+02:00,121.84597112647408,125.0
2026-04-20 21:00:00+02:00,138.61539737761635,130.04
2026-04-20 21:15:00+02:00,123.82976288022888,122.91
2026-04-20 21:30:00+02:00,118.26432069908748,119.65
2026-04-20 21:45:00+02:00,109.18132438657395,115.16
2026-04-20 22:00:00+02:00,110.16733693603146,123.1
2026-04-20 22:15:00+02:00,109.43795553513533,117.57
2026-04-20 22:30:00+02:00,110.17869925826743,116.12
2026-04-20 22:45:00+02:00,104.16355967354167,107.1
2026-04-20 23:00:00+02:00,106.89969760973433,115.07
2026-04-20 23:15:00+02:00,101.93382405267499,107.49
2026-04-20 23:30:00+02:00,104.34219836266995,105.44
2026-04-20 23:45:00+02:00,93.38171976430264,99.17
2026-04-21 00:00:00+02:00,112.49729829499282,101.59
2026-04-21 00:15:00+02:00,106.19406703116967,99.82
2026-04-21 00:30:00+02:00,103.9268178330751,98.6
2026-04-21 00:45:00+02:00,97.47421418376892,95.99
2026-04-21 01:00:00+02:00,103.44940278605242,100.57
2026-04-21 01:15:00+02:00,99.07979021172612,98.42
2026-04-21 01:30:00+02:00,98.28026714291616,98.28
2026-04-21 01:45:00+02:00,95.31905523425844,97.3
2026-04-21 02:00:00+02:00,98.57386568192625,98.09
2026-04-21 02:15:00+02:00,95.91627391815453,97.92
2026-04-21 02:30:00+02:00,96.19661606242322,98.74
2026-04-21 02:45:00+02:00,94.90888017676892,98.74
2026-04-21 03:00:00+02:00,94.47579029908829,97.51
2026-04-21 03:15:00+02:00,95.55430336813946,98.38
2026-04-21 03:30:00+02:00,98.30228237808987,98.7
2026-04-21 03:45:00+02:00,98.44191602326941,101.71
2026-04-21 04:00:00+02:00,97.03180639484944,97.64
2026-04-21 04:15:00+02:00,99.353953575928,98.55
2026-04-21 04:30:00+02:00,102.4289451445574,101.05
2026-04-21 04:45:00+02:00,104.4864522156465,103.52
2026-04-21 05:00:00+02:00,101.05232771293075,100.03
2026-04-21 05:15:00+02:00,102.92779923571796,103.6
2026-04-21 05:30:00+02:00,112.14007225370139,111.69
2026-04-21 05:45:00+02:00,126.42011747854288,118.47
2026-04-21 06:00:00+02:00,115.06863311183555,116.71
2026-04-21 06:15:00+02:00,132.88222479339353,127.37
2026-04-21 06:30:00+02:00,138.94495811931006,129.93
2026-04-21 06:45:00+02:00,143.2323721635733,134.33
2026-04-21 07:00:00+02:00,149.3421911964665,144.79
2026-04-21 07:15:00+02:00,147.974555006228,144.61
2026-04-21 07:30:00+02:00,133.65090703483457,133.53
2026-04-21 07:45:00+02:00,117.18833138448302,118.38
2026-04-21 08:00:00+02:00,170.42016197786643,141.14
2026-04-21 08:15:00+02:00,125.94694301200512,124.12
2026-04-21 08:30:00+02:00,111.0838688661445,115.07
2026-04-21 08:45:00+02:00,97.32770711190594,95.46
2026-04-21 09:00:00+02:00,126.42814773098534,131.44
2026-04-21 09:15:00+02:00,105.39258279351381,111.0
2026-04-21 09:30:00+02:00,93.59868764918616,85.83
2026-04-21 09:45:00+02:00,72.42679029500472,60.95
2026-04-21 10:00:00+02:00,95.99380379131108,87.7
2026-04-21 10:15:00+02:00,70.79480824420288,80.53
2026-04-21 10:30:00+02:00,59.21521026497092,54.1
2026-04-21 10:45:00+02:00,42.89466486665656,17.25
2026-04-21 11:00:00+02:00,49.77844630772375,44.02
2026-04-21 11:15:00+02:00,22.809993339297257,24.01
2026-04-21 11:30:00+02:00,13.254537610922497,10.38
2026-04-21 11:45:00+02:00,9.070913094942796,0.0
2026-04-21 12:00:00+02:00,14.900249696650597,0.0
2026-04-21 12:15:00+02:00,14.806827910183525,0.0
2026-04-21 12:30:00+02:00,7.867884358614521,-0.04
2026-04-21 12:45:00+02:00,8.23902804603936,-0.35
2026-04-21 13:00:00+02:00,13.987936723194037,-1.0
2026-04-21 13:15:00+02:00,7.9456338033659755,-1.01
2026-04-21 13:30:00+02:00,3.2351129572245085,-1.91
2026-04-21 13:45:00+02:00,-16.9645776323355,-3.09
2026-04-21 14:00:00+02:00,-1.6025406607660742,-5.11
2026-04-21 14:15:00+02:00,1.415917735670071,-3.89
2026-04-21 14:30:00+02:00,15.933565252054109,-3.48
2026-04-21 14:45:00+02:00,21.47979127690415,-2.32
2026-04-21 15:00:00+02:00,16.775711303246396,-5.1
2026-04-21 15:15:00+02:00,29.235754856462414,-1.36
2026-04-21 15:30:00+02:00,36.70291286476154,-0.9
2026-04-21 15:45:00+02:00,46.1847614922948,-0.09
2026-04-21 16:00:00+02:00,39.58229387145728,-0.08
2026-04-21 16:15:00+02:00,56.58033883272618,0.0
2026-04-21 16:30:00+02:00,36.25750519529424,13.96
2026-04-21 16:45:00+02:00,62.41231237050887,44.26
2026-04-21 17:00:00+02:00,34.89392028746053,27.4
2026-04-21 17:15:00+02:00,74.67422242705527,61.23
2026-04-21 17:30:00+02:00,105.34829013078263,86.42
2026-04-21 17:45:00+02:00,127.69559053190264,104.27
2026-04-21 18:00:00+02:00,86.01365440042105,84.05
2026-04-21 18:15:00+02:00,110.84857564028334,95.27
2026-04-21 18:30:00+02:00,136.41321821523863,109.97
2026-04-21 18:45:00+02:00,164.0984121326608,121.29
2026-04-21 19:00:00+02:00,145.91258909532408,117.68
2026-04-21 19:15:00+02:00,146.10085800452146,126.72
2026-04-21 19:30:00+02:00,158.0249778012314,137.71
2026-04-21 19:45:00+02:00,161.8410308642088,154.33
2026-04-21 20:00:00+02:00,165.18914563194102,150.5
2026-04-21 20:15:00+02:00,150.5509715323591,151.27
2026-04-21 20:30:00+02:00,142.23544838219425,144.98
2026-04-21 20:45:00+02:00,131.82436207593955,132.35
2026-04-21 21:00:00+02:00,142.86387449170553,147.72
2026-04-21 21:15:00+02:00,136.80625638513175,131.23
2026-04-21 21:30:00+02:00,132.6012971514336,122.66
2026-04-21 21:45:00+02:00,117.27048030672927,116.87
2026-04-21 22:00:00+02:00,132.1081143069875,127.99
2026-04-21 22:15:00+02:00,128.3496282885356,122.29
2026-04-21 22:30:00+02:00,131.99658849167326,118.03
2026-04-21 22:45:00+02:00,118.8365589087254,111.07
2026-04-21 23:00:00+02:00,120.61479346127781,118.01
2026-04-21 23:15:00+02:00,112.0164112553049,115.01
2026-04-21 23:30:00+02:00,107.92032727608702,110.98
2026-04-21 23:45:00+02:00,102.2575734888905,103.49
2026-04-22 00:00:00+02:00,118.02008672806649,110.94
2026-04-22 00:15:00+02:00,112.8240165651449,108.55
2026-04-22 00:30:00+02:00,104.84371005853069,106.12
2026-04-22 00:45:00+02:00,101.65550231720974,102.77
2026-04-22 01:00:00+02:00,107.27224828293352,106.08
2026-04-22 01:15:00+02:00,105.60099726534305,104.07
2026-04-22 01:30:00+02:00,106.65113437826612,103.85
2026-04-22 01:45:00+02:00,104.56014731500815,102.44
2026-04-22 02:00:00+02:00,107.87062735442132,107.4
2026-04-22 02:15:00+02:00,109.20961036947483,103.93
2026-04-22 02:30:00+02:00,108.6540664980522,103.02
2026-04-22 02:45:00+02:00,108.1942921146284,102.45
2026-04-22 03:00:00+02:00,105.24268154769985,103.53
2026-04-22 03:15:00+02:00,108.11795586560652,103.72
2026-04-22 03:30:00+02:00,109.22967115742127,105.48
2026-04-22 03:45:00+02:00,113.24211850025307,106.66
2026-04-22 04:00:00+02:00,109.35995130273855,104.13
2026-04-22 04:15:00+02:00,112.6321790883712,107.53
2026-04-22 04:30:00+02:00,112.29014628070232,110.23
2026-04-22 04:45:00+02:00,111.04105668815447,116.88
2026-04-22 05:00:00+02:00,109.78112566096353,107.36
2026-04-22 05:15:00+02:00,114.00146185602634,116.01
2026-04-22 05:30:00+02:00,118.18527429985122,123.4
2026-04-22 05:45:00+02:00,125.42610633582892,138.16
2026-04-22 06:00:00+02:00,127.81727398024772,125.6
2026-04-22 06:15:00+02:00,138.82800395929976,137.93
2026-04-22 06:30:00+02:00,148.24871602850757,145.19
2026-04-22 06:45:00+02:00,155.19416518567584,150.65
2026-04-22 07:00:00+02:00,185.11515218419717,154.98
2026-04-22 07:15:00+02:00,163.9992943543542,143.22
2026-04-22 07:30:00+02:00,131.61102243840114,130.1
2026-04-22 07:45:00+02:00,107.22858950272355,110.89
2026-04-22 08:00:00+02:00,154.86853856042285,140.46
2026-04-22 08:15:00+02:00,115.36845656226365,125.58
2026-04-22 08:30:00+02:00,95.53192178681505,116.01
2026-04-22 08:45:00+02:00,79.77729578989624,73.41
2026-04-22 09:00:00+02:00,121.97103866928629,123.86
2026-04-22 09:15:00+02:00,91.93116886213139,98.87
2026-04-22 09:30:00+02:00,68.6711902437429,68.89
2026-04-22 09:45:00+02:00,49.226048931187,26.6
2026-04-22 10:00:00+02:00,82.28708375844847,65.72
2026-04-22 10:15:00+02:00,45.3483481753092,17.33
2026-04-22 10:30:00+02:00,16.203545344403175,0.0
2026-04-22 10:45:00+02:00,-3.0245028077210705,-2.43
2026-04-22 11:00:00+02:00,2.5468272616558636,-0.36
2026-04-22 11:15:00+02:00,-0.3710005338494824,-0.98
2026-04-22 11:30:00+02:00,-7.505475667452025,-1.17
2026-04-22 11:45:00+02:00,-6.3266056062564715,-7.17
2026-04-22 12:00:00+02:00,-12.01549383062521,-3.88
2026-04-22 12:15:00+02:00,-11.77067512103691,-7.51
2026-04-22 12:30:00+02:00,-13.689338705318207,-9.49
2026-04-22 12:45:00+02:00,-14.321684243144993,-14.45
2026-04-22 13:00:00+02:00,-17.95562599586677,-15.0
2026-04-22 13:15:00+02:00,-15.48924303385359,-18.38
2026-04-22 13:30:00+02:00,-27.296846064791175,-25.0
2026-04-22 13:45:00+02:00,-25.97818544784377,-25.56
2026-04-22 14:00:00+02:00,-25.717806140640143,-28.36
2026-04-22 14:15:00+02:00,-25.22967349612228,-22.33
2026-04-22 14:30:00+02:00,-20.371986184018525,-14.99
2026-04-22 14:45:00+02:00,-21.01061438767495,-10.32
2026-04-22 15:00:00+02:00,-14.058345805564542,-9.83
2026-04-22 15:15:00+02:00,-15.068784028276283,-6.0
2026-04-22 15:30:00+02:00,-9.293698003156237,-2.46
2026-04-22 15:45:00+02:00,-0.4582351972720744,-1.39
2026-04-22 16:00:00+02:00,-1.6771289417036428,-1.47
2026-04-22 16:15:00+02:00,-12.328105381382173,-2.0
2026-04-22 16:30:00+02:00,14.965100997183683,-0.06
2026-04-22 16:45:00+02:00,39.00389555330342,3.49
2026-04-22 17:00:00+02:00,28.228671606993757,4.32
2026-04-22 17:15:00+02:00,51.0472928598789,29.37
2026-04-22 17:30:00+02:00,78.98659985329857,82.3
2026-04-22 17:45:00+02:00,106.98018182141965,113.63
2026-04-22 18:00:00+02:00,78.63296610263149,75.16
2026-04-22 18:15:00+02:00,86.67870152679568,94.65
2026-04-22 18:30:00+02:00,112.03440610896715,118.46
2026-04-22 18:45:00+02:00,131.28235015763676,132.92
2026-04-22 19:00:00+02:00,120.72684661040063,112.94
2026-04-22 19:15:00+02:00,138.22316474739765,127.1
2026-04-22 19:30:00+02:00,152.32232926023036,142.92
2026-04-22 19:45:00+02:00,160.63870582743525,177.51
2026-04-22 20:00:00+02:00,161.63076824274756,167.66
2026-04-22 20:15:00+02:00,155.11082138818543,157.78
2026-04-22 20:30:00+02:00,143.33074371431815,155.88
2026-04-22 20:45:00+02:00,134.15094854188212,134.32
2026-04-22 21:00:00+02:00,145.63124184289398,150.01
2026-04-22 21:15:00+02:00,136.12401054217145,126.74
2026-04-22 21:30:00+02:00,127.76634502571653,122.3
2026-04-22 21:45:00+02:00,118.34570444410475,114.99
2026-04-22 22:00:00+02:00,131.78182023665505,125.79
2026-04-22 22:15:00+02:00,125.43816804263528,117.45
2026-04-22 22:30:00+02:00,123.27521177641638,110.48
2026-04-22 22:45:00+02:00,120.71290504110605,104.08
2026-04-22 23:00:00+02:00,125.4020003990856,109.47
2026-04-22 23:15:00+02:00,117.86537395274645,107.14
2026-04-22 23:30:00+02:00,113.28530437151085,103.77
2026-04-22 23:45:00+02:00,112.53773341863558,99.93
2026-04-23 00:00:00+02:00,105.70409547708581,103.45
2026-04-23 00:15:00+02:00,104.0619362209749,101.44
2026-04-23 00:30:00+02:00,101.58284956739335,99.5
2026-04-23 00:45:00+02:00,98.10496048351438,96.17
2026-04-23 01:00:00+02:00,99.1411740677894,100.61
2026-04-23 01:15:00+02:00,97.31444832329515,98.4
2026-04-23 01:30:00+02:00,97.46667650722547,96.99
2026-04-23 01:45:00+02:00,95.39189646951145,94.5
2026-04-23 02:00:00+02:00,98.85240637644014,97.79
2026-04-23 02:15:00+02:00,96.04455949277241,96.46
2026-04-23 02:30:00+02:00,97.9976303570662,96.32
2026-04-23 02:45:00+02:00,97.47087875544347,96.37
2026-04-23 03:00:00+02:00,98.02818290393947,96.61
2026-04-23 03:15:00+02:00,98.37461439659126,96.01
2026-04-23 03:30:00+02:00,98.46204547985339,96.1
2026-04-23 03:45:00+02:00,98.1814955167368,96.11
2026-04-23 04:00:00+02:00,94.80593267448704,92.98
2026-04-23 04:15:00+02:00,99.76575638788984,95.54
2026-04-23 04:30:00+02:00,98.15724781652726,96.38
2026-04-23 04:45:00+02:00,100.00017654085498,98.5
2026-04-23 05:00:00+02:00,97.25746814714273,97.89
2026-04-23 05:15:00+02:00,100.9848794294031,100.97
2026-04-23 05:30:00+02:00,103.1052500521872,106.78
2026-04-23 05:45:00+02:00,112.8905898562361,111.0
2026-04-23 06:00:00+02:00,108.05265060585603,113.62
2026-04-23 06:15:00+02:00,116.9106670108107,119.43
2026-04-23 06:30:00+02:00,119.24692177371071,121.89
2026-04-23 06:45:00+02:00,125.5941920335544,121.06
2026-04-23 07:00:00+02:00,143.65570556394144,128.39
2026-04-23 07:15:00+02:00,132.7065212525712,121.9
2026-04-23 07:30:00+02:00,117.82420905182478,120.62
2026-04-23 07:45:00+02:00,100.04288144419175,106.69
2026-04-23 08:00:00+02:00,129.1976994553893,131.58
2026-04-23 08:15:00+02:00,107.8618076645319,126.69
2026-04-23 08:30:00+02:00,97.16857273606398,109.98
2026-04-23 08:45:00+02:00,60.79988051622157,70.54
2026-04-23 09:00:00+02:00,109.88512089638645,117.59
2026-04-23 09:15:00+02:00,88.33581502664684,79.37
2026-04-23 09:30:00+02:00,67.6517923526212,50.91
2026-04-23 09:45:00+02:00,17.98410448063759,5.3
2026-04-23 10:00:00+02:00,52.49021224247583,0.5
2026-04-23 10:15:00+02:00,16.79515088245209,-0.09
2026-04-23 10:30:00+02:00,1.6480990852123227,-1.0
2026-04-23 10:45:00+02:00,-12.831175129903649,-1.66
2026-04-23 11:00:00+02:00,-1.8603676772600863,-1.84
2026-04-23 11:15:00+02:00,-8.009054462509297,-3.53
2026-04-23 11:30:00+02:00,-9.967805233446974,-7.58
2026-04-23 11:45:00+02:00,-9.162650598133101,-11.75
2026-04-23 12:00:00+02:00,-12.6887633019983,-13.99
2026-04-23 12:15:00+02:00,-20.134654960608948,-23.94
2026-04-23 12:30:00+02:00,-20.386048114659086,-32.19
2026-04-23 12:45:00+02:00,-28.540633046764693,-45.91
2026-04-23 13:00:00+02:00,-26.500754896237446,-39.98
2026-04-23 13:15:00+02:00,-31.473045867433036,-49.72
2026-04-23 13:30:00+02:00,-30.704379831673634,-51.59
2026-04-23 13:45:00+02:00,-39.22803603038619,-56.95
2026-04-23 14:00:00+02:00,-31.167359843041663,-56.32
2026-04-23 14:15:00+02:00,-41.108199212574405,-51.01
2026-04-23 14:30:00+02:00,-29.998107280917026,-48.14
2026-04-23 14:45:00+02:00,-27.373922521170535,-39.98
2026-04-23 15:00:00+02:00,-27.9605400614062,-39.0
2026-04-23 15:15:00+02:00,-24.894858920531206,-28.46
2026-04-23 15:30:00+02:00,-13.012446376199719,-14.99
2026-04-23 15:45:00+02:00,-1.4979611185894726,-9.11
2026-04-23 16:00:00+02:00,-8.06192484272242,-6.53
2026-04-23 16:15:00+02:00,-1.9886229899030923,-1.09
2026-04-23 16:30:00+02:00,10.549821934432146,-0.1
2026-04-23 16:45:00+02:00,23.066789744348995,0.0
2026-04-23 17:00:00+02:00,19.023508707435255,-0.05
2026-04-23 17:15:00+02:00,46.448762090281804,0.09
2026-04-23 17:30:00+02:00,87.32615224601798,7.35
2026-04-23 17:45:00+02:00,97.90374356554695,80.48
2026-04-23 18:00:00+02:00,72.42367180522757,47.57
2026-04-23 18:15:00+02:00,91.04422148127088,84.0
2026-04-23 18:30:00+02:00,105.47358676082735,111.81
2026-04-23 18:45:00+02:00,117.3027898623317,130.91
2026-04-23 19:00:00+02:00,103.12829110519013,105.21
2026-04-23 19:15:00+02:00,115.47789202052253,116.27
2026-04-23 19:30:00+02:00,124.73518534936382,127.4
2026-04-23 19:45:00+02:00,144.47524137086424,137.12
2026-04-23 20:00:00+02:00,132.4521572675636,144.91
2026-04-23 20:15:00+02:00,133.9890638779136,141.12
2026-04-23 20:30:00+02:00,127.05719439022802,136.03
2026-04-23 20:45:00+02:00,115.2253140756032,125.76
2026-04-23 21:00:00+02:00,133.594154373577,125.39
2026-04-23 21:15:00+02:00,118.05705835019546,118.75
2026-04-23 21:30:00+02:00,107.50049973778746,113.99
2026-04-23 21:45:00+02:00,95.37484978538323,107.02
2026-04-23 22:00:00+02:00,116.11786629858611,113.46
2026-04-23 22:15:00+02:00,105.34123522390408,110.37
2026-04-23 22:30:00+02:00,97.30644644464323,107.98
2026-04-23 22:45:00+02:00,88.52701439370495,101.13
2026-04-23 23:00:00+02:00,100.31296298597688,104.64
2026-04-23 23:15:00+02:00,92.4565066838442,99.77
2026-04-23 23:30:00+02:00,87.25453317866703,98.88
2026-04-23 23:45:00+02:00,74.99378858073275,94.54
2026-04-24 00:00:00+02:00,107.03926585215726,111.03
2026-04-24 00:15:00+02:00,101.73044700482832,101.27
2026-04-24 00:30:00+02:00,96.90183922725943,98.27
2026-04-24 00:45:00+02:00,93.27756519700166,99.25
2026-04-24 01:00:00+02:00,94.45144108896484,101.39
2026-04-24 01:15:00+02:00,92.12303432672992,99.96
2026-04-24 01:30:00+02:00,90.2591908313003,99.65
2026-04-24 01:45:00+02:00,92.34082450753759,99.52
2026-04-24 02:00:00+02:00,91.77242970584983,101.7
2026-04-24 02:15:00+02:00,90.85087127375884,100.45
2026-04-24 02:30:00+02:00,90.23654330157561,100.36
2026-04-24 02:45:00+02:00,89.55042467564354,100.33
2026-04-24 03:00:00+02:00,92.2248088909341,100.57
2026-04-24 03:15:00+02:00,90.72752367665727,101.38
2026-04-24 03:30:00+02:00,93.15886776695937,102.28
2026-04-24 03:45:00+02:00,93.13516630723804,102.53
2026-04-24 04:00:00+02:00,91.71646237174089,102.15
2026-04-24 04:15:00+02:00,92.73601198975112,104.2
2026-04-24 04:30:00+02:00,91.49102255678561,106.78
2026-04-24 04:45:00+02:00,86.70260206767637,108.3
2026-04-24 05:00:00+02:00,91.208251422945,104.95
2026-04-24 05:15:00+02:00,88.73027571953948,111.09
2026-04-24 05:30:00+02:00,98.59593756019032,121.39
2026-04-24 05:45:00+02:00,111.35671627702946,127.79
2026-04-24 06:00:00+02:00,105.3276013378082,125.18
2026-04-24 06:15:00+02:00,125.25391099513119,133.35
2026-04-24 06:30:00+02:00,140.295833702068,133.58
2026-04-24 06:45:00+02:00,145.4760028842826,135.38
2026-04-24 07:00:00+02:00,163.00107735448358,149.44
2026-04-24 07:15:00+02:00,169.66913296654033,142.82
2026-04-24 07:30:00+02:00,138.9740067768094,135.96
2026-04-24 07:45:00+02:00,124.24367053980684,123.73
2026-04-24 08:00:00+02:00,156.71098620868113,154.95
2026-04-24 08:15:00+02:00,135.3484944486924,126.1
2026-04-24 08:30:00+02:00,117.72882403943422,113.2
2026-04-24 08:45:00+02:00,81.36641865589789,76.49
2026-04-24 09:00:00+02:00,127.71616223896581,128.29
2026-04-24 09:15:00+02:00,95.26494869214275,82.77
2026-04-24 09:30:00+02:00,71.2532908795672,68.38
2026-04-24 09:45:00+02:00,45.6720847671434,44.18
2026-04-24 10:00:00+02:00,66.77802589734316,59.69
2026-04-24 10:15:00+02:00,18.242267883608847,17.37
2026-04-24 10:30:00+02:00,5.2809253169809764,1.23
2026-04-24 10:45:00+02:00,0.9972156925809017,0.0
2026-04-24 11:00:00+02:00,3.485376157924577,0.09
2026-04-24 11:15:00+02:00,-5.058792764563066,0.0
2026-04-24 11:30:00+02:00,-8.289015220716607,-0.03
2026-04-24 11:45:00+02:00,-10.971748273034045,-0.2
2026-04-24 12:00:00+02:00,-10.430905115330553,-1.5
2026-04-24 12:15:00+02:00,-17.32061324330433,-4.51
2026-04-24 12:30:00+02:00,-21.147487512235585,-7.05
2026-04-24 12:45:00+02:00,-29.686612933586716,-14.57
2026-04-24 13:00:00+02:00,-28.967073298850792,-15.0
2026-04-24 13:15:00+02:00,-35.55803516698242,-20.06
2026-04-24 13:30:00+02:00,-36.93667471124992,-30.0
2026-04-24 13:45:00+02:00,-36.44365511696327,-39.5
2026-04-24 14:00:00+02:00,-40.13345675362043,-32.69
2026-04-24 14:15:00+02:00,-34.666525533407246,-31.26
2026-04-24 14:30:00+02:00,-32.998311895209994,-30.0
2026-04-24 14:45:00+02:00,-26.15136438724599,-26.06
2026-04-24 15:00:00+02:00,-20.198180392425,-26.73
2026-04-24 15:15:00+02:00,-10.721052363591426,-19.68
2026-04-24 15:30:00+02:00,-11.37155056395892,-12.81
2026-04-24 15:45:00+02:00,-4.979262116869592,-7.0
2026-04-24 16:00:00+02:00,-8.658997696188479,-5.43
2026-04-24 16:15:00+02:00,6.73180244240308,-1.01
2026-04-24 16:30:00+02:00,6.363071508078349,-0.02
2026-04-24 16:45:00+02:00,14.794844332085418,0.01
2026-04-24 17:00:00+02:00,11.542532647990583,0.0
2026-04-24 17:15:00+02:00,39.24502173470569,17.3
2026-04-24 17:30:00+02:00,81.11457061944247,79.33
2026-04-24 17:45:00+02:00,123.86021466514137,107.0
2026-04-24 18:00:00+02:00,90.51043014462651,58.02
2026-04-24 18:15:00+02:00,130.828967906068,96.13
2026-04-24 18:30:00+02:00,152.10465544241887,119.06
2026-04-24 18:45:00+02:00,165.47872643863514,146.06
2026-04-24 19:00:00+02:00,151.0324509737081,107.98
2026-04-24 19:15:00+02:00,169.03034170904195,123.55
2026-04-24 19:30:00+02:00,163.95616910590175,133.5
2026-04-24 19:45:00+02:00,159.6363115965099,170.21
2026-04-24 20:00:00+02:00,160.9821284230226,141.51
2026-04-24 20:15:00+02:00,147.7245887563155,136.03
2026-04-24 20:30:00+02:00,146.69101047771022,141.06
2026-04-24 20:45:00+02:00,131.08442243896846,130.76
2026-04-24 21:00:00+02:00,131.6418111608024,163.25
2026-04-24 21:15:00+02:00,131.25209672159113,129.56
2026-04-24 21:30:00+02:00,128.02393414357869,122.01
2026-04-24 21:45:00+02:00,108.72185672898186,109.28
2026-04-24 22:00:00+02:00,124.44582613148863,129.86
2026-04-24 22:15:00+02:00,120.32595177957616,124.91
2026-04-24 22:30:00+02:00,117.2306695309878,120.72
2026-04-24 22:45:00+02:00,112.39896602845894,112.02
2026-04-24 23:00:00+02:00,116.61596748755521,117.96
2026-04-24 23:15:00+02:00,107.56557450743962,114.8
2026-04-24 23:30:00+02:00,112.5764660662112,111.92
2026-04-24 23:45:00+02:00,102.7585114323752,109.09
2026-04-25 00:00:00+02:00,108.39591697246955,106.72
2026-04-25 00:15:00+02:00,103.73067457849375,99.05
2026-04-25 00:30:00+02:00,102.09316680798118,100.15
2026-04-25 00:45:00+02:00,99.13582067376043,96.58
2026-04-25 01:00:00+02:00,102.83331116146682,98.2
2026-04-25 01:15:00+02:00,102.78369546726577,94.63
2026-04-25 01:30:00+02:00,102.8829832275894,95.46
2026-04-25 01:45:00+02:00,98.59731212762931,93.87
2026-04-25 02:00:00+02:00,102.68094250848594,97.95
2026-04-25 02:15:00+02:00,97.16194735546327,96.19
2026-04-25 02:30:00+02:00,98.87301428056865,93.22
2026-04-25 02:45:00+02:00,98.96096370824937,93.12
2026-04-25 03:00:00+02:00,100.52617127926146,97.71
2026-04-25 03:15:00+02:00,98.92053834975601,94.81
2026-04-25 03:30:00+02:00,98.48380717738841,94.96
2026-04-25 03:45:00+02:00,100.24722608124696,93.15
2026-04-25 04:00:00+02:00,96.37871810106274,88.35
2026-04-25 04:15:00+02:00,97.54399429194441,87.91
2026-04-25 04:30:00+02:00,100.0522619727361,88.7
2026-04-25 04:45:00+02:00,95.88127594757485,88.87
2026-04-25 05:00:00+02:00,100.20972639038324,88.78
2026-04-25 05:15:00+02:00,102.59186692116562,88.18
2026-04-25 05:30:00+02:00,108.01794064572685,89.43
2026-04-25 05:45:00+02:00,104.69649980163223,85.73
2026-04-25 06:00:00+02:00,104.89777965461,89.86
2026-04-25 06:15:00+02:00,100.16394655264463,90.87
2026-04-25 06:30:00+02:00,108.11117238810644,86.0
2026-04-25 06:45:00+02:00,91.5160938438454,66.0
2026-04-25 07:00:00+02:00,119.04601091627674,95.07
2026-04-25 07:15:00+02:00,100.62895534907292,88.64
2026-04-25 07:30:00+02:00,94.5619047841655,65.81
2026-04-25 07:45:00+02:00,72.92699787828042,35.93
2026-04-25 08:00:00+02:00,113.0508089492288,58.87
2026-04-25 08:15:00+02:00,85.89279425250534,17.07
2026-04-25 08:30:00+02:00,75.86542169659182,4.1
2026-04-25 08:45:00+02:00,45.07916486669796,0.1
2026-04-25 09:00:00+02:00,76.6952840206414,0.2
2026-04-25 09:15:00+02:00,52.60942035863535,-0.01
2026-04-25 09:30:00+02:00,30.224718849321455,-0.01
2026-04-25 09:45:00+02:00,13.399926845019166,-0.35
2026-04-25 10:00:00+02:00,14.837090129799336,-0.08
2026-04-25 10:15:00+02:00,6.9690738870568225,-2.02
2026-04-25 10:30:00+02:00,-2.648708421322752,-7.0
2026-04-25 10:45:00+02:00,-12.565621202186392,-19.98
2026-04-25 11:00:00+02:00,-16.00033940801454,-15.03
2026-04-25 11:15:00+02:00,-14.629158348003415,-30.0
2026-04-25 11:30:00+02:00,-18.478751295939297,-51.43
2026-04-25 11:45:00+02:00,-17.52883217758326,-72.11
2026-04-25 12:00:00+02:00,-25.61505825116167,-70.29
2026-04-25 12:15:00+02:00,-31.003838253983872,-89.98
2026-04-25 12:30:00+02:00,-24.33711909178097,-109.94
2026-04-25 12:45:00+02:00,-34.08165419112502,-131.84
2026-04-25 13:00:00+02:00,-35.70917413769864,-130.06
2026-04-25 13:15:00+02:00,-39.23989253090358,-183.57
2026-04-25 13:30:00+02:00,-47.55571034163202,-190.44
2026-04-25 13:45:00+02:00,-55.917891708722095,-201.7
2026-04-25 14:00:00+02:00,-49.52696836814733,-195.84
2026-04-25 14:15:00+02:00,-51.13881031043209,-193.53
2026-04-25 14:30:00+02:00,-46.57394243806762,-190.92
2026-04-25 14:45:00+02:00,-39.54727303264302,-183.17
2026-04-25 15:00:00+02:00,-41.896866767671156,-166.95
2026-04-25 15:15:00+02:00,-32.344042951314265,-154.01
2026-04-25 15:30:00+02:00,-18.596895358140927,-120.45
2026-04-25 15:45:00+02:00,-19.287225695772534,-93.8
2026-04-25 16:00:00+02:00,-20.20682594269499,-93.74
2026-04-25 16:15:00+02:00,-4.415533438334506,-67.16
2026-04-25 16:30:00+02:00,1.122529491874161,-39.0
2026-04-25 16:45:00+02:00,24.113988641477178,-16.0
2026-04-25 17:00:00+02:00,10.102120376484109,-15.0
2026-04-25 17:15:00+02:00,38.77881212671596,-4.93
2026-04-25 17:30:00+02:00,50.95774224093846,-1.0
2026-04-25 17:45:00+02:00,106.05014988744954,-0.05
2026-04-25 18:00:00+02:00,61.897686711227635,-1.03
2026-04-25 18:15:00+02:00,96.00687977896354,-0.01
2026-04-25 18:30:00+02:00,121.9709706316969,2.48
2026-04-25 18:45:00+02:00,140.8615360394484,17.02
2026-04-25 19:00:00+02:00,132.95495229431907,38.95
2026-04-25 19:15:00+02:00,129.4111802439455,62.8
2026-04-25 19:30:00+02:00,136.24124309063475,73.32
2026-04-25 19:45:00+02:00,137.3405335060748,85.72
2026-04-25 20:00:00+02:00,132.62578112991815,75.47
2026-04-25 20:15:00+02:00,116.03005137219765,77.54
2026-04-25 20:30:00+02:00,119.20417997163428,76.01
2026-04-25 20:45:00+02:00,108.33213147676597,72.66
2026-04-25 21:00:00+02:00,111.17403255178189,81.86
2026-04-25 21:15:00+02:00,99.69774721224087,76.33
2026-04-25 21:30:00+02:00,92.40496399305243,69.76
2026-04-25 21:45:00+02:00,86.2753503384644,60.07
2026-04-25 22:00:00+02:00,98.11184705933536,79.88
2026-04-25 22:15:00+02:00,89.99308382860286,73.15
2026-04-25 22:30:00+02:00,81.36630566049463,72.24
2026-04-25 22:45:00+02:00,64.13589286744858,65.44
2026-04-25 23:00:00+02:00,91.08889830729174,72.8
2026-04-25 23:15:00+02:00,63.692482051139514,65.71
2026-04-25 23:30:00+02:00,61.353803286532084,71.89
2026-04-25 23:45:00+02:00,40.43098134330181,69.52
2026-04-26 00:00:00+02:00,50.23402821450673,78.31
2026-04-26 00:15:00+02:00,52.30094220782939,76.49
2026-04-26 00:30:00+02:00,50.22256212421644,80.45
2026-04-26 00:45:00+02:00,52.24180254238811,82.51
2026-04-26 01:00:00+02:00,58.64334592223178,81.39
2026-04-26 01:15:00+02:00,59.78748474668977,81.55
2026-04-26 01:30:00+02:00,61.75453598491204,85.43
2026-04-26 01:45:00+02:00,64.30075911504764,86.01
2026-04-26 02:00:00+02:00,60.6427621152116,85.35
2026-04-26 02:15:00+02:00,62.12434626982086,85.74
2026-04-26 02:30:00+02:00,63.269672678603236,88.25
2026-04-26 02:45:00+02:00,69.05746819906165,89.06
2026-04-26 03:00:00+02:00,62.3108378255212,87.93
2026-04-26 03:15:00+02:00,66.21179513611185,89.37
2026-04-26 03:30:00+02:00,71.5598103111269,91.27
2026-04-26 03:45:00+02:00,77.56561475235254,93.38
2026-04-26 04:00:00+02:00,75.02296954427528,88.47
2026-04-26 04:15:00+02:00,79.25290788319046,91.15
2026-04-26 04:30:00+02:00,82.40748966681673,98.27
2026-04-26 04:45:00+02:00,85.95098694218596,98.72
2026-04-26 05:00:00+02:00,85.98232951634188,94.22
2026-04-26 05:15:00+02:00,88.4563405647501,99.49
2026-04-26 05:30:00+02:00,83.26835638691067,99.9
2026-04-26 05:45:00+02:00,77.21019019861865,100.95
2026-04-26 06:00:00+02:00,83.79656380862944,97.1
2026-04-26 06:15:00+02:00,77.27798069759496,97.2
2026-04-26 06:30:00+02:00,82.99609240301791,94.04
2026-04-26 06:45:00+02:00,87.60747026682469,88.4
2026-04-26 07:00:00+02:00,106.60725369719323,92.25
2026-04-26 07:15:00+02:00,94.8282767236629,88.22
2026-04-26 07:30:00+02:00,88.84677842601272,83.16
2026-04-26 07:45:00+02:00,53.996292947294066,68.98
2026-04-26 08:00:00+02:00,89.28958090391478,88.85
2026-04-26 08:15:00+02:00,51.73158374363793,73.0
2026-04-26 08:30:00+02:00,30.980010625827944,45.72
2026-04-26 08:45:00+02:00,21.53322719553553,9.68
2026-04-26 09:00:00+02:00,44.04717563590275,4.91
2026-04-26 09:15:00+02:00,16.784674451726957,-0.09
2026-04-26 09:30:00+02:00,-2.798018109362232,-0.81
2026-04-26 09:45:00+02:00,-5.547895610878129,-4.05
2026-04-26 10:00:00+02:00,-4.761963599037287,-5.01
2026-04-26 10:15:00+02:00,-13.306825398945406,-19.64
2026-04-26 10:30:00+02:00,-13.505303799806512,-38.0
2026-04-26 10:45:00+02:00,-13.817137653267977,-50.09
2026-04-26 11:00:00+02:00,-28.207852773384033,-72.0
2026-04-26 11:15:00+02:00,-20.909189201674828,-86.99
2026-04-26 11:30:00+02:00,-18.59666958667343,-137.11
2026-04-26 11:45:00+02:00,-19.657441155188206,-213.36
2026-04-26 12:00:00+02:00,-21.811181176521544,-213.54
2026-04-26 12:15:00+02:00,-17.24583852980396,-247.77
2026-04-26 12:30:00+02:00,-21.347098953328306,-256.17
2026-04-26 12:45:00+02:00,-32.64616114946597,-322.36
2026-04-26 13:00:00+02:00,-35.68922271146134,-360.35
2026-04-26 13:15:00+02:00,-39.53625884239952,-376.09
2026-04-26 13:30:00+02:00,-39.26164845234853,-451.35
2026-04-26 13:45:00+02:00,-37.44258896376414,-467.29
2026-04-26 14:00:00+02:00,-47.42930614487415,-480.01
2026-04-26 14:15:00+02:00,-44.23685457769441,-451.12
2026-04-26 14:30:00+02:00,-52.4393612965131,-392.82
2026-04-26 14:45:00+02:00,-43.10111186114163,-329.03
2026-04-26 15:00:00+02:00,-40.61803378424559,-321.1
2026-04-26 15:15:00+02:00,-45.38477796862132,-276.53
2026-04-26 15:30:00+02:00,-44.06756214339616,-225.99
2026-04-26 15:45:00+02:00,-35.88112359486131,-119.95
2026-04-26 16:00:00+02:00,-24.183330107092218,-89.22
2026-04-26 16:15:00+02:00,-23.319382635604,-44.99
2026-04-26 16:30:00+02:00,-14.819572706693066,-12.0
2026-04-26 16:45:00+02:00,6.095976967562052,-3.01
2026-04-26 17:00:00+02:00,-9.849097902107374,-2.1
2026-04-26 17:15:00+02:00,28.945298547909687,-0.13
2026-04-26 17:30:00+02:00,87.87082570234801,0.39
2026-04-26 17:45:00+02:00,90.99734131000918,46.55
2026-04-26 18:00:00+02:00,64.7186806071995,42.67
2026-04-26 18:15:00+02:00,79.48736582647427,100.92
2026-04-26 18:30:00+02:00,112.01092813001237,144.26
2026-04-26 18:45:00+02:00,134.48358944491088,164.54
2026-04-26 19:00:00+02:00,105.05514236296516,114.89
2026-04-26 19:15:00+02:00,137.8043805637899,132.34
2026-04-26 19:30:00+02:00,156.32568694670337,164.64
2026-04-26 19:45:00+02:00,155.7739073842048,189.28
2026-04-26 20:00:00+02:00,156.14467856421427,151.98
2026-04-26 20:15:00+02:00,154.43219756095036,161.01
2026-04-26 20:30:00+02:00,147.4971197574253,166.23
2026-04-26 20:45:00+02:00,139.54165672010862,152.04
2026-04-26 21:00:00+02:00,152.815661395157,150.0
2026-04-26 21:15:00+02:00,138.07311801546146,142.46
2026-04-26 21:30:00+02:00,136.22402837398326,136.88
2026-04-26 21:45:00+02:00,128.83967762593477,133.27
2026-04-26 22:00:00+02:00,140.32856100738442,133.98
2026-04-26 22:15:00+02:00,133.0392050639544,129.96
2026-04-26 22:30:00+02:00,126.05725364522706,123.91
2026-04-26 22:45:00+02:00,122.38848961939424,117.78
2026-04-26 23:00:00+02:00,127.00489040740156,124.86
2026-04-26 23:15:00+02:00,123.95435922514903,127.56
2026-04-26 23:30:00+02:00,125.07995774532215,121.08
2026-04-26 23:45:00+02:00,122.52356046604422,118.0
2026-04-27 00:00:00+02:00,120.26417398078122,125.91
2026-04-27 00:15:00+02:00,115.93239507978588,119.8
2026-04-27 00:30:00+02:00,114.43767420389409,115.38
2026-04-27 00:45:00+02:00,112.10636951091361,112.7
2026-04-27 01:00:00+02:00,113.9334777018108,114.48
2026-04-27 01:15:00+02:00,113.69737298904549,113.59
2026-04-27 01:30:00+02:00,115.05037832052643,112.31
2026-04-27 01:45:00+02:00,115.27726988127026,111.74
2026-04-27 02:00:00+02:00,114.46281884110155,113.01
2026-04-27 02:15:00+02:00,117.78534651850819,112.71
2026-04-27 02:30:00+02:00,115.62441095457237,112.71
2026-04-27 02:45:00+02:00,113.5411648412758,112.41
2026-04-27 03:00:00+02:00,114.93136099347876,112.97
2026-04-27 03:15:00+02:00,115.31857775770754,112.14
2026-04-27 03:30:00+02:00,116.48514847614305,112.67
2026-04-27 03:45:00+02:00,119.77224098548035,113.52
2026-04-27 04:00:00+02:00,114.30015823487575,112.71
2026-04-27 04:15:00+02:00,117.38228835546714,113.92
2026-04-27 04:30:00+02:00,116.84767447937509,116.87
2026-04-27 04:45:00+02:00,121.99090874944399,123.46
2026-04-27 05:00:00+02:00,118.27202399426182,116.7
2026-04-27 05:15:00+02:00,121.29401390490048,124.0
2026-04-27 05:30:00+02:00,129.38748545307988,129.79
2026-04-27 05:45:00+02:00,140.02372350405,132.18
2026-04-27 06:00:00+02:00,131.10609402065091,150.1
2026-04-27 06:15:00+02:00,148.67166963207458,166.4
2026-04-27 06:30:00+02:00,159.64770401481695,169.98
2026-04-27 06:45:00+02:00,165.44389050274208,175.79
2026-04-27 07:00:00+02:00,184.5686077345952,185.21
2026-04-27 07:15:00+02:00,182.6498928193545,171.27
2026-04-27 07:30:00+02:00,151.76624204409728,143.41
2026-04-27 07:45:00+02:00,127.37301485011893,114.87
2026-04-27 08:00:00+02:00,184.82386214986008,173.8
2026-04-27 08:15:00+02:00,137.96590628480584,135.01
2026-04-27 08:30:00+02:00,119.46352430938205,109.38
2026-04-27 08:45:00+02:00,90.7511686249127,88.0
2026-04-27 09:00:00+02:00,134.8351424591412,124.98
2026-04-27 09:15:00+02:00,98.43739302923382,99.27
2026-04-27 09:30:00+02:00,86.8383703910525,86.62
2026-04-27 09:45:00+02:00,59.91878356993017,59.24
2026-04-27 10:00:00+02:00,89.11427140147778,92.67
2026-04-27 10:15:00+02:00,59.65526455210609,67.9
2026-04-27 10:30:00+02:00,49.617280419151555,52.47
2026-04-27 10:45:00+02:00,40.29690309929359,23.53
2026-04-27 11:00:00+02:00,43.464323963532955,16.59
2026-04-27 11:15:00+02:00,31.55650846830335,0.0
2026-04-27 11:30:00+02:00,12.775392174579967,-0.01
2026-04-27 11:45:00+02:00,0.718382878773312,-0.02
2026-04-27 12:00:00+02:00,10.798587182538732,-0.01
2026-04-27 12:15:00+02:00,2.223996907731447,-0.05
2026-04-27 12:30:00+02:00,-3.142701209543098,-0.1
2026-04-27 12:45:00+02:00,-7.465658971536012,-0.23
2026-04-27 13:00:00+02:00,-2.4487771315892175,-0.5
2026-04-27 13:15:00+02:00,-5.438717415963177,-0.82
2026-04-27 13:30:00+02:00,-15.351388010814585,-1.0
2026-04-27 13:45:00+02:00,-16.092754774024176,-1.0
2026-04-27 14:00:00+02:00,-17.961343475024865,-0.5
2026-04-27 14:15:00+02:00,-12.099486681178348,-0.1
2026-04-27 14:30:00+02:00,0.31696612837276206,-0.05
2026-04-27 14:45:00+02:00,-3.04666478597629,0.0
2026-04-27 15:00:00+02:00,7.547600008921258,-0.01
2026-04-27 15:15:00+02:00,25.278677403869374,0.0
2026-04-27 15:30:00+02:00,26.935841900481833,0.01
2026-04-27 15:45:00+02:00,38.790595442261264,20.57
2026-04-27 16:00:00+02:00,42.84029339206037,18.66
2026-04-27 16:15:00+02:00,68.91091174157171,53.61
2026-04-27 16:30:00+02:00,76.96726508156685,88.62
2026-04-27 16:45:00+02:00,93.81134163955068,113.77
2026-04-27 17:00:00+02:00,72.10898123347397,68.25
2026-04-27 17:15:00+02:00,103.48829803408479,105.18
2026-04-27 17:30:00+02:00,110.68229640337022,123.55
2026-04-27 17:45:00+02:00,131.73039831028717,131.76
2026-04-27 18:00:00+02:00,109.83710161735122,109.05
2026-04-27 18:15:00+02:00,132.6913050030173,123.74
2026-04-27 18:30:00+02:00,145.77228027223168,139.33
2026-04-27 18:45:00+02:00,177.59304389419157,147.29
2026-04-27 19:00:00+02:00,145.54713019173354,132.91
2026-04-27 19:15:00+02:00,173.6723346953804,156.54
2026-04-27 19:30:00+02:00,209.6432153562463,175.42
2026-04-27 19:45:00+02:00,214.9095735049324,224.33
2026-04-27 20:00:00+02:00,192.5890599868337,217.55
2026-04-27 20:15:00+02:00,185.27352150778677,205.14
2026-04-27 20:30:00+02:00,166.42070192325406,179.38
2026-04-27 20:45:00+02:00,151.0163744603839,150.4
2026-04-27 21:00:00+02:00,174.4380826262137,193.94
2026-04-27 21:15:00+02:00,154.80283556482766,150.9
2026-04-27 21:30:00+02:00,142.11405019066714,129.0
2026-04-27 21:45:00+02:00,128.54119590416306,120.0
2026-04-27 22:00:00+02:00,137.24640458847693,138.37
2026-04-27 22:15:00+02:00,132.22341516955123,130.02
2026-04-27 22:30:00+02:00,132.19575928804528,122.83
2026-04-27 22:45:00+02:00,121.47834254076115,111.37
2026-04-27 23:00:00+02:00,125.34705507065883,124.74
2026-04-27 23:15:00+02:00,119.96556689611636,117.45
2026-04-27 23:30:00+02:00,120.1345523192023,111.54
2026-04-27 23:45:00+02:00,110.98000596328858,107.08
2026-04-28 00:00:00+02:00,109.86714361366613,119.92
2026-04-28 00:15:00+02:00,104.00368476280201,113.69
2026-04-28 00:30:00+02:00,101.99076943155843,109.91
2026-04-28 00:45:00+02:00,99.10575494791614,107.12
2026-04-28 01:00:00+02:00,100.67264922235367,110.83
2026-04-28 01:15:00+02:00,98.80427456965589,107.61
2026-04-28 01:30:00+02:00,98.37899864566833,106.26
2026-04-28 01:45:00+02:00,97.58279072519464,102.91
2026-04-28 02:00:00+02:00,100.06004888210542,104.02
2026-04-28 02:15:00+02:00,100.60776195721,102.51
2026-04-28 02:30:00+02:00,99.44729549071961,102.64
2026-04-28 02:45:00+02:00,99.27357116184324,102.75
2026-04-28 03:00:00+02:00,98.5931940772335,102.36
2026-04-28 03:15:00+02:00,98.25192967922081,102.08
2026-04-28 03:30:00+02:00,98.90171573372817,102.95
2026-04-28 03:45:00+02:00,100.80522012493599,103.93
2026-04-28 04:00:00+02:00,98.24277321070579,102.73
2026-04-28 04:15:00+02:00,99.11755950623832,103.47
2026-04-28 04:30:00+02:00,104.04792936205531,105.52
2026-04-28 04:45:00+02:00,102.29515449036595,109.39
2026-04-28 05:00:00+02:00,99.46353846247298,104.55
2026-04-28 05:15:00+02:00,102.33211513003054,109.24
2026-04-28 05:30:00+02:00,108.45825698631839,115.2
2026-04-28 05:45:00+02:00,120.45137623375261,118.35
2026-04-28 06:00:00+02:00,116.30174304968257,118.79
2026-04-28 06:15:00+02:00,134.4589613986426,121.4
2026-04-28 06:30:00+02:00,146.52674105558398,124.89
2026-04-28 06:45:00+02:00,133.0893934746907,123.32
2026-04-28 07:00:00+02:00,150.2509301098787,134.29
2026-04-28 07:15:00+02:00,149.3101577437473,126.94
2026-04-28 07:30:00+02:00,124.92569768940689,116.4
2026-04-28 07:45:00+02:00,107.675978610107,108.09
2026-04-28 08:00:00+02:00,136.30090427805573,128.91
2026-04-28 08:15:00+02:00,120.09896814688877,121.07
2026-04-28 08:30:00+02:00,105.80190767453757,109.71
2026-04-28 08:45:00+02:00,74.87272413028143,89.57
2026-04-28 09:00:00+02:00,118.14331845433338,113.0
2026-04-28 09:15:00+02:00,85.40560859234681,97.01
2026-04-28 09:30:00+02:00,67.97252205887735,70.07
2026-04-28 09:45:00+02:00,26.853156005328522,39.03
2026-04-28 10:00:00+02:00,53.91527295144185,68.65
2026-04-28 10:15:00+02:00,8.961674166965722,23.19
2026-04-28 10:30:00+02:00,-3.1151078613107117,-0.07
2026-04-28 10:45:00+02:00,-2.5087928813826963,-4.51
2026-04-28 11:00:00+02:00,-7.654738458052442,0.05
2026-04-28 11:15:00+02:00,-9.521766601054225,-0.4
2026-04-28 11:30:00+02:00,-12.073974221304553,-1.0
2026-04-28 11:45:00+02:00,-23.30833472228783,-2.99
2026-04-28 12:00:00+02:00,-20.683163427703597,-6.39
2026-04-28 12:15:00+02:00,-28.795162367966455,-10.7
2026-04-28 12:30:00+02:00,-30.14720204857393,-17.1
2026-04-28 12:45:00+02:00,-36.94568286970582,-21.98
2026-04-28 13:00:00+02:00,-37.599864659359,-22.09
2026-04-28 13:15:00+02:00,-43.59672372422197,-28.45
2026-04-28 13:30:00+02:00,-57.655975975860855,-29.99
2026-04-28 13:45:00+02:00,-64.55857072920638,-35.47
2026-04-28 14:00:00+02:00,-61.378468892088364,-32.94
2026-04-28 14:15:00+02:00,-63.09902990793974,-30.0
2026-04-28 14:30:00+02:00,-60.06269561346136,-28.63
2026-04-28 14:45:00+02:00,-51.72286089132423,-24.46
2026-04-28 15:00:00+02:00,-46.614006604647535,-26.09
2026-04-28 15:15:00+02:00,-48.82793784898669,-20.0
2026-04-28 15:30:00+02:00,-35.00793547743491,-15.01
2026-04-28 15:45:00+02:00,-21.454025289149016,-8.22
2026-04-28 16:00:00+02:00,-24.818643943538184,-12.49
2026-04-28 16:15:00+02:00,-16.67580057535538,-5.11
2026-04-28 16:30:00+02:00,3.0348409968215577,-1.02
2026-04-28 16:45:00+02:00,12.621233103854692,0.0
2026-04-28 17:00:00+02:00,5.808843161068623,-0.05
2026-04-28 17:15:00+02:00,13.84930087142854,5.81
2026-04-28 17:30:00+02:00,43.95682275325406,45.6
2026-04-28 17:45:00+02:00,88.6045299176044,81.9
2026-04-28 18:00:00+02:00,52.6196295454933,58.65
2026-04-28 18:15:00+02:00,86.9399237101356,79.39
2026-04-28 18:30:00+02:00,103.9283547981693,105.36
2026-04-28 18:45:00+02:00,127.96174924357528,117.0
2026-04-28 19:00:00+02:00,111.70986188999427,105.22
2026-04-28 19:15:00+02:00,126.10297382741209,115.2
2026-04-28 19:30:00+02:00,136.06410286995714,120.18
2026-04-28 19:45:00+02:00,138.6414062063215,129.0
2026-04-28 20:00:00+02:00,143.23028340596986,124.01
2026-04-28 20:15:00+02:00,128.65568771359793,120.06
2026-04-28 20:30:00+02:00,131.78543333813246,121.07
2026-04-28 20:45:00+02:00,121.21483701025403,118.75
2026-04-28 21:00:00+02:00,140.11764996181086,119.87
2026-04-28 21:15:00+02:00,123.24436762295558,118.91
2026-04-28 21:30:00+02:00,118.01298771149085,115.48
2026-04-28 21:45:00+02:00,107.04719354786657,109.05
2026-04-28 22:00:00+02:00,124.63157655915352,118.02
2026-04-28 22:15:00+02:00,109.47458234707226,112.41
2026-04-28 22:30:00+02:00,111.07600379457517,110.5
2026-04-28 22:45:00+02:00,112.46205639994066,104.25
2026-04-28 23:00:00+02:00,110.01007695477892,107.12
2026-04-28 23:15:00+02:00,108.72190753536141,102.04
2026-04-28 23:30:00+02:00,110.13927107789338,100.41
2026-04-28 23:45:00+02:00,100.48687467780148,97.51
2026-04-29 00:00:00+02:00,111.04510086219437,101.96
2026-04-29 00:15:00+02:00,108.31519355907872,98.38
2026-04-29 00:30:00+02:00,104.03394614518344,97.46
2026-04-29 00:45:00+02:00,103.69539960621444,95.03
2026-04-29 01:00:00+02:00,105.47524559186668,97.82
2026-04-29 01:15:00+02:00,101.0468038529023,96.32
2026-04-29 01:30:00+02:00,101.22334523126189,96.7
2026-04-29 01:45:00+02:00,100.690106084481,96.06
2026-04-29 02:00:00+02:00,99.88603406585656,97.83
2026-04-29 02:15:00+02:00,100.06938946111208,97.54
2026-04-29 02:30:00+02:00,100.31628689805214,98.44
2026-04-29 02:45:00+02:00,100.68393887573114,97.86
2026-04-29 03:00:00+02:00,100.80698738323052,97.59
2026-04-29 03:15:00+02:00,101.65411266132746,98.03
2026-04-29 03:30:00+02:00,100.97671651884598,98.71
2026-04-29 03:45:00+02:00,102.17984033540979,99.78
2026-04-29 04:00:00+02:00,101.34221641865548,98.68
2026-04-29 04:15:00+02:00,102.47033040121872,99.8
2026-04-29 04:30:00+02:00,104.09982288135086,100.79
2026-04-29 04:45:00+02:00,108.68793484756067,103.33
2026-04-29 05:00:00+02:00,103.4056504741381,102.07
2026-04-29 05:15:00+02:00,108.4514246596823,105.04
2026-04-29 05:30:00+02:00,117.41648619816436,109.71
2026-04-29 05:45:00+02:00,127.24546679890341,114.8
2026-04-29 06:00:00+02:00,116.55219508819076,121.58
2026-04-29 06:15:00+02:00,128.3168639251192,137.93
2026-04-29 06:30:00+02:00,133.71856215982382,149.84
2026-04-29 06:45:00+02:00,139.05037241285837,149.84
2026-04-29 07:00:00+02:00,138.17270738695294,153.0
2026-04-29 07:15:00+02:00,135.64380389866392,130.17
2026-04-29 07:30:00+02:00,132.9072184864774,119.2
2026-04-29 07:45:00+02:00,117.77400955218948,105.02
2026-04-29 08:00:00+02:00,137.5773697936015,134.59
2026-04-29 08:15:00+02:00,129.52753071403987,120.46
2026-04-29 08:30:00+02:00,109.32923245197733,105.15
2026-04-29 08:45:00+02:00,77.16738716138966,89.26
2026-04-29 09:00:00+02:00,123.20092099808882,117.75
2026-04-29 09:15:00+02:00,85.07839029412075,96.95
2026-04-29 09:30:00+02:00,65.61688743994719,50.54
2026-04-29 09:45:00+02:00,25.10940865344474,0.44
2026-04-29 10:00:00+02:00,58.82643320146634,10.8
2026-04-29 10:15:00+02:00,9.806636166571181,-0.02
2026-04-29 10:30:00+02:00,-10.795138304247835,-4.28
2026-04-29 10:45:00+02:00,-7.377276647051772,-10.81
2026-04-29 11:00:00+02:00,-7.134154588471382,-7.52
2026-04-29 11:15:00+02:00,-11.789941368339782,-7.99
2026-04-29 11:30:00+02:00,-13.94621335700549,-10.7
2026-04-29 11:45:00+02:00,-13.48566654218299,-20.06
2026-04-29 12:00:00+02:00,-18.035559308513314,-20.0
2026-04-29 12:15:00+02:00,-20.866133807340404,-30.0
2026-04-29 12:30:00+02:00,-23.95224174190496,-36.06
2026-04-29 12:45:00+02:00,-22.886535614926515,-49.0
2026-04-29 13:00:00+02:00,-31.390920279161577,-49.95
2026-04-29 13:15:00+02:00,-31.262977191453608,-57.79
2026-04-29 13:30:00+02:00,-37.66383029476603,-63.47
2026-04-29 13:45:00+02:00,-37.71202815186237,-70.24
2026-04-29 14:00:00+02:00,-36.78881665554928,-63.51
2026-04-29 14:15:00+02:00,-41.97931952592249,-57.71
2026-04-29 14:30:00+02:00,-36.05914693609771,-51.51
2026-04-29 14:45:00+02:00,-41.57625280287048,-49.0
2026-04-29 15:00:00+02:00,-37.51687943429971,-50.0
2026-04-29 15:15:00+02:00,-35.86815066059465,-39.89
2026-04-29 15:30:00+02:00,-27.138122723061173,-32.91
2026-04-29 15:45:00+02:00,-18.327125599668236,-22.08
2026-04-29 16:00:00+02:00,-16.858221766819497,-26.47
2026-04-29 16:15:00+02:00,-12.111198287898077,-13.12
2026-04-29 16:30:00+02:00,-5.503918366330808,-5.1
2026-04-29 16:45:00+02:00,24.89663194655975,-0.31
2026-04-29 17:00:00+02:00,0.991062017967792,-6.36
2026-04-29 17:15:00+02:00,39.73726947350056,-0.1
2026-04-29 17:30:00+02:00,58.65784137764678,8.05
2026-04-29 17:45:00+02:00,98.38875151872719,76.99
2026-04-29 18:00:00+02:00,75.4417143439096,41.92
2026-04-29 18:15:00+02:00,89.4331344360841,85.07
2026-04-29 18:30:00+02:00,110.03913101296968,110.92
2026-04-29 18:45:00+02:00,129.68835679738208,126.67
2026-04-29 19:00:00+02:00,120.33710898209777,104.21
2026-04-29 19:15:00+02:00,120.74865831983502,110.63
2026-04-29 19:30:00+02:00,125.53648492040504,127.21
2026-04-29 19:45:00+02:00,156.5968966199552,161.19
2026-04-29 20:00:00+02:00,146.4275248320469,144.85
2026-04-29 20:15:00+02:00,143.28218080993275,143.87
2026-04-29 20:30:00+02:00,129.87631520096474,149.2
2026-04-29 20:45:00+02:00,124.07711454546333,144.45
2026-04-29 21:00:00+02:00,136.89512046967934,158.5
2026-04-29 21:15:00+02:00,122.10567370870321,131.32
2026-04-29 21:30:00+02:00,120.74115750365942,118.72
2026-04-29 21:45:00+02:00,111.56137150902326,111.26
2026-04-29 22:00:00+02:00,125.39280128248608,123.5
2026-04-29 22:15:00+02:00,119.36395818956984,117.26
2026-04-29 22:30:00+02:00,115.75918524129412,114.21
2026-04-29 22:45:00+02:00,111.46566646282011,107.66
2026-04-29 23:00:00+02:00,116.61492565232314,111.96
2026-04-29 23:15:00+02:00,110.7967284409122,106.21
2026-04-29 23:30:00+02:00,109.02169772587331,103.32
2026-04-29 23:45:00+02:00,107.57966885790756,98.9
2026-04-30 00:00:00+02:00,107.68251945843475,99.4
2026-04-30 00:15:00+02:00,101.6767870911946,101.55
2026-04-30 00:30:00+02:00,100.77593193076774,101.1
2026-04-30 00:45:00+02:00,98.92103520004727,99.23
2026-04-30 01:00:00+02:00,103.53875365537256,99.57
2026-04-30 01:15:00+02:00,99.62433619006386,99.19
2026-04-30 01:30:00+02:00,100.05225877904836,99.97
2026-04-30 01:45:00+02:00,97.76194702003859,101.71
2026-04-30 02:00:00+02:00,100.05864947834611,100.33
2026-04-30 02:15:00+02:00,98.08648914459481,97.81
2026-04-30 02:30:00+02:00,99.28073960421294,98.02
2026-04-30 02:45:00+02:00,98.94187653185611,98.12
2026-04-30 03:00:00+02:00,99.27211684878087,98.75
2026-04-30 03:15:00+02:00,100.17088967091853,99.01
2026-04-30 03:30:00+02:00,100.89876094770354,99.29
2026-04-30 03:45:00+02:00,101.8526584555621,100.86
2026-04-30 04:00:00+02:00,100.9166932036598,98.35
2026-04-30 04:15:00+02:00,103.16701621524248,101.48
2026-04-30 04:30:00+02:00,106.13516249155121,106.89
2026-04-30 04:45:00+02:00,106.68510414130407,109.64
2026-04-30 05:00:00+02:00,105.34522250342297,106.81
2026-04-30 05:15:00+02:00,108.639372045354,110.88
2026-04-30 05:30:00+02:00,112.93188800762876,116.28
2026-04-30 05:45:00+02:00,114.94221091979803,122.44
2026-04-30 06:00:00+02:00,114.5767959945841,119.63
2026-04-30 06:15:00+02:00,132.35211328039117,147.97
2026-04-30 06:30:00+02:00,131.76544846211613,150.34
2026-04-30 06:45:00+02:00,136.97972416711139,138.54
2026-04-30 07:00:00+02:00,135.1342745849144,155.36
2026-04-30 07:15:00+02:00,129.02600930185775,130.68
2026-04-30 07:30:00+02:00,121.84539221945282,113.9
2026-04-30 07:45:00+02:00,102.2195555296191,89.2
2026-04-30 08:00:00+02:00,125.74206472011441,127.7
2026-04-30 08:15:00+02:00,117.73575557089559,115.3
2026-04-30 08:30:00+02:00,98.71302086145985,93.2
2026-04-30 08:45:00+02:00,81.88587555233416,48.67
2026-04-30 09:00:00+02:00,112.03921770946964,108.35
2026-04-30 09:15:00+02:00,92.10174441328378,59.2
2026-04-30 09:30:00+02:00,40.697419815454936,14.66
2026-04-30 09:45:00+02:00,2.273313868469998,0.01
2026-04-30 10:00:00+02:00,17.220078446190428,1.98
2026-04-30 10:15:00+02:00,-0.008618523854693194,0.0
2026-04-30 10:30:00+02:00,-4.624684358001623,-0.09
2026-04-30 10:45:00+02:00,-8.707233184777934,-2.04
2026-04-30 11:00:00+02:00,2.7409279659216566,-0.51
2026-04-30 11:15:00+02:00,-5.265402236996458,-1.29
2026-04-30 11:30:00+02:00,-11.8030954950437,-4.0
2026-04-30 11:45:00+02:00,-23.111199137879602,-9.7
2026-04-30 12:00:00+02:00,-28.43556244008036,-8.17
2026-04-30 12:15:00+02:00,-27.395614206237727,-14.34
2026-04-30 12:30:00+02:00,-37.29571471142034,-18.23
2026-04-30 12:45:00+02:00,-28.619644692559156,-24.27
2026-04-30 13:00:00+02:00,-39.90331479547852,-26.01
2026-04-30 13:15:00+02:00,-34.70980852649883,-29.99
2026-04-30 13:30:00+02:00,-25.606461322567064,-34.63
2026-04-30 13:45:00+02:00,-42.512693455601855,-37.45
2026-04-30 14:00:00+02:00,-33.031831220242104,-36.16
2026-04-30 14:15:00+02:00,-44.11287250252232,-30.01
2026-04-30 14:30:00+02:00,-45.285767374358365,-28.35
2026-04-30 14:45:00+02:00,-49.59490185477564,-21.2
2026-04-30 15:00:00+02:00,-37.41729460411142,-20.73
2026-04-30 15:15:00+02:00,-39.18811939311123,-15.01
2026-04-30 15:30:00+02:00,-31.443065947261232,-9.47
2026-04-30 15:45:00+02:00,-24.41532352099661,-2.99
2026-04-30 16:00:00+02:00,-21.724643602240732,-5.86
2026-04-30 16:15:00+02:00,-17.338938038294984,-1.65
2026-04-30 16:30:00+02:00,-6.703112692058795,-0.94
2026-04-30 16:45:00+02:00,-0.15223016317126792,-0.72
2026-04-30 17:00:00+02:00,-4.1612429990773165,-1.68
2026-04-30 17:15:00+02:00,3.393783990213592,-0.01
2026-04-30 17:30:00+02:00,29.560410729539328,13.7
2026-04-30 17:45:00+02:00,83.50823662913886,70.31
2026-04-30 18:00:00+02:00,48.209644761941234,31.14
2026-04-30 18:15:00+02:00,88.2715859187324,88.61
2026-04-30 18:30:00+02:00,105.56184819360328,112.47
2026-04-30 18:45:00+02:00,129.68938982312932,137.5
2026-04-30 19:00:00+02:00,112.88292147702192,104.13
2026-04-30 19:15:00+02:00,126.20167677914202,121.7
2026-04-30 19:30:00+02:00,122.14320165385719,144.27
2026-04-30 19:45:00+02:00,151.67459332767385,186.25
2026-04-30 20:00:00+02:00,140.89705368247888,178.01
2026-04-30 20:15:00+02:00,135.0817687523863,188.47
2026-04-30 20:30:00+02:00,138.73338526673422,181.09
2026-04-30 20:45:00+02:00,128.8378269705929,166.91
2026-04-30 21:00:00+02:00,144.06025683337324,181.63
2026-04-30 21:15:00+02:00,121.99859359544374,155.44
2026-04-30 21:30:00+02:00,117.08794329990981,131.23
2026-04-30 21:45:00+02:00,110.21541343595001,115.06
2026-04-30 22:00:00+02:00,124.47627893873882,132.37
2026-04-30 22:15:00+02:00,115.36482966517215,120.1
2026-04-30 22:30:00+02:00,112.14101847992379,113.94
2026-04-30 22:45:00+02:00,106.75694147348376,109.27
2026-04-30 23:00:00+02:00,109.7683431578463,117.59
2026-04-30 23:15:00+02:00,108.2313245911604,111.12
2026-04-30 23:30:00+02:00,107.65671441986856,106.74
2026-04-30 23:45:00+02:00,102.88010924093481,102.98
2026-05-01 00:00:00+02:00,105.30114554189973,115.99
2026-05-01 00:15:00+02:00,104.06932953666977,108.86
2026-05-01 00:30:00+02:00,102.84093603112767,103.48
2026-05-01 00:45:00+02:00,99.2824629610424,100.58
2026-05-01 01:00:00+02:00,101.75157079029451,104.92
2026-05-01 01:15:00+02:00,98.74413228993836,103.16
2026-05-01 01:30:00+02:00,99.18482743632485,103.16
2026-05-01 01:45:00+02:00,97.4370870751583,101.1
2026-05-01 02:00:00+02:00,99.98502607639708,102.84
2026-05-01 02:15:00+02:00,97.1723322037306,100.51
2026-05-01 02:30:00+02:00,95.65733244065684,101.09
2026-05-01 02:45:00+02:00,95.5485230680757,101.1
2026-05-01 03:00:00+02:00,98.80852303911252,99.01
2026-05-01 03:15:00+02:00,96.6634923316237,98.96
2026-05-01 03:30:00+02:00,97.1982876976109,99.78
2026-05-01 03:45:00+02:00,98.78926233193995,99.23
2026-05-01 04:00:00+02:00,95.72817085708114,97.8
2026-05-01 04:15:00+02:00,98.92916549748534,98.21
2026-05-01 04:30:00+02:00,101.0562430903364,97.0
2026-05-01 04:45:00+02:00,103.95280710010486,98.91
2026-05-01 05:00:00+02:00,102.53601573886662,97.35
2026-05-01 05:15:00+02:00,102.50510855320225,97.87
2026-05-01 05:30:00+02:00,107.28151977204185,99.37
2026-05-01 05:45:00+02:00,95.68899180847625,95.39
2026-05-01 06:00:00+02:00,96.24913484234939,112.68
2026-05-01 06:15:00+02:00,98.77499180498326,110.66
2026-05-01 06:30:00+02:00,97.44196407479018,106.74
2026-05-01 06:45:00+02:00,81.03548304015999,84.99
2026-05-01 07:00:00+02:00,101.13247428934193,124.78
2026-05-01 07:15:00+02:00,92.08224482954105,95.88
2026-05-01 07:30:00+02:00,81.07101555682505,70.02
2026-05-01 07:45:00+02:00,52.740638311300806,30.68
2026-05-01 08:00:00+02:00,88.4578537926155,98.65
2026-05-01 08:15:00+02:00,66.26245440177321,34.99
2026-05-01 08:30:00+02:00,38.96640127194222,7.66
2026-05-01 08:45:00+02:00,16.81257798807593,0.03
2026-05-01 09:00:00+02:00,20.546027145931063,1.16
2026-05-01 09:15:00+02:00,15.6345300056376,0.0
2026-05-01 09:30:00+02:00,8.44241396137734,-0.01
2026-05-01 09:45:00+02:00,0.1106686737037279,-1.26
2026-05-01 10:00:00+02:00,-3.282915684129037,-1.38
2026-05-01 10:15:00+02:00,3.8942956367178994,-7.99
2026-05-01 10:30:00+02:00,-13.155720672719177,-25.0
2026-05-01 10:45:00+02:00,-21.842625195247575,-50.35
2026-05-01 11:00:00+02:00,-33.204888759973,-69.98
2026-05-01 11:15:00+02:00,-30.05732462068604,-90.47
2026-05-01 11:30:00+02:00,-46.30333464609777,-120.0
2026-05-01 11:45:00+02:00,-52.45142970379304,-154.02
2026-05-01 12:00:00+02:00,-52.546324282384006,-160.02
2026-05-01 12:15:00+02:00,-61.88458754157898,-280.77
2026-05-01 12:30:00+02:00,-79.24227164239434,-340.21
2026-05-01 12:45:00+02:00,-96.95805305985381,-493.32
2026-05-01 13:00:00+02:00,-93.73366874921714,-496.03
2026-05-01 13:15:00+02:00,-113.33939352469467,-499.99
2026-05-01 13:30:00+02:00,-129.45476048135907,-499.99
2026-05-01 13:45:00+02:00,-136.1059451746995,-499.99
2026-05-01 14:00:00+02:00,-114.9949104492849,-499.99
2026-05-01 14:15:00+02:00,-114.03582338953318,-499.99
2026-05-01 14:30:00+02:00,-117.35203473387527,-499.89
2026-05-01 14:45:00+02:00,-110.02923204656244,-400.0
2026-05-01 15:00:00+02:00,-101.28922806942435,-400.0
2026-05-01 15:15:00+02:00,-92.05276097510112,-215.65
2026-05-01 15:30:00+02:00,-77.34075469717399,-129.95
2026-05-01 15:45:00+02:00,-52.612411885401684,-77.91
2026-05-01 16:00:00+02:00,-49.787913051413824,-63.83
2026-05-01 16:15:00+02:00,-23.087634985071617,-30.0
2026-05-01 16:30:00+02:00,-4.9122336179788135,-9.96
2026-05-01 16:45:00+02:00,-1.8909706209364572,-1.2
2026-05-01 17:00:00+02:00,-1.197141333200861,-1.57
2026-05-01 17:15:00+02:00,2.2813552644644943,-0.21
2026-05-01 17:30:00+02:00,8.693718431164626,0.0
2026-05-01 17:45:00+02:00,45.03847886040093,24.0
2026-05-01 18:00:00+02:00,34.78703321616999,5.09
2026-05-01 18:15:00+02:00,68.18375068551873,79.1
2026-05-01 18:30:00+02:00,113.21812153701097,109.67
2026-05-01 18:45:00+02:00,144.14087392456824,176.26
2026-05-01 19:00:00+02:00,100.10769581344823,106.63
2026-05-01 19:15:00+02:00,118.02736809834806,124.15
2026-05-01 19:30:00+02:00,135.17678843527108,152.99
2026-05-01 19:45:00+02:00,156.82334633972582,232.99
2026-05-01 20:00:00+02:00,151.25898320926538,180.71
2026-05-01 20:15:00+02:00,137.5577573068374,181.22
2026-05-01 20:30:00+02:00,144.5509241916631,181.02
2026-05-01 20:45:00+02:00,134.31145867002178,150.35
2026-05-01 21:00:00+02:00,135.77480757769115,210.0
2026-05-01 21:15:00+02:00,130.7449409936517,135.32
2026-05-01 21:30:00+02:00,122.85174128960419,116.65
2026-05-01 21:45:00+02:00,113.41364942434211,109.83
2026-05-01 22:00:00+02:00,123.35204211286685,127.7
2026-05-01 22:15:00+02:00,116.92695167577202,115.99
2026-05-01 22:30:00+02:00,112.88444296741788,106.0
2026-05-01 22:45:00+02:00,108.34702851587335,103.2
2026-05-01 23:00:00+02:00,113.73475253778172,104.09
2026-05-01 23:15:00+02:00,106.65068257502082,102.13
2026-05-01 23:30:00+02:00,102.94341998352252,94.84
2026-05-01 23:45:00+02:00,103.37493971646359,86.87
2026-05-02 00:00:00+02:00,104.61379053083343,138.0
2026-05-02 00:15:00+02:00,98.11628979517485,123.31
2026-05-02 00:30:00+02:00,94.74677228606943,105.13
2026-05-02 00:45:00+02:00,92.04088072570417,103.26
2026-05-02 01:00:00+02:00,96.47543504571209,109.59
2026-05-02 01:15:00+02:00,92.30625609856608,104.87
2026-05-02 01:30:00+02:00,90.9320367076134,102.24
2026-05-02 01:45:00+02:00,89.56205877656498,98.15
2026-05-02 02:00:00+02:00,91.51053756378892,104.17
2026-05-02 02:15:00+02:00,87.66823307631094,98.91
2026-05-02 02:30:00+02:00,84.87628278597161,97.33
2026-05-02 02:45:00+02:00,83.24280849295371,97.5
2026-05-02 03:00:00+02:00,90.49286563461689,97.37
2026-05-02 03:15:00+02:00,87.14949686548744,92.12
2026-05-02 03:30:00+02:00,87.74823470166122,92.08
2026-05-02 03:45:00+02:00,86.4967477570585,91.77
2026-05-02 04:00:00+02:00,90.57763738627301,91.52
2026-05-02 04:15:00+02:00,86.36239318535385,94.22
2026-05-02 04:30:00+02:00,83.52562555176243,94.22
2026-05-02 04:45:00+02:00,82.87512553670062,94.22
2026-05-02 05:00:00+02:00,83.32673734714953,92.82
2026-05-02 05:15:00+02:00,85.35030077978848,91.78
2026-05-02 05:30:00+02:00,93.26633820059178,95.14
2026-05-02 05:45:00+02:00,86.13046810385102,95.05
2026-05-02 06:00:00+02:00,96.97209360632321,95.65
2026-05-02 06:15:00+02:00,86.38703944652364,96.78
2026-05-02 06:30:00+02:00,88.07133427841713,93.47
2026-05-02 06:45:00+02:00,64.59920458233029,81.22
2026-05-02 07:00:00+02:00,104.12782657008376,110.85
2026-05-02 07:15:00+02:00,78.57408246512534,86.56
2026-05-02 07:30:00+02:00,66.26770808807524,72.04
2026-05-02 07:45:00+02:00,32.268714974923455,42.6
2026-05-02 08:00:00+02:00,74.10037944024958,46.21
2026-05-02 08:15:00+02:00,39.49208762350439,20.0
2026-05-02 08:30:00+02:00,15.402424700660077,4.77
2026-05-02 08:45:00+02:00,3.5760966063427873,2.1
2026-05-02 09:00:00+02:00,0.7150911640721063,4.79
2026-05-02 09:15:00+02:00,2.5650635838707956,0.33
2026-05-02 09:30:00+02:00,-4.1317124102232015,0.0
2026-05-02 09:45:00+02:00,-13.763023797848845,-0.04
2026-05-02 10:00:00+02:00,-7.621407105051773,-0.01
2026-05-02 10:15:00+02:00,-10.575266999261046,-0.09
2026-05-02 10:30:00+02:00,-16.030093145140015,-1.26
2026-05-02 10:45:00+02:00,-33.4368408185653,-8.19
2026-05-02 11:00:00+02:00,-37.58961331252928,-10.0
2026-05-02 11:15:00+02:00,-51.2008874277867,-14.45
2026-05-02 11:30:00+02:00,-70.22329952053278,-23.31
2026-05-02 11:45:00+02:00,-97.06147297693076,-39.89
2026-05-02 12:00:00+02:00,-98.04253453522075,-59.95
2026-05-02 12:15:00+02:00,-135.9722987938032,-74.03
2026-05-02 12:30:00+02:00,-146.05080277297705,-88.0
2026-05-02 12:45:00+02:00,-176.15166971370226,-112.45
2026-05-02 13:00:00+02:00,-173.53345826410407,-114.16
2026-05-02 13:15:00+02:00,-213.20790452859845,-129.04
2026-05-02 13:30:00+02:00,-237.33888122269758,-147.01
2026-05-02 13:45:00+02:00,-245.93565389120286,-129.9
2026-05-02 14:00:00+02:00,-234.3415881541627,-120.01
2026-05-02 14:15:00+02:00,-225.8247519616386,-95.49
2026-05-02 14:30:00+02:00,-204.71426604306595,-74.0
2026-05-02 14:45:00+02:00,-193.49348816890358,-57.87
2026-05-02 15:00:00+02:00,-189.24863058378878,-34.99
2026-05-02 15:15:00+02:00,-161.09553147716196,-14.99
2026-05-02 15:30:00+02:00,-115.99584082437845,-5.09
2026-05-02 15:45:00+02:00,-75.87543694469193,-1.08
2026-05-02 16:00:00+02:00,-63.923793777780276,-0.11
2026-05-02 16:15:00+02:00,-32.798495770668524,-0.01
2026-05-02 16:30:00+02:00,-13.045828098900131,0.0
2026-05-02 16:45:00+02:00,-5.387950044045738,0.25
2026-05-02 17:00:00+02:00,-2.9554276254919216,0.37
2026-05-02 17:15:00+02:00,7.493768788290893,6.19
2026-05-02 17:30:00+02:00,6.497368490687094,68.82
2026-05-02 17:45:00+02:00,56.69751851042085,144.4
2026-05-02 18:00:00+02:00,31.6945337313298,78.71
2026-05-02 18:15:00+02:00,77.65878132722489,113.51
2026-05-02 18:30:00+02:00,107.35243460062733,136.31
2026-05-02 18:45:00+02:00,165.4382064450847,180.03
2026-05-02 19:00:00+02:00,102.48095940192295,115.68
2026-05-02 19:15:00+02:00,121.22188721812789,137.46
2026-05-02 19:30:00+02:00,155.86235666229732,155.77
2026-05-02 19:45:00+02:00,188.37600942286588,251.09
2026-05-02 20:00:00+02:00,163.23553313941554,176.98
2026-05-02 20:15:00+02:00,167.52590996503676,199.77
2026-05-02 20:30:00+02:00,147.44218330228028,217.0
2026-05-02 20:45:00+02:00,141.57517441986988,188.05
2026-05-02 21:00:00+02:00,175.88315426493534,210.76
2026-05-02 21:15:00+02:00,144.02586959515511,147.94
2026-05-02 21:30:00+02:00,134.92326637337572,133.78
2026-05-02 21:45:00+02:00,127.30540378330116,124.8
2026-05-02 22:00:00+02:00,134.18812665559634,174.8
2026-05-02 22:15:00+02:00,128.1681233181471,137.8
2026-05-02 22:30:00+02:00,120.80553023042039,125.4
2026-05-02 22:45:00+02:00,113.84512150496312,121.84
2026-05-02 23:00:00+02:00,123.21036121366063,135.11
2026-05-02 23:15:00+02:00,116.39276102953431,129.16
2026-05-02 23:30:00+02:00,113.27626696083315,117.74
2026-05-02 23:45:00+02:00,110.95092961946132,113.45
2026-05-03 00:00:00+02:00,128.99652460973994,129.53
2026-05-03 00:15:00+02:00,118.95193415676572,120.08
2026-05-03 00:30:00+02:00,111.53783841952662,119.66
2026-05-03 00:45:00+02:00,105.72678714818124,115.51
2026-05-03 01:00:00+02:00,109.72623574902028,118.26
2026-05-03 01:15:00+02:00,105.70037907345865,117.91
2026-05-03 01:30:00+02:00,103.7587059249317,115.95
2026-05-03 01:45:00+02:00,101.82837713139435,112.01
2026-05-03 02:00:00+02:00,103.6337695207588,111.26
2026-05-03 02:15:00+02:00,100.3727720717767,110.89
2026-05-03 02:30:00+02:00,101.33692814544231,110.0
2026-05-03 02:45:00+02:00,101.89299615184945,108.5
2026-05-03 03:00:00+02:00,100.59633061607119,109.3
2026-05-03 03:15:00+02:00,103.18846440234455,109.12
2026-05-03 03:30:00+02:00,103.36438532542476,107.9
2026-05-03 03:45:00+02:00,103.39459516390205,107.59
2026-05-03 04:00:00+02:00,103.44740672240185,106.86
2026-05-03 04:15:00+02:00,103.14794928136166,105.64
2026-05-03 04:30:00+02:00,105.72668025342479,106.06
2026-05-03 04:45:00+02:00,104.90149843546696,106.61
2026-05-03 05:00:00+02:00,110.84470594170048,104.7
2026-05-03 05:15:00+02:00,107.6400932238289,107.16
2026-05-03 05:30:00+02:00,101.35814222362158,107.14
2026-05-03 05:45:00+02:00,91.90636489520145,109.29
2026-05-03 06:00:00+02:00,110.66237051462456,107.83
2026-05-03 06:15:00+02:00,96.85146762038529,103.94
2026-05-03 06:30:00+02:00,88.36942082748644,102.74
2026-05-03 06:45:00+02:00,72.35571014114973,92.29
2026-05-03 07:00:00+02:00,105.87699511949177,119.77
2026-05-03 07:15:00+02:00,83.81024841400847,93.26
2026-05-03 07:30:00+02:00,65.34944516097954,69.1
2026-05-03 07:45:00+02:00,39.267111867223576,59.22
2026-05-03 08:00:00+02:00,64.6520265202274,87.76
2026-05-03 08:15:00+02:00,38.22315743829891,75.25
2026-05-03 08:30:00+02:00,27.949939499735834,67.29
2026-05-03 08:45:00+02:00,13.77830969970016,56.65
2026-05-03 09:00:00+02:00,25.259673720835593,62.23
2026-05-03 09:15:00+02:00,17.620945825154024,36.36
2026-05-03 09:30:00+02:00,16.914182659701964,25.82
2026-05-03 09:45:00+02:00,9.321746234856498,6.22
2026-05-03 10:00:00+02:00,16.20549226173698,6.35
2026-05-03 10:15:00+02:00,6.540587902026232,0.0
2026-05-03 10:30:00+02:00,-2.893404654558502,-0.59
2026-05-03 10:45:00+02:00,-7.370268221389146,-0.61
2026-05-03 11:00:00+02:00,-36.84752347586769,-0.36
2026-05-03 11:15:00+02:00,-41.40476502163091,-0.77
2026-05-03 11:30:00+02:00,-30.686271718599237,-1.45
2026-05-03 11:45:00+02:00,-20.253112010750698,-3.13
2026-05-03 12:00:00+02:00,-24.137837811033066,-5.34
2026-05-03 12:15:00+02:00,-19.785338770781337,-6.55
2026-05-03 12:30:00+02:00,-25.919055733817558,-7.27
2026-05-03 12:45:00+02:00,-38.20284956195411,-8.0
2026-05-03 13:00:00+02:00,-28.57398744505678,-12.59
2026-05-03 13:15:00+02:00,-62.81575461928265,-15.0
2026-05-03 13:30:00+02:00,-62.92418873395938,-15.15
2026-05-03 13:45:00+02:00,-66.1040595666983,-15.0
2026-05-03 14:00:00+02:00,-63.90198729702891,-11.63
2026-05-03 14:15:00+02:00,-68.3848081008345,-12.7
2026-05-03 14:30:00+02:00,-57.04391850125804,-9.6
2026-05-03 14:45:00+02:00,-39.154637336666894,-9.6
2026-05-03 15:00:00+02:00,-28.963454105583686,-10.01
2026-05-03 15:15:00+02:00,-25.506504315694727,-4.7
2026-05-03 15:30:00+02:00,-34.09625560336061,-1.09
2026-05-03 15:45:00+02:00,-31.6813121843562,-0.07
2026-05-03 16:00:00+02:00,-18.513531695536372,-0.85
2026-05-03 16:15:00+02:00,-9.09514355545457,-0.6
2026-05-03 16:30:00+02:00,9.818214320346684,0.19
2026-05-03 16:45:00+02:00,10.00794267232314,37.79
2026-05-03 17:00:00+02:00,12.919083640480238,21.26
2026-05-03 17:15:00+02:00,13.467666366923325,68.25
2026-05-03 17:30:00+02:00,38.885997248044234,99.69
2026-05-03 17:45:00+02:00,92.57086462071975,133.63
2026-05-03 18:00:00+02:00,50.54505553304844,101.69
2026-05-03 18:15:00+02:00,96.95938275892524,114.99
2026-05-03 18:30:00+02:00,128.0422154147928,127.99
2026-05-03 18:45:00+02:00,144.5747014320093,137.62
2026-05-03 19:00:00+02:00,110.54403953413706,123.52
2026-05-03 19:15:00+02:00,128.17282376247277,124.77
2026-05-03 19:30:00+02:00,145.92006547779556,137.89
2026-05-03 19:45:00+02:00,155.34448551799113,153.0
2026-05-03 20:00:00+02:00,152.1920535345827,139.64
2026-05-03 20:15:00+02:00,150.47827549162767,142.03
2026-05-03 20:30:00+02:00,151.27618052695883,141.98
2026-05-03 20:45:00+02:00,149.98278774350763,139.83
2026-05-03 21:00:00+02:00,158.8921178533175,147.94
2026-05-03 21:15:00+02:00,142.50775362491635,138.68
2026-05-03 21:30:00+02:00,128.0770127024731,133.94
2026-05-03 21:45:00+02:00,121.73896487393569,128.68
2026-05-03 22:00:00+02:00,146.6679797200723,140.07
2026-05-03 22:15:00+02:00,130.54365899422035,137.75
2026-05-03 22:30:00+02:00,121.86748667456278,124.87
2026-05-03 22:45:00+02:00,112.50971108108268,118.82
2026-05-03 23:00:00+02:00,126.35854264468956,133.96
2026-05-03 23:15:00+02:00,115.15242592835392,121.24
2026-05-03 23:30:00+02:00,112.86404196982741,115.95
2026-05-03 23:45:00+02:00,108.50926020586434,113.31
2026-05-04 00:00:00+02:00,116.50910571494778,126.79
2026-05-04 00:15:00+02:00,111.62723895661533,120.08
2026-05-04 00:30:00+02:00,107.31895475547825,112.47
2026-05-04 00:45:00+02:00,106.93027076574378,110.08
2026-05-04 01:00:00+02:00,109.59343558088264,110.65
2026-05-04 01:15:00+02:00,108.22063639402343,109.42
2026-05-04 01:30:00+02:00,107.4769576462442,108.35
2026-05-04 01:45:00+02:00,105.492708428879,105.22
2026-05-04 02:00:00+02:00,108.22480066169207,113.26
2026-05-04 02:15:00+02:00,107.38716081023559,110.64
2026-05-04 02:30:00+02:00,105.45017095890336,110.1
2026-05-04 02:45:00+02:00,107.42033664714614,108.23
2026-05-04 03:00:00+02:00,104.9826387694413,106.55
2026-05-04 03:15:00+02:00,106.80534643185368,105.45
2026-05-04 03:30:00+02:00,108.32039309143832,105.93
2026-05-04 03:45:00+02:00,108.3714499323544,107.46
2026-05-04 04:00:00+02:00,104.96298376703139,107.04
2026-05-04 04:15:00+02:00,107.42885227592599,108.75
2026-05-04 04:30:00+02:00,108.77348167176083,111.0
2026-05-04 04:45:00+02:00,113.35929605935074,112.84
2026-05-04 05:00:00+02:00,110.11320433492585,111.37
2026-05-04 05:15:00+02:00,113.61968565776075,119.09
2026-05-04 05:30:00+02:00,116.51954491614413,134.49
2026-05-04 05:45:00+02:00,126.93703741236729,150.58
2026-05-04 06:00:00+02:00,121.69145810507747,141.72
2026-05-04 06:15:00+02:00,144.95669339566317,153.93
2026-05-04 06:30:00+02:00,155.57488573704993,152.0
2026-05-04 06:45:00+02:00,140.08627203187513,150.54
2026-05-04 07:00:00+02:00,156.17720744814036,163.33
2026-05-04 07:15:00+02:00,146.8080159116701,154.26
2026-05-04 07:30:00+02:00,139.8798643675302,147.19
2026-05-04 07:45:00+02:00,131.02005234407062,140.29
2026-05-04 08:00:00+02:00,169.8316232992535,155.51
2026-05-04 08:15:00+02:00,142.35614469947282,142.88
2026-05-04 08:30:00+02:00,117.45278541775723,131.2
2026-05-04 08:45:00+02:00,95.35147995207303,108.82
2026-05-04 09:00:00+02:00,132.9728375300346,129.89
2026-05-04 09:15:00+02:00,105.35346057090587,112.12
2026-05-04 09:30:00+02:00,96.30153874360269,111.41
2026-05-04 09:45:00+02:00,69.32818415529377,101.08
2026-05-04 10:00:00+02:00,99.55969851296136,118.94
2026-05-04 10:15:00+02:00,75.50965165965023,98.17
2026-05-04 10:30:00+02:00,53.11189029853653,96.98
2026-05-04 10:45:00+02:00,37.87179344132846,85.87
2026-05-04 11:00:00+02:00,36.9318771109697,97.49
2026-05-04 11:15:00+02:00,32.33671216755832,93.61
2026-05-04 11:30:00+02:00,16.8750253124811,93.28
2026-05-04 11:45:00+02:00,11.799637811575513,88.0
2026-05-04 12:00:00+02:00,14.813383790787238,87.48
2026-05-04 12:15:00+02:00,13.445661204280576,74.44
2026-05-04 12:30:00+02:00,9.266675291675416,70.63
2026-05-04 12:45:00+02:00,15.540759326350194,67.71
2026-05-04 13:00:00+02:00,7.387734398761351,72.41
2026-05-04 13:15:00+02:00,7.916152502448039,68.9
2026-05-04 13:30:00+02:00,2.051615686148274,63.0
2026-05-04 13:45:00+02:00,4.880420258798547,73.32
2026-05-04 14:00:00+02:00,3.758229764603497,72.81
2026-05-04 14:15:00+02:00,6.803318821111645,79.55
2026-05-04 14:30:00+02:00,21.807248424209874,83.79
2026-05-04 14:45:00+02:00,24.56720172127236,88.16
2026-05-04 15:00:00+02:00,25.58521377690684,83.34
2026-05-04 15:15:00+02:00,37.37011681026337,89.63
2026-05-04 15:30:00+02:00,57.35817742122637,93.97
2026-05-04 15:45:00+02:00,65.54895756332832,109.07
2026-05-04 16:00:00+02:00,49.881299522834304,88.55
2026-05-04 16:15:00+02:00,64.24453809772098,99.55
2026-05-04 16:30:00+02:00,86.67865267720023,112.63
2026-05-04 16:45:00+02:00,112.0663110947846,131.14
2026-05-04 17:00:00+02:00,69.79624981566138,93.34
2026-05-04 17:15:00+02:00,110.8439548260632,126.0
2026-05-04 17:30:00+02:00,128.58839862209172,141.19
2026-05-04 17:45:00+02:00,144.75191137621724,155.44
2026-05-04 18:00:00+02:00,116.51736250549018,135.27
2026-05-04 18:15:00+02:00,130.65243684549486,146.92
2026-05-04 18:30:00+02:00,147.7440392054956,178.74
2026-05-04 18:45:00+02:00,161.8040197175269,215.07
2026-05-04 19:00:00+02:00,152.48829904274365,156.7
2026-05-04 19:15:00+02:00,177.29908859571697,196.47
2026-05-04 19:30:00+02:00,182.11455747557915,270.68
2026-05-04 19:45:00+02:00,207.43660812263823,356.27
2026-05-04 20:00:00+02:00,184.48361572059778,285.76
2026-05-04 20:15:00+02:00,193.00552560901176,282.0
2026-05-04 20:30:00+02:00,172.26905671013037,272.72
2026-05-04 20:45:00+02:00,153.22012508413283,226.86
2026-05-04 21:00:00+02:00,172.56972485482257,272.99
2026-05-04 21:15:00+02:00,152.240561871107,202.64
2026-05-04 21:30:00+02:00,141.32130688141572,158.91
2026-05-04 21:45:00+02:00,134.82459880306567,142.66
2026-05-04 22:00:00+02:00,150.60568337379667,181.0
2026-05-04 22:15:00+02:00,137.79383394058425,152.71
2026-05-04 22:30:00+02:00,132.97763138422468,141.36
2026-05-04 22:45:00+02:00,124.95788307964948,137.11
2026-05-04 23:00:00+02:00,132.4786802693136,152.25
2026-05-04 23:15:00+02:00,129.08581643096295,139.09
2026-05-04 23:30:00+02:00,122.13380400644904,132.0
2026-05-04 23:45:00+02:00,114.43398565059448,125.46
2026-05-05 00:00:00+02:00,135.79978778809456,143.42
2026-05-05 00:15:00+02:00,126.19249450148794,132.45
2026-05-05 00:30:00+02:00,129.74611743263856,126.22
2026-05-05 00:45:00+02:00,122.46695194833991,123.35
2026-05-05 01:00:00+02:00,123.02171265347707,131.88
2026-05-05 01:15:00+02:00,124.81515121012086,126.15
2026-05-05 01:30:00+02:00,123.22939063455988,125.35
2026-05-05 01:45:00+02:00,119.2935070786643,121.42
2026-05-05 02:00:00+02:00,120.60020309912736,123.28
2026-05-05 02:15:00+02:00,118.4189602813471,121.79
2026-05-05 02:30:00+02:00,119.0019950439562,121.59
2026-05-05 02:45:00+02:00,119.0692193699631,121.78
2026-05-05 03:00:00+02:00,115.9370384316062,122.18
2026-05-05 03:15:00+02:00,114.48912727193323,121.84
2026-05-05 03:30:00+02:00,117.03661096099539,122.68
2026-05-05 03:45:00+02:00,118.16980883536311,121.48
2026-05-05 04:00:00+02:00,115.66864620695208,120.69
2026-05-05 04:15:00+02:00,117.12667136691353,122.34
2026-05-05 04:30:00+02:00,120.61842815956236,125.44
2026-05-05 04:45:00+02:00,122.67156185657808,127.13
2026-05-05 05:00:00+02:00,120.13906919652338,124.19
2026-05-05 05:15:00+02:00,123.65035719483959,127.57
2026-05-05 05:30:00+02:00,124.93238483906148,136.58
2026-05-05 05:45:00+02:00,134.85643034288,147.27
2026-05-05 06:00:00+02:00,139.4758338661955,149.39
2026-05-05 06:15:00+02:00,155.73790788258864,155.53
2026-05-05 06:30:00+02:00,155.81522259036566,163.67
2026-05-05 06:45:00+02:00,154.0294834255228,171.86
2026-05-05 07:00:00+02:00,163.8375103738208,178.34
2026-05-05 07:15:00+02:00,166.22056894648384,165.55
2026-05-05 07:30:00+02:00,152.97833986151846,151.59
2026-05-05 07:45:00+02:00,136.10817397035444,147.58
2026-05-05 08:00:00+02:00,164.33763964770225,167.15
2026-05-05 08:15:00+02:00,145.40422825230488,146.97
2026-05-05 08:30:00+02:00,138.44970012062998,144.78
2026-05-05 08:45:00+02:00,124.24750278883306,130.03
2026-05-05 09:00:00+02:00,152.37050692220976,141.41
2026-05-05 09:15:00+02:00,126.7250098086187,130.03
2026-05-05 09:30:00+02:00,115.98026877979532,126.0
2026-05-05 09:45:00+02:00,106.15136732981429,121.0
2026-05-05 10:00:00+02:00,121.32820932830802,124.66
2026-05-05 10:15:00+02:00,99.68535125552641,115.89
2026-05-05 10:30:00+02:00,95.53412462165258,108.72
2026-05-05 10:45:00+02:00,81.8784406106563,107.21
2026-05-05 11:00:00+02:00,94.0012895005604,113.08
2026-05-05 11:15:00+02:00,80.41988304839856,109.99
2026-05-05 11:30:00+02:00,75.27468151496493,106.36
2026-05-05 11:45:00+02:00,74.97779147741294,103.6
2026-05-05 12:00:00+02:00,85.73222053505397,106.28
2026-05-05 12:15:00+02:00,73.81444601504735,97.28
2026-05-05 12:30:00+02:00,65.04093575675947,95.3
2026-05-05 12:45:00+02:00,65.02429408216986,97.51
2026-05-05 13:00:00+02:00,72.45828441235662,98.25
2026-05-05 13:15:00+02:00,64.9172052562718,98.3
2026-05-05 13:30:00+02:00,68.00502966448653,97.36
2026-05-05 13:45:00+02:00,59.14010574862502,98.31
2026-05-05 14:00:00+02:00,75.06429827685936,92.33
2026-05-05 14:15:00+02:00,62.86073300760768,98.3
2026-05-05 14:30:00+02:00,64.26037688070727,99.34
2026-05-05 14:45:00+02:00,69.79232557652165,101.01
2026-05-05 15:00:00+02:00,71.01245633507695,111.11
2026-05-05 15:15:00+02:00,73.65069775034162,102.15
2026-05-05 15:30:00+02:00,89.70112851796276,105.3
2026-05-05 15:45:00+02:00,92.76525862536357,105.4
2026-05-05 16:00:00+02:00,90.26813657997455,109.53
2026-05-05 16:15:00+02:00,97.01685817486991,105.57
2026-05-05 16:30:00+02:00,109.62410870248782,108.42
2026-05-05 16:45:00+02:00,124.0329001924613,124.39
2026-05-05 17:00:00+02:00,97.94984136090935,116.16
2026-05-05 17:15:00+02:00,123.18674771046881,123.43
2026-05-05 17:30:00+02:00,136.8135280769837,132.79
2026-05-05 17:45:00+02:00,147.6748347882959,142.3
2026-05-05 18:00:00+02:00,127.22793776702885,133.41
2026-05-05 18:15:00+02:00,140.11609750815012,132.23
2026-05-05 18:30:00+02:00,154.49896958369135,149.6
2026-05-05 18:45:00+02:00,173.8756718079049,167.81
2026-05-05 19:00:00+02:00,151.1218961298394,148.97
2026-05-05 19:15:00+02:00,166.1927754876121,157.1
2026-05-05 19:30:00+02:00,185.235878271153,162.83
2026-05-05 19:45:00+02:00,189.20275832247788,185.84
2026-05-05 20:00:00+02:00,181.24206118678208,165.17
2026-05-05 20:15:00+02:00,173.5215344682805,169.32
2026-05-05 20:30:00+02:00,157.54072706719623,166.08
2026-05-05 20:45:00+02:00,149.3053496265079,155.04
2026-05-05 21:00:00+02:00,162.77008055688788,157.0
2026-05-05 21:15:00+02:00,145.99168902672744,151.96
2026-05-05 21:30:00+02:00,132.35514886806345,146.04
2026-05-05 21:45:00+02:00,119.78433531978393,132.99
2026-05-05 22:00:00+02:00,135.96506350997458,146.61
2026-05-05 22:15:00+02:00,133.13191596275504,135.61
2026-05-05 22:30:00+02:00,126.24875283116702,130.03
2026-05-05 22:45:00+02:00,120.78238341623054,118.73
2026-05-05 23:00:00+02:00,125.26660568870722,128.03
2026-05-05 23:15:00+02:00,121.24045364313461,117.41
2026-05-05 23:30:00+02:00,115.16934819665909,110.92
2026-05-05 23:45:00+02:00,104.15233093667,104.81
2026-05-06 00:00:00+02:00,116.68199328918806,128.01
2026-05-06 00:15:00+02:00,111.02186674403389,119.76
2026-05-06 00:30:00+02:00,107.21910103024643,118.18
2026-05-06 00:45:00+02:00,98.97407950830292,114.19
2026-05-06 01:00:00+02:00,107.74721935773366,118.03
2026-05-06 01:15:00+02:00,103.56194931002426,114.15
2026-05-06 01:30:00+02:00,102.74500997580229,113.02
2026-05-06 01:45:00+02:00,101.37454848419803,111.72
2026-05-06 02:00:00+02:00,100.99784275160818,113.46
2026-05-06 02:15:00+02:00,99.8535584336337,113.01
2026-05-06 02:30:00+02:00,100.69769223258133,112.76
2026-05-06 02:45:00+02:00,99.2474373393448,113.43
2026-05-06 03:00:00+02:00,97.97323124979273,112.61
2026-05-06 03:15:00+02:00,98.33580801687796,112.83
2026-05-06 03:30:00+02:00,97.43948192121708,113.54
2026-05-06 03:45:00+02:00,98.9047418747533,113.0
2026-05-06 04:00:00+02:00,97.25561403489354,112.99
2026-05-06 04:15:00+02:00,99.75697570777999,112.66
2026-05-06 04:30:00+02:00,103.93526012327823,113.72
2026-05-06 04:45:00+02:00,106.3700184983204,113.99
2026-05-06 05:00:00+02:00,97.40198377011899,112.56
2026-05-06 05:15:00+02:00,103.64009886182856,116.12
2026-05-06 05:30:00+02:00,114.7103756164216,119.09
2026-05-06 05:45:00+02:00,117.65902823086473,125.13
2026-05-06 06:00:00+02:00,120.69995506541542,120.6
2026-05-06 06:15:00+02:00,128.13060309304242,129.72
2026-05-06 06:30:00+02:00,133.01221189863892,136.04
2026-05-06 06:45:00+02:00,137.9892271105158,138.2
2026-05-06 07:00:00+02:00,141.17465709892136,150.1
2026-05-06 07:15:00+02:00,142.94294912513044,149.96
2026-05-06 07:30:00+02:00,139.1168271461808,141.04
2026-05-06 07:45:00+02:00,133.3867575026609,128.7
2026-05-06 08:00:00+02:00,143.35076586834225,177.79
2026-05-06 08:15:00+02:00,135.98885792752688,143.93
2026-05-06 08:30:00+02:00,105.94256909228362,131.37
2026-05-06 08:45:00+02:00,101.49354618329758,113.11
2026-05-06 09:00:00+02:00,116.92072184655125,136.86
2026-05-06 09:15:00+02:00,105.39298552245937,125.49
2026-05-06 09:30:00+02:00,93.94151532686548,115.83
2026-05-06 09:45:00+02:00,90.13839845729103,107.04
2026-05-06 10:00:00+02:00,96.72098004215154,119.47
2026-05-06 10:15:00+02:00,82.31900558798476,110.19
2026-05-06 10:30:00+02:00,76.24719799203373,102.77
2026-05-06 10:45:00+02:00,57.79381743148963,102.77
2026-05-06 11:00:00+02:00,74.15526191867284,111.0
2026-05-06 11:15:00+02:00,70.13020862291276,102.73
2026-05-06 11:30:00+02:00,63.881745164683224,102.57
2026-05-06 11:45:00+02:00,79.32899633831862,100.18
2026-05-06 12:00:00+02:00,69.23906376913595,99.79
2026-05-06 12:15:00+02:00,71.07403729128791,99.72
2026-05-06 12:30:00+02:00,66.09237129230385,103.31
2026-05-06 12:45:00+02:00,52.74530658284677,97.55
2026-05-06 13:00:00+02:00,72.03498476301337,96.3
2026-05-06 13:15:00+02:00,54.36395050187659,91.64
2026-05-06 13:30:00+02:00,48.00623407534452,85.62
2026-05-06 13:45:00+02:00,45.43544852841112,83.8
2026-05-06 14:00:00+02:00,53.66982587520793,85.74
2026-05-06 14:15:00+02:00,57.28172776361605,88.77
2026-05-06 14:30:00+02:00,72.38175784938196,92.96
2026-05-06 14:45:00+02:00,87.96403089792244,97.85
2026-05-06 15:00:00+02:00,80.43860648234906,102.66
2026-05-06 15:15:00+02:00,72.91546474706267,99.76
2026-05-06 15:30:00+02:00,70.55277055245135,102.4
2026-05-06 15:45:00+02:00,87.67621577576038,107.68
2026-05-06 16:00:00+02:00,60.51150430110986,105.69
2026-05-06 16:15:00+02:00,89.09381741596815,104.67
2026-05-06 16:30:00+02:00,101.80578610562543,115.16
2026-05-06 16:45:00+02:00,115.74519565201993,125.13
2026-05-06 17:00:00+02:00,90.13918540237503,111.71
2026-05-06 17:15:00+02:00,117.64908599429461,119.64
2026-05-06 17:30:00+02:00,127.34525155860112,129.04
2026-05-06 17:45:00+02:00,129.0570439596295,139.82
2026-05-06 18:00:00+02:00,119.31377085839031,124.08
2026-05-06 18:15:00+02:00,127.23339291964585,131.45
2026-05-06 18:30:00+02:00,141.23115226632422,141.11
2026-05-06 18:45:00+02:00,163.85607890366035,155.0
2026-05-06 19:00:00+02:00,140.65352975100254,140.5
2026-05-06 19:15:00+02:00,151.5930909097252,150.01
2026-05-06 19:30:00+02:00,165.93332100042306,157.31
2026-05-06 19:45:00+02:00,177.1525323748227,170.6
2026-05-06 20:00:00+02:00,160.96097807785773,146.0
2026-05-06 20:15:00+02:00,155.39996802485382,151.24
2026-05-06 20:30:00+02:00,153.7032963090085,160.19
2026-05-06 20:45:00+02:00,143.0398594541935,170.23
2026-05-06 21:00:00+02:00,147.19573332643907,163.72
2026-05-06 21:15:00+02:00,135.42689850038525,162.3
2026-05-06 21:30:00+02:00,131.85946145918706,153.0
2026-05-06 21:45:00+02:00,125.34124804328877,139.42
2026-05-06 22:00:00+02:00,141.33121156803685,155.83
2026-05-06 22:15:00+02:00,131.26983637273105,148.44
2026-05-06 22:30:00+02:00,122.12283314020412,139.95
2026-05-06 22:45:00+02:00,115.75575533098079,129.43
2026-05-06 23:00:00+02:00,124.62375964430862,137.0
2026-05-06 23:15:00+02:00,118.6760532989739,129.51
2026-05-06 23:30:00+02:00,115.02155503877749,126.1
2026-05-06 23:45:00+02:00,106.40439094835016,120.43
2026-05-07 00:00:00+02:00,127.35081151656757,132.57
2026-05-07 00:15:00+02:00,119.90714649153621,126.0
2026-05-07 00:30:00+02:00,117.44051846158789,123.09
2026-05-07 00:45:00+02:00,116.55958472581248,118.95
2026-05-07 01:00:00+02:00,114.22740950317636,118.17
2026-05-07 01:15:00+02:00,112.25931626726242,116.51
2026-05-07 01:30:00+02:00,114.26169622024489,115.96
2026-05-07 01:45:00+02:00,110.63667380747124,115.3
2026-05-07 02:00:00+02:00,118.08055289511975,114.48
2026-05-07 02:15:00+02:00,112.90569762811181,115.26
2026-05-07 02:30:00+02:00,111.40671907078985,114.86
2026-05-07 02:45:00+02:00,109.42759916829579,116.43
2026-05-07 03:00:00+02:00,110.94942114085006,115.9
2026-05-07 03:15:00+02:00,110.00779698157147,115.08
2026-05-07 03:30:00+02:00,110.84032304818538,116.34
2026-05-07 03:45:00+02:00,110.07916989004477,118.64
2026-05-07 04:00:00+02:00,110.8628248680519,114.13
2026-05-07 04:15:00+02:00,111.7473801600157,117.59
2026-05-07 04:30:00+02:00,113.97991596412737,120.26
2026-05-07 04:45:00+02:00,116.39842519526049,124.57
2026-05-07 05:00:00+02:00,115.04446315948637,118.87
2026-05-07 05:15:00+02:00,120.50731780993672,123.71
2026-05-07 05:30:00+02:00,125.04735399993724,128.71
2026-05-07 05:45:00+02:00,130.87313745574875,136.21
2026-05-07 06:00:00+02:00,132.14315264511927,139.02
2026-05-07 06:15:00+02:00,137.85873509469076,151.35
2026-05-07 06:30:00+02:00,143.49993663233735,153.59
2026-05-07 06:45:00+02:00,159.11731259583513,160.04
2026-05-07 07:00:00+02:00,162.73028262124188,170.65
2026-05-07 07:15:00+02:00,158.61127942807605,171.78
2026-05-07 07:30:00+02:00,153.33046193370512,166.74
2026-05-07 07:45:00+02:00,128.2429567704362,160.0
2026-05-07 08:00:00+02:00,174.46974758228254,186.15
2026-05-07 08:15:00+02:00,139.79194280523612,155.11
2026-05-07 08:30:00+02:00,132.93498703125957,148.93
2026-05-07 08:45:00+02:00,116.9395343413169,132.18
2026-05-07 09:00:00+02:00,139.74836544456767,151.33
2026-05-07 09:15:00+02:00,124.65396285631414,140.15
2026-05-07 09:30:00+02:00,122.38462062326346,130.96
2026-05-07 09:45:00+02:00,111.92734163899642,123.2
2026-05-07 10:00:00+02:00,123.9439357504486,134.28
2026-05-07 10:15:00+02:00,113.12447862326,123.6
2026-05-07 10:30:00+02:00,109.44132296252357,113.47
2026-05-07 10:45:00+02:00,101.36931050010341,109.18
2026-05-07 11:00:00+02:00,117.24814721966322,117.02
2026-05-07 11:15:00+02:00,111.70980304263463,112.85
2026-05-07 11:30:00+02:00,108.97355956196589,114.2
2026-05-07 11:45:00+02:00,104.39695852967623,110.03
2026-05-07 12:00:00+02:00,106.20758559892093,108.25
2026-05-07 12:15:00+02:00,103.9858494132851,104.13
2026-05-07 12:30:00+02:00,102.84880772385392,102.46
2026-05-07 12:45:00+02:00,98.84116947015595,100.85
2026-05-07 13:00:00+02:00,99.07071125121561,103.67
2026-05-07 13:15:00+02:00,86.72193080692705,103.4
2026-05-07 13:30:00+02:00,82.94954168115953,100.73
2026-05-07 13:45:00+02:00,77.4871002209163,99.86
2026-05-07 14:00:00+02:00,82.71074672260619,99.88
2026-05-07 14:15:00+02:00,84.89630568183166,100.96
2026-05-07 14:30:00+02:00,98.69056059763145,102.12
2026-05-07 14:45:00+02:00,106.2487008093871,103.96
2026-05-07 15:00:00+02:00,97.33593851048175,105.0
2026-05-07 15:15:00+02:00,106.2786997135125,105.89
2026-05-07 15:30:00+02:00,100.95113662578721,107.3
2026-05-07 15:45:00+02:00,118.96071168480489,111.59
2026-05-07 16:00:00+02:00,95.46598622701796,111.92
2026-05-07 16:15:00+02:00,107.04464627559074,113.0
2026-05-07 16:30:00+02:00,115.91464443757121,117.96
2026-05-07 16:45:00+02:00,125.00250162781512,129.11
2026-05-07 17:00:00+02:00,97.81075152903887,115.42
2026-05-07 17:15:00+02:00,121.95841737164254,123.15
2026-05-07 17:30:00+02:00,133.45820005002614,138.15
2026-05-07 17:45:00+02:00,145.3388483250377,153.52
2026-05-07 18:00:00+02:00,125.47734560954237,132.44
2026-05-07 18:15:00+02:00,136.48115011360986,141.06
2026-05-07 18:30:00+02:00,157.64747801253645,152.7
2026-05-07 18:45:00+02:00,174.05202585843685,168.62
2026-05-07 19:00:00+02:00,142.66451921591585,163.1
2026-05-07 19:15:00+02:00,175.27619895290323,167.78
2026-05-07 19:30:00+02:00,214.99185067788372,188.89
2026-05-07 19:45:00+02:00,235.35595194773495,222.85
2026-05-07 20:00:00+02:00,221.85262100311922,219.07
2026-05-07 20:15:00+02:00,202.34044572944393,225.27
2026-05-07 20:30:00+02:00,198.06981593581278,224.98
2026-05-07 20:45:00+02:00,174.6703425474702,216.59
2026-05-07 21:00:00+02:00,179.92161268370987,218.78
2026-05-07 21:15:00+02:00,161.4346261237708,188.24
2026-05-07 21:30:00+02:00,150.75714385911164,168.03
2026-05-07 21:45:00+02:00,146.63202897256372,155.81
2026-05-07 22:00:00+02:00,156.8682905792337,165.05
2026-05-07 22:15:00+02:00,147.56867179531903,154.81
2026-05-07 22:30:00+02:00,143.038077129639,154.16
2026-05-07 22:45:00+02:00,131.91712881516315,143.72
2026-05-07 23:00:00+02:00,141.67990109871425,156.99
2026-05-07 23:15:00+02:00,136.40477957118856,146.68
2026-05-07 23:30:00+02:00,129.21083353163428,136.58
2026-05-07 23:45:00+02:00,119.87761319194058,130.78
2026-05-08 00:00:00+02:00,135.05094079577728,138.0
2026-05-08 00:15:00+02:00,128.15578828259532,134.15
2026-05-08 00:30:00+02:00,125.00167032379291,127.17
2026-05-08 00:45:00+02:00,118.50938997790166,122.05
2026-05-08 01:00:00+02:00,124.75695028999321,124.95
2026-05-08 01:15:00+02:00,117.82303517233957,121.52
2026-05-08 01:30:00+02:00,115.66182489523993,120.0
2026-05-08 01:45:00+02:00,116.43381305407685,116.17
2026-05-08 02:00:00+02:00,113.86033081877494,119.47
2026-05-08 02:15:00+02:00,115.4815201776026,118.59
2026-05-08 02:30:00+02:00,115.13122735870253,118.67
2026-05-08 02:45:00+02:00,114.27730298342576,116.13
2026-05-08 03:00:00+02:00,113.52080099672399,117.39
2026-05-08 03:15:00+02:00,112.12555873158348,117.35
2026-05-08 03:30:00+02:00,114.21009365777817,116.43
2026-05-08 03:45:00+02:00,116.99104914439098,116.74
2026-05-08 04:00:00+02:00,115.61037922490524,116.19
2026-05-08 04:15:00+02:00,117.1285029038475,117.13
2026-05-08 04:30:00+02:00,121.34170877144106,119.51
2026-05-08 04:45:00+02:00,125.48299819668868,121.43
2026-05-08 05:00:00+02:00,113.20865494597652,120.22
2026-05-08 05:15:00+02:00,122.47890614165635,121.36
2026-05-08 05:30:00+02:00,125.62989636696534,127.12
2026-05-08 05:45:00+02:00,131.61386108831255,136.04
2026-05-08 06:00:00+02:00,136.1219547228911,135.5
2026-05-08 06:15:00+02:00,148.4061673549234,145.5
2026-05-08 06:30:00+02:00,152.05491941015333,146.61
2026-05-08 06:45:00+02:00,162.8259519531076,146.79
2026-05-08 07:00:00+02:00,170.6132303911139,155.65
2026-05-08 07:15:00+02:00,154.738396767187,151.4
2026-05-08 07:30:00+02:00,143.8618126974768,145.9
2026-05-08 07:45:00+02:00,119.20575498444367,135.16
2026-05-08 08:00:00+02:00,160.9519992445161,161.08
2026-05-08 08:15:00+02:00,136.8048316047482,142.29
2026-05-08 08:30:00+02:00,120.0182046813906,132.31
2026-05-08 08:45:00+02:00,100.7771182190428,113.92
2026-05-08 09:00:00+02:00,125.3579248101317,132.11
2026-05-08 09:15:00+02:00,112.33723722569515,119.53
2026-05-08 09:30:00+02:00,96.24350090012402,108.33
2026-05-08 09:45:00+02:00,82.85463482644522,101.02
2026-05-08 10:00:00+02:00,99.06770388544939,115.23
2026-05-08 10:15:00+02:00,83.57484124691611,101.71
2026-05-08 10:30:00+02:00,76.33231115600825,91.65
2026-05-08 10:45:00+02:00,61.14828856786282,82.4
2026-05-08 11:00:00+02:00,72.22103413624552,93.99
2026-05-08 11:15:00+02:00,63.165213724585286,85.01
2026-05-08 11:30:00+02:00,40.13572446467763,67.25
2026-05-08 11:45:00+02:00,18.49296019945183,56.99
2026-05-08 12:00:00+02:00,27.868464873491234,76.01
2026-05-08 12:15:00+02:00,30.51639172143552,67.38
2026-05-08 12:30:00+02:00,31.65405036030106,62.11
2026-05-08 12:45:00+02:00,31.699651199861222,55.98
2026-05-08 13:00:00+02:00,35.66563933296485,67.26
2026-05-08 13:15:00+02:00,30.981886665913414,61.15
2026-05-08 13:30:00+02:00,27.81923149858931,55.63
2026-05-08 13:45:00+02:00,32.7982670495442,50.79
2026-05-08 14:00:00+02:00,26.519255528327683,54.2
2026-05-08 14:15:00+02:00,39.84759621589342,60.28
2026-05-08 14:30:00+02:00,42.60999468961823,74.09
2026-05-08 14:45:00+02:00,41.500855423063356,68.79
2026-05-08 15:00:00+02:00,35.35920229514935,69.34
2026-05-08 15:15:00+02:00,45.80192326581847,74.72
2026-05-08 15:30:00+02:00,47.70481766223695,91.12
2026-05-08 15:45:00+02:00,48.69674488003393,92.39
2026-05-08 16:00:00+02:00,34.90756031358337,83.7
2026-05-08 16:15:00+02:00,57.010036891921345,89.8
2026-05-08 16:30:00+02:00,95.37999722746372,96.18
2026-05-08 16:45:00+02:00,104.25882787534177,106.57
2026-05-08 17:00:00+02:00,91.48739199266006,96.81
2026-05-08 17:15:00+02:00,100.97025400965228,102.52
2026-05-08 17:30:00+02:00,118.77821379621099,114.58
2026-05-08 17:45:00+02:00,127.03354420592855,124.09
2026-05-08 18:00:00+02:00,117.83552125211625,110.46
2026-05-08 18:15:00+02:00,125.23638160993025,123.04
2026-05-08 18:30:00+02:00,132.90104711413193,133.2
2026-05-08 18:45:00+02:00,147.08935116838617,144.56
2026-05-08 19:00:00+02:00,133.23193530333742,131.83
2026-05-08 19:15:00+02:00,139.34235411256938,136.66
2026-05-08 19:30:00+02:00,173.41249925849604,147.34
2026-05-08 19:45:00+02:00,197.94833745160196,158.34
2026-05-08 20:00:00+02:00,161.93664188137967,154.5
2026-05-08 20:15:00+02:00,167.01297500520096,154.1
2026-05-08 20:30:00+02:00,174.35908803209776,153.3
2026-05-08 20:45:00+02:00,159.55076650006134,150.01
2026-05-08 21:00:00+02:00,167.83421962404142,152.05
2026-05-08 21:15:00+02:00,149.47067627074452,143.99
2026-05-08 21:30:00+02:00,140.7543888667381,132.63
2026-05-08 21:45:00+02:00,132.56783168409916,126.93
2026-05-08 22:00:00+02:00,152.933683999982,139.31
2026-05-08 22:15:00+02:00,139.1027598863345,127.9
2026-05-08 22:30:00+02:00,128.529236484595,124.09
2026-05-08 22:45:00+02:00,120.94653926645651,118.71
2026-05-08 23:00:00+02:00,135.8013000337919,124.66
2026-05-08 23:15:00+02:00,126.63411785855018,123.99
2026-05-08 23:30:00+02:00,117.64427660855446,118.85
2026-05-08 23:45:00+02:00,117.13880559796219,109.06
2026-05-09 00:00:00+02:00,122.18755598371072,133.46
2026-05-09 00:15:00+02:00,119.5040802707345,127.1
2026-05-09 00:30:00+02:00,112.03453615873599,125.51
2026-05-09 00:45:00+02:00,110.7457925039743,124.7
2026-05-09 01:00:00+02:00,113.05833258567347,125.24
2026-05-09 01:15:00+02:00,110.89380505229514,124.8
2026-05-09 01:30:00+02:00,110.1944215471793,122.4
2026-05-09 01:45:00+02:00,109.3847969029254,121.19
2026-05-09 02:00:00+02:00,110.41351607540321,122.99
2026-05-09 02:15:00+02:00,108.67242822845152,125.1
2026-05-09 02:30:00+02:00,110.12569086148734,122.0
2026-05-09 02:45:00+02:00,109.34423704523788,123.83
2026-05-09 03:00:00+02:00,108.45229286439407,124.01
2026-05-09 03:15:00+02:00,109.27627002659618,124.39
2026-05-09 03:30:00+02:00,107.68570970371754,124.59
2026-05-09 03:45:00+02:00,108.66304541682325,124.42
2026-05-09 04:00:00+02:00,107.07186516694551,124.25
2026-05-09 04:15:00+02:00,108.55622315093103,124.77
2026-05-09 04:30:00+02:00,109.11177571525704,126.32
2026-05-09 04:45:00+02:00,107.56052792458514,127.61
2026-05-09 05:00:00+02:00,111.50395303197108,124.74
2026-05-09 05:15:00+02:00,111.44906589624239,126.26
2026-05-09 05:30:00+02:00,110.5847223388464,127.4
2026-05-09 05:45:00+02:00,113.59193133875202,127.41
2026-05-09 06:00:00+02:00,111.89306273401863,130.98
2026-05-09 06:15:00+02:00,112.37826012173642,129.27
2026-05-09 06:30:00+02:00,110.74486262546324,127.95
2026-05-09 06:45:00+02:00,97.73645669233575,121.89
2026-05-09 07:00:00+02:00,117.80735311141972,127.18
2026-05-09 07:15:00+02:00,106.52382740730727,123.46
2026-05-09 07:30:00+02:00,96.14678856338753,119.32
2026-05-09 07:45:00+02:00,74.28600422613006,104.72
2026-05-09 08:00:00+02:00,100.9017130986903,133.35
2026-05-09 08:15:00+02:00,96.65176411976887,116.55
2026-05-09 08:30:00+02:00,79.23443572252692,103.68
2026-05-09 08:45:00+02:00,55.29634749209075,77.11
2026-05-09 09:00:00+02:00,78.84934548885835,126.22
2026-05-09 09:15:00+02:00,58.138821666691804,85.0
2026-05-09 09:30:00+02:00,39.80807226518128,46.46
2026-05-09 09:45:00+02:00,9.92810018432359,15.55
2026-05-09 10:00:00+02:00,16.26277108999699,31.72
2026-05-09 10:15:00+02:00,13.76913694085669,7.93
2026-05-09 10:30:00+02:00,13.668398970919185,0.07
2026-05-09 10:45:00+02:00,-2.6536970495831156,-0.01
2026-05-09 11:00:00+02:00,-8.358472331560968,0.0
2026-05-09 11:15:00+02:00,-20.29832179623415,-0.01
2026-05-09 11:30:00+02:00,-32.655810768339485,-0.01
2026-05-09 11:45:00+02:00,-40.50947932244076,-0.04
2026-05-09 12:00:00+02:00,-57.44163174154356,-0.04
2026-05-09 12:15:00+02:00,-53.130582371894675,-0.09
2026-05-09 12:30:00+02:00,-46.232416231217854,-0.03
2026-05-09 12:45:00+02:00,-28.300258832959344,-0.09
2026-05-09 13:00:00+02:00,-40.414958267625686,-0.09
2026-05-09 13:15:00+02:00,-41.26386373815857,-0.09
2026-05-09 13:30:00+02:00,-39.603962224335824,-0.09
2026-05-09 13:45:00+02:00,-49.5583774996592,-0.09
2026-05-09 14:00:00+02:00,-36.006954590126384,-0.02
2026-05-09 14:15:00+02:00,-44.678867844182975,-0.01
2026-05-09 14:30:00+02:00,-47.64382337919506,-0.01
2026-05-09 14:45:00+02:00,-67.32978519560925,-0.01
2026-05-09 15:00:00+02:00,-44.02908025168707,0.0
2026-05-09 15:15:00+02:00,-62.25003252117489,0.0
2026-05-09 15:30:00+02:00,-57.885394821043825,0.0
2026-05-09 15:45:00+02:00,-39.615719394118386,0.01
2026-05-09 16:00:00+02:00,-32.799464291166515,0.1
2026-05-09 16:15:00+02:00,-16.386751569233567,7.49
2026-05-09 16:30:00+02:00,5.733931213857645,35.09
2026-05-09 16:45:00+02:00,21.267953644034947,68.18
2026-05-09 17:00:00+02:00,21.094423540160776,36.94
2026-05-09 17:15:00+02:00,53.34371966381707,89.42
2026-05-09 17:30:00+02:00,79.14652570597201,114.58
2026-05-09 17:45:00+02:00,96.78461212476917,133.82
2026-05-09 18:00:00+02:00,81.0061234904615,106.7
2026-05-09 18:15:00+02:00,102.45519489537988,121.01
2026-05-09 18:30:00+02:00,126.80708251163016,126.88
2026-05-09 18:45:00+02:00,148.70255511759453,138.17
2026-05-09 19:00:00+02:00,106.28468531612506,126.94
2026-05-09 19:15:00+02:00,129.94639044000147,132.11
2026-05-09 19:30:00+02:00,147.77081131478184,140.1
2026-05-09 19:45:00+02:00,173.1693558064344,154.88
2026-05-09 20:00:00+02:00,154.91296495829192,143.42
2026-05-09 20:15:00+02:00,157.9676157783127,147.03
2026-05-09 20:30:00+02:00,168.6337828287805,148.69
2026-05-09 20:45:00+02:00,166.53984714110385,148.72
2026-05-09 21:00:00+02:00,158.54095130012539,157.52
2026-05-09 21:15:00+02:00,145.6824538940706,146.09
2026-05-09 21:30:00+02:00,136.5265911419035,139.63
2026-05-09 21:45:00+02:00,131.89506209710177,130.7
2026-05-09 22:00:00+02:00,143.6937996878294,145.87
2026-05-09 22:15:00+02:00,136.69708168002026,140.27
2026-05-09 22:30:00+02:00,127.19205817538311,132.09
2026-05-09 22:45:00+02:00,122.96415628454793,126.97
2026-05-09 23:00:00+02:00,134.5877036738335,132.09
2026-05-09 23:15:00+02:00,127.88203207426157,127.53
2026-05-09 23:30:00+02:00,122.47080925066403,126.15
2026-05-09 23:45:00+02:00,114.91061186944222,122.58
2026-05-10 00:00:00+02:00,132.9815689964882,133.41
2026-05-10 00:15:00+02:00,129.46479667261528,127.49
2026-05-10 00:30:00+02:00,120.90503681612556,126.0
2026-05-10 00:45:00+02:00,119.78005375541665,125.47
2026-05-10 01:00:00+02:00,115.47265280804672,127.56
2026-05-10 01:15:00+02:00,115.98832671657792,126.49
2026-05-10 01:30:00+02:00,112.32516546731092,124.69
2026-05-10 01:45:00+02:00,112.63574892782196,123.05
2026-05-10 02:00:00+02:00,114.91307778950903,129.36
2026-05-10 02:15:00+02:00,114.50394677536606,124.9
2026-05-10 02:30:00+02:00,114.66616747691842,124.28
2026-05-10 02:45:00+02:00,114.88835792895742,123.19
2026-05-10 03:00:00+02:00,114.9080630579954,124.99
2026-05-10 03:15:00+02:00,112.99543362875546,123.11
2026-05-10 03:30:00+02:00,112.75865832519291,123.09
2026-05-10 03:45:00+02:00,113.39783978760468,122.74
2026-05-10 04:00:00+02:00,111.88304613311936,121.74
2026-05-10 04:15:00+02:00,113.61052462641115,126.49
2026-05-10 04:30:00+02:00,114.25546766481592,125.41
2026-05-10 04:45:00+02:00,116.50312082369467,123.15
2026-05-10 05:00:00+02:00,115.10932227847982,123.4
2026-05-10 05:15:00+02:00,116.37720187527405,126.34
2026-05-10 05:30:00+02:00,113.97586682108357,126.61
2026-05-10 05:45:00+02:00,117.22123341518079,119.41
2026-05-10 06:00:00+02:00,117.24290648593596,130.32
2026-05-10 06:15:00+02:00,119.80623468690224,119.68
2026-05-10 06:30:00+02:00,115.58838305180257,108.57
2026-05-10 06:45:00+02:00,109.0343078005131,101.99
2026-05-10 07:00:00+02:00,116.90334748635135,122.0
2026-05-10 07:15:00+02:00,103.00575987885838,103.7
2026-05-10 07:30:00+02:00,91.70694239473903,97.1
2026-05-10 07:45:00+02:00,73.71528794706609,81.87
2026-05-10 08:00:00+02:00,97.45915945974514,111.06
2026-05-10 08:15:00+02:00,83.95186630916535,96.22
2026-05-10 08:30:00+02:00,60.63067444521523,63.18
2026-05-10 08:45:00+02:00,34.38686862703028,12.88
2026-05-10 09:00:00+02:00,74.3624236284827,33.59
2026-05-10 09:15:00+02:00,14.299814138863184,9.96
2026-05-10 09:30:00+02:00,34.2103166072309,1.15
2026-05-10 09:45:00+02:00,12.446067522197083,0.02
2026-05-10 10:00:00+02:00,19.909907300123066,0.07
2026-05-10 10:15:00+02:00,1.2562010957571772,0.0
2026-05-10 10:30:00+02:00,1.7187937535510898,-0.01
2026-05-10 10:45:00+02:00,-9.754788521938732,-0.05
2026-05-10 11:00:00+02:00,-18.796647483711496,-0.05
2026-05-10 11:15:00+02:00,-38.947992685023934,-0.49
2026-05-10 11:30:00+02:00,-55.55502347387777,-0.87
2026-05-10 11:45:00+02:00,-73.77518199931679,-1.27
2026-05-10 12:00:00+02:00,-66.24120559424446,-0.99
2026-05-10 12:15:00+02:00,-77.303703983813,-1.43
2026-05-10 12:30:00+02:00,-85.04247205719079,-1.99
2026-05-10 12:45:00+02:00,-100.15298000983944,-3.11
2026-05-10 13:00:00+02:00,-98.86682996226583,-2.19
2026-05-10 13:15:00+02:00,-106.24386603401311,-2.05
2026-05-10 13:30:00+02:00,-122.50730660279338,-2.4
2026-05-10 13:45:00+02:00,-117.19992973549883,-2.02
2026-05-10 14:00:00+02:00,-124.08628063786358,-2.01
2026-05-10 14:15:00+02:00,-117.30252511090677,-1.24
2026-05-10 14:30:00+02:00,-107.74735286659256,-1.3
2026-05-10 14:45:00+02:00,-88.34705708117751,-1.05
2026-05-10 15:00:00+02:00,-74.41016852301284,-0.83
2026-05-10 15:15:00+02:00,-47.646484587435225,-0.11
2026-05-10 15:30:00+02:00,-36.58982675831896,-0.07
2026-05-10 15:45:00+02:00,-22.67619910979691,-0.01
2026-05-10 16:00:00+02:00,-15.528544346105534,-0.06
2026-05-10 16:15:00+02:00,-16.025961622507467,-0.03
2026-05-10 16:30:00+02:00,4.922679556189564,0.23
2026-05-10 16:45:00+02:00,30.42905584135454,7.39
2026-05-10 17:00:00+02:00,19.82392701147465,10.13
2026-05-10 17:15:00+02:00,9.254306304837527,59.03
2026-05-10 17:30:00+02:00,39.136327827154204,95.49
2026-05-10 17:45:00+02:00,109.50469429450811,119.37
2026-05-10 18:00:00+02:00,61.073552787903864,90.98
2026-05-10 18:15:00+02:00,110.19041099953989,108.78
2026-05-10 18:30:00+02:00,120.25648661142314,119.52
2026-05-10 18:45:00+02:00,143.44927898264535,124.49
2026-05-10 19:00:00+02:00,113.83991067301798,112.28
2026-05-10 19:15:00+02:00,129.6538650120572,121.51
2026-05-10 19:30:00+02:00,139.33346717256512,125.22
2026-05-10 19:45:00+02:00,161.87112248164192,128.99
2026-05-10 20:00:00+02:00,142.67575754944409,127.02
2026-05-10 20:15:00+02:00,147.37817016374748,129.3
2026-05-10 20:30:00+02:00,157.17525583685378,130.23
2026-05-10 20:45:00+02:00,144.37208466179015,130.72
2026-05-10 21:00:00+02:00,156.48489036267512,131.29
2026-05-10 21:15:00+02:00,142.0176352303013,128.95
2026-05-10 21:30:00+02:00,135.11507327213633,127.41
2026-05-10 21:45:00+02:00,128.9104113805546,126.41
2026-05-10 22:00:00+02:00,139.88572397665106,126.89
2026-05-10 22:15:00+02:00,135.14131398858652,124.91
2026-05-10 22:30:00+02:00,125.78820042641347,123.62
2026-05-10 22:45:00+02:00,119.79784788346439,121.14
2026-05-10 23:00:00+02:00,130.86981914261483,124.15
2026-05-10 23:15:00+02:00,121.87863035267333,121.59
2026-05-10 23:30:00+02:00,118.65692382501112,120.47
2026-05-10 23:45:00+02:00,116.00038792436503,113.14
2026-05-11 00:00:00+02:00,126.81259269387668,125.16
2026-05-11 00:15:00+02:00,115.2347575140993,119.85
2026-05-11 00:30:00+02:00,114.89678504065151,116.72
2026-05-11 00:45:00+02:00,108.19780976982754,113.41
2026-05-11 01:00:00+02:00,111.85263168267122,117.45
2026-05-11 01:15:00+02:00,110.11140473618099,113.18
2026-05-11 01:30:00+02:00,110.86573493625644,110.37
2026-05-11 01:45:00+02:00,108.75258294329514,108.34
2026-05-11 02:00:00+02:00,114.40149277908978,111.1
2026-05-11 02:15:00+02:00,112.71501536113503,109.87
2026-05-11 02:30:00+02:00,109.97131932409391,110.09
2026-05-11 02:45:00+02:00,110.37187379854508,110.65
2026-05-11 03:00:00+02:00,110.18897091248947,110.34
2026-05-11 03:15:00+02:00,110.4229407117494,112.08
2026-05-11 03:30:00+02:00,109.48855458363941,113.43
2026-05-11 03:45:00+02:00,112.13089544599552,114.78
2026-05-11 04:00:00+02:00,112.62726620863879,107.94
2026-05-11 04:15:00+02:00,111.6197856707721,108.64
2026-05-11 04:30:00+02:00,115.2000094416527,115.52
2026-05-11 04:45:00+02:00,118.20523514648627,120.27
2026-05-11 05:00:00+02:00,115.17395096169282,118.01
2026-05-11 05:15:00+02:00,120.05896174634844,120.08
2026-05-11 05:30:00+02:00,121.32510940511975,123.75
2026-05-11 05:45:00+02:00,132.87735474788502,126.71
2026-05-11 06:00:00+02:00,127.20250785271952,125.44
2026-05-11 06:15:00+02:00,139.243399374735,133.62
2026-05-11 06:30:00+02:00,145.86555724022776,140.2
2026-05-11 06:45:00+02:00,142.65508174407438,146.64
2026-05-11 07:00:00+02:00,157.5799618892313,152.98
2026-05-11 07:15:00+02:00,160.22609165907028,159.06
2026-05-11 07:30:00+02:00,148.29535659301195,156.12
2026-05-11 07:45:00+02:00,135.1543597569546,148.03
2026-05-11 08:00:00+02:00,170.55691649301343,173.57
2026-05-11 08:15:00+02:00,143.54015979996356,152.51
2026-05-11 08:30:00+02:00,135.2425251640995,142.2
2026-05-11 08:45:00+02:00,120.536381462648,131.77
2026-05-11 09:00:00+02:00,136.05616060881857,152.95
2026-05-11 09:15:00+02:00,121.95210637056181,137.67
2026-05-11 09:30:00+02:00,109.92864931506719,133.44
2026-05-11 09:45:00+02:00,106.90246884312089,123.14
2026-05-11 10:00:00+02:00,117.4662318469516,139.49
2026-05-11 10:15:00+02:00,106.7514788128976,128.25
2026-05-11 10:30:00+02:00,91.17476247850612,122.14
2026-05-11 10:45:00+02:00,89.93202187258736,115.35
2026-05-11 11:00:00+02:00,89.85048554766263,126.04
2026-05-11 11:15:00+02:00,96.98988211236787,114.96
2026-05-11 11:30:00+02:00,83.43212003592039,106.73
2026-05-11 11:45:00+02:00,77.39135550693237,106.0
2026-05-11 12:00:00+02:00,76.20051923134864,108.4
2026-05-11 12:15:00+02:00,69.74737416670351,106.2
2026-05-11 12:30:00+02:00,68.77830710331465,106.19
2026-05-11 12:45:00+02:00,54.97739602617719,101.15
2026-05-11 13:00:00+02:00,68.17519651099501,101.66
2026-05-11 13:15:00+02:00,65.26160171287937,101.22
2026-05-11 13:30:00+02:00,62.949101064237055,98.72
2026-05-11 13:45:00+02:00,65.68843817428466,93.52
2026-05-11 14:00:00+02:00,70.13012149945176,97.33
2026-05-11 14:15:00+02:00,74.93760745182628,97.32
2026-05-11 14:30:00+02:00,78.83603622006646,94.02
2026-05-11 14:45:00+02:00,71.66885267261517,95.25
2026-05-11 15:00:00+02:00,75.50478244898406,95.04
2026-05-11 15:15:00+02:00,77.61618890585974,96.02
2026-05-11 15:30:00+02:00,82.5544098225722,95.9
2026-05-11 15:45:00+02:00,97.74568518660934,97.84
2026-05-11 16:00:00+02:00,85.01781642708517,91.15
2026-05-11 16:15:00+02:00,94.69897360423538,96.57
2026-05-11 16:30:00+02:00,99.63944912806129,101.68
2026-05-11 16:45:00+02:00,110.84315991827805,112.56
2026-05-11 17:00:00+02:00,77.51967203798661,101.65
2026-05-11 17:15:00+02:00,94.5311229191533,115.57
2026-05-11 17:30:00+02:00,109.2169762244917,120.98
2026-05-11 17:45:00+02:00,137.26435680698737,127.01
2026-05-11 18:00:00+02:00,113.28991834236237,120.52
2026-05-11 18:15:00+02:00,122.554964112123,122.0
2026-05-11 18:30:00+02:00,124.32593314152875,122.52
2026-05-11 18:45:00+02:00,126.16853724260619,126.88
2026-05-11 19:00:00+02:00,141.5846000115032,123.68
2026-05-11 19:15:00+02:00,122.71503466955855,129.0
2026-05-11 19:30:00+02:00,128.05671714333462,131.98
2026-05-11 19:45:00+02:00,149.31181455218385,138.21
2026-05-11 20:00:00+02:00,139.76470113043018,129.59
2026-05-11 20:15:00+02:00,134.50196970187315,128.2
2026-05-11 20:30:00+02:00,128.8978582917142,133.33
2026-05-11 20:45:00+02:00,131.63800702103475,133.36
2026-05-11 21:00:00+02:00,130.5473581289785,135.38
2026-05-11 21:15:00+02:00,133.40102971084553,129.99
2026-05-11 21:30:00+02:00,129.99933632063693,127.64
2026-05-11 21:45:00+02:00,113.71639519753016,118.48
2026-05-11 22:00:00+02:00,130.14366459944276,126.86
2026-05-11 22:15:00+02:00,122.47763299016768,121.01
2026-05-11 22:30:00+02:00,118.03666673676983,121.86
2026-05-11 22:45:00+02:00,111.74987041647374,113.33
2026-05-11 23:00:00+02:00,113.49428488382767,119.35
2026-05-11 23:15:00+02:00,107.84899750072447,108.8
2026-05-11 23:30:00+02:00,107.13490110506677,106.6
2026-05-11 23:45:00+02:00,99.40940679148248,101.06
2026-05-12 00:00:00+02:00,109.57099721031798,105.91
2026-05-12 00:15:00+02:00,99.01135106648981,100.86
2026-05-12 00:30:00+02:00,94.94208794012121,96.68
2026-05-12 00:45:00+02:00,87.5972439638626,92.81
2026-05-12 01:00:00+02:00,97.02360437077212,99.59
2026-05-12 01:15:00+02:00,91.24410242139206,94.69
2026-05-12 01:30:00+02:00,89.02861202224678,94.5
2026-05-12 01:45:00+02:00,82.8287446877738,92.32
2026-05-12 02:00:00+02:00,93.44100851496312,92.13
2026-05-12 02:15:00+02:00,88.6371681022531,91.55
2026-05-12 02:30:00+02:00,85.77378466003462,91.7
2026-05-12 02:45:00+02:00,86.39128517948666,91.54
2026-05-12 03:00:00+02:00,88.17794259418889,92.31
2026-05-12 03:15:00+02:00,86.83370314414842,90.99
2026-05-12 03:30:00+02:00,83.66334962526051,90.3
2026-05-12 03:45:00+02:00,79.4437870955797,85.99
2026-05-12 04:00:00+02:00,73.82646617164043,84.44
2026-05-12 04:15:00+02:00,76.35757927282626,89.63
2026-05-12 04:30:00+02:00,82.6229070872868,92.32
2026-05-12 04:45:00+02:00,63.490708925202014,99.11
2026-05-12 05:00:00+02:00,81.08285384955695,85.4
2026-05-12 05:15:00+02:00,73.03500378576238,90.01
2026-05-12 05:30:00+02:00,82.97954831036597,98.9
2026-05-12 05:45:00+02:00,88.36387749599038,101.7
2026-05-12 06:00:00+02:00,77.92358145468882,99.88
2026-05-12 06:15:00+02:00,79.73263570647617,110.62
2026-05-12 06:30:00+02:00,88.93986259630901,114.69
2026-05-12 06:45:00+02:00,81.55336885031835,119.86
2026-05-12 07:00:00+02:00,90.99431808791763,125.44
2026-05-12 07:15:00+02:00,99.60803039268204,125.01
2026-05-12 07:30:00+02:00,90.26063801026405,122.85
2026-05-12 07:45:00+02:00,92.09116337016377,117.0
2026-05-12 08:00:00+02:00,104.22350195002284,125.05
2026-05-12 08:15:00+02:00,95.71912815653013,118.0
2026-05-12 08:30:00+02:00,89.46836177176333,108.53
2026-05-12 08:45:00+02:00,80.16768842188618,97.0
2026-05-12 09:00:00+02:00,94.88710060137113,108.53
2026-05-12 09:15:00+02:00,85.71927549686679,100.0
2026-05-12 09:30:00+02:00,72.47361069338022,92.78
2026-05-12 09:45:00+02:00,44.286411091213026,74.99
2026-05-12 10:00:00+02:00,69.3194190524253,96.84
2026-05-12 10:15:00+02:00,32.5838440727401,87.7
2026-05-12 10:30:00+02:00,27.698398443748886,73.69
2026-05-12 10:45:00+02:00,-9.78852647516705,60.0
2026-05-12 11:00:00+02:00,6.917507281014707,72.65
2026-05-12 11:15:00+02:00,-4.426584164656848,65.1
2026-05-12 11:30:00+02:00,-1.720020774888786,60.08
2026-05-12 11:45:00+02:00,-1.3321446925274465,56.31
2026-05-12 12:00:00+02:00,-3.9368741366754563,55.91
2026-05-12 12:15:00+02:00,-2.6581628665284693,45.96
2026-05-12 12:30:00+02:00,-6.607738048056978,40.91
2026-05-12 12:45:00+02:00,-7.118585992104188,40.86
2026-05-12 13:00:00+02:00,-8.809206020503417,32.31
2026-05-12 13:15:00+02:00,-9.930993183343459,30.01
2026-05-12 13:30:00+02:00,-5.420554295805852,24.48
2026-05-12 13:45:00+02:00,-6.607288244148197,22.52
2026-05-12 14:00:00+02:00,3.272748124282143,15.13
2026-05-12 14:15:00+02:00,-8.952688896661957,17.44
2026-05-12 14:30:00+02:00,-8.662404755351805,21.01
2026-05-12 14:45:00+02:00,-10.311928770475225,26.31
2026-05-12 15:00:00+02:00,-6.806742065412363,30.36
2026-05-12 15:15:00+02:00,-8.191972888668086,37.52
2026-05-12 15:30:00+02:00,-8.363472805053668,50.1
2026-05-12 15:45:00+02:00,-0.7781316874075088,61.06
2026-05-12 16:00:00+02:00,0.28702262603871986,45.65
2026-05-12 16:15:00+02:00,12.370440761944892,68.39
2026-05-12 16:30:00+02:00,34.30088658256796,87.41
2026-05-12 16:45:00+02:00,44.30451778345198,96.17
2026-05-12 17:00:00+02:00,35.59316614638611,70.1
2026-05-12 17:15:00+02:00,57.44697009460769,94.8
2026-05-12 17:30:00+02:00,86.61884463710223,102.62
2026-05-12 17:45:00+02:00,116.19387299218636,116.48
2026-05-12 18:00:00+02:00,89.64228924657411,97.39
2026-05-12 18:15:00+02:00,105.10314406709188,111.21
2026-05-12 18:30:00+02:00,113.0082239831423,121.08
2026-05-12 18:45:00+02:00,124.7337615987136,129.84
2026-05-12 19:00:00+02:00,115.04362881266191,121.98
2026-05-12 19:15:00+02:00,118.99359414643125,129.65
2026-05-12 19:30:00+02:00,114.13373133271645,140.45
2026-05-12 19:45:00+02:00,150.11320248810765,153.03
2026-05-12 20:00:00+02:00,136.1071968091336,138.29
2026-05-12 20:15:00+02:00,146.18526491321737,143.01
2026-05-12 20:30:00+02:00,141.40162991581272,146.49
2026-05-12 20:45:00+02:00,134.97324772662475,144.15
2026-05-12 21:00:00+02:00,142.58478532856114,151.78
2026-05-12 21:15:00+02:00,127.0778872709093,147.32
2026-05-12 21:30:00+02:00,122.62297848039559,139.61
2026-05-12 21:45:00+02:00,114.35654664697798,132.26
2026-05-12 22:00:00+02:00,126.07779227154239,138.16
2026-05-12 22:15:00+02:00,120.07864286501966,132.89
2026-05-12 22:30:00+02:00,121.74774690172768,129.45
2026-05-12 22:45:00+02:00,113.56729485838079,124.4
2026-05-12 23:00:00+02:00,113.10112941392222,127.14
2026-05-12 23:15:00+02:00,107.32334190661119,120.33
2026-05-12 23:30:00+02:00,103.60928385141987,115.17
2026-05-12 23:45:00+02:00,98.22108218381845,110.74
2026-05-13 00:00:00+02:00,116.95049911655656,126.05
2026-05-13 00:15:00+02:00,105.47207181081822,115.29
2026-05-13 00:30:00+02:00,102.24024823451714,110.3
2026-05-13 00:45:00+02:00,102.25760425035003,105.68
2026-05-13 01:00:00+02:00,104.02305719589401,110.54
2026-05-13 01:15:00+02:00,101.76261971794712,105.15
2026-05-13 01:30:00+02:00,102.01535138837053,105.12
2026-05-13 01:45:00+02:00,100.78650261327037,104.06
2026-05-13 02:00:00+02:00,101.89912543093473,104.69
2026-05-13 02:15:00+02:00,100.83184528699641,104.03
2026-05-13 02:30:00+02:00,100.53786479944087,103.6
2026-05-13 02:45:00+02:00,99.6872513281313,105.11
2026-05-13 03:00:00+02:00,100.46419441258617,104.49
2026-05-13 03:15:00+02:00,98.10959762717327,106.39
2026-05-13 03:30:00+02:00,97.92014324075026,109.13
2026-05-13 03:45:00+02:00,96.62129845862562,109.73
2026-05-13 04:00:00+02:00,94.49779863071798,106.09
2026-05-13 04:15:00+02:00,96.05033332551088,110.34
2026-05-13 04:30:00+02:00,98.35471410387484,111.78
2026-05-13 04:45:00+02:00,101.0388330053239,116.57
2026-05-13 05:00:00+02:00,95.38977974943839,111.72
2026-05-13 05:15:00+02:00,99.20825279766868,115.6
2026-05-13 05:30:00+02:00,113.23380935783786,123.68
2026-05-13 05:45:00+02:00,118.59396227680891,129.0
2026-05-13 06:00:00+02:00,119.3573931366479,128.38
2026-05-13 06:15:00+02:00,125.69342507732041,138.68
2026-05-13 06:30:00+02:00,129.8609240149737,141.37
2026-05-13 06:45:00+02:00,133.00360024637916,140.3
2026-05-13 07:00:00+02:00,135.6497448180464,144.09
2026-05-13 07:15:00+02:00,119.83330946467927,142.4
2026-05-13 07:30:00+02:00,123.03037315795815,143.8
2026-05-13 07:45:00+02:00,115.16476015521364,134.2
2026-05-13 08:00:00+02:00,125.84583660530436,143.91
2026-05-13 08:15:00+02:00,123.01458700437753,132.22
2026-05-13 08:30:00+02:00,103.81908394300248,123.89
2026-05-13 08:45:00+02:00,92.02518114164003,106.78
2026-05-13 09:00:00+02:00,116.5674866578237,123.24
2026-05-13 09:15:00+02:00,103.64672190106349,102.22
2026-05-13 09:30:00+02:00,73.95827703903285,97.7
2026-05-13 09:45:00+02:00,57.06940196085126,86.94
2026-05-13 10:00:00+02:00,77.55215144161569,97.88
2026-05-13 10:15:00+02:00,33.942050362390304,89.45
2026-05-13 10:30:00+02:00,25.22255614135371,84.17
2026-05-13 10:45:00+02:00,15.883955825349748,74.26
2026-05-13 11:00:00+02:00,21.51167395256755,88.9
2026-05-13 11:15:00+02:00,18.456976912977623,83.14
2026-05-13 11:30:00+02:00,14.2117581534215,83.07
2026-05-13 11:45:00+02:00,16.341743778678918,80.0
2026-05-13 12:00:00+02:00,17.598197459942682,81.69
2026-05-13 12:15:00+02:00,20.4637318409315,76.3
2026-05-13 12:30:00+02:00,19.66437439741054,71.04
2026-05-13 12:45:00+02:00,18.32180859974129,67.38
2026-05-13 13:00:00+02:00,16.3322098155171,74.43
2026-05-13 13:15:00+02:00,18.85493051999448,73.72
2026-05-13 13:30:00+02:00,17.055550632465007,71.85
2026-05-13 13:45:00+02:00,13.322382169649416,67.09
2026-05-13 14:00:00+02:00,12.868651498686592,64.0
2026-05-13 14:15:00+02:00,13.902072677482987,66.42
2026-05-13 14:30:00+02:00,16.94635314775978,72.63
2026-05-13 14:45:00+02:00,17.30597656703776,77.76
2026-05-13 15:00:00+02:00,18.18547920246447,69.14
2026-05-13 15:15:00+02:00,22.0654247791813,77.33
2026-05-13 15:30:00+02:00,28.109231487023123,85.58
2026-05-13 15:45:00+02:00,33.02984430084564,97.02
2026-05-13 16:00:00+02:00,21.887707452383392,75.77
2026-05-13 16:15:00+02:00,32.47896474991232,88.06
2026-05-13 16:30:00+02:00,44.85651431413047,95.35
2026-05-13 16:45:00+02:00,76.58285239313422,110.32
2026-05-13 17:00:00+02:00,52.81999125960287,93.59
2026-05-13 17:15:00+02:00,81.73310175831021,105.0
2026-05-13 17:30:00+02:00,103.15958156436577,120.97
2026-05-13 17:45:00+02:00,117.58986578999573,130.85
2026-05-13 18:00:00+02:00,93.23138808800965,117.07
2026-05-13 18:15:00+02:00,115.14300474074713,129.89
2026-05-13 18:30:00+02:00,120.93853514365222,135.32
2026-05-13 18:45:00+02:00,132.3511540645411,147.14
2026-05-13 19:00:00+02:00,119.51901186589816,133.75
2026-05-13 19:15:00+02:00,128.47198183800475,143.53
2026-05-13 19:30:00+02:00,131.50304177064405,153.0
2026-05-13 19:45:00+02:00,142.50192428141114,175.69
2026-05-13 20:00:00+02:00,146.6528123348376,164.15
2026-05-13 20:15:00+02:00,149.11947748094832,169.42
2026-05-13 20:30:00+02:00,137.36667906290364,176.42
2026-05-13 20:45:00+02:00,133.34795500176293,175.08
2026-05-13 21:00:00+02:00,147.020779879793,183.0
2026-05-13 21:15:00+02:00,134.77892690126353,161.97
2026-05-13 21:30:00+02:00,128.87972485873215,151.97
2026-05-13 21:45:00+02:00,120.71935760484466,143.24
2026-05-13 22:00:00+02:00,135.69020015006294,156.03
2026-05-13 22:15:00+02:00,127.3912329843345,143.57
2026-05-13 22:30:00+02:00,124.141345615586,136.82
2026-05-13 22:45:00+02:00,116.02577878959858,132.4
2026-05-13 23:00:00+02:00,125.22315406711643,130.64
2026-05-13 23:15:00+02:00,118.60908584493389,126.75
2026-05-13 23:30:00+02:00,113.8535962266042,119.06
2026-05-13 23:45:00+02:00,108.42972398681604,115.93
2026-05-14 00:00:00+02:00,131.07527541567325,141.19
2026-05-14 00:15:00+02:00,126.76917662485812,133.38
2026-05-14 00:30:00+02:00,120.51708607171969,126.37
2026-05-14 00:45:00+02:00,117.19016505190974,121.22
2026-05-14 01:00:00+02:00,119.12574033652675,127.08
2026-05-14 01:15:00+02:00,115.62486637649359,122.2
2026-05-14 01:30:00+02:00,111.46640490410735,120.4
2026-05-14 01:45:00+02:00,109.49775237771215,117.32
2026-05-14 02:00:00+02:00,107.14734723732167,122.98
2026-05-14 02:15:00+02:00,107.52745594552576,119.89
2026-05-14 02:30:00+02:00,105.33930682208896,118.29
2026-05-14 02:45:00+02:00,104.7728427139162,115.74
2026-05-14 03:00:00+02:00,107.957213220289,117.62
2026-05-14 03:15:00+02:00,106.62087096411692,116.44
2026-05-14 03:30:00+02:00,105.28622664739356,114.32
2026-05-14 03:45:00+02:00,104.6920430677753,114.17
2026-05-14 04:00:00+02:00,101.97789994880216,113.55
2026-05-14 04:15:00+02:00,103.03440530325078,112.11
2026-05-14 04:30:00+02:00,105.5607223224768,112.15
2026-05-14 04:45:00+02:00,105.87134000006505,113.86
2026-05-14 05:00:00+02:00,104.48843984419497,113.15
2026-05-14 05:15:00+02:00,106.61258681534049,111.86
2026-05-14 05:30:00+02:00,105.90706051884874,112.6
2026-05-14 05:45:00+02:00,105.7346458256425,110.57
2026-05-14 06:00:00+02:00,105.67558739061835,113.77
2026-05-14 06:15:00+02:00,107.02042872464673,114.51
2026-05-14 06:30:00+02:00,103.4694618477961,113.14
2026-05-14 06:45:00+02:00,96.95780433034307,104.2
2026-05-14 07:00:00+02:00,114.71742340327532,120.91
2026-05-14 07:15:00+02:00,97.43067634782436,109.2
2026-05-14 07:30:00+02:00,89.2478724206082,103.11
2026-05-14 07:45:00+02:00,58.1541009562605,99.14
2026-05-14 08:00:00+02:00,75.77714459539604,110.5
2026-05-14 08:15:00+02:00,90.7291733531618,105.01
2026-05-14 08:30:00+02:00,68.57357257891954,97.9
2026-05-14 08:45:00+02:00,32.05826041138913,83.62
2026-05-14 09:00:00+02:00,69.1323008358959,101.03
2026-05-14 09:15:00+02:00,28.070139693029503,95.18
2026-05-14 09:30:00+02:00,36.388375513524785,80.4
2026-05-14 09:45:00+02:00,35.76246863922012,63.99
2026-05-14 10:00:00+02:00,35.86775484570158,82.65
2026-05-14 10:15:00+02:00,33.305200039229206,64.0
2026-05-14 10:30:00+02:00,21.615860646832186,50.07
2026-05-14 10:45:00+02:00,4.507798266212323,37.85
2026-05-14 11:00:00+02:00,6.110132817695931,43.4
2026-05-14 11:15:00+02:00,2.859998210849028,40.09
2026-05-14 11:30:00+02:00,1.4181141093715226,33.72
2026-05-14 11:45:00+02:00,8.96841293367196,25.06
2026-05-14 12:00:00+02:00,1.5451894507167445,23.78
2026-05-14 12:15:00+02:00,-6.049352797322326,15.97
2026-05-14 12:30:00+02:00,-8.436804991248733,14.22
2026-05-14 12:45:00+02:00,-16.48358013805474,10.25
2026-05-14 13:00:00+02:00,-16.794261907630805,10.21
2026-05-14 13:15:00+02:00,-7.3537382132637426,8.25
2026-05-14 13:30:00+02:00,-5.562167032087357,6.51
2026-05-14 13:45:00+02:00,-10.230508567435926,5.24
2026-05-14 14:00:00+02:00,-15.668423119526057,3.31
2026-05-14 14:15:00+02:00,-4.57633480464286,4.53
2026-05-14 14:30:00+02:00,-2.9763976818399787,4.83
2026-05-14 14:45:00+02:00,-7.734081907502572,5.74
2026-05-14 15:00:00+02:00,4.870580132466269,5.02
2026-05-14 15:15:00+02:00,-1.9819581947401765,7.84
2026-05-14 15:30:00+02:00,9.145777891367942,17.97
2026-05-14 15:45:00+02:00,4.553501382168136,40.56
2026-05-14 16:00:00+02:00,0.2083754151307673,24.03
2026-05-14 16:15:00+02:00,3.060018724239825,56.23
2026-05-14 16:30:00+02:00,6.223090350954706,81.85
2026-05-14 16:45:00+02:00,14.448556668900878,105.54
2026-05-14 17:00:00+02:00,25.24836265692319,60.46
2026-05-14 17:15:00+02:00,48.88395903850376,90.51
2026-05-14 17:30:00+02:00,71.67136554822739,102.94
2026-05-14 17:45:00+02:00,110.68937895293841,125.13
2026-05-14 18:00:00+02:00,82.08748719235847,105.78
2026-05-14 18:15:00+02:00,104.95708089436437,122.08
2026-05-14 18:30:00+02:00,120.64240999972598,132.29
2026-05-14 18:45:00+02:00,112.56951807171697,143.85
2026-05-14 19:00:00+02:00,106.5504507555954,132.96
2026-05-14 19:15:00+02:00,119.0839205370424,138.21
2026-05-14 19:30:00+02:00,134.1311053952315,146.06
2026-05-14 19:45:00+02:00,150.8294498177261,153.1
2026-05-14 20:00:00+02:00,144.47501743440407,143.03
2026-05-14 20:15:00+02:00,158.24537362145108,148.37
2026-05-14 20:30:00+02:00,151.11189936489157,153.06
2026-05-14 20:45:00+02:00,144.8772415156261,157.33
2026-05-14 21:00:00+02:00,153.3862706073755,153.84
2026-05-14 21:15:00+02:00,143.36003230841473,154.67
2026-05-14 21:30:00+02:00,138.68668295329547,152.76
2026-05-14 21:45:00+02:00,132.88797466896642,147.54
2026-05-14 22:00:00+02:00,142.97364416267757,168.17
2026-05-14 22:15:00+02:00,138.15029147141638,150.27
2026-05-14 22:30:00+02:00,126.59512463207368,145.39
2026-05-14 22:45:00+02:00,121.33717322430888,139.81
2026-05-14 23:00:00+02:00,129.63023180304705,144.42
2026-05-14 23:15:00+02:00,128.59833021147796,137.4
2026-05-14 23:30:00+02:00,121.27437764067125,133.71
2026-05-14 23:45:00+02:00,115.87292594336392,129.75
2026-05-15 00:00:00+02:00,130.5286221811017,146.37
2026-05-15 00:15:00+02:00,125.9537605861886,139.97
2026-05-15 00:30:00+02:00,126.22235456322514,137.76
2026-05-15 00:45:00+02:00,120.53816009908246,127.79
2026-05-15 01:00:00+02:00,125.48125211835196,141.73
2026-05-15 01:15:00+02:00,120.13716450861912,133.43
2026-05-15 01:30:00+02:00,118.65683071073101,128.19
2026-05-15 01:45:00+02:00,114.76426604225709,122.14
2026-05-15 02:00:00+02:00,119.87071030916306,131.48
2026-05-15 02:15:00+02:00,119.06335524584442,126.68
2026-05-15 02:30:00+02:00,119.1160061553953,124.2
2026-05-15 02:45:00+02:00,118.29978078804028,122.89
2026-05-15 03:00:00+02:00,116.41945436867381,122.33
2026-05-15 03:15:00+02:00,116.14547399003838,121.15
2026-05-15 03:30:00+02:00,122.41955063436836,122.66
2026-05-15 03:45:00+02:00,121.04667444179526,121.61
2026-05-15 04:00:00+02:00,117.5687464948679,120.75
2026-05-15 04:15:00+02:00,122.30503854367963,122.7
2026-05-15 04:30:00+02:00,122.17027039849972,124.09
2026-05-15 04:45:00+02:00,119.23488619207257,127.31
2026-05-15 05:00:00+02:00,121.07754871470036,124.1
2026-05-15 05:15:00+02:00,120.69389753653991,125.4
2026-05-15 05:30:00+02:00,123.98438558975307,127.95
2026-05-15 05:45:00+02:00,124.01844266651993,131.19
2026-05-15 06:00:00+02:00,128.33646086409522,132.7
2026-05-15 06:15:00+02:00,132.51794840570994,137.6
2026-05-15 06:30:00+02:00,125.00573492735548,137.1
2026-05-15 06:45:00+02:00,122.58070193170066,137.0
2026-05-15 07:00:00+02:00,135.93618647518073,141.85
2026-05-15 07:15:00+02:00,129.25329861462941,138.77
2026-05-15 07:30:00+02:00,119.7222460684109,135.32
2026-05-15 07:45:00+02:00,113.45460228452899,114.12
2026-05-15 08:00:00+02:00,126.45013446065153,136.79
2026-05-15 08:15:00+02:00,116.63047684107292,129.64
2026-05-15 08:30:00+02:00,111.38362566024159,120.58
2026-05-15 08:45:00+02:00,100.35442162656297,108.97
2026-05-15 09:00:00+02:00,111.12792911291146,121.75
2026-05-15 09:15:00+02:00,102.81337123885213,110.67
2026-05-15 09:30:00+02:00,79.81131469305183,97.62
2026-05-15 09:45:00+02:00,59.972998804962145,88.12
2026-05-15 10:00:00+02:00,84.23248123450185,99.23
2026-05-15 10:15:00+02:00,59.72003664233688,83.05
2026-05-15 10:30:00+02:00,61.77794694919344,77.36
2026-05-15 10:45:00+02:00,56.25559732032215,67.49
2026-05-15 11:00:00+02:00,66.83690010649045,83.0
2026-05-15 11:15:00+02:00,65.44477924078458,75.53
2026-05-15 11:30:00+02:00,47.40752883916158,60.09
2026-05-15 11:45:00+02:00,41.04447895350812,48.65
2026-05-15 12:00:00+02:00,50.10033674599848,70.52
2026-05-15 12:15:00+02:00,43.04186267109573,60.01
2026-05-15 12:30:00+02:00,29.146976564427014,47.64
2026-05-15 12:45:00+02:00,22.438122548936335,39.04
2026-05-15 13:00:00+02:00,23.454467342867353,50.44
2026-05-15 13:15:00+02:00,17.17717939421352,40.99
2026-05-15 13:30:00+02:00,22.154935067959016,38.29
2026-05-15 13:45:00+02:00,27.030372131577387,31.57
2026-05-15 14:00:00+02:00,30.82640634746702,32.03
2026-05-15 14:15:00+02:00,22.611051844223482,37.11
2026-05-15 14:30:00+02:00,30.52043271846134,43.46
2026-05-15 14:45:00+02:00,32.2065235500861,47.99
2026-05-15 15:00:00+02:00,29.94228715902858,28.34
2026-05-15 15:15:00+02:00,20.551333237032456,44.0
2026-05-15 15:30:00+02:00,30.179334211532186,57.0
2026-05-15 15:45:00+02:00,32.26756339737643,74.67
2026-05-15 16:00:00+02:00,21.610299121971543,43.56
2026-05-15 16:15:00+02:00,43.620116350713,69.31
2026-05-15 16:30:00+02:00,62.943243241672135,93.84
2026-05-15 16:45:00+02:00,83.20073720168457,102.57
2026-05-15 17:00:00+02:00,64.66120265391865,86.8
2026-05-15 17:15:00+02:00,87.96031225054085,99.6
2026-05-15 17:30:00+02:00,117.42109884037214,111.77
2026-05-15 17:45:00+02:00,125.28038960531808,122.02
2026-05-15 18:00:00+02:00,108.72484718054442,115.95
2026-05-15 18:15:00+02:00,122.7048292040274,122.0
2026-05-15 18:30:00+02:00,128.84976643838695,126.8
2026-05-15 18:45:00+02:00,131.37839973323727,135.42
2026-05-15 19:00:00+02:00,131.57762478034303,135.98
2026-05-15 19:15:00+02:00,129.66177733924007,140.29
2026-05-15 19:30:00+02:00,141.1807036092803,144.98
2026-05-15 19:45:00+02:00,154.69363699702296,151.99
2026-05-15 20:00:00+02:00,149.1506622841192,151.87
2026-05-15 20:15:00+02:00,154.2645938233627,151.78
2026-05-15 20:30:00+02:00,159.50226264556923,153.08
2026-05-15 20:45:00+02:00,155.41248357782243,157.09
2026-05-15 21:00:00+02:00,154.87237408721137,162.67
2026-05-15 21:15:00+02:00,144.16081955844868,153.21
2026-05-15 21:30:00+02:00,144.02489376623816,146.56
2026-05-15 21:45:00+02:00,133.4588008731226,142.14
2026-05-15 22:00:00+02:00,161.3951048505091,150.94
2026-05-15 22:15:00+02:00,138.87259155062736,144.52
2026-05-15 22:30:00+02:00,138.97883708237788,144.21
2026-05-15 22:45:00+02:00,128.70792334938318,139.07
2026-05-15 23:00:00+02:00,136.81132125723457,144.48
2026-05-15 23:15:00+02:00,129.80425243631302,137.21
2026-05-15 23:30:00+02:00,127.36580594824989,131.2
2026-05-15 23:45:00+02:00,120.26303030358177,129.16
2026-05-16 00:00:00+02:00,139.96088534935512,139.14
2026-05-16 00:15:00+02:00,135.78339232957606,131.63
2026-05-16 00:30:00+02:00,130.58366565954938,126.47
2026-05-16 00:45:00+02:00,122.09998650829436,122.76
2026-05-16 01:00:00+02:00,131.64991266778523,124.59
2026-05-16 01:15:00+02:00,123.528849518982,122.61
2026-05-16 01:30:00+02:00,117.53218419839534,120.69
2026-05-16 01:45:00+02:00,114.12630536985534,119.26
2026-05-16 02:00:00+02:00,120.59191383025696,119.59
2026-05-16 02:15:00+02:00,116.17805297763084,117.67
2026-05-16 02:30:00+02:00,112.58033494379194,117.21
2026-05-16 02:45:00+02:00,108.61059266219128,115.78
2026-05-16 03:00:00+02:00,114.0518411033451,117.85
2026-05-16 03:15:00+02:00,106.30999442292307,116.09
2026-05-16 03:30:00+02:00,104.94218988808665,115.22
2026-05-16 03:45:00+02:00,101.6764210102058,114.85
2026-05-16 04:00:00+02:00,102.36873292725022,114.73
2026-05-16 04:15:00+02:00,99.83384981265384,113.61
2026-05-16 04:30:00+02:00,100.64669121656459,112.76
2026-05-16 04:45:00+02:00,100.46538033208715,114.98
2026-05-16 05:00:00+02:00,102.9034393980589,114.82
2026-05-16 05:15:00+02:00,100.13123900262411,110.19
2026-05-16 05:30:00+02:00,103.67081125812476,106.8
2026-05-16 05:45:00+02:00,106.30921752211042,105.56
2026-05-16 06:00:00+02:00,104.31328836205293,110.47
2026-05-16 06:15:00+02:00,103.00465137195772,106.47
2026-05-16 06:30:00+02:00,96.56152361185642,105.1
2026-05-16 06:45:00+02:00,79.14944582561068,100.79
2026-05-16 07:00:00+02:00,120.32586344212488,107.97
2026-05-16 07:15:00+02:00,94.66603515886453,103.28
2026-05-16 07:30:00+02:00,84.86758450672394,98.64
2026-05-16 07:45:00+02:00,56.236949368353784,90.29
2026-05-16 08:00:00+02:00,72.14243724198462,100.31
2026-05-16 08:15:00+02:00,57.782879618557246,95.23
2026-05-16 08:30:00+02:00,54.614743579122404,81.7
2026-05-16 08:45:00+02:00,39.87893737272497,70.57
2026-05-16 09:00:00+02:00,64.46349819127386,89.05
2026-05-16 09:15:00+02:00,38.85584289348125,62.13
2026-05-16 09:30:00+02:00,39.98615206955688,17.46
2026-05-16 09:45:00+02:00,37.55484537667338,7.17
2026-05-16 10:00:00+02:00,50.847071600020676,13.65
2026-05-16 10:15:00+02:00,32.62130019140714,3.06
2026-05-16 10:30:00+02:00,17.571274157284392,0.1
2026-05-16 10:45:00+02:00,10.955676285623586,0.0
2026-05-16 11:00:00+02:00,9.48498839827079,0.0
2026-05-16 11:15:00+02:00,11.163413886730334,-0.01
2026-05-16 11:30:00+02:00,1.4208709532911712,-0.02
2026-05-16 11:45:00+02:00,-9.093319730639756,-0.09
2026-05-16 12:00:00+02:00,-5.284145103682434,-1.0
2026-05-16 12:15:00+02:00,-47.939927505866365,-1.09
2026-05-16 12:30:00+02:00,-39.94855162347668,-1.2
2026-05-16 12:45:00+02:00,-41.688830009660236,-1.49
2026-05-16 13:00:00+02:00,-46.35446937906907,-2.33
2026-05-16 13:15:00+02:00,-62.65959127115796,-2.24
2026-05-16 13:30:00+02:00,-70.88315221630988,-2.22
2026-05-16 13:45:00+02:00,-72.65389679912846,-2.01
2026-05-16 14:00:00+02:00,-74.89815863570679,-2.06
2026-05-16 14:15:00+02:00,-69.54780479196229,-2.02
2026-05-16 14:30:00+02:00,-62.71918559570483,-1.99
2026-05-16 14:45:00+02:00,-47.65534551455448,-1.66
2026-05-16 15:00:00+02:00,-43.699385729783444,-1.6
2026-05-16 15:15:00+02:00,-13.393994279182575,-1.05
2026-05-16 15:30:00+02:00,-0.1436403519252707,-0.89
2026-05-16 15:45:00+02:00,14.165510922656516,-0.45
2026-05-16 16:00:00+02:00,7.041692748231689,-0.16
2026-05-16 16:15:00+02:00,32.769684752905775,-0.01
2026-05-16 16:30:00+02:00,42.10229847088861,0.25
2026-05-16 16:45:00+02:00,59.84794077861836,19.04
2026-05-16 17:00:00+02:00,36.17981531062041,6.31
2026-05-16 17:15:00+02:00,69.62828716351315,43.72
2026-05-16 17:30:00+02:00,86.5457412578188,86.33
2026-05-16 17:45:00+02:00,112.25018898482953,104.01
2026-05-16 18:00:00+02:00,91.76502856278155,71.46
2026-05-16 18:15:00+02:00,101.90640760077906,95.81
2026-05-16 18:30:00+02:00,108.06376697550326,114.52
2026-05-16 18:45:00+02:00,116.95208582457795,119.1
2026-05-16 19:00:00+02:00,107.28049217823875,112.9
2026-05-16 19:15:00+02:00,120.36016036333041,121.0
2026-05-16 19:30:00+02:00,138.13709478253165,132.0
2026-05-16 19:45:00+02:00,139.33766861227002,139.98
2026-05-16 20:00:00+02:00,132.24367733536076,133.98
2026-05-16 20:15:00+02:00,131.6246633618315,138.5
2026-05-16 20:30:00+02:00,139.79162964961967,141.44
2026-05-16 20:45:00+02:00,142.14338875651632,146.07
2026-05-16 21:00:00+02:00,152.21043842158633,144.08
2026-05-16 21:15:00+02:00,138.90519247249136,141.35
2026-05-16 21:30:00+02:00,134.50492625146836,139.26
2026-05-16 21:45:00+02:00,132.43407485700655,138.06
2026-05-16 22:00:00+02:00,141.39999004232658,142.34
2026-05-16 22:15:00+02:00,137.2433872908746,136.44
2026-05-16 22:30:00+02:00,129.8120159735867,134.31
2026-05-16 22:45:00+02:00,123.85657221535733,130.87
2026-05-16 23:00:00+02:00,129.43296963237464,134.27
2026-05-16 23:15:00+02:00,125.9257167308615,129.2
2026-05-16 23:30:00+02:00,121.76247330911117,127.95
2026-05-16 23:45:00+02:00,120.33693341814184,119.38
2026-05-17 00:00:00+02:00,136.4738469247118,137.95
2026-05-17 00:15:00+02:00,129.43861936533435,130.21
2026-05-17 00:30:00+02:00,128.2098483398922,122.74
2026-05-17 00:45:00+02:00,123.18053850303072,119.97
2026-05-17 01:00:00+02:00,128.73586519439385,125.77
2026-05-17 01:15:00+02:00,125.54870350486033,118.74
2026-05-17 01:30:00+02:00,120.24545895914338,116.51
2026-05-17 01:45:00+02:00,118.60120310021149,115.23
2026-05-17 02:00:00+02:00,121.34668648777948,118.72
2026-05-17 02:15:00+02:00,120.16282081978594,117.01
2026-05-17 02:30:00+02:00,116.97159729453465,113.64
2026-05-17 02:45:00+02:00,117.25756914096056,112.89
2026-05-17 03:00:00+02:00,118.7925928337278,111.32
2026-05-17 03:15:00+02:00,119.1280610736459,113.82
2026-05-17 03:30:00+02:00,119.06622500329799,114.03
2026-05-17 03:45:00+02:00,117.05649922109103,116.42
2026-05-17 04:00:00+02:00,117.9183681646883,110.58
2026-05-17 04:15:00+02:00,118.09051563519589,110.09
2026-05-17 04:30:00+02:00,117.29610234330616,107.89
2026-05-17 04:45:00+02:00,115.6102283063175,108.12
2026-05-17 05:00:00+02:00,115.91017156456479,107.33
2026-05-17 05:15:00+02:00,113.88824788511603,106.8
2026-05-17 05:30:00+02:00,110.15925188831122,105.33
2026-05-17 05:45:00+02:00,109.17732245289955,102.32
2026-05-17 06:00:00+02:00,112.35495594498111,105.64
2026-05-17 06:15:00+02:00,110.1234481741017,102.63
2026-05-17 06:30:00+02:00,105.90423937457066,95.84
2026-05-17 06:45:00+02:00,100.25949322081087,91.06
2026-05-17 07:00:00+02:00,114.23359203338012,100.19
2026-05-17 07:15:00+02:00,105.63675250179722,88.79
2026-05-17 07:30:00+02:00,92.57877777335119,70.88
2026-05-17 07:45:00+02:00,75.33528406679415,63.32
2026-05-17 08:00:00+02:00,86.47896934439649,83.8
2026-05-17 08:15:00+02:00,76.84531784720559,65.43
2026-05-17 08:30:00+02:00,62.49922699685959,49.18
2026-05-17 08:45:00+02:00,34.888475850726245,16.96
2026-05-17 09:00:00+02:00,45.862942647618866,38.61
2026-05-17 09:15:00+02:00,28.346407925643447,21.46
2026-05-17 09:30:00+02:00,21.18489351872593,9.99
2026-05-17 09:45:00+02:00,2.7298112942164536,5.82
2026-05-17 10:00:00+02:00,9.588943053931061,8.07
2026-05-17 10:15:00+02:00,-0.45535884491125955,4.51
2026-05-17 10:30:00+02:00,9.736136524056704,1.34
2026-05-17 10:45:00+02:00,1.3128063727755936,0.04
2026-05-17 11:00:00+02:00,-3.528453537113471,2.0
2026-05-17 11:15:00+02:00,3.5774915434483603,0.19
2026-05-17 11:30:00+02:00,-9.145557849440435,0.05
2026-05-17 11:45:00+02:00,-21.022741754328266,0.0
2026-05-17 12:00:00+02:00,-10.49140198990165,1.34
2026-05-17 12:15:00+02:00,-10.697641480673711,0.98
2026-05-17 12:30:00+02:00,-14.81067342664191,0.97
2026-05-17 12:45:00+02:00,-10.574670405584815,0.0
2026-05-17 13:00:00+02:00,-16.728399165624616,0.0
2026-05-17 13:15:00+02:00,-6.732489324319584,0.0
2026-05-17 13:30:00+02:00,-9.508585525840342,0.0
2026-05-17 13:45:00+02:00,-11.767095385972855,0.0
2026-05-17 14:00:00+02:00,-9.955871577475353,0.0
2026-05-17 14:15:00+02:00,-12.135770631353822,0.0
2026-05-17 14:30:00+02:00,-15.513787073936191,0.05
2026-05-17 14:45:00+02:00,-16.075939727654937,3.87
2026-05-17 15:00:00+02:00,-13.644283637333785,3.47
2026-05-17 15:15:00+02:00,-13.759552252297334,4.97
2026-05-17 15:30:00+02:00,-7.654075326259878,10.55
2026-05-17 15:45:00+02:00,10.398810886145633,26.25
2026-05-17 16:00:00+02:00,-6.029470767071643,12.51
2026-05-17 16:15:00+02:00,31.087625605515136,26.34
2026-05-17 16:30:00+02:00,52.66251356207964,67.0
2026-05-17 16:45:00+02:00,77.74642661743141,103.9
2026-05-17 17:00:00+02:00,40.18850801431187,66.93
2026-05-17 17:15:00+02:00,70.31095033100573,91.45
2026-05-17 17:30:00+02:00,103.15345564750945,112.76
2026-05-17 17:45:00+02:00,129.84846652265747,130.12
2026-05-17 18:00:00+02:00,100.76429907870968,108.03
2026-05-17 18:15:00+02:00,117.0852261257584,126.54
2026-05-17 18:30:00+02:00,129.77889653787045,138.18
2026-05-17 18:45:00+02:00,141.36829596894657,144.8
2026-05-17 19:00:00+02:00,122.29445525649365,135.2
2026-05-17 19:15:00+02:00,132.57090126491988,142.23
2026-05-17 19:30:00+02:00,138.41691383357485,146.87
2026-05-17 19:45:00+02:00,152.9410788600813,147.97
2026-05-17 20:00:00+02:00,134.6384435370886,150.83
2026-05-17 20:15:00+02:00,149.5101939232248,158.57
2026-05-17 20:30:00+02:00,151.45529009290485,159.72
2026-05-17 20:45:00+02:00,147.1366583465117,154.08
2026-05-17 21:00:00+02:00,150.3080381509341,164.37
2026-05-17 21:15:00+02:00,143.44137124719902,157.5
2026-05-17 21:30:00+02:00,140.4698126056516,153.23
2026-05-17 21:45:00+02:00,136.95979850591618,151.72
2026-05-17 22:00:00+02:00,141.98109762310736,158.1
2026-05-17 22:15:00+02:00,134.88073106286447,151.0
2026-05-17 22:30:00+02:00,129.6934859633641,149.23
2026-05-17 22:45:00+02:00,129.30138115877776,147.14
2026-05-17 23:00:00+02:00,131.95055700882287,147.82
2026-05-17 23:15:00+02:00,125.65100271739936,143.96
2026-05-17 23:30:00+02:00,122.91003089778955,144.3
2026-05-17 23:45:00+02:00,120.29538467958491,134.22
2026-05-18 00:00:00+02:00,139.1382448494297,146.56
2026-05-18 00:15:00+02:00,129.28607671602572,136.6
2026-05-18 00:30:00+02:00,126.09393341215686,130.07
2026-05-18 00:45:00+02:00,123.38566307141551,125.4
2026-05-18 01:00:00+02:00,128.28893528305437,130.09
2026-05-18 01:15:00+02:00,124.52687806531286,125.15
2026-05-18 01:30:00+02:00,117.29970844763795,124.51
2026-05-18 01:45:00+02:00,116.54477381606497,124.14
2026-05-18 02:00:00+02:00,120.08745580199881,125.05
2026-05-18 02:15:00+02:00,118.13840910165759,126.34
2026-05-18 02:30:00+02:00,116.90756144394716,126.33
2026-05-18 02:45:00+02:00,116.19337920081355,126.27
2026-05-18 03:00:00+02:00,119.26779312223299,126.54
2026-05-18 03:15:00+02:00,117.0715740479448,125.75
2026-05-18 03:30:00+02:00,116.13230646279767,126.55
2026-05-18 03:45:00+02:00,116.03073414797383,126.73
2026-05-18 04:00:00+02:00,114.33391105714162,126.85
2026-05-18 04:15:00+02:00,116.61178181139688,128.42
2026-05-18 04:30:00+02:00,115.99977216682339,128.65
2026-05-18 04:45:00+02:00,122.23990639726955,133.52
2026-05-18 05:00:00+02:00,122.33035588215537,126.21
2026-05-18 05:15:00+02:00,117.87036905344836,134.11
2026-05-18 05:30:00+02:00,128.4665167948077,139.47
2026-05-18 05:45:00+02:00,139.59435515131062,148.3
2026-05-18 06:00:00+02:00,131.60222921740086,144.36
2026-05-18 06:15:00+02:00,144.9042947436086,150.0
2026-05-18 06:30:00+02:00,144.359046322094,153.7
2026-05-18 06:45:00+02:00,141.66725951089052,162.01
2026-05-18 07:00:00+02:00,148.89915423317538,170.73
2026-05-18 07:15:00+02:00,143.8776657024151,161.72
2026-05-18 07:30:00+02:00,139.96213296185078,159.09
2026-05-18 07:45:00+02:00,132.69593911353212,148.76
2026-05-18 08:00:00+02:00,161.20411570298592,168.97
2026-05-18 08:15:00+02:00,137.32262047928003,160.65
2026-05-18 08:30:00+02:00,123.90041220008167,149.07
2026-05-18 08:45:00+02:00,111.01987535486057,129.73
2026-05-18 09:00:00+02:00,132.18611639672392,141.2
2026-05-18 09:15:00+02:00,113.50207974657462,131.48
2026-05-18 09:30:00+02:00,108.62711380760088,120.03
2026-05-18 09:45:00+02:00,87.7712287657073,110.81
2026-05-18 10:00:00+02:00,115.72574363953763,119.45
2026-05-18 10:15:00+02:00,87.38947464839913,108.66
2026-05-18 10:30:00+02:00,75.42046074419348,106.13
2026-05-18 10:45:00+02:00,61.37185818602545,97.16
2026-05-18 11:00:00+02:00,73.38014758871998,103.11
2026-05-18 11:15:00+02:00,56.99553736225235,100.78
2026-05-18 11:30:00+02:00,44.28930569805657,98.3
2026-05-18 11:45:00+02:00,40.72214615376088,98.02
2026-05-18 12:00:00+02:00,44.17706732295178,101.0
2026-05-18 12:15:00+02:00,48.66153041604682,95.67
2026-05-18 12:30:00+02:00,42.49781392693531,93.05
2026-05-18 12:45:00+02:00,44.927212034339355,89.86
2026-05-18 13:00:00+02:00,45.83668770073003,94.96
2026-05-18 13:15:00+02:00,39.83347270980108,95.34
2026-05-18 13:30:00+02:00,38.99848909023089,97.6
2026-05-18 13:45:00+02:00,33.35859679132998,92.01
2026-05-18 14:00:00+02:00,33.467360529929564,87.87
2026-05-18 14:15:00+02:00,51.22129433471212,94.73
2026-05-18 14:30:00+02:00,59.31705032538191,100.89
2026-05-18 14:45:00+02:00,83.53857774054026,103.59
2026-05-18 15:00:00+02:00,69.6212135227655,90.0
2026-05-18 15:15:00+02:00,95.09053503040968,102.33
2026-05-18 15:30:00+02:00,91.05745055177525,106.96
2026-05-18 15:45:00+02:00,89.06185497290129,110.33
2026-05-18 16:00:00+02:00,84.36731071347918,102.93
2026-05-18 16:15:00+02:00,91.17323723065358,108.09
2026-05-18 16:30:00+02:00,107.42972916688396,116.88
2026-05-18 16:45:00+02:00,117.75611006996284,127.96
2026-05-18 17:00:00+02:00,103.13791981831233,117.96
2026-05-18 17:15:00+02:00,113.35245023470796,125.35
2026-05-18 17:30:00+02:00,122.14933553893822,138.93
2026-05-18 17:45:00+02:00,135.50349215025744,154.02
2026-05-18 18:00:00+02:00,124.30405633051475,133.01
2026-05-18 18:15:00+02:00,129.83812168458806,142.66
2026-05-18 18:30:00+02:00,140.9421950451839,153.3
2026-05-18 18:45:00+02:00,158.21516345043685,179.58
2026-05-18 19:00:00+02:00,136.342770632581,149.36
2026-05-18 19:15:00+02:00,142.52134324002466,167.24
2026-05-18 19:30:00+02:00,177.4684249320506,194.87
2026-05-18 19:45:00+02:00,206.79504628871024,259.94
2026-05-18 20:00:00+02:00,177.88163777180588,231.64
2026-05-18 20:15:00+02:00,202.9262853730104,246.32
2026-05-18 20:30:00+02:00,196.9169812625028,269.1
2026-05-18 20:45:00+02:00,167.75243257785235,256.53
2026-05-18 21:00:00+02:00,193.73848517339212,278.16
2026-05-18 21:15:00+02:00,166.25740142844705,224.3
2026-05-18 21:30:00+02:00,144.9284077251728,192.96
2026-05-18 21:45:00+02:00,143.8280808979184,161.93
2026-05-18 22:00:00+02:00,161.03822847225885,176.36
2026-05-18 22:15:00+02:00,146.65751468145152,161.01
2026-05-18 22:30:00+02:00,142.2430422008797,155.91
2026-05-18 22:45:00+02:00,134.14183651704462,149.31
2026-05-18 23:00:00+02:00,141.93984010243034,158.17
2026-05-18 23:15:00+02:00,138.1354594934515,148.64
2026-05-18 23:30:00+02:00,130.59486595680204,148.41
2026-05-18 23:45:00+02:00,128.36833525437373,140.36
2026-05-19 00:00:00+02:00,139.9124701626606,159.63
2026-05-19 00:15:00+02:00,134.5473489853891,148.47
2026-05-19 00:30:00+02:00,127.0477042246859,143.89
2026-05-19 00:45:00+02:00,126.17087645295155,141.02
2026-05-19 01:00:00+02:00,129.30103273575705,149.05
2026-05-19 01:15:00+02:00,125.19158305308183,140.9
2026-05-19 01:30:00+02:00,123.15439043341678,139.01
2026-05-19 01:45:00+02:00,121.27787221974836,138.81
2026-05-19 02:00:00+02:00,121.15674514376916,140.9
2026-05-19 02:15:00+02:00,121.77548237442367,138.03
2026-05-19 02:30:00+02:00,120.74696133605588,139.31
2026-05-19 02:45:00+02:00,119.14107199252597,139.05
2026-05-19 03:00:00+02:00,119.48851195772393,138.65
2026-05-19 03:15:00+02:00,119.3045217141945,137.03
2026-05-19 03:30:00+02:00,121.33429957115341,138.24
2026-05-19 03:45:00+02:00,120.80052360036572,140.24
2026-05-19 04:00:00+02:00,117.87311464551627,135.64
2026-05-19 04:15:00+02:00,119.84605542834217,136.8
2026-05-19 04:30:00+02:00,127.15801178517151,143.79
2026-05-19 04:45:00+02:00,129.00969909522823,150.04
2026-05-19 05:00:00+02:00,122.28362079888869,140.19
2026-05-19 05:15:00+02:00,127.28142679454956,144.05
2026-05-19 05:30:00+02:00,133.83101861338645,149.52
2026-05-19 05:45:00+02:00,143.97721413436216,153.92
2026-05-19 06:00:00+02:00,133.26916476653824,159.86
2026-05-19 06:15:00+02:00,148.29910989896328,172.32
2026-05-19 06:30:00+02:00,148.43941223905134,170.53
2026-05-19 06:45:00+02:00,151.7093976150404,155.13
2026-05-19 07:00:00+02:00,158.3788570537757,174.74
2026-05-19 07:15:00+02:00,146.68081824322604,156.79
2026-05-19 07:30:00+02:00,132.6171097530462,150.56
2026-05-19 07:45:00+02:00,120.42917671591462,133.0
2026-05-19 08:00:00+02:00,151.75705240268192,153.56
2026-05-19 08:15:00+02:00,140.1411996235555,140.35
2026-05-19 08:30:00+02:00,123.82910020695192,125.05
2026-05-19 08:45:00+02:00,109.9193479413423,108.46
2026-05-19 09:00:00+02:00,123.62153061574563,126.01
2026-05-19 09:15:00+02:00,111.541366023128,116.24
2026-05-19 09:30:00+02:00,99.03069866623268,101.28
2026-05-19 09:45:00+02:00,87.81925191321197,91.44
2026-05-19 10:00:00+02:00,105.83030525173045,104.17
2026-05-19 10:15:00+02:00,96.66477939857225,98.53
2026-05-19 10:30:00+02:00,79.40400349155851,90.03
2026-05-19 10:45:00+02:00,47.9055322886382,84.33
2026-05-19 11:00:00+02:00,55.62133444611016,90.03
2026-05-19 11:15:00+02:00,52.35881017990802,84.35
2026-05-19 11:30:00+02:00,36.656307568630396,79.79
2026-05-19 11:45:00+02:00,34.542510930326486,74.17
2026-05-19 12:00:00+02:00,41.02148564952478,76.65
2026-05-19 12:15:00+02:00,42.080757764007046,76.21
2026-05-19 12:30:00+02:00,59.27188710069721,70.33
2026-05-19 12:45:00+02:00,52.475233430119395,69.39
2026-05-19 13:00:00+02:00,70.98680821792702,74.12
2026-05-19 13:15:00+02:00,70.73809669735034,73.65
2026-05-19 13:30:00+02:00,73.78999217713545,74.02
2026-05-19 13:45:00+02:00,67.7684897296506,73.16
2026-05-19 14:00:00+02:00,55.93325798905068,69.07
2026-05-19 14:15:00+02:00,61.698236636267346,78.01
2026-05-19 14:30:00+02:00,59.41757651045156,83.48
2026-05-19 14:45:00+02:00,50.85413230958241,88.68
2026-05-19 15:00:00+02:00,52.82387347302993,77.67
2026-05-19 15:15:00+02:00,47.90828411415315,84.7
2026-05-19 15:30:00+02:00,61.647247897242906,91.25
2026-05-19 15:45:00+02:00,98.70653624563329,96.66
2026-05-19 16:00:00+02:00,58.829309914433495,89.48
2026-05-19 16:15:00+02:00,84.57154909740682,98.42
2026-05-19 16:30:00+02:00,109.56465493291788,105.84
2026-05-19 16:45:00+02:00,116.45154689842596,115.26
2026-05-19 17:00:00+02:00,107.97457705418428,110.09
2026-05-19 17:15:00+02:00,116.73126288367376,118.33
2026-05-19 17:30:00+02:00,128.1254972376083,136.59
2026-05-19 17:45:00+02:00,137.27507838924998,144.16
2026-05-19 18:00:00+02:00,119.14208950658737,129.21
2026-05-19 18:15:00+02:00,131.75448464806652,138.66
2026-05-19 18:30:00+02:00,141.69943029246392,148.74
2026-05-19 18:45:00+02:00,146.37130557411913,163.19
2026-05-19 19:00:00+02:00,133.5729864112534,148.84
2026-05-19 19:15:00+02:00,142.66291217346813,159.35
2026-05-19 19:30:00+02:00,162.36555535129975,172.48
2026-05-19 19:45:00+02:00,184.66008666044544,209.27
2026-05-19 20:00:00+02:00,165.9594669636401,187.34
2026-05-19 20:15:00+02:00,172.14500976250778,183.63
2026-05-19 20:30:00+02:00,167.14805898370273,178.96
2026-05-19 20:45:00+02:00,156.4157666036863,173.68
2026-05-19 21:00:00+02:00,165.9526761486024,187.32
2026-05-19 21:15:00+02:00,145.59319225010063,163.0
2026-05-19 21:30:00+02:00,134.7255380635862,157.85
2026-05-19 21:45:00+02:00,128.60983921180957,146.35
2026-05-19 22:00:00+02:00,148.70446927198068,161.14
2026-05-19 22:15:00+02:00,131.34182589136182,150.89
2026-05-19 22:30:00+02:00,127.21593856731576,141.38
2026-05-19 22:45:00+02:00,119.64412850350622,128.77
2026-05-19 23:00:00+02:00,127.21532092587773,140.89
2026-05-19 23:15:00+02:00,126.28609322213444,133.99
2026-05-19 23:30:00+02:00,122.09296403196299,128.71
2026-05-19 23:45:00+02:00,116.5584005929808,123.62
2026-05-20 00:00:00+02:00,138.23889124769968,135.39
2026-05-20 00:15:00+02:00,131.78226219866093,127.9
2026-05-20 00:30:00+02:00,126.26133638863713,118.67
2026-05-20 00:45:00+02:00,121.06045834708829,112.96
2026-05-20 01:00:00+02:00,124.17230065370421,120.11
2026-05-20 01:15:00+02:00,119.37853884024715,115.7
2026-05-20 01:30:00+02:00,115.94038266318056,113.69
2026-05-20 01:45:00+02:00,113.86937322621621,109.04
2026-05-20 02:00:00+02:00,116.7779236320203,111.37
2026-05-20 02:15:00+02:00,112.72504833022064,109.0
2026-05-20 02:30:00+02:00,113.28403392840413,109.2
2026-05-20 02:45:00+02:00,113.08720101851503,109.44
2026-05-20 03:00:00+02:00,113.02559343039616,111.81
2026-05-20 03:15:00+02:00,111.73791884917033,110.12
2026-05-20 03:30:00+02:00,110.60573166084907,109.73
2026-05-20 03:45:00+02:00,110.2606601369306,108.23
2026-05-20 04:00:00+02:00,109.23271948913293,108.69
2026-05-20 04:15:00+02:00,110.88947089812996,109.13
2026-05-20 04:30:00+02:00,111.51143749288244,111.44
2026-05-20 04:45:00+02:00,113.19448546000699,112.38
2026-05-20 05:00:00+02:00,111.83357034483042,111.67
2026-05-20 05:15:00+02:00,111.28138828808588,115.0
2026-05-20 05:30:00+02:00,116.06866776338153,119.34
2026-05-20 05:45:00+02:00,125.4374047046111,130.19
2026-05-20 06:00:00+02:00,121.25837179910879,127.9
2026-05-20 06:15:00+02:00,132.58823195641162,138.73
2026-05-20 06:30:00+02:00,138.9715392481044,139.3
2026-05-20 06:45:00+02:00,139.76660669548775,134.02
2026-05-20 07:00:00+02:00,147.2452623073728,148.4
2026-05-20 07:15:00+02:00,142.45551719200736,143.33
2026-05-20 07:30:00+02:00,142.80281496589356,132.67
2026-05-20 07:45:00+02:00,130.24357124165243,123.5
2026-05-20 08:00:00+02:00,164.14145747071586,139.14
2026-05-20 08:15:00+02:00,129.2072699437767,132.14
2026-05-20 08:30:00+02:00,134.2586308993232,121.57
2026-05-20 08:45:00+02:00,118.87277924751331,109.2
2026-05-20 09:00:00+02:00,139.7207379051746,120.27
2026-05-20 09:15:00+02:00,127.17622369724558,110.67
2026-05-20 09:30:00+02:00,122.78860441181814,107.96
2026-05-20 09:45:00+02:00,111.13681909383885,97.34
2026-05-20 10:00:00+02:00,122.65312040087785,95.27
2026-05-20 10:15:00+02:00,112.94856979916986,92.0
2026-05-20 10:30:00+02:00,101.68377983311709,90.0
2026-05-20 10:45:00+02:00,100.13213535185548,81.53
2026-05-20 11:00:00+02:00,112.01078190502702,88.32
2026-05-20 11:15:00+02:00,108.09892235983128,74.06
2026-05-20 11:30:00+02:00,103.6392818475136,75.74
2026-05-20 11:45:00+02:00,91.35438851747512,63.73
2026-05-20 12:00:00+02:00,99.71644286762837,83.58
2026-05-20 12:15:00+02:00,76.65912969537865,66.14
2026-05-20 12:30:00+02:00,83.6675827643974,59.12
2026-05-20 12:45:00+02:00,67.26427826381655,47.18
2026-05-20 13:00:00+02:00,73.92267315193048,60.01
2026-05-20 13:15:00+02:00,62.35779607648934,48.98
2026-05-20 13:30:00+02:00,51.700770444015966,42.01
2026-05-20 13:45:00+02:00,51.894505314859884,28.99
2026-05-20 14:00:00+02:00,47.78796417666841,27.36
2026-05-20 14:15:00+02:00,58.25319208146167,30.07
2026-05-20 14:30:00+02:00,63.97501652726581,35.95
2026-05-20 14:45:00+02:00,55.51344716211608,40.67
2026-05-20 15:00:00+02:00,57.104577095662336,31.59
2026-05-20 15:15:00+02:00,50.08019646842793,38.78
2026-05-20 15:30:00+02:00,58.03386733208515,48.84
2026-05-20 15:45:00+02:00,70.6502281386037,63.43
2026-05-20 16:00:00+02:00,64.31439269857569,18.01
2026-05-20 16:15:00+02:00,93.12335340078515,60.0
2026-05-20 16:30:00+02:00,104.6264866544253,84.72
2026-05-20 16:45:00+02:00,93.86786552271835,97.31
2026-05-20 17:00:00+02:00,106.81652862695162,72.69
2026-05-20 17:15:00+02:00,103.75987730395751,96.22
2026-05-20 17:30:00+02:00,116.4992030451512,106.91
2026-05-20 17:45:00+02:00,129.0468994378344,121.77
2026-05-20 18:00:00+02:00,113.02631033560775,105.75
2026-05-20 18:15:00+02:00,122.96099347703999,122.0
2026-05-20 18:30:00+02:00,120.49748833338425,140.03
2026-05-20 18:45:00+02:00,138.91707390845295,153.07
2026-05-20 19:00:00+02:00,135.66245688769905,127.2
2026-05-20 19:15:00+02:00,130.82206044779124,144.24
2026-05-20 19:30:00+02:00,144.14794187911016,153.0
2026-05-20 19:45:00+02:00,168.27885035040964,173.83
2026-05-20 20:00:00+02:00,152.2112886443132,151.79
2026-05-20 20:15:00+02:00,152.77237115395678,163.47
2026-05-20 20:30:00+02:00,152.53732692685955,172.76
2026-05-20 20:45:00+02:00,157.60479770820234,183.67
2026-05-20 21:00:00+02:00,162.33332339622316,183.03
2026-05-20 21:15:00+02:00,157.165435629603,170.74
2026-05-20 21:30:00+02:00,160.63062115326082,160.49
2026-05-20 21:45:00+02:00,141.1730420624834,145.74
2026-05-20 22:00:00+02:00,155.27353652528427,168.31
2026-05-20 22:15:00+02:00,145.64351458546562,152.27
2026-05-20 22:30:00+02:00,139.86668791723378,144.45
2026-05-20 22:45:00+02:00,135.90741708690462,135.05
2026-05-20 23:00:00+02:00,141.36521439544063,145.72
2026-05-20 23:15:00+02:00,134.7203768038002,142.56
2026-05-20 23:30:00+02:00,131.07209440912018,136.64
2026-05-20 23:45:00+02:00,126.83148710486779,131.09
2026-05-21 00:00:00+02:00,136.9192026554711,143.41
2026-05-21 00:15:00+02:00,130.16417907449312,136.51
2026-05-21 00:30:00+02:00,124.80296367254535,129.8
2026-05-21 00:45:00+02:00,120.90420044841352,122.39
2026-05-21 01:00:00+02:00,126.43814398318241,129.13
2026-05-21 01:15:00+02:00,120.761946331689,123.64
2026-05-21 01:30:00+02:00,116.3189926684404,118.58
2026-05-21 01:45:00+02:00,113.23488690321483,115.29
2026-05-21 02:00:00+02:00,117.19959248216483,117.54
2026-05-21 02:15:00+02:00,113.82418708121683,115.3
2026-05-21 02:30:00+02:00,111.69871533246632,115.29
2026-05-21 02:45:00+02:00,109.84471192944709,115.96
2026-05-21 03:00:00+02:00,110.50276758811933,113.16
2026-05-21 03:15:00+02:00,108.79013139718116,112.94
2026-05-21 03:30:00+02:00,109.69670209885922,113.75
2026-05-21 03:45:00+02:00,107.10528579767401,114.35
2026-05-21 04:00:00+02:00,108.5318218156521,110.35
2026-05-21 04:15:00+02:00,109.86882035224828,113.43
2026-05-21 04:30:00+02:00,111.15391154589827,117.68
2026-05-21 04:45:00+02:00,112.52844574850292,122.58
2026-05-21 05:00:00+02:00,113.47075732949658,120.6
2026-05-21 05:15:00+02:00,114.6704175970459,124.72
2026-05-21 05:30:00+02:00,114.13478441819981,132.6
2026-05-21 05:45:00+02:00,123.14015482081938,135.7
2026-05-21 06:00:00+02:00,123.76018462447365,135.49
2026-05-21 06:15:00+02:00,130.99476814074674,144.64
2026-05-21 06:30:00+02:00,133.98845988806522,145.69
2026-05-21 06:45:00+02:00,131.94299778568046,145.44
2026-05-21 07:00:00+02:00,143.71372245584416,155.12
2026-05-21 07:15:00+02:00,138.23837042235334,148.25
2026-05-21 07:30:00+02:00,126.53412215460015,141.26
2026-05-21 07:45:00+02:00,113.43027055575995,129.84
2026-05-21 08:00:00+02:00,135.89154350109976,153.0
2026-05-21 08:15:00+02:00,121.03142837156842,134.38
2026-05-21 08:30:00+02:00,109.26212031806239,124.15
2026-05-21 08:45:00+02:00,95.3972881824771,114.02
2026-05-21 09:00:00+02:00,120.00575368717085,118.59
2026-05-21 09:15:00+02:00,94.43586912393691,103.93
2026-05-21 09:30:00+02:00,87.98221254891281,100.82
2026-05-21 09:45:00+02:00,48.41804250121938,93.22
2026-05-21 10:00:00+02:00,82.30119636744587,98.62
2026-05-21 10:15:00+02:00,67.54182373781043,91.92
2026-05-21 10:30:00+02:00,34.40889689727892,79.01
2026-05-21 10:45:00+02:00,27.828994156560476,55.24
2026-05-21 11:00:00+02:00,40.8645358215275,71.73
2026-05-21 11:15:00+02:00,31.348517632206438,54.02
2026-05-21 11:30:00+02:00,28.641763887467135,30.26
2026-05-21 11:45:00+02:00,35.952769848218395,15.0
2026-05-21 12:00:00+02:00,33.07987789922235,15.0
2026-05-21 12:15:00+02:00,41.607759332783615,11.77
2026-05-21 12:30:00+02:00,34.21963736926404,11.77
2026-05-21 12:45:00+02:00,35.148310518056554,10.01
2026-05-21 13:00:00+02:00,43.21570282580208,10.12
2026-05-21 13:15:00+02:00,33.86388321975856,8.45
2026-05-21 13:30:00+02:00,30.20569284275799,6.26
2026-05-21 13:45:00+02:00,26.093277612956065,4.65
2026-05-21 14:00:00+02:00,21.250635816710236,5.0
2026-05-21 14:15:00+02:00,21.700107930445267,9.1
2026-05-21 14:30:00+02:00,21.519077038355423,9.34
2026-05-21 14:45:00+02:00,25.775599673471277,11.81
2026-05-21 15:00:00+02:00,19.370104733250855,9.1
2026-05-21 15:15:00+02:00,22.594488933427115,20.08
2026-05-21 15:30:00+02:00,38.299646939736064,46.72
2026-05-21 15:45:00+02:00,81.65858384948825,64.9
2026-05-21 16:00:00+02:00,26.481306149263474,27.57
2026-05-21 16:15:00+02:00,67.44993468156407,67.33
2026-05-21 16:30:00+02:00,80.61151048417011,90.66
2026-05-21 16:45:00+02:00,95.18250137330857,101.27
2026-05-21 17:00:00+02:00,74.13018840685758,78.07
2026-05-21 17:15:00+02:00,96.353097758677,100.0
2026-05-21 17:30:00+02:00,116.76127218185542,110.97
2026-05-21 17:45:00+02:00,131.56575295676527,130.94
2026-05-21 18:00:00+02:00,111.07989016491467,113.13
2026-05-21 18:15:00+02:00,125.48204065708802,130.93
2026-05-21 18:30:00+02:00,130.00360820947876,146.45
2026-05-21 18:45:00+02:00,143.71210244339255,153.04
2026-05-21 19:00:00+02:00,131.092210931987,141.59
2026-05-21 19:15:00+02:00,134.17399354768568,153.0
2026-05-21 19:30:00+02:00,153.8323090646093,164.02
2026-05-21 19:45:00+02:00,199.1428691720162,194.81
2026-05-21 20:00:00+02:00,160.5755734817721,176.01
2026-05-21 20:15:00+02:00,178.83572464897605,194.58
2026-05-21 20:30:00+02:00,182.89630871751953,218.71
2026-05-21 20:45:00+02:00,176.00412559181422,229.48
2026-05-21 21:00:00+02:00,186.9064357050764,216.56
2026-05-21 21:15:00+02:00,151.265902212926,194.74
2026-05-21 21:30:00+02:00,151.24876632830973,179.72
2026-05-21 21:45:00+02:00,149.53856322919336,162.65
2026-05-21 22:00:00+02:00,157.49148456038742,195.75
2026-05-21 22:15:00+02:00,146.5538896785573,164.27
2026-05-21 22:30:00+02:00,143.4236490404062,155.42
2026-05-21 22:45:00+02:00,139.7162101286752,148.7
2026-05-21 23:00:00+02:00,143.66880474107563,153.65
2026-05-21 23:15:00+02:00,133.44671949592015,149.09
2026-05-21 23:30:00+02:00,137.12268777196513,144.01
2026-05-21 23:45:00+02:00,126.75778584449897,138.82
2026-05-22 00:00:00+02:00,138.02502765759263,152.24
2026-05-22 00:15:00+02:00,135.62329273014788,148.44
2026-05-22 00:30:00+02:00,129.30476971498302,140.67
2026-05-22 00:45:00+02:00,121.28744551053535,135.91
2026-05-22 01:00:00+02:00,129.29137383840634,148.44
2026-05-22 01:15:00+02:00,124.95781546929815,135.9
2026-05-22 01:30:00+02:00,123.29706622081552,133.16
2026-05-22 01:45:00+02:00,116.63464411389992,130.1
2026-05-22 02:00:00+02:00,123.22283250378399,132.73
2026-05-22 02:15:00+02:00,118.5398143086551,132.0
2026-05-22 02:30:00+02:00,117.21318216497951,130.8
2026-05-22 02:45:00+02:00,118.1421995926575,131.02
2026-05-22 03:00:00+02:00,118.08653338043439,130.62
2026-05-22 03:15:00+02:00,117.14347160552605,129.86
2026-05-22 03:30:00+02:00,116.21131827803123,127.84
2026-05-22 03:45:00+02:00,119.24497337627356,127.48
2026-05-22 04:00:00+02:00,118.37270884970597,127.55
2026-05-22 04:15:00+02:00,118.98713617127245,129.46
2026-05-22 04:30:00+02:00,123.87165065333201,133.94
2026-05-22 04:45:00+02:00,125.04571681161558,135.04
2026-05-22 05:00:00+02:00,120.77149333435747,129.96
2026-05-22 05:15:00+02:00,125.46578118355085,134.97
2026-05-22 05:30:00+02:00,127.0138054755905,137.32
2026-05-22 05:45:00+02:00,141.65518576143623,140.62
2026-05-22 06:00:00+02:00,134.7980402875036,142.56
2026-05-22 06:15:00+02:00,145.73307698845014,147.22
2026-05-22 06:30:00+02:00,147.24531253728293,146.15
2026-05-22 06:45:00+02:00,148.33938097743322,141.49
2026-05-22 07:00:00+02:00,160.18302140694652,156.58
2026-05-22 07:15:00+02:00,146.44891412493453,147.15
2026-05-22 07:30:00+02:00,146.34309954175984,134.01
2026-05-22 07:45:00+02:00,119.9236891511354,114.97
2026-05-22 08:00:00+02:00,142.58132857033692,141.0
2026-05-22 08:15:00+02:00,132.08149042666125,130.24
2026-05-22 08:30:00+02:00,119.00071186875314,118.84
2026-05-22 08:45:00+02:00,104.53158146410028,102.46
2026-05-22 09:00:00+02:00,120.70068847687055,130.97
2026-05-22 09:15:00+02:00,105.36289683461578,100.91
2026-05-22 09:30:00+02:00,85.1197728430681,80.97
2026-05-22 09:45:00+02:00,48.95514508133169,54.68
2026-05-22 10:00:00+02:00,81.15690742601458,92.82
2026-05-22 10:15:00+02:00,54.35605610438891,60.99
2026-05-22 10:30:00+02:00,36.34721305907331,14.79
2026-05-22 10:45:00+02:00,33.43542222363506,1.32
2026-05-22 11:00:00+02:00,46.03820105131558,13.75
2026-05-22 11:15:00+02:00,44.6267250848027,1.91
2026-05-22 11:30:00+02:00,34.07898281364728,0.09
2026-05-22 11:45:00+02:00,22.24775369831232,0.01
2026-05-22 12:00:00+02:00,20.634111047794224,0.01
2026-05-22 12:15:00+02:00,18.05398695938238,0.01
2026-05-22 12:30:00+02:00,14.0562872584959,0.0
2026-05-22 12:45:00+02:00,14.813675551076615,0.0
2026-05-22 13:00:00+02:00,20.46595681069455,0.0
2026-05-22 13:15:00+02:00,17.7509827411153,0.0
2026-05-22 13:30:00+02:00,4.881851623671834,0.0
2026-05-22 13:45:00+02:00,14.168688265697405,0.0
2026-05-22 14:00:00+02:00,9.729460071128596,0.0
2026-05-22 14:15:00+02:00,10.717398946146837,0.0
2026-05-22 14:30:00+02:00,10.13425845557155,0.09
2026-05-22 14:45:00+02:00,11.099013963326207,3.91
2026-05-22 15:00:00+02:00,6.486192060885937,1.21
2026-05-22 15:15:00+02:00,10.541763064374416,9.1
2026-05-22 15:30:00+02:00,31.1840490826767,22.37
2026-05-22 15:45:00+02:00,48.2788638088001,48.54
2026-05-22 16:00:00+02:00,26.740727013404396,15.34
2026-05-22 16:15:00+02:00,48.41928777934889,60.42
2026-05-22 16:30:00+02:00,73.41509971495279,91.71
2026-05-22 16:45:00+02:00,83.61177473448285,113.49
2026-05-22 17:00:00+02:00,64.82415344239452,72.07
2026-05-22 17:15:00+02:00,93.70200861740685,91.01
2026-05-22 17:30:00+02:00,114.45666590228137,113.71
2026-05-22 17:45:00+02:00,134.16708629468016,139.99
2026-05-22 18:00:00+02:00,103.91473089622255,109.17
2026-05-22 18:15:00+02:00,125.90386652763533,131.63
2026-05-22 18:30:00+02:00,140.20430650000824,142.34
2026-05-22 18:45:00+02:00,151.22905223542483,156.66
2026-05-22 19:00:00+02:00,136.75465549783837,130.08
2026-05-22 19:15:00+02:00,154.95182301983337,141.97
2026-05-22 19:30:00+02:00,163.594088240032,162.64
2026-05-22 19:45:00+02:00,198.41790526323882,210.2
2026-05-22 20:00:00+02:00,173.11494049842793,188.88
2026-05-22 20:15:00+02:00,190.36025465141557,205.93
2026-05-22 20:30:00+02:00,200.06342169442746,231.22
2026-05-22 20:45:00+02:00,178.06321050752967,247.68
2026-05-22 21:00:00+02:00,194.77703922820717,230.63
2026-05-22 21:15:00+02:00,169.66756239729318,207.31
2026-05-22 21:30:00+02:00,155.8416347338011,174.97
2026-05-22 21:45:00+02:00,138.64334462552517,161.74
2026-05-22 22:00:00+02:00,158.36403442134088,181.39
2026-05-22 22:15:00+02:00,141.11439665501206,159.0
2026-05-22 22:30:00+02:00,137.50703124424953,145.61
2026-05-22 22:45:00+02:00,129.43578742077244,132.54
2026-05-22 23:00:00+02:00,135.81034364230027,153.0
2026-05-22 23:15:00+02:00,131.17925976809647,144.01
2026-05-22 23:30:00+02:00,128.7401226049469,135.9
2026-05-22 23:45:00+02:00,120.98721971475484,130.03
2026-05-23 00:00:00+02:00,142.82158203207874,158.13
2026-05-23 00:15:00+02:00,136.76727093299084,141.5
2026-05-23 00:30:00+02:00,129.50178221809983,128.37
2026-05-23 00:45:00+02:00,127.90361386860123,119.04
2026-05-23 01:00:00+02:00,133.80419426319637,136.14
2026-05-23 01:15:00+02:00,127.02342357649566,130.04
2026-05-23 01:30:00+02:00,118.54771507026548,130.88
2026-05-23 01:45:00+02:00,118.97093709119837,122.94
2026-05-23 02:00:00+02:00,122.27536480144563,131.69
2026-05-23 02:15:00+02:00,119.34132730334896,128.23
2026-05-23 02:30:00+02:00,117.13283974490035,121.01
2026-05-23 02:45:00+02:00,117.29482201562247,122.54
2026-05-23 03:00:00+02:00,119.0873834284207,126.48
2026-05-23 03:15:00+02:00,117.70096240235279,126.47
2026-05-23 03:30:00+02:00,120.7285164102289,126.45
2026-05-23 03:45:00+02:00,122.39491115699568,122.07
2026-05-23 04:00:00+02:00,119.31475669925152,121.72
2026-05-23 04:15:00+02:00,120.1702339113356,119.87
2026-05-23 04:30:00+02:00,121.02220012742478,121.44
2026-05-23 04:45:00+02:00,118.34651325399217,123.9
2026-05-23 05:00:00+02:00,118.59417475965435,126.47
2026-05-23 05:15:00+02:00,119.99711211773571,121.6
2026-05-23 05:30:00+02:00,119.23003336775704,117.93
2026-05-23 05:45:00+02:00,115.90426589623978,111.04
2026-05-23 06:00:00+02:00,115.75982832600097,130.3
2026-05-23 06:15:00+02:00,116.35912527945436,121.91
2026-05-23 06:30:00+02:00,114.10803857843446,109.98
2026-05-23 06:45:00+02:00,108.37455793838049,103.28
2026-05-23 07:00:00+02:00,121.39603089992949,131.84
2026-05-23 07:15:00+02:00,116.28894263647106,103.94
2026-05-23 07:30:00+02:00,102.94988492341884,90.86
2026-05-23 07:45:00+02:00,85.68878616537951,61.7
2026-05-23 08:00:00+02:00,116.17876615201807,104.14
2026-05-23 08:15:00+02:00,86.02421978514775,63.43
2026-05-23 08:30:00+02:00,74.16914671159903,24.41
2026-05-23 08:45:00+02:00,41.366769173828025,7.47
2026-05-23 09:00:00+02:00,58.92501080754264,5.4
2026-05-23 09:15:00+02:00,34.9574468604535,1.0
2026-05-23 09:30:00+02:00,16.011729278852457,0.0
2026-05-23 09:45:00+02:00,8.857374366890774,0.0
2026-05-23 10:00:00+02:00,9.352487611430632,-0.01
2026-05-23 10:15:00+02:00,21.64886071957809,-0.02
2026-05-23 10:30:00+02:00,2.863606534213986,-0.3
2026-05-23 10:45:00+02:00,-7.00783366713171,-1.0
2026-05-23 11:00:00+02:00,-10.459857742213721,-2.02
2026-05-23 11:15:00+02:00,-6.266249137915366,-2.11
2026-05-23 11:30:00+02:00,-2.6960014998794186,-5.99
2026-05-23 11:45:00+02:00,-10.717358861852933,-5.48
2026-05-23 12:00:00+02:00,-10.257459482930514,-6.01
2026-05-23 12:15:00+02:00,-33.75248414200371,-10.03
2026-05-23 12:30:00+02:00,-33.190895168913286,-13.54
2026-05-23 12:45:00+02:00,-31.995836188423738,-19.99
2026-05-23 13:00:00+02:00,-34.860443781363315,-25.0
2026-05-23 13:15:00+02:00,-48.861207970141876,-30.0
2026-05-23 13:30:00+02:00,-44.01244239959276,-36.65
2026-05-23 13:45:00+02:00,-49.087975691227065,-35.62
2026-05-23 14:00:00+02:00,-46.01113854010565,-27.03
2026-05-23 14:15:00+02:00,-50.621267261653784,-20.06
2026-05-23 14:30:00+02:00,-44.29350512306234,-13.54
2026-05-23 14:45:00+02:00,-54.48358909154521,-13.05
2026-05-23 15:00:00+02:00,-49.54304753293125,-8.67
2026-05-23 15:15:00+02:00,-39.37131752201073,-3.23
2026-05-23 15:30:00+02:00,-33.530532970199225,-2.1
2026-05-23 15:45:00+02:00,-21.01255975358744,-2.0
2026-05-23 16:00:00+02:00,-28.37709475355866,-1.07
2026-05-23 16:15:00+02:00,-3.433553525913325,-0.09
2026-05-23 16:30:00+02:00,1.336133306479013,0.0
2026-05-23 16:45:00+02:00,-3.6249005021022356,0.01
2026-05-23 17:00:00+02:00,3.3971538185258794,0.1
2026-05-23 17:15:00+02:00,23.61201967058028,3.8
2026-05-23 17:30:00+02:00,54.966366400884574,55.51
2026-05-23 17:45:00+02:00,117.74041744382595,118.38
2026-05-23 18:00:00+02:00,78.08826719221712,82.37
2026-05-23 18:15:00+02:00,102.32889206469326,113.59
2026-05-23 18:30:00+02:00,123.53197395998505,133.0
2026-05-23 18:45:00+02:00,149.77780656845127,154.09
2026-05-23 19:00:00+02:00,119.58121284951585,125.87
2026-05-23 19:15:00+02:00,135.23839522671216,140.19
2026-05-23 19:30:00+02:00,140.70755487137026,154.83
2026-05-23 19:45:00+02:00,163.78405371146079,177.74
2026-05-23 20:00:00+02:00,161.05323965550738,157.5
2026-05-23 20:15:00+02:00,183.06924056211778,165.59
2026-05-23 20:30:00+02:00,185.09105050888735,184.68
2026-05-23 20:45:00+02:00,203.01420590597434,190.31
2026-05-23 21:00:00+02:00,182.10502310554818,180.88
2026-05-23 21:15:00+02:00,161.9501780046668,173.03
2026-05-23 21:30:00+02:00,151.67832132951196,167.9
2026-05-23 21:45:00+02:00,139.30567054673222,162.45
2026-05-23 22:00:00+02:00,168.92386853185948,181.05
2026-05-23 22:15:00+02:00,137.63449194760625,158.92
2026-05-23 22:30:00+02:00,128.77529557329203,148.92
2026-05-23 22:45:00+02:00,125.45426611507042,138.77
2026-05-23 23:00:00+02:00,134.60220244761945,153.6
2026-05-23 23:15:00+02:00,135.1202647720516,148.8
2026-05-23 23:30:00+02:00,124.20720363194931,139.27
2026-05-23 23:45:00+02:00,121.46537886963256,136.94
2026-05-24 00:00:00+02:00,150.5428256253593,153.0
2026-05-24 00:15:00+02:00,138.9512812417588,150.07
2026-05-24 00:30:00+02:00,133.33588742555014,136.77
2026-05-24 00:45:00+02:00,127.67719647605642,135.37
2026-05-24 01:00:00+02:00,131.41478134860515,137.14
2026-05-24 01:15:00+02:00,127.24975462653035,136.38
2026-05-24 01:30:00+02:00,123.34729873091773,131.2
2026-05-24 01:45:00+02:00,119.92969698470648,128.79
2026-05-24 02:00:00+02:00,125.8321847366881,142.49
2026-05-24 02:15:00+02:00,123.41633681282896,139.03
2026-05-24 02:30:00+02:00,119.17734673531059,135.29
2026-05-24 02:45:00+02:00,116.76710931995541,130.73
2026-05-24 03:00:00+02:00,119.59304895065006,126.41
2026-05-24 03:15:00+02:00,120.50479807597841,125.79
2026-05-24 03:30:00+02:00,124.23319693097906,125.47
2026-05-24 03:45:00+02:00,120.81370633995928,124.09
2026-05-24 04:00:00+02:00,119.79673966223477,121.3
2026-05-24 04:15:00+02:00,117.05133820010242,121.15
2026-05-24 04:30:00+02:00,121.8001939262957,125.0
2026-05-24 04:45:00+02:00,124.22952154964644,124.11
2026-05-24 05:00:00+02:00,122.11993375724984,124.69
2026-05-24 05:15:00+02:00,116.87576347999172,120.33
2026-05-24 05:30:00+02:00,112.44290552247023,115.47
2026-05-24 05:45:00+02:00,110.57798856052618,110.4
2026-05-24 06:00:00+02:00,116.0089692770685,119.52
2026-05-24 06:15:00+02:00,115.27124262081581,113.0
2026-05-24 06:30:00+02:00,109.82291837301095,103.89
2026-05-24 06:45:00+02:00,97.12448435911963,98.77
2026-05-24 07:00:00+02:00,123.3668968027811,123.75
2026-05-24 07:15:00+02:00,101.96639606232392,97.76
2026-05-24 07:30:00+02:00,97.67066175986947,84.7
2026-05-24 07:45:00+02:00,74.75306223817344,47.64
2026-05-24 08:00:00+02:00,101.2769499939001,57.02
2026-05-24 08:15:00+02:00,82.99220563445215,7.96
2026-05-24 08:30:00+02:00,59.9136068097764,0.49
2026-05-24 08:45:00+02:00,50.74989988438589,0.0
2026-05-24 09:00:00+02:00,42.10770631175521,0.01
2026-05-24 09:15:00+02:00,35.62040252499111,0.0
2026-05-24 09:30:00+02:00,18.52663227071625,-0.01
2026-05-24 09:45:00+02:00,23.323590166862395,-0.11
2026-05-24 10:00:00+02:00,23.316023245189896,-0.11
2026-05-24 10:15:00+02:00,20.6746366132094,-0.9
2026-05-24 10:30:00+02:00,5.429313733716775,-3.0
2026-05-24 10:45:00+02:00,-8.488743576331753,-6.0
2026-05-24 11:00:00+02:00,-12.633267493787471,-6.0
2026-05-24 11:15:00+02:00,-24.016309354724186,-11.3
2026-05-24 11:30:00+02:00,-23.94811477673139,-14.4
2026-05-24 11:45:00+02:00,-24.76823803665932,-23.63
2026-05-24 12:00:00+02:00,-31.36399839049154,-19.6
2026-05-24 12:15:00+02:00,-45.32432354664046,-29.99
2026-05-24 12:30:00+02:00,-45.32259264625934,-42.07
2026-05-24 12:45:00+02:00,-50.293384654437496,-58.79
2026-05-24 13:00:00+02:00,-53.52831206319523,-60.03
2026-05-24 13:15:00+02:00,-60.22724298524535,-72.01
2026-05-24 13:30:00+02:00,-49.29365887719521,-85.0
2026-05-24 13:45:00+02:00,-57.95747071637749,-86.71
2026-05-24 14:00:00+02:00,-55.334567000089905,-77.91
2026-05-24 14:15:00+02:00,-58.99613490356781,-70.01
2026-05-24 14:30:00+02:00,-71.78196205371205,-59.0
2026-05-24 14:45:00+02:00,-67.91067774676827,-40.09
2026-05-24 15:00:00+02:00,-59.9032800536023,-46.33
2026-05-24 15:15:00+02:00,-45.62404035789356,-27.27
2026-05-24 15:30:00+02:00,-39.89415299566541,-14.37
2026-05-24 15:45:00+02:00,-33.31749199290438,-6.0
2026-05-24 16:00:00+02:00,-24.1599878503271,-6.0
2026-05-24 16:15:00+02:00,-8.910395290941807,-1.52
2026-05-24 16:30:00+02:00,0.25422084475765416,-0.27
2026-05-24 16:45:00+02:00,0.35910377713427977,-0.04
2026-05-24 17:00:00+02:00,-2.277397986483493,-0.01
2026-05-24 17:15:00+02:00,18.925009582793137,0.0
2026-05-24 17:30:00+02:00,62.164139816146985,1.96
2026-05-24 17:45:00+02:00,108.40081281675228,55.55
2026-05-24 18:00:00+02:00,82.5597750696565,22.69
2026-05-24 18:15:00+02:00,103.2968528648064,89.78
2026-05-24 18:30:00+02:00,120.78503305244571,130.46
2026-05-24 18:45:00+02:00,136.99795004838833,142.58
2026-05-24 19:00:00+02:00,114.12281074417402,120.26
2026-05-24 19:15:00+02:00,124.9580452999319,126.09
2026-05-24 19:30:00+02:00,140.15133227905045,134.39
2026-05-24 19:45:00+02:00,172.16957548425384,152.13
2026-05-24 20:00:00+02:00,139.44895482442865,133.12
2026-05-24 20:15:00+02:00,161.1553557332504,147.84
2026-05-24 20:30:00+02:00,181.93777109779194,159.96
2026-05-24 20:45:00+02:00,165.26090732232637,163.15
2026-05-24 21:00:00+02:00,179.5159345187542,161.01
2026-05-24 21:15:00+02:00,155.72855108703473,159.13
2026-05-24 21:30:00+02:00,144.9797707426378,151.62
2026-05-24 21:45:00+02:00,140.38949485350284,141.15
2026-05-24 22:00:00+02:00,162.8683797072788,157.72
2026-05-24 22:15:00+02:00,141.54703582196254,149.99
2026-05-24 22:30:00+02:00,137.6350710154816,139.38
2026-05-24 22:45:00+02:00,131.6504547097269,130.59
2026-05-24 23:00:00+02:00,137.41244173265778,138.39
2026-05-24 23:15:00+02:00,130.6931991561989,132.96
2026-05-24 23:30:00+02:00,129.25526009321297,129.7
2026-05-24 23:45:00+02:00,119.42284703565187,127.35
2026-05-25 00:00:00+02:00,142.68522127968907,136.13
2026-05-25 00:15:00+02:00,133.6385601047747,130.02
2026-05-25 00:30:00+02:00,127.04390139848559,131.76
2026-05-25 00:45:00+02:00,125.60228132683727,125.56
2026-05-25 01:00:00+02:00,129.91511290545273,131.17
2026-05-25 01:15:00+02:00,129.44181826235732,125.52
2026-05-25 01:30:00+02:00,127.81447544149785,123.01
2026-05-25 01:45:00+02:00,126.37672473199618,124.23
2026-05-25 02:00:00+02:00,130.30018069058863,125.68
2026-05-25 02:15:00+02:00,129.48407396344595,125.58
2026-05-25 02:30:00+02:00,127.07602375515654,125.0
2026-05-25 02:45:00+02:00,122.68560203212705,124.7
2026-05-25 03:00:00+02:00,123.58288229246395,120.93
2026-05-25 03:15:00+02:00,125.84952241292395,123.96
2026-05-25 03:30:00+02:00,123.4210067307159,127.15
2026-05-25 03:45:00+02:00,126.22609917216545,132.01
2026-05-25 04:00:00+02:00,120.1217883043077,124.79
2026-05-25 04:15:00+02:00,122.64301175462182,128.98
2026-05-25 04:30:00+02:00,125.65963968072816,129.17
2026-05-25 04:45:00+02:00,128.93716703442618,134.31
2026-05-25 05:00:00+02:00,124.41330661620309,128.55
2026-05-25 05:15:00+02:00,128.5634272851934,130.71
2026-05-25 05:30:00+02:00,117.73124444138791,133.76
2026-05-25 05:45:00+02:00,109.98506669391959,134.96
2026-05-25 06:00:00+02:00,121.77044935826953,137.89
2026-05-25 06:15:00+02:00,117.55188802197736,134.96
2026-05-25 06:30:00+02:00,108.56365008076705,129.13
2026-05-25 06:45:00+02:00,97.72422323316798,118.8
2026-05-25 07:00:00+02:00,123.91005413615216,138.41
2026-05-25 07:15:00+02:00,100.87650346510864,126.44
2026-05-25 07:30:00+02:00,95.73270952324748,114.0
2026-05-25 07:45:00+02:00,67.99101044754639,92.66
2026-05-25 08:00:00+02:00,105.56225030710016,134.96
2026-05-25 08:15:00+02:00,76.79082045137963,103.51
2026-05-25 08:30:00+02:00,34.69266975793634,65.57
2026-05-25 08:45:00+02:00,33.5937667199113,6.68
2026-05-25 09:00:00+02:00,44.31284993744622,16.73
2026-05-25 09:15:00+02:00,38.484300604780834,3.08
2026-05-25 09:30:00+02:00,36.63509305051428,0.19
2026-05-25 09:45:00+02:00,20.885009674208234,0.0
2026-05-25 10:00:00+02:00,22.87321934829211,0.0
2026-05-25 10:15:00+02:00,23.01174667507827,-0.02
2026-05-25 10:30:00+02:00,1.4660119927788173,-0.07
2026-05-25 10:45:00+02:00,-8.189503807492404,-0.58
2026-05-25 11:00:00+02:00,-19.665323295139174,-2.01
2026-05-25 11:15:00+02:00,-21.43142625772941,-3.04
2026-05-25 11:30:00+02:00,-28.772249376123074,-6.01
2026-05-25 11:45:00+02:00,-39.13240667065656,-9.99
2026-05-25 12:00:00+02:00,-35.64562246852291,-10.67
2026-05-25 12:15:00+02:00,-58.60171515703044,-11.33
2026-05-25 12:30:00+02:00,-74.55292654212582,-13.06
2026-05-25 12:45:00+02:00,-100.00735344996929,-15.79
2026-05-25 13:00:00+02:00,-98.18684492480578,-22.07
2026-05-25 13:15:00+02:00,-115.53551327103082,-27.45
2026-05-25 13:30:00+02:00,-132.96276258958179,-32.66
2026-05-25 13:45:00+02:00,-117.46108277843913,-35.0
2026-05-25 14:00:00+02:00,-114.32631049827579,-32.36
2026-05-25 14:15:00+02:00,-104.95097599380354,-30.0
2026-05-25 14:30:00+02:00,-86.47600962364614,-25.01
2026-05-25 14:45:00+02:00,-69.02617937434236,-21.36
2026-05-25 15:00:00+02:00,-70.52444961429815,-17.13
2026-05-25 15:15:00+02:00,-49.943348417687425,-10.77
2026-05-25 15:30:00+02:00,-35.94181581743167,-7.3
2026-05-25 15:45:00+02:00,-25.432361977117836,-5.0
2026-05-25 16:00:00+02:00,-12.277279947198597,-3.67
2026-05-25 16:15:00+02:00,2.4865973633164202,-2.94
2026-05-25 16:30:00+02:00,12.304719406668568,-4.95
2026-05-25 16:45:00+02:00,19.17542851851796,-0.1
2026-05-25 17:00:00+02:00,12.115522463438026,0.0
2026-05-25 17:15:00+02:00,21.394997564801912,1.34
2026-05-25 17:30:00+02:00,36.622243988839415,17.15
2026-05-25 17:45:00+02:00,111.78853006657013,109.31
2026-05-25 18:00:00+02:00,68.14235375277696,70.98
2026-05-25 18:15:00+02:00,102.1598276668783,105.58
2026-05-25 18:30:00+02:00,130.50177818287122,140.97
2026-05-25 18:45:00+02:00,152.0753096753124,157.76
2026-05-25 19:00:00+02:00,122.19633712254738,128.55
2026-05-25 19:15:00+02:00,132.48526857284673,142.68
2026-05-25 19:30:00+02:00,145.09159267067363,151.97
2026-05-25 19:45:00+02:00,163.6706586926554,179.1
2026-05-25 20:00:00+02:00,154.24642115322374,154.32
2026-05-25 20:15:00+02:00,158.6590784833541,168.56
2026-05-25 20:30:00+02:00,185.2945066045995,180.76
2026-05-25 20:45:00+02:00,172.28986390838642,185.1
2026-05-25 21:00:00+02:00,186.76471609381178,185.13
2026-05-25 21:15:00+02:00,160.90407042458762,176.68
2026-05-25 21:30:00+02:00,150.66694153330354,164.59
2026-05-25 21:45:00+02:00,144.55621736314043,154.6
2026-05-25 22:00:00+02:00,163.90058274608958,178.47
2026-05-25 22:15:00+02:00,147.94628041977327,161.73
2026-05-25 22:30:00+02:00,137.5748096395447,148.28
2026-05-25 22:45:00+02:00,132.40517943156084,140.85
2026-05-25 23:00:00+02:00,139.4549550938049,149.1
2026-05-25 23:15:00+02:00,134.96382279345397,142.5
2026-05-25 23:30:00+02:00,131.24256297079734,140.99
2026-05-25 23:45:00+02:00,126.0349556759837,131.51
2026-05-26 00:00:00+02:00,139.45518608487572,152.99
2026-05-26 00:15:00+02:00,135.557811457809,140.11
2026-05-26 00:30:00+02:00,132.8527372134514,130.16
2026-05-26 00:45:00+02:00,126.69441616900484,122.18
2026-05-26 01:00:00+02:00,134.96682953883163,134.23
2026-05-26 01:15:00+02:00,129.59805787583812,126.6
2026-05-26 01:30:00+02:00,124.83205667039607,122.83
2026-05-26 01:45:00+02:00,125.22690959594908,118.93
2026-05-26 02:00:00+02:00,127.86324635332737,124.03
2026-05-26 02:15:00+02:00,127.61402612060796,121.08
2026-05-26 02:30:00+02:00,126.608136652823,120.14
2026-05-26 02:45:00+02:00,124.8945357874572,117.33
2026-05-26 03:00:00+02:00,121.23358515149133,122.82
2026-05-26 03:15:00+02:00,122.76967904432927,121.05
2026-05-26 03:30:00+02:00,125.75817769857625,120.99
2026-05-26 03:45:00+02:00,128.32589019904873,119.86
2026-05-26 04:00:00+02:00,122.74927860710034,117.53
2026-05-26 04:15:00+02:00,128.59193616080563,117.84
2026-05-26 04:30:00+02:00,130.84563199447717,120.04
2026-05-26 04:45:00+02:00,130.73107316860313,122.71
2026-05-26 05:00:00+02:00,129.67744930866155,122.11
2026-05-26 05:15:00+02:00,131.5487903433676,124.83
2026-05-26 05:30:00+02:00,128.15815918514002,131.01
2026-05-26 05:45:00+02:00,130.98287586711982,137.69
2026-05-26 06:00:00+02:00,137.380561933298,138.73
2026-05-26 06:15:00+02:00,142.0144187439324,146.91
2026-05-26 06:30:00+02:00,143.5049721504665,143.59
2026-05-26 06:45:00+02:00,142.8423777205628,143.19
2026-05-26 07:00:00+02:00,154.25741575672757,161.79
2026-05-26 07:15:00+02:00,139.5523691301794,145.25
2026-05-26 07:30:00+02:00,129.88091645205205,139.8
2026-05-26 07:45:00+02:00,110.47503826829134,119.32
2026-05-26 08:00:00+02:00,140.9355724511347,159.3
2026-05-26 08:15:00+02:00,128.66336466668636,130.33
2026-05-26 08:30:00+02:00,105.81806266751732,108.86
2026-05-26 08:45:00+02:00,67.70581757925399,89.69
2026-05-26 09:00:00+02:00,119.14930653595047,137.05
2026-05-26 09:15:00+02:00,70.85651899935593,92.61
2026-05-26 09:30:00+02:00,38.71954185085667,70.01
2026-05-26 09:45:00+02:00,11.00372851949588,15.53
2026-05-26 10:00:00+02:00,11.655913093807158,22.24
2026-05-26 10:15:00+02:00,8.749712215193917,3.8
2026-05-26 10:30:00+02:00,-3.3148705898472883,0.06
2026-05-26 10:45:00+02:00,-2.344710082965058,-0.02
2026-05-26 11:00:00+02:00,-2.3341996950199224,0.0
2026-05-26 11:15:00+02:00,-0.657893922969393,0.0
2026-05-26 11:30:00+02:00,-0.43050226878454545,-0.01
2026-05-26 11:45:00+02:00,-0.05613898702121034,-0.02
2026-05-26 12:00:00+02:00,1.5407447258917708,-0.58
2026-05-26 12:15:00+02:00,-1.959569575344064,-1.19
2026-05-26 12:30:00+02:00,0.6788460171375152,-2.07
2026-05-26 12:45:00+02:00,-5.5463369462602845,-3.46
2026-05-26 13:00:00+02:00,-7.204783220793503,-2.01
2026-05-26 13:15:00+02:00,-9.783849969754025,-2.02
2026-05-26 13:30:00+02:00,-13.512396352217396,-2.97
2026-05-26 13:45:00+02:00,-22.68890441131017,-3.0
2026-05-26 14:00:00+02:00,-15.276423328180229,-1.26
2026-05-26 14:15:00+02:00,-15.539677788154263,-1.01
2026-05-26 14:30:00+02:00,-13.102050480992242,-0.94
2026-05-26 14:45:00+02:00,-4.925946218891259,-0.13
2026-05-26 15:00:00+02:00,-12.496230544811898,-0.04
2026-05-26 15:15:00+02:00,-5.15801778767255,-0.01
2026-05-26 15:30:00+02:00,-1.0457535020886155,-0.01
2026-05-26 15:45:00+02:00,1.948235715427714,0.0
2026-05-26 16:00:00+02:00,-3.6328944254908073,-0.01
2026-05-26 16:15:00+02:00,-1.0482825939073095,0.96
2026-05-26 16:30:00+02:00,-0.29927512624561814,5.79
2026-05-26 16:45:00+02:00,-2.8634221823931796,45.72
2026-05-26 17:00:00+02:00,4.123320467642685,9.1
2026-05-26 17:15:00+02:00,14.701850255052292,83.86
2026-05-26 17:30:00+02:00,42.48480869579731,126.47
2026-05-26 17:45:00+02:00,118.60634353362596,139.31
2026-05-26 18:00:00+02:00,70.06916114253272,92.62
2026-05-26 18:15:00+02:00,107.4508310955318,122.96
2026-05-26 18:30:00+02:00,135.43814994212394,146.0
2026-05-26 18:45:00+02:00,149.87124748848527,177.57
2026-05-26 19:00:00+02:00,125.9537037899992,127.97
2026-05-26 19:15:00+02:00,142.0968714959454,152.99
2026-05-26 19:30:00+02:00,150.50762277809858,187.28
2026-05-26 19:45:00+02:00,189.02100554421932,272.17
2026-05-26 20:00:00+02:00,167.08464468480776,199.18
2026-05-26 20:15:00+02:00,193.93111272832377,226.87
2026-05-26 20:30:00+02:00,177.52895411634708,230.09
2026-05-26 20:45:00+02:00,167.84576005490442,215.65
2026-05-26 21:00:00+02:00,180.76413065029942,223.62
2026-05-26 21:15:00+02:00,159.65834210124632,189.04
2026-05-26 21:30:00+02:00,143.16932009885505,173.64
2026-05-26 21:45:00+02:00,130.7110585673679,152.84
2026-05-26 22:00:00+02:00,151.96788963409796,181.15
2026-05-26 22:15:00+02:00,138.0544365650702,154.19
2026-05-26 22:30:00+02:00,131.73519430521657,147.6
2026-05-26 22:45:00+02:00,130.03232305103506,132.16
2026-05-26 23:00:00+02:00,137.03096516881646,141.88
2026-05-26 23:15:00+02:00,124.44824329236691,137.06
2026-05-26 23:30:00+02:00,115.66239259421623,128.48
2026-05-26 23:45:00+02:00,114.65903622474696,114.71
2026-05-27 00:00:00+02:00,140.3880556285283,140.12
2026-05-27 00:15:00+02:00,134.00440264770236,135.31
2026-05-27 00:30:00+02:00,126.77896821251822,133.53
2026-05-27 00:45:00+02:00,124.19545526454988,130.19
2026-05-27 01:00:00+02:00,124.87803338337866,133.49
2026-05-27 01:15:00+02:00,121.7000348928779,128.1
2026-05-27 01:30:00+02:00,117.58368220373269,126.88
2026-05-27 01:45:00+02:00,115.24646816375599,121.6
2026-05-27 02:00:00+02:00,118.61899562359548,122.66
2026-05-27 02:15:00+02:00,117.76046755181588,121.04
2026-05-27 02:30:00+02:00,115.42519770159372,120.07
2026-05-27 02:45:00+02:00,110.41226712560582,118.4
2026-05-27 03:00:00+02:00,112.75018313672784,119.29
2026-05-27 03:15:00+02:00,111.35670049567997,118.85
2026-05-27 03:30:00+02:00,108.455238110852,118.88
2026-05-27 03:45:00+02:00,111.39436901704717,118.46
2026-05-27 04:00:00+02:00,107.48006900104421,116.35
2026-05-27 04:15:00+02:00,110.85179012911011,118.94
2026-05-27 04:30:00+02:00,112.96258960228742,119.54
2026-05-27 04:45:00+02:00,112.33069324095527,121.36
2026-05-27 05:00:00+02:00,110.2489288670995,115.67
2026-05-27 05:15:00+02:00,113.2620978039575,117.02
2026-05-27 05:30:00+02:00,120.41614208545283,123.3
2026-05-27 05:45:00+02:00,119.49261652999223,128.95
2026-05-27 06:00:00+02:00,121.16015839338993,129.59
2026-05-27 06:15:00+02:00,124.15353578529965,138.1
2026-05-27 06:30:00+02:00,122.6971065704562,137.54
2026-05-27 06:45:00+02:00,119.65890882947974,131.57
2026-05-27 07:00:00+02:00,133.51256676359486,147.7
2026-05-27 07:15:00+02:00,122.59635706383516,138.96
2026-05-27 07:30:00+02:00,125.48766673534334,126.03
2026-05-27 07:45:00+02:00,109.4975414812979,111.71
2026-05-27 08:00:00+02:00,134.4869067131497,142.81
2026-05-27 08:15:00+02:00,125.80585894473217,114.69
2026-05-27 08:30:00+02:00,101.4984910600408,98.32
2026-05-27 08:45:00+02:00,65.53536157727275,69.99
2026-05-27 09:00:00+02:00,113.49092551960857,104.0
2026-05-27 09:15:00+02:00,71.51619018410956,67.98
2026-05-27 09:30:00+02:00,45.32677029890035,17.27
2026-05-27 09:45:00+02:00,18.91603308061009,3.69
2026-05-27 10:00:00+02:00,12.962243631531322,11.0
2026-05-27 10:15:00+02:00,22.224064592943677,2.65
2026-05-27 10:30:00+02:00,3.59884562989663,0.07
2026-05-27 10:45:00+02:00,-0.8138424017104242,-0.02
2026-05-27 11:00:00+02:00,1.9361259968677018,0.0
2026-05-27 11:15:00+02:00,-2.540605086253052,-0.03
2026-05-27 11:30:00+02:00,-1.7659983622269078,-0.28
2026-05-27 11:45:00+02:00,-2.8343039217348354,-0.77
2026-05-27 12:00:00+02:00,-1.519127070435038,-0.78
2026-05-27 12:15:00+02:00,-2.7055888982292555,-1.0
2026-05-27 12:30:00+02:00,-7.410145540069312,-1.21
2026-05-27 12:45:00+02:00,-18.451516437419066,-1.21
2026-05-27 13:00:00+02:00,-18.094174440313875,-1.17
2026-05-27 13:15:00+02:00,-28.83315618302875,-1.37
2026-05-27 13:30:00+02:00,-35.468262339952105,-2.0
2026-05-27 13:45:00+02:00,-42.40533346147837,-2.0
2026-05-27 14:00:00+02:00,-38.134556137978755,-1.91
2026-05-27 14:15:00+02:00,-28.19711935339188,-1.28
2026-05-27 14:30:00+02:00,-23.533634638142576,-1.62
2026-05-27 14:45:00+02:00,-18.878866410797055,-1.77
2026-05-27 15:00:00+02:00,-20.04820186979187,-1.8
2026-05-27 15:15:00+02:00,-13.531144631418442,-2.02
2026-05-27 15:30:00+02:00,-8.12899692139078,-1.9
2026-05-27 15:45:00+02:00,-5.39029525823047,-1.09
2026-05-27 16:00:00+02:00,-1.5637925394816854,-1.88
2026-05-27 16:15:00+02:00,3.0523553749844936,-0.09
2026-05-27 16:30:00+02:00,2.116644143373051,-0.01
2026-05-27 16:45:00+02:00,12.215076904160924,0.29
2026-05-27 17:00:00+02:00,1.7373602494090505,2.0
2026-05-27 17:15:00+02:00,35.63569411619409,5.0
2026-05-27 17:30:00+02:00,66.37995170583966,39.17
2026-05-27 17:45:00+02:00,105.6427398888503,82.66
2026-05-27 18:00:00+02:00,74.07427699175233,38.62
2026-05-27 18:15:00+02:00,102.56586153645492,88.05
2026-05-27 18:30:00+02:00,126.2100135838395,121.37
2026-05-27 18:45:00+02:00,134.65702569474485,143.35
2026-05-27 19:00:00+02:00,119.93957632413634,113.08
2026-05-27 19:15:00+02:00,136.98884967008007,134.51
2026-05-27 19:30:00+02:00,139.9773283462973,145.49
2026-05-27 19:45:00+02:00,155.4481528938586,152.99
2026-05-27 20:00:00+02:00,147.81432077201515,140.99
2026-05-27 20:15:00+02:00,146.22202351243465,149.55
2026-05-27 20:30:00+02:00,155.00735739040132,164.87
2026-05-27 20:45:00+02:00,149.97022483946367,171.3
2026-05-27 21:00:00+02:00,159.01379963599751,168.96
2026-05-27 21:15:00+02:00,136.01246260837146,161.88
2026-05-27 21:30:00+02:00,135.92440614001436,154.84
2026-05-27 21:45:00+02:00,127.76783434731045,144.44
2026-05-27 22:00:00+02:00,133.188467171582,154.4
2026-05-27 22:15:00+02:00,131.93723495619025,145.69
2026-05-27 22:30:00+02:00,126.34403799969262,141.3
2026-05-27 22:45:00+02:00,120.6702175080343,135.25
2026-05-27 23:00:00+02:00,121.96726290644594,140.32
2026-05-27 23:15:00+02:00,116.4355604845245,134.31
2026-05-27 23:30:00+02:00,115.65534853010547,130.27
2026-05-27 23:45:00+02:00,108.72925531677339,128.92
2026-05-28 00:00:00+02:00,142.08072562294606,138.6
2026-05-28 00:15:00+02:00,134.37500219797886,132.54
2026-05-28 00:30:00+02:00,132.47074000462896,130.61
2026-05-28 00:45:00+02:00,127.15358497607014,130.03
2026-05-28 01:00:00+02:00,131.5006955203347,136.0
2026-05-28 01:15:00+02:00,129.02430550380194,128.58
2026-05-28 01:30:00+02:00,127.54863183474339,127.85
2026-05-28 01:45:00+02:00,123.48264261683926,125.72
2026-05-28 02:00:00+02:00,129.7791464451633,128.08
2026-05-28 02:15:00+02:00,125.92214359331103,125.79
2026-05-28 02:30:00+02:00,124.1930785725387,127.78
2026-05-28 02:45:00+02:00,123.06968707947543,127.3
2026-05-28 03:00:00+02:00,122.99287752384942,127.04
2026-05-28 03:15:00+02:00,122.83818749138901,127.27
2026-05-28 03:30:00+02:00,128.3285748312319,127.6
2026-05-28 03:45:00+02:00,128.43031171567253,127.54
2026-05-28 04:00:00+02:00,121.73879464162144,126.09
2026-05-28 04:15:00+02:00,124.95817628394902,127.96
2026-05-28 04:30:00+02:00,127.69259168154545,130.81
2026-05-28 04:45:00+02:00,128.5507769429731,135.5
2026-05-28 05:00:00+02:00,126.67670047482991,131.16
2026-05-28 05:15:00+02:00,125.24230376631826,134.81
2026-05-28 05:30:00+02:00,128.68809273308793,138.47
2026-05-28 05:45:00+02:00,139.77745463024297,137.57
2026-05-28 06:00:00+02:00,134.89740816849485,146.72
2026-05-28 06:15:00+02:00,147.66741767757003,152.08
2026-05-28 06:30:00+02:00,147.25237772327128,148.81
2026-05-28 06:45:00+02:00,143.04895415311884,146.2
2026-05-28 07:00:00+02:00,160.4268330109863,152.69
2026-05-28 07:15:00+02:00,141.50770955674514,145.41
2026-05-28 07:30:00+02:00,136.4010563618888,136.7
2026-05-28 07:45:00+02:00,114.70961611264842,117.82
2026-05-28 08:00:00+02:00,146.07952269866212,143.89
2026-05-28 08:15:00+02:00,122.66497964737748,131.71
2026-05-28 08:30:00+02:00,108.03214298611246,120.74
2026-05-28 08:45:00+02:00,74.19690674926349,97.27
2026-05-28 09:00:00+02:00,121.71713984929005,123.88
2026-05-28 09:15:00+02:00,78.94735221768934,94.45
2026-05-28 09:30:00+02:00,51.79633163218243,77.76
2026-05-28 09:45:00+02:00,12.589529594076403,54.08
2026-05-28 10:00:00+02:00,24.5437012155867,51.39
2026-05-28 10:15:00+02:00,3.7542330444792285,17.01
2026-05-28 10:30:00+02:00,-0.9895861964198929,6.32
2026-05-28 10:45:00+02:00,-0.5481769313041944,2.51
2026-05-28 11:00:00+02:00,-1.964709340977823,1.56
2026-05-28 11:15:00+02:00,-0.2559677632580346,0.7
2026-05-28 11:30:00+02:00,0.10276835671031392,0.01
2026-05-28 11:45:00+02:00,-2.8311830225688794,0.0
2026-05-28 12:00:00+02:00,-2.59166863304373,0.03
2026-05-28 12:15:00+02:00,-7.371582018557433,0.0
2026-05-28 12:30:00+02:00,-7.85453407991717,-0.01
2026-05-28 12:45:00+02:00,-9.57091792273889,-0.01
2026-05-28 13:00:00+02:00,-8.94960141067573,0.0
2026-05-28 13:15:00+02:00,-11.432367349388274,-0.01
2026-05-28 13:30:00+02:00,-14.96032411128036,-0.01
2026-05-28 13:45:00+02:00,-13.335522732212143,-0.03
2026-05-28 14:00:00+02:00,-13.02597891800096,-0.02
2026-05-28 14:15:00+02:00,-8.578998268162248,0.0
2026-05-28 14:30:00+02:00,-6.32099604084372,0.0
2026-05-28 14:45:00+02:00,-3.747259558968326,0.02
2026-05-28 15:00:00+02:00,-4.432380610655323,0.0
2026-05-28 15:15:00+02:00,-0.5406524270641242,0.01
2026-05-28 15:30:00+02:00,1.880532400337815,0.84
2026-05-28 15:45:00+02:00,2.017473002077569,4.34
2026-05-28 16:00:00+02:00,0.4646969102859053,2.84
2026-05-28 16:15:00+02:00,1.559469610383431,10.0
2026-05-28 16:30:00+02:00,9.276410146099238,52.31
2026-05-28 16:45:00+02:00,41.3742501400105,93.43
2026-05-28 17:00:00+02:00,7.970956979095973,65.43
2026-05-28 17:15:00+02:00,64.51666887491311,92.56
2026-05-28 17:30:00+02:00,95.65516927357194,111.01
2026-05-28 17:45:00+02:00,122.82601737080508,136.03
2026-05-28 18:00:00+02:00,81.27135664016525,110.33
2026-05-28 18:15:00+02:00,118.55685368760915,130.09
2026-05-28 18:30:00+02:00,142.43619808906058,147.28
2026-05-28 18:45:00+02:00,167.43300516650598,165.3
2026-05-28 19:00:00+02:00,129.1878935549521,154.47
2026-05-28 19:15:00+02:00,145.0288438466088,170.65
2026-05-28 19:30:00+02:00,176.7755399249541,204.46
2026-05-28 19:45:00+02:00,220.3063439785335,340.83
2026-05-28 20:00:00+02:00,179.40589853525202,266.94
2026-05-28 20:15:00+02:00,212.56815522313678,373.45
2026-05-28 20:30:00+02:00,197.67065122661455,468.31
2026-05-28 20:45:00+02:00,205.26136817546774,467.04
2026-05-28 21:00:00+02:00,227.75250381749277,434.98
2026-05-28 21:15:00+02:00,196.427565320005,442.02
2026-05-28 21:30:00+02:00,167.83080817892701,361.81
2026-05-28 21:45:00+02:00,154.65309742802006,233.26
2026-05-28 22:00:00+02:00,172.27976827006,321.71
2026-05-28 22:15:00+02:00,156.7679449371998,211.88
2026-05-28 22:30:00+02:00,152.00016942859557,171.13
2026-05-28 22:45:00+02:00,141.0506966771038,158.28
2026-05-28 23:00:00+02:00,149.54047372341827,174.39
2026-05-28 23:15:00+02:00,139.39964686372795,165.5
2026-05-28 23:30:00+02:00,138.69105491647343,155.42
2026-05-28 23:45:00+02:00,131.4468010343154,143.88
2026-05-29 00:00:00+02:00,143.56371807040225,162.14
2026-05-29 00:15:00+02:00,139.74586024653985,151.73
2026-05-29 00:30:00+02:00,132.13645515593151,137.0
2026-05-29 00:45:00+02:00,128.81201008791547,126.9
2026-05-29 01:00:00+02:00,137.9801984075796,144.99
2026-05-29 01:15:00+02:00,127.50176957379112,137.01
2026-05-29 01:30:00+02:00,124.86909541758885,129.76
2026-05-29 01:45:00+02:00,121.82927141606842,123.95
2026-05-29 02:00:00+02:00,124.24018592507288,129.43
2026-05-29 02:15:00+02:00,122.52124740472532,128.08
2026-05-29 02:30:00+02:00,118.99990426565273,127.83
2026-05-29 02:45:00+02:00,120.40390134922215,126.56
2026-05-29 03:00:00+02:00,118.99952595473756,128.05
2026-05-29 03:15:00+02:00,122.32175484804048,127.0
2026-05-29 03:30:00+02:00,121.91537436955282,126.0
2026-05-29 03:45:00+02:00,121.59196821614748,123.72
2026-05-29 04:00:00+02:00,121.68219218612916,124.3
2026-05-29 04:15:00+02:00,118.10476212242436,125.0
2026-05-29 04:30:00+02:00,117.67580689286251,125.4
2026-05-29 04:45:00+02:00,117.23119578540695,126.41
2026-05-29 05:00:00+02:00,115.8625386101889,125.07
2026-05-29 05:15:00+02:00,117.57604716714849,124.7
2026-05-29 05:30:00+02:00,124.44128475104242,124.4
2026-05-29 05:45:00+02:00,124.30541326670695,127.81
2026-05-29 06:00:00+02:00,129.92021055052342,131.65
2026-05-29 06:15:00+02:00,134.31412531497378,137.04
2026-05-29 06:30:00+02:00,130.48883572764277,132.49
2026-05-29 06:45:00+02:00,129.8706377695454,126.36
2026-05-29 07:00:00+02:00,142.31901242161962,136.96
2026-05-29 07:15:00+02:00,135.7242908372832,130.1
2026-05-29 07:30:00+02:00,130.20223037065136,124.97
2026-05-29 07:45:00+02:00,112.38602005256152,111.95
2026-05-29 08:00:00+02:00,143.35206735571947,135.21
2026-05-29 08:15:00+02:00,120.12549902913466,120.54
2026-05-29 08:30:00+02:00,103.88880548751281,107.0
2026-05-29 08:45:00+02:00,65.40576080583709,91.51
2026-05-29 09:00:00+02:00,110.57204732012494,108.14
2026-05-29 09:15:00+02:00,65.71471812888299,87.32
2026-05-29 09:30:00+02:00,35.81785746868866,61.63
2026-05-29 09:45:00+02:00,18.34451780217791,30.54
2026-05-29 10:00:00+02:00,16.688159746696144,39.0
2026-05-29 10:15:00+02:00,9.178553773000807,16.92
2026-05-29 10:30:00+02:00,0.9961751399875425,8.34
2026-05-29 10:45:00+02:00,0.6793077407398371,3.85
2026-05-29 11:00:00+02:00,-1.5227396321257203,1.36
2026-05-29 11:15:00+02:00,-3.561817037584415,0.0
2026-05-29 11:30:00+02:00,-4.887862676993885,-0.05
2026-05-29 11:45:00+02:00,-6.542183060240646,-0.15
2026-05-29 12:00:00+02:00,-11.335639538142276,-0.04
2026-05-29 12:15:00+02:00,-10.655574996922098,-0.04
2026-05-29 12:30:00+02:00,-10.041146184010243,-0.07
2026-05-29 12:45:00+02:00,-12.564073516444608,-0.07
2026-05-29 13:00:00+02:00,-11.759086805153837,-0.09
2026-05-29 13:15:00+02:00,-14.480574728668028,-0.04
2026-05-29 13:30:00+02:00,-18.551695672942728,-0.01
2026-05-29 13:45:00+02:00,-18.004233528155073,0.0
2026-05-29 14:00:00+02:00,-15.854023786956008,-0.21
2026-05-29 14:15:00+02:00,-11.453498474403117,-0.09
2026-05-29 14:30:00+02:00,-13.215230747788071,0.0
2026-05-29 14:45:00+02:00,-16.330847648884948,0.3
2026-05-29 15:00:00+02:00,-7.220060343252962,0.84
2026-05-29 15:15:00+02:00,-0.5645845507818592,2.11
2026-05-29 15:30:00+02:00,-1.1507233574381015,9.1
2026-05-29 15:45:00+02:00,4.157614968049089,25.59
2026-05-29 16:00:00+02:00,4.328494166840253,5.27
2026-05-29 16:15:00+02:00,1.8952388432804312,29.31
2026-05-29 16:30:00+02:00,7.4095121356185984,70.0
2026-05-29 16:45:00+02:00,35.8963887628783,101.86
2026-05-29 17:00:00+02:00,23.64871232289137,73.14
2026-05-29 17:15:00+02:00,60.97328961316064,90.63
2026-05-29 17:30:00+02:00,89.86971845679884,111.68
2026-05-29 17:45:00+02:00,124.59262482009798,138.18
2026-05-29 18:00:00+02:00,90.02228942369645,112.36
2026-05-29 18:15:00+02:00,117.08603389456434,129.06
2026-05-29 18:30:00+02:00,134.50657401437897,145.24
2026-05-29 18:45:00+02:00,152.32210443600138,161.28
2026-05-29 19:00:00+02:00,131.41922223333953,146.17
2026-05-29 19:15:00+02:00,141.59484269811776,163.69
2026-05-29 19:30:00+02:00,157.55501670459364,184.34
2026-05-29 19:45:00+02:00,202.15446606726215,205.59
2026-05-29 20:00:00+02:00,177.60897596251195,212.39
2026-05-29 20:15:00+02:00,180.62987856540556,237.21
2026-05-29 20:30:00+02:00,203.25775597997227,251.66
2026-05-29 20:45:00+02:00,205.7260728862547,261.18
2026-05-29 21:00:00+02:00,206.61549295353709,237.99
2026-05-29 21:15:00+02:00,197.6980326063335,207.39
2026-05-29 21:30:00+02:00,183.095845215429,192.35
2026-05-29 21:45:00+02:00,154.2491594515288,167.89
2026-05-29 22:00:00+02:00,175.54158660418784,182.99
2026-05-29 22:15:00+02:00,156.85150031238456,164.8
2026-05-29 22:30:00+02:00,142.4933598845753,155.27
2026-05-29 22:45:00+02:00,130.341539436653,143.74
2026-05-29 23:00:00+02:00,141.4037749431515,152.99
2026-05-29 23:15:00+02:00,135.71552636034164,150.71
2026-05-29 23:30:00+02:00,134.17431673525206,142.76
2026-05-29 23:45:00+02:00,123.27922685005387,134.31
2026-05-30 00:00:00+02:00,156.01914468169136,145.0
2026-05-30 00:15:00+02:00,146.1592509062528,136.85
2026-05-30 00:30:00+02:00,136.7588895107099,132.43
2026-05-30 00:45:00+02:00,131.08054708282924,127.78
2026-05-30 01:00:00+02:00,137.1558856320823,133.39
2026-05-30 01:15:00+02:00,134.64446958628355,129.2
2026-05-30 01:30:00+02:00,126.62158102840561,126.54
2026-05-30 01:45:00+02:00,122.34115088056502,124.67
2026-05-30 02:00:00+02:00,129.08541892327804,125.01
2026-05-30 02:15:00+02:00,125.23967866261987,123.65
2026-05-30 02:30:00+02:00,127.11642466921106,124.0
2026-05-30 02:45:00+02:00,124.06172772688299,122.43
2026-05-30 03:00:00+02:00,121.76157546489576,122.23
2026-05-30 03:15:00+02:00,121.29115413002214,120.07
2026-05-30 03:30:00+02:00,119.66016554935354,120.86
2026-05-30 03:45:00+02:00,117.08052493968897,121.18
2026-05-30 04:00:00+02:00,118.18506832118787,122.77
2026-05-30 04:15:00+02:00,118.51311804340912,124.33
2026-05-30 04:30:00+02:00,118.97219764799604,126.26
2026-05-30 04:45:00+02:00,123.08027283747597,128.07
2026-05-30 05:00:00+02:00,121.877792930364,128.62
2026-05-30 05:15:00+02:00,122.53546195569967,125.87
2026-05-30 05:30:00+02:00,128.4493507222455,124.0
2026-05-30 05:45:00+02:00,121.61637701469027,121.69
2026-05-30 06:00:00+02:00,130.5988445564101,123.56
2026-05-30 06:15:00+02:00,130.3310161137818,120.3
2026-05-30 06:30:00+02:00,122.95388257555538,119.64
2026-05-30 06:45:00+02:00,114.08890175778151,112.47
2026-05-30 07:00:00+02:00,131.6156857576291,120.53
2026-05-30 07:15:00+02:00,111.92088625068921,114.24
2026-05-30 07:30:00+02:00,108.57918870960515,108.48
2026-05-30 07:45:00+02:00,105.04429648734192,93.13
2026-05-30 08:00:00+02:00,122.7490464414014,117.09
2026-05-30 08:15:00+02:00,99.90163986812206,96.74
2026-05-30 08:30:00+02:00,89.66312789950004,79.31
2026-05-30 08:45:00+02:00,64.01572153474012,62.33
2026-05-30 09:00:00+02:00,100.3563296036343,75.59
2026-05-30 09:15:00+02:00,78.51294700142978,46.95
2026-05-30 09:30:00+02:00,24.25478051584988,16.59
2026-05-30 09:45:00+02:00,20.54202344782786,7.6
2026-05-30 10:00:00+02:00,30.600835256572275,9.99
2026-05-30 10:15:00+02:00,21.58521564551515,1.75
2026-05-30 10:30:00+02:00,8.836504732262686,0.1
2026-05-30 10:45:00+02:00,4.601077575881979,0.0
2026-05-30 11:00:00+02:00,9.982480240492169,0.0
2026-05-30 11:15:00+02:00,9.076351375509963,0.0
2026-05-30 11:30:00+02:00,2.362842968730942,-0.01
2026-05-30 11:45:00+02:00,-1.7222691328096975,-0.01
2026-05-30 12:00:00+02:00,1.9471268342775196,-0.01
2026-05-30 12:15:00+02:00,-2.025380231916995,-0.05
2026-05-30 12:30:00+02:00,-7.902550439895158,-0.05
2026-05-30 12:45:00+02:00,-10.252138610065055,-0.1
2026-05-30 13:00:00+02:00,-12.50323651764302,-1.01
2026-05-30 13:15:00+02:00,-14.6348852793456,-1.29
2026-05-30 13:30:00+02:00,-18.833408665772275,-1.44
2026-05-30 13:45:00+02:00,-18.632224918122294,-2.03
2026-05-30 14:00:00+02:00,-14.754139955662065,-1.08
2026-05-30 14:15:00+02:00,-12.870701204547439,-1.0
2026-05-30 14:30:00+02:00,-9.656225865344664,-0.71
2026-05-30 14:45:00+02:00,-9.795404774946046,-0.2
2026-05-30 15:00:00+02:00,-8.084783730254351,-0.02
2026-05-30 15:15:00+02:00,-4.556108381655464,-0.01
2026-05-30 15:30:00+02:00,1.3025993712921462,-0.01
2026-05-30 15:45:00+02:00,14.630962216269198,0.0
2026-05-30 16:00:00+02:00,7.765274574949635,0.0
2026-05-30 16:15:00+02:00,12.878494709879199,0.0
2026-05-30 16:30:00+02:00,22.98776820115561,0.51
2026-05-30 16:45:00+02:00,45.43981375467184,11.52
2026-05-30 17:00:00+02:00,19.855952205048297,8.44
2026-05-30 17:15:00+02:00,49.06712565814462,49.08
2026-05-30 17:30:00+02:00,72.20894524793026,87.48
2026-05-30 17:45:00+02:00,111.91701305976471,105.0
2026-05-30 18:00:00+02:00,68.80806394545294,78.97
2026-05-30 18:15:00+02:00,106.5179905158692,102.19
2026-05-30 18:30:00+02:00,139.11403680682426,119.58
2026-05-30 18:45:00+02:00,153.93662966123824,127.29
2026-05-30 19:00:00+02:00,130.94479501709637,125.3
2026-05-30 19:15:00+02:00,145.04912542338695,132.4
2026-05-30 19:30:00+02:00,150.91101072711297,146.21
2026-05-30 19:45:00+02:00,187.71373735389326,155.58
2026-05-30 20:00:00+02:00,151.60570997827435,142.31
2026-05-30 20:15:00+02:00,183.58842149988308,155.2
2026-05-30 20:30:00+02:00,193.02815109303438,168.14
2026-05-30 20:45:00+02:00,221.36214428397645,176.45
2026-05-30 21:00:00+02:00,201.4807909989945,172.21
2026-05-30 21:15:00+02:00,197.75095852721302,170.38
2026-05-30 21:30:00+02:00,177.40542818947097,176.28
2026-05-30 21:45:00+02:00,156.54929168434234,168.51
2026-05-30 22:00:00+02:00,180.52755988138443,173.86
2026-05-30 22:15:00+02:00,155.29975832744034,160.92
2026-05-30 22:30:00+02:00,148.32376722490406,156.0
2026-05-30 22:45:00+02:00,136.29178693726448,146.83
2026-05-30 23:00:00+02:00,152.13116596405968,150.13
2026-05-30 23:15:00+02:00,144.7787038694942,142.71
2026-05-30 23:30:00+02:00,134.91741342700078,140.61
2026-05-30 23:45:00+02:00,131.82562318856776,138.71
2026-05-31 00:00:00+02:00,144.8520079416275,146.56
2026-05-31 00:15:00+02:00,141.3060557321398,139.0
2026-05-31 00:30:00+02:00,133.08341814573146,134.18
2026-05-31 00:45:00+02:00,127.92835431620429,125.91
2026-05-31 01:00:00+02:00,134.30248804146805,132.55
2026-05-31 01:15:00+02:00,131.17386718023837,129.61
2026-05-31 01:30:00+02:00,126.60030869581595,128.09
2026-05-31 01:45:00+02:00,121.22861444525033,126.17
2026-05-31 02:00:00+02:00,127.74778155587185,127.54
2026-05-31 02:15:00+02:00,127.31996991706484,126.55
2026-05-31 02:30:00+02:00,123.92911786874939,126.31
2026-05-31 02:45:00+02:00,121.04404895179033,123.26
2026-05-31 03:00:00+02:00,122.53200426740295,124.98
2026-05-31 03:15:00+02:00,121.67300863738585,124.08
2026-05-31 03:30:00+02:00,121.60099336341231,125.16
2026-05-31 03:45:00+02:00,122.61133048755711,126.57
2026-05-31 04:00:00+02:00,118.0309887973714,127.8
2026-05-31 04:15:00+02:00,119.14309789285056,127.6
2026-05-31 04:30:00+02:00,118.1873636343157,127.8
2026-05-31 04:45:00+02:00,118.0157905327685,124.6
2026-05-31 05:00:00+02:00,119.5624049919729,128.99
2026-05-31 05:15:00+02:00,120.4061135162734,124.68
2026-05-31 05:30:00+02:00,120.7522445331197,122.76
2026-05-31 05:45:00+02:00,119.19375125148171,117.0
2026-05-31 06:00:00+02:00,128.38446907452868,123.04
2026-05-31 06:15:00+02:00,115.66960390510167,119.82
2026-05-31 06:30:00+02:00,109.17791164162851,112.08
2026-05-31 06:45:00+02:00,107.96154124292715,105.07
2026-05-31 07:00:00+02:00,123.14680118136926,111.87
2026-05-31 07:15:00+02:00,111.40292032035055,105.72
2026-05-31 07:30:00+02:00,105.1095881738143,99.24
2026-05-31 07:45:00+02:00,96.16416269100647,85.41
2026-05-31 08:00:00+02:00,110.90234523079747,104.68
2026-05-31 08:15:00+02:00,92.97560674824834,94.56
2026-05-31 08:30:00+02:00,83.23354544759697,84.13
2026-05-31 08:45:00+02:00,55.49347344302257,78.38
2026-05-31 09:00:00+02:00,78.42534632549297,77.89
2026-05-31 09:15:00+02:00,61.85806679099532,62.52
2026-05-31 09:30:00+02:00,62.58998359324589,51.11
2026-05-31 09:45:00+02:00,33.94857166798292,33.64
2026-05-31 10:00:00+02:00,65.21214210460082,26.2
2026-05-31 10:15:00+02:00,23.084744095605423,4.06
2026-05-31 10:30:00+02:00,11.564388059624722,0.01
2026-05-31 10:45:00+02:00,15.09859949950463,0.0
2026-05-31 11:00:00+02:00,15.529742136078868,0.0
2026-05-31 11:15:00+02:00,21.456797414340585,0.0
2026-05-31 11:30:00+02:00,17.73494691508271,0.0
2026-05-31 11:45:00+02:00,15.831171699726292,0.0
2026-05-31 12:00:00+02:00,15.82214991249155,0.0
2026-05-31 12:15:00+02:00,12.363653843156806,0.0
2026-05-31 12:30:00+02:00,10.089573074483086,-0.01
2026-05-31 12:45:00+02:00,9.026292100346192,-0.01
2026-05-31 13:00:00+02:00,9.48583959679231,-0.01
2026-05-31 13:15:00+02:00,9.658430337619844,-0.01
2026-05-31 13:30:00+02:00,7.2385041854550325,-0.01
2026-05-31 13:45:00+02:00,8.977811667463845,-0.01
2026-05-31 14:00:00+02:00,5.900343766277295,-0.01
2026-05-31 14:15:00+02:00,7.109614091267372,-0.01
2026-05-31 14:30:00+02:00,9.981728014083677,-0.01
2026-05-31 14:45:00+02:00,12.759608404893296,-0.01
2026-05-31 15:00:00+02:00,10.7958955367409,-0.01
2026-05-31 15:15:00+02:00,14.160214324650571,0.0
2026-05-31 15:30:00+02:00,15.833604684931485,0.0
2026-05-31 15:45:00+02:00,23.193302122738526,0.01
2026-05-31 16:00:00+02:00,7.943111741406392,7.73
2026-05-31 16:15:00+02:00,18.857767365772272,38.06
2026-05-31 16:30:00+02:00,53.58687967446593,63.88
2026-05-31 16:45:00+02:00,96.5828665141036,86.34
2026-05-31 17:00:00+02:00,52.594565614159315,65.94
2026-05-31 17:15:00+02:00,97.55028787434917,89.41
2026-05-31 17:30:00+02:00,120.5493651361313,104.0
2026-05-31 17:45:00+02:00,131.68454348168407,124.35
2026-05-31 18:00:00+02:00,103.95571389779785,104.0
2026-05-31 18:15:00+02:00,119.37005497977063,119.02
2026-05-31 18:30:00+02:00,127.11597980423322,136.47
2026-05-31 18:45:00+02:00,137.9908811555088,149.57
2026-05-31 19:00:00+02:00,126.63567386825606,131.77
2026-05-31 19:15:00+02:00,135.0951086124473,137.98
2026-05-31 19:30:00+02:00,142.45478031201455,145.22
2026-05-31 19:45:00+02:00,158.54512906154952,150.51
2026-05-31 20:00:00+02:00,142.6685157894342,144.07
2026-05-31 20:15:00+02:00,155.08703013247563,147.98
2026-05-31 20:30:00+02:00,178.01293756767356,157.35
2026-05-31 20:45:00+02:00,190.64505992784663,161.65
2026-05-31 21:00:00+02:00,183.9843469177025,158.51
2026-05-31 21:15:00+02:00,157.50376649613014,155.56
2026-05-31 21:30:00+02:00,159.95816714712868,154.78
2026-05-31 21:45:00+02:00,152.41785020747741,155.29
2026-05-31 22:00:00+02:00,161.02188371883284,162.16
2026-05-31 22:15:00+02:00,155.97901379002272,154.86
2026-05-31 22:30:00+02:00,149.7479377585524,150.94
2026-05-31 22:45:00+02:00,139.77946603126014,144.55
2026-05-31 23:00:00+02:00,143.17717214175417,151.52
2026-05-31 23:15:00+02:00,140.38000503816798,146.95
2026-05-31 23:30:00+02:00,136.06733092857917,142.99
2026-05-31 23:45:00+02:00,132.32033834270143,139.93
2026-06-01 00:00:00+02:00,144.42888302305317,151.03
2026-06-01 00:15:00+02:00,137.55973115923243,138.97
2026-06-01 00:30:00+02:00,131.41464085599364,140.84
2026-06-01 00:45:00+02:00,127.29156589546258,133.19
2026-06-01 01:00:00+02:00,133.53965916333868,138.53
2026-06-01 01:15:00+02:00,127.79302908023865,129.39
2026-06-01 01:30:00+02:00,125.50628264163903,124.37
2026-06-01 01:45:00+02:00,123.81519603682649,120.73
2026-06-01 02:00:00+02:00,123.97323044866397,121.29
2026-06-01 02:15:00+02:00,124.66341123681175,125.7
2026-06-01 02:30:00+02:00,125.93558685052257,124.02
2026-06-01 02:45:00+02:00,122.13183659293679,121.54
2026-06-01 03:00:00+02:00,124.65940187632681,120.12
2026-06-01 03:15:00+02:00,122.86410246990785,120.14
2026-06-01 03:30:00+02:00,123.81464728470173,120.27
2026-06-01 03:45:00+02:00,128.82577984256582,120.65
2026-06-01 04:00:00+02:00,126.24047992618,120.77
2026-06-01 04:15:00+02:00,126.38097597297474,121.49
2026-06-01 04:30:00+02:00,131.6140691762262,125.99
2026-06-01 04:45:00+02:00,135.36854407974403,129.7
2026-06-01 05:00:00+02:00,126.13647440520703,124.65
2026-06-01 05:15:00+02:00,132.06673370283593,130.16
2026-06-01 05:30:00+02:00,132.98425086066635,138.23
2026-06-01 05:45:00+02:00,142.1069238424281,147.33
2026-06-01 06:00:00+02:00,137.20609290790082,159.76
2026-06-01 06:15:00+02:00,147.71986011736294,172.17
2026-06-01 06:30:00+02:00,144.27672797789134,162.83
2026-06-01 06:45:00+02:00,145.6253846520065,161.36
2026-06-01 07:00:00+02:00,159.91017867654972,174.07
2026-06-01 07:15:00+02:00,152.59585518465457,161.15
2026-06-01 07:30:00+02:00,147.04329009079964,155.0
2026-06-01 07:45:00+02:00,132.31126364988,149.78
2026-06-01 08:00:00+02:00,172.5753741314942,176.53
2026-06-01 08:15:00+02:00,147.12827710621647,165.41
2026-06-01 08:30:00+02:00,129.59688554642193,141.68
2026-06-01 08:45:00+02:00,112.94672831890821,123.24
2026-06-01 09:00:00+02:00,130.2206346306651,162.51
2026-06-01 09:15:00+02:00,115.21310681450542,138.13
2026-06-01 09:30:00+02:00,102.92325774052613,120.74
2026-06-01 09:45:00+02:00,94.61897440733563,111.42
2026-06-01 10:00:00+02:00,112.9980858459719,129.91
2026-06-01 10:15:00+02:00,95.5395729490982,115.9
2026-06-01 10:30:00+02:00,89.59933346305647,113.69
2026-06-01 10:45:00+02:00,64.78024116197292,111.14
2026-06-01 11:00:00+02:00,92.96808448466909,116.31
2026-06-01 11:15:00+02:00,84.97025005677476,111.36
2026-06-01 11:30:00+02:00,65.61337055343667,106.79
2026-06-01 11:45:00+02:00,48.46113195060904,98.11
2026-06-01 12:00:00+02:00,65.20852245839845,100.01
2026-06-01 12:15:00+02:00,62.512921582533544,93.33
2026-06-01 12:30:00+02:00,49.35414279128686,91.81
2026-06-01 12:45:00+02:00,36.9260158711338,87.18
2026-06-01 13:00:00+02:00,55.554206116315555,92.62
2026-06-01 13:15:00+02:00,35.18534251702017,92.21
2026-06-01 13:30:00+02:00,36.53053008635137,88.45
2026-06-01 13:45:00+02:00,32.63136386458202,86.35
2026-06-01 14:00:00+02:00,38.284421088182825,86.35
2026-06-01 14:15:00+02:00,33.94110397241444,86.95
2026-06-01 14:30:00+02:00,49.202499149007664,86.61
2026-06-01 14:45:00+02:00,43.857539309528875,89.88
2026-06-01 15:00:00+02:00,31.74936542888518,86.0
2026-06-01 15:15:00+02:00,38.69420316747906,92.59
2026-06-01 15:30:00+02:00,63.45165845683524,95.5
2026-06-01 15:45:00+02:00,82.585967620402,106.3
2026-06-01 16:00:00+02:00,43.39078382647764,88.99
2026-06-01 16:15:00+02:00,83.36235379120805,99.53
2026-06-01 16:30:00+02:00,106.36469171581871,111.32
2026-06-01 16:45:00+02:00,122.40271787624994,127.1
2026-06-01 17:00:00+02:00,94.6334384477672,105.54
2026-06-01 17:15:00+02:00,114.59308317166209,113.63
2026-06-01 17:30:00+02:00,129.37955249651392,131.0
2026-06-01 17:45:00+02:00,142.1042936805915,150.8
2026-06-01 18:00:00+02:00,127.91934773929064,112.73
2026-06-01 18:15:00+02:00,132.28115576597702,128.46
2026-06-01 18:30:00+02:00,155.50122725164618,147.76
2026-06-01 18:45:00+02:00,161.22014362604023,176.88
2026-06-01 19:00:00+02:00,153.58539304557544,163.94
2026-06-01 19:15:00+02:00,169.93978998821606,186.99
2026-06-01 19:30:00+02:00,196.66555567542179,230.0
2026-06-01 19:45:00+02:00,244.56770657138574,325.52
2026-06-01 20:00:00+02:00,225.78750126889267,278.25
2026-06-01 20:15:00+02:00,198.60142594264,340.48
2026-06-01 20:30:00+02:00,222.39517049904373,380.0
2026-06-01 20:45:00+02:00,223.12203176814438,422.28
2026-06-01 21:00:00+02:00,219.48742270415423,399.91
2026-06-01 21:15:00+02:00,195.23705663339177,358.57
2026-06-01 21:30:00+02:00,181.6290878360677,311.36
2026-06-01 21:45:00+02:00,164.94121574375427,263.63
2026-06-01 22:00:00+02:00,184.09784610786622,311.97
2026-06-01 22:15:00+02:00,161.5900508363818,231.97
2026-06-01 22:30:00+02:00,156.21821756294753,186.32
2026-06-01 22:45:00+02:00,149.77933187429437,159.75
2026-06-01 23:00:00+02:00,156.9417459025508,175.44
2026-06-01 23:15:00+02:00,149.67423785075485,164.6
2026-06-01 23:30:00+02:00,144.70949621001975,156.98
2026-06-01 23:45:00+02:00,138.32414513107503,147.08
2026-06-02 00:00:00+02:00,146.82400157755455,151.73
2026-06-02 00:15:00+02:00,139.639353650258,142.16
2026-06-02 00:30:00+02:00,134.17603886249705,142.01
2026-06-02 00:45:00+02:00,124.83075528357656,132.36
2026-06-02 01:00:00+02:00,134.41372083381412,144.81
2026-06-02 01:15:00+02:00,129.17856109786422,131.77
2026-06-02 01:30:00+02:00,120.90390286330377,127.61
2026-06-02 01:45:00+02:00,117.4636979548163,122.7
2026-06-02 02:00:00+02:00,121.15490274129884,128.94
2026-06-02 02:15:00+02:00,115.93810952852327,124.98
2026-06-02 02:30:00+02:00,118.15925485216327,124.61
2026-06-02 02:45:00+02:00,115.61594323933988,121.81
2026-06-02 03:00:00+02:00,115.50521594759593,123.69
2026-06-02 03:15:00+02:00,116.14411740625246,120.71
2026-06-02 03:30:00+02:00,117.24160386431075,120.2
2026-06-02 03:45:00+02:00,116.69129857285257,119.06
2026-06-02 04:00:00+02:00,112.555076108754,118.81
2026-06-02 04:15:00+02:00,112.02479896898451,119.01
2026-06-02 04:30:00+02:00,112.94844117556507,120.72
2026-06-02 04:45:00+02:00,115.59426568197816,123.97
2026-06-02 05:00:00+02:00,114.72372900264318,121.56
2026-06-02 05:15:00+02:00,117.01518259397005,122.36
2026-06-02 05:30:00+02:00,126.85061892548147,125.0
2026-06-02 05:45:00+02:00,125.86649209629381,127.94
2026-06-02 06:00:00+02:00,130.97682963968415,128.96
2026-06-02 06:15:00+02:00,134.2326835939812,135.76
2026-06-02 06:30:00+02:00,132.77121402662326,134.0
2026-06-02 06:45:00+02:00,125.74869986561957,125.39
2026-06-02 07:00:00+02:00,139.17211292884096,139.08
2026-06-02 07:15:00+02:00,135.2650191765573,132.96
2026-06-02 07:30:00+02:00,126.83009997968047,130.42
2026-06-02 07:45:00+02:00,122.00686985969612,124.72
2026-06-02 08:00:00+02:00,141.4247884129853,130.23
2026-06-02 08:15:00+02:00,125.54199007019407,127.02
2026-06-02 08:30:00+02:00,120.44193727397167,118.72
2026-06-02 08:45:00+02:00,107.92663034958618,108.36
2026-06-02 09:00:00+02:00,116.39333514540613,121.93
2026-06-02 09:15:00+02:00,110.09751200103635,108.09
2026-06-02 09:30:00+02:00,90.27186375404489,97.54
2026-06-02 09:45:00+02:00,66.40691838270787,94.08
2026-06-02 10:00:00+02:00,95.55735322696509,98.93
2026-06-02 10:15:00+02:00,42.64226909940371,93.24
2026-06-02 10:30:00+02:00,26.055993940780503,89.46
2026-06-02 10:45:00+02:00,22.101489142737414,80.43
2026-06-02 11:00:00+02:00,20.541175925079305,89.82
2026-06-02 11:15:00+02:00,17.06177581648007,86.05
2026-06-02 11:30:00+02:00,15.258742613233915,82.77
2026-06-02 11:45:00+02:00,17.108213637162045,80.16
2026-06-02 12:00:00+02:00,14.235051077825876,79.76
2026-06-02 12:15:00+02:00,14.8094727690627,78.86
2026-06-02 12:30:00+02:00,12.567715241992971,79.41
2026-06-02 12:45:00+02:00,17.658550807857235,83.14
2026-06-02 13:00:00+02:00,18.77374448807139,80.09
2026-06-02 13:15:00+02:00,27.28568907851597,85.6
2026-06-02 13:30:00+02:00,19.163437247677585,86.52
2026-06-02 13:45:00+02:00,21.897234749890675,87.62
2026-06-02 14:00:00+02:00,18.72168739732034,84.91
2026-06-02 14:15:00+02:00,15.861092653076819,89.21
2026-06-02 14:30:00+02:00,18.253478983857757,92.5
2026-06-02 14:45:00+02:00,25.941146419564983,96.51
2026-06-02 15:00:00+02:00,23.886582905087813,91.88
2026-06-02 15:15:00+02:00,36.898051607707345,96.5
2026-06-02 15:30:00+02:00,70.76100223202225,101.83
2026-06-02 15:45:00+02:00,96.22821766666613,108.74
2026-06-02 16:00:00+02:00,69.43176234791099,101.25
2026-06-02 16:15:00+02:00,93.03032136921985,107.34
2026-06-02 16:30:00+02:00,103.45726634063072,114.32
2026-06-02 16:45:00+02:00,117.47114158142277,126.08
2026-06-02 17:00:00+02:00,104.72675018572012,120.58
2026-06-02 17:15:00+02:00,110.97446960994048,126.28
2026-06-02 17:30:00+02:00,124.13387519146147,134.06
2026-06-02 17:45:00+02:00,131.33661603656736,143.63
2026-06-02 18:00:00+02:00,118.95516092770099,135.46
2026-06-02 18:15:00+02:00,132.0315233582415,142.77
2026-06-02 18:30:00+02:00,141.98648890138347,148.72
2026-06-02 18:45:00+02:00,155.28186860578228,160.96
2026-06-02 19:00:00+02:00,140.72066706916837,156.0
2026-06-02 19:15:00+02:00,144.90045150312628,162.95
2026-06-02 19:30:00+02:00,162.36766136967248,175.18
2026-06-02 19:45:00+02:00,187.00090338741643,177.62
2026-06-02 20:00:00+02:00,180.24338414900782,176.93
2026-06-02 20:15:00+02:00,176.92479244435054,166.94
2026-06-02 20:30:00+02:00,185.25009912025908,164.29
2026-06-02 20:45:00+02:00,204.06090717279912,160.93
2026-06-02 21:00:00+02:00,199.60135695064628,165.28
2026-06-02 21:15:00+02:00,184.3307179216657,156.0
2026-06-02 21:30:00+02:00,150.19179503645285,149.03
2026-06-02 21:45:00+02:00,136.19289539305677,138.99
2026-06-02 22:00:00+02:00,152.23356000983128,146.13
2026-06-02 22:15:00+02:00,131.84450526457053,142.67
2026-06-02 22:30:00+02:00,124.35388962088501,137.94
2026-06-02 22:45:00+02:00,115.1290145711111,135.0
2026-06-02 23:00:00+02:00,118.48992344175669,137.09
2026-06-02 23:15:00+02:00,112.69686992964563,126.03
2026-06-02 23:30:00+02:00,111.95107528349979,124.79
2026-06-02 23:45:00+02:00,104.47492804312076,113.04
2026-06-03 00:00:00+02:00,134.7988466102546,119.1
2026-06-03 00:15:00+02:00,129.94760730607126,118.1
2026-06-03 00:30:00+02:00,122.31244106053231,115.01
2026-06-03 00:45:00+02:00,119.6530758437503,112.99
2026-06-03 01:00:00+02:00,118.65979917003587,115.01
2026-06-03 01:15:00+02:00,120.56509524991836,113.2
2026-06-03 01:30:00+02:00,117.16770867560872,111.1
2026-06-03 01:45:00+02:00,117.61331160717037,108.27
2026-06-03 02:00:00+02:00,119.81420656734458,109.75
2026-06-03 02:15:00+02:00,118.6840595530617,107.68
2026-06-03 02:30:00+02:00,114.73880912451072,107.76
2026-06-03 02:45:00+02:00,114.43655157057452,106.88
2026-06-03 03:00:00+02:00,114.83738065971852,107.5
2026-06-03 03:15:00+02:00,114.39150618059615,106.63
2026-06-03 03:30:00+02:00,114.35736479623138,106.73
2026-06-03 03:45:00+02:00,114.0672674408705,108.34
2026-06-03 04:00:00+02:00,110.60890429228884,106.52
2026-06-03 04:15:00+02:00,114.02982337490484,106.42
2026-06-03 04:30:00+02:00,114.53124945511814,107.68
2026-06-03 04:45:00+02:00,115.17297917278042,108.14
2026-06-03 05:00:00+02:00,112.1948485174881,108.29
2026-06-03 05:15:00+02:00,116.42857097781425,109.84
2026-06-03 05:30:00+02:00,121.68647621192437,113.69
2026-06-03 05:45:00+02:00,124.74028491505156,121.28
2026-06-03 06:00:00+02:00,124.12413545753935,127.34
2026-06-03 06:15:00+02:00,138.12793998133554,130.18
2026-06-03 06:30:00+02:00,137.87360579482453,132.23
2026-06-03 06:45:00+02:00,132.36814668175086,133.2
2026-06-03 07:00:00+02:00,142.604810448985,144.42
2026-06-03 07:15:00+02:00,138.65960603243153,139.54
2026-06-03 07:30:00+02:00,136.59239134228935,134.02
2026-06-03 07:45:00+02:00,128.45035312349836,129.34
2026-06-03 08:00:00+02:00,145.51631018711592,146.41
2026-06-03 08:15:00+02:00,135.46093639610186,135.32
2026-06-03 08:30:00+02:00,121.38196863412492,129.27
2026-06-03 08:45:00+02:00,104.76770802034108,113.31
2026-06-03 09:00:00+02:00,133.88826260076854,133.27
2026-06-03 09:15:00+02:00,111.46080941329379,116.89
2026-06-03 09:30:00+02:00,99.52859562464462,106.27
2026-06-03 09:45:00+02:00,93.77421830857111,92.16
2026-06-03 10:00:00+02:00,97.40404302131037,103.2
2026-06-03 10:15:00+02:00,76.14936810655894,94.48
2026-06-03 10:30:00+02:00,77.44660881158441,92.93
2026-06-03 10:45:00+02:00,64.19227005458805,85.76
2026-06-03 11:00:00+02:00,80.36855634298675,89.95
2026-06-03 11:15:00+02:00,60.28717644548298,82.4
2026-06-03 11:30:00+02:00,48.18147616676869,82.04
2026-06-03 11:45:00+02:00,38.50560758141124,66.6
2026-06-03 12:00:00+02:00,47.775838620618494,77.52
2026-06-03 12:15:00+02:00,33.12720187314597,65.0
2026-06-03 12:30:00+02:00,28.955219202476172,52.37
2026-06-03 12:45:00+02:00,23.32549974457437,37.79
2026-06-03 13:00:00+02:00,25.136223472315514,50.09
2026-06-03 13:15:00+02:00,24.11522698057009,40.0
2026-06-03 13:30:00+02:00,27.59877897849999,35.35
2026-06-03 13:45:00+02:00,25.05908159614996,25.89
2026-06-03 14:00:00+02:00,24.892756718662927,29.21
2026-06-03 14:15:00+02:00,25.22738862146797,36.06
2026-06-03 14:30:00+02:00,36.50883983901563,37.88
2026-06-03 14:45:00+02:00,38.06389451206571,49.02
2026-06-03 15:00:00+02:00,35.67401281426643,29.38
2026-06-03 15:15:00+02:00,46.8153719738428,44.81
2026-06-03 15:30:00+02:00,58.43680384384837,48.75
2026-06-03 15:45:00+02:00,73.22557424381893,65.46
2026-06-03 16:00:00+02:00,40.10556409305117,44.72
2026-06-03 16:15:00+02:00,65.78462549483294,70.98
2026-06-03 16:30:00+02:00,78.65796713311036,84.14
2026-06-03 16:45:00+02:00,89.00157045244087,107.76
2026-06-03 17:00:00+02:00,81.09145036957517,67.87
2026-06-03 17:15:00+02:00,94.42056457558171,85.98
2026-06-03 17:30:00+02:00,112.1852861751696,106.37
2026-06-03 17:45:00+02:00,124.86345200424827,121.91
2026-06-03 18:00:00+02:00,103.40168644109988,103.26
2026-06-03 18:15:00+02:00,123.12948832825752,115.96
2026-06-03 18:30:00+02:00,136.65751869462082,130.81
2026-06-03 18:45:00+02:00,152.740600963034,138.72
2026-06-03 19:00:00+02:00,133.17218642638878,125.93
2026-06-03 19:15:00+02:00,147.8789226948118,131.81
2026-06-03 19:30:00+02:00,182.0712452535131,141.58
2026-06-03 19:45:00+02:00,176.87342704366344,154.15
2026-06-03 20:00:00+02:00,192.99055040444972,146.5
2026-06-03 20:15:00+02:00,166.96706637564046,147.84
2026-06-03 20:30:00+02:00,176.93170197396293,145.29
2026-06-03 20:45:00+02:00,186.6098004511978,145.32
2026-06-03 21:00:00+02:00,202.84604477739248,149.96
2026-06-03 21:15:00+02:00,178.74290660706708,137.08
2026-06-03 21:30:00+02:00,170.17230435191564,127.64
2026-06-03 21:45:00+02:00,152.38139197408083,119.0
2026-06-03 22:00:00+02:00,158.71939090803062,136.0
2026-06-03 22:15:00+02:00,156.11434182827148,124.67
2026-06-03 22:30:00+02:00,145.6166373897662,117.73
2026-06-03 22:45:00+02:00,138.93837166503118,105.41
2026-06-03 23:00:00+02:00,143.61281793862372,113.09
2026-06-03 23:15:00+02:00,134.70692119769365,103.13
2026-06-03 23:30:00+02:00,127.39453842080297,99.0
2026-06-03 23:45:00+02:00,118.66342049155118,82.41
2026-06-04 00:00:00+02:00,120.72471874779445,100.55
2026-06-04 00:15:00+02:00,110.77765999030848,90.2
2026-06-04 00:30:00+02:00,95.42183196629813,85.64
2026-06-04 00:45:00+02:00,93.9755186490062,68.43
2026-06-04 01:00:00+02:00,100.8226976224191,80.46
2026-06-04 01:15:00+02:00,97.5019959276411,79.81
2026-06-04 01:30:00+02:00,94.97751629200793,73.25
2026-06-04 01:45:00+02:00,91.95491388524019,68.43
2026-06-04 02:00:00+02:00,95.49710388542903,68.67
2026-06-04 02:15:00+02:00,90.14410219639906,68.7
2026-06-04 02:30:00+02:00,87.49213012935529,67.06
2026-06-04 02:45:00+02:00,87.3691234623467,63.25
2026-06-04 03:00:00+02:00,87.38688217052156,68.4
2026-06-04 03:15:00+02:00,86.32970093014224,65.82
2026-06-04 03:30:00+02:00,85.86791832668139,66.98
2026-06-04 03:45:00+02:00,81.48250835868218,68.69
2026-06-04 04:00:00+02:00,83.04185707222823,66.49
2026-06-04 04:15:00+02:00,89.1942566282906,66.2
2026-06-04 04:30:00+02:00,86.3091257920485,66.17
2026-06-04 04:45:00+02:00,91.82962190815641,74.31
2026-06-04 05:00:00+02:00,82.38187381251555,68.61
2026-06-04 05:15:00+02:00,80.01215063173649,69.99
2026-06-04 05:30:00+02:00,90.71970109836715,74.14
2026-06-04 05:45:00+02:00,94.65383447495431,72.0
2026-06-04 06:00:00+02:00,98.23678718897605,71.72
2026-06-04 06:15:00+02:00,104.70225208815187,75.89
2026-06-04 06:30:00+02:00,107.7830317505716,76.75
2026-06-04 06:45:00+02:00,103.5952574655193,71.52
2026-06-04 07:00:00+02:00,121.81313490977058,94.03
2026-06-04 07:15:00+02:00,104.98502938996276,91.05
2026-06-04 07:30:00+02:00,102.0155079007984,84.51
2026-06-04 07:45:00+02:00,98.68089149033432,78.73
2026-06-04 08:00:00+02:00,105.0312935721902,102.37
2026-06-04 08:15:00+02:00,112.453770482122,85.14
2026-06-04 08:30:00+02:00,101.37530510058907,69.15
2026-06-04 08:45:00+02:00,74.32038742247626,45.82
2026-06-04 09:00:00+02:00,100.05899174607525,62.4
2026-06-04 09:15:00+02:00,71.76807359594306,43.8
2026-06-04 09:30:00+02:00,43.72989237028469,20.54
2026-06-04 09:45:00+02:00,24.694938515342535,9.76
2026-06-04 10:00:00+02:00,32.79463826596631,14.14
2026-06-04 10:15:00+02:00,25.421977480222374,5.0
2026-06-04 10:30:00+02:00,25.0013699766325,0.02
2026-06-04 10:45:00+02:00,20.460221983263963,0.0
2026-06-04 11:00:00+02:00,25.98394326270287,0.0
2026-06-04 11:15:00+02:00,15.361594540100839,0.0
2026-06-04 11:30:00+02:00,8.229745479095953,0.0
2026-06-04 11:45:00+02:00,-3.174424731424107,-0.01
2026-06-04 12:00:00+02:00,5.378956617735472,-0.01
2026-06-04 12:15:00+02:00,-6.046894641387166,-0.03
2026-06-04 12:30:00+02:00,-9.390819390383081,-0.03
2026-06-04 12:45:00+02:00,0.734560196336769,-0.03
2026-06-04 13:00:00+02:00,6.543831910961745,-0.03
2026-06-04 13:15:00+02:00,-3.1978659787880277,-0.05
2026-06-04 13:30:00+02:00,-5.567923039986863,-0.03
2026-06-04 13:45:00+02:00,-7.372512939489399,-0.08
2026-06-04 14:00:00+02:00,-10.04963827921049,-0.04
2026-06-04 14:15:00+02:00,-5.372514487068471,-0.05
2026-06-04 14:30:00+02:00,-6.284440976928246,-0.04
2026-06-04 14:45:00+02:00,-4.413834490210098,-0.01
2026-06-04 15:00:00+02:00,-2.790980542245247,-0.01
2026-06-04 15:15:00+02:00,-3.4986262461288407,0.0
2026-06-04 15:30:00+02:00,7.06513106981799,0.03
2026-06-04 15:45:00+02:00,17.9582524514421,6.45
2026-06-04 16:00:00+02:00,18.088418644025285,6.3
2026-06-04 16:15:00+02:00,32.781314024086285,14.67
2026-06-04 16:30:00+02:00,58.03707398416849,34.98
2026-06-04 16:45:00+02:00,72.29649106820732,58.6
2026-06-04 17:00:00+02:00,56.508590878441055,37.06
2026-06-04 17:15:00+02:00,65.0725583882911,60.69
2026-06-04 17:30:00+02:00,80.91606988818418,84.13
2026-06-04 17:45:00+02:00,100.37981317855997,98.73
2026-06-04 18:00:00+02:00,78.70052279181002,74.4
2026-06-04 18:15:00+02:00,93.52510444118927,96.81
2026-06-04 18:30:00+02:00,103.59069944477363,117.51
2026-06-04 18:45:00+02:00,94.75588505061518,117.29
2026-06-04 19:00:00+02:00,106.26816412879712,105.01
2026-06-04 19:15:00+02:00,115.40387235231913,112.28
2026-06-04 19:30:00+02:00,121.71409100332373,117.62
2026-06-04 19:45:00+02:00,133.02584466290892,121.75
2026-06-04 20:00:00+02:00,120.85163841462617,114.27
2026-06-04 20:15:00+02:00,135.27272043862547,117.46
2026-06-04 20:30:00+02:00,135.15637802604758,119.56
2026-06-04 20:45:00+02:00,155.554120756918,120.56
2026-06-04 21:00:00+02:00,158.79614236043426,115.92
2026-06-04 21:15:00+02:00,152.4729555935134,116.36
2026-06-04 21:30:00+02:00,130.4352995494654,115.6
2026-06-04 21:45:00+02:00,114.62997643778439,113.61
2026-06-04 22:00:00+02:00,126.58563293359211,115.96
2026-06-04 22:15:00+02:00,120.21906407072545,112.12
2026-06-04 22:30:00+02:00,105.82635296060812,111.68
2026-06-04 22:45:00+02:00,93.83350191955311,107.0
2026-06-04 23:00:00+02:00,102.35293244288282,107.24
2026-06-04 23:15:00+02:00,94.04883461416046,103.44
2026-06-04 23:30:00+02:00,85.50303975603266,99.31
2026-06-04 23:45:00+02:00,65.30554454123063,90.21
2026-06-05 00:00:00+02:00,85.65329538786308,93.68
2026-06-05 00:15:00+02:00,72.58790147013416,80.73
2026-06-05 00:30:00+02:00,75.74654478404966,75.07
2026-06-05 00:45:00+02:00,63.04617976333049,73.3
2026-06-05 01:00:00+02:00,81.50613352966232,82.11
2026-06-05 01:15:00+02:00,79.19338972786701,79.21
2026-06-05 01:30:00+02:00,75.46508277485589,80.74
2026-06-05 01:45:00+02:00,63.559453439234915,75.73
2026-06-05 02:00:00+02:00,77.22190575810743,72.52
2026-06-05 02:15:00+02:00,71.09692710874091,83.38
2026-06-05 02:30:00+02:00,73.67303824139805,86.5
2026-06-05 02:45:00+02:00,68.22247719711002,91.39
2026-06-05 03:00:00+02:00,72.97517972550405,92.14
2026-06-05 03:15:00+02:00,66.17577554110176,84.15
2026-06-05 03:30:00+02:00,68.03674098660471,82.8
2026-06-05 03:45:00+02:00,67.51791935074138,81.01
2026-06-05 04:00:00+02:00,62.35653579531807,80.9
2026-06-05 04:15:00+02:00,64.91911564452059,86.8
2026-06-05 04:30:00+02:00,63.06961723886271,91.81
2026-06-05 04:45:00+02:00,66.03912551565267,99.82
2026-06-05 05:00:00+02:00,60.81993018864905,90.54
2026-06-05 05:15:00+02:00,59.72446967811281,93.1
2026-06-05 05:30:00+02:00,68.11260434162757,96.86
2026-06-05 05:45:00+02:00,78.38527856471896,108.53
2026-06-05 06:00:00+02:00,69.48403882590591,113.46
2026-06-05 06:15:00+02:00,83.40699731178194,115.75
2026-06-05 06:30:00+02:00,87.19515560690839,115.26
2026-06-05 06:45:00+02:00,78.97325309008113,115.12
2026-06-05 07:00:00+02:00,100.01710667077366,126.11
2026-06-05 07:15:00+02:00,86.03478879444278,119.28
2026-06-05 07:30:00+02:00,79.48722469933281,116.72
2026-06-05 07:45:00+02:00,78.56608427837381,112.36
2026-06-05 08:00:00+02:00,101.53970004857808,121.68
2026-06-05 08:15:00+02:00,80.35665597768742,114.66
2026-06-05 08:30:00+02:00,61.66774192576507,113.24
2026-06-05 08:45:00+02:00,40.04242009308321,105.69
2026-06-05 09:00:00+02:00,54.84690509075841,117.16
2026-06-05 09:15:00+02:00,48.062708962747635,110.51
2026-06-05 09:30:00+02:00,25.510279815864443,92.0
2026-06-05 09:45:00+02:00,20.53541371704832,73.53
2026-06-05 10:00:00+02:00,37.64319848842265,105.08
2026-06-05 10:15:00+02:00,19.783224048510654,92.64
2026-06-05 10:30:00+02:00,14.241277070769026,75.66
2026-06-05 10:45:00+02:00,26.272294017599073,71.08
2026-06-05 11:00:00+02:00,18.5448407003289,81.91
2026-06-05 11:15:00+02:00,20.2854623005189,77.47
2026-06-05 11:30:00+02:00,15.548034193808867,64.78
2026-06-05 11:45:00+02:00,2.7266758191022986,59.14
2026-06-05 12:00:00+02:00,7.0362717336516525,59.03
2026-06-05 12:15:00+02:00,2.5462203610566014,45.78
2026-06-05 12:30:00+02:00,6.332339262334681,40.03
2026-06-05 12:45:00+02:00,5.832862167268181,35.98
2026-06-05 13:00:00+02:00,10.795858910652338,42.04
2026-06-05 13:15:00+02:00,5.356681792910717,36.35
2026-06-05 13:30:00+02:00,5.06521206664022,33.73
2026-06-05 13:45:00+02:00,5.236272298501407,24.59
2026-06-05 14:00:00+02:00,1.4612586682359598,25.47
2026-06-05 14:15:00+02:00,7.971210140820001,24.71
2026-06-05 14:30:00+02:00,10.498361658068555,27.23
2026-06-05 14:45:00+02:00,9.038807971671307,31.39
2026-06-05 15:00:00+02:00,7.8058000385757245,16.0
2026-06-05 15:15:00+02:00,11.067570218970655,27.6
2026-06-05 15:30:00+02:00,15.951408005151723,44.96
2026-06-05 15:45:00+02:00,42.237919032760516,63.48
2026-06-05 16:00:00+02:00,26.105955904126624,45.97
2026-06-05 16:15:00+02:00,39.198679275406214,61.26
2026-06-05 16:30:00+02:00,58.53216947608736,79.43
2026-06-05 16:45:00+02:00,74.43866480609005,103.56
2026-06-05 17:00:00+02:00,60.51000251270864,72.27
2026-06-05 17:15:00+02:00,64.21798341304316,97.16
2026-06-05 17:30:00+02:00,86.4182472411722,114.99
2026-06-05 17:45:00+02:00,113.9753385156723,132.59
2026-06-05 18:00:00+02:00,85.78259954694583,100.54
2026-06-05 18:15:00+02:00,111.4186331671821,120.66
2026-06-05 18:30:00+02:00,134.8387711965663,137.23
2026-06-05 18:45:00+02:00,152.63057878324528,157.18
2026-06-05 19:00:00+02:00,125.17960757120218,127.08
2026-06-05 19:15:00+02:00,138.44820192957204,144.3
2026-06-05 19:30:00+02:00,160.89382169661673,158.07
2026-06-05 19:45:00+02:00,165.49273814539686,172.54
2026-06-05 20:00:00+02:00,178.00339634337928,164.88
2026-06-05 20:15:00+02:00,180.08357569300475,172.4
2026-06-05 20:30:00+02:00,176.0228206655733,189.02
2026-06-05 20:45:00+02:00,194.41509811420076,190.01
2026-06-05 21:00:00+02:00,214.87027422806167,194.72
2026-06-05 21:15:00+02:00,192.85420445453036,192.47
2026-06-05 21:30:00+02:00,169.37786753605178,189.89
2026-06-05 21:45:00+02:00,154.1652296146534,180.34
2026-06-05 22:00:00+02:00,188.97936210754713,182.58
2026-06-05 22:15:00+02:00,161.68187524975025,170.99
2026-06-05 22:30:00+02:00,135.3681748397459,164.24
2026-06-05 22:45:00+02:00,127.42776549760563,158.73
2026-06-05 23:00:00+02:00,146.4422361258293,163.75
2026-06-05 23:15:00+02:00,142.70862043598203,153.92
2026-06-05 23:30:00+02:00,133.06966932029235,148.58
2026-06-05 23:45:00+02:00,131.71852195111077,141.99
2026-06-06 00:00:00+02:00,145.22918897141412,164.04
2026-06-06 00:15:00+02:00,138.25592678496008,151.18
2026-06-06 00:30:00+02:00,133.17111720448656,144.01
2026-06-06 00:45:00+02:00,127.13511869382017,133.74
2026-06-06 01:00:00+02:00,135.80852779945428,139.9
2026-06-06 01:15:00+02:00,128.57709519434093,136.51
2026-06-06 01:30:00+02:00,123.07224654972711,134.8
2026-06-06 01:45:00+02:00,121.55265701390238,137.51
2026-06-06 02:00:00+02:00,124.27277386306682,139.42
2026-06-06 02:15:00+02:00,121.32395283252538,137.01
2026-06-06 02:30:00+02:00,123.33885110737636,131.54
2026-06-06 02:45:00+02:00,120.07490499918444,131.19
2026-06-06 03:00:00+02:00,119.96169668764382,118.94
2026-06-06 03:15:00+02:00,119.44291334357905,116.17
2026-06-06 03:30:00+02:00,120.99239299493829,115.39
2026-06-06 03:45:00+02:00,120.56437829223852,114.17
2026-06-06 04:00:00+02:00,117.39484777092676,129.47
2026-06-06 04:15:00+02:00,119.14828587492124,130.76
2026-06-06 04:30:00+02:00,121.64098346824758,130.55
2026-06-06 04:45:00+02:00,120.60560783412554,129.95
2026-06-06 05:00:00+02:00,118.79387935456641,133.54
2026-06-06 05:15:00+02:00,120.74430780728012,127.2
2026-06-06 05:30:00+02:00,120.04584579188486,123.49
2026-06-06 05:45:00+02:00,117.9183232259679,119.91
2026-06-06 06:00:00+02:00,127.0012874485243,124.73
2026-06-06 06:15:00+02:00,121.37344686542689,121.26
2026-06-06 06:30:00+02:00,113.02439523692392,116.52
2026-06-06 06:45:00+02:00,106.02502687103255,108.25
2026-06-06 07:00:00+02:00,112.59721394197672,122.79
2026-06-06 07:15:00+02:00,98.31705616755355,112.3
2026-06-06 07:30:00+02:00,99.97073610543417,97.37
2026-06-06 07:45:00+02:00,100.86617314239308,76.8
2026-06-06 08:00:00+02:00,109.39637489538627,105.97
2026-06-06 08:15:00+02:00,97.0057219243691,92.21
2026-06-06 08:30:00+02:00,92.07169639586402,72.06
2026-06-06 08:45:00+02:00,75.5526929135435,53.83
2026-06-06 09:00:00+02:00,116.05724797403205,69.14
2026-06-06 09:15:00+02:00,69.004677142816,52.81
2026-06-06 09:30:00+02:00,44.420603522477634,52.14
2026-06-06 09:45:00+02:00,29.458829836393107,25.91
2026-06-06 10:00:00+02:00,30.977398318791927,31.42
2026-06-06 10:15:00+02:00,15.605399576717645,18.43
2026-06-06 10:30:00+02:00,19.392834370946453,9.11
2026-06-06 10:45:00+02:00,18.48044995606783,0.01
2026-06-06 11:00:00+02:00,23.709705327222125,0.07
2026-06-06 11:15:00+02:00,14.775582417327094,0.03
2026-06-06 11:30:00+02:00,9.30539621466815,0.03
2026-06-06 11:45:00+02:00,16.32578411767516,0.0
2026-06-06 12:00:00+02:00,18.75638781137043,0.0
2026-06-06 12:15:00+02:00,6.796890667396248,-0.03
2026-06-06 12:30:00+02:00,9.758219810368846,-0.03
2026-06-06 12:45:00+02:00,12.382395593218336,-0.06
2026-06-06 13:00:00+02:00,7.902849484864532,-0.01
2026-06-06 13:15:00+02:00,6.598976600966948,-0.02
2026-06-06 13:30:00+02:00,7.431273717697766,-0.04
2026-06-06 13:45:00+02:00,5.194526041789967,-0.03
2026-06-06 14:00:00+02:00,5.882238326235827,-0.03
2026-06-06 14:15:00+02:00,5.9064594039537885,0.0
2026-06-06 14:30:00+02:00,7.355630106305975,0.03
2026-06-06 14:45:00+02:00,12.728544740830332,0.09
2026-06-06 15:00:00+02:00,11.406785510161427,1.79
2026-06-06 15:15:00+02:00,15.724600735717695,6.42
2026-06-06 15:30:00+02:00,23.170576050874963,8.94
2026-06-06 15:45:00+02:00,24.00748234167076,20.89
2026-06-06 16:00:00+02:00,19.031975393422407,12.21
2026-06-06 16:15:00+02:00,43.36134242889834,42.0
2026-06-06 16:30:00+02:00,68.23708797355873,57.41
2026-06-06 16:45:00+02:00,87.61987297791039,72.8
2026-06-06 17:00:00+02:00,71.01694558117407,63.72
2026-06-06 17:15:00+02:00,90.34309060949084,82.05
2026-06-06 17:30:00+02:00,110.68842221794759,102.37
2026-06-06 17:45:00+02:00,121.80959213737661,124.99
2026-06-06 18:00:00+02:00,104.10393385804743,110.99
2026-06-06 18:15:00+02:00,117.0906708469419,119.7
2026-06-06 18:30:00+02:00,131.38275701100474,129.43
2026-06-06 18:45:00+02:00,150.91657584213698,127.03
2026-06-06 19:00:00+02:00,129.3644812005244,122.95
2026-06-06 19:15:00+02:00,136.49450159914252,130.67
2026-06-06 19:30:00+02:00,157.6288977344626,134.25
2026-06-06 19:45:00+02:00,175.23009127479384,147.53
2026-06-06 20:00:00+02:00,154.32951387195072,145.67
2026-06-06 20:15:00+02:00,155.74417325993258,148.98
2026-06-06 20:30:00+02:00,167.26279434680683,156.97
2026-06-06 20:45:00+02:00,164.657398067188,158.11
2026-06-06 21:00:00+02:00,181.9772064241837,162.35
2026-06-06 21:15:00+02:00,151.02117171978182,154.29
2026-06-06 21:30:00+02:00,148.69730208259173,145.11
2026-06-06 21:45:00+02:00,144.20350941490025,141.94
2026-06-06 22:00:00+02:00,155.29880194984287,147.03
2026-06-06 22:15:00+02:00,154.3127605953774,136.95
2026-06-06 22:30:00+02:00,138.7500245853996,130.78
2026-06-06 22:45:00+02:00,130.43498299593,122.55
2026-06-06 23:00:00+02:00,140.68180926668109,127.47
2026-06-06 23:15:00+02:00,131.88536989610245,124.34
2026-06-06 23:30:00+02:00,128.01512279284822,120.07
2026-06-06 23:45:00+02:00,123.44366847947487,114.29
2026-06-07 00:00:00+02:00,132.64250123522447,120.63
2026-06-07 00:15:00+02:00,123.12467007383103,109.22
2026-06-07 00:30:00+02:00,120.97616509009505,107.6
2026-06-07 00:45:00+02:00,117.92671143369154,105.35
2026-06-07 01:00:00+02:00,121.77232814055041,105.73
2026-06-07 01:15:00+02:00,118.95499727573318,101.59
2026-06-07 01:30:00+02:00,114.9899172271294,98.78
2026-06-07 01:45:00+02:00,114.72297586425269,91.95
2026-06-07 02:00:00+02:00,119.57063621361483,99.52
2026-06-07 02:15:00+02:00,116.8850638493954,93.24
2026-06-07 02:30:00+02:00,114.87068274199669,92.05
2026-06-07 02:45:00+02:00,112.35546619112382,84.02
2026-06-07 03:00:00+02:00,115.23510827491695,91.73
2026-06-07 03:15:00+02:00,110.71836942082271,83.25
2026-06-07 03:30:00+02:00,107.78348454056126,79.8
2026-06-07 03:45:00+02:00,108.32575501070488,70.88
2026-06-07 04:00:00+02:00,109.91729609459459,75.03
2026-06-07 04:15:00+02:00,106.30035165950224,69.81
2026-06-07 04:30:00+02:00,105.46395577762777,65.21
2026-06-07 04:45:00+02:00,98.46744346848746,58.0
2026-06-07 05:00:00+02:00,107.09803006672313,60.74
2026-06-07 05:15:00+02:00,101.40129901064208,47.92
2026-06-07 05:30:00+02:00,99.72178118148867,36.9
2026-06-07 05:45:00+02:00,95.98769010681015,11.28
2026-06-07 06:00:00+02:00,97.40086043996185,8.55
2026-06-07 06:15:00+02:00,101.19521402661681,5.11
2026-06-07 06:30:00+02:00,98.31361830629132,4.43
2026-06-07 06:45:00+02:00,92.08672530378894,2.1
2026-06-07 07:00:00+02:00,122.64235646045282,1.84
2026-06-07 07:15:00+02:00,99.15396705038242,0.01
2026-06-07 07:30:00+02:00,87.97425249871813,0.0
2026-06-07 07:45:00+02:00,68.15841769083235,-0.01
2026-06-07 08:00:00+02:00,75.52265735690011,-0.01
2026-06-07 08:15:00+02:00,49.6219666843005,-0.05
2026-06-07 08:30:00+02:00,45.86581836909241,-0.11
2026-06-07 08:45:00+02:00,43.39118943376262,-2.04
2026-06-07 09:00:00+02:00,32.32482773124373,-1.3
2026-06-07 09:15:00+02:00,13.784364853271825,-3.4
2026-06-07 09:30:00+02:00,4.536740906220658,-5.5
2026-06-07 09:45:00+02:00,5.9547891119816825,-10.0
2026-06-07 10:00:00+02:00,6.0385937966664756,-4.99
2026-06-07 10:15:00+02:00,3.9811609745725605,-5.46
2026-06-07 10:30:00+02:00,-3.8458435789521914,-9.88
2026-06-07 10:45:00+02:00,-11.924253403085086,-11.67
2026-06-07 11:00:00+02:00,-9.62711172189907,-12.74
2026-06-07 11:15:00+02:00,-15.424657987823334,-14.6
2026-06-07 11:30:00+02:00,-19.887923740580177,-14.3
2026-06-07 11:45:00+02:00,-18.751286286491446,-14.57
2026-06-07 12:00:00+02:00,-14.55750264806909,-14.99
2026-06-07 12:15:00+02:00,-21.52916728657789,-19.0
2026-06-07 12:30:00+02:00,-22.30506005286461,-19.0
2026-06-07 12:45:00+02:00,-15.331933671287189,-20.06
2026-06-07 13:00:00+02:00,-14.616694863350324,-23.4
2026-06-07 13:15:00+02:00,-13.743793843108502,-29.99
2026-06-07 13:30:00+02:00,-15.97558902964602,-40.11
2026-06-07 13:45:00+02:00,-12.896291971675279,-50.25
2026-06-07 14:00:00+02:00,-15.608806592652837,-44.03
2026-06-07 14:15:00+02:00,-17.003945524708836,-45.43
2026-06-07 14:30:00+02:00,-16.581438065808186,-44.45
2026-06-07 14:45:00+02:00,-18.821453996394602,-45.04
2026-06-07 15:00:00+02:00,-13.072498743374709,-50.07
2026-06-07 15:15:00+02:00,-13.995417167663943,-40.16
2026-06-07 15:30:00+02:00,-8.079273967280542,-31.78
2026-06-07 15:45:00+02:00,-4.34435396723811,-23.87
2026-06-07 16:00:00+02:00,1.8537911998739531,-28.06
2026-06-07 16:15:00+02:00,7.36501918342314,-17.95
2026-06-07 16:30:00+02:00,2.954869716103822,-12.79
2026-06-07 16:45:00+02:00,11.806292596346552,-5.04
2026-06-07 17:00:00+02:00,10.256974853048384,-3.42
2026-06-07 17:15:00+02:00,45.92944537999162,-1.0
2026-06-07 17:30:00+02:00,74.13541981864468,-0.11
2026-06-07 17:45:00+02:00,90.34161701600448,-0.01
2026-06-07 18:00:00+02:00,70.40693762678507,0.05
2026-06-07 18:15:00+02:00,84.32901479321342,21.29
2026-06-07 18:30:00+02:00,102.81192687370363,77.19
2026-06-07 18:45:00+02:00,108.0026357776529,115.97
2026-06-07 19:00:00+02:00,102.27299312710805,78.62
2026-06-07 19:15:00+02:00,108.71824615718955,107.43
2026-06-07 19:30:00+02:00,121.23576692153058,120.23
2026-06-07 19:45:00+02:00,119.6944768824708,125.73
2026-06-07 20:00:00+02:00,122.21167493223408,123.11
2026-06-07 20:15:00+02:00,130.00381898581674,125.62
2026-06-07 20:30:00+02:00,142.49676374449837,129.28
2026-06-07 20:45:00+02:00,145.44005003141655,135.06
2026-06-07 21:00:00+02:00,132.1415210954096,133.35
2026-06-07 21:15:00+02:00,141.75810985155405,134.88
2026-06-07 21:30:00+02:00,145.86973571472234,139.38
2026-06-07 21:45:00+02:00,150.91474228938688,140.94
2026-06-07 22:00:00+02:00,155.9889608456204,146.12
2026-06-07 22:15:00+02:00,144.66196875300926,143.25
2026-06-07 22:30:00+02:00,134.88178080360288,138.78
2026-06-07 22:45:00+02:00,136.7431898814217,136.6
2026-06-07 23:00:00+02:00,137.0290381969246,148.73
2026-06-07 23:15:00+02:00,133.28734269568344,137.92
2026-06-07 23:30:00+02:00,130.57711308168507,135.47
2026-06-07 23:45:00+02:00,125.1795478715344,139.25
2026-06-08 00:00:00+02:00,140.1291620955703,152.12
2026-06-08 00:15:00+02:00,138.363159036738,139.2
2026-06-08 00:30:00+02:00,136.7335409362694,136.32
2026-06-08 00:45:00+02:00,131.26177674084022,134.08
2026-06-08 01:00:00+02:00,131.3532701616034,140.09
2026-06-08 01:15:00+02:00,130.79464566373682,134.23
2026-06-08 01:30:00+02:00,127.46940027951618,132.69
2026-06-08 01:45:00+02:00,124.1735700257606,129.94
2026-06-08 02:00:00+02:00,129.83465369284903,134.52
2026-06-08 02:15:00+02:00,129.8368934161761,131.97
2026-06-08 02:30:00+02:00,128.48338812294304,131.93
2026-06-08 02:45:00+02:00,125.62549875933371,132.42
2026-06-08 03:00:00+02:00,121.89851582245235,128.87
2026-06-08 03:15:00+02:00,121.2591666076966,127.73
2026-06-08 03:30:00+02:00,122.34442460395287,126.34
2026-06-08 03:45:00+02:00,123.63027229519892,127.74
2026-06-08 04:00:00+02:00,124.00982280915208,129.23
2026-06-08 04:15:00+02:00,123.97204768154444,129.0
2026-06-08 04:30:00+02:00,123.99542444876116,129.0
2026-06-08 04:45:00+02:00,127.7596017672515,133.47
2026-06-08 05:00:00+02:00,125.09616200561354,131.9
2026-06-08 05:15:00+02:00,130.1404904079611,133.49
2026-06-08 05:30:00+02:00,131.3759623263156,141.09
2026-06-08 05:45:00+02:00,141.36722182153252,147.77
2026-06-08 06:00:00+02:00,140.8923292919706,152.24
2026-06-08 06:15:00+02:00,153.2360098277506,153.8
2026-06-08 06:30:00+02:00,147.53950865535143,152.07
2026-06-08 06:45:00+02:00,158.0163324830322,144.59
2026-06-08 07:00:00+02:00,162.9666629395381,165.74
2026-06-08 07:15:00+02:00,150.73268937668206,147.88
2026-06-08 07:30:00+02:00,140.14179560899987,140.5
2026-06-08 07:45:00+02:00,128.5915805382899,128.58
2026-06-08 08:00:00+02:00,146.68232699701264,144.92
2026-06-08 08:15:00+02:00,130.60513576017007,130.06
2026-06-08 08:30:00+02:00,120.30762867787922,119.11
2026-06-08 08:45:00+02:00,96.359196315423,105.41
2026-06-08 09:00:00+02:00,130.68556719240533,117.05
2026-06-08 09:15:00+02:00,99.81249308761764,106.56
2026-06-08 09:30:00+02:00,88.28443848358005,97.93
2026-06-08 09:45:00+02:00,58.50829558206162,82.07
2026-06-08 10:00:00+02:00,57.22281386831354,95.08
2026-06-08 10:15:00+02:00,43.7303663062207,82.99
2026-06-08 10:30:00+02:00,31.52968600558583,69.55
2026-06-08 10:45:00+02:00,33.940574451915566,56.04
2026-06-08 11:00:00+02:00,37.29216873867799,68.38
2026-06-08 11:15:00+02:00,41.62100550509211,60.43
2026-06-08 11:30:00+02:00,41.546276086815894,50.06
2026-06-08 11:45:00+02:00,57.65244930980707,43.7
2026-06-08 12:00:00+02:00,44.1717475263183,59.69
2026-06-08 12:15:00+02:00,47.56420125658073,54.85
2026-06-08 12:30:00+02:00,50.440612823468236,52.22
2026-06-08 12:45:00+02:00,43.49336255664671,51.17
2026-06-08 13:00:00+02:00,38.386649030065875,55.1
2026-06-08 13:15:00+02:00,39.36876279098225,54.67
2026-06-08 13:30:00+02:00,29.639388074175944,54.84
2026-06-08 13:45:00+02:00,24.009674724071445,56.26
2026-06-08 14:00:00+02:00,21.83567895515076,52.17
2026-06-08 14:15:00+02:00,23.717321032630498,62.51
2026-06-08 14:30:00+02:00,22.020400364292108,77.46
2026-06-08 14:45:00+02:00,17.27113478854259,82.54
2026-06-08 15:00:00+02:00,32.22653910711494,75.29
2026-06-08 15:15:00+02:00,28.812351889872062,81.81
2026-06-08 15:30:00+02:00,48.981534168061714,91.3
2026-06-08 15:45:00+02:00,74.25442383802299,107.01
2026-06-08 16:00:00+02:00,49.520891880639695,86.11
2026-06-08 16:15:00+02:00,78.49447213786574,98.68
2026-06-08 16:30:00+02:00,94.28668996059932,107.51
2026-06-08 16:45:00+02:00,114.71078338251581,118.02
2026-06-08 17:00:00+02:00,85.6259257766281,109.67
2026-06-08 17:15:00+02:00,90.28547057501606,119.72
2026-06-08 17:30:00+02:00,114.1607398833662,131.9
2026-06-08 17:45:00+02:00,133.47119399340843,154.21
2026-06-08 18:00:00+02:00,106.27090428839035,129.18
2026-06-08 18:15:00+02:00,129.40722509371895,138.97
2026-06-08 18:30:00+02:00,142.03775852005097,155.26
2026-06-08 18:45:00+02:00,160.30465285398697,181.91
2026-06-08 19:00:00+02:00,142.0383025596762,171.13
2026-06-08 19:15:00+02:00,162.38281412256404,190.3
2026-06-08 19:30:00+02:00,189.82685987924583,208.56
2026-06-08 19:45:00+02:00,166.8033817595991,227.3
2026-06-08 20:00:00+02:00,181.027235981559,207.71
2026-06-08 20:15:00+02:00,182.4264258961529,207.39
2026-06-08 20:30:00+02:00,178.57451006322697,211.54
2026-06-08 20:45:00+02:00,166.59442404789584,208.97
2026-06-08 21:00:00+02:00,188.62792215353457,217.86
2026-06-08 21:15:00+02:00,159.4151258434722,195.25
2026-06-08 21:30:00+02:00,150.20792126754145,175.82
2026-06-08 21:45:00+02:00,139.71982636712042,154.07
2026-06-08 22:00:00+02:00,147.73527006453648,179.14
2026-06-08 22:15:00+02:00,141.57474848592213,157.01
2026-06-08 22:30:00+02:00,141.6295038868683,139.49
2026-06-08 22:45:00+02:00,130.4264498969978,133.83
2026-06-08 23:00:00+02:00,136.6002530984191,136.51
2026-06-08 23:15:00+02:00,130.29455809249822,128.01
2026-06-08 23:30:00+02:00,129.37909677912734,127.25
2026-06-08 23:45:00+02:00,123.15235604997144,121.05
2026-06-09 00:00:00+02:00,135.55157565457992,142.87
2026-06-09 00:15:00+02:00,127.05412539167486,129.99
2026-06-09 00:30:00+02:00,124.4306856728876,124.63
2026-06-09 00:45:00+02:00,119.59276229969208,118.56
2026-06-09 01:00:00+02:00,125.27314036730053,125.38
2026-06-09 01:15:00+02:00,118.53166414465429,122.62
2026-06-09 01:30:00+02:00,116.0052422681719,121.18
2026-06-09 01:45:00+02:00,112.60294668787508,119.45
2026-06-09 02:00:00+02:00,115.30790690905674,118.08
2026-06-09 02:15:00+02:00,113.14981515746895,114.99
2026-06-09 02:30:00+02:00,109.20095839009745,116.7
2026-06-09 02:45:00+02:00,106.13087650955829,112.23
2026-06-09 03:00:00+02:00,111.3682168804712,114.2
2026-06-09 03:15:00+02:00,108.1102038382755,111.15
2026-06-09 03:30:00+02:00,106.58011909302562,110.72
2026-06-09 03:45:00+02:00,103.59587609421057,108.8
2026-06-09 04:00:00+02:00,104.82861371470965,111.5
2026-06-09 04:15:00+02:00,102.45348731371874,110.41
2026-06-09 04:30:00+02:00,102.33601969516518,109.99
2026-06-09 04:45:00+02:00,102.12584706204373,110.0
2026-06-09 05:00:00+02:00,103.32384519054314,113.4
2026-06-09 05:15:00+02:00,98.5775525023742,114.24
2026-06-09 05:30:00+02:00,113.61493553725873,115.35
2026-06-09 05:45:00+02:00,118.5199726092972,120.38
2026-06-09 06:00:00+02:00,120.6496081358489,124.84
2026-06-09 06:15:00+02:00,119.01899673640706,131.09
2026-06-09 06:30:00+02:00,121.46987811550424,133.35
2026-06-09 06:45:00+02:00,121.8609049788881,131.33
2026-06-09 07:00:00+02:00,133.3474640637781,141.69
2026-06-09 07:15:00+02:00,130.70498260248732,135.26
2026-06-09 07:30:00+02:00,131.2539102426698,134.09
2026-06-09 07:45:00+02:00,121.74536663660345,127.49
2026-06-09 08:00:00+02:00,132.42356361179372,138.32
2026-06-09 08:15:00+02:00,126.98577645152345,129.26
2026-06-09 08:30:00+02:00,118.91374832522567,125.11
2026-06-09 08:45:00+02:00,106.09862640919228,114.87
2026-06-09 09:00:00+02:00,126.46055021061905,127.06
2026-06-09 09:15:00+02:00,108.97944397809489,109.58
2026-06-09 09:30:00+02:00,105.11118991406035,102.66
2026-06-09 09:45:00+02:00,91.05450257480658,88.7
2026-06-09 10:00:00+02:00,97.35634319675164,100.01
2026-06-09 10:15:00+02:00,95.36952653474981,85.9
2026-06-09 10:30:00+02:00,60.59272077520065,78.9
2026-06-09 10:45:00+02:00,37.379655654059846,64.53
2026-06-09 11:00:00+02:00,42.42503058386171,82.23
2026-06-09 11:15:00+02:00,38.58900154747435,65.41
2026-06-09 11:30:00+02:00,30.57319062215509,55.81
2026-06-09 11:45:00+02:00,19.87234067628456,40.15
2026-06-09 12:00:00+02:00,22.560579378784283,50.63
2026-06-09 12:15:00+02:00,12.706115579971804,28.44
2026-06-09 12:30:00+02:00,7.391309099072932,15.1
2026-06-09 12:45:00+02:00,6.789924972260695,6.69
2026-06-09 13:00:00+02:00,4.900361501698128,8.1
2026-06-09 13:15:00+02:00,4.904976004807262,3.83
2026-06-09 13:30:00+02:00,2.55921196037552,2.1
2026-06-09 13:45:00+02:00,8.63126109865836,0.1
2026-06-09 14:00:00+02:00,1.783737635516397,0.1
2026-06-09 14:15:00+02:00,0.8949230837788517,0.3
2026-06-09 14:30:00+02:00,5.697051254995475,0.09
2026-06-09 14:45:00+02:00,0.7951027227923992,0.09
2026-06-09 15:00:00+02:00,5.749433750748349,0.09
2026-06-09 15:15:00+02:00,7.274961529438297,0.38
2026-06-09 15:30:00+02:00,8.347511616521059,1.11
2026-06-09 15:45:00+02:00,4.004757837361865,4.5
2026-06-09 16:00:00+02:00,4.934264518370789,3.39
2026-06-09 16:15:00+02:00,16.70074849076519,13.01
2026-06-09 16:30:00+02:00,27.324661651643467,40.66
2026-06-09 16:45:00+02:00,64.34178874348973,65.28
2026-06-09 17:00:00+02:00,49.71893066825903,30.02
2026-06-09 17:15:00+02:00,83.42645093631909,71.85
2026-06-09 17:30:00+02:00,114.1482495260353,93.49
2026-06-09 17:45:00+02:00,124.62360825719506,107.55
2026-06-09 18:00:00+02:00,95.96835512754858,93.88
2026-06-09 18:15:00+02:00,124.1210502806694,111.99
2026-06-09 18:30:00+02:00,120.97929837009762,128.27
2026-06-09 18:45:00+02:00,134.69886338237214,140.05
2026-06-09 19:00:00+02:00,125.64866389912162,121.6
2026-06-09 19:15:00+02:00,136.8201123596548,137.96
2026-06-09 19:30:00+02:00,152.94856252133238,144.01
2026-06-09 19:45:00+02:00,171.00756578586214,145.63
2026-06-09 20:00:00+02:00,164.2940337500274,145.18
2026-06-09 20:15:00+02:00,175.707042131156,150.2
2026-06-09 20:30:00+02:00,157.8577267028781,157.02
2026-06-09 20:45:00+02:00,164.96285727769376,162.52
2026-06-09 21:00:00+02:00,168.29015837510482,157.61
2026-06-09 21:15:00+02:00,169.0386122607611,158.32
2026-06-09 21:30:00+02:00,167.85052948894764,157.7
2026-06-09 21:45:00+02:00,160.11469869856234,151.47
2026-06-09 22:00:00+02:00,165.92054102477772,152.66
2026-06-09 22:15:00+02:00,153.87958882001294,149.99
2026-06-09 22:30:00+02:00,144.49581122253522,143.95
2026-06-09 22:45:00+02:00,139.99775252121003,133.37
2026-06-09 23:00:00+02:00,144.54549430268196,141.76
2026-06-09 23:15:00+02:00,138.8921855213129,132.09
2026-06-09 23:30:00+02:00,136.91423913503723,129.38
2026-06-09 23:45:00+02:00,133.57462836180002,122.0
2026-06-10 00:00:00+02:00,139.3604983924302,129.9
2026-06-10 00:15:00+02:00,131.73574248546137,126.58
2026-06-10 00:30:00+02:00,127.80225639798566,123.99
2026-06-10 00:45:00+02:00,121.60250145460557,119.18
2026-06-10 01:00:00+02:00,127.39116020515668,122.96
2026-06-10 01:15:00+02:00,122.49556307552477,118.4
2026-06-10 01:30:00+02:00,120.31042607058367,115.29
2026-06-10 01:45:00+02:00,118.8713928050086,110.96
2026-06-10 02:00:00+02:00,118.26188256993669,114.25
2026-06-10 02:15:00+02:00,116.98238892519595,110.27
2026-06-10 02:30:00+02:00,116.10897943110945,111.03
2026-06-10 02:45:00+02:00,115.84664544170725,108.96
2026-06-10 03:00:00+02:00,117.18827270948238,110.81
2026-06-10 03:15:00+02:00,114.26682932812882,111.24
2026-06-10 03:30:00+02:00,114.49938155088502,111.16
2026-06-10 03:45:00+02:00,113.17129215958545,112.02
2026-06-10 04:00:00+02:00,115.92580873023672,108.82
2026-06-10 04:15:00+02:00,115.66025792970835,111.12
2026-06-10 04:30:00+02:00,114.23256136381787,115.03
2026-06-10 04:45:00+02:00,113.82732249360004,117.99
2026-06-10 05:00:00+02:00,116.51070881907698,113.42
2026-06-10 05:15:00+02:00,116.93698970440974,117.25
2026-06-10 05:30:00+02:00,123.92973905433715,118.43
2026-06-10 05:45:00+02:00,127.13728794243588,125.91
2026-06-10 06:00:00+02:00,130.2518860945266,128.02
2026-06-10 06:15:00+02:00,138.0228667087749,134.26
2026-06-10 06:30:00+02:00,135.7554242306669,134.09
2026-06-10 06:45:00+02:00,139.8765659522432,131.2
2026-06-10 07:00:00+02:00,144.44499820598838,140.11
2026-06-10 07:15:00+02:00,148.26329596637774,138.02
2026-06-10 07:30:00+02:00,143.86611292609027,135.4
2026-06-10 07:45:00+02:00,132.58811484091177,133.7
2026-06-10 08:00:00+02:00,159.25236969444285,141.21
2026-06-10 08:15:00+02:00,145.0958850415822,132.74
2026-06-10 08:30:00+02:00,129.73652277300334,126.51
2026-06-10 08:45:00+02:00,112.14807403168165,106.15
2026-06-10 09:00:00+02:00,127.0502592863154,124.13
2026-06-10 09:15:00+02:00,111.5204806033791,108.38
2026-06-10 09:30:00+02:00,110.02367000484847,95.0
2026-06-10 09:45:00+02:00,98.29965240719991,90.9
2026-06-10 10:00:00+02:00,105.79158846781701,99.1
2026-06-10 10:15:00+02:00,92.88310804611116,88.26
2026-06-10 10:30:00+02:00,101.19191680939863,86.87
2026-06-10 10:45:00+02:00,84.33038886047714,72.0
2026-06-10 11:00:00+02:00,100.06825994530445,82.25
2026-06-10 11:15:00+02:00,90.4437605672532,75.99
2026-06-10 11:30:00+02:00,78.57336089044185,69.99
2026-06-10 11:45:00+02:00,72.48857393654652,64.0
2026-06-10 12:00:00+02:00,85.49267255018148,69.93
2026-06-10 12:15:00+02:00,67.2404232051752,64.48
2026-06-10 12:30:00+02:00,63.10366519095855,69.22
2026-06-10 12:45:00+02:00,52.81706973357113,71.08
2026-06-10 13:00:00+02:00,68.97998672481025,72.37
2026-06-10 13:15:00+02:00,57.48580963885079,72.07
2026-06-10 13:30:00+02:00,49.700800187835384,71.91
2026-06-10 13:45:00+02:00,42.387309976248254,69.92
2026-06-10 14:00:00+02:00,45.78103920636445,70.04
2026-06-10 14:15:00+02:00,59.41632571736184,72.04
2026-06-10 14:30:00+02:00,65.8955702427932,79.02
2026-06-10 14:45:00+02:00,75.17283006394221,90.2
2026-06-10 15:00:00+02:00,60.52952568050516,71.31
2026-06-10 15:15:00+02:00,72.31787716485377,87.05
2026-06-10 15:30:00+02:00,75.50741412739451,88.78
2026-06-10 15:45:00+02:00,92.50936787912312,99.36
2026-06-10 16:00:00+02:00,74.59435055548707,85.53
2026-06-10 16:15:00+02:00,83.31570405611306,96.31
2026-06-10 16:30:00+02:00,104.06507889078716,108.64
2026-06-10 16:45:00+02:00,108.94083646413762,123.33
2026-06-10 17:00:00+02:00,94.41706811593767,105.53
2026-06-10 17:15:00+02:00,106.92237612992177,119.26
2026-06-10 17:30:00+02:00,114.80175132456193,131.9
2026-06-10 17:45:00+02:00,127.05189027939528,144.91
2026-06-10 18:00:00+02:00,112.74995830272508,123.75
2026-06-10 18:15:00+02:00,125.86513813850476,139.17
2026-06-10 18:30:00+02:00,137.35902627614934,147.66
2026-06-10 18:45:00+02:00,166.94756732097838,151.52
2026-06-10 19:00:00+02:00,140.38630991635537,145.05
2026-06-10 19:15:00+02:00,167.1251267354963,158.68
2026-06-10 19:30:00+02:00,176.77084835992594,177.37
2026-06-10 19:45:00+02:00,181.4427618915654,202.77
2026-06-10 20:00:00+02:00,183.7256543061198,186.58
2026-06-10 20:15:00+02:00,178.58608958011837,203.54
2026-06-10 20:30:00+02:00,210.89551403376032,226.12
2026-06-10 20:45:00+02:00,186.04878041704058,239.68
2026-06-10 21:00:00+02:00,225.9211016763494,226.06
2026-06-10 21:15:00+02:00,191.20420568339523,209.8
2026-06-10 21:30:00+02:00,178.39211679558198,196.35
2026-06-10 21:45:00+02:00,158.65081282805014,187.78
2026-06-10 22:00:00+02:00,161.4229737691123,189.2
2026-06-10 22:15:00+02:00,161.05826616657083,176.19
2026-06-10 22:30:00+02:00,143.7925288534348,162.06
2026-06-10 22:45:00+02:00,129.82117665030833,147.09
2026-06-10 23:00:00+02:00,144.23395574737927,169.8
2026-06-10 23:15:00+02:00,134.0086141332813,149.99
2026-06-10 23:30:00+02:00,132.37336386678388,146.65
2026-06-10 23:45:00+02:00,124.96420542799308,140.56
2026-06-11 00:00:00+02:00,152.98422593888586,147.22
2026-06-11 00:15:00+02:00,147.06860057963564,140.88
2026-06-11 00:30:00+02:00,136.3856412777371,141.48
2026-06-11 00:45:00+02:00,127.19777544165684,133.35
2026-06-11 01:00:00+02:00,137.98815352284893,138.53
2026-06-11 01:15:00+02:00,130.56946478242685,134.95
2026-06-11 01:30:00+02:00,130.67379103128118,131.42
2026-06-11 01:45:00+02:00,125.66817872428223,129.05
2026-06-11 02:00:00+02:00,128.5347819115074,130.2
2026-06-11 02:15:00+02:00,126.84343911014702,126.5
2026-06-11 02:30:00+02:00,126.73628820299722,124.57
2026-06-11 02:45:00+02:00,123.06365234564437,123.51
2026-06-11 03:00:00+02:00,125.99219601790907,128.26
2026-06-11 03:15:00+02:00,124.8181429062433,125.13
2026-06-11 03:30:00+02:00,126.00353219514136,125.65
2026-06-11 03:45:00+02:00,122.81490185612904,123.99
2026-06-11 04:00:00+02:00,125.6504596326796,125.23
2026-06-11 04:15:00+02:00,124.07812233415783,125.5
2026-06-11 04:30:00+02:00,125.33702972535302,126.02
2026-06-11 04:45:00+02:00,127.07639077336766,127.43
2026-06-11 05:00:00+02:00,124.76015519233948,123.99
2026-06-11 05:15:00+02:00,127.05488755081518,123.86
2026-06-11 05:30:00+02:00,123.86991406199789,127.62
2026-06-11 05:45:00+02:00,133.16562996748752,131.18
2026-06-11 06:00:00+02:00,135.45741826274016,135.19
2026-06-11 06:15:00+02:00,139.93725505321706,139.53
2026-06-11 06:30:00+02:00,149.29779829666487,140.0
2026-06-11 06:45:00+02:00,150.1741280713947,138.6
2026-06-11 07:00:00+02:00,154.71486817199326,154.08
2026-06-11 07:15:00+02:00,147.86160435952252,139.93
2026-06-11 07:30:00+02:00,138.76188339942718,134.88
2026-06-11 07:45:00+02:00,126.16548873374091,126.3
2026-06-11 08:00:00+02:00,153.02960331495763,142.42
2026-06-11 08:15:00+02:00,140.62414118528142,134.02
2026-06-11 08:30:00+02:00,130.905666195933,122.79
2026-06-11 08:45:00+02:00,109.92393380470273,107.33
2026-06-11 09:00:00+02:00,128.06466168696207,119.28
2026-06-11 09:15:00+02:00,117.80609612916851,106.67
2026-06-11 09:30:00+02:00,102.82445620520431,99.31
2026-06-11 09:45:00+02:00,82.14578481023601,89.93
2026-06-11 10:00:00+02:00,97.655872695051,105.49
2026-06-11 10:15:00+02:00,84.19420823991493,93.17
2026-06-11 10:30:00+02:00,85.0322992253857,83.72
2026-06-11 10:45:00+02:00,77.5883271453311,79.79
2026-06-11 11:00:00+02:00,96.19303008738062,89.69
2026-06-11 11:15:00+02:00,83.9777399498847,78.99
2026-06-11 11:30:00+02:00,80.44611822255746,73.61
2026-06-11 11:45:00+02:00,57.424600408260964,65.6
2026-06-11 12:00:00+02:00,86.82453345940863,67.03
2026-06-11 12:15:00+02:00,69.8733202649471,61.78
2026-06-11 12:30:00+02:00,60.54328856667141,58.62
2026-06-11 12:45:00+02:00,46.72689965671993,53.66
2026-06-11 13:00:00+02:00,56.3354982269111,59.34
2026-06-11 13:15:00+02:00,41.53666177293536,49.35
2026-06-11 13:30:00+02:00,38.31893160204751,42.21
2026-06-11 13:45:00+02:00,35.60714585542122,30.34
2026-06-11 14:00:00+02:00,35.65108483634573,33.92
2026-06-11 14:15:00+02:00,40.34832862169206,32.3
2026-06-11 14:30:00+02:00,46.40183887426405,30.07
2026-06-11 14:45:00+02:00,57.64743030947392,30.03
2026-06-11 15:00:00+02:00,43.10566384925519,39.94
2026-06-11 15:15:00+02:00,57.91508594917158,46.02
2026-06-11 15:30:00+02:00,76.6360399197728,51.78
2026-06-11 15:45:00+02:00,73.14959772291006,66.36
2026-06-11 16:00:00+02:00,49.176005437080505,52.8
2026-06-11 16:15:00+02:00,73.2615751558645,71.97
2026-06-11 16:30:00+02:00,85.26754897005866,85.02
2026-06-11 16:45:00+02:00,102.56680790836508,104.08
2026-06-11 17:00:00+02:00,79.17663276443028,77.87
2026-06-11 17:15:00+02:00,97.1047132919533,100.0
2026-06-11 17:30:00+02:00,115.26813189065999,107.77
2026-06-11 17:45:00+02:00,130.0811723106996,120.75
2026-06-11 18:00:00+02:00,109.69200963603957,110.54
2026-06-11 18:15:00+02:00,123.38051013206614,118.11
2026-06-11 18:30:00+02:00,137.3600490797412,133.28
2026-06-11 18:45:00+02:00,149.3207682726931,149.99
2026-06-11 19:00:00+02:00,126.96816413706283,126.37
2026-06-11 19:15:00+02:00,139.34092551941336,139.34
2026-06-11 19:30:00+02:00,149.9485976756576,150.06
2026-06-11 19:45:00+02:00,158.49226331337752,169.17
2026-06-11 20:00:00+02:00,170.3895099476505,159.4
2026-06-11 20:15:00+02:00,163.12576916484034,168.88
2026-06-11 20:30:00+02:00,164.53918555483273,183.74
2026-06-11 20:45:00+02:00,182.65717681805256,187.41
2026-06-11 21:00:00+02:00,180.15870215526948,183.29
2026-06-11 21:15:00+02:00,171.68313526864625,172.46
2026-06-11 21:30:00+02:00,165.09488167900787,161.2
2026-06-11 21:45:00+02:00,157.02189563120527,142.82
2026-06-11 22:00:00+02:00,149.3055046535382,152.66
2026-06-11 22:15:00+02:00,151.5254876044172,143.04
2026-06-11 22:30:00+02:00,142.49455380563245,131.98
2026-06-11 22:45:00+02:00,126.38591507259392,121.25
2026-06-11 23:00:00+02:00,132.41106737766682,128.03
2026-06-11 23:15:00+02:00,127.38707182871663,119.99
2026-06-11 23:30:00+02:00,125.77156876607887,114.37
2026-06-11 23:45:00+02:00,120.3043485207238,101.86
2026-06-12 00:00:00+02:00,117.2689338766341,128.14
2026-06-12 00:15:00+02:00,112.14122399741481,119.99
2026-06-12 00:30:00+02:00,112.81310369351435,113.8
2026-06-12 00:45:00+02:00,108.54552859509165,105.65
2026-06-12 01:00:00+02:00,110.25595958255713,112.92
2026-06-12 01:15:00+02:00,109.87169660890349,107.02
2026-06-12 01:30:00+02:00,110.15041946541963,99.11
2026-06-12 01:45:00+02:00,107.00018799677251,89.0
2026-06-12 02:00:00+02:00,106.8780810793735,101.48
2026-06-12 02:15:00+02:00,106.71237290126297,96.28
2026-06-12 02:30:00+02:00,107.10317345544455,93.9
2026-06-12 02:45:00+02:00,108.68582668464873,86.36
2026-06-12 03:00:00+02:00,109.10741593052538,94.59
2026-06-12 03:15:00+02:00,107.63923367089654,92.01
2026-06-12 03:30:00+02:00,111.13075077487906,90.68
2026-06-12 03:45:00+02:00,109.1136256790999,90.93
2026-06-12 04:00:00+02:00,107.10936780204138,90.27
2026-06-12 04:15:00+02:00,108.81482646294702,91.85
2026-06-12 04:30:00+02:00,111.50670280110762,93.38
2026-06-12 04:45:00+02:00,110.41491098758829,96.69
2026-06-12 05:00:00+02:00,113.21368336607193,88.54
2026-06-12 05:15:00+02:00,110.17886583424662,91.92
2026-06-12 05:30:00+02:00,114.24188691815193,97.39
2026-06-12 05:45:00+02:00,120.6580529433904,106.46
2026-06-12 06:00:00+02:00,117.81000992332248,105.96
2026-06-12 06:15:00+02:00,127.33356460530943,119.24
2026-06-12 06:30:00+02:00,127.30618237217183,121.37
2026-06-12 06:45:00+02:00,129.6739271772909,124.46
2026-06-12 07:00:00+02:00,141.31283345445217,125.69
2026-06-12 07:15:00+02:00,140.97663915387443,125.53
2026-06-12 07:30:00+02:00,134.85519005027166,120.69
2026-06-12 07:45:00+02:00,128.52880333750076,118.71
2026-06-12 08:00:00+02:00,153.32314060492564,134.49
2026-06-12 08:15:00+02:00,142.4729928710886,129.37
2026-06-12 08:30:00+02:00,126.24859363406472,124.34
2026-06-12 08:45:00+02:00,114.52988858377974,121.16
2026-06-12 09:00:00+02:00,135.91816961550325,123.77
2026-06-12 09:15:00+02:00,115.77783294924149,120.0
2026-06-12 09:30:00+02:00,106.91047798682881,114.56
2026-06-12 09:45:00+02:00,85.89427884973699,111.29
2026-06-12 10:00:00+02:00,104.84405752658657,111.04
2026-06-12 10:15:00+02:00,93.27687176461636,104.18
2026-06-12 10:30:00+02:00,68.57441688898616,98.36
2026-06-12 10:45:00+02:00,42.66587112051148,94.82
2026-06-12 11:00:00+02:00,60.50449255427267,95.48
2026-06-12 11:15:00+02:00,55.3387480143381,91.74
2026-06-12 11:30:00+02:00,39.328686340195446,89.78
2026-06-12 11:45:00+02:00,35.88097403912184,85.04
2026-06-12 12:00:00+02:00,36.00471698369299,83.17
2026-06-12 12:15:00+02:00,36.945657208919705,78.97
2026-06-12 12:30:00+02:00,36.6926762509305,82.44
2026-06-12 12:45:00+02:00,32.92983526205536,79.44
2026-06-12 13:00:00+02:00,27.73760801292581,73.33
2026-06-12 13:15:00+02:00,27.155332797280906,72.13
2026-06-12 13:30:00+02:00,26.87050974664035,69.9
2026-06-12 13:45:00+02:00,18.758463541177214,65.17
2026-06-12 14:00:00+02:00,27.225881165447568,59.34
2026-06-12 14:15:00+02:00,22.356303870259413,59.14
2026-06-12 14:30:00+02:00,30.997023078759188,60.51
2026-06-12 14:45:00+02:00,39.16412465975995,62.49
2026-06-12 15:00:00+02:00,40.62480670496483,52.51
2026-06-12 15:15:00+02:00,48.49213789259177,51.26
2026-06-12 15:30:00+02:00,43.357309611114246,57.94
2026-06-12 15:45:00+02:00,57.41027389102274,62.48
2026-06-12 16:00:00+02:00,55.222036276075464,53.76
2026-06-12 16:15:00+02:00,77.17281304681526,63.48
2026-06-12 16:30:00+02:00,85.62360504663705,71.66
2026-06-12 16:45:00+02:00,87.86972420680362,84.17
2026-06-12 17:00:00+02:00,70.8574958372678,61.29
2026-06-12 17:15:00+02:00,98.86857607273616,75.02
2026-06-12 17:30:00+02:00,104.06219217502324,83.54
2026-06-12 17:45:00+02:00,112.86231739280431,95.64
2026-06-12 18:00:00+02:00,105.24412775900574,86.73
2026-06-12 18:15:00+02:00,116.14230087251299,97.01
2026-06-12 18:30:00+02:00,125.19188954094713,112.92
2026-06-12 18:45:00+02:00,130.6466807138418,117.94
2026-06-12 19:00:00+02:00,126.09985195095398,109.59
2026-06-12 19:15:00+02:00,131.18640341558432,115.62
2026-06-12 19:30:00+02:00,136.18497991546545,119.31
2026-06-12 19:45:00+02:00,146.43994106963936,118.97
2026-06-12 20:00:00+02:00,132.63128441087756,114.24
2026-06-12 20:15:00+02:00,132.79092656224876,111.49
2026-06-12 20:30:00+02:00,128.7610420414235,107.74
2026-06-12 20:45:00+02:00,128.80279358536373,109.19
2026-06-12 21:00:00+02:00,136.08669459691805,110.75
2026-06-12 21:15:00+02:00,135.0701624707575,110.23
2026-06-12 21:30:00+02:00,130.94294844437115,110.12
2026-06-12 21:45:00+02:00,120.61265359718249,108.14
2026-06-12 22:00:00+02:00,131.1360970614466,113.43
2026-06-12 22:15:00+02:00,121.4616069778543,112.51
2026-06-12 22:30:00+02:00,118.62925735589089,112.25
2026-06-12 22:45:00+02:00,110.07435965689452,106.3
2026-06-12 23:00:00+02:00,114.08958458334259,108.06
2026-06-12 23:15:00+02:00,107.96243707394524,101.83
2026-06-12 23:30:00+02:00,105.68480875081248,100.1
2026-06-12 23:45:00+02:00,95.59887837670108,93.6
2026-06-13 00:00:00+02:00,78.66247060316783,108.97
2026-06-13 00:15:00+02:00,64.81573637772019,89.5
2026-06-13 00:30:00+02:00,69.89563551145498,78.71
2026-06-13 00:45:00+02:00,69.18947546433,71.16
2026-06-13 01:00:00+02:00,63.47877066522018,85.86
2026-06-13 01:15:00+02:00,65.53924618999079,77.33
2026-06-13 01:30:00+02:00,62.54829975923605,71.47
2026-06-13 01:45:00+02:00,59.23237632208904,61.52
2026-06-13 02:00:00+02:00,65.17118685076923,71.15
2026-06-13 02:15:00+02:00,66.21444747952808,64.66
2026-06-13 02:30:00+02:00,59.84595147328601,64.66
2026-06-13 02:45:00+02:00,58.25206181173606,62.94
2026-06-13 03:00:00+02:00,72.96174448737392,69.24
2026-06-13 03:15:00+02:00,59.216632018003835,64.51
2026-06-13 03:30:00+02:00,51.66780747104994,63.37
2026-06-13 03:45:00+02:00,43.83768846219883,58.22
2026-06-13 04:00:00+02:00,50.282836082891535,72.16
2026-06-13 04:15:00+02:00,45.59692596908552,67.64
2026-06-13 04:30:00+02:00,47.67067737227149,62.43
2026-06-13 04:45:00+02:00,55.393096380263906,60.0
2026-06-13 05:00:00+02:00,41.27572547613411,72.68
2026-06-13 05:15:00+02:00,44.89067717601232,60.04
2026-06-13 05:30:00+02:00,48.33441583226302,45.8
2026-06-13 05:45:00+02:00,41.39227313244983,36.66
2026-06-13 06:00:00+02:00,37.19864472864775,49.65
2026-06-13 06:15:00+02:00,49.05502106875397,34.72
2026-06-13 06:30:00+02:00,44.06793448915025,26.79
2026-06-13 06:45:00+02:00,27.987324442022555,15.36
2026-06-13 07:00:00+02:00,57.371851153785,30.68
2026-06-13 07:15:00+02:00,40.34294074949449,14.84
2026-06-13 07:30:00+02:00,30.6429636419455,7.0
2026-06-13 07:45:00+02:00,17.64670406356541,2.1
2026-06-13 08:00:00+02:00,46.277498748433715,1.4
2026-06-13 08:15:00+02:00,17.353265374887613,0.0
2026-06-13 08:30:00+02:00,5.3968821556618,-0.01
2026-06-13 08:45:00+02:00,8.305429741734912,-0.08
2026-06-13 09:00:00+02:00,17.03363375316809,-0.08
2026-06-13 09:15:00+02:00,4.144402935385031,-0.28
2026-06-13 09:30:00+02:00,-0.3738552803816617,-2.0
2026-06-13 09:45:00+02:00,-0.3909091028318912,-2.07
2026-06-13 10:00:00+02:00,3.4314333919227664,-2.01
2026-06-13 10:15:00+02:00,2.882110327228837,-3.24
2026-06-13 10:30:00+02:00,-5.329265572999233,-5.01
2026-06-13 10:45:00+02:00,-15.940273731799888,-9.41
2026-06-13 11:00:00+02:00,-11.206926042368712,-9.98
2026-06-13 11:15:00+02:00,-22.489958009312613,-14.9
2026-06-13 11:30:00+02:00,-33.93594392159776,-17.9
2026-06-13 11:45:00+02:00,-44.05441423245891,-20.0
2026-06-13 12:00:00+02:00,-29.791533531520052,-19.94
2026-06-13 12:15:00+02:00,-34.417108208070005,-24.81
2026-06-13 12:30:00+02:00,-44.46248006120144,-29.94
2026-06-13 12:45:00+02:00,-42.962965094891956,-35.0
2026-06-13 13:00:00+02:00,-47.88359217134528,-35.49
2026-06-13 13:15:00+02:00,-56.921985061092855,-45.01
2026-06-13 13:30:00+02:00,-62.104902943832165,-49.98
2026-06-13 13:45:00+02:00,-61.94215864803368,-52.99
2026-06-13 14:00:00+02:00,-59.771581121741406,-46.52
2026-06-13 14:15:00+02:00,-60.7670813692942,-46.52
2026-06-13 14:30:00+02:00,-59.83813423973372,-45.0
2026-06-13 14:45:00+02:00,-70.51364884154701,-41.95
2026-06-13 15:00:00+02:00,-53.408712672673424,-36.82
2026-06-13 15:15:00+02:00,-54.86621640663838,-34.0
2026-06-13 15:30:00+02:00,-58.830365806403435,-30.0
2026-06-13 15:45:00+02:00,-41.804865954976975,-25.34
2026-06-13 16:00:00+02:00,-40.07741100736199,-25.0
2026-06-13 16:15:00+02:00,-17.532016581447984,-19.99
2026-06-13 16:30:00+02:00,-13.343440111523421,-18.01
2026-06-13 16:45:00+02:00,-6.08896066545573,-13.68
2026-06-13 17:00:00+02:00,-7.892014592558951,-9.01
2026-06-13 17:15:00+02:00,13.073055069587923,-4.79
2026-06-13 17:30:00+02:00,36.27915039184528,-1.98
2026-06-13 17:45:00+02:00,21.883374739263246,-1.08
2026-06-13 18:00:00+02:00,4.994996972928462,-0.85
2026-06-13 18:15:00+02:00,33.40908679859119,-1.34
2026-06-13 18:30:00+02:00,66.51224172221038,-0.09
2026-06-13 18:45:00+02:00,85.99445238304776,0.09
2026-06-13 19:00:00+02:00,74.80177966896936,3.03
2026-06-13 19:15:00+02:00,87.14009714395803,20.2
2026-06-13 19:30:00+02:00,106.50507217831912,48.7
2026-06-13 19:45:00+02:00,126.94606703992082,61.71
2026-06-13 20:00:00+02:00,109.81629340199113,45.77
2026-06-13 20:15:00+02:00,103.53716166662724,72.65
2026-06-13 20:30:00+02:00,106.177404674853,82.26
2026-06-13 20:45:00+02:00,123.32576268185639,88.34
2026-06-13 21:00:00+02:00,116.06090688321311,82.23
2026-06-13 21:15:00+02:00,112.98601694773629,85.9
2026-06-13 21:30:00+02:00,105.37367612528439,88.01
2026-06-13 21:45:00+02:00,105.25013095839924,92.5
2026-06-13 22:00:00+02:00,105.05236311456068,110.49
2026-06-13 22:15:00+02:00,96.55704019079928,103.77
2026-06-13 22:30:00+02:00,93.22935447832384,103.01
2026-06-13 22:45:00+02:00,86.13288627145735,92.67
2026-06-13 23:00:00+02:00,94.24955034265102,97.89
2026-06-13 23:15:00+02:00,86.96297564915065,89.98
2026-06-13 23:30:00+02:00,86.39893373172427,85.79
2026-06-13 23:45:00+02:00,72.80115017250665,78.34
2026-06-14 00:00:00+02:00,87.5262689800318,87.34
2026-06-14 00:15:00+02:00,73.56249624168171,75.89
2026-06-14 00:30:00+02:00,67.75048019784265,62.31
2026-06-14 00:45:00+02:00,68.81035258964576,45.61
2026-06-14 01:00:00+02:00,72.9897784364598,60.43
2026-06-14 01:15:00+02:00,67.1033123232458,52.57
2026-06-14 01:30:00+02:00,66.99791080586823,46.39
2026-06-14 01:45:00+02:00,57.53350091280719,38.37
2026-06-14 02:00:00+02:00,67.72722264546397,45.0
2026-06-14 02:15:00+02:00,62.467093446775614,34.22
2026-06-14 02:30:00+02:00,65.22293801888993,28.14
2026-06-14 02:45:00+02:00,60.54247276921995,28.95
2026-06-14 03:00:00+02:00,67.88543429131703,29.72
2026-06-14 03:15:00+02:00,62.35455815963152,26.3
2026-06-14 03:30:00+02:00,61.34077552876073,28.73
2026-06-14 03:45:00+02:00,61.26268283240784,27.54
2026-06-14 04:00:00+02:00,63.25190113517057,25.74
2026-06-14 04:15:00+02:00,66.34861210468168,25.05
2026-06-14 04:30:00+02:00,70.57642473397227,27.09
2026-06-14 04:45:00+02:00,68.660626063666,28.41
2026-06-14 05:00:00+02:00,62.07438823533634,24.98
2026-06-14 05:15:00+02:00,64.68537357166795,20.31
2026-06-14 05:30:00+02:00,61.189343644223584,21.62
2026-06-14 05:45:00+02:00,57.64596548391603,18.56
2026-06-14 06:00:00+02:00,51.978803518465426,13.8
2026-06-14 06:15:00+02:00,48.43843657711783,9.9
2026-06-14 06:30:00+02:00,43.13254707766451,5.48
2026-06-14 06:45:00+02:00,37.683066989182294,1.78
2026-06-14 07:00:00+02:00,54.566705582690105,1.88
2026-06-14 07:15:00+02:00,40.37375910928415,0.0
2026-06-14 07:30:00+02:00,30.96928338012124,-0.01
2026-06-14 07:45:00+02:00,40.01281419346354,-0.03
2026-06-14 08:00:00+02:00,36.501108571212725,-0.01
2026-06-14 08:15:00+02:00,25.801775513667977,-0.09
2026-06-14 08:30:00+02:00,19.95364790866671,-0.19
2026-06-14 08:45:00+02:00,4.659318656383405,-1.1
2026-06-14 09:00:00+02:00,36.23528969609701,-1.27
2026-06-14 09:15:00+02:00,3.9008056711280403,-2.01
2026-06-14 09:30:00+02:00,3.7757922928593217,-3.05
2026-06-14 09:45:00+02:00,2.8414505239729806,-5.0
2026-06-14 10:00:00+02:00,4.330365534212348,-3.47
2026-06-14 10:15:00+02:00,1.742336551224696,-5.0
2026-06-14 10:30:00+02:00,-0.7920355529335907,-7.01
2026-06-14 10:45:00+02:00,-0.8293973926089784,-10.0
2026-06-14 11:00:00+02:00,-6.672233854625036,-7.3
2026-06-14 11:15:00+02:00,-7.50484156624452,-8.01
2026-06-14 11:30:00+02:00,-10.201459265630133,-10.01
2026-06-14 11:45:00+02:00,-14.980586776815178,-11.83
2026-06-14 12:00:00+02:00,-15.755015425176104,-11.87
2026-06-14 12:15:00+02:00,-44.36992370002047,-14.1
2026-06-14 12:30:00+02:00,-51.12520710279421,-15.0
2026-06-14 12:45:00+02:00,-65.52024041197458,-19.0
2026-06-14 13:00:00+02:00,-76.20518050855135,-17.01
2026-06-14 13:15:00+02:00,-85.04283827133423,-20.02
2026-06-14 13:30:00+02:00,-89.9819329030724,-26.7
2026-06-14 13:45:00+02:00,-74.61647451770096,-29.96
2026-06-14 14:00:00+02:00,-86.9653674389615,-26.08
2026-06-14 14:15:00+02:00,-83.03393591343718,-25.82
2026-06-14 14:30:00+02:00,-100.97597085525221,-24.1
2026-06-14 14:45:00+02:00,-112.4888744667686,-24.0
2026-06-14 15:00:00+02:00,-77.88129298793093,-21.98
2026-06-14 15:15:00+02:00,-74.2259935648004,-20.0
2026-06-14 15:30:00+02:00,-61.607412530595816,-19.92
2026-06-14 15:45:00+02:00,-41.53076768593493,-18.1
2026-06-14 16:00:00+02:00,-36.774298531362184,-14.91
2026-06-14 16:15:00+02:00,-21.832601054622337,-10.09
2026-06-14 16:30:00+02:00,-13.821530986462065,-7.47
2026-06-14 16:45:00+02:00,1.0292708135271198,-4.34
2026-06-14 17:00:00+02:00,-5.824347082105902,-4.9
2026-06-14 17:15:00+02:00,11.109098845402386,-1.31
2026-06-14 17:30:00+02:00,41.557493837921506,-0.12
2026-06-14 17:45:00+02:00,57.91675455752413,-0.65
2026-06-14 18:00:00+02:00,41.62985771249397,-0.77
2026-06-14 18:15:00+02:00,65.43124669300131,-0.04
2026-06-14 18:30:00+02:00,75.06232425665567,3.75
2026-06-14 18:45:00+02:00,75.21062589804957,18.18
2026-06-14 19:00:00+02:00,70.09479006918585,21.35
2026-06-14 19:15:00+02:00,91.34062251490298,43.34
2026-06-14 19:30:00+02:00,89.497863809396,83.91
2026-06-14 19:45:00+02:00,102.48529442996086,99.73
2026-06-14 20:00:00+02:00,88.39532733490567,83.71
2026-06-14 20:15:00+02:00,98.50688753236065,90.8
2026-06-14 20:30:00+02:00,113.78318654963681,100.01
2026-06-14 20:45:00+02:00,119.20626820884199,105.0
2026-06-14 21:00:00+02:00,112.50996057982603,103.59
2026-06-14 21:15:00+02:00,121.45917162134117,103.94
2026-06-14 21:30:00+02:00,105.59798439323342,100.98
2026-06-14 21:45:00+02:00,107.71817322267023,102.0
2026-06-14 22:00:00+02:00,115.32165539798655,120.05
2026-06-14 22:15:00+02:00,105.17265709909069,115.48
2026-06-14 22:30:00+02:00,101.21246558054044,108.01
2026-06-14 22:45:00+02:00,99.58535026360825,105.58
2026-06-14 23:00:00+02:00,99.88509222068663,109.15
2026-06-14 23:15:00+02:00,94.64498862268734,102.01
2026-06-14 23:30:00+02:00,90.30643172678002,101.14
2026-06-14 23:45:00+02:00,85.98980461789077,101.28
2026-06-15 00:00:00+02:00,98.71846183414009,115.02
2026-06-15 00:15:00+02:00,87.52940097561569,104.7
2026-06-15 00:30:00+02:00,76.71213949676078,99.02
2026-06-15 00:45:00+02:00,72.96160231179485,86.99
2026-06-15 01:00:00+02:00,77.12132173464877,102.18
2026-06-15 01:15:00+02:00,74.78816746554203,96.49
2026-06-15 01:30:00+02:00,79.04301878609358,91.16
2026-06-15 01:45:00+02:00,80.5581488165813,81.81
2026-06-15 02:00:00+02:00,73.46944092259375,88.38
2026-06-15 02:15:00+02:00,79.33125541952883,80.8
2026-06-15 02:30:00+02:00,83.21237315177895,87.59
2026-06-15 02:45:00+02:00,80.83528451279396,84.73
2026-06-15 03:00:00+02:00,80.96730114609186,87.51
2026-06-15 03:15:00+02:00,79.76425424453637,84.88
2026-06-15 03:30:00+02:00,77.36045178968183,83.15
2026-06-15 03:45:00+02:00,76.8206591896352,79.45
2026-06-15 04:00:00+02:00,71.0260221936364,80.8
2026-06-15 04:15:00+02:00,73.25496670234335,80.81
2026-06-15 04:30:00+02:00,79.4419590956895,84.88
2026-06-15 04:45:00+02:00,79.16531205577104,91.06
2026-06-15 05:00:00+02:00,72.72057106228203,81.1
2026-06-15 05:15:00+02:00,73.58559722212112,90.81
2026-06-15 05:30:00+02:00,81.45007906366612,92.28
2026-06-15 05:45:00+02:00,85.56623741709966,101.43
2026-06-15 06:00:00+02:00,83.89436392109681,99.27
2026-06-15 06:15:00+02:00,87.69119432832673,106.45
2026-06-15 06:30:00+02:00,91.0261174388962,108.99
2026-06-15 06:45:00+02:00,112.68662066881195,108.06
2026-06-15 07:00:00+02:00,120.22299845250409,121.73
2026-06-15 07:15:00+02:00,106.73090797009958,108.93
2026-06-15 07:30:00+02:00,111.94624437857684,104.85
2026-06-15 07:45:00+02:00,118.75055015362253,94.06
2026-06-15 08:00:00+02:00,112.19548486224924,108.33
2026-06-15 08:15:00+02:00,116.6665695310696,100.99
2026-06-15 08:30:00+02:00,113.506714271961,88.37
2026-06-15 08:45:00+02:00,95.53707895372172,68.07
2026-06-15 09:00:00+02:00,119.96440119404895,95.75
2026-06-15 09:15:00+02:00,100.64785424098278,76.94
2026-06-15 09:30:00+02:00,88.3999155782308,55.37
2026-06-15 09:45:00+02:00,75.66908034503614,26.55
2026-06-15 10:00:00+02:00,87.13937904073389,52.29
2026-06-15 10:15:00+02:00,63.396094585996806,24.14
2026-06-15 10:30:00+02:00,49.22021133976625,9.7
2026-06-15 10:45:00+02:00,25.372902084671743,0.1
2026-06-15 11:00:00+02:00,41.24111361702289,4.05
2026-06-15 11:15:00+02:00,21.406286789805712,0.0
2026-06-15 11:30:00+02:00,10.558549097257718,0.0
2026-06-15 11:45:00+02:00,-8.171946887283365,-0.02
2026-06-15 12:00:00+02:00,-15.17488831075231,0.0
2026-06-15 12:15:00+02:00,-31.690429093548623,-0.01
2026-06-15 12:30:00+02:00,-34.229230342440815,-0.04
2026-06-15 12:45:00+02:00,-34.515395487623934,-0.06
2026-06-15 13:00:00+02:00,-37.55052280817586,-1.02
2026-06-15 13:15:00+02:00,-36.1521428622639,-1.09
2026-06-15 13:30:00+02:00,-37.72211577964112,-1.81
2026-06-15 13:45:00+02:00,-33.503818991003946,-2.01
2026-06-15 14:00:00+02:00,-35.19567159548138,-2.65
2026-06-15 14:15:00+02:00,-37.68347689469664,-2.97
2026-06-15 14:30:00+02:00,-42.81208309015261,-3.0
2026-06-15 14:45:00+02:00,-39.608683027125046,-2.99
2026-06-15 15:00:00+02:00,-24.695502907182583,-1.1
2026-06-15 15:15:00+02:00,-24.877277214010846,-1.02
2026-06-15 15:30:00+02:00,-16.678215099313313,-0.86
2026-06-15 15:45:00+02:00,-14.18600127703402,-0.75
2026-06-15 16:00:00+02:00,-3.3901767774125684,-0.06
2026-06-15 16:15:00+02:00,0.5233968974557115,-0.01
2026-06-15 16:30:00+02:00,20.968962536133446,0.0
2026-06-15 16:45:00+02:00,57.841155699559664,0.01
2026-06-15 17:00:00+02:00,28.565134030422122,8.44
2026-06-15 17:15:00+02:00,76.13787870727086,31.22
2026-06-15 17:30:00+02:00,88.80951210930787,49.98
2026-06-15 17:45:00+02:00,80.3780807521353,85.07
2026-06-15 18:00:00+02:00,79.89861488980448,47.45
2026-06-15 18:15:00+02:00,100.59589503505399,77.5
2026-06-15 18:30:00+02:00,118.11526914576379,107.67
2026-06-15 18:45:00+02:00,129.33598088117213,133.19
2026-06-15 19:00:00+02:00,115.09479361492397,107.51
2026-06-15 19:15:00+02:00,126.63550428517534,121.95
2026-06-15 19:30:00+02:00,128.4762955411959,136.87
2026-06-15 19:45:00+02:00,147.34971785117375,150.0
2026-06-15 20:00:00+02:00,133.88580784451236,131.1
2026-06-15 20:15:00+02:00,143.7713863628156,137.59
2026-06-15 20:30:00+02:00,153.23105703369518,153.92
2026-06-15 20:45:00+02:00,150.520715162231,172.17
2026-06-15 21:00:00+02:00,148.66767176374057,154.93
2026-06-15 21:15:00+02:00,155.4830336157703,157.62
2026-06-15 21:30:00+02:00,144.7144901704982,159.88
2026-06-15 21:45:00+02:00,140.957869914327,152.61
2026-06-15 22:00:00+02:00,147.2389916315143,162.7
2026-06-15 22:15:00+02:00,138.04024171960685,155.89
2026-06-15 22:30:00+02:00,138.3248185817426,155.08
2026-06-15 22:45:00+02:00,128.8460426181541,141.5
2026-06-15 23:00:00+02:00,139.42321549337012,147.05
2026-06-15 23:15:00+02:00,126.29448193329453,133.32
2026-06-15 23:30:00+02:00,125.3021895663692,131.36
2026-06-15 23:45:00+02:00,120.41004239618738,127.29
2026-06-16 00:00:00+02:00,141.7999030167703,131.85
2026-06-16 00:15:00+02:00,133.80179240651256,126.99
2026-06-16 00:30:00+02:00,131.94941074033056,118.46
2026-06-16 00:45:00+02:00,122.63911828815573,114.01
2026-06-16 01:00:00+02:00,130.91239291524727,120.7
2026-06-16 01:15:00+02:00,125.78717306302433,117.21
2026-06-16 01:30:00+02:00,123.64086606190094,116.34
2026-06-16 01:45:00+02:00,124.30064022070955,115.02
2026-06-16 02:00:00+02:00,122.37331385038793,116.34
2026-06-16 02:15:00+02:00,124.68114963639118,114.93
2026-06-16 02:30:00+02:00,124.92411105496954,113.43
2026-06-16 02:45:00+02:00,126.78563593394148,110.4
2026-06-16 03:00:00+02:00,119.95196760111963,113.01
2026-06-16 03:15:00+02:00,118.18819942449764,112.65
2026-06-16 03:30:00+02:00,120.08722591254357,108.67
2026-06-16 03:45:00+02:00,120.0184480276975,109.64
2026-06-16 04:00:00+02:00,123.98346941419884,110.4
2026-06-16 04:15:00+02:00,124.47296248451266,110.33
2026-06-16 04:30:00+02:00,127.48427338652017,111.44
2026-06-16 04:45:00+02:00,131.18145035819936,112.79
2026-06-16 05:00:00+02:00,122.8122138606419,112.01
2026-06-16 05:15:00+02:00,127.25844010883398,112.79
2026-06-16 05:30:00+02:00,132.3895593531874,116.79
2026-06-16 05:45:00+02:00,136.61180653776947,118.9
2026-06-16 06:00:00+02:00,143.40417847197253,125.0
2026-06-16 06:15:00+02:00,145.2479964062775,127.7
2026-06-16 06:30:00+02:00,149.3137471162211,129.27
2026-06-16 06:45:00+02:00,151.51111850802081,130.0
2026-06-16 07:00:00+02:00,163.01862431757309,138.99
2026-06-16 07:15:00+02:00,147.08856567216193,133.31
2026-06-16 07:30:00+02:00,145.05721075469233,131.48
2026-06-16 07:45:00+02:00,132.28679816347744,123.0
2026-06-16 08:00:00+02:00,150.49516323327052,139.77
2026-06-16 08:15:00+02:00,139.26453201227235,127.58
2026-06-16 08:30:00+02:00,133.38466069452568,122.52
2026-06-16 08:45:00+02:00,110.29699251368528,115.39
2026-06-16 09:00:00+02:00,129.2761650344308,118.93
2026-06-16 09:15:00+02:00,114.015977328254,113.66
2026-06-16 09:30:00+02:00,102.32502296736854,105.42
2026-06-16 09:45:00+02:00,93.3140065075041,100.0
2026-06-16 10:00:00+02:00,102.40104369260065,95.33
2026-06-16 10:15:00+02:00,94.25113076425531,90.69
2026-06-16 10:30:00+02:00,96.792682598132,85.9
2026-06-16 10:45:00+02:00,85.68065840104671,72.0
2026-06-16 11:00:00+02:00,98.80198953680052,94.25
2026-06-16 11:15:00+02:00,94.41981663900282,85.14
2026-06-16 11:30:00+02:00,83.2791401291711,76.5
2026-06-16 11:45:00+02:00,66.09028357448464,66.26
2026-06-16 12:00:00+02:00,81.27036033679684,76.01
2026-06-16 12:15:00+02:00,51.5430435353375,67.74
2026-06-16 12:30:00+02:00,48.16300561965328,63.35
2026-06-16 12:45:00+02:00,39.09395856402694,58.89
2026-06-16 13:00:00+02:00,49.01469937061396,65.34
2026-06-16 13:15:00+02:00,40.95462127297056,60.0
2026-06-16 13:30:00+02:00,48.76955653697886,51.01
2026-06-16 13:45:00+02:00,37.20672163801577,40.67
2026-06-16 14:00:00+02:00,41.99540848431927,47.94
2026-06-16 14:15:00+02:00,33.502282679038395,48.63
2026-06-16 14:30:00+02:00,40.33187187534827,50.51
2026-06-16 14:45:00+02:00,44.371191770850054,55.85
2026-06-16 15:00:00+02:00,25.27083224049302,50.49
2026-06-16 15:15:00+02:00,33.64507440536454,57.89
2026-06-16 15:30:00+02:00,38.907408510489105,61.41
2026-06-16 15:45:00+02:00,46.05578372578766,71.09
2026-06-16 16:00:00+02:00,44.79273767764026,60.43
2026-06-16 16:15:00+02:00,35.448491462611535,73.3
2026-06-16 16:30:00+02:00,50.49185977880657,90.53
2026-06-16 16:45:00+02:00,72.69091869981466,101.57
2026-06-16 17:00:00+02:00,59.031215459831564,94.18
2026-06-16 17:15:00+02:00,79.5970536955516,104.24
2026-06-16 17:30:00+02:00,125.53988910884401,115.15
2026-06-16 17:45:00+02:00,140.93581472417415,125.32
2026-06-16 18:00:00+02:00,120.47214004619457,114.01
2026-06-16 18:15:00+02:00,128.7282460291384,122.81
2026-06-16 18:30:00+02:00,149.78762921848323,128.89
2026-06-16 18:45:00+02:00,169.89110489726016,142.73
2026-06-16 19:00:00+02:00,151.33369173077315,126.98
2026-06-16 19:15:00+02:00,168.91922658306157,141.39
2026-06-16 19:30:00+02:00,186.47288083473939,154.11
2026-06-16 19:45:00+02:00,196.29943578362207,169.99
2026-06-16 20:00:00+02:00,192.49771909298346,150.54
2026-06-16 20:15:00+02:00,188.82492023872254,169.37
2026-06-16 20:30:00+02:00,186.41660166047885,180.63
2026-06-16 20:45:00+02:00,205.29527465028076,195.87
2026-06-16 21:00:00+02:00,205.7915410970365,186.36
2026-06-16 21:15:00+02:00,199.7968276031337,192.51
2026-06-16 21:30:00+02:00,199.02339589820144,182.16
2026-06-16 21:45:00+02:00,180.01480315788805,164.65
2026-06-16 22:00:00+02:00,178.7076971549091,191.46
2026-06-16 22:15:00+02:00,173.16238197572787,162.79
2026-06-16 22:30:00+02:00,158.30488563614776,153.99
2026-06-16 22:45:00+02:00,143.93540473359565,147.2
2026-06-16 23:00:00+02:00,155.5257787424612,152.53
2026-06-16 23:15:00+02:00,139.66477493194088,145.78
2026-06-16 23:30:00+02:00,139.21617864847363,140.07
2026-06-16 23:45:00+02:00,133.98351380187069,134.05
2026-06-17 00:00:00+02:00,141.31903265640813,148.96
2026-06-17 00:15:00+02:00,136.88607303746093,143.15
2026-06-17 00:30:00+02:00,129.43906602556999,139.0
2026-06-17 00:45:00+02:00,125.94932165191437,133.81
2026-06-17 01:00:00+02:00,133.063607473538,144.03
2026-06-17 01:15:00+02:00,128.47934328331934,134.35
2026-06-17 01:30:00+02:00,128.580493987035,133.14
2026-06-17 01:45:00+02:00,122.88502852352158,130.05
2026-06-17 02:00:00+02:00,125.67183002298356,131.79
2026-06-17 02:15:00+02:00,122.25132500964958,128.74
2026-06-17 02:30:00+02:00,123.83932890988123,128.7
2026-06-17 02:45:00+02:00,123.31420780077816,128.09
2026-06-17 03:00:00+02:00,120.21116826442118,128.42
2026-06-17 03:15:00+02:00,122.72926589644463,127.16
2026-06-17 03:30:00+02:00,122.89688914823547,127.81
2026-06-17 03:45:00+02:00,121.54122985567635,126.77
2026-06-17 04:00:00+02:00,121.12218526547835,125.94
2026-06-17 04:15:00+02:00,121.14887666573308,127.04
2026-06-17 04:30:00+02:00,117.44765893928295,127.61
2026-06-17 04:45:00+02:00,122.12839584983686,129.07
2026-06-17 05:00:00+02:00,120.2843153683286,126.19
2026-06-17 05:15:00+02:00,119.7215744790676,126.42
2026-06-17 05:30:00+02:00,124.04998829108223,128.4
2026-06-17 05:45:00+02:00,135.96010374274343,131.17
2026-06-17 06:00:00+02:00,134.90633993706132,138.52
2026-06-17 06:15:00+02:00,142.0539018522692,143.3
2026-06-17 06:30:00+02:00,143.83041732450044,143.76
2026-06-17 06:45:00+02:00,143.11925997975942,135.48
2026-06-17 07:00:00+02:00,151.02650369446596,149.27
2026-06-17 07:15:00+02:00,149.93510674554147,138.27
2026-06-17 07:30:00+02:00,139.23427916922822,135.48
2026-06-17 07:45:00+02:00,133.47193661707814,123.68
2026-06-17 08:00:00+02:00,149.7948228046966,133.09
2026-06-17 08:15:00+02:00,135.68255066967436,125.92
2026-06-17 08:30:00+02:00,129.93489744341989,117.58
2026-06-17 08:45:00+02:00,112.01387363677166,110.43
2026-06-17 09:00:00+02:00,124.01370050851884,119.3
2026-06-17 09:15:00+02:00,120.25973359405145,105.9
2026-06-17 09:30:00+02:00,112.37923786913052,102.79
2026-06-17 09:45:00+02:00,103.46498905861571,95.19
2026-06-17 10:00:00+02:00,111.13867323046077,102.55
2026-06-17 10:15:00+02:00,103.12378666433762,92.03
2026-06-17 10:30:00+02:00,92.79898418098604,84.65
2026-06-17 10:45:00+02:00,93.85078500993188,73.75
2026-06-17 11:00:00+02:00,98.21575685523256,90.77
2026-06-17 11:15:00+02:00,95.26558461420557,80.0
2026-06-17 11:30:00+02:00,95.76966316760578,72.87
2026-06-17 11:45:00+02:00,87.1858482872875,70.31
2026-06-17 12:00:00+02:00,95.45030144709786,78.95
2026-06-17 12:15:00+02:00,85.12479865691127,72.66
2026-06-17 12:30:00+02:00,85.59322951933169,70.47
2026-06-17 12:45:00+02:00,86.61403795507165,66.84
2026-06-17 13:00:00+02:00,84.26879554006291,69.99
2026-06-17 13:15:00+02:00,85.64380548580121,65.22
2026-06-17 13:30:00+02:00,85.48863246557251,60.25
2026-06-17 13:45:00+02:00,81.83430031662441,55.71
2026-06-17 14:00:00+02:00,80.35496309690106,62.0
2026-06-17 14:15:00+02:00,88.37057740093084,65.18
2026-06-17 14:30:00+02:00,91.0881452310571,65.86
2026-06-17 14:45:00+02:00,88.78627362235216,71.99
2026-06-17 15:00:00+02:00,90.96196288241082,67.66
2026-06-17 15:15:00+02:00,84.1488154057431,73.02
2026-06-17 15:30:00+02:00,98.4612849870145,78.97
2026-06-17 15:45:00+02:00,102.81494633635455,84.25
2026-06-17 16:00:00+02:00,100.11752681675706,74.94
2026-06-17 16:15:00+02:00,100.36174106275396,82.48
2026-06-17 16:30:00+02:00,113.57590648454112,94.03
2026-06-17 16:45:00+02:00,122.25260410177034,100.92
2026-06-17 17:00:00+02:00,111.80766210221023,87.59
2026-06-17 17:15:00+02:00,119.39520845735643,105.0
2026-06-17 17:30:00+02:00,124.92180550835624,112.68
2026-06-17 17:45:00+02:00,131.7765225146344,120.43
2026-06-17 18:00:00+02:00,122.86329018144505,110.08
2026-06-17 18:15:00+02:00,125.45758606065166,115.19
2026-06-17 18:30:00+02:00,140.26833194966622,124.96
2026-06-17 18:45:00+02:00,145.85765252646843,132.72
2026-06-17 19:00:00+02:00,131.15454267318492,129.68
2026-06-17 19:15:00+02:00,149.80385722493705,136.42
2026-06-17 19:30:00+02:00,167.18232046033376,148.13
2026-06-17 19:45:00+02:00,160.7054453293527,156.0
2026-06-17 20:00:00+02:00,153.86046946510146,146.82
2026-06-17 20:15:00+02:00,174.62790704998906,155.12
2026-06-17 20:30:00+02:00,192.96492890246918,172.75
2026-06-17 20:45:00+02:00,198.98665362818008,174.87
2026-06-17 21:00:00+02:00,190.91346766878578,173.55
2026-06-17 21:15:00+02:00,190.27946297554308,169.1
2026-06-17 21:30:00+02:00,181.83602156687755,161.2
2026-06-17 21:45:00+02:00,164.36355811037237,152.61
2026-06-17 22:00:00+02:00,173.82828801005016,172.96
2026-06-17 22:15:00+02:00,162.38291247291124,160.01
2026-06-17 22:30:00+02:00,154.95344019300882,154.54
2026-06-17 22:45:00+02:00,142.22164334839812,146.93
2026-06-17 23:00:00+02:00,152.95195819061905,152.02
2026-06-17 23:15:00+02:00,142.33843916160583,145.42
2026-06-17 23:30:00+02:00,138.84523616494192,138.98
2026-06-17 23:45:00+02:00,131.06689106122596,134.53
2026-06-18 00:00:00+02:00,147.4425093598254,143.06
2026-06-18 00:15:00+02:00,138.2724481939404,135.06
2026-06-18 00:30:00+02:00,137.36464159825874,134.15
2026-06-18 00:45:00+02:00,131.6174169163483,128.76
2026-06-18 01:00:00+02:00,139.38650754350732,129.56
2026-06-18 01:15:00+02:00,132.97220363603742,126.55
2026-06-18 01:30:00+02:00,130.48118502163825,124.29
2026-06-18 01:45:00+02:00,125.46092781825895,122.51
2026-06-18 02:00:00+02:00,128.19182179797912,123.33
2026-06-18 02:15:00+02:00,126.74798262641652,121.85
2026-06-18 02:30:00+02:00,126.07989032069325,121.45
2026-06-18 02:45:00+02:00,124.27722064325722,120.82
2026-06-18 03:00:00+02:00,125.36869980432274,120.73
2026-06-18 03:15:00+02:00,124.14895027300733,119.15
2026-06-18 03:30:00+02:00,123.94589881812311,119.33
2026-06-18 03:45:00+02:00,123.45390632838605,119.53
2026-06-18 04:00:00+02:00,125.11814436884848,117.66
2026-06-18 04:15:00+02:00,125.06975707879448,118.61
2026-06-18 04:30:00+02:00,125.39969268316437,119.97
2026-06-18 04:45:00+02:00,126.88973907472146,121.01
2026-06-18 05:00:00+02:00,125.6922799301799,124.26
2026-06-18 05:15:00+02:00,123.40609626348204,124.96
2026-06-18 05:30:00+02:00,125.43917380563283,128.0
2026-06-18 05:45:00+02:00,128.31544646498168,131.14
2026-06-18 06:00:00+02:00,131.7598450131492,133.81
2026-06-18 06:15:00+02:00,140.52750236782265,137.58
2026-06-18 06:30:00+02:00,138.96279474011175,135.95
2026-06-18 06:45:00+02:00,141.0652539396364,133.86
2026-06-18 07:00:00+02:00,148.25231693141768,143.99
2026-06-18 07:15:00+02:00,138.63392015333596,137.46
2026-06-18 07:30:00+02:00,134.06103249052097,136.26
2026-06-18 07:45:00+02:00,116.90519397581443,123.35
2026-06-18 08:00:00+02:00,140.2232047581781,131.0
2026-06-18 08:15:00+02:00,134.25365696762498,123.6
2026-06-18 08:30:00+02:00,121.4601339013287,117.4
2026-06-18 08:45:00+02:00,105.52035962967017,102.93
2026-06-18 09:00:00+02:00,119.34871376464659,117.0
2026-06-18 09:15:00+02:00,108.10255196536603,104.99
2026-06-18 09:30:00+02:00,96.77647966656639,98.81
2026-06-18 09:45:00+02:00,76.23047882845486,86.06
2026-06-18 10:00:00+02:00,92.60115713354817,99.42
2026-06-18 10:15:00+02:00,80.34356291907392,83.45
2026-06-18 10:30:00+02:00,60.2308071228047,71.2
2026-06-18 10:45:00+02:00,43.378499428839525,46.47
2026-06-18 11:00:00+02:00,62.51523602542239,65.16
2026-06-18 11:15:00+02:00,44.05718871170971,50.6
2026-06-18 11:30:00+02:00,20.85723378307682,35.25
2026-06-18 11:45:00+02:00,6.105718097297003,25.1
2026-06-18 12:00:00+02:00,8.5405327499545,39.95
2026-06-18 12:15:00+02:00,6.922174979751139,28.68
2026-06-18 12:30:00+02:00,9.622235847775444,24.99
2026-06-18 12:45:00+02:00,8.060532052319823,19.37
2026-06-18 13:00:00+02:00,8.015606094032343,26.27
2026-06-18 13:15:00+02:00,6.127265422974292,21.89
2026-06-18 13:30:00+02:00,9.086086262762617,15.51
2026-06-18 13:45:00+02:00,7.008105202563736,11.01
2026-06-18 14:00:00+02:00,7.110357682913638,21.13
2026-06-18 14:15:00+02:00,9.119877204121888,23.76
2026-06-18 14:30:00+02:00,17.274522014747372,26.27
2026-06-18 14:45:00+02:00,9.003383261302194,32.44
2026-06-18 15:00:00+02:00,18.61564623117567,25.0
2026-06-18 15:15:00+02:00,12.560554099635809,42.0
2026-06-18 15:30:00+02:00,26.370623683247914,54.1
2026-06-18 15:45:00+02:00,47.59754677324838,71.29
2026-06-18 16:00:00+02:00,26.787218406622927,46.78
2026-06-18 16:15:00+02:00,48.80575134650819,74.96
2026-06-18 16:30:00+02:00,93.14785863080553,89.98
2026-06-18 16:45:00+02:00,107.4811240558279,104.52
2026-06-18 17:00:00+02:00,93.91529353911575,80.84
2026-06-18 17:15:00+02:00,100.65610969686377,100.22
2026-06-18 17:30:00+02:00,104.18955790051112,114.27
2026-06-18 17:45:00+02:00,135.02111853118893,126.73
2026-06-18 18:00:00+02:00,110.2394685873983,102.06
2026-06-18 18:15:00+02:00,122.82029246305845,127.02
2026-06-18 18:30:00+02:00,140.39309470105962,144.51
2026-06-18 18:45:00+02:00,160.54832516747757,169.24
2026-06-18 19:00:00+02:00,140.87253647323809,148.14
2026-06-18 19:15:00+02:00,160.68789623276004,174.46
2026-06-18 19:30:00+02:00,187.65488452941545,277.52
2026-06-18 19:45:00+02:00,217.44568176127262,413.45
2026-06-18 20:00:00+02:00,208.12946833600125,319.25
2026-06-18 20:15:00+02:00,213.64328417936267,382.0
2026-06-18 20:30:00+02:00,251.43396082112824,494.27
2026-06-18 20:45:00+02:00,280.3290959462813,544.75
2026-06-18 21:00:00+02:00,235.69623008552384,529.97
2026-06-18 21:15:00+02:00,251.89627862456285,501.04
2026-06-18 21:30:00+02:00,220.18876381246298,390.01
2026-06-18 21:45:00+02:00,196.10303272651717,346.64
2026-06-18 22:00:00+02:00,219.66409035810346,400.01
2026-06-18 22:15:00+02:00,183.4175709456779,296.43
2026-06-18 22:30:00+02:00,157.15944611069045,196.85
2026-06-18 22:45:00+02:00,147.55610813241177,163.99
2026-06-18 23:00:00+02:00,158.81861991396377,187.55
2026-06-18 23:15:00+02:00,149.073848472467,163.09
2026-06-18 23:30:00+02:00,140.14726491299692,155.16
2026-06-18 23:45:00+02:00,136.6662619030882,146.27
2026-06-19 00:00:00+02:00,147.88543034101986,154.26
2026-06-19 00:15:00+02:00,142.19286797222665,148.21
2026-06-19 00:30:00+02:00,130.03389324490936,143.99
2026-06-19 00:45:00+02:00,120.53523193174826,140.11
2026-06-19 01:00:00+02:00,133.9493227171334,142.05
2026-06-19 01:15:00+02:00,128.3526674847164,135.79
2026-06-19 01:30:00+02:00,124.19609778030788,128.43
2026-06-19 01:45:00+02:00,119.69491671635467,123.78
2026-06-19 02:00:00+02:00,124.49055112220427,130.43
2026-06-19 02:15:00+02:00,121.41353276965806,124.13
2026-06-19 02:30:00+02:00,118.66467396463025,122.95
2026-06-19 02:45:00+02:00,117.7412340029874,121.78
2026-06-19 03:00:00+02:00,118.55106253288689,121.78
2026-06-19 03:15:00+02:00,117.39541966891424,121.06
2026-06-19 03:30:00+02:00,116.80060163247734,120.0
2026-06-19 03:45:00+02:00,113.74479005142788,119.0
2026-06-19 04:00:00+02:00,115.80173864640953,117.83
2026-06-19 04:15:00+02:00,113.44389383827867,118.51
2026-06-19 04:30:00+02:00,116.1200427098458,118.45
2026-06-19 04:45:00+02:00,116.8423748902466,119.08
2026-06-19 05:00:00+02:00,118.89884517013202,118.0
2026-06-19 05:15:00+02:00,117.65743187592032,119.24
2026-06-19 05:30:00+02:00,113.2539320352989,120.93
2026-06-19 05:45:00+02:00,116.97692667108048,124.21
2026-06-19 06:00:00+02:00,116.52297741779412,142.55
2026-06-19 06:15:00+02:00,123.57424030820793,141.33
2026-06-19 06:30:00+02:00,125.33397664518876,140.23
2026-06-19 06:45:00+02:00,124.04948810996783,130.76
2026-06-19 07:00:00+02:00,136.4763488829351,139.73
2026-06-19 07:15:00+02:00,124.68917704981617,136.16
2026-06-19 07:30:00+02:00,121.1086984503031,123.12
2026-06-19 07:45:00+02:00,110.97083594144763,110.48
2026-06-19 08:00:00+02:00,121.32425507009377,123.05
2026-06-19 08:15:00+02:00,125.71560627792115,114.71
2026-06-19 08:30:00+02:00,111.19008603895747,109.69
2026-06-19 08:45:00+02:00,91.92584746994582,100.38
2026-06-19 09:00:00+02:00,119.64926140338493,112.4
2026-06-19 09:15:00+02:00,94.93291643899094,103.72
2026-06-19 09:30:00+02:00,64.80727975343237,89.7
2026-06-19 09:45:00+02:00,49.864839609360274,75.76
2026-06-19 10:00:00+02:00,93.06037221579722,90.08
2026-06-19 10:15:00+02:00,50.99762865924114,80.07
2026-06-19 10:30:00+02:00,35.395219456486004,65.07
2026-06-19 10:45:00+02:00,38.38179370475862,44.41
2026-06-19 11:00:00+02:00,38.11810019263516,53.93
2026-06-19 11:15:00+02:00,40.19083082386888,38.6
2026-06-19 11:30:00+02:00,37.03371055880089,24.83
2026-06-19 11:45:00+02:00,22.98702488220487,11.0
2026-06-19 12:00:00+02:00,21.904341245109315,21.8
2026-06-19 12:15:00+02:00,17.561656877513872,14.01
2026-06-19 12:30:00+02:00,10.564809132585605,14.2
2026-06-19 12:45:00+02:00,3.8662453085822497,9.99
2026-06-19 13:00:00+02:00,7.9580521203191,12.97
2026-06-19 13:15:00+02:00,-1.6891995412436798,10.31
2026-06-19 13:30:00+02:00,-1.8123020232114302,12.03
2026-06-19 13:45:00+02:00,1.0817085337653087,9.63
2026-06-19 14:00:00+02:00,-3.6112264159444902,10.44
2026-06-19 14:15:00+02:00,1.8441329391617005,13.59
2026-06-19 14:30:00+02:00,6.718552998542392,16.1
2026-06-19 14:45:00+02:00,13.209639198498158,25.09
2026-06-19 15:00:00+02:00,6.997337277745048,18.74
2026-06-19 15:15:00+02:00,17.882226364749563,32.31
2026-06-19 15:30:00+02:00,30.36021247762984,49.48
2026-06-19 15:45:00+02:00,58.00815952750116,70.88
2026-06-19 16:00:00+02:00,22.96157720125369,50.72
2026-06-19 16:15:00+02:00,51.307518204390085,78.37
2026-06-19 16:30:00+02:00,60.43862815663226,89.28
2026-06-19 16:45:00+02:00,78.31662584733677,104.37
2026-06-19 17:00:00+02:00,53.68358459137541,90.57
2026-06-19 17:15:00+02:00,63.99459444475558,106.85
2026-06-19 17:30:00+02:00,72.04876411440725,114.13
2026-06-19 17:45:00+02:00,116.21753768287618,121.74
2026-06-19 18:00:00+02:00,77.70461887657838,110.65
2026-06-19 18:15:00+02:00,109.07244256368722,121.31
2026-06-19 18:30:00+02:00,133.85673288845015,135.37
2026-06-19 18:45:00+02:00,152.35956121572326,151.48
2026-06-19 19:00:00+02:00,126.66957895016688,143.8
2026-06-19 19:15:00+02:00,143.19500088776826,153.85
2026-06-19 19:30:00+02:00,157.21946887560145,179.84
2026-06-19 19:45:00+02:00,178.87185587588388,205.65
2026-06-19 20:00:00+02:00,164.97109148859838,186.52
2026-06-19 20:15:00+02:00,166.49222511541484,199.16
2026-06-19 20:30:00+02:00,181.33611876613813,207.14
2026-06-19 20:45:00+02:00,190.59672568834762,212.62
2026-06-19 21:00:00+02:00,182.07324231630773,201.62
2026-06-19 21:15:00+02:00,173.67993804710542,195.7
2026-06-19 21:30:00+02:00,166.5971440708786,183.88
2026-06-19 21:45:00+02:00,153.81826078915577,160.93
2026-06-19 22:00:00+02:00,167.74146663720543,173.33
2026-06-19 22:15:00+02:00,149.28357274592517,162.4
2026-06-19 22:30:00+02:00,131.251544775236,150.07
2026-06-19 22:45:00+02:00,124.57975096249208,145.65
2026-06-19 23:00:00+02:00,137.36821666928506,148.51
2026-06-19 23:15:00+02:00,128.29047682144602,142.16
2026-06-19 23:30:00+02:00,124.7424604743075,133.86
2026-06-19 23:45:00+02:00,115.67428425671845,126.6
2026-06-20 00:00:00+02:00,148.6091969568221,142.77
2026-06-20 00:15:00+02:00,139.3997737972362,133.14
2026-06-20 00:30:00+02:00,129.4325961957934,123.94
2026-06-20 00:45:00+02:00,127.53187792839793,121.55
2026-06-20 01:00:00+02:00,133.27628129672826,123.6
2026-06-20 01:15:00+02:00,126.1375413546621,120.16
2026-06-20 01:30:00+02:00,123.20492791607055,120.12
2026-06-20 01:45:00+02:00,119.3285335410661,120.6
2026-06-20 02:00:00+02:00,122.40240760381789,120.55
2026-06-20 02:15:00+02:00,117.2859601571227,119.45
2026-06-20 02:30:00+02:00,118.63344500729795,117.95
2026-06-20 02:45:00+02:00,117.82928816452886,116.45
2026-06-20 03:00:00+02:00,120.08535548716263,118.61
2026-06-20 03:15:00+02:00,118.79634055562832,116.81
2026-06-20 03:30:00+02:00,118.78172155827956,116.62
2026-06-20 03:45:00+02:00,118.26279623728759,115.01
2026-06-20 04:00:00+02:00,115.37618862263432,113.88
2026-06-20 04:15:00+02:00,115.93502455658731,114.95
2026-06-20 04:30:00+02:00,116.57571794389943,114.76
2026-06-20 04:45:00+02:00,116.10604568151241,115.6
2026-06-20 05:00:00+02:00,120.04510970545694,116.33
2026-06-20 05:15:00+02:00,119.54835767290078,115.99
2026-06-20 05:30:00+02:00,119.91445988167212,113.75
2026-06-20 05:45:00+02:00,120.39190368082986,111.9
2026-06-20 06:00:00+02:00,123.11548590086464,116.96
2026-06-20 06:15:00+02:00,119.04794270891286,112.4
2026-06-20 06:30:00+02:00,112.57491256344389,109.54
2026-06-20 06:45:00+02:00,112.11709265705345,100.01
2026-06-20 07:00:00+02:00,116.1529710088399,114.3
2026-06-20 07:15:00+02:00,106.30464825627533,108.42
2026-06-20 07:30:00+02:00,100.71949106747017,98.67
2026-06-20 07:45:00+02:00,94.16471961385574,85.32
2026-06-20 08:00:00+02:00,102.57737005857562,115.0
2026-06-20 08:15:00+02:00,93.68409697780535,99.2
2026-06-20 08:30:00+02:00,81.57575118146707,82.55
2026-06-20 08:45:00+02:00,72.08584137994664,63.2
2026-06-20 09:00:00+02:00,97.32909267428467,83.83
2026-06-20 09:15:00+02:00,73.0224019903155,53.82
2026-06-20 09:30:00+02:00,62.77433898720933,23.46
2026-06-20 09:45:00+02:00,41.390713304139425,4.23
2026-06-20 10:00:00+02:00,64.13009999737652,11.79
2026-06-20 10:15:00+02:00,20.427289484698427,3.99
2026-06-20 10:30:00+02:00,2.484340445477173,0.71
2026-06-20 10:45:00+02:00,4.793706524478907,0.01
2026-06-20 11:00:00+02:00,2.48521235853741,0.0
2026-06-20 11:15:00+02:00,-0.030605693860092487,0.0
2026-06-20 11:30:00+02:00,0.0346986436719412,0.0
2026-06-20 11:45:00+02:00,5.077678515014875,-0.01
2026-06-20 12:00:00+02:00,-0.8430425077365946,-0.01
2026-06-20 12:15:00+02:00,10.401277256593044,-0.01
2026-06-20 12:30:00+02:00,3.2663139546832696,-0.01
2026-06-20 12:45:00+02:00,9.348448668412232,-0.02
2026-06-20 13:00:00+02:00,8.865639143755956,-0.01
2026-06-20 13:15:00+02:00,5.353304386579031,-0.02
2026-06-20 13:30:00+02:00,6.792674919698502,-0.02
2026-06-20 13:45:00+02:00,8.070072801734566,-0.02
2026-06-20 14:00:00+02:00,10.38920151540777,-0.02
2026-06-20 14:15:00+02:00,8.89768579605893,-0.01
2026-06-20 14:30:00+02:00,9.417655196435422,-0.01
2026-06-20 14:45:00+02:00,7.326218692704057,-0.01
2026-06-20 15:00:00+02:00,8.032328140041383,0.0
2026-06-20 15:15:00+02:00,5.449686227013421,0.0
2026-06-20 15:30:00+02:00,4.2128894350756845,0.0
2026-06-20 15:45:00+02:00,0.942409479014934,1.0
2026-06-20 16:00:00+02:00,8.03175357923344,0.15
2026-06-20 16:15:00+02:00,22.94756611133538,5.11
2026-06-20 16:30:00+02:00,47.146872794246605,16.18
2026-06-20 16:45:00+02:00,82.56461866253353,51.79
2026-06-20 17:00:00+02:00,50.34539227500829,14.0
2026-06-20 17:15:00+02:00,84.84540627311989,82.87
2026-06-20 17:30:00+02:00,100.12214543182344,107.79
2026-06-20 17:45:00+02:00,118.7603276116391,132.22
2026-06-20 18:00:00+02:00,83.5824816736142,101.29
2026-06-20 18:15:00+02:00,122.30994602585173,117.45
2026-06-20 18:30:00+02:00,134.37249989928648,125.49
2026-06-20 18:45:00+02:00,152.0538865574858,134.9
2026-06-20 19:00:00+02:00,132.47317326087142,123.08
2026-06-20 19:15:00+02:00,143.38977962536828,142.11
2026-06-20 19:30:00+02:00,158.66041922658002,152.61
2026-06-20 19:45:00+02:00,173.299361928862,171.79
2026-06-20 20:00:00+02:00,154.36930014707903,150.75
2026-06-20 20:15:00+02:00,168.85841560818304,164.14
2026-06-20 20:30:00+02:00,206.15597829572857,178.89
2026-06-20 20:45:00+02:00,202.7374348497092,194.17
2026-06-20 21:00:00+02:00,194.74865058258925,183.51
2026-06-20 21:15:00+02:00,198.06665875434368,180.25
2026-06-20 21:30:00+02:00,196.0071606777364,187.83
2026-06-20 21:45:00+02:00,182.06291652667517,178.61
2026-06-20 22:00:00+02:00,190.5209128911392,183.89
2026-06-20 22:15:00+02:00,170.7662199629593,164.82
2026-06-20 22:30:00+02:00,158.7250996227479,161.56
2026-06-20 22:45:00+02:00,144.31047682667895,150.0
2026-06-20 23:00:00+02:00,155.24068918861562,157.28
2026-06-20 23:15:00+02:00,147.45116666636613,150.02
2026-06-20 23:30:00+02:00,139.60036509664576,143.05
2026-06-20 23:45:00+02:00,130.5670492928152,136.88
2026-06-21 00:00:00+02:00,146.73121501530733,148.17
2026-06-21 00:15:00+02:00,141.80847076207596,138.76
2026-06-21 00:30:00+02:00,133.8921209793194,134.02
2026-06-21 00:45:00+02:00,129.0542606482457,130.71
2026-06-21 01:00:00+02:00,135.2541745296685,131.6
2026-06-21 01:15:00+02:00,133.10459182222354,129.38
2026-06-21 01:30:00+02:00,130.0939095395574,127.65
2026-06-21 01:45:00+02:00,125.13673040047327,125.63
2026-06-21 02:00:00+02:00,131.08079916119024,129.18
2026-06-21 02:15:00+02:00,130.32298702409952,125.92
2026-06-21 02:30:00+02:00,127.93547487942033,125.65
2026-06-21 02:45:00+02:00,126.39651103530677,124.91
2026-06-21 03:00:00+02:00,125.05060155738077,124.99
2026-06-21 03:15:00+02:00,124.32992448592923,124.95
2026-06-21 03:30:00+02:00,123.39908118262711,123.94
2026-06-21 03:45:00+02:00,122.91287033054137,122.8
2026-06-21 04:00:00+02:00,123.19779029308192,122.79
2026-06-21 04:15:00+02:00,124.78745831177616,122.51
2026-06-21 04:30:00+02:00,123.83966515631491,122.18
2026-06-21 04:45:00+02:00,122.61704916669258,122.25
2026-06-21 05:00:00+02:00,125.63466370077384,124.34
2026-06-21 05:15:00+02:00,124.08573735837801,120.23
2026-06-21 05:30:00+02:00,121.53245460944773,119.66
2026-06-21 05:45:00+02:00,112.08214971812502,114.12
2026-06-21 06:00:00+02:00,121.88223446414897,120.01
2026-06-21 06:15:00+02:00,116.13922479472689,113.45
2026-06-21 06:30:00+02:00,106.9315267854372,110.18
2026-06-21 06:45:00+02:00,98.64981118356319,104.76
2026-06-21 07:00:00+02:00,116.67944491729199,118.1
2026-06-21 07:15:00+02:00,98.60160629220088,110.11
2026-06-21 07:30:00+02:00,87.99818425337897,98.3
2026-06-21 07:45:00+02:00,80.43122570809294,82.91
2026-06-21 08:00:00+02:00,97.22225856987072,109.94
2026-06-21 08:15:00+02:00,88.99339964204967,84.68
2026-06-21 08:30:00+02:00,79.73757448197512,60.0
2026-06-21 08:45:00+02:00,57.45329551082822,28.64
2026-06-21 09:00:00+02:00,65.30348563670626,53.06
2026-06-21 09:15:00+02:00,46.56936228522165,35.25
2026-06-21 09:30:00+02:00,20.846598178914157,12.54
2026-06-21 09:45:00+02:00,2.801853309755657,3.08
2026-06-21 10:00:00+02:00,3.3281344440950846,4.1
2026-06-21 10:15:00+02:00,0.29075698048970366,1.31
2026-06-21 10:30:00+02:00,-4.086331252795688,0.04
2026-06-21 10:45:00+02:00,0.9778247774531117,0.0
2026-06-21 11:00:00+02:00,-0.9941916004223117,0.0
2026-06-21 11:15:00+02:00,-0.2220310709220854,0.0
2026-06-21 11:30:00+02:00,3.3191256255981916,0.0
2026-06-21 11:45:00+02:00,2.311459451030399,-0.01
2026-06-21 12:00:00+02:00,2.9943575753456715,0.0
2026-06-21 12:15:00+02:00,0.7397193694510957,-0.01
2026-06-21 12:30:00+02:00,-1.3765209950704729,-0.01
2026-06-21 12:45:00+02:00,-2.260104673650871,-0.01
2026-06-21 13:00:00+02:00,-3.0562321267806665,-0.01
2026-06-21 13:15:00+02:00,-2.3945735951971607,-0.01
2026-06-21 13:30:00+02:00,0.8100868971651243,-0.01
2026-06-21 13:45:00+02:00,3.0275630777520313,-0.01
2026-06-21 14:00:00+02:00,1.9741751219652033,-0.01
2026-06-21 14:15:00+02:00,2.682925508768324,-0.01
2026-06-21 14:30:00+02:00,0.5075536513947136,0.0
2026-06-21 14:45:00+02:00,1.6909875956048996,0.0
2026-06-21 15:00:00+02:00,2.5131366393848946,0.0
2026-06-21 15:15:00+02:00,0.9470005809003315,0.0
2026-06-21 15:30:00+02:00,0.519841297902655,0.0
2026-06-21 15:45:00+02:00,11.876729316073739,0.03
2026-06-21 16:00:00+02:00,0.7605961910026178,0.11
2026-06-21 16:15:00+02:00,17.07629416906411,2.05
2026-06-21 16:30:00+02:00,47.714648143871,6.85
2026-06-21 16:45:00+02:00,61.34304410267416,42.04
2026-06-21 17:00:00+02:00,50.91157292625094,20.05
2026-06-21 17:15:00+02:00,78.46963687709466,71.81
2026-06-21 17:30:00+02:00,105.1491996718378,95.84
2026-06-21 17:45:00+02:00,122.48887030459423,123.18
2026-06-21 18:00:00+02:00,101.94092492648969,100.07
2026-06-21 18:15:00+02:00,116.87633389186041,111.62
2026-06-21 18:30:00+02:00,133.37323922665544,117.94
2026-06-21 18:45:00+02:00,149.26250896879523,132.83
2026-06-21 19:00:00+02:00,128.3947174883899,118.38
2026-06-21 19:15:00+02:00,141.96163242785087,134.57
2026-06-21 19:30:00+02:00,145.8443513580064,140.02
2026-06-21 19:45:00+02:00,168.3658282184159,142.71
2026-06-21 20:00:00+02:00,148.91157207456533,142.87
2026-06-21 20:15:00+02:00,167.54642707703218,149.57
2026-06-21 20:30:00+02:00,173.00493360055407,153.13
2026-06-21 20:45:00+02:00,171.24396810069462,154.44
2026-06-21 21:00:00+02:00,178.19345789803302,152.23
2026-06-21 21:15:00+02:00,166.68361757607636,150.92
2026-06-21 21:30:00+02:00,159.50547374127186,150.0
2026-06-21 21:45:00+02:00,150.4046640370023,147.91
2026-06-21 22:00:00+02:00,166.18194804664196,150.27
2026-06-21 22:15:00+02:00,152.515674326181,149.64
2026-06-21 22:30:00+02:00,151.9731170655789,145.73
2026-06-21 22:45:00+02:00,145.52142897020957,138.76
2026-06-21 23:00:00+02:00,148.96485950670618,144.46
2026-06-21 23:15:00+02:00,147.46237974471632,136.22
2026-06-21 23:30:00+02:00,141.407951111838,132.61
2026-06-21 23:45:00+02:00,134.3438628322777,122.68
2026-06-22 00:00:00+02:00,144.68781914855836,138.16
2026-06-22 00:15:00+02:00,134.27351818220333,129.33
2026-06-22 00:30:00+02:00,130.58495227275387,124.27
2026-06-22 00:45:00+02:00,128.0278973791172,121.75
2026-06-22 01:00:00+02:00,129.59037935278204,122.77
2026-06-22 01:15:00+02:00,123.6539324831526,121.19
2026-06-22 01:30:00+02:00,122.11133171724049,118.97
2026-06-22 01:45:00+02:00,121.13771461759369,117.56
2026-06-22 02:00:00+02:00,120.71579715529492,119.42
2026-06-22 02:15:00+02:00,120.89882952992065,114.98
2026-06-22 02:30:00+02:00,119.8506066227535,113.15
2026-06-22 02:45:00+02:00,118.4498495235326,112.3
2026-06-22 03:00:00+02:00,120.9584714771619,114.64
2026-06-22 03:15:00+02:00,121.7096319264681,114.8
2026-06-22 03:30:00+02:00,121.2157638809701,115.01
2026-06-22 03:45:00+02:00,120.31712727788795,116.45
2026-06-22 04:00:00+02:00,117.3926905005845,114.4
2026-06-22 04:15:00+02:00,117.05079510306207,116.23
2026-06-22 04:30:00+02:00,118.31585839020006,117.82
2026-06-22 04:45:00+02:00,121.23943047551755,120.07
2026-06-22 05:00:00+02:00,119.60815596273187,118.61
2026-06-22 05:15:00+02:00,121.02211857515073,121.36
2026-06-22 05:30:00+02:00,125.08266249674824,123.07
2026-06-22 05:45:00+02:00,129.14691919865587,132.52
2026-06-22 06:00:00+02:00,136.31743863291433,136.17
2026-06-22 06:15:00+02:00,139.70179459318683,140.91
2026-06-22 06:30:00+02:00,140.45516639366357,142.09
2026-06-22 06:45:00+02:00,138.71920865656017,142.2
2026-06-22 07:00:00+02:00,149.26329325423566,153.56
2026-06-22 07:15:00+02:00,142.58417244419527,148.75
2026-06-22 07:30:00+02:00,136.81717274067995,146.84
2026-06-22 07:45:00+02:00,122.6380193567303,135.0
2026-06-22 08:00:00+02:00,156.89162681798805,147.33
2026-06-22 08:15:00+02:00,133.39235161714265,134.3
2026-06-22 08:30:00+02:00,119.40692944419649,125.31
2026-06-22 08:45:00+02:00,99.38776437874645,108.35
2026-06-22 09:00:00+02:00,119.59141821883198,123.2
2026-06-22 09:15:00+02:00,106.47257724843286,113.52
2026-06-22 09:30:00+02:00,84.04096427102363,101.22
2026-06-22 09:45:00+02:00,67.54200989008034,90.71
2026-06-22 10:00:00+02:00,84.84153860914769,104.95
2026-06-22 10:15:00+02:00,52.194623626746285,88.13
2026-06-22 10:30:00+02:00,66.01424755553577,80.51
2026-06-22 10:45:00+02:00,40.6746566333054,65.0
2026-06-22 11:00:00+02:00,35.19699649238012,71.01
2026-06-22 11:15:00+02:00,28.273153556307143,61.2
2026-06-22 11:30:00+02:00,20.696063231558625,51.0
2026-06-22 11:45:00+02:00,13.191140624417043,46.0
2026-06-22 12:00:00+02:00,15.764872585674121,49.66
2026-06-22 12:15:00+02:00,30.945218976477552,40.5
2026-06-22 12:30:00+02:00,26.895503505042285,37.9
2026-06-22 12:45:00+02:00,21.76824262508075,30.01
2026-06-22 13:00:00+02:00,23.68846665283495,35.68
2026-06-22 13:15:00+02:00,14.978069956507122,33.19
2026-06-22 13:30:00+02:00,15.667709281806125,30.24
2026-06-22 13:45:00+02:00,11.003127654977863,30.25
2026-06-22 14:00:00+02:00,9.7613489477931,29.71
2026-06-22 14:15:00+02:00,17.111913115117257,39.61
2026-06-22 14:30:00+02:00,21.352883504187762,44.94
2026-06-22 14:45:00+02:00,31.174891267963595,52.96
2026-06-22 15:00:00+02:00,23.21779692623989,48.38
2026-06-22 15:15:00+02:00,34.52104528540775,59.06
2026-06-22 15:30:00+02:00,40.4669152173551,65.51
2026-06-22 15:45:00+02:00,64.64771138865598,81.12
2026-06-22 16:00:00+02:00,56.418852857345186,72.3
2026-06-22 16:15:00+02:00,73.09564454582076,84.33
2026-06-22 16:30:00+02:00,100.87674535879873,94.04
2026-06-22 16:45:00+02:00,103.27235463909201,112.92
2026-06-22 17:00:00+02:00,95.31426604495208,92.65
2026-06-22 17:15:00+02:00,96.15313071154753,111.91
2026-06-22 17:30:00+02:00,113.16541489125414,120.11
2026-06-22 17:45:00+02:00,126.26903721015498,131.61
2026-06-22 18:00:00+02:00,106.10153661566787,119.94
2026-06-22 18:15:00+02:00,120.99119447028191,131.55
2026-06-22 18:30:00+02:00,119.85069800326383,149.23
2026-06-22 18:45:00+02:00,144.45581429969775,181.62
2026-06-22 19:00:00+02:00,131.41510636889828,150.06
2026-06-22 19:15:00+02:00,150.59014342976423,165.89
2026-06-22 19:30:00+02:00,163.7376600401775,208.69
2026-06-22 19:45:00+02:00,218.3247051335434,269.39
2026-06-22 20:00:00+02:00,194.89088717266583,222.38
2026-06-22 20:15:00+02:00,217.95855313658802,263.67
2026-06-22 20:30:00+02:00,251.1630268252665,293.0
2026-06-22 20:45:00+02:00,286.2701192517421,308.06
2026-06-22 21:00:00+02:00,299.2950532946263,287.12
2026-06-22 21:15:00+02:00,279.7191537181947,270.1
2026-06-22 21:30:00+02:00,238.02870283795076,241.87
2026-06-22 21:45:00+02:00,182.5089106768085,202.73
2026-06-22 22:00:00+02:00,230.37417754948592,229.3
2026-06-22 22:15:00+02:00,179.7783783026597,204.92
2026-06-22 22:30:00+02:00,162.11808693837318,170.6
2026-06-22 22:45:00+02:00,144.78084922476802,153.46
2026-06-22 23:00:00+02:00,155.65841417265938,164.0
2026-06-22 23:15:00+02:00,147.80648477441693,159.86
2026-06-22 23:30:00+02:00,146.27232508407133,153.49
2026-06-22 23:45:00+02:00,135.75766825350874,146.66
2026-06-23 00:00:00+02:00,150.0614189304077,154.13
2026-06-23 00:15:00+02:00,141.1912536547985,148.58
2026-06-23 00:30:00+02:00,138.5994454961344,143.09
2026-06-23 00:45:00+02:00,135.4528795347385,138.44
2026-06-23 01:00:00+02:00,137.38342459550637,143.71
2026-06-23 01:15:00+02:00,131.34380410875684,139.12
2026-06-23 01:30:00+02:00,129.1713815522211,137.82
2026-06-23 01:45:00+02:00,125.63003175555774,135.85
2026-06-23 02:00:00+02:00,130.34261458053336,136.68
2026-06-23 02:15:00+02:00,126.76893179229813,135.01
2026-06-23 02:30:00+02:00,125.29194023322682,133.83
2026-06-23 02:45:00+02:00,123.49363837467334,134.52
2026-06-23 03:00:00+02:00,126.16049205476395,134.9
2026-06-23 03:15:00+02:00,124.61268893240346,136.35
2026-06-23 03:30:00+02:00,124.0060960523215,135.47
2026-06-23 03:45:00+02:00,122.85014663642653,136.57
2026-06-23 04:00:00+02:00,123.16399867212826,136.49
2026-06-23 04:15:00+02:00,122.16474147006299,136.12
2026-06-23 04:30:00+02:00,123.69659670326092,137.43
2026-06-23 04:45:00+02:00,125.72732250638123,142.2
2026-06-23 05:00:00+02:00,125.14559661585898,135.54
2026-06-23 05:15:00+02:00,123.92951750484421,136.66
2026-06-23 05:30:00+02:00,125.48093720418119,143.23
2026-06-23 05:45:00+02:00,132.48374566313268,153.77
2026-06-23 06:00:00+02:00,141.10472351032206,152.95
2026-06-23 06:15:00+02:00,145.2089835259093,163.3
2026-06-23 06:30:00+02:00,147.69805602055473,167.98
2026-06-23 06:45:00+02:00,143.4492642750417,172.65
2026-06-23 07:00:00+02:00,154.48620811120418,181.9
2026-06-23 07:15:00+02:00,149.1252983575746,167.7
2026-06-23 07:30:00+02:00,144.19576667114882,154.13
2026-06-23 07:45:00+02:00,128.6752773060142,136.8
2026-06-23 08:00:00+02:00,144.68115362834908,158.07
2026-06-23 08:15:00+02:00,135.70208818676198,141.51
2026-06-23 08:30:00+02:00,130.05142352882808,123.0
2026-06-23 08:45:00+02:00,108.12507380470586,112.57
2026-06-23 09:00:00+02:00,121.85031471055154,124.07
2026-06-23 09:15:00+02:00,113.42360687450602,115.8
2026-06-23 09:30:00+02:00,109.81662368389263,108.01
2026-06-23 09:45:00+02:00,106.83055876208263,100.59
2026-06-23 10:00:00+02:00,116.21889402258682,113.1
2026-06-23 10:15:00+02:00,104.97931253819135,99.87
2026-06-23 10:30:00+02:00,91.31870327036638,89.95
2026-06-23 10:45:00+02:00,65.30022322172888,82.33
2026-06-23 11:00:00+02:00,90.80547499015267,86.57
2026-06-23 11:15:00+02:00,70.59085040216281,79.48
2026-06-23 11:30:00+02:00,49.60221800702191,70.89
2026-06-23 11:45:00+02:00,35.16246216646912,69.14
2026-06-23 12:00:00+02:00,46.74516936344505,76.72
2026-06-23 12:15:00+02:00,41.89382802626538,67.63
2026-06-23 12:30:00+02:00,43.13989417130973,63.67
2026-06-23 12:45:00+02:00,37.45769522514301,60.56
2026-06-23 13:00:00+02:00,45.578598191710945,62.71
2026-06-23 13:15:00+02:00,38.58055978494242,62.14
2026-06-23 13:30:00+02:00,41.536165888642266,59.2
2026-06-23 13:45:00+02:00,40.879129810433,57.33
2026-06-23 14:00:00+02:00,38.15215983669795,57.39
2026-06-23 14:15:00+02:00,45.017828241295355,63.46
2026-06-23 14:30:00+02:00,52.202814502649,71.7
2026-06-23 14:45:00+02:00,57.5618762842645,78.06
2026-06-23 15:00:00+02:00,49.123388133730394,68.4
2026-06-23 15:15:00+02:00,63.310674383216984,75.32
2026-06-23 15:30:00+02:00,81.48651140259317,88.73
2026-06-23 15:45:00+02:00,90.14034759766811,92.96
2026-06-23 16:00:00+02:00,74.53219099193439,80.96
2026-06-23 16:15:00+02:00,92.99340997709129,95.79
2026-06-23 16:30:00+02:00,97.37189844286912,107.51
2026-06-23 16:45:00+02:00,115.11198638422675,120.0
2026-06-23 17:00:00+02:00,91.40015150568088,103.3
2026-06-23 17:15:00+02:00,102.45979102896669,117.33
2026-06-23 17:30:00+02:00,116.21871275914275,124.07
2026-06-23 17:45:00+02:00,129.08776473135305,142.13
2026-06-23 18:00:00+02:00,109.99902697231231,119.87
2026-06-23 18:15:00+02:00,128.78224903934685,147.23
2026-06-23 18:30:00+02:00,141.8567595447471,178.52
2026-06-23 18:45:00+02:00,159.61762606784475,233.11
2026-06-23 19:00:00+02:00,140.51865666009655,180.97
2026-06-23 19:15:00+02:00,162.24038487692007,243.87
2026-06-23 19:30:00+02:00,196.33080269677131,423.37
2026-06-23 19:45:00+02:00,247.2704721702674,514.61
2026-06-23 20:00:00+02:00,218.83342935779655,458.7
2026-06-23 20:15:00+02:00,248.17928087357316,529.61
2026-06-23 20:30:00+02:00,315.7744727916611,578.69
2026-06-23 20:45:00+02:00,347.4307493525951,615.02
2026-06-23 21:00:00+02:00,299.5587080942423,565.74
2026-06-23 21:15:00+02:00,299.49702919830247,555.28
2026-06-23 21:30:00+02:00,269.8313822646604,546.71
2026-06-23 21:45:00+02:00,208.97256692488128,447.22
2026-06-23 22:00:00+02:00,252.2423195829537,462.55
2026-06-23 22:15:00+02:00,198.2717592498303,419.71
2026-06-23 22:30:00+02:00,167.93632848172211,265.68
2026-06-23 22:45:00+02:00,149.1342079159509,192.53
2026-06-23 23:00:00+02:00,160.21336346117377,218.47
2026-06-23 23:15:00+02:00,149.84388483566127,222.47
2026-06-23 23:30:00+02:00,147.67276164433613,187.3
2026-06-23 23:45:00+02:00,132.76963193621162,169.35
2026-06-24 00:00:00+02:00,149.49746480293456,214.52
2026-06-24 00:15:00+02:00,145.30624237643002,179.78
2026-06-24 00:30:00+02:00,134.38777112451942,165.0
2026-06-24 00:45:00+02:00,130.3790708607583,155.91
2026-06-24 01:00:00+02:00,139.3568280786944,179.63
2026-06-24 01:15:00+02:00,133.62058419549132,164.26
2026-06-24 01:30:00+02:00,131.1055425812896,156.72
2026-06-24 01:45:00+02:00,129.90130534285467,150.01
2026-06-24 02:00:00+02:00,132.45992916680783,151.74
2026-06-24 02:15:00+02:00,131.1155050692281,148.08
2026-06-24 02:30:00+02:00,129.19823823893688,147.39
2026-06-24 02:45:00+02:00,129.59093799063294,144.81
2026-06-24 03:00:00+02:00,128.8744078158645,144.5
2026-06-24 03:15:00+02:00,129.64832988559385,143.98
2026-06-24 03:30:00+02:00,129.83222113798556,143.93
2026-06-24 03:45:00+02:00,129.1260496681735,143.79
2026-06-24 04:00:00+02:00,127.79496953548242,144.02
2026-06-24 04:15:00+02:00,128.8626271055482,144.55
2026-06-24 04:30:00+02:00,131.2416574353849,144.18
2026-06-24 04:45:00+02:00,130.5634323783916,145.09
2026-06-24 05:00:00+02:00,130.5280720565116,145.16
2026-06-24 05:15:00+02:00,129.65906331803018,148.81
2026-06-24 05:30:00+02:00,128.67343345584726,154.62
2026-06-24 05:45:00+02:00,134.11267370282798,157.88
2026-06-24 06:00:00+02:00,135.6743845142871,169.51
2026-06-24 06:15:00+02:00,144.59314559653652,169.78
2026-06-24 06:30:00+02:00,143.79464809912702,180.88
2026-06-24 06:45:00+02:00,143.29260467907508,192.5
2026-06-24 07:00:00+02:00,162.86070620237038,210.74
2026-06-24 07:15:00+02:00,150.30121764778977,178.78
2026-06-24 07:30:00+02:00,135.94375358628457,159.81
2026-06-24 07:45:00+02:00,125.81701802239627,141.11
2026-06-24 08:00:00+02:00,139.84825221771462,190.76
2026-06-24 08:15:00+02:00,132.65491452679478,150.91
2026-06-24 08:30:00+02:00,119.63414767013653,140.75
2026-06-24 08:45:00+02:00,101.80566639135209,114.97
2026-06-24 09:00:00+02:00,126.9480553624252,138.9
2026-06-24 09:15:00+02:00,109.3280519522117,124.82
2026-06-24 09:30:00+02:00,96.95840220709616,110.39
2026-06-24 09:45:00+02:00,82.08004046644123,103.14
2026-06-24 10:00:00+02:00,103.56692360209757,120.91
2026-06-24 10:15:00+02:00,81.98336401912304,109.51
2026-06-24 10:30:00+02:00,56.811825023577725,100.16
2026-06-24 10:45:00+02:00,49.600490851389026,79.07
2026-06-24 11:00:00+02:00,51.65065037096848,100.31
2026-06-24 11:15:00+02:00,40.99191130180765,89.99
2026-06-24 11:30:00+02:00,35.54074699703704,78.99
2026-06-24 11:45:00+02:00,28.5600121716363,68.79
2026-06-24 12:00:00+02:00,28.51259956260186,86.04
2026-06-24 12:15:00+02:00,20.618005980693493,72.67
2026-06-24 12:30:00+02:00,21.31736983584268,71.08
2026-06-24 12:45:00+02:00,23.81245737527826,64.25
2026-06-24 13:00:00+02:00,19.462402117854047,75.06
2026-06-24 13:15:00+02:00,23.218505638282032,70.52
2026-06-24 13:30:00+02:00,17.44131394432957,70.06
2026-06-24 13:45:00+02:00,28.91509072463705,68.29
2026-06-24 14:00:00+02:00,23.943383362082916,66.88
2026-06-24 14:15:00+02:00,24.571181776645222,73.18
2026-06-24 14:30:00+02:00,30.15086429466202,74.28
2026-06-24 14:45:00+02:00,32.74322818518328,83.72
2026-06-24 15:00:00+02:00,40.2635650457533,65.47
2026-06-24 15:15:00+02:00,44.12403190351004,85.94
2026-06-24 15:30:00+02:00,55.42498412461586,97.54
2026-06-24 15:45:00+02:00,79.68197410354543,108.44
2026-06-24 16:00:00+02:00,43.367079334025824,96.25
2026-06-24 16:15:00+02:00,77.79929263920414,107.07
2026-06-24 16:30:00+02:00,95.53678213702264,110.89
2026-06-24 16:45:00+02:00,104.0028802022762,123.29
2026-06-24 17:00:00+02:00,87.84846569721515,109.43
2026-06-24 17:15:00+02:00,108.2489335144609,120.77
2026-06-24 17:30:00+02:00,117.42596342791681,137.0
2026-06-24 17:45:00+02:00,128.1162821136917,151.44
2026-06-24 18:00:00+02:00,110.95355520363795,137.94
2026-06-24 18:15:00+02:00,129.86091398559373,154.72
2026-06-24 18:30:00+02:00,146.48660715286215,205.26
2026-06-24 18:45:00+02:00,173.17276919542087,289.22
2026-06-24 19:00:00+02:00,150.86760187834716,240.0
2026-06-24 19:15:00+02:00,175.3993962977849,314.99
2026-06-24 19:30:00+02:00,218.67456444397988,565.56
2026-06-24 19:45:00+02:00,303.7829734046095,700.0
2026-06-24 20:00:00+02:00,229.6226820742156,566.18
2026-06-24 20:15:00+02:00,341.6224795546502,650.01
2026-06-24 20:30:00+02:00,422.62720715098084,699.99
2026-06-24 20:45:00+02:00,443.68970382739025,747.1
2026-06-24 21:00:00+02:00,386.9273893390571,693.47
2026-06-24 21:15:00+02:00,401.17746447343177,681.95
2026-06-24 21:30:00+02:00,345.4481566045457,650.01
2026-06-24 21:45:00+02:00,278.0366574257701,615.2
2026-06-24 22:00:00+02:00,317.12007336241646,630.25
2026-06-24 22:15:00+02:00,253.21734792601592,509.11
2026-06-24 22:30:00+02:00,186.559234667317,408.47
2026-06-24 22:45:00+02:00,156.03772493259677,305.18
2026-06-24 23:00:00+02:00,178.06412178325783,352.34
2026-06-24 23:15:00+02:00,163.9316987444156,283.37
2026-06-24 23:30:00+02:00,147.7748251411736,233.36
2026-06-24 23:45:00+02:00,139.72983104877014,185.37
2026-06-25 00:00:00+02:00,157.31754521589545,200.1
2026-06-25 00:15:00+02:00,150.1429748754902,171.0
2026-06-25 00:30:00+02:00,144.80783163751374,154.03
2026-06-25 00:45:00+02:00,138.35004459336255,153.14
2026-06-25 01:00:00+02:00,147.92994941224433,165.17
2026-06-25 01:15:00+02:00,140.0058493712518,157.72
2026-06-25 01:30:00+02:00,133.04726464233423,151.9
2026-06-25 01:45:00+02:00,128.55456395114894,144.95
2026-06-25 02:00:00+02:00,135.29661858100428,154.0
2026-06-25 02:15:00+02:00,130.50820243617557,144.32
2026-06-25 02:30:00+02:00,129.54545120320662,142.5
2026-06-25 02:45:00+02:00,133.28857022861524,140.72
2026-06-25 03:00:00+02:00,132.7450749673825,146.44
2026-06-25 03:15:00+02:00,131.12572182120192,143.04
2026-06-25 03:30:00+02:00,133.45516833306942,141.21
2026-06-25 03:45:00+02:00,130.58073381060606,141.2
2026-06-25 04:00:00+02:00,128.95888425215713,139.55
2026-06-25 04:15:00+02:00,130.28771822676583,143.57
2026-06-25 04:30:00+02:00,131.80061167921167,142.9
2026-06-25 04:45:00+02:00,129.4312654836819,141.61
2026-06-25 05:00:00+02:00,132.337995566355,142.02
2026-06-25 05:15:00+02:00,126.00666488062954,141.22
2026-06-25 05:30:00+02:00,131.27760500439874,144.96
2026-06-25 05:45:00+02:00,138.28582654769443,150.09
2026-06-25 06:00:00+02:00,142.0924226153326,161.34
2026-06-25 06:15:00+02:00,151.19609477719465,169.19
2026-06-25 06:30:00+02:00,143.68285681939648,161.4
2026-06-25 06:45:00+02:00,141.7379343353615,153.39
2026-06-25 07:00:00+02:00,153.06475509572175,178.0
2026-06-25 07:15:00+02:00,148.1860098567874,157.34
2026-06-25 07:30:00+02:00,139.44614603834916,141.4
2026-06-25 07:45:00+02:00,126.4935372462855,116.93
2026-06-25 08:00:00+02:00,148.28373884272975,141.16
2026-06-25 08:15:00+02:00,136.22689804590658,124.79
2026-06-25 08:30:00+02:00,123.59844782987376,112.5
2026-06-25 08:45:00+02:00,98.48357266722059,97.94
2026-06-25 09:00:00+02:00,125.10395226714088,121.26
2026-06-25 09:15:00+02:00,112.59468858524987,112.25
2026-06-25 09:30:00+02:00,84.1246603682109,103.77
2026-06-25 09:45:00+02:00,69.85179091418084,82.75
2026-06-25 10:00:00+02:00,91.53756737536415,106.37
2026-06-25 10:15:00+02:00,74.44479582874253,95.6
2026-06-25 10:30:00+02:00,64.48345677947853,80.01
2026-06-25 10:45:00+02:00,42.85387421677083,57.0
2026-06-25 11:00:00+02:00,47.87327217936773,92.83
2026-06-25 11:15:00+02:00,39.876847939037816,72.1
2026-06-25 11:30:00+02:00,36.06837552191004,56.48
2026-06-25 11:45:00+02:00,31.08716618762359,46.96
2026-06-25 12:00:00+02:00,29.624298223985758,53.74
2026-06-25 12:15:00+02:00,30.000941097627592,45.35
2026-06-25 12:30:00+02:00,26.296020125139286,41.06
2026-06-25 12:45:00+02:00,25.66970448043842,30.65
2026-06-25 13:00:00+02:00,24.73477923396801,45.0
2026-06-25 13:15:00+02:00,35.91901768939132,36.16
2026-06-25 13:30:00+02:00,38.02053693804891,28.67
2026-06-25 13:45:00+02:00,39.11655097624356,26.01
2026-06-25 14:00:00+02:00,35.59488320627752,23.39
2026-06-25 14:15:00+02:00,44.49156420746218,26.14
2026-06-25 14:30:00+02:00,37.10557460093987,44.42
2026-06-25 14:45:00+02:00,34.22245254476982,55.11
2026-06-25 15:00:00+02:00,37.940584459826965,41.52
2026-06-25 15:15:00+02:00,34.983647304222984,61.73
2026-06-25 15:30:00+02:00,47.43328832850602,77.02
2026-06-25 15:45:00+02:00,60.528597790520834,90.96
2026-06-25 16:00:00+02:00,36.27599635161092,65.14
2026-06-25 16:15:00+02:00,62.78371926412052,80.54
2026-06-25 16:30:00+02:00,92.80909264360966,94.4
2026-06-25 16:45:00+02:00,109.34581179191709,113.09
2026-06-25 17:00:00+02:00,85.24210058226764,78.47
2026-06-25 17:15:00+02:00,105.41589429519539,107.13
2026-06-25 17:30:00+02:00,119.19520860091363,115.8
2026-06-25 17:45:00+02:00,126.63353864496284,125.0
2026-06-25 18:00:00+02:00,109.9324993469951,91.39
2026-06-25 18:15:00+02:00,122.05943540345076,114.88
2026-06-25 18:30:00+02:00,138.43242910042625,142.45
2026-06-25 18:45:00+02:00,161.39582353239314,192.2
2026-06-25 19:00:00+02:00,148.3410087439612,138.01
2026-06-25 19:15:00+02:00,170.12010631237675,171.26
2026-06-25 19:30:00+02:00,208.10971545190546,210.25
2026-06-25 19:45:00+02:00,240.31592972481178,293.74
2026-06-25 20:00:00+02:00,193.5583383420106,238.34
2026-06-25 20:15:00+02:00,246.78401657398197,286.5
2026-06-25 20:30:00+02:00,268.18402776435255,308.06
2026-06-25 20:45:00+02:00,304.82269622173084,310.19
2026-06-25 21:00:00+02:00,281.4763720411557,363.0
2026-06-25 21:15:00+02:00,263.48065107795685,301.08
2026-06-25 21:30:00+02:00,306.0027711793347,248.0
2026-06-25 21:45:00+02:00,225.0486591931783,194.38
2026-06-25 22:00:00+02:00,249.99511510599064,217.11
2026-06-25 22:15:00+02:00,228.27066351206764,197.25
2026-06-25 22:30:00+02:00,171.7457860668613,172.75
2026-06-25 22:45:00+02:00,142.15444218735078,159.44
2026-06-25 23:00:00+02:00,148.99159960785332,172.06
2026-06-25 23:15:00+02:00,148.28101736722186,159.81
2026-06-25 23:30:00+02:00,134.9056331065622,146.28
2026-06-25 23:45:00+02:00,121.94719194904566,144.83
2026-06-26 00:00:00+02:00,165.42740075568668,152.76
2026-06-26 00:15:00+02:00,152.61149606401762,150.24
2026-06-26 00:30:00+02:00,140.45940938857274,142.54
2026-06-26 00:45:00+02:00,135.55432677467078,133.26
2026-06-26 01:00:00+02:00,142.938544011789,137.99
2026-06-26 01:15:00+02:00,137.4280021222659,132.07
2026-06-26 01:30:00+02:00,132.41003658081127,129.89
2026-06-26 01:45:00+02:00,126.36846673679548,122.95
2026-06-26 02:00:00+02:00,127.07670260205217,125.81
2026-06-26 02:15:00+02:00,125.09707285216629,122.05
2026-06-26 02:30:00+02:00,122.6563587413298,121.06
2026-06-26 02:45:00+02:00,120.96323507981123,121.01
2026-06-26 03:00:00+02:00,126.55162557768288,124.67
2026-06-26 03:15:00+02:00,123.50228343240022,119.99
2026-06-26 03:30:00+02:00,120.43707459911178,118.93
2026-06-26 03:45:00+02:00,114.1761083257779,120.14
2026-06-26 04:00:00+02:00,119.44132273653305,123.44
2026-06-26 04:15:00+02:00,121.86120412258572,123.09
2026-06-26 04:30:00+02:00,122.07660902501547,120.32
2026-06-26 04:45:00+02:00,123.99290266185274,123.57
2026-06-26 05:00:00+02:00,118.51183052061636,127.31
2026-06-26 05:15:00+02:00,126.02427434886575,125.88
2026-06-26 05:30:00+02:00,130.3752627749273,130.06
2026-06-26 05:45:00+02:00,139.818044376854,134.94
2026-06-26 06:00:00+02:00,150.94314439630307,144.37
2026-06-26 06:15:00+02:00,147.78556955171857,150.21
2026-06-26 06:30:00+02:00,151.92922068722348,149.4
2026-06-26 06:45:00+02:00,151.7911531568913,140.14
2026-06-26 07:00:00+02:00,169.41723934779392,158.05
2026-06-26 07:15:00+02:00,151.29675405203955,147.52
2026-06-26 07:30:00+02:00,140.6896076337065,127.11
2026-06-26 07:45:00+02:00,127.2549590337272,119.2
2026-06-26 08:00:00+02:00,143.69660123361757,137.7
2026-06-26 08:15:00+02:00,125.65024906125088,122.17
2026-06-26 08:30:00+02:00,113.99516642673956,114.16
2026-06-26 08:45:00+02:00,106.93944142379806,105.19
2026-06-26 09:00:00+02:00,118.1472627370562,118.18
2026-06-26 09:15:00+02:00,109.60509512994825,116.0
2026-06-26 09:30:00+02:00,105.02963027918611,103.98
2026-06-26 09:45:00+02:00,93.3158914800739,94.93
2026-06-26 10:00:00+02:00,110.12474831967099,111.75
2026-06-26 10:15:00+02:00,101.70048602888724,103.87
2026-06-26 10:30:00+02:00,87.06401777319891,87.67
2026-06-26 10:45:00+02:00,61.59757195197088,69.68
2026-06-26 11:00:00+02:00,93.57732181414337,89.5
2026-06-26 11:15:00+02:00,79.94848067942644,73.69
2026-06-26 11:30:00+02:00,58.73453553447022,60.3
2026-06-26 11:45:00+02:00,46.53702197891559,47.33
2026-06-26 12:00:00+02:00,51.015042746122816,61.72
2026-06-26 12:15:00+02:00,54.224231019473464,50.2
2026-06-26 12:30:00+02:00,49.686029549285784,48.06
2026-06-26 12:45:00+02:00,36.387009750145914,37.98
2026-06-26 13:00:00+02:00,48.06717274721195,43.35
2026-06-26 13:15:00+02:00,41.560711600868935,39.24
2026-06-26 13:30:00+02:00,36.73964888886916,36.0
2026-06-26 13:45:00+02:00,34.48015683882547,35.41
2026-06-26 14:00:00+02:00,34.24882831272588,28.54
2026-06-26 14:15:00+02:00,39.44354191654636,31.4
2026-06-26 14:30:00+02:00,55.35590547148514,43.21
2026-06-26 14:45:00+02:00,65.54732433462756,56.85
2026-06-26 15:00:00+02:00,53.407573775093155,44.82
2026-06-26 15:15:00+02:00,72.56982289178387,60.02
2026-06-26 15:30:00+02:00,85.79383594269237,79.51
2026-06-26 15:45:00+02:00,92.58209514553282,91.58
2026-06-26 16:00:00+02:00,77.19716585028145,68.95
2026-06-26 16:15:00+02:00,81.70656091466236,83.3
2026-06-26 16:30:00+02:00,91.19567222770475,100.54
2026-06-26 16:45:00+02:00,112.92084175034813,119.69
2026-06-26 17:00:00+02:00,96.93882728383905,85.5
2026-06-26 17:15:00+02:00,109.37267926491619,108.47
2026-06-26 17:30:00+02:00,119.0755510027317,116.91
2026-06-26 17:45:00+02:00,137.269818770149,133.09
2026-06-26 18:00:00+02:00,110.05236282298921,93.65
2026-06-26 18:15:00+02:00,130.82503328844876,135.03
2026-06-26 18:30:00+02:00,147.42483341693705,160.49
2026-06-26 18:45:00+02:00,195.4568860253247,212.21
2026-06-26 19:00:00+02:00,152.18935707195087,159.88
2026-06-26 19:15:00+02:00,184.45255471732386,193.03
2026-06-26 19:30:00+02:00,223.59195403886997,249.18
2026-06-26 19:45:00+02:00,290.84103067153774,372.09
2026-06-26 20:00:00+02:00,233.72135259400363,258.64
2026-06-26 20:15:00+02:00,262.5246066393637,337.04
2026-06-26 20:30:00+02:00,271.7624229187578,399.99
2026-06-26 20:45:00+02:00,309.6794702162308,406.17
2026-06-26 21:00:00+02:00,298.9080300403974,405.09
2026-06-26 21:15:00+02:00,310.4273995462012,335.04
2026-06-26 21:30:00+02:00,276.10258746915434,248.24
2026-06-26 21:45:00+02:00,206.99217863189855,194.74
2026-06-26 22:00:00+02:00,231.77987192641712,258.42
2026-06-26 22:15:00+02:00,206.6481936494693,205.87
2026-06-26 22:30:00+02:00,164.60554433139845,185.01
2026-06-26 22:45:00+02:00,138.58140917248193,161.32
2026-06-26 23:00:00+02:00,145.3152968751305,176.48
2026-06-26 23:15:00+02:00,133.5595525076274,157.47
2026-06-26 23:30:00+02:00,127.73308429831236,145.87
2026-06-26 23:45:00+02:00,122.09906932162741,139.62
2026-06-27 00:00:00+02:00,152.96680771744974,145.51
2026-06-27 00:15:00+02:00,146.73016148387836,133.67
2026-06-27 00:30:00+02:00,141.84696082994842,127.53
2026-06-27 00:45:00+02:00,134.9874281018572,121.47
2026-06-27 01:00:00+02:00,139.44199701783037,130.5
2026-06-27 01:15:00+02:00,133.379399718134,125.93
2026-06-27 01:30:00+02:00,132.43342240347027,122.53
2026-06-27 01:45:00+02:00,132.06536609080285,119.04
2026-06-27 02:00:00+02:00,129.00222402640435,120.07
2026-06-27 02:15:00+02:00,128.04577131099376,119.02
2026-06-27 02:30:00+02:00,127.42290547653216,116.31
2026-06-27 02:45:00+02:00,127.8673440178704,116.58
2026-06-27 03:00:00+02:00,127.06933678127787,117.89
2026-06-27 03:15:00+02:00,124.12229281179104,114.32
2026-06-27 03:30:00+02:00,125.02039708749298,116.11
2026-06-27 03:45:00+02:00,126.56056085774027,115.0
2026-06-27 04:00:00+02:00,128.57744253838524,114.77
2026-06-27 04:15:00+02:00,130.61282644734058,116.11
2026-06-27 04:30:00+02:00,125.88055795206877,116.1
2026-06-27 04:45:00+02:00,127.22237365758654,114.32
2026-06-27 05:00:00+02:00,126.88744167037636,115.4
2026-06-27 05:15:00+02:00,126.12648448078106,113.85
2026-06-27 05:30:00+02:00,124.45403554727648,113.84
2026-06-27 05:45:00+02:00,127.34556508047811,112.91
2026-06-27 06:00:00+02:00,126.02426171701217,115.01
2026-06-27 06:15:00+02:00,132.86836556742622,112.91
2026-06-27 06:30:00+02:00,132.34163528692375,112.01
2026-06-27 06:45:00+02:00,129.98770734045547,110.97
2026-06-27 07:00:00+02:00,142.40294629333874,115.33
2026-06-27 07:15:00+02:00,139.1904574531236,113.84
2026-06-27 07:30:00+02:00,131.17713948909906,112.91
2026-06-27 07:45:00+02:00,114.8373918542405,95.01
2026-06-27 08:00:00+02:00,137.70668407705392,118.85
2026-06-27 08:15:00+02:00,119.95289616984024,112.61
2026-06-27 08:30:00+02:00,112.35270104807496,99.9
2026-06-27 08:45:00+02:00,90.97985344834446,80.11
2026-06-27 09:00:00+02:00,112.90978917773717,109.87
2026-06-27 09:15:00+02:00,99.65983369896124,84.49
2026-06-27 09:30:00+02:00,80.30728082939326,67.13
2026-06-27 09:45:00+02:00,54.80274071755955,32.78
2026-06-27 10:00:00+02:00,70.81100911431058,64.42
2026-06-27 10:15:00+02:00,50.061110440114845,42.82
2026-06-27 10:30:00+02:00,28.008517254196825,22.43
2026-06-27 10:45:00+02:00,17.49519020834926,14.43
2026-06-27 11:00:00+02:00,26.748115550336617,19.53
2026-06-27 11:15:00+02:00,16.394652754475764,11.28
2026-06-27 11:30:00+02:00,11.40898121083166,4.68
2026-06-27 11:45:00+02:00,-0.6375137379805618,3.18
2026-06-27 12:00:00+02:00,8.828671293451247,2.11
2026-06-27 12:15:00+02:00,0.32386008950305156,0.0
2026-06-27 12:30:00+02:00,-2.948724091223955,0.0
2026-06-27 12:45:00+02:00,-5.239496028730483,-0.01
2026-06-27 13:00:00+02:00,-4.154286014297212,0.1
2026-06-27 13:15:00+02:00,-5.300965183205956,0.01
2026-06-27 13:30:00+02:00,-13.0810398758421,0.0
2026-06-27 13:45:00+02:00,-9.964113993744782,0.0
2026-06-27 14:00:00+02:00,-6.098175306214358,0.1
2026-06-27 14:15:00+02:00,-4.596005044063655,1.4
2026-06-27 14:30:00+02:00,-0.6499582815445206,4.08
2026-06-27 14:45:00+02:00,5.843810828676004,7.99
2026-06-27 15:00:00+02:00,4.63359627928189,2.14
2026-06-27 15:15:00+02:00,5.81373152940218,4.0
2026-06-27 15:30:00+02:00,8.387770532438125,12.86
2026-06-27 15:45:00+02:00,13.534967953884992,32.07
2026-06-27 16:00:00+02:00,7.194728484201594,9.1
2026-06-27 16:15:00+02:00,26.913753751457662,35.0
2026-06-27 16:30:00+02:00,47.23835535106536,66.07
2026-06-27 16:45:00+02:00,75.9685831933463,93.83
2026-06-27 17:00:00+02:00,57.473397161974354,61.97
2026-06-27 17:15:00+02:00,83.26763772542066,98.97
2026-06-27 17:30:00+02:00,110.43793448380401,112.08
2026-06-27 17:45:00+02:00,132.90429320849964,129.4
2026-06-27 18:00:00+02:00,102.1927107605196,107.84
2026-06-27 18:15:00+02:00,120.01519706894678,117.19
2026-06-27 18:30:00+02:00,139.61910423232126,134.05
2026-06-27 18:45:00+02:00,181.1726356700634,149.45
2026-06-27 19:00:00+02:00,141.2361557478988,133.91
2026-06-27 19:15:00+02:00,168.7212201226282,149.95
2026-06-27 19:30:00+02:00,195.74411979258588,182.04
2026-06-27 19:45:00+02:00,220.8852134527762,221.12
2026-06-27 20:00:00+02:00,181.3407197469854,198.63
2026-06-27 20:15:00+02:00,206.87094068704812,207.14
2026-06-27 20:30:00+02:00,276.9862689185825,226.89
2026-06-27 20:45:00+02:00,304.78461988621007,252.34
2026-06-27 21:00:00+02:00,316.5847707574837,223.72
2026-06-27 21:15:00+02:00,295.5630338726892,212.47
2026-06-27 21:30:00+02:00,245.12443105524386,210.3
2026-06-27 21:45:00+02:00,214.4729000396773,210.74
2026-06-27 22:00:00+02:00,241.4765383494961,204.92
2026-06-27 22:15:00+02:00,211.54638288067844,173.25
2026-06-27 22:30:00+02:00,179.719391971022,167.64
2026-06-27 22:45:00+02:00,160.87729344597537,154.18
2026-06-27 23:00:00+02:00,173.5561921201879,157.99
2026-06-27 23:15:00+02:00,163.16210104361195,145.23
2026-06-27 23:30:00+02:00,150.31865269082112,139.08
2026-06-27 23:45:00+02:00,148.72237413588985,136.08
2026-06-28 00:00:00+02:00,146.53475257465004,145.13
2026-06-28 00:15:00+02:00,138.10890997403706,140.9
2026-06-28 00:30:00+02:00,131.3843605905276,135.19
2026-06-28 00:45:00+02:00,125.4775453464797,124.62
2026-06-28 01:00:00+02:00,132.74393644395656,130.47
2026-06-28 01:15:00+02:00,128.40586195748864,128.55
2026-06-28 01:30:00+02:00,125.771879737982,124.47
2026-06-28 01:45:00+02:00,123.49871258027139,120.63
2026-06-28 02:00:00+02:00,127.47550314486949,122.79
2026-06-28 02:15:00+02:00,125.17054148745868,120.62
2026-06-28 02:30:00+02:00,122.21186200414986,118.82
2026-06-28 02:45:00+02:00,120.88910286664569,116.5
2026-06-28 03:00:00+02:00,123.85972173224101,116.18
2026-06-28 03:15:00+02:00,118.9060645700289,115.59
2026-06-28 03:30:00+02:00,118.66553698191733,115.98
2026-06-28 03:45:00+02:00,117.52711727866284,115.0
2026-06-28 04:00:00+02:00,118.49291150183245,114.6
2026-06-28 04:15:00+02:00,119.57836089680362,114.57
2026-06-28 04:30:00+02:00,122.29099566584175,115.0
2026-06-28 04:45:00+02:00,121.6051786919661,114.77
2026-06-28 05:00:00+02:00,124.87141411333492,115.54
2026-06-28 05:15:00+02:00,121.66046581514684,115.09
2026-06-28 05:30:00+02:00,115.12117562231738,115.0
2026-06-28 05:45:00+02:00,113.34735209916481,114.86
2026-06-28 06:00:00+02:00,119.88363161342492,116.0
2026-06-28 06:15:00+02:00,109.29936576903037,115.0
2026-06-28 06:30:00+02:00,106.48673002135011,110.69
2026-06-28 06:45:00+02:00,100.6825292499549,106.56
2026-06-28 07:00:00+02:00,116.57689499479501,114.6
2026-06-28 07:15:00+02:00,100.28528195767345,112.36
2026-06-28 07:30:00+02:00,87.31419011409349,104.86
2026-06-28 07:45:00+02:00,78.04667250695829,85.9
2026-06-28 08:00:00+02:00,105.0814078422469,108.47
2026-06-28 08:15:00+02:00,76.06819352810064,82.99
2026-06-28 08:30:00+02:00,62.54656543012698,70.44
2026-06-28 08:45:00+02:00,49.15975079064649,44.84
2026-06-28 09:00:00+02:00,53.971745040997774,67.55
2026-06-28 09:15:00+02:00,38.62071791497762,37.96
2026-06-28 09:30:00+02:00,42.02550954258791,18.08
2026-06-28 09:45:00+02:00,16.26646870622765,7.66
2026-06-28 10:00:00+02:00,24.763826948313863,14.43
2026-06-28 10:15:00+02:00,3.5831836502927956,4.99
2026-06-28 10:30:00+02:00,2.3732875763317196,0.84
2026-06-28 10:45:00+02:00,-6.092064103472396,0.35
2026-06-28 11:00:00+02:00,-3.74514697366811,0.54
2026-06-28 11:15:00+02:00,-7.574136095002213,0.01
2026-06-28 11:30:00+02:00,-6.715667383725717,0.0
2026-06-28 11:45:00+02:00,-8.543907969996562,-0.07
2026-06-28 12:00:00+02:00,-10.688019897249033,0.0
2026-06-28 12:15:00+02:00,-14.416285236864892,0.0
2026-06-28 12:30:00+02:00,-13.027249228631948,-0.02
2026-06-28 12:45:00+02:00,-13.912864234980859,-0.07
2026-06-28 13:00:00+02:00,-18.82162097941052,-0.92
2026-06-28 13:15:00+02:00,-26.711022308348316,-0.91
2026-06-28 13:30:00+02:00,-25.34403862205686,-0.9
2026-06-28 13:45:00+02:00,-24.326268969472384,-0.89
2026-06-28 14:00:00+02:00,-23.29778557448683,-0.1
2026-06-28 14:15:00+02:00,-21.96431477583286,-0.01
2026-06-28 14:30:00+02:00,-16.127197020837244,0.0
2026-06-28 14:45:00+02:00,-9.514253016998591,0.0
2026-06-28 15:00:00+02:00,-16.262571021241737,0.0
2026-06-28 15:15:00+02:00,1.8260063901343706,0.01
2026-06-28 15:30:00+02:00,-1.9616309042352214,0.99
2026-06-28 15:45:00+02:00,6.876222492029935,5.48
2026-06-28 16:00:00+02:00,-1.3294642100815377,0.45
2026-06-28 16:15:00+02:00,19.04490624537373,8.43
2026-06-28 16:30:00+02:00,34.97098600727734,29.74
2026-06-28 16:45:00+02:00,50.45241887638772,72.04
2026-06-28 17:00:00+02:00,33.31520321408391,27.73
2026-06-28 17:15:00+02:00,49.092464943626794,78.25
2026-06-28 17:30:00+02:00,77.00948299864123,107.13
2026-06-28 17:45:00+02:00,120.384674892175,125.46
2026-06-28 18:00:00+02:00,90.38035834891384,105.26
2026-06-28 18:15:00+02:00,112.73268595124776,111.58
2026-06-28 18:30:00+02:00,132.7059440150656,115.79
2026-06-28 18:45:00+02:00,151.10326241427938,125.41
2026-06-28 19:00:00+02:00,131.4083368633267,115.3
2026-06-28 19:15:00+02:00,143.36765998061514,136.65
2026-06-28 19:30:00+02:00,162.38420668187302,143.02
2026-06-28 19:45:00+02:00,162.0511814703971,156.98
2026-06-28 20:00:00+02:00,153.7679523426015,147.61
2026-06-28 20:15:00+02:00,182.1356247045295,152.39
2026-06-28 20:30:00+02:00,202.14494164561523,155.98
2026-06-28 20:45:00+02:00,227.41495739672558,156.73
2026-06-28 21:00:00+02:00,209.22653916484248,161.9
2026-06-28 21:15:00+02:00,210.78377154761745,159.65
2026-06-28 21:30:00+02:00,200.84500401961054,155.89
2026-06-28 21:45:00+02:00,184.62309121821448,166.72
2026-06-28 22:00:00+02:00,166.0421608233594,161.67
2026-06-28 22:15:00+02:00,168.36478452885984,161.61
2026-06-28 22:30:00+02:00,159.16914712236837,154.34
2026-06-28 22:45:00+02:00,148.46529382606477,151.56
2026-06-28 23:00:00+02:00,155.60579227438282,152.08
2026-06-28 23:15:00+02:00,146.38065283626304,145.0
2026-06-28 23:30:00+02:00,140.53669709298228,142.97
2026-06-28 23:45:00+02:00,134.64311054770073,136.41
2026-06-29 00:00:00+02:00,144.60449520288773,132.75
2026-06-29 00:15:00+02:00,141.57546631736815,125.89
2026-06-29 00:30:00+02:00,135.64933615997103,119.83
2026-06-29 00:45:00+02:00,129.41250150875686,114.0
2026-06-29 01:00:00+02:00,134.44846404168268,115.99
2026-06-29 01:15:00+02:00,130.0204329310993,113.24
2026-06-29 01:30:00+02:00,126.55254885335425,114.0
2026-06-29 01:45:00+02:00,120.9148600709752,111.43
2026-06-29 02:00:00+02:00,125.09784146808863,115.5
2026-06-29 02:15:00+02:00,123.5007437867557,114.0
2026-06-29 02:30:00+02:00,125.02313951766286,111.97
2026-06-29 02:45:00+02:00,121.36470962468759,110.63
2026-06-29 03:00:00+02:00,119.6750083014717,110.0
2026-06-29 03:15:00+02:00,120.37426643961652,109.81
2026-06-29 03:30:00+02:00,122.81523153534219,109.59
2026-06-29 03:45:00+02:00,122.64974764969647,109.64
2026-06-29 04:00:00+02:00,119.6056364140558,111.5
2026-06-29 04:15:00+02:00,119.6797321377009,111.54
2026-06-29 04:30:00+02:00,124.95246547490984,115.94
2026-06-29 04:45:00+02:00,124.63543963115686,120.5
2026-06-29 05:00:00+02:00,124.838613047645,118.73
2026-06-29 05:15:00+02:00,124.37755084091785,125.15
2026-06-29 05:30:00+02:00,129.5570215894863,130.53
2026-06-29 05:45:00+02:00,134.1453639708154,134.96
2026-06-29 06:00:00+02:00,142.76695352875728,148.93
2026-06-29 06:15:00+02:00,137.1334529229499,152.45
2026-06-29 06:30:00+02:00,146.5570772187939,150.27
2026-06-29 06:45:00+02:00,147.24471153720842,147.3
2026-06-29 07:00:00+02:00,155.9718327348738,159.79
2026-06-29 07:15:00+02:00,149.1384539825239,154.1
2026-06-29 07:30:00+02:00,141.27133414908806,152.13
2026-06-29 07:45:00+02:00,135.46622598562288,142.63
2026-06-29 08:00:00+02:00,156.75231003508034,161.31
2026-06-29 08:15:00+02:00,139.68290605573995,150.26
2026-06-29 08:30:00+02:00,128.35574349013012,139.6
2026-06-29 08:45:00+02:00,116.28122757212807,122.0
2026-06-29 09:00:00+02:00,124.70880294538385,132.0
2026-06-29 09:15:00+02:00,120.45230884216708,124.7
2026-06-29 09:30:00+02:00,108.25208534454914,117.06
2026-06-29 09:45:00+02:00,105.38381463182995,110.03
2026-06-29 10:00:00+02:00,110.28128751759776,117.05
2026-06-29 10:15:00+02:00,91.71871803630002,108.98
2026-06-29 10:30:00+02:00,96.75937436567781,104.21
2026-06-29 10:45:00+02:00,94.14322455009707,97.46
2026-06-29 11:00:00+02:00,89.08365115502113,108.63
2026-06-29 11:15:00+02:00,101.5926073421549,99.86
2026-06-29 11:30:00+02:00,94.80944619164823,97.45
2026-06-29 11:45:00+02:00,78.86602648393907,90.46
2026-06-29 12:00:00+02:00,102.53877275090325,93.0
2026-06-29 12:15:00+02:00,74.77194237258435,92.22
2026-06-29 12:30:00+02:00,72.68181900858355,90.0
2026-06-29 12:45:00+02:00,71.15848201230531,82.81
2026-06-29 13:00:00+02:00,78.02269714242621,89.0
2026-06-29 13:15:00+02:00,78.21936756196683,82.77
2026-06-29 13:30:00+02:00,70.08039618752117,79.08
2026-06-29 13:45:00+02:00,59.63463762613857,77.26
2026-06-29 14:00:00+02:00,57.95226891492965,81.0
2026-06-29 14:15:00+02:00,67.26736337546518,84.99
2026-06-29 14:30:00+02:00,77.67993634364713,88.0
2026-06-29 14:45:00+02:00,80.52003438028734,91.55
2026-06-29 15:00:00+02:00,66.42291431038926,88.8
2026-06-29 15:15:00+02:00,75.98775209288524,92.6
2026-06-29 15:30:00+02:00,87.10906577378869,98.88
2026-06-29 15:45:00+02:00,87.62411238559422,106.84
2026-06-29 16:00:00+02:00,79.04589754277089,93.5
2026-06-29 16:15:00+02:00,91.9690559147358,101.89
2026-06-29 16:30:00+02:00,104.8905729929755,107.05
2026-06-29 16:45:00+02:00,118.3763022430633,112.49
2026-06-29 17:00:00+02:00,95.07250891799717,89.61
2026-06-29 17:15:00+02:00,112.30242097041442,106.93
2026-06-29 17:30:00+02:00,124.1256551693798,125.75
2026-06-29 17:45:00+02:00,134.11657459571114,138.01
2026-06-29 18:00:00+02:00,118.80399168787424,99.85
2026-06-29 18:15:00+02:00,134.72473621831048,120.4
2026-06-29 18:30:00+02:00,147.3276725355717,138.58
2026-06-29 18:45:00+02:00,166.63901383687465,180.81
2026-06-29 19:00:00+02:00,152.2067263030685,144.99
2026-06-29 19:15:00+02:00,174.92632034365482,171.42
2026-06-29 19:30:00+02:00,197.6176996886587,202.97
2026-06-29 19:45:00+02:00,290.71924621236116,271.22
2026-06-29 20:00:00+02:00,244.1454391295868,211.52
2026-06-29 20:15:00+02:00,249.17510779887434,265.82
2026-06-29 20:30:00+02:00,263.90834378289406,318.19
2026-06-29 20:45:00+02:00,277.2097309879642,341.8
2026-06-29 21:00:00+02:00,304.51590188512137,319.07
2026-06-29 21:15:00+02:00,254.7961747772564,310.2
2026-06-29 21:30:00+02:00,249.02117272901486,306.09
2026-06-29 21:45:00+02:00,208.0689449939175,270.1
2026-06-29 22:00:00+02:00,266.77679501834433,293.07
2026-06-29 22:15:00+02:00,204.60643769898493,251.99
2026-06-29 22:30:00+02:00,176.77454769952112,208.21
2026-06-29 22:45:00+02:00,153.86516037031774,170.29
2026-06-29 23:00:00+02:00,174.7106318845759,200.6
2026-06-29 23:15:00+02:00,158.7990766796043,160.91
2026-06-29 23:30:00+02:00,154.01886879739237,166.44
2026-06-29 23:45:00+02:00,137.83051938567587,152.05
2026-06-30 00:00:00+02:00,150.7587815137186,176.39
2026-06-30 00:15:00+02:00,142.5189902316204,161.09
2026-06-30 00:30:00+02:00,139.6977468812251,156.31
2026-06-30 00:45:00+02:00,131.26112362821783,153.15
2026-06-30 01:00:00+02:00,136.85262320589123,156.66
2026-06-30 01:15:00+02:00,130.01858909245905,148.17
2026-06-30 01:30:00+02:00,125.07122923110349,139.84
2026-06-30 01:45:00+02:00,122.27141291509395,136.81
2026-06-30 02:00:00+02:00,121.2817492618624,142.23
2026-06-30 02:15:00+02:00,119.87310956665867,139.44
2026-06-30 02:30:00+02:00,122.27820157114166,139.96
2026-06-30 02:45:00+02:00,119.79659528149165,139.19
2026-06-30 03:00:00+02:00,119.02139802947703,144.99
2026-06-30 03:15:00+02:00,116.2500678433627,140.47
2026-06-30 03:30:00+02:00,116.42834298043753,139.03
2026-06-30 03:45:00+02:00,117.36645884792601,138.4
2026-06-30 04:00:00+02:00,117.76362879511753,143.22
2026-06-30 04:15:00+02:00,122.06366929858257,139.44
2026-06-30 04:30:00+02:00,124.99696734321304,140.62
2026-06-30 04:45:00+02:00,128.03972672253315,142.19
2026-06-30 05:00:00+02:00,124.95777786276957,141.77
2026-06-30 05:15:00+02:00,130.55836580589346,149.11
2026-06-30 05:30:00+02:00,135.1050180787927,151.71
2026-06-30 05:45:00+02:00,141.17708050964396,163.43
2026-06-30 06:00:00+02:00,147.62493547076204,173.22
2026-06-30 06:15:00+02:00,152.1692484384587,188.35
2026-06-30 06:30:00+02:00,150.47699178964103,189.42
2026-06-30 06:45:00+02:00,155.47934751766616,195.63
2026-06-30 07:00:00+02:00,168.3751174823102,211.84
2026-06-30 07:15:00+02:00,154.8990870403517,195.02
2026-06-30 07:30:00+02:00,147.36591419989858,185.24
2026-06-30 07:45:00+02:00,138.84885350152624,165.14
2026-06-30 08:00:00+02:00,163.1044798710531,197.12
2026-06-30 08:15:00+02:00,147.68032695471987,168.11
2026-06-30 08:30:00+02:00,132.7063095931857,141.44
2026-06-30 08:45:00+02:00,113.81355855498266,117.4
2026-06-30 09:00:00+02:00,126.6044396387978,152.4
2026-06-30 09:15:00+02:00,118.93337644469318,121.87
2026-06-30 09:30:00+02:00,112.25774878276432,111.01
2026-06-30 09:45:00+02:00,107.04390421074899,105.1
2026-06-30 10:00:00+02:00,115.11238003448312,118.1
2026-06-30 10:15:00+02:00,108.59185054524355,109.57
2026-06-30 10:30:00+02:00,104.73582222818469,107.8
2026-06-30 10:45:00+02:00,97.3086566514996,100.0
2026-06-30 11:00:00+02:00,104.50989777173109,110.48
2026-06-30 11:15:00+02:00,98.56312051248719,105.95
2026-06-30 11:30:00+02:00,89.86486060762381,99.4
2026-06-30 11:45:00+02:00,86.58452129232553,91.35
2026-06-30 12:00:00+02:00,90.26794241328118,99.71
2026-06-30 12:15:00+02:00,88.60883894339766,98.9
2026-06-30 12:30:00+02:00,83.77023260669993,99.28
2026-06-30 12:45:00+02:00,77.57514782869312,98.41
2026-06-30 13:00:00+02:00,82.32562191200961,97.43
2026-06-30 13:15:00+02:00,78.1675192397102,100.41
2026-06-30 13:30:00+02:00,77.17688818124056,100.51
2026-06-30 13:45:00+02:00,70.37136881872692,99.33
2026-06-30 14:00:00+02:00,72.72435685689351,93.55
2026-06-30 14:15:00+02:00,75.74433052623793,101.98
2026-06-30 14:30:00+02:00,78.98624641433902,105.26
2026-06-30 14:45:00+02:00,85.9164797826542,110.77
2026-06-30 15:00:00+02:00,74.15253495147569,107.35
2026-06-30 15:15:00+02:00,84.25870171620161,115.76
2026-06-30 15:30:00+02:00,93.75564175613687,121.37
2026-06-30 15:45:00+02:00,106.07544901639908,119.94
2026-06-30 16:00:00+02:00,89.39534439204537,115.05
2026-06-30 16:15:00+02:00,102.59987430259294,120.21
2026-06-30 16:30:00+02:00,111.0294399618585,127.82
2026-06-30 16:45:00+02:00,123.26884208840366,146.52
2026-06-30 17:00:00+02:00,104.55682957341126,118.59
2026-06-30 17:15:00+02:00,113.8654170721895,128.23
2026-06-30 17:30:00+02:00,128.97466585657688,153.0
2026-06-30 17:45:00+02:00,142.9055460931452,205.11
2026-06-30 18:00:00+02:00,118.49815094895426,155.27
2026-06-30 18:15:00+02:00,135.66453242534018,181.63
2026-06-30 18:30:00+02:00,152.6958553280304,264.01
2026-06-30 18:45:00+02:00,186.85441147185347,381.0
2026-06-30 19:00:00+02:00,159.98344008957406,358.76
2026-06-30 19:15:00+02:00,191.9297159415628,444.19
2026-06-30 19:30:00+02:00,236.21645476096796,471.19
2026-06-30 19:45:00+02:00,278.44364680436513,532.18
2026-06-30 20:00:00+02:00,242.2517464852703,464.99
2026-06-30 20:15:00+02:00,289.1323091485117,487.11
2026-06-30 20:30:00+02:00,311.67628891175696,530.25
2026-06-30 20:45:00+02:00,337.87388434526576,536.72
2026-06-30 21:00:00+02:00,329.4130820347666,465.31
2026-06-30 21:15:00+02:00,309.8593230027129,427.03
2026-06-30 21:30:00+02:00,289.5706362323044,389.57
2026-06-30 21:45:00+02:00,233.28727423484816,301.06
2026-06-30 22:00:00+02:00,267.0073765486581,349.15
2026-06-30 22:15:00+02:00,226.90451986607462,285.01
2026-06-30 22:30:00+02:00,182.14145527916435,233.59
2026-06-30 22:45:00+02:00,166.0037405384955,226.38
2026-06-30 23:00:00+02:00,184.42779884039714,202.79
2026-06-30 23:15:00+02:00,160.93922010097154,186.85
2026-06-30 23:30:00+02:00,156.5737726500507,179.53
2026-06-30 23:45:00+02:00,144.94879697823774,160.75
2026-07-01 00:00:00+02:00,166.11144061835392,183.66
2026-07-01 00:15:00+02:00,144.7645663628874,166.3
2026-07-01 00:30:00+02:00,137.8035679785507,159.4
2026-07-01 00:45:00+02:00,132.581572649425,150.24
2026-07-01 01:00:00+02:00,141.2880913477853,161.57
2026-07-01 01:15:00+02:00,134.07605811201444,152.86
2026-07-01 01:30:00+02:00,129.47686129655344,144.99
2026-07-01 01:45:00+02:00,121.84257540903502,141.81
2026-07-01 02:00:00+02:00,127.4854950967353,145.5
2026-07-01 02:15:00+02:00,124.15191374636078,147.07
2026-07-01 02:30:00+02:00,123.29407518885036,149.01
2026-07-01 02:45:00+02:00,121.70506996400813,145.54
2026-07-01 03:00:00+02:00,123.12715970171712,149.0
2026-07-01 03:15:00+02:00,121.34057957594997,149.68
2026-07-01 03:30:00+02:00,123.64189300403581,147.08
2026-07-01 03:45:00+02:00,118.84663555849318,142.22
2026-07-01 04:00:00+02:00,121.00732446848446,147.92
2026-07-01 04:15:00+02:00,122.0670532222674,151.21
2026-07-01 04:30:00+02:00,123.9819583409248,151.12
2026-07-01 04:45:00+02:00,122.54030685941379,153.9
2026-07-01 05:00:00+02:00,125.19201828498338,154.79
2026-07-01 05:15:00+02:00,126.98775171402269,157.0
2026-07-01 05:30:00+02:00,133.94762003915042,162.61
2026-07-01 05:45:00+02:00,140.91154623442233,167.02
2026-07-01 06:00:00+02:00,153.92449766661764,189.66
2026-07-01 06:15:00+02:00,152.0220495243759,197.4
2026-07-01 06:30:00+02:00,150.0485037041434,199.89
2026-07-01 06:45:00+02:00,151.2053860099734,198.36
2026-07-01 07:00:00+02:00,172.1302192289196,207.14
2026-07-01 07:15:00+02:00,161.22137411204457,205.91
2026-07-01 07:30:00+02:00,149.31992203602442,198.5
2026-07-01 07:45:00+02:00,133.5128645957675,201.64
2026-07-01 08:00:00+02:00,154.17823990883696,198.54
2026-07-01 08:15:00+02:00,140.41037532270852,197.92
2026-07-01 08:30:00+02:00,131.19515235028186,174.39
2026-07-01 08:45:00+02:00,114.93847088816538,150.12
2026-07-01 09:00:00+02:00,129.99872554527317,178.08
2026-07-01 09:15:00+02:00,123.06682384879346,152.99
2026-07-01 09:30:00+02:00,113.46232499660053,131.12
2026-07-01 09:45:00+02:00,110.97413299697067,120.61
2026-07-01 10:00:00+02:00,119.56538997310409,140.53
2026-07-01 10:15:00+02:00,110.73001671939625,125.43
2026-07-01 10:30:00+02:00,100.7189773310799,120.51
2026-07-01 10:45:00+02:00,93.81833432340021,115.17
2026-07-01 11:00:00+02:00,110.25119313637174,128.02
2026-07-01 11:15:00+02:00,104.49573947436731,117.99
2026-07-01 11:30:00+02:00,85.51781530271585,115.85
2026-07-01 11:45:00+02:00,70.2841248670224,115.93
2026-07-01 12:00:00+02:00,86.61601730825907,120.22
2026-07-01 12:15:00+02:00,74.79766559646879,115.58
2026-07-01 12:30:00+02:00,73.56569099161834,114.69
2026-07-01 12:45:00+02:00,67.09626388635702,112.94
2026-07-01 13:00:00+02:00,81.43023303736939,113.85
2026-07-01 13:15:00+02:00,67.19163083204332,112.06
2026-07-01 13:30:00+02:00,61.9874930419536,109.96
2026-07-01 13:45:00+02:00,44.78812505331739,105.7
2026-07-01 14:00:00+02:00,46.04548226117371,101.61
2026-07-01 14:15:00+02:00,56.29421517815791,100.69
2026-07-01 14:30:00+02:00,52.26366363442044,98.04
2026-07-01 14:45:00+02:00,69.91090002530515,98.52
2026-07-01 15:00:00+02:00,53.97116265531856,95.02
2026-07-01 15:15:00+02:00,72.80951167920679,94.82
2026-07-01 15:30:00+02:00,95.0096582600486,98.46
2026-07-01 15:45:00+02:00,94.55034041327269,100.8
2026-07-01 16:00:00+02:00,82.57169954379061,92.71
2026-07-01 16:15:00+02:00,97.72816605779414,92.93
2026-07-01 16:30:00+02:00,104.25878145635322,103.0
2026-07-01 16:45:00+02:00,117.25271018860938,108.92
2026-07-01 17:00:00+02:00,87.09123264828851,90.39
2026-07-01 17:15:00+02:00,106.4997645648287,103.5
2026-07-01 17:30:00+02:00,116.74185970531575,102.38
2026-07-01 17:45:00+02:00,130.1814535184535,109.37
2026-07-01 18:00:00+02:00,107.71994990109299,105.12
2026-07-01 18:15:00+02:00,129.81017412960972,107.94
2026-07-01 18:30:00+02:00,153.91053208116833,130.03
2026-07-01 18:45:00+02:00,192.84850397237358,137.99
2026-07-01 19:00:00+02:00,176.05001786005838,122.96
2026-07-01 19:15:00+02:00,205.89724964303798,153.11
2026-07-01 19:30:00+02:00,259.7892927657196,185.23
2026-07-01 19:45:00+02:00,303.4899670540049,210.69
2026-07-01 20:00:00+02:00,241.8256275855335,181.22
2026-07-01 20:15:00+02:00,300.8273338836686,214.96
2026-07-01 20:30:00+02:00,320.80152687656823,242.28
2026-07-01 20:45:00+02:00,351.86107258619825,288.28
2026-07-01 21:00:00+02:00,306.29755934715445,250.94
2026-07-01 21:15:00+02:00,291.8461092094269,253.69
2026-07-01 21:30:00+02:00,291.3582567915763,252.96
2026-07-01 21:45:00+02:00,252.79366405938472,216.23
2026-07-01 22:00:00+02:00,278.41170703424865,245.45
2026-07-01 22:15:00+02:00,239.49180726522854,206.55
2026-07-01 22:30:00+02:00,206.8218698386998,179.1
2026-07-01 22:45:00+02:00,180.4488495174306,166.76
2026-07-01 23:00:00+02:00,196.98445323259187,183.3
2026-07-01 23:15:00+02:00,172.85527259928335,164.36
2026-07-01 23:30:00+02:00,164.69089767761994,144.99
2026-07-01 23:45:00+02:00,150.27184977551485,134.01
2026-07-02 00:00:00+02:00,152.7580405769123,166.6
2026-07-02 00:15:00+02:00,145.05615557627348,163.16
2026-07-02 00:30:00+02:00,135.2058680336281,160.7
2026-07-02 00:45:00+02:00,128.80862849073782,150.2
2026-07-02 01:00:00+02:00,137.09873895681912,162.5
2026-07-02 01:15:00+02:00,130.61793210096027,145.88
2026-07-02 01:30:00+02:00,125.86006514699679,134.49
2026-07-02 01:45:00+02:00,120.03447130619264,130.77
2026-07-02 02:00:00+02:00,125.76631112538124,135.9
2026-07-02 02:15:00+02:00,121.39696640358551,129.89
2026-07-02 02:30:00+02:00,121.41049399835866,129.14
2026-07-02 02:45:00+02:00,118.70942629512368,126.5
2026-07-02 03:00:00+02:00,120.5809542844516,125.0
2026-07-02 03:15:00+02:00,123.07967255765269,122.52
2026-07-02 03:30:00+02:00,123.08683719968016,118.61
2026-07-02 03:45:00+02:00,118.82654588450956,115.18
2026-07-02 04:00:00+02:00,119.99387198838858,116.1
2026-07-02 04:15:00+02:00,116.93145050508454,114.9
2026-07-02 04:30:00+02:00,118.38964857730411,112.89
2026-07-02 04:45:00+02:00,124.63419536584483,112.48
2026-07-02 05:00:00+02:00,124.13748602359455,112.75
2026-07-02 05:15:00+02:00,122.64470518356288,113.0
2026-07-02 05:30:00+02:00,123.29762282893076,115.06
2026-07-02 05:45:00+02:00,118.53997130196646,117.0
2026-07-02 06:00:00+02:00,127.71771940764592,129.18
2026-07-02 06:15:00+02:00,129.66873989519112,124.88
2026-07-02 06:30:00+02:00,131.81254022153544,119.07
2026-07-02 06:45:00+02:00,128.05352504957898,111.13
2026-07-02 07:00:00+02:00,141.2639383034202,130.57
2026-07-02 07:15:00+02:00,133.4565068545906,119.25
2026-07-02 07:30:00+02:00,131.56099221936412,108.87
2026-07-02 07:45:00+02:00,115.13449948278607,93.02
2026-07-02 08:00:00+02:00,135.22341756634168,118.89
2026-07-02 08:15:00+02:00,124.14561680560941,106.68
2026-07-02 08:30:00+02:00,110.62735892608016,93.8
2026-07-02 08:45:00+02:00,97.37911441901194,45.89
2026-07-02 09:00:00+02:00,113.19058999191957,86.52
2026-07-02 09:15:00+02:00,104.03968981668274,68.74
2026-07-02 09:30:00+02:00,80.18646998898294,25.05
2026-07-02 09:45:00+02:00,65.30050444179498,0.06
2026-07-02 10:00:00+02:00,78.22568356066562,17.58
2026-07-02 10:15:00+02:00,52.913034060941506,4.5
2026-07-02 10:30:00+02:00,50.68814903576324,0.06
2026-07-02 10:45:00+02:00,39.41210533987788,0.0
2026-07-02 11:00:00+02:00,62.091813538715826,0.0
2026-07-02 11:15:00+02:00,47.329813664187036,-0.01
2026-07-02 11:30:00+02:00,44.646054518061,-0.09
2026-07-02 11:45:00+02:00,36.51038537226806,-0.19
2026-07-02 12:00:00+02:00,40.11720509940412,-1.37
2026-07-02 12:15:00+02:00,29.112117519133907,-1.19
2026-07-02 12:30:00+02:00,21.87648080354661,-2.01
2026-07-02 12:45:00+02:00,7.053849889940736,-2.02
2026-07-02 13:00:00+02:00,21.179037158450512,-1.99
2026-07-02 13:15:00+02:00,9.554070380041004,-1.84
2026-07-02 13:30:00+02:00,7.336273535165053,-2.01
2026-07-02 13:45:00+02:00,0.9272928461221146,-2.02
2026-07-02 14:00:00+02:00,9.527984218377705,-2.32
2026-07-02 14:15:00+02:00,4.690974611645296,-2.02
2026-07-02 14:30:00+02:00,4.473030957054933,-3.38
2026-07-02 14:45:00+02:00,8.251631704558168,-4.29
2026-07-02 15:00:00+02:00,14.131446736958052,-2.02
2026-07-02 15:15:00+02:00,14.975428293965797,-2.07
2026-07-02 15:30:00+02:00,14.201972728925709,-1.99
2026-07-02 15:45:00+02:00,18.345914853846192,-1.91
2026-07-02 16:00:00+02:00,19.246471156535467,-1.01
2026-07-02 16:15:00+02:00,33.492193288215056,-0.93
2026-07-02 16:30:00+02:00,32.22346861293576,-0.08
2026-07-02 16:45:00+02:00,33.90367747160906,0.0
2026-07-02 17:00:00+02:00,34.50295731379261,0.0
2026-07-02 17:15:00+02:00,61.70781472226933,0.05
2026-07-02 17:30:00+02:00,85.81062400488992,1.53
2026-07-02 17:45:00+02:00,105.2867955548609,10.0
2026-07-02 18:00:00+02:00,80.28217258229067,14.01
2026-07-02 18:15:00+02:00,84.78300646381697,24.25
2026-07-02 18:30:00+02:00,107.93477718202111,64.17
2026-07-02 18:45:00+02:00,116.41595372865604,84.92
2026-07-02 19:00:00+02:00,103.54936998830749,66.22
2026-07-02 19:15:00+02:00,124.94016191198612,87.45
2026-07-02 19:30:00+02:00,134.84522530183017,95.08
2026-07-02 19:45:00+02:00,132.56268805572935,113.09
2026-07-02 20:00:00+02:00,153.86828814191722,88.99
2026-07-02 20:15:00+02:00,165.92294829840148,100.27
2026-07-02 20:30:00+02:00,192.4962590915388,114.18
2026-07-02 20:45:00+02:00,213.01306473887976,125.57
2026-07-02 21:00:00+02:00,191.41439321178575,106.43
2026-07-02 21:15:00+02:00,210.79158743441872,112.1
2026-07-02 21:30:00+02:00,210.75665213497567,124.56
2026-07-02 21:45:00+02:00,171.64075914344244,128.6
2026-07-02 22:00:00+02:00,189.69620076271138,131.49
2026-07-02 22:15:00+02:00,163.7436493078236,127.99
2026-07-02 22:30:00+02:00,145.67870377913903,132.45
2026-07-02 22:45:00+02:00,126.07280912102492,115.67
2026-07-02 23:00:00+02:00,123.78331955085548,126.69
2026-07-02 23:15:00+02:00,115.02121770402826,113.32
2026-07-02 23:30:00+02:00,112.3136309418382,119.34
2026-07-02 23:45:00+02:00,103.42287773754123,111.08
2026-07-03 00:00:00+02:00,110.83751014869273,95.01
2026-07-03 00:15:00+02:00,103.83102878446412,90.85
2026-07-03 00:30:00+02:00,94.19107543402508,89.99
2026-07-03 00:45:00+02:00,91.18193593454673,89.2
2026-07-03 01:00:00+02:00,95.47914404757756,87.85
2026-07-03 01:15:00+02:00,90.43875232304094,86.76
2026-07-03 01:30:00+02:00,90.99299045144062,88.08
2026-07-03 01:45:00+02:00,87.24859789439188,85.29
2026-07-03 02:00:00+02:00,84.5388691173712,84.83
2026-07-03 02:15:00+02:00,86.22490632012577,82.04
2026-07-03 02:30:00+02:00,85.9804706824973,82.86
2026-07-03 02:45:00+02:00,87.37001394176436,81.0
2026-07-03 03:00:00+02:00,89.86152461051424,88.18
2026-07-03 03:15:00+02:00,82.21482887238167,86.35
2026-07-03 03:30:00+02:00,88.91159595574894,86.35
2026-07-03 03:45:00+02:00,84.84645257823428,82.76
2026-07-03 04:00:00+02:00,79.45067884308145,86.67
2026-07-03 04:15:00+02:00,88.46111473600277,84.64
2026-07-03 04:30:00+02:00,86.6871560753164,81.46
2026-07-03 04:45:00+02:00,92.35754153243127,85.06
2026-07-03 05:00:00+02:00,83.45121866875972,84.25
2026-07-03 05:15:00+02:00,83.10723519878647,83.23
2026-07-03 05:30:00+02:00,97.63421332469383,87.0
2026-07-03 05:45:00+02:00,88.84530076839985,92.8
2026-07-03 06:00:00+02:00,95.00678613921309,94.64
2026-07-03 06:15:00+02:00,104.85751140699509,101.99
2026-07-03 06:30:00+02:00,106.03017308934994,103.18
2026-07-03 06:45:00+02:00,99.1921607037496,98.16
2026-07-03 07:00:00+02:00,118.0760091262214,125.97
2026-07-03 07:15:00+02:00,107.59710580189873,110.63
2026-07-03 07:30:00+02:00,101.12257525134521,101.81
2026-07-03 07:45:00+02:00,99.49428747154367,79.46
2026-07-03 08:00:00+02:00,107.6204455233569,97.69
2026-07-03 08:15:00+02:00,106.37673387191079,82.14
2026-07-03 08:30:00+02:00,94.27011282117692,56.0
2026-07-03 08:45:00+02:00,68.17613407600133,16.28
2026-07-03 09:00:00+02:00,96.25374646406264,33.75
2026-07-03 09:15:00+02:00,73.02381925211016,4.5
2026-07-03 09:30:00+02:00,41.25143364617627,0.01
2026-07-03 09:45:00+02:00,20.351982558671928,0.0
2026-07-03 10:00:00+02:00,38.281561725543085,0.01
2026-07-03 10:15:00+02:00,30.061601150646112,0.0
2026-07-03 10:30:00+02:00,29.9946177693579,-0.02
2026-07-03 10:45:00+02:00,21.30451347389696,-0.39
2026-07-03 11:00:00+02:00,35.307745144019705,-0.7
2026-07-03 11:15:00+02:00,39.14538744702956,-1.0
2026-07-03 11:30:00+02:00,27.03197407232682,-1.03
2026-07-03 11:45:00+02:00,30.829195134344275,-1.49
2026-07-03 12:00:00+02:00,29.940943950853036,-1.68
2026-07-03 12:15:00+02:00,26.156809118165327,-1.92
2026-07-03 12:30:00+02:00,21.717656566118947,-1.88
2026-07-03 12:45:00+02:00,16.888841536816503,-2.06
2026-07-03 13:00:00+02:00,18.78157499096286,-2.61
2026-07-03 13:15:00+02:00,16.8030015094269,-3.0
2026-07-03 13:30:00+02:00,19.121102422599023,-3.63
2026-07-03 13:45:00+02:00,21.983024832860945,-4.77
2026-07-03 14:00:00+02:00,15.816959807204972,-4.51
2026-07-03 14:15:00+02:00,12.230197644139404,-4.81
2026-07-03 14:30:00+02:00,14.030420876756349,-4.68
2026-07-03 14:45:00+02:00,4.715009068400659,-5.95
2026-07-03 15:00:00+02:00,3.2670380264404844,-5.22
2026-07-03 15:15:00+02:00,10.070202796399983,-5.32
2026-07-03 15:30:00+02:00,16.9233570833971,-2.02
2026-07-03 15:45:00+02:00,14.667443790959616,-3.66
2026-07-03 16:00:00+02:00,14.635217578086221,-1.2
2026-07-03 16:15:00+02:00,11.628173924961494,-2.25
2026-07-03 16:30:00+02:00,-4.750078034518694,-4.96
2026-07-03 16:45:00+02:00,5.889252038787362,-2.01
2026-07-03 17:00:00+02:00,-5.633031834063971,-1.16
2026-07-03 17:15:00+02:00,15.719012204398823,-0.08
2026-07-03 17:30:00+02:00,46.93896292784211,0.0
2026-07-03 17:45:00+02:00,57.50150517688495,1.05
2026-07-03 18:00:00+02:00,26.096352670675202,1.0
2026-07-03 18:15:00+02:00,44.515097980344805,12.68
2026-07-03 18:30:00+02:00,72.32852193380873,51.86
2026-07-03 18:45:00+02:00,113.61428696349651,76.0
2026-07-03 19:00:00+02:00,76.17012022873939,71.05
2026-07-03 19:15:00+02:00,100.01300721043391,97.03
2026-07-03 19:30:00+02:00,127.89291220929114,117.37
2026-07-03 19:45:00+02:00,163.79370188664788,125.13
2026-07-03 20:00:00+02:00,122.74242962955084,110.48
2026-07-03 20:15:00+02:00,153.74522445221186,118.1
2026-07-03 20:30:00+02:00,184.13426471230267,127.0
2026-07-03 20:45:00+02:00,194.61855285067543,142.19
2026-07-03 21:00:00+02:00,178.2327054525545,122.9
2026-07-03 21:15:00+02:00,198.47840529825393,129.04
2026-07-03 21:30:00+02:00,195.45982791296595,133.85
2026-07-03 21:45:00+02:00,154.08574668121668,134.32
2026-07-03 22:00:00+02:00,175.76592716651865,141.36
2026-07-03 22:15:00+02:00,155.99428721910033,137.7
2026-07-03 22:30:00+02:00,137.80333096146492,134.96
2026-07-03 22:45:00+02:00,116.3381763918703,129.2
2026-07-03 23:00:00+02:00,129.8252359242834,128.69
2026-07-03 23:15:00+02:00,116.52555115703181,125.48
2026-07-03 23:30:00+02:00,117.82021142779297,124.59
2026-07-03 23:45:00+02:00,112.37358283282217,118.34
2026-07-04 00:00:00+02:00,117.0615342373208,137.1
2026-07-04 00:15:00+02:00,113.57630015815049,126.5
2026-07-04 00:30:00+02:00,112.31354498013488,121.85
2026-07-04 00:45:00+02:00,117.97259141285615,114.55
2026-07-04 01:00:00+02:00,110.24711351652093,128.58
2026-07-04 01:15:00+02:00,107.11037272423192,119.57
2026-07-04 01:30:00+02:00,111.49055839161485,116.7
2026-07-04 01:45:00+02:00,109.0137728929201,115.5
2026-07-04 02:00:00+02:00,109.00399201112563,117.14
2026-07-04 02:15:00+02:00,102.0351124165893,116.05
2026-07-04 02:30:00+02:00,101.13962397817905,116.83
2026-07-04 02:45:00+02:00,98.3626232651165,115.72
2026-07-04 03:00:00+02:00,102.01249492668592,117.14
2026-07-04 03:15:00+02:00,106.25126217055296,115.08
2026-07-04 03:30:00+02:00,107.16730953979551,112.56
2026-07-04 03:45:00+02:00,106.19668079765442,110.51
2026-07-04 04:00:00+02:00,93.30391037749975,107.42
2026-07-04 04:15:00+02:00,91.05936793409154,107.41
2026-07-04 04:30:00+02:00,97.43780854771273,105.31
2026-07-04 04:45:00+02:00,98.11268551964085,105.21
2026-07-04 05:00:00+02:00,94.93748423181194,103.42
2026-07-04 05:15:00+02:00,98.24711572984518,103.92
2026-07-04 05:30:00+02:00,103.37172931311278,98.97
2026-07-04 05:45:00+02:00,99.88361880144102,92.38
2026-07-04 06:00:00+02:00,99.32108571614087,105.0
2026-07-04 06:15:00+02:00,97.9349152564763,100.51
2026-07-04 06:30:00+02:00,95.74476843916032,89.33
2026-07-04 06:45:00+02:00,77.25450917994608,74.16
2026-07-04 07:00:00+02:00,99.64825135219037,101.72
2026-07-04 07:15:00+02:00,98.04220128521195,83.07
2026-07-04 07:30:00+02:00,79.2174233424671,61.06
2026-07-04 07:45:00+02:00,67.05832676492818,44.76
2026-07-04 08:00:00+02:00,103.11370384691682,63.4
2026-07-04 08:15:00+02:00,76.53718014528167,32.9
2026-07-04 08:30:00+02:00,42.24788263075746,14.63
2026-07-04 08:45:00+02:00,12.313006942457804,4.79
2026-07-04 09:00:00+02:00,27.960611575380113,3.91
2026-07-04 09:15:00+02:00,6.669664102502992,0.06
2026-07-04 09:30:00+02:00,-0.7408706845037898,0.0
2026-07-04 09:45:00+02:00,4.865363733172892,0.0
2026-07-04 10:00:00+02:00,4.126239245391602,0.0
2026-07-04 10:15:00+02:00,8.624054383335263,0.0
2026-07-04 10:30:00+02:00,10.059836465494811,-0.01
2026-07-04 10:45:00+02:00,15.342282188056265,-0.03
2026-07-04 11:00:00+02:00,8.545589345636525,-0.12
2026-07-04 11:15:00+02:00,5.220318290586583,-0.13
2026-07-04 11:30:00+02:00,-0.5124965784774549,-1.01
2026-07-04 11:45:00+02:00,-0.5462316484723768,-1.94
2026-07-04 12:00:00+02:00,-0.6093173317783691,-1.65
2026-07-04 12:15:00+02:00,3.0818437108722354,-2.35
2026-07-04 12:30:00+02:00,6.554511068572956,-3.42
2026-07-04 12:45:00+02:00,-0.9625736037353145,-4.99
2026-07-04 13:00:00+02:00,1.439533400289597,-6.41
2026-07-04 13:15:00+02:00,2.219955119086247,-7.91
2026-07-04 13:30:00+02:00,-5.560746938883674,-8.67
2026-07-04 13:45:00+02:00,-3.895238725462702,-10.01
2026-07-04 14:00:00+02:00,-4.485413004820318,-11.8
2026-07-04 14:15:00+02:00,-5.607928051063692,-10.81
2026-07-04 14:30:00+02:00,-5.477291755231141,-9.99
2026-07-04 14:45:00+02:00,-10.095038377051111,-8.64
2026-07-04 15:00:00+02:00,-4.652837193362194,-5.98
2026-07-04 15:15:00+02:00,0.3617876166841345,-4.99
2026-07-04 15:30:00+02:00,-1.1964733825216136,-3.69
2026-07-04 15:45:00+02:00,-12.517851165750265,-2.4
2026-07-04 16:00:00+02:00,10.477356437729712,-1.01
2026-07-04 16:15:00+02:00,-2.1067971697538823,-0.14
2026-07-04 16:30:00+02:00,-14.49397188151383,-0.12
2026-07-04 16:45:00+02:00,-13.018885682033229,-0.09
2026-07-04 17:00:00+02:00,-5.895783444782765,-0.09
2026-07-04 17:15:00+02:00,11.707504063200062,0.0
2026-07-04 17:30:00+02:00,30.85092508551628,0.08
2026-07-04 17:45:00+02:00,48.6536488171574,17.18
2026-07-04 18:00:00+02:00,23.08568376334837,11.44
2026-07-04 18:15:00+02:00,43.9061600322525,49.97
2026-07-04 18:30:00+02:00,85.08278579609173,74.74
2026-07-04 18:45:00+02:00,87.8187083181194,94.78
2026-07-04 19:00:00+02:00,81.89237806560219,83.56
2026-07-04 19:15:00+02:00,100.69633383185453,98.57
2026-07-04 19:30:00+02:00,110.70980635097706,120.89
2026-07-04 19:45:00+02:00,113.85378672731055,125.75
2026-07-04 20:00:00+02:00,105.52046063611976,116.79
2026-07-04 20:15:00+02:00,103.67356636058918,120.84
2026-07-04 20:30:00+02:00,119.78547809186253,127.45
2026-07-04 20:45:00+02:00,154.4492274378155,137.48
2026-07-04 21:00:00+02:00,112.51614671853612,128.97
2026-07-04 21:15:00+02:00,140.75729254081057,130.19
2026-07-04 21:30:00+02:00,137.3864051409644,133.51
2026-07-04 21:45:00+02:00,121.5139784178789,131.45
2026-07-04 22:00:00+02:00,137.46214948823325,136.51
2026-07-04 22:15:00+02:00,130.7668134071346,128.68
2026-07-04 22:30:00+02:00,123.98683104678815,127.84
2026-07-04 22:45:00+02:00,110.14763418056832,119.08
2026-07-04 23:00:00+02:00,114.32327000716586,126.46
2026-07-04 23:15:00+02:00,104.20621480243632,117.93
2026-07-04 23:30:00+02:00,108.95555387302996,115.85
2026-07-04 23:45:00+02:00,102.42145456558099,114.24
2026-07-05 00:00:00+02:00,106.58308922305817,134.57
2026-07-05 00:15:00+02:00,102.9697702243139,129.55
2026-07-05 00:30:00+02:00,100.3119476341235,117.65
2026-07-05 00:45:00+02:00,96.68913082686645,109.72
2026-07-05 01:00:00+02:00,93.68986460856755,135.0
2026-07-05 01:15:00+02:00,95.40531263111785,115.8
2026-07-05 01:30:00+02:00,87.32426811117537,110.04
2026-07-05 01:45:00+02:00,83.0202399695528,102.85
2026-07-05 02:00:00+02:00,84.52049002921432,116.64
2026-07-05 02:15:00+02:00,82.37821114740919,112.81
2026-07-05 02:30:00+02:00,83.3856466657812,109.36
2026-07-05 02:45:00+02:00,84.44487011885542,103.18
2026-07-05 03:00:00+02:00,88.45845971182678,108.99
2026-07-05 03:15:00+02:00,78.73805988184003,107.44
2026-07-05 03:30:00+02:00,82.76151832356521,105.54
2026-07-05 03:45:00+02:00,77.17998569697963,101.84
2026-07-05 04:00:00+02:00,78.21081612747702,103.24
2026-07-05 04:15:00+02:00,77.37180214204074,101.42
2026-07-05 04:30:00+02:00,84.08867086461757,101.47
2026-07-05 04:45:00+02:00,83.65318800781245,99.51
2026-07-05 05:00:00+02:00,75.43324148510371,103.14
2026-07-05 05:15:00+02:00,76.46561976703148,103.1
2026-07-05 05:30:00+02:00,76.48904520635622,96.95
2026-07-05 05:45:00+02:00,67.69714926454759,85.17
2026-07-05 06:00:00+02:00,80.81150532950545,108.44
2026-07-05 06:15:00+02:00,68.08993222630062,96.96
2026-07-05 06:30:00+02:00,60.61699752534021,77.93
2026-07-05 06:45:00+02:00,52.26247893122013,56.68
2026-07-05 07:00:00+02:00,72.78858829439443,76.36
2026-07-05 07:15:00+02:00,59.117841267003925,47.4
2026-07-05 07:30:00+02:00,45.07847718695295,31.58
2026-07-05 07:45:00+02:00,35.44362992093133,21.31
2026-07-05 08:00:00+02:00,53.101842689997156,31.17
2026-07-05 08:15:00+02:00,43.39152842046296,16.55
2026-07-05 08:30:00+02:00,18.162427721898595,7.24
2026-07-05 08:45:00+02:00,27.84573994141971,4.22
2026-07-05 09:00:00+02:00,19.82049278210451,4.25
2026-07-05 09:15:00+02:00,19.72455191124834,1.26
2026-07-05 09:30:00+02:00,16.39705578819013,0.02
2026-07-05 09:45:00+02:00,11.596262012309381,0.0
2026-07-05 10:00:00+02:00,17.721851860729785,0.0
2026-07-05 10:15:00+02:00,17.9747446205228,0.0
2026-07-05 10:30:00+02:00,16.069075090101997,-0.01
2026-07-05 10:45:00+02:00,10.860492864457196,-0.02
2026-07-05 11:00:00+02:00,5.4033228771207575,-0.03
2026-07-05 11:15:00+02:00,3.6216272211626936,-0.02
2026-07-05 11:30:00+02:00,-1.3817233144710244,-0.03
2026-07-05 11:45:00+02:00,-2.887561364271143,-0.04
2026-07-05 12:00:00+02:00,-11.171197067519998,-0.09
2026-07-05 12:15:00+02:00,-5.057847835263473,-0.1
2026-07-05 12:30:00+02:00,-7.371917048023296,-0.11
2026-07-05 12:45:00+02:00,-26.6742389458869,-0.12
2026-07-05 13:00:00+02:00,-16.797680161129215,-0.17
2026-07-05 13:15:00+02:00,-28.30861018342307,-0.21
2026-07-05 13:30:00+02:00,-31.264622616084377,-1.01
2026-07-05 13:45:00+02:00,-32.03271903638792,-1.08
2026-07-05 14:00:00+02:00,-27.854391111868942,-1.31
2026-07-05 14:15:00+02:00,-28.576985373474333,-1.2
2026-07-05 14:30:00+02:00,-31.404015849892033,-1.1
2026-07-05 14:45:00+02:00,-28.99653276424019,-1.05
2026-07-05 15:00:00+02:00,-32.71582731744823,-1.02
2026-07-05 15:15:00+02:00,-20.14159817227147,-1.05
2026-07-05 15:30:00+02:00,-17.96662404870839,-1.02
2026-07-05 15:45:00+02:00,-23.94029325841234,-1.0
2026-07-05 16:00:00+02:00,-5.274737654946154,-0.09
2026-07-05 16:15:00+02:00,-10.8205070904784,-0.08
2026-07-05 16:30:00+02:00,-9.596409222487551,-0.07
2026-07-05 16:45:00+02:00,-8.968380855934072,0.0
2026-07-05 17:00:00+02:00,-3.782069528010979,-0.01
2026-07-05 17:15:00+02:00,2.0565371517320443,0.14
2026-07-05 17:30:00+02:00,3.463485640477998,3.78
2026-07-05 17:45:00+02:00,17.345507141825763,15.69
2026-07-05 18:00:00+02:00,26.745380329206753,20.06
2026-07-05 18:15:00+02:00,47.26724247089659,41.94
2026-07-05 18:30:00+02:00,92.85301598067035,82.04
2026-07-05 18:45:00+02:00,96.84780616837614,111.96
2026-07-05 19:00:00+02:00,77.82846980180041,69.67
2026-07-05 19:15:00+02:00,111.86537543403374,100.28
2026-07-05 19:30:00+02:00,114.86889201743892,125.07
2026-07-05 19:45:00+02:00,114.85745851733016,135.0
2026-07-05 20:00:00+02:00,103.97851627451949,115.65
2026-07-05 20:15:00+02:00,114.71353026233031,122.54
2026-07-05 20:30:00+02:00,122.22534576026206,134.01
2026-07-05 20:45:00+02:00,124.20908400540446,144.99
2026-07-05 21:00:00+02:00,120.78310417995621,129.95
2026-07-05 21:15:00+02:00,125.01880273201314,133.15
2026-07-05 21:30:00+02:00,132.94927209807298,136.63
2026-07-05 21:45:00+02:00,135.7023700578255,146.43
2026-07-05 22:00:00+02:00,137.62039473795835,144.99
2026-07-05 22:15:00+02:00,134.076670343349,143.59
2026-07-05 22:30:00+02:00,135.5494736495195,137.68
2026-07-05 22:45:00+02:00,130.87398871139365,133.31
2026-07-05 23:00:00+02:00,134.50514689143998,134.51
2026-07-05 23:15:00+02:00,127.06560220184721,124.6
2026-07-05 23:30:00+02:00,127.21356403880532,129.06
2026-07-05 23:45:00+02:00,121.42144177711515,123.41
2026-07-06 00:00:00+02:00,130.8151030257431,149.55
2026-07-06 00:15:00+02:00,122.37931585169851,145.0
2026-07-06 00:30:00+02:00,118.4838360381627,136.0
2026-07-06 00:45:00+02:00,115.42226628636558,123.67
2026-07-06 01:00:00+02:00,119.61351549424836,130.57
2026-07-06 01:15:00+02:00,114.95406490622423,124.75
2026-07-06 01:30:00+02:00,115.27529133283127,122.84
2026-07-06 01:45:00+02:00,115.85495275180617,119.99
2026-07-06 02:00:00+02:00,115.30532945180595,124.91
2026-07-06 02:15:00+02:00,113.66148534816581,119.57
2026-07-06 02:30:00+02:00,114.46590231984425,118.21
2026-07-06 02:45:00+02:00,113.85828620488846,116.36
2026-07-06 03:00:00+02:00,114.27062541714699,115.42
2026-07-06 03:15:00+02:00,113.63513834393122,114.72
2026-07-06 03:30:00+02:00,112.43397974327213,115.95
2026-07-06 03:45:00+02:00,110.96819563005874,116.11
2026-07-06 04:00:00+02:00,110.57432485523668,114.39
2026-07-06 04:15:00+02:00,107.71723860485932,114.13
2026-07-06 04:30:00+02:00,106.98408887888681,117.9
2026-07-06 04:45:00+02:00,106.95810198434947,117.28
2026-07-06 05:00:00+02:00,110.37652687367405,116.41
2026-07-06 05:15:00+02:00,109.1600405847327,117.05
2026-07-06 05:30:00+02:00,104.97645176420698,120.0
2026-07-06 05:45:00+02:00,107.05621257317355,129.98
2026-07-06 06:00:00+02:00,115.2807050148823,129.64
2026-07-06 06:15:00+02:00,118.82562823083637,138.53
2026-07-06 06:30:00+02:00,114.72533093473318,139.33
2026-07-06 06:45:00+02:00,107.01732993202803,136.63
2026-07-06 07:00:00+02:00,120.37630400083044,148.93
2026-07-06 07:15:00+02:00,114.71332253279475,143.75
2026-07-06 07:30:00+02:00,109.53019514493944,133.79
2026-07-06 07:45:00+02:00,99.81849958224619,131.77
2026-07-06 08:00:00+02:00,124.91178114979299,155.93
2026-07-06 08:15:00+02:00,120.17550265687245,135.18
2026-07-06 08:30:00+02:00,105.49133607631782,127.45
2026-07-06 08:45:00+02:00,93.33174535430011,116.9
2026-07-06 09:00:00+02:00,119.75169452819053,127.87
2026-07-06 09:15:00+02:00,96.72595872158053,115.55
2026-07-06 09:30:00+02:00,84.48166265726348,105.08
2026-07-06 09:45:00+02:00,79.79270332563203,93.96
2026-07-06 10:00:00+02:00,92.9242412071189,114.77
2026-07-06 10:15:00+02:00,87.02414263234058,94.99
2026-07-06 10:30:00+02:00,72.7352463721157,81.4
2026-07-06 10:45:00+02:00,50.58160038864639,69.94
2026-07-06 11:00:00+02:00,68.6762727110431,87.0
2026-07-06 11:15:00+02:00,52.975933738333254,79.52
2026-07-06 11:30:00+02:00,35.88859588951915,64.74
2026-07-06 11:45:00+02:00,24.009259161191775,57.0
2026-07-06 12:00:00+02:00,42.590193707517834,59.95
2026-07-06 12:15:00+02:00,33.03183447602065,47.22
2026-07-06 12:30:00+02:00,30.71939117536574,38.33
2026-07-06 12:45:00+02:00,26.80052700303209,26.56
2026-07-06 13:00:00+02:00,28.504256603602272,39.51
2026-07-06 13:15:00+02:00,26.617864144630218,25.02
2026-07-06 13:30:00+02:00,30.773886711698683,14.16
2026-07-06 13:45:00+02:00,23.26220196185786,3.09
2026-07-06 14:00:00+02:00,20.18079059656578,19.2
2026-07-06 14:15:00+02:00,17.479741374900485,10.24
2026-07-06 14:30:00+02:00,13.856151437437493,8.76
2026-07-06 14:45:00+02:00,13.051527738542692,1.03
2026-07-06 15:00:00+02:00,15.485664801931701,4.51
2026-07-06 15:15:00+02:00,16.237820881857115,2.86
2026-07-06 15:30:00+02:00,22.631276504065262,4.99
2026-07-06 15:45:00+02:00,22.844478856004816,7.64
2026-07-06 16:00:00+02:00,17.952706090268055,2.46
2026-07-06 16:15:00+02:00,27.121714750485776,11.06
2026-07-06 16:30:00+02:00,22.294567383645678,26.52
2026-07-06 16:45:00+02:00,32.76865838863017,42.0
2026-07-06 17:00:00+02:00,23.466825753255854,28.86
2026-07-06 17:15:00+02:00,54.18938260594781,64.14
2026-07-06 17:30:00+02:00,65.91167144622531,81.21
2026-07-06 17:45:00+02:00,64.83284094876515,92.12
2026-07-06 18:00:00+02:00,29.473814058716414,79.74
2026-07-06 18:15:00+02:00,67.554707305192,92.6
2026-07-06 18:30:00+02:00,90.73091523250892,108.23
2026-07-06 18:45:00+02:00,119.30956509737086,116.78
2026-07-06 19:00:00+02:00,93.6633306591576,101.23
2026-07-06 19:15:00+02:00,105.65824182112843,111.12
2026-07-06 19:30:00+02:00,127.49158416474886,125.26
2026-07-06 19:45:00+02:00,123.83646864051752,133.85
2026-07-06 20:00:00+02:00,113.58649713342746,124.27
2026-07-06 20:15:00+02:00,115.84806494566419,135.21
2026-07-06 20:30:00+02:00,119.2579758911041,140.83
2026-07-06 20:45:00+02:00,123.60299239445249,153.01
2026-07-06 21:00:00+02:00,117.72072404049288,151.64
2026-07-06 21:15:00+02:00,112.93051896295708,155.18
2026-07-06 21:30:00+02:00,114.42835110246716,153.19
2026-07-06 21:45:00+02:00,125.31521650970859,144.8
2026-07-06 22:00:00+02:00,128.8770449830064,152.61
2026-07-06 22:15:00+02:00,125.68794982754903,143.82
2026-07-06 22:30:00+02:00,125.0262571411925,150.67
2026-07-06 22:45:00+02:00,121.190301573483,141.52
2026-07-06 23:00:00+02:00,122.26632513633815,145.38
2026-07-06 23:15:00+02:00,115.68620297963103,135.27
2026-07-06 23:30:00+02:00,110.5387895381506,132.58
2026-07-06 23:45:00+02:00,107.96854394373543,126.77
2026-07-07 00:00:00+02:00,136.37606244783126,129.03
2026-07-07 00:15:00+02:00,134.24364936116265,127.28
2026-07-07 00:30:00+02:00,128.12431416243342,116.08
2026-07-07 00:45:00+02:00,119.77484271885362,111.53
2026-07-07 01:00:00+02:00,128.20500491013695,121.75
2026-07-07 01:15:00+02:00,122.31717865123261,114.02
2026-07-07 01:30:00+02:00,119.33214441818888,112.85
2026-07-07 01:45:00+02:00,115.57379168009884,109.99
2026-07-07 02:00:00+02:00,117.08767044724031,113.0
2026-07-07 02:15:00+02:00,113.03545095097218,109.28
2026-07-07 02:30:00+02:00,114.52672333418839,106.29
2026-07-07 02:45:00+02:00,108.95576145865101,103.38
2026-07-07 03:00:00+02:00,113.75171858274646,103.36
2026-07-07 03:15:00+02:00,108.7098529756296,100.07
2026-07-07 03:30:00+02:00,110.56157861418909,101.0
2026-07-07 03:45:00+02:00,106.69552783647204,99.58
2026-07-07 04:00:00+02:00,109.23276360422676,98.9
2026-07-07 04:15:00+02:00,107.6461671588993,97.27
2026-07-07 04:30:00+02:00,106.40684478073476,98.19
2026-07-07 04:45:00+02:00,100.77757605597112,99.17
2026-07-07 05:00:00+02:00,108.36686793044214,100.0
2026-07-07 05:15:00+02:00,105.24761040467024,100.57
2026-07-07 05:30:00+02:00,105.94498658314167,102.72
2026-07-07 05:45:00+02:00,105.60074880458272,106.34
2026-07-07 06:00:00+02:00,106.44069875361703,111.14
2026-07-07 06:15:00+02:00,111.30469163278767,117.33
2026-07-07 06:30:00+02:00,111.60476346351007,116.82
2026-07-07 06:45:00+02:00,114.8285266590864,117.11
2026-07-07 07:00:00+02:00,125.47729516231807,124.01
2026-07-07 07:15:00+02:00,117.83507551595237,121.0
2026-07-07 07:30:00+02:00,111.28435098801208,117.95
2026-07-07 07:45:00+02:00,96.9794147511991,111.61
2026-07-07 08:00:00+02:00,119.59548079089353,128.69
2026-07-07 08:15:00+02:00,107.63809290215627,114.3
2026-07-07 08:30:00+02:00,95.93469745800442,112.34
2026-07-07 08:45:00+02:00,86.67033678413824,104.23
2026-07-07 09:00:00+02:00,109.11088520469704,121.97
2026-07-07 09:15:00+02:00,64.5544247272197,106.62
2026-07-07 09:30:00+02:00,26.87339134757803,89.96
2026-07-07 09:45:00+02:00,18.308214363816177,60.04
2026-07-07 10:00:00+02:00,26.11468157859929,82.67
2026-07-07 10:15:00+02:00,17.782150747242113,54.52
2026-07-07 10:30:00+02:00,28.9309541269592,32.22
2026-07-07 10:45:00+02:00,31.086392703182362,4.15
2026-07-07 11:00:00+02:00,28.48353468713636,18.22
2026-07-07 11:15:00+02:00,33.74401883639936,1.48
2026-07-07 11:30:00+02:00,35.40586501856926,0.0
2026-07-07 11:45:00+02:00,25.85285467487906,-0.01
2026-07-07 12:00:00+02:00,26.36567740965642,-0.02
2026-07-07 12:15:00+02:00,15.304492714570934,-0.33
2026-07-07 12:30:00+02:00,10.034909906461047,-1.1
2026-07-07 12:45:00+02:00,4.937408367627709,-1.87
2026-07-07 13:00:00+02:00,5.567660854075991,-3.65
2026-07-07 13:15:00+02:00,4.660294224465964,-2.02
2026-07-07 13:30:00+02:00,4.3441209016177655,-2.17
2026-07-07 13:45:00+02:00,1.2710822982737815,-2.98
2026-07-07 14:00:00+02:00,2.2283041807904898,-3.02
2026-07-07 14:15:00+02:00,2.268180590314876,-2.71
2026-07-07 14:30:00+02:00,-1.1108628050778515,-3.07
2026-07-07 14:45:00+02:00,-5.115298817913414,-2.54
2026-07-07 15:00:00+02:00,5.959170964015296,-1.77
2026-07-07 15:15:00+02:00,0.35887952606866147,-1.63
2026-07-07 15:30:00+02:00,-0.11348583262686951,-1.33
2026-07-07 15:45:00+02:00,1.0475955115110764,-1.21
2026-07-07 16:00:00+02:00,2.696112369431619,-1.02
2026-07-07 16:15:00+02:00,-0.5349063189534462,-1.0
2026-07-07 16:30:00+02:00,-3.3017294334903937,-0.05
2026-07-07 16:45:00+02:00,-0.9933411454630345,-0.01
2026-07-07 17:00:00+02:00,2.743049375189564,0.0
2026-07-07 17:15:00+02:00,22.17059779707394,0.01
2026-07-07 17:30:00+02:00,32.08688592329237,7.85
2026-07-07 17:45:00+02:00,41.10590074044403,20.21
2026-07-07 18:00:00+02:00,37.86482188469803,25.18
2026-07-07 18:15:00+02:00,62.07144450769242,58.86
2026-07-07 18:30:00+02:00,90.77425213611426,71.01
2026-07-07 18:45:00+02:00,112.2827427545245,87.8
2026-07-07 19:00:00+02:00,81.03163231495482,67.53
2026-07-07 19:15:00+02:00,105.53887277931376,84.19
2026-07-07 19:30:00+02:00,122.72632382206568,92.01
2026-07-07 19:45:00+02:00,130.73944607731434,101.0
2026-07-07 20:00:00+02:00,115.21092484738321,102.91
2026-07-07 20:15:00+02:00,122.84616897758832,104.17
2026-07-07 20:30:00+02:00,129.33655373694913,112.9
2026-07-07 20:45:00+02:00,131.58526139014032,111.91
2026-07-07 21:00:00+02:00,129.58299455634184,118.09
2026-07-07 21:15:00+02:00,118.78713989367654,117.0
2026-07-07 21:30:00+02:00,127.20993877613938,118.88
2026-07-07 21:45:00+02:00,125.43619117370477,119.64
2026-07-07 22:00:00+02:00,137.05856548454085,124.54
2026-07-07 22:15:00+02:00,133.39397983940938,122.0
2026-07-07 22:30:00+02:00,133.10426958178056,121.03
2026-07-07 22:45:00+02:00,124.65733199619001,115.45
2026-07-07 23:00:00+02:00,129.53489183519602,121.24
2026-07-07 23:15:00+02:00,115.56074243520949,118.8
2026-07-07 23:30:00+02:00,120.03575077973564,115.36
2026-07-07 23:45:00+02:00,113.3255700571988,112.93
2026-07-08 00:00:00+02:00,106.45389942041528,119.71
2026-07-08 00:15:00+02:00,100.03721728706589,116.96
2026-07-08 00:30:00+02:00,98.38865986868744,112.03
2026-07-08 00:45:00+02:00,93.20528241628487,110.99
2026-07-08 01:00:00+02:00,95.04839073265842,120.96
2026-07-08 01:15:00+02:00,91.72353109264803,116.9
2026-07-08 01:30:00+02:00,93.56335680492731,115.3
2026-07-08 01:45:00+02:00,94.49894295744687,110.22
2026-07-08 02:00:00+02:00,92.04992856394026,116.05
2026-07-08 02:15:00+02:00,88.90060042957273,111.3
2026-07-08 02:30:00+02:00,90.82785493888231,111.07
2026-07-08 02:45:00+02:00,91.85121777536077,108.61
2026-07-08 03:00:00+02:00,92.15658056050032,107.31
2026-07-08 03:15:00+02:00,90.43571050750194,109.0
2026-07-08 03:30:00+02:00,94.38646625399457,107.18
2026-07-08 03:45:00+02:00,97.49310049360095,109.19
2026-07-08 04:00:00+02:00,97.64431523976003,107.84
2026-07-08 04:15:00+02:00,97.51844538172564,113.32
2026-07-08 04:30:00+02:00,97.96603340481411,115.14
2026-07-08 04:45:00+02:00,102.18984934639488,118.03
2026-07-08 05:00:00+02:00,96.7929982819814,115.22
2026-07-08 05:15:00+02:00,100.11415448352163,118.91
2026-07-08 05:30:00+02:00,103.38944866827069,121.19
2026-07-08 05:45:00+02:00,112.53756800065858,123.5
2026-07-08 06:00:00+02:00,113.18006177963035,125.23
2026-07-08 06:15:00+02:00,117.90888712026413,131.6
2026-07-08 06:30:00+02:00,118.64860475470407,132.5
2026-07-08 06:45:00+02:00,116.22947068920456,133.67
2026-07-08 07:00:00+02:00,128.5659173689006,136.17
2026-07-08 07:15:00+02:00,118.06613294263897,134.45
2026-07-08 07:30:00+02:00,116.17215412517413,132.02
2026-07-08 07:45:00+02:00,109.28235202696555,125.0
2026-07-08 08:00:00+02:00,117.93684914482344,139.68
2026-07-08 08:15:00+02:00,117.89560439467193,130.92
2026-07-08 08:30:00+02:00,98.6083279158651,121.17
2026-07-08 08:45:00+02:00,84.5975545387293,111.4
2026-07-08 09:00:00+02:00,110.1899978287489,122.91
2026-07-08 09:15:00+02:00,79.75148497824901,110.85
2026-07-08 09:30:00+02:00,53.347081278500035,89.22
2026-07-08 09:45:00+02:00,24.680173977686806,78.71
2026-07-08 10:00:00+02:00,18.411029714116964,90.05
2026-07-08 10:15:00+02:00,17.790713410222047,79.47
2026-07-08 10:30:00+02:00,24.089705197805117,78.8
2026-07-08 10:45:00+02:00,13.911681582899092,70.01
2026-07-08 11:00:00+02:00,5.482840419445992,85.0
2026-07-08 11:15:00+02:00,2.5525767127404677,74.26
2026-07-08 11:30:00+02:00,-2.83827021876089,71.2
2026-07-08 11:45:00+02:00,-2.968926770703092,53.84
2026-07-08 12:00:00+02:00,1.9679342806745659,56.9
2026-07-08 12:15:00+02:00,-1.09851379182936,56.19
2026-07-08 12:30:00+02:00,-1.6269766394541634,47.95
2026-07-08 12:45:00+02:00,0.4784131825467348,34.99
2026-07-08 13:00:00+02:00,-0.04824392637011776,30.73
2026-07-08 13:15:00+02:00,0.8822948462271745,20.06
2026-07-08 13:30:00+02:00,5.308714757995823,9.87
2026-07-08 13:45:00+02:00,1.5415115134315185,8.32
2026-07-08 14:00:00+02:00,-2.105721973666978,6.86
2026-07-08 14:15:00+02:00,1.3877063861426846,8.25
2026-07-08 14:30:00+02:00,1.796720062539097,8.89
2026-07-08 14:45:00+02:00,0.30752673561851473,7.61
2026-07-08 15:00:00+02:00,0.5507472535995963,5.72
2026-07-08 15:15:00+02:00,-1.8274421316622762,4.62
2026-07-08 15:30:00+02:00,-5.861321139507552,10.0
2026-07-08 15:45:00+02:00,1.8042969995867395,18.82
2026-07-08 16:00:00+02:00,-2.178891343346315,8.21
2026-07-08 16:15:00+02:00,1.1336799727856999,16.45
2026-07-08 16:30:00+02:00,-3.191485653405209,47.32
2026-07-08 16:45:00+02:00,1.8717394911613638,68.1
2026-07-08 17:00:00+02:00,1.5807990035700072,60.43
2026-07-08 17:15:00+02:00,48.54355865515112,79.42
2026-07-08 17:30:00+02:00,75.35125314363034,82.16
2026-07-08 17:45:00+02:00,27.165240993111368,87.22
2026-07-08 18:00:00+02:00,51.155452823966534,85.09
2026-07-08 18:15:00+02:00,49.28421635457451,91.76
2026-07-08 18:30:00+02:00,87.81710515499668,112.88
2026-07-08 18:45:00+02:00,107.53351800407596,127.99
2026-07-08 19:00:00+02:00,92.48005038782716,120.1
2026-07-08 19:15:00+02:00,116.89753326509788,133.01
2026-07-08 19:30:00+02:00,124.64941356303356,137.08
2026-07-08 19:45:00+02:00,149.48415638244904,150.0
2026-07-08 20:00:00+02:00,122.03340373919639,133.1
2026-07-08 20:15:00+02:00,132.8780464967786,146.12
2026-07-08 20:30:00+02:00,143.97864928571238,155.06
2026-07-08 20:45:00+02:00,152.90667549487281,169.11
2026-07-08 21:00:00+02:00,143.53868783233528,161.19
2026-07-08 21:15:00+02:00,144.38671755975764,161.05
2026-07-08 21:30:00+02:00,137.89627477157603,163.14
2026-07-08 21:45:00+02:00,143.06324050843227,157.1
2026-07-08 22:00:00+02:00,151.2907628820455,167.11
2026-07-08 22:15:00+02:00,147.0095966470014,163.15
2026-07-08 22:30:00+02:00,143.83333237263193,159.44
2026-07-08 22:45:00+02:00,135.27809221473785,147.1
2026-07-08 23:00:00+02:00,139.2707273017111,153.65
2026-07-08 23:15:00+02:00,130.54908095611054,144.99
2026-07-08 23:30:00+02:00,131.2234987446354,144.01
2026-07-08 23:45:00+02:00,126.74626227857725,137.54
2026-07-09 00:00:00+02:00,143.0842743479826,149.97
2026-07-09 00:15:00+02:00,138.14069596467218,143.98
2026-07-09 00:30:00+02:00,128.88764114385472,136.93
2026-07-09 00:45:00+02:00,126.7154918597686,130.43
2026-07-09 01:00:00+02:00,131.0080753896754,140.32
2026-07-09 01:15:00+02:00,125.8265554050285,133.19
2026-07-09 01:30:00+02:00,121.36572098761052,130.89
2026-07-09 01:45:00+02:00,120.82436477731638,128.43
2026-07-09 02:00:00+02:00,121.94839487707425,128.44
2026-07-09 02:15:00+02:00,117.77196814781622,127.48
2026-07-09 02:30:00+02:00,116.25168006712498,127.0
2026-07-09 02:45:00+02:00,115.91655590666615,126.37
2026-07-09 03:00:00+02:00,118.51882653129415,124.96
2026-07-09 03:15:00+02:00,117.12558819898389,124.85
2026-07-09 03:30:00+02:00,115.9132305264191,124.61
2026-07-09 03:45:00+02:00,118.4687199327758,124.97
2026-07-09 04:00:00+02:00,115.64036573075228,121.12
2026-07-09 04:15:00+02:00,114.74913039440409,124.01
2026-07-09 04:30:00+02:00,115.65807965239382,126.59
2026-07-09 04:45:00+02:00,120.55865252862903,130.05
2026-07-09 05:00:00+02:00,122.7997231061903,127.86
2026-07-09 05:15:00+02:00,119.2465327098257,131.66
2026-07-09 05:30:00+02:00,122.96612957089827,135.0
2026-07-09 05:45:00+02:00,126.6188309138316,141.3
2026-07-09 06:00:00+02:00,135.7633119241239,142.51
2026-07-09 06:15:00+02:00,146.25525152276543,152.43
2026-07-09 06:30:00+02:00,141.5483386797219,153.73
2026-07-09 06:45:00+02:00,139.21608713017685,147.93
2026-07-09 07:00:00+02:00,147.05342771957936,164.44
2026-07-09 07:15:00+02:00,134.17885427507713,151.41
2026-07-09 07:30:00+02:00,133.9314377722,143.06
2026-07-09 07:45:00+02:00,133.7979231898003,131.73
2026-07-09 08:00:00+02:00,139.18773363779596,154.08
2026-07-09 08:15:00+02:00,135.08765343758313,140.0
2026-07-09 08:30:00+02:00,133.25300571559478,134.92
2026-07-09 08:45:00+02:00,117.13816061275298,124.19
2026-07-09 09:00:00+02:00,134.02305590520788,132.6
2026-07-09 09:15:00+02:00,115.6089502459916,120.33
2026-07-09 09:30:00+02:00,108.53558658709325,113.25
2026-07-09 09:45:00+02:00,87.52461554227757,105.94
2026-07-09 10:00:00+02:00,112.16272800427342,109.06
2026-07-09 10:15:00+02:00,92.08702997402295,104.01
2026-07-09 10:30:00+02:00,71.06583437512522,98.51
2026-07-09 10:45:00+02:00,70.3292610563185,86.94
2026-07-09 11:00:00+02:00,77.67052725468608,100.0
2026-07-09 11:15:00+02:00,74.93026231191688,90.1
2026-07-09 11:30:00+02:00,61.750471866155564,81.76
2026-07-09 11:45:00+02:00,50.37383569513989,75.46
2026-07-09 12:00:00+02:00,60.627571383361634,82.36
2026-07-09 12:15:00+02:00,48.59263067773482,69.09
2026-07-09 12:30:00+02:00,35.42235137707583,61.0
2026-07-09 12:45:00+02:00,36.36783213658448,54.31
2026-07-09 13:00:00+02:00,41.64887640581338,58.7
2026-07-09 13:15:00+02:00,37.49868673698946,51.67
2026-07-09 13:30:00+02:00,31.03577831552233,39.06
2026-07-09 13:45:00+02:00,19.9419107893739,25.07
2026-07-09 14:00:00+02:00,30.527225534296402,33.61
2026-07-09 14:15:00+02:00,28.530009526199123,35.94
2026-07-09 14:30:00+02:00,36.52499912939739,38.9
2026-07-09 14:45:00+02:00,32.32583211628159,43.57
2026-07-09 15:00:00+02:00,25.590484893393484,33.37
2026-07-09 15:15:00+02:00,41.63011960400632,43.22
2026-07-09 15:30:00+02:00,41.11372917985689,55.16
2026-07-09 15:45:00+02:00,52.84763428936515,72.41
2026-07-09 16:00:00+02:00,23.124908876564657,62.14
2026-07-09 16:15:00+02:00,54.06254604814434,77.0
2026-07-09 16:30:00+02:00,77.96379079904634,86.53
2026-07-09 16:45:00+02:00,98.07882960612075,98.37
2026-07-09 17:00:00+02:00,69.19134318678432,85.15
2026-07-09 17:15:00+02:00,103.26927203321749,104.06
2026-07-09 17:30:00+02:00,116.9331550470408,114.41
2026-07-09 17:45:00+02:00,130.8261796690607,130.03
2026-07-09 18:00:00+02:00,107.2448693643106,114.4
2026-07-09 18:15:00+02:00,123.51762707530118,123.36
2026-07-09 18:30:00+02:00,134.54856987270614,136.05
2026-07-09 18:45:00+02:00,149.3423678849651,147.82
2026-07-09 19:00:00+02:00,134.63642983426953,142.83
2026-07-09 19:15:00+02:00,165.00249617995684,152.09
2026-07-09 19:30:00+02:00,185.24995282864947,170.16
2026-07-09 19:45:00+02:00,200.59068702001727,200.92
2026-07-09 20:00:00+02:00,185.5490868173933,185.06
2026-07-09 20:15:00+02:00,205.48026071407514,199.67
2026-07-09 20:30:00+02:00,214.22479217691506,223.16
2026-07-09 20:45:00+02:00,221.55121567770522,234.91
2026-07-09 21:00:00+02:00,219.43135143440017,231.36
2026-07-09 21:15:00+02:00,219.19474038036714,223.78
2026-07-09 21:30:00+02:00,192.8338910381026,206.85
2026-07-09 21:45:00+02:00,174.1588406797144,191.26
2026-07-09 22:00:00+02:00,200.3807406476359,208.4
2026-07-09 22:15:00+02:00,174.22722296107298,187.95
2026-07-09 22:30:00+02:00,166.19132081953776,174.8
2026-07-09 22:45:00+02:00,152.07981897649017,164.71
2026-07-09 23:00:00+02:00,160.2515268996972,172.66
2026-07-09 23:15:00+02:00,152.0363891542033,165.09
2026-07-09 23:30:00+02:00,146.23889467407068,156.21
2026-07-09 23:45:00+02:00,137.60372120227618,157.02
2026-07-10 00:00:00+02:00,154.2270650345693,167.73
2026-07-10 00:15:00+02:00,140.647340647323,154.65
2026-07-10 00:30:00+02:00,140.25298578192724,149.56
2026-07-10 00:45:00+02:00,135.03719218500717,142.29
2026-07-10 01:00:00+02:00,142.08603215354054,149.61
2026-07-10 01:15:00+02:00,137.7247460380395,143.85
2026-07-10 01:30:00+02:00,138.16544660528936,142.3
2026-07-10 01:45:00+02:00,134.3553721231223,137.97
2026-07-10 02:00:00+02:00,136.53673984186173,141.98
2026-07-10 02:15:00+02:00,134.9038732073304,141.16
2026-07-10 02:30:00+02:00,134.3749916841716,137.71
2026-07-10 02:45:00+02:00,133.29387109131284,137.95
2026-07-10 03:00:00+02:00,131.81622664657485,138.55
2026-07-10 03:15:00+02:00,129.7081634357325,137.87
2026-07-10 03:30:00+02:00,129.20895424162018,137.7
2026-07-10 03:45:00+02:00,135.39544827988516,137.59
2026-07-10 04:00:00+02:00,133.52851140021423,137.37
2026-07-10 04:15:00+02:00,132.3906922466466,138.0
2026-07-10 04:30:00+02:00,136.19135965586136,137.71
2026-07-10 04:45:00+02:00,136.82589526436198,140.0
2026-07-10 05:00:00+02:00,137.515878841653,140.01
2026-07-10 05:15:00+02:00,135.11006835548923,141.61
2026-07-10 05:30:00+02:00,137.70448500536338,142.43
2026-07-10 05:45:00+02:00,143.20340032984012,145.76
2026-07-10 06:00:00+02:00,152.27858112936573,146.74
2026-07-10 06:15:00+02:00,162.17073247471026,155.45
2026-07-10 06:30:00+02:00,157.7403778954519,152.29
2026-07-10 06:45:00+02:00,153.56326964874918,150.08
2026-07-10 07:00:00+02:00,168.46479743245965,160.54
2026-07-10 07:15:00+02:00,153.7084197668024,153.35
2026-07-10 07:30:00+02:00,143.7331972708177,144.96
2026-07-10 07:45:00+02:00,132.26558856828444,131.92
2026-07-10 08:00:00+02:00,153.37852192544756,154.77
2026-07-10 08:15:00+02:00,139.81436589707184,141.08
2026-07-10 08:30:00+02:00,134.36838093734193,131.42
2026-07-10 08:45:00+02:00,109.4709010825951,112.34
2026-07-10 09:00:00+02:00,131.84430007667282,138.13
2026-07-10 09:15:00+02:00,109.49435088922175,130.77
2026-07-10 09:30:00+02:00,99.10015223970098,115.23
2026-07-10 09:45:00+02:00,94.50473513720078,103.77
2026-07-10 10:00:00+02:00,110.319394125612,112.71
2026-07-10 10:15:00+02:00,97.12716272121885,108.28
2026-07-10 10:30:00+02:00,87.21995008735541,94.0
2026-07-10 10:45:00+02:00,69.43359832399253,84.59
2026-07-10 11:00:00+02:00,81.79955268944151,89.7
2026-07-10 11:15:00+02:00,74.9708329143847,82.55
2026-07-10 11:30:00+02:00,59.484578442413955,75.0
2026-07-10 11:45:00+02:00,49.545279889673985,65.99
2026-07-10 12:00:00+02:00,62.65878337202798,69.94
2026-07-10 12:15:00+02:00,50.00076763525611,64.54
2026-07-10 12:30:00+02:00,46.753747815717986,52.74
2026-07-10 12:45:00+02:00,40.425502871534235,40.0
2026-07-10 13:00:00+02:00,47.82600161037713,43.44
2026-07-10 13:15:00+02:00,46.81520107844672,39.0
2026-07-10 13:30:00+02:00,44.70577633194496,37.0
2026-07-10 13:45:00+02:00,26.985600004624583,30.0
2026-07-10 14:00:00+02:00,32.698817987162414,38.9
2026-07-10 14:15:00+02:00,33.676379832133165,40.0
2026-07-10 14:30:00+02:00,32.00794769546246,42.91
2026-07-10 14:45:00+02:00,34.75305422157107,41.99
2026-07-10 15:00:00+02:00,31.770030159564662,46.23
2026-07-10 15:15:00+02:00,40.85025718322352,55.83
2026-07-10 15:30:00+02:00,54.30380266206013,65.81
2026-07-10 15:45:00+02:00,72.70159430746827,80.53
2026-07-10 16:00:00+02:00,57.417159865164905,61.2
2026-07-10 16:15:00+02:00,72.27130960453309,83.11
2026-07-10 16:30:00+02:00,83.44058975297696,97.1
2026-07-10 16:45:00+02:00,103.04601180159212,112.24
2026-07-10 17:00:00+02:00,79.43537616491184,103.63
2026-07-10 17:15:00+02:00,106.44812152788464,106.17
2026-07-10 17:30:00+02:00,116.6734983155339,117.19
2026-07-10 17:45:00+02:00,125.95340461531437,128.29
2026-07-10 18:00:00+02:00,101.68590390638938,108.97
2026-07-10 18:15:00+02:00,123.18659766078164,120.83
2026-07-10 18:30:00+02:00,137.46956357340966,138.66
2026-07-10 18:45:00+02:00,167.58107575066055,145.28
2026-07-10 19:00:00+02:00,137.0145505043338,142.95
2026-07-10 19:15:00+02:00,152.2628359645842,150.82
2026-07-10 19:30:00+02:00,173.59752274810327,174.69
2026-07-10 19:45:00+02:00,216.2592794952173,191.62
2026-07-10 20:00:00+02:00,190.36341762286014,176.0
2026-07-10 20:15:00+02:00,196.31264352970473,183.49
2026-07-10 20:30:00+02:00,199.68082089756797,192.63
2026-07-10 20:45:00+02:00,205.78869228801642,194.59
2026-07-10 21:00:00+02:00,217.03379289526106,189.88
2026-07-10 21:15:00+02:00,199.66386939443285,179.1
2026-07-10 21:30:00+02:00,188.00415612326194,170.0
2026-07-10 21:45:00+02:00,164.11241648657935,168.56
2026-07-10 22:00:00+02:00,180.97099010304214,172.7
2026-07-10 22:15:00+02:00,158.24615321475417,169.16
2026-07-10 22:30:00+02:00,156.83021316987245,168.55
2026-07-10 22:45:00+02:00,149.14639438341885,161.59
2026-07-10 23:00:00+02:00,157.15831438178253,162.26
2026-07-10 23:15:00+02:00,149.59537698222297,156.32
2026-07-10 23:30:00+02:00,143.0794462064438,153.37
2026-07-10 23:45:00+02:00,143.11750868665897,145.9
2026-07-11 00:00:00+02:00,151.36813944828302,160.31
2026-07-11 00:15:00+02:00,142.65924672987643,153.81
2026-07-11 00:30:00+02:00,139.71890527006934,146.24
2026-07-11 00:45:00+02:00,137.48802621070604,141.63
2026-07-11 01:00:00+02:00,138.9838525663747,145.41
2026-07-11 01:15:00+02:00,135.30870797764854,145.0
2026-07-11 01:30:00+02:00,133.5730312885433,144.98
2026-07-11 01:45:00+02:00,132.5845563935698,140.41
2026-07-11 02:00:00+02:00,134.11009110147052,143.42
2026-07-11 02:15:00+02:00,132.0713492368547,140.71
2026-07-11 02:30:00+02:00,130.40086715488394,140.0
2026-07-11 02:45:00+02:00,130.30729074503753,140.3
2026-07-11 03:00:00+02:00,130.96799873883677,141.15
2026-07-11 03:15:00+02:00,126.58118876807521,141.88
2026-07-11 03:30:00+02:00,127.37517661095173,140.8
2026-07-11 03:45:00+02:00,125.16388398746062,138.86
2026-07-11 04:00:00+02:00,126.12327089843505,142.48
2026-07-11 04:15:00+02:00,129.61172962705783,144.68
2026-07-11 04:30:00+02:00,128.35180724296612,137.61
2026-07-11 04:45:00+02:00,127.70325119320994,137.08
2026-07-11 05:00:00+02:00,128.4386181428216,141.4
2026-07-11 05:15:00+02:00,128.8058492399796,138.6
2026-07-11 05:30:00+02:00,125.79317067354077,139.82
2026-07-11 05:45:00+02:00,122.12372231181376,135.63
2026-07-11 06:00:00+02:00,127.76155454408196,146.42
2026-07-11 06:15:00+02:00,128.08022309135563,141.11
2026-07-11 06:30:00+02:00,123.79172045471793,131.6
2026-07-11 06:45:00+02:00,114.5389260924211,126.21
2026-07-11 07:00:00+02:00,127.99128687841795,131.69
2026-07-11 07:15:00+02:00,120.00047137578282,126.93
2026-07-11 07:30:00+02:00,110.72791164756858,122.13
2026-07-11 07:45:00+02:00,99.42632000148632,116.38
2026-07-11 08:00:00+02:00,127.91810895470454,142.16
2026-07-11 08:15:00+02:00,113.44044602013389,123.95
2026-07-11 08:30:00+02:00,93.79425680678402,105.75
2026-07-11 08:45:00+02:00,63.46746472202124,89.55
2026-07-11 09:00:00+02:00,103.73747288909513,107.07
2026-07-11 09:15:00+02:00,69.0112435978096,91.35
2026-07-11 09:30:00+02:00,44.4129063693653,67.51
2026-07-11 09:45:00+02:00,21.603275177959162,29.51
2026-07-11 10:00:00+02:00,45.380308605356944,40.0
2026-07-11 10:15:00+02:00,35.17114207020874,18.09
2026-07-11 10:30:00+02:00,11.63486686066556,5.18
2026-07-11 10:45:00+02:00,1.5847145829035796,1.08
2026-07-11 11:00:00+02:00,10.870123436796305,1.0
2026-07-11 11:15:00+02:00,3.8944921839396187,0.29
2026-07-11 11:30:00+02:00,-0.6219465780579867,0.02
2026-07-11 11:45:00+02:00,1.0859572503953743,0.0
2026-07-11 12:00:00+02:00,-0.5824245194521964,0.0
2026-07-11 12:15:00+02:00,-0.961908925611791,0.0
2026-07-11 12:30:00+02:00,-4.225533186324121,-0.01
2026-07-11 12:45:00+02:00,-5.688775436008919,-0.02
2026-07-11 13:00:00+02:00,-7.672090878851023,-0.07
2026-07-11 13:15:00+02:00,-4.441990721951498,-0.8
2026-07-11 13:30:00+02:00,-5.484568500689285,-0.9
2026-07-11 13:45:00+02:00,-4.169929136439895,-1.01
2026-07-11 14:00:00+02:00,-5.065393513787891,-1.01
2026-07-11 14:15:00+02:00,-4.816084846503944,-1.01
2026-07-11 14:30:00+02:00,-3.7460152957816675,-1.0
2026-07-11 14:45:00+02:00,-4.53593961446599,-0.88
2026-07-11 15:00:00+02:00,-1.9196766230516893,-0.92
2026-07-11 15:15:00+02:00,3.3765352883238293,-0.53
2026-07-11 15:30:00+02:00,2.3297778198124313,-0.11
2026-07-11 15:45:00+02:00,1.7810434385909275,-0.45
2026-07-11 16:00:00+02:00,3.1128440871482894,-0.04
2026-07-11 16:15:00+02:00,15.703860360774648,-0.04
2026-07-11 16:30:00+02:00,27.31815526546594,0.01
2026-07-11 16:45:00+02:00,38.929064509721336,24.76
2026-07-11 17:00:00+02:00,25.05872543894985,14.58
2026-07-11 17:15:00+02:00,63.087075221875686,66.85
2026-07-11 17:30:00+02:00,79.71154105124202,94.19
2026-07-11 17:45:00+02:00,103.90034586092054,123.16
2026-07-11 18:00:00+02:00,72.70548589581261,97.43
2026-07-11 18:15:00+02:00,93.36345770048032,113.36
2026-07-11 18:30:00+02:00,122.99033902414332,130.99
2026-07-11 18:45:00+02:00,128.74134218509192,139.63
2026-07-11 19:00:00+02:00,121.9146387432606,130.04
2026-07-11 19:15:00+02:00,127.5257199736129,140.92
2026-07-11 19:30:00+02:00,139.0582084848701,144.1
2026-07-11 19:45:00+02:00,162.73136759696175,148.94
2026-07-11 20:00:00+02:00,148.8330721568389,148.14
2026-07-11 20:15:00+02:00,153.02272843272343,151.26
2026-07-11 20:30:00+02:00,169.32338999218473,153.35
2026-07-11 20:45:00+02:00,181.00242986449229,154.53
2026-07-11 21:00:00+02:00,179.59841864925946,156.38
2026-07-11 21:15:00+02:00,167.27120776028787,154.63
2026-07-11 21:30:00+02:00,158.67391989276342,157.95
2026-07-11 21:45:00+02:00,144.22902098811218,156.54
2026-07-11 22:00:00+02:00,167.76904040028614,160.01
2026-07-11 22:15:00+02:00,139.34234307175814,155.31
2026-07-11 22:30:00+02:00,139.07595044433137,155.28
2026-07-11 22:45:00+02:00,129.47458397080854,148.95
2026-07-11 23:00:00+02:00,135.3354061114602,151.35
2026-07-11 23:15:00+02:00,134.11705528113188,145.2
2026-07-11 23:30:00+02:00,126.50449562411521,145.0
2026-07-11 23:45:00+02:00,122.92873112654993,140.78
2026-07-12 00:00:00+02:00,147.66027357973442,140.51
2026-07-12 00:15:00+02:00,137.70361152431522,140.0
2026-07-12 00:30:00+02:00,132.6908221309217,138.76
2026-07-12 00:45:00+02:00,126.572952086306,130.5
2026-07-12 01:00:00+02:00,133.73291446929085,135.2
2026-07-12 01:15:00+02:00,128.02926460947674,135.0
2026-07-12 01:30:00+02:00,127.06533174054893,131.34
2026-07-12 01:45:00+02:00,124.50554466229367,126.0
2026-07-12 02:00:00+02:00,125.8122761451129,127.94
2026-07-12 02:15:00+02:00,124.00264615433618,126.04
2026-07-12 02:30:00+02:00,124.1184093079475,124.8
2026-07-12 02:45:00+02:00,120.52595330121096,123.5
2026-07-12 03:00:00+02:00,122.29290663081251,127.93
2026-07-12 03:15:00+02:00,120.18741042992343,127.92
2026-07-12 03:30:00+02:00,119.86677268029919,122.85
2026-07-12 03:45:00+02:00,119.64638274943921,121.7
2026-07-12 04:00:00+02:00,121.70859729135688,127.0
2026-07-12 04:15:00+02:00,122.76771082372697,123.23
2026-07-12 04:30:00+02:00,122.37832901252669,121.11
2026-07-12 04:45:00+02:00,123.39261901992465,120.19
2026-07-12 05:00:00+02:00,123.63674268723808,124.0
2026-07-12 05:15:00+02:00,119.31696808788058,122.18
2026-07-12 05:30:00+02:00,116.64686165363041,120.54
2026-07-12 05:45:00+02:00,113.68857887697706,112.94
2026-07-12 06:00:00+02:00,119.46814205976564,118.64
2026-07-12 06:15:00+02:00,111.4461173017631,112.33
2026-07-12 06:30:00+02:00,109.80176603531265,110.0
2026-07-12 06:45:00+02:00,105.47806318824271,105.48
2026-07-12 07:00:00+02:00,121.10720263851498,112.31
2026-07-12 07:15:00+02:00,105.24175768632227,108.3
2026-07-12 07:30:00+02:00,94.70727387499296,101.21
2026-07-12 07:45:00+02:00,67.22269206893847,77.28
2026-07-12 08:00:00+02:00,82.4884759671987,103.56
2026-07-12 08:15:00+02:00,65.83214370366328,79.42
2026-07-12 08:30:00+02:00,31.16565104576884,52.3
2026-07-12 08:45:00+02:00,17.69776092093943,13.19
2026-07-12 09:00:00+02:00,17.066662549802643,20.0
2026-07-12 09:15:00+02:00,11.058640944749271,1.54
2026-07-12 09:30:00+02:00,2.8383465060136928,0.0
2026-07-12 09:45:00+02:00,-1.6157797349918752,0.0
2026-07-12 10:00:00+02:00,-5.638410026200972,-0.01
2026-07-12 10:15:00+02:00,-7.771803480024715,-0.01
2026-07-12 10:30:00+02:00,-8.969016386200423,-0.05
2026-07-12 10:45:00+02:00,-5.159527783039444,-0.11
2026-07-12 11:00:00+02:00,-6.048870692584359,-1.01
2026-07-12 11:15:00+02:00,-6.588926319824708,-1.68
2026-07-12 11:30:00+02:00,-3.345296544577849,-2.33
2026-07-12 11:45:00+02:00,-7.893123084653375,-3.64
2026-07-12 12:00:00+02:00,-4.911424581823148,-5.0
2026-07-12 12:15:00+02:00,-9.240727007808836,-6.35
2026-07-12 12:30:00+02:00,-8.037349481796749,-8.0
2026-07-12 12:45:00+02:00,-10.82293768059021,-9.28
2026-07-12 13:00:00+02:00,-10.485124087587756,-9.5
2026-07-12 13:15:00+02:00,-18.327090615936104,-10.01
2026-07-12 13:30:00+02:00,-18.2188036590558,-11.51
2026-07-12 13:45:00+02:00,-17.063151620447872,-11.83
2026-07-12 14:00:00+02:00,-18.27441821633986,-10.4
2026-07-12 14:15:00+02:00,-13.125568071923817,-10.19
2026-07-12 14:30:00+02:00,-13.622715031188148,-9.99
2026-07-12 14:45:00+02:00,-13.472636924011672,-9.64
2026-07-12 15:00:00+02:00,-10.0828979260882,-8.72
2026-07-12 15:15:00+02:00,-7.040663766629439,-6.39
2026-07-12 15:30:00+02:00,-4.113632954023011,-4.99
2026-07-12 15:45:00+02:00,-1.423300433520744,-3.53
2026-07-12 16:00:00+02:00,-2.7167617935324344,-2.02
2026-07-12 16:15:00+02:00,-3.578687188486967,-1.89
2026-07-12 16:30:00+02:00,-2.0543636603622275,-2.01
2026-07-12 16:45:00+02:00,8.216703710320104,-4.85
2026-07-12 17:00:00+02:00,2.3144530990125105,-1.61
2026-07-12 17:15:00+02:00,8.111524947042852,-1.2
2026-07-12 17:30:00+02:00,28.004916173984498,-0.01
2026-07-12 17:45:00+02:00,96.99634155221493,33.34
2026-07-12 18:00:00+02:00,31.63118605122156,25.33
2026-07-12 18:15:00+02:00,98.38881078754514,99.54
2026-07-12 18:30:00+02:00,126.20478938207722,116.25
2026-07-12 18:45:00+02:00,140.50118470401415,132.61
2026-07-12 19:00:00+02:00,120.72269811369986,111.51
2026-07-12 19:15:00+02:00,137.73367213781324,133.75
2026-07-12 19:30:00+02:00,142.24769940564158,136.97
2026-07-12 19:45:00+02:00,147.73945261672665,145.0
2026-07-12 20:00:00+02:00,147.23381871518282,137.21
2026-07-12 20:15:00+02:00,160.08127611512825,140.89
2026-07-12 20:30:00+02:00,167.58605176085985,141.37
2026-07-12 20:45:00+02:00,168.53251419007518,144.12
2026-07-12 21:00:00+02:00,167.23981733577867,140.1
2026-07-12 21:15:00+02:00,169.26053706861782,144.94
2026-07-12 21:30:00+02:00,163.02359445400475,145.93
2026-07-12 21:45:00+02:00,153.92576770607903,146.98
2026-07-12 22:00:00+02:00,165.2310982774447,149.7
2026-07-12 22:15:00+02:00,152.31967702273977,145.0
2026-07-12 22:30:00+02:00,149.837118245324,144.94
2026-07-12 22:45:00+02:00,139.2645015144073,140.08
2026-07-12 23:00:00+02:00,149.90064354120378,144.97
2026-07-12 23:15:00+02:00,145.77324521555215,137.9
2026-07-12 23:30:00+02:00,138.77979018632394,138.47
2026-07-12 23:45:00+02:00,137.64980572960863,135.93
2026-07-13 00:00:00+02:00,143.18312961731883,131.94
2026-07-13 00:15:00+02:00,134.87897499767976,130.0
2026-07-13 00:30:00+02:00,131.1815157849591,129.41
2026-07-13 00:45:00+02:00,124.83203832985187,127.57
2026-07-13 01:00:00+02:00,129.8971793403767,128.42
2026-07-13 01:15:00+02:00,125.0644240832025,124.17
2026-07-13 01:30:00+02:00,121.15443254738382,123.7
2026-07-13 01:45:00+02:00,120.95481065505741,122.13
2026-07-13 02:00:00+02:00,122.46676219011466,122.93
2026-07-13 02:15:00+02:00,120.02837071748274,119.39
2026-07-13 02:30:00+02:00,120.08438458995683,119.45
2026-07-13 02:45:00+02:00,116.42916584007375,120.5
2026-07-13 03:00:00+02:00,119.59776265096217,120.0
2026-07-13 03:15:00+02:00,118.15177457925287,120.3
2026-07-13 03:30:00+02:00,117.65252108631786,121.92
2026-07-13 03:45:00+02:00,117.09912387367169,123.68
2026-07-13 04:00:00+02:00,118.59454865042235,118.68
2026-07-13 04:15:00+02:00,118.20722840968526,122.74
2026-07-13 04:30:00+02:00,120.91747815806397,125.75
2026-07-13 04:45:00+02:00,123.47503542625056,127.0
2026-07-13 05:00:00+02:00,117.46121170914103,126.51
2026-07-13 05:15:00+02:00,129.6973803367426,130.46
2026-07-13 05:30:00+02:00,134.47744535439847,137.14
2026-07-13 05:45:00+02:00,132.95032196405452,142.86
2026-07-13 06:00:00+02:00,139.81692717793177,145.27
2026-07-13 06:15:00+02:00,145.9564753475227,152.18
2026-07-13 06:30:00+02:00,146.410483938203,151.4
2026-07-13 06:45:00+02:00,142.33179686772147,150.52
2026-07-13 07:00:00+02:00,150.2148086809338,171.08
2026-07-13 07:15:00+02:00,147.86895761624467,166.72
2026-07-13 07:30:00+02:00,145.74975852182354,154.33
2026-07-13 07:45:00+02:00,136.264080623432,145.59
2026-07-13 08:00:00+02:00,152.5440431615374,151.81
2026-07-13 08:15:00+02:00,134.82473365684535,146.22
2026-07-13 08:30:00+02:00,125.88285908010788,130.86
2026-07-13 08:45:00+02:00,115.40365704855135,127.06
2026-07-13 09:00:00+02:00,131.4986648516428,142.94
2026-07-13 09:15:00+02:00,120.93594237779544,130.01
2026-07-13 09:30:00+02:00,111.70093006277445,114.41
2026-07-13 09:45:00+02:00,103.24925005567577,103.07
2026-07-13 10:00:00+02:00,109.68353864861214,119.03
2026-07-13 10:15:00+02:00,105.20091712822818,103.92
2026-07-13 10:30:00+02:00,94.41709355320512,95.83
2026-07-13 10:45:00+02:00,81.83604489897975,81.29
2026-07-13 11:00:00+02:00,94.30340503141717,87.38
2026-07-13 11:15:00+02:00,81.78368992552103,78.66
2026-07-13 11:30:00+02:00,75.80481712993534,70.0
2026-07-13 11:45:00+02:00,75.73019943708249,60.45
2026-07-13 12:00:00+02:00,74.66401978789898,63.97
2026-07-13 12:15:00+02:00,72.84394352910965,52.2
2026-07-13 12:30:00+02:00,54.71631204690485,45.01
2026-07-13 12:45:00+02:00,48.38983231453372,41.31
2026-07-13 13:00:00+02:00,49.320342776729674,40.45
2026-07-13 13:15:00+02:00,46.69325719690298,34.67
2026-07-13 13:30:00+02:00,37.55941538967589,33.63
2026-07-13 13:45:00+02:00,33.51404041389566,22.85
2026-07-13 14:00:00+02:00,38.96027451444793,34.08
2026-07-13 14:15:00+02:00,39.36227762828715,34.23
2026-07-13 14:30:00+02:00,39.15442254165235,40.72
2026-07-13 14:45:00+02:00,46.87141213092574,45.12
2026-07-13 15:00:00+02:00,46.59558524852851,45.0
2026-07-13 15:15:00+02:00,44.513302554313114,56.1
2026-07-13 15:30:00+02:00,51.04258701240195,68.79
2026-07-13 15:45:00+02:00,60.47079128073281,86.01
2026-07-13 16:00:00+02:00,42.2150538213181,68.8
2026-07-13 16:15:00+02:00,71.83868456456334,91.85
2026-07-13 16:30:00+02:00,85.4995885098866,95.69
2026-07-13 16:45:00+02:00,103.86403706119299,107.46
2026-07-13 17:00:00+02:00,85.95061910774541,98.37
2026-07-13 17:15:00+02:00,110.12922967371016,115.87
2026-07-13 17:30:00+02:00,116.3411802280282,132.69
2026-07-13 17:45:00+02:00,128.35399048834233,139.18
2026-07-13 18:00:00+02:00,104.43015982805507,125.68
2026-07-13 18:15:00+02:00,125.20227462485883,137.75
2026-07-13 18:30:00+02:00,132.7698055715811,144.06
2026-07-13 18:45:00+02:00,150.2870756322743,152.51
2026-07-13 19:00:00+02:00,141.29837048249883,149.92
2026-07-13 19:15:00+02:00,149.4212200289289,153.0
2026-07-13 19:30:00+02:00,165.45118192160123,166.0
2026-07-13 19:45:00+02:00,203.6294581637932,194.93
2026-07-13 20:00:00+02:00,172.25626117432287,184.53
2026-07-13 20:15:00+02:00,168.05776394370778,184.98
2026-07-13 20:30:00+02:00,162.8165740882682,182.22
2026-07-13 20:45:00+02:00,162.08635347965608,180.26
2026-07-13 21:00:00+02:00,173.31914983980798,181.44
2026-07-13 21:15:00+02:00,152.77923723748677,177.45
2026-07-13 21:30:00+02:00,154.79965855683963,163.0
2026-07-13 21:45:00+02:00,148.56685846392452,153.31
2026-07-13 22:00:00+02:00,156.92672453415153,172.84
2026-07-13 22:15:00+02:00,148.67548158271345,155.98
2026-07-13 22:30:00+02:00,149.30149583314986,157.0
2026-07-13 22:45:00+02:00,135.07709363615857,150.47
2026-07-13 23:00:00+02:00,143.70582079054273,149.9
2026-07-13 23:15:00+02:00,132.97804132535066,144.58
2026-07-13 23:30:00+02:00,131.17832091164126,142.81
2026-07-13 23:45:00+02:00,125.39592618880313,138.99
2026-07-14 00:00:00+02:00,142.6358223691117,148.37
2026-07-14 00:15:00+02:00,135.37056583912758,141.21
2026-07-14 00:30:00+02:00,133.83669025289146,137.07
2026-07-14 00:45:00+02:00,127.77263659205653,131.91
2026-07-14 01:00:00+02:00,132.89387474553516,138.79
2026-07-14 01:15:00+02:00,130.08254329823365,134.5
2026-07-14 01:30:00+02:00,126.23018867195239,132.99
2026-07-14 01:45:00+02:00,123.15933228975348,129.27
2026-07-14 02:00:00+02:00,121.342681215226,129.55
2026-07-14 02:15:00+02:00,120.52662535279384,126.71
2026-07-14 02:30:00+02:00,121.6253475631285,127.44
2026-07-14 02:45:00+02:00,120.74193535007423,125.7
2026-07-14 03:00:00+02:00,120.03179153877132,128.0
2026-07-14 03:15:00+02:00,120.46671212122176,127.28
2026-07-14 03:30:00+02:00,120.75175823320077,127.09
2026-07-14 03:45:00+02:00,121.58074666004305,126.5
2026-07-14 04:00:00+02:00,118.72634477236673,125.62
2026-07-14 04:15:00+02:00,120.6152220328449,125.87
2026-07-14 04:30:00+02:00,125.48523001622296,128.23
2026-07-14 04:45:00+02:00,126.81313456842675,130.88
2026-07-14 05:00:00+02:00,124.06166554175316,130.27
2026-07-14 05:15:00+02:00,124.87262217884997,133.28
2026-07-14 05:30:00+02:00,128.18817957141133,136.93
2026-07-14 05:45:00+02:00,135.75899294959422,139.6
2026-07-14 06:00:00+02:00,138.01360394688942,144.85
2026-07-14 06:15:00+02:00,149.18746411845447,142.87
2026-07-14 06:30:00+02:00,149.28707142226295,148.51
2026-07-14 06:45:00+02:00,149.40762171748227,146.99
2026-07-14 07:00:00+02:00,157.02670477300575,153.8
2026-07-14 07:15:00+02:00,150.12723839164062,152.35
2026-07-14 07:30:00+02:00,148.34652313997017,154.96
2026-07-14 07:45:00+02:00,140.72743058908563,147.95
2026-07-14 08:00:00+02:00,146.72802621560368,148.37
2026-07-14 08:15:00+02:00,139.85144508671848,140.6
2026-07-14 08:30:00+02:00,130.2672628908731,132.15
2026-07-14 08:45:00+02:00,120.04896921635397,121.56
2026-07-14 09:00:00+02:00,133.39360135085207,135.28
2026-07-14 09:15:00+02:00,117.9461482314192,125.01
2026-07-14 09:30:00+02:00,104.69945554978804,116.41
2026-07-14 09:45:00+02:00,103.410353373153,110.87
2026-07-14 10:00:00+02:00,109.77775710741884,123.34
2026-07-14 10:15:00+02:00,99.0624251995255,107.29
2026-07-14 10:30:00+02:00,90.9150178189106,103.67
2026-07-14 10:45:00+02:00,87.88632224105785,95.61
2026-07-14 11:00:00+02:00,94.41712368332051,101.59
2026-07-14 11:15:00+02:00,82.64578915015929,97.38
2026-07-14 11:30:00+02:00,87.25920532722292,94.0
2026-07-14 11:45:00+02:00,81.31609799441576,73.78
2026-07-14 12:00:00+02:00,82.26935065844819,82.29
2026-07-14 12:15:00+02:00,66.85049423988053,65.78
2026-07-14 12:30:00+02:00,55.13035490239456,58.1
2026-07-14 12:45:00+02:00,48.836325442576324,50.0
2026-07-14 13:00:00+02:00,56.629659189308114,55.72
2026-07-14 13:15:00+02:00,48.80806226508241,54.04
2026-07-14 13:30:00+02:00,41.49167348878216,52.53
2026-07-14 13:45:00+02:00,32.51754057490988,45.01
2026-07-14 14:00:00+02:00,36.830482240527125,48.17
2026-07-14 14:15:00+02:00,40.4544888350258,55.0
2026-07-14 14:30:00+02:00,45.21441708710145,59.89
2026-07-14 14:45:00+02:00,50.8081652826695,67.86
2026-07-14 15:00:00+02:00,50.54681452756961,54.18
2026-07-14 15:15:00+02:00,56.311208056005256,64.87
2026-07-14 15:30:00+02:00,60.504592031795184,75.37
2026-07-14 15:45:00+02:00,79.38953043377481,85.58
2026-07-14 16:00:00+02:00,55.53901340577045,69.4
2026-07-14 16:15:00+02:00,77.74140432096064,91.8
2026-07-14 16:30:00+02:00,99.59719058635046,104.3
2026-07-14 16:45:00+02:00,114.59666558022425,107.53
2026-07-14 17:00:00+02:00,87.65081601540831,105.48
2026-07-14 17:15:00+02:00,104.23987749345685,109.99
2026-07-14 17:30:00+02:00,122.11602547798563,124.12
2026-07-14 17:45:00+02:00,135.91825648676485,130.17
2026-07-14 18:00:00+02:00,111.69054626786891,123.56
2026-07-14 18:15:00+02:00,130.08232992765912,131.59
2026-07-14 18:30:00+02:00,142.49075431614966,142.04
2026-07-14 18:45:00+02:00,150.95199988512286,156.0
2026-07-14 19:00:00+02:00,137.7026926581974,143.92
2026-07-14 19:15:00+02:00,155.64013908701062,152.08
2026-07-14 19:30:00+02:00,165.4060508770157,161.92
2026-07-14 19:45:00+02:00,189.56961973696946,178.1
2026-07-14 20:00:00+02:00,171.67067977167721,177.95
2026-07-14 20:15:00+02:00,184.84401081240372,181.72
2026-07-14 20:30:00+02:00,196.97893289132173,184.75
2026-07-14 20:45:00+02:00,191.49160747017552,185.5
2026-07-14 21:00:00+02:00,191.85668004614936,180.96
2026-07-14 21:15:00+02:00,172.6002470506295,174.32
2026-07-14 21:30:00+02:00,164.6807218697284,174.02
2026-07-14 21:45:00+02:00,163.0028235136503,171.96
2026-07-14 22:00:00+02:00,164.77223103829462,178.44
2026-07-14 22:15:00+02:00,162.2255654794465,170.58
2026-07-14 22:30:00+02:00,165.30947944620118,167.11
2026-07-14 22:45:00+02:00,153.39715431464333,158.93
2026-07-14 23:00:00+02:00,156.56153650741527,158.51
2026-07-14 23:15:00+02:00,147.36248145779572,153.0
2026-07-14 23:30:00+02:00,143.4034972655939,150.31
2026-07-14 23:45:00+02:00,132.80436211114056,144.26
2026-07-15 00:00:00+02:00,151.64296214056395,158.34
2026-07-15 00:15:00+02:00,148.2169468777737,154.5
2026-07-15 00:30:00+02:00,139.9851701900392,154.43
2026-07-15 00:45:00+02:00,134.37906430443627,146.8
2026-07-15 01:00:00+02:00,140.71566875276167,150.45
2026-07-15 01:15:00+02:00,138.26632723910984,145.0
2026-07-15 01:30:00+02:00,133.96436520638795,142.9
2026-07-15 01:45:00+02:00,131.4291779769717,139.44
2026-07-15 02:00:00+02:00,128.60544097067316,141.39
2026-07-15 02:15:00+02:00,134.03678492528712,138.28
2026-07-15 02:30:00+02:00,130.16485549944878,138.73
2026-07-15 02:45:00+02:00,132.45431968561573,137.75
2026-07-15 03:00:00+02:00,133.9118459295891,136.5
2026-07-15 03:15:00+02:00,132.51683045579966,137.63
2026-07-15 03:30:00+02:00,128.80870747380445,135.94
2026-07-15 03:45:00+02:00,125.7714134370383,136.4
2026-07-15 04:00:00+02:00,131.19572466049772,136.5
2026-07-15 04:15:00+02:00,127.57060035189402,138.93
2026-07-15 04:30:00+02:00,128.87765176893805,141.98
2026-07-15 04:45:00+02:00,132.2863130241704,146.05
2026-07-15 05:00:00+02:00,132.23467174469326,142.19
2026-07-15 05:15:00+02:00,129.26719841635662,148.59
2026-07-15 05:30:00+02:00,135.13377326171218,151.16
2026-07-15 05:45:00+02:00,143.8765063039484,159.19
2026-07-15 06:00:00+02:00,148.3230359034157,165.87
2026-07-15 06:15:00+02:00,153.1772586561322,171.16
2026-07-15 06:30:00+02:00,153.59025487759035,166.34
2026-07-15 06:45:00+02:00,151.29045621405712,163.4
2026-07-15 07:00:00+02:00,159.3709083720359,173.09
2026-07-15 07:15:00+02:00,152.17174256784435,167.0
2026-07-15 07:30:00+02:00,145.18372794461064,164.39
2026-07-15 07:45:00+02:00,135.42006247669886,159.04
2026-07-15 08:00:00+02:00,149.46936008823118,167.28
2026-07-15 08:15:00+02:00,140.1924983519758,163.43
2026-07-15 08:30:00+02:00,131.2884633027918,153.01
2026-07-15 08:45:00+02:00,117.57210938220312,140.01
2026-07-15 09:00:00+02:00,133.46878529105723,150.0
2026-07-15 09:15:00+02:00,117.90280781483946,139.62
2026-07-15 09:30:00+02:00,114.89279594057945,130.36
2026-07-15 09:45:00+02:00,108.01479205564631,120.43
2026-07-15 10:00:00+02:00,119.17023566337137,130.15
2026-07-15 10:15:00+02:00,105.10665219099855,115.44
2026-07-15 10:30:00+02:00,103.47093224661197,102.0
2026-07-15 10:45:00+02:00,92.95840362511072,98.08
2026-07-15 11:00:00+02:00,98.98335322672241,105.23
2026-07-15 11:15:00+02:00,88.69607536595599,101.0
2026-07-15 11:30:00+02:00,84.48461838630487,97.04
2026-07-15 11:45:00+02:00,70.0519881213709,81.74
2026-07-15 12:00:00+02:00,73.52346393757887,89.39
2026-07-15 12:15:00+02:00,60.1914960936829,75.14
2026-07-15 12:30:00+02:00,53.470094839248446,68.17
2026-07-15 12:45:00+02:00,57.29313766668801,64.68
2026-07-15 13:00:00+02:00,53.44328834700329,67.27
2026-07-15 13:15:00+02:00,52.146303852033185,67.24
2026-07-15 13:30:00+02:00,63.54428989080159,60.9
2026-07-15 13:45:00+02:00,56.69413952095128,58.98
2026-07-15 14:00:00+02:00,50.23939453754072,61.06
2026-07-15 14:15:00+02:00,63.39234493640075,60.24
2026-07-15 14:30:00+02:00,67.41324501854717,63.12
2026-07-15 14:45:00+02:00,62.54682673748487,67.25
2026-07-15 15:00:00+02:00,58.96796543044579,60.77
2026-07-15 15:15:00+02:00,55.27244317880735,66.93
2026-07-15 15:30:00+02:00,61.54515122759851,76.82
2026-07-15 15:45:00+02:00,72.58536020280016,87.78
2026-07-15 16:00:00+02:00,51.96149964666289,80.34
2026-07-15 16:15:00+02:00,74.71065456756236,89.58
2026-07-15 16:30:00+02:00,93.27335890853585,105.29
2026-07-15 16:45:00+02:00,110.8952933119804,113.38
2026-07-15 17:00:00+02:00,89.95690359410442,101.0
2026-07-15 17:15:00+02:00,98.63562644328836,108.54
2026-07-15 17:30:00+02:00,117.96602295063045,123.63
2026-07-15 17:45:00+02:00,130.20274258921881,139.56
2026-07-15 18:00:00+02:00,117.94426259063677,128.64
2026-07-15 18:15:00+02:00,127.20610340767178,142.01
2026-07-15 18:30:00+02:00,148.70392788397407,147.58
2026-07-15 18:45:00+02:00,156.95653690025472,164.02
2026-07-15 19:00:00+02:00,151.8926816406039,147.92
2026-07-15 19:15:00+02:00,154.37920042838536,163.77
2026-07-15 19:30:00+02:00,173.0263904185969,183.98
2026-07-15 19:45:00+02:00,200.8145413106306,207.88
2026-07-15 20:00:00+02:00,194.80770486259115,197.96
2026-07-15 20:15:00+02:00,218.32288398865433,199.64
2026-07-15 20:30:00+02:00,226.6290535229934,208.25
2026-07-15 20:45:00+02:00,226.13404034355153,218.05
2026-07-15 21:00:00+02:00,211.47148794940125,221.06
2026-07-15 21:15:00+02:00,196.11428207259553,196.12
2026-07-15 21:30:00+02:00,180.6654620653397,197.13
2026-07-15 21:45:00+02:00,172.0948062064741,192.29
2026-07-15 22:00:00+02:00,175.7877725151223,199.99
2026-07-15 22:15:00+02:00,170.69724361499897,190.0
2026-07-15 22:30:00+02:00,168.25976569276799,187.9
2026-07-15 22:45:00+02:00,162.69474940240121,175.63
2026-07-15 23:00:00+02:00,164.46909929753178,179.14
2026-07-15 23:15:00+02:00,157.40820481873487,171.94
2026-07-15 23:30:00+02:00,154.68990835249704,169.62
2026-07-15 23:45:00+02:00,144.04824663953414,164.96
2026-07-16 00:00:00+02:00,159.56753946061173,173.58
2026-07-16 00:15:00+02:00,152.41102230070695,169.04
2026-07-16 00:30:00+02:00,147.8683890908954,163.51
2026-07-16 00:45:00+02:00,143.02246987369784,158.0
2026-07-16 01:00:00+02:00,152.77563409502045,162.03
2026-07-16 01:15:00+02:00,141.7357858414189,158.0
2026-07-16 01:30:00+02:00,138.83454018892218,158.97
2026-07-16 01:45:00+02:00,135.25134675776656,157.8
2026-07-16 02:00:00+02:00,133.98593864126934,157.62
2026-07-16 02:15:00+02:00,128.91676237359505,154.67
2026-07-16 02:30:00+02:00,130.91624089032683,150.92
2026-07-16 02:45:00+02:00,128.14020233490737,148.42
2026-07-16 03:00:00+02:00,135.37594658960242,152.09
2026-07-16 03:15:00+02:00,138.8653140341083,147.56
2026-07-16 03:30:00+02:00,132.1495438837289,148.08
2026-07-16 03:45:00+02:00,131.95848223410977,148.18
2026-07-16 04:00:00+02:00,130.12210511859973,148.9
2026-07-16 04:15:00+02:00,129.7759269479474,150.4
2026-07-16 04:30:00+02:00,132.26746265199057,154.25
2026-07-16 04:45:00+02:00,133.3078074006305,155.2
2026-07-16 05:00:00+02:00,132.557394202264,156.76
2026-07-16 05:15:00+02:00,140.82684968603857,159.44
2026-07-16 05:30:00+02:00,145.68006513758675,160.3
2026-07-16 05:45:00+02:00,154.328336415324,163.28
2026-07-16 06:00:00+02:00,161.82101082843118,175.0
2026-07-16 06:15:00+02:00,166.69792166566134,175.68
2026-07-16 06:30:00+02:00,165.68270411976042,176.35
2026-07-16 06:45:00+02:00,165.2299237909952,174.77
2026-07-16 07:00:00+02:00,171.72113650659202,180.58
2026-07-16 07:15:00+02:00,164.32860862494215,177.84
2026-07-16 07:30:00+02:00,150.45507598963056,171.47
2026-07-16 07:45:00+02:00,143.40522793857662,161.15
2026-07-16 08:00:00+02:00,157.69171572413248,169.65
2026-07-16 08:15:00+02:00,156.10623372088352,166.12
2026-07-16 08:30:00+02:00,134.61863656017482,159.55
2026-07-16 08:45:00+02:00,120.17438767555068,138.73
2026-07-16 09:00:00+02:00,133.27636076260504,152.98
2026-07-16 09:15:00+02:00,129.6789601585969,138.29
2026-07-16 09:30:00+02:00,116.7709928179754,133.08
2026-07-16 09:45:00+02:00,106.0573537602877,124.22
2026-07-16 10:00:00+02:00,120.374894506332,140.04
2026-07-16 10:15:00+02:00,105.77634757997878,122.66
2026-07-16 10:30:00+02:00,102.22272800093212,110.32
2026-07-16 10:45:00+02:00,96.15957541992813,100.21
2026-07-16 11:00:00+02:00,100.46431360002214,113.34
2026-07-16 11:15:00+02:00,94.55889267145969,109.25
2026-07-16 11:30:00+02:00,87.99589658628318,105.98
2026-07-16 11:45:00+02:00,84.48686072460254,100.36
2026-07-16 12:00:00+02:00,90.34579279597357,100.35
2026-07-16 12:15:00+02:00,82.24766097987236,93.84
2026-07-16 12:30:00+02:00,78.27966829954244,93.02
2026-07-16 12:45:00+02:00,64.6002295140011,91.55
2026-07-16 13:00:00+02:00,81.43709916520474,92.38
2026-07-16 13:15:00+02:00,74.67862786522122,91.74
2026-07-16 13:30:00+02:00,69.19380107307285,83.79
2026-07-16 13:45:00+02:00,72.2484305652629,81.99
2026-07-16 14:00:00+02:00,65.57392605706525,91.77
2026-07-16 14:15:00+02:00,68.25422191945046,94.01
2026-07-16 14:30:00+02:00,69.92319622108273,97.05
2026-07-16 14:45:00+02:00,75.3113319296144,103.01
2026-07-16 15:00:00+02:00,63.56580233478604,105.43
2026-07-16 15:15:00+02:00,75.84854035701579,108.71
2026-07-16 15:30:00+02:00,85.28580150568988,109.36
2026-07-16 15:45:00+02:00,93.13367444644891,114.91
2026-07-16 16:00:00+02:00,98.98268494190776,105.78
2026-07-16 16:15:00+02:00,99.62010164747943,112.67
2026-07-16 16:30:00+02:00,106.00668831433751,127.74
2026-07-16 16:45:00+02:00,117.81267141931215,132.36
2026-07-16 17:00:00+02:00,96.25056178513125,124.5
2026-07-16 17:15:00+02:00,114.22871823177385,135.4
2026-07-16 17:30:00+02:00,134.1925374507244,143.19
2026-07-16 17:45:00+02:00,150.8381481386503,156.65
2026-07-16 18:00:00+02:00,127.61954759087462,146.38
2026-07-16 18:15:00+02:00,144.76924303766128,176.08
2026-07-16 18:30:00+02:00,165.42350847865143,181.59
2026-07-16 18:45:00+02:00,184.71674430297236,206.74
2026-07-16 19:00:00+02:00,178.8335557874193,184.35
2026-07-16 19:15:00+02:00,190.85365162133374,217.92
2026-07-16 19:30:00+02:00,238.30781873484227,257.87
2026-07-16 19:45:00+02:00,271.9051473979055,304.27
2026-07-16 20:00:00+02:00,256.8119498663505,284.85
2026-07-16 20:15:00+02:00,279.0593504500512,304.44
2026-07-16 20:30:00+02:00,279.59459560254777,329.15
2026-07-16 20:45:00+02:00,260.02593562751724,328.3
2026-07-16 21:00:00+02:00,270.61261533486436,339.65
2026-07-16 21:15:00+02:00,247.7503681781489,277.83
2026-07-16 21:30:00+02:00,292.14998892116864,229.17
2026-07-16 21:45:00+02:00,288.02038248509393,203.75
2026-07-16 22:00:00+02:00,305.4274014894753,228.77
2026-07-16 22:15:00+02:00,285.54204517059225,203.75
2026-07-16 22:30:00+02:00,231.62521218475604,205.0
2026-07-16 22:45:00+02:00,191.70667701874356,189.84
2026-07-16 23:00:00+02:00,206.15623851348954,196.03
2026-07-16 23:15:00+02:00,183.76400831324463,180.6
2026-07-16 23:30:00+02:00,173.49387421665392,175.1
2026-07-16 23:45:00+02:00,149.4546283396406,169.52
2026-07-17 00:00:00+02:00,171.1750471039443,175.0
2026-07-17 00:15:00+02:00,160.6072355500895,171.31
2026-07-17 00:30:00+02:00,155.24964030609422,169.45
2026-07-17 00:45:00+02:00,145.09978171652287,166.5
2026-07-17 01:00:00+02:00,154.14566713954295,167.0
2026-07-17 01:15:00+02:00,147.7678605251144,162.88
2026-07-17 01:30:00+02:00,144.13260562934107,160.64
2026-07-17 01:45:00+02:00,138.53386408236435,155.28
2026-07-17 02:00:00+02:00,146.85080083174296,156.97
2026-07-17 02:15:00+02:00,143.67086977847896,153.0
2026-07-17 02:30:00+02:00,144.48983281599524,151.91
2026-07-17 02:45:00+02:00,138.7264173627825,146.02
2026-07-17 03:00:00+02:00,138.32988852143924,148.0
2026-07-17 03:15:00+02:00,132.16331679610232,145.0
2026-07-17 03:30:00+02:00,130.91062938802256,142.0
2026-07-17 03:45:00+02:00,128.15512086302397,140.76
2026-07-17 04:00:00+02:00,134.8820444181567,141.04
2026-07-17 04:15:00+02:00,132.96055564498005,142.2
2026-07-17 04:30:00+02:00,128.81300253509565,142.35
2026-07-17 04:45:00+02:00,126.60106591083304,146.01
2026-07-17 05:00:00+02:00,130.56557908727444,150.92
2026-07-17 05:15:00+02:00,133.9180754725315,151.2
2026-07-17 05:30:00+02:00,137.46648392017903,153.03
2026-07-17 05:45:00+02:00,133.13097106404953,158.8
2026-07-17 06:00:00+02:00,145.52851809963235,162.67
2026-07-17 06:15:00+02:00,146.55353907676735,168.5
2026-07-17 06:30:00+02:00,147.33939722825434,167.88
2026-07-17 06:45:00+02:00,154.8039410209001,161.39
2026-07-17 07:00:00+02:00,166.4805797193852,176.95
2026-07-17 07:15:00+02:00,161.48699559533213,171.42
2026-07-17 07:30:00+02:00,151.96568786299227,163.68
2026-07-17 07:45:00+02:00,136.23377208749602,150.96
2026-07-17 08:00:00+02:00,143.74430724935254,174.77
2026-07-17 08:15:00+02:00,143.9543741232237,165.12
2026-07-17 08:30:00+02:00,137.49791742122352,154.73
2026-07-17 08:45:00+02:00,125.34308902708172,133.8
2026-07-17 09:00:00+02:00,140.1056570562962,150.0
2026-07-17 09:15:00+02:00,127.95987040466024,138.62
2026-07-17 09:30:00+02:00,118.82865733833859,134.25
2026-07-17 09:45:00+02:00,109.32721406287348,118.81
2026-07-17 10:00:00+02:00,122.01521450138861,148.62
2026-07-17 10:15:00+02:00,110.88495433267708,130.95
2026-07-17 10:30:00+02:00,100.41207672886351,118.61
2026-07-17 10:45:00+02:00,88.21024013868893,111.63
2026-07-17 11:00:00+02:00,104.85875529448066,120.7
2026-07-17 11:15:00+02:00,105.32646842237196,112.02
2026-07-17 11:30:00+02:00,90.38935833395199,111.61
2026-07-17 11:45:00+02:00,76.33865642958139,110.8
2026-07-17 12:00:00+02:00,82.43689561156015,112.25
2026-07-17 12:15:00+02:00,65.98351180943075,105.0
2026-07-17 12:30:00+02:00,64.05356709246982,100.0
2026-07-17 12:45:00+02:00,42.86411838774932,98.3
2026-07-17 13:00:00+02:00,57.31362966407899,98.96
2026-07-17 13:15:00+02:00,44.323062445952964,98.35
2026-07-17 13:30:00+02:00,40.800887688343124,97.81
2026-07-17 13:45:00+02:00,35.91181563043024,97.68
2026-07-17 14:00:00+02:00,33.34758554650565,97.94
2026-07-17 14:15:00+02:00,35.35424011656785,98.09
2026-07-17 14:30:00+02:00,36.7046630957244,98.41
2026-07-17 14:45:00+02:00,45.742075921890624,99.27
2026-07-17 15:00:00+02:00,48.446834905942836,99.7
2026-07-17 15:15:00+02:00,53.762306010177625,105.3
2026-07-17 15:30:00+02:00,70.55975942160647,108.98
2026-07-17 15:45:00+02:00,81.65062694533398,109.94
2026-07-17 16:00:00+02:00,59.585443347845064,105.0
2026-07-17 16:15:00+02:00,78.45025261106458,111.5
2026-07-17 16:30:00+02:00,101.9149774071527,116.86
2026-07-17 16:45:00+02:00,109.90616798562652,125.44
2026-07-17 17:00:00+02:00,88.0358803736541,114.66
2026-07-17 17:15:00+02:00,102.04448844487658,122.57
2026-07-17 17:30:00+02:00,114.29802028172197,130.51
2026-07-17 17:45:00+02:00,130.69462482371284,141.96
2026-07-17 18:00:00+02:00,115.4708438174088,122.92
2026-07-17 18:15:00+02:00,128.13478701283657,137.9
2026-07-17 18:30:00+02:00,127.13036613586931,141.12
2026-07-17 18:45:00+02:00,143.67105710332146,148.38
2026-07-17 19:00:00+02:00,131.49395544328254,144.82
2026-07-17 19:15:00+02:00,147.9571895889638,152.97
2026-07-17 19:30:00+02:00,157.6474486139766,151.79
2026-07-17 19:45:00+02:00,161.3481578243409,154.55
2026-07-17 20:00:00+02:00,154.94382065661767,148.35
2026-07-17 20:15:00+02:00,153.267503154502,155.75
2026-07-17 20:30:00+02:00,148.63688640523128,161.92
2026-07-17 20:45:00+02:00,160.12082827917246,170.24
2026-07-17 21:00:00+02:00,155.52629031780097,165.0
2026-07-17 21:15:00+02:00,151.84576399378145,165.36
2026-07-17 21:30:00+02:00,150.126585846503,168.84
2026-07-17 21:45:00+02:00,147.10372280482176,168.25
2026-07-17 22:00:00+02:00,162.62983155029815,168.71
2026-07-17 22:15:00+02:00,151.91607884463153,165.47
2026-07-17 22:30:00+02:00,152.0047565272145,164.55
2026-07-17 22:45:00+02:00,143.45626609228805,159.97
2026-07-17 23:00:00+02:00,145.69898721315752,162.97
2026-07-17 23:15:00+02:00,142.90785412540092,160.71
2026-07-17 23:30:00+02:00,133.91892823330562,159.04
2026-07-17 23:45:00+02:00,128.5657750066678,150.48
2026-07-18 00:00:00+02:00,155.0909505788161,168.41
2026-07-18 00:15:00+02:00,144.3503823537487,160.15
2026-07-18 00:30:00+02:00,140.53848024333035,151.24
2026-07-18 00:45:00+02:00,128.0391128953983,145.0
2026-07-18 01:00:00+02:00,141.97610198352947,152.94
2026-07-18 01:15:00+02:00,132.39679276638603,146.81
2026-07-18 01:30:00+02:00,123.14916744965497,143.38
2026-07-18 01:45:00+02:00,120.14991678635973,138.39
2026-07-18 02:00:00+02:00,117.27064819268362,146.13
2026-07-18 02:15:00+02:00,115.22592633700576,142.61
2026-07-18 02:30:00+02:00,117.6284064183993,139.09
2026-07-18 02:45:00+02:00,113.35620081617557,140.17
2026-07-18 03:00:00+02:00,114.17997817523478,137.21
2026-07-18 03:15:00+02:00,112.89639166188684,135.55
2026-07-18 03:30:00+02:00,111.6165068797417,135.0
2026-07-18 03:45:00+02:00,109.87347174350728,133.44
2026-07-18 04:00:00+02:00,108.494479742031,137.22
2026-07-18 04:15:00+02:00,108.64743687960991,136.92
2026-07-18 04:30:00+02:00,105.27247696719361,134.72
2026-07-18 04:45:00+02:00,105.93469179166267,130.38
2026-07-18 05:00:00+02:00,109.25338351403087,141.07
2026-07-18 05:15:00+02:00,104.33071175570916,134.01
2026-07-18 05:30:00+02:00,100.42377856996276,130.45
2026-07-18 05:45:00+02:00,97.18925706711448,123.41
2026-07-18 06:00:00+02:00,108.07320433360455,131.63
2026-07-18 06:15:00+02:00,91.47057677106287,129.26
2026-07-18 06:30:00+02:00,86.9458631906126,127.13
2026-07-18 06:45:00+02:00,72.6587555766192,118.01
2026-07-18 07:00:00+02:00,105.02365486389917,150.08
2026-07-18 07:15:00+02:00,81.54544108945092,120.72
2026-07-18 07:30:00+02:00,78.67398818770704,109.52
2026-07-18 07:45:00+02:00,59.523806858248626,96.88
2026-07-18 08:00:00+02:00,70.13009702056365,119.62
2026-07-18 08:15:00+02:00,59.916889401562685,106.87
2026-07-18 08:30:00+02:00,46.05504739824869,91.03
2026-07-18 08:45:00+02:00,47.57487505373841,72.65
2026-07-18 09:00:00+02:00,61.46586436000698,82.67
2026-07-18 09:15:00+02:00,61.54736660539795,58.07
2026-07-18 09:30:00+02:00,48.289172869856415,27.97
2026-07-18 09:45:00+02:00,42.40630456766539,11.0
2026-07-18 10:00:00+02:00,54.790594985247296,21.82
2026-07-18 10:15:00+02:00,38.19648241669453,11.96
2026-07-18 10:30:00+02:00,30.714954064713325,4.99
2026-07-18 10:45:00+02:00,15.794745064660631,1.1
2026-07-18 11:00:00+02:00,24.42777979058497,0.06
2026-07-18 11:15:00+02:00,18.960201541819174,0.0
2026-07-18 11:30:00+02:00,11.68502094978858,-0.01
2026-07-18 11:45:00+02:00,7.884388440135005,-0.07
2026-07-18 12:00:00+02:00,9.719254807908321,-0.04
2026-07-18 12:15:00+02:00,5.391581153873645,-0.07
2026-07-18 12:30:00+02:00,-0.935814519173622,-0.1
2026-07-18 12:45:00+02:00,-3.6729647176277833,-0.29
2026-07-18 13:00:00+02:00,0.009713484139542317,-0.96
2026-07-18 13:15:00+02:00,-7.618325683520165,-1.0
2026-07-18 13:30:00+02:00,-9.820016955722618,-1.09
2026-07-18 13:45:00+02:00,-20.755305892081577,-1.61
2026-07-18 14:00:00+02:00,-13.429661673320469,-1.86
2026-07-18 14:15:00+02:00,-14.59821611981168,-2.01
2026-07-18 14:30:00+02:00,-15.099644652753549,-2.01
2026-07-18 14:45:00+02:00,-11.12433503902369,-2.09
2026-07-18 15:00:00+02:00,-13.35923633123744,-2.02
2026-07-18 15:15:00+02:00,-10.638210253473492,-2.24
2026-07-18 15:30:00+02:00,2.6241569350145078,-2.66
2026-07-18 15:45:00+02:00,-9.74600316628289,-4.87
2026-07-18 16:00:00+02:00,0.22095690785292632,-2.01
2026-07-18 16:15:00+02:00,-2.7230924188813574,-2.02
2026-07-18 16:30:00+02:00,-1.4162804696558027,-1.91
2026-07-18 16:45:00+02:00,-5.475023437438296,-1.1
2026-07-18 17:00:00+02:00,3.5070530092756655,-0.45
2026-07-18 17:15:00+02:00,3.3892746398115037,-0.01
2026-07-18 17:30:00+02:00,21.96545360240178,0.0
2026-07-18 17:45:00+02:00,10.16390667735756,2.19
2026-07-18 18:00:00+02:00,18.86470533711889,1.38
2026-07-18 18:15:00+02:00,29.8222010466979,39.69
2026-07-18 18:30:00+02:00,67.60301913420471,82.52
2026-07-18 18:45:00+02:00,92.8461779579103,100.1
2026-07-18 19:00:00+02:00,67.87287292616685,87.96
2026-07-18 19:15:00+02:00,98.59765243506016,110.59
2026-07-18 19:30:00+02:00,111.15550659122955,117.24
2026-07-18 19:45:00+02:00,121.2429554069823,125.01
2026-07-18 20:00:00+02:00,106.20775467309116,120.49
2026-07-18 20:15:00+02:00,116.92150765935868,129.99
2026-07-18 20:30:00+02:00,125.34571777942153,135.66
2026-07-18 20:45:00+02:00,137.4375018814983,142.54
2026-07-18 21:00:00+02:00,127.73997068373762,143.14
2026-07-18 21:15:00+02:00,126.16577027619539,142.73
2026-07-18 21:30:00+02:00,131.83638044365887,145.49
2026-07-18 21:45:00+02:00,133.10371931073658,152.44
2026-07-18 22:00:00+02:00,143.25324546878886,153.58
2026-07-18 22:15:00+02:00,139.8521506429684,153.09
2026-07-18 22:30:00+02:00,133.64353105747554,152.97
2026-07-18 22:45:00+02:00,129.02928240692762,150.21
2026-07-18 23:00:00+02:00,133.02697423276084,150.41
2026-07-18 23:15:00+02:00,124.52624356758541,148.79
2026-07-18 23:30:00+02:00,122.2632537192969,146.79
2026-07-18 23:45:00+02:00,124.87473845903357,137.06
2026-07-19 00:00:00+02:00,141.10440824214447,145.59
2026-07-19 00:15:00+02:00,137.46645418024846,142.6
2026-07-19 00:30:00+02:00,133.13417360972704,135.63
2026-07-19 00:45:00+02:00,126.7330660626854,130.97
2026-07-19 01:00:00+02:00,132.51296518960956,135.0
2026-07-19 01:15:00+02:00,128.5464531786328,132.23
2026-07-19 01:30:00+02:00,122.83003190554521,130.06
2026-07-19 01:45:00+02:00,123.02607696632093,125.68
2026-07-19 02:00:00+02:00,124.78532002554358,127.55
2026-07-19 02:15:00+02:00,122.73636581635084,122.31
2026-07-19 02:30:00+02:00,121.1238780375445,120.85
2026-07-19 02:45:00+02:00,117.96478173463125,116.89
2026-07-19 03:00:00+02:00,119.30322968999262,121.07
2026-07-19 03:15:00+02:00,117.76124279574184,120.09
2026-07-19 03:30:00+02:00,116.87546561985259,118.93
2026-07-19 03:45:00+02:00,116.32305265726069,115.5
2026-07-19 04:00:00+02:00,119.62182647143402,119.53
2026-07-19 04:15:00+02:00,117.15156102060604,116.11
2026-07-19 04:30:00+02:00,115.77954758034794,113.85
2026-07-19 04:45:00+02:00,113.35330334682773,111.61
2026-07-19 05:00:00+02:00,120.66338631419812,113.18
2026-07-19 05:15:00+02:00,114.85616069989919,110.1
2026-07-19 05:30:00+02:00,104.09362041342118,108.94
2026-07-19 05:45:00+02:00,94.42264932245124,105.45
2026-07-19 06:00:00+02:00,106.24086540266639,109.53
2026-07-19 06:15:00+02:00,86.07526586338494,103.79
2026-07-19 06:30:00+02:00,79.42317856588275,101.23
2026-07-19 06:45:00+02:00,78.73742023209536,92.84
2026-07-19 07:00:00+02:00,92.74562490357616,100.73
2026-07-19 07:15:00+02:00,75.18545313191852,92.07
2026-07-19 07:30:00+02:00,65.74773168391853,88.25
2026-07-19 07:45:00+02:00,52.84130199886373,72.79
2026-07-19 08:00:00+02:00,62.937588056625756,74.18
2026-07-19 08:15:00+02:00,46.33302592972828,57.66
2026-07-19 08:30:00+02:00,29.672279445969465,30.29
2026-07-19 08:45:00+02:00,15.591964770027573,10.5
2026-07-19 09:00:00+02:00,37.977326860509564,10.51
2026-07-19 09:15:00+02:00,-0.26961881322799286,4.43
2026-07-19 09:30:00+02:00,7.281500496549853,1.45
2026-07-19 09:45:00+02:00,24.38012911185102,0.27
2026-07-19 10:00:00+02:00,24.000881129704965,0.06
2026-07-19 10:15:00+02:00,10.32728313790814,0.0
2026-07-19 10:30:00+02:00,16.614078930724403,0.0
2026-07-19 10:45:00+02:00,14.219676983444366,0.0
2026-07-19 11:00:00+02:00,17.66963663200206,-0.01
2026-07-19 11:15:00+02:00,13.639054545277517,-0.02
2026-07-19 11:30:00+02:00,19.095866988527334,-0.04
2026-07-19 11:45:00+02:00,3.6524873964051388,-0.11
2026-07-19 12:00:00+02:00,10.468084596123411,-0.44
2026-07-19 12:15:00+02:00,8.09172280446927,-0.73
2026-07-19 12:30:00+02:00,5.427459664606314,-0.8
2026-07-19 12:45:00+02:00,-1.0029795710607594,-1.0
2026-07-19 13:00:00+02:00,-4.522019185599877,-1.19
2026-07-19 13:15:00+02:00,-10.143360679201784,-2.36
2026-07-19 13:30:00+02:00,-11.412762682831051,-3.09
2026-07-19 13:45:00+02:00,-15.721292870818452,-4.07
2026-07-19 14:00:00+02:00,-13.420711893785166,-4.62
2026-07-19 14:15:00+02:00,-11.604824384046301,-5.0
2026-07-19 14:30:00+02:00,-10.099656046227848,-5.0
2026-07-19 14:45:00+02:00,-8.018755725011845,-5.37
2026-07-19 15:00:00+02:00,-10.35803830766163,-5.69
2026-07-19 15:15:00+02:00,-3.3194764423439445,-5.29
2026-07-19 15:30:00+02:00,-1.523235151422469,-4.83
2026-07-19 15:45:00+02:00,-0.8258555177162492,-4.01
2026-07-19 16:00:00+02:00,4.835882696832954,-2.31
2026-07-19 16:15:00+02:00,9.039431552018073,-2.84
2026-07-19 16:30:00+02:00,-1.328791694537145,-3.4
2026-07-19 16:45:00+02:00,3.7474831502852055,-1.2
2026-07-19 17:00:00+02:00,-5.099718756630608,-1.2
2026-07-19 17:15:00+02:00,-0.7410442334243328,-0.97
2026-07-19 17:30:00+02:00,1.9869930452997977,-0.01
2026-07-19 17:45:00+02:00,21.10598236395188,0.6
2026-07-19 18:00:00+02:00,13.182014211330483,0.68
2026-07-19 18:15:00+02:00,38.23592628151235,29.42
2026-07-19 18:30:00+02:00,78.88579440530317,62.58
2026-07-19 18:45:00+02:00,107.54272908851944,98.69
2026-07-19 19:00:00+02:00,82.08028166101971,87.8
2026-07-19 19:15:00+02:00,102.10017619038962,109.62
2026-07-19 19:30:00+02:00,121.63553475433051,131.67
2026-07-19 19:45:00+02:00,131.8864960128667,139.55
2026-07-19 20:00:00+02:00,118.0022827172784,128.5
2026-07-19 20:15:00+02:00,128.9254207623093,140.1
2026-07-19 20:30:00+02:00,130.28808913902918,150.91
2026-07-19 20:45:00+02:00,138.15505932887874,156.98
2026-07-19 21:00:00+02:00,134.55645188730776,152.54
2026-07-19 21:15:00+02:00,134.33089011234617,150.38
2026-07-19 21:30:00+02:00,138.25825494665457,149.65
2026-07-19 21:45:00+02:00,139.7476605119495,146.15
2026-07-19 22:00:00+02:00,142.15885563735853,159.18
2026-07-19 22:15:00+02:00,137.43211059006796,150.91
2026-07-19 22:30:00+02:00,139.98704126351512,148.2
2026-07-19 22:45:00+02:00,136.26997806177022,140.34
2026-07-19 23:00:00+02:00,138.6449853129819,151.71
2026-07-19 23:15:00+02:00,133.2806122943394,137.02
2026-07-19 23:30:00+02:00,136.62483019291585,135.65
2026-07-19 23:45:00+02:00,129.26270451882567,128.43
2026-07-20 00:00:00+02:00,134.63350067843282,167.33
2026-07-20 00:15:00+02:00,132.2993038060899,150.11
2026-07-20 00:30:00+02:00,130.56813248454392,140.74
2026-07-20 00:45:00+02:00,121.475181286221,131.63
2026-07-20 01:00:00+02:00,129.77764824670723,148.25
2026-07-20 01:15:00+02:00,124.99812088424827,140.01
2026-07-20 01:30:00+02:00,124.46518537842489,135.68
2026-07-20 01:45:00+02:00,118.51313263653813,129.99
2026-07-20 02:00:00+02:00,122.2254547099913,132.41
2026-07-20 02:15:00+02:00,118.38517438945392,128.37
2026-07-20 02:30:00+02:00,114.99408025615357,128.49
2026-07-20 02:45:00+02:00,114.56681332279317,126.15
2026-07-20 03:00:00+02:00,115.83180876083739,126.92
2026-07-20 03:15:00+02:00,116.04971783760699,122.69
2026-07-20 03:30:00+02:00,113.53784277569709,122.69
2026-07-20 03:45:00+02:00,106.14109173764047,121.82
2026-07-20 04:00:00+02:00,113.91734497692609,125.04
2026-07-20 04:15:00+02:00,114.13039392159554,130.26
2026-07-20 04:30:00+02:00,115.2972479961991,133.62
2026-07-20 04:45:00+02:00,118.70869950062223,136.16
2026-07-20 05:00:00+02:00,116.21999103239649,132.84
2026-07-20 05:15:00+02:00,118.73338852172118,138.22
2026-07-20 05:30:00+02:00,118.97394448856632,139.35
2026-07-20 05:45:00+02:00,120.30647408392831,144.75
2026-07-20 06:00:00+02:00,124.44084824196305,147.63
2026-07-20 06:15:00+02:00,119.51472227313336,150.01
2026-07-20 06:30:00+02:00,120.40581215629398,150.41
2026-07-20 06:45:00+02:00,123.99569991946613,149.19
2026-07-20 07:00:00+02:00,130.32304700051634,159.92
2026-07-20 07:15:00+02:00,129.58837639067724,152.96
2026-07-20 07:30:00+02:00,126.08298711296221,148.99
2026-07-20 07:45:00+02:00,123.93150435536653,140.24
2026-07-20 08:00:00+02:00,128.0268056739194,159.0
2026-07-20 08:15:00+02:00,120.03470564849572,140.0
2026-07-20 08:30:00+02:00,112.3351051435187,120.7
2026-07-20 08:45:00+02:00,96.0008758301835,104.29
2026-07-20 09:00:00+02:00,115.33587970453068,113.72
2026-07-20 09:15:00+02:00,96.9215405493342,102.0
2026-07-20 09:30:00+02:00,75.49153313361114,89.33
2026-07-20 09:45:00+02:00,61.603663646032935,65.82
2026-07-20 10:00:00+02:00,83.65825997683312,83.1
2026-07-20 10:15:00+02:00,68.19019941766507,73.36
2026-07-20 10:30:00+02:00,57.41373659449878,58.47
2026-07-20 10:45:00+02:00,41.177421424625365,26.16
2026-07-20 11:00:00+02:00,51.865612850035134,31.71
2026-07-20 11:15:00+02:00,34.94591814022239,19.47
2026-07-20 11:30:00+02:00,23.699729741014252,10.0
2026-07-20 11:45:00+02:00,23.358158910812193,1.97
2026-07-20 12:00:00+02:00,25.800761535884458,16.21
2026-07-20 12:15:00+02:00,26.450761855412942,4.12
2026-07-20 12:30:00+02:00,22.129026228414986,6.98
2026-07-20 12:45:00+02:00,18.768527946912833,3.34
2026-07-20 13:00:00+02:00,9.395087636488585,0.05
2026-07-20 13:15:00+02:00,11.976644495713243,0.01
2026-07-20 13:30:00+02:00,12.86199139514221,0.0
2026-07-20 13:45:00+02:00,9.64537092910924,0.0
2026-07-20 14:00:00+02:00,11.877676745564058,0.0
2026-07-20 14:15:00+02:00,13.464270854504273,0.0
2026-07-20 14:30:00+02:00,10.99833526227935,0.02
2026-07-20 14:45:00+02:00,13.200094533121044,0.01
2026-07-20 15:00:00+02:00,8.56238190382451,0.01
2026-07-20 15:15:00+02:00,10.85054775908212,0.03
2026-07-20 15:30:00+02:00,18.803921080363644,0.07
2026-07-20 15:45:00+02:00,19.50358169243333,3.72
2026-07-20 16:00:00+02:00,13.96222999320438,0.03
2026-07-20 16:15:00+02:00,19.635107721322143,0.09
2026-07-20 16:30:00+02:00,37.951323379896316,14.9
2026-07-20 16:45:00+02:00,48.5101224697979,45.4
2026-07-20 17:00:00+02:00,39.32581193948765,23.43
2026-07-20 17:15:00+02:00,69.5034352303547,79.41
2026-07-20 17:30:00+02:00,87.62218072931842,90.1
2026-07-20 17:45:00+02:00,99.48021489688715,106.11
2026-07-20 18:00:00+02:00,79.15515805796949,95.51
2026-07-20 18:15:00+02:00,90.44230967989381,106.67
2026-07-20 18:30:00+02:00,117.64223052689435,127.06
2026-07-20 18:45:00+02:00,134.69361514881456,144.41
2026-07-20 19:00:00+02:00,116.27217011433416,142.32
2026-07-20 19:15:00+02:00,134.81576343270652,152.87
2026-07-20 19:30:00+02:00,140.81949449787388,161.99
2026-07-20 19:45:00+02:00,146.03764914667192,177.87
2026-07-20 20:00:00+02:00,137.88051860973167,165.17
2026-07-20 20:15:00+02:00,144.56173560718236,171.39
2026-07-20 20:30:00+02:00,151.49206492936918,181.65
2026-07-20 20:45:00+02:00,163.72081487028072,194.77
2026-07-20 21:00:00+02:00,152.39176414763878,180.53
2026-07-20 21:15:00+02:00,161.11840144824902,180.47
2026-07-20 21:30:00+02:00,160.47898377131347,179.92
2026-07-20 21:45:00+02:00,147.34206028730964,178.0
2026-07-20 22:00:00+02:00,159.1808789228333,186.34
2026-07-20 22:15:00+02:00,151.13405870303754,175.98
2026-07-20 22:30:00+02:00,146.04903462666803,171.94
2026-07-20 22:45:00+02:00,139.98504551014415,165.0
2026-07-20 23:00:00+02:00,143.15915996482755,168.33
2026-07-20 23:15:00+02:00,133.79953680685082,161.96
2026-07-20 23:30:00+02:00,133.2587211860119,158.28
2026-07-20 23:45:00+02:00,128.53639062523402,149.3
2026-07-21 00:00:00+02:00,170.12617281407347,153.81
2026-07-21 00:15:00+02:00,158.2147998104329,150.03
2026-07-21 00:30:00+02:00,150.57391456455278,146.26
2026-07-21 00:45:00+02:00,141.90737443974885,145.01
2026-07-21 01:00:00+02:00,150.98175829715436,151.84
2026-07-21 01:15:00+02:00,141.98735444685852,150.56
2026-07-21 01:30:00+02:00,135.4492191699156,149.25
2026-07-21 01:45:00+02:00,130.73985624794724,146.43
2026-07-21 02:00:00+02:00,137.68079738535258,146.63
2026-07-21 02:15:00+02:00,133.23716836769012,144.03
2026-07-21 02:30:00+02:00,129.81542438070846,142.98
2026-07-21 02:45:00+02:00,130.60263214637564,139.92
2026-07-21 03:00:00+02:00,132.79638559884725,140.27
2026-07-21 03:15:00+02:00,132.2819369643905,138.09
2026-07-21 03:30:00+02:00,130.00460785454405,138.18
2026-07-21 03:45:00+02:00,128.75294987238868,138.93
2026-07-21 04:00:00+02:00,128.14805744813907,135.03
2026-07-21 04:15:00+02:00,132.1251761713308,137.3
2026-07-21 04:30:00+02:00,131.98922679651275,140.95
2026-07-21 04:45:00+02:00,136.10884481297234,143.73
2026-07-21 05:00:00+02:00,137.0486465838581,140.34
2026-07-21 05:15:00+02:00,137.2900792219167,143.19
2026-07-21 05:30:00+02:00,138.3332228610212,146.91
2026-07-21 05:45:00+02:00,142.61730986813288,149.21
2026-07-21 06:00:00+02:00,142.95901795151997,155.0
2026-07-21 06:15:00+02:00,145.47114133013454,159.33
2026-07-21 06:30:00+02:00,148.0763796127059,159.79
2026-07-21 06:45:00+02:00,149.92827262411672,156.48
2026-07-21 07:00:00+02:00,165.33044486053822,167.0
2026-07-21 07:15:00+02:00,152.7835268684211,159.35
2026-07-21 07:30:00+02:00,146.79620080747816,155.01
2026-07-21 07:45:00+02:00,139.55354451221714,136.35
2026-07-21 08:00:00+02:00,159.87537748195714,164.78
2026-07-21 08:15:00+02:00,144.58119517585573,149.0
2026-07-21 08:30:00+02:00,132.45550556146222,142.16
2026-07-21 08:45:00+02:00,117.55633267812748,125.57
2026-07-21 09:00:00+02:00,134.25629397960307,153.01
2026-07-21 09:15:00+02:00,117.75749786008481,120.16
2026-07-21 09:30:00+02:00,99.90735085619434,107.37
2026-07-21 09:45:00+02:00,95.21400927868554,79.27
2026-07-21 10:00:00+02:00,108.61998186254225,103.18
2026-07-21 10:15:00+02:00,104.29690698283595,86.15
2026-07-21 10:30:00+02:00,83.77939554817891,79.37
2026-07-21 10:45:00+02:00,66.9423775588227,66.06
2026-07-21 11:00:00+02:00,84.17099454305226,66.11
2026-07-21 11:15:00+02:00,79.92300428496702,59.09
2026-07-21 11:30:00+02:00,60.42169064005561,36.89
2026-07-21 11:45:00+02:00,45.030272896677516,12.46
2026-07-21 12:00:00+02:00,55.747758959892835,16.31
2026-07-21 12:15:00+02:00,38.93316653114777,5.46
2026-07-21 12:30:00+02:00,33.40732089217059,3.85
2026-07-21 12:45:00+02:00,28.189564275702754,2.59
2026-07-21 13:00:00+02:00,40.33327944704796,2.52
2026-07-21 13:15:00+02:00,37.785422233340796,1.44
2026-07-21 13:30:00+02:00,27.5580690930936,0.08
2026-07-21 13:45:00+02:00,26.104072327031382,0.0
2026-07-21 14:00:00+02:00,32.77240020567382,0.04
2026-07-21 14:15:00+02:00,36.572441287153865,0.09
2026-07-21 14:30:00+02:00,32.983522185737016,0.1
2026-07-21 14:45:00+02:00,42.052461152236475,3.78
2026-07-21 15:00:00+02:00,24.822599637799875,3.3
2026-07-21 15:15:00+02:00,41.59436983218698,6.49
2026-07-21 15:30:00+02:00,55.4806803877688,11.51
2026-07-21 15:45:00+02:00,71.10365816240088,33.38
2026-07-21 16:00:00+02:00,44.35203752030593,30.47
2026-07-21 16:15:00+02:00,62.08869784727801,64.0
2026-07-21 16:30:00+02:00,74.30365365810037,71.46
2026-07-21 16:45:00+02:00,83.60640161470002,83.0
2026-07-21 17:00:00+02:00,75.56895360132091,77.06
2026-07-21 17:15:00+02:00,89.80193112818048,94.26
2026-07-21 17:30:00+02:00,105.15703758760736,112.0
2026-07-21 17:45:00+02:00,129.71227862906386,126.94
2026-07-21 18:00:00+02:00,113.74723118475558,113.81
2026-07-21 18:15:00+02:00,124.18374282354324,130.62
2026-07-21 18:30:00+02:00,136.40113238622877,142.99
2026-07-21 18:45:00+02:00,142.94533157645262,154.04
2026-07-21 19:00:00+02:00,136.14791106082782,140.91
2026-07-21 19:15:00+02:00,144.93006001317562,150.92
2026-07-21 19:30:00+02:00,155.9648230332907,158.07
2026-07-21 19:45:00+02:00,170.08984385974406,164.54
2026-07-21 20:00:00+02:00,161.62208264781634,166.51
2026-07-21 20:15:00+02:00,162.17951315522726,172.0
2026-07-21 20:30:00+02:00,165.69322242426546,174.59
2026-07-21 20:45:00+02:00,182.63044512493067,174.9
2026-07-21 21:00:00+02:00,169.06058464009658,177.29
2026-07-21 21:15:00+02:00,169.9475381830407,177.19
2026-07-21 21:30:00+02:00,170.5144227816495,174.6
2026-07-21 21:45:00+02:00,162.70965808147548,169.17
2026-07-21 22:00:00+02:00,174.32854292706713,175.9
2026-07-21 22:15:00+02:00,167.64497526707032,168.57
2026-07-21 22:30:00+02:00,160.9070428268777,170.06
2026-07-21 22:45:00+02:00,150.06286317596818,158.74
2026-07-21 23:00:00+02:00,156.85305788645664,165.16
2026-07-21 23:15:00+02:00,147.7137990263359,156.09
2026-07-21 23:30:00+02:00,144.93143271353466,153.42
2026-07-21 23:45:00+02:00,139.11558501040406,146.08
2026-07-22 00:00:00+02:00,164.56126315593747,156.4
2026-07-22 00:15:00+02:00,155.16968570765084,155.25
2026-07-22 00:30:00+02:00,148.22220221254233,151.39
2026-07-22 00:45:00+02:00,141.62774736438556,145.72
2026-07-22 01:00:00+02:00,152.21988002664784,156.37
2026-07-22 01:15:00+02:00,144.2511672480836,148.57
2026-07-22 01:30:00+02:00,140.57549214108855,145.66
2026-07-22 01:45:00+02:00,134.78460066797814,142.55
2026-07-22 02:00:00+02:00,138.4832077564237,146.94
2026-07-22 02:15:00+02:00,137.40689511667526,144.88
2026-07-22 02:30:00+02:00,133.86287638444915,143.04
2026-07-22 02:45:00+02:00,132.88991281037863,138.07
2026-07-22 03:00:00+02:00,127.58659417989841,142.08
2026-07-22 03:15:00+02:00,126.51342930468192,134.75
2026-07-22 03:30:00+02:00,125.73586987511163,132.02
2026-07-22 03:45:00+02:00,121.18844814236314,130.8
2026-07-22 04:00:00+02:00,126.96311586558676,130.3
2026-07-22 04:15:00+02:00,131.10444696443062,129.8
2026-07-22 04:30:00+02:00,127.31323599634008,131.0
2026-07-22 04:45:00+02:00,124.37650968937393,131.56
2026-07-22 05:00:00+02:00,127.82972102109548,128.24
2026-07-22 05:15:00+02:00,128.56213212168979,132.75
2026-07-22 05:30:00+02:00,126.18159737746795,138.93
2026-07-22 05:45:00+02:00,132.82222670005967,143.91
2026-07-22 06:00:00+02:00,136.65717164078697,144.26
2026-07-22 06:15:00+02:00,134.5671948985298,150.01
2026-07-22 06:30:00+02:00,133.45023820172156,156.08
2026-07-22 06:45:00+02:00,131.1134635002722,147.29
2026-07-22 07:00:00+02:00,136.06321369262366,156.89
2026-07-22 07:15:00+02:00,130.97594630201775,150.03
2026-07-22 07:30:00+02:00,127.83181823561507,145.16
2026-07-22 07:45:00+02:00,117.77669744368767,129.3
2026-07-22 08:00:00+02:00,136.08365617523256,158.11
2026-07-22 08:15:00+02:00,127.81530566266787,141.28
2026-07-22 08:30:00+02:00,114.38057300454963,121.54
2026-07-22 08:45:00+02:00,98.9862086991039,107.0
2026-07-22 09:00:00+02:00,125.88746243046477,114.48
2026-07-22 09:15:00+02:00,98.12345827985168,102.42
2026-07-22 09:30:00+02:00,66.18086043458808,86.34
2026-07-22 09:45:00+02:00,49.18946993252977,60.53
2026-07-22 10:00:00+02:00,68.76190024701604,92.11
2026-07-22 10:15:00+02:00,61.020617900555195,68.71
2026-07-22 10:30:00+02:00,51.924392490249424,57.8
2026-07-22 10:45:00+02:00,30.17442468967102,45.99
2026-07-22 11:00:00+02:00,41.884924866079885,49.24
2026-07-22 11:15:00+02:00,29.769339762584124,37.27
2026-07-22 11:30:00+02:00,26.66539525880897,21.69
2026-07-22 11:45:00+02:00,16.93235248380901,15.54
2026-07-22 12:00:00+02:00,19.2098350592578,21.08
2026-07-22 12:15:00+02:00,11.954366065666303,9.99
2026-07-22 12:30:00+02:00,8.43194594073021,6.94
2026-07-22 12:45:00+02:00,2.8854453027379083,3.53
2026-07-22 13:00:00+02:00,2.346414277540621,3.99
2026-07-22 13:15:00+02:00,1.2526422877021037,0.99
2026-07-22 13:30:00+02:00,1.8822906328493039,0.15
2026-07-22 13:45:00+02:00,-1.618561508812843,0.03
2026-07-22 14:00:00+02:00,1.8124285916312401,0.03
2026-07-22 14:15:00+02:00,0.3311713977324704,0.08
2026-07-22 14:30:00+02:00,-2.833040994595196,0.03
2026-07-22 14:45:00+02:00,-3.3874530065949653,0.01
2026-07-22 15:00:00+02:00,-3.128032247032322,0.05
2026-07-22 15:15:00+02:00,-2.3151835503692633,0.09
2026-07-22 15:30:00+02:00,-1.1121050289218282,0.77
2026-07-22 15:45:00+02:00,8.985445074182255,1.08
2026-07-22 16:00:00+02:00,4.957367826200496,1.9
2026-07-22 16:15:00+02:00,7.625674814406182,5.44
2026-07-22 16:30:00+02:00,16.067996300244403,6.89
2026-07-22 16:45:00+02:00,10.428233415116154,22.37
2026-07-22 17:00:00+02:00,24.09050481349157,24.99
2026-07-22 17:15:00+02:00,11.475843271518457,59.6
2026-07-22 17:30:00+02:00,13.177641154535436,68.63
2026-07-22 17:45:00+02:00,27.19849210071338,99.62
2026-07-22 18:00:00+02:00,19.444671412852728,82.67
2026-07-22 18:15:00+02:00,61.124147536699084,102.38
2026-07-22 18:30:00+02:00,80.41567931163218,114.93
2026-07-22 18:45:00+02:00,92.3784627456956,132.42
2026-07-22 19:00:00+02:00,84.3678872205058,122.97
2026-07-22 19:15:00+02:00,97.48814397130201,134.85
2026-07-22 19:30:00+02:00,107.66204838856393,144.48
2026-07-22 19:45:00+02:00,129.08280308959587,149.01
2026-07-22 20:00:00+02:00,115.82638733998417,151.37
2026-07-22 20:15:00+02:00,126.05865585286224,154.68
2026-07-22 20:30:00+02:00,137.3063113760278,158.27
2026-07-22 20:45:00+02:00,155.81776507142192,163.72
2026-07-22 21:00:00+02:00,132.41413090042053,166.36
2026-07-22 21:15:00+02:00,137.6288297400003,162.43
2026-07-22 21:30:00+02:00,131.66286724008336,161.95
2026-07-22 21:45:00+02:00,135.28180073630494,156.3
2026-07-22 22:00:00+02:00,137.4903057672425,167.24
2026-07-22 22:15:00+02:00,131.16198578891806,159.44
2026-07-22 22:30:00+02:00,141.80125558961845,155.94
2026-07-22 22:45:00+02:00,130.4139199358249,147.82
2026-07-22 23:00:00+02:00,135.80820331647337,153.17
2026-07-22 23:15:00+02:00,128.16702845143436,143.94
2026-07-22 23:30:00+02:00,133.1537701577028,140.56
2026-07-22 23:45:00+02:00,129.50843146037906,136.5
2026-07-23 00:00:00+02:00,151.99846393791827,153.4
2026-07-23 00:15:00+02:00,148.71874129076588,147.31
2026-07-23 00:30:00+02:00,139.74049904915654,139.23
2026-07-23 00:45:00+02:00,135.504264175924,131.08
2026-07-23 01:00:00+02:00,149.6253802081701,142.47
2026-07-23 01:15:00+02:00,143.0754325837928,137.83
2026-07-23 01:30:00+02:00,135.9804352760159,136.34
2026-07-23 01:45:00+02:00,130.8793073598067,132.74
2026-07-23 02:00:00+02:00,138.50428124297866,135.04
2026-07-23 02:15:00+02:00,134.26541137672703,133.28
2026-07-23 02:30:00+02:00,134.09565060764226,133.78
2026-07-23 02:45:00+02:00,129.852342575538,132.54
2026-07-23 03:00:00+02:00,131.79212727442155,132.42
2026-07-23 03:15:00+02:00,129.0194344038693,134.73
2026-07-23 03:30:00+02:00,128.7354493964087,132.35
2026-07-23 03:45:00+02:00,126.92022288321704,132.36
2026-07-23 04:00:00+02:00,125.0979875331239,133.0
2026-07-23 04:15:00+02:00,127.01735275128061,133.54
2026-07-23 04:30:00+02:00,131.99546630764755,137.38
2026-07-23 04:45:00+02:00,133.18018508191957,141.04
2026-07-23 05:00:00+02:00,133.37192712833675,132.23
2026-07-23 05:15:00+02:00,134.0383306812929,138.07
2026-07-23 05:30:00+02:00,133.57044600245015,147.78
2026-07-23 05:45:00+02:00,136.22631928463505,154.1
2026-07-23 06:00:00+02:00,139.0595925547656,148.92
2026-07-23 06:15:00+02:00,148.59692852071083,162.15
2026-07-23 06:30:00+02:00,153.12786531264956,161.64
2026-07-23 06:45:00+02:00,146.14613961649889,164.01
2026-07-23 07:00:00+02:00,153.53735673055138,172.95
2026-07-23 07:15:00+02:00,148.86931459017063,173.72
2026-07-23 07:30:00+02:00,147.48994131514615,163.82
2026-07-23 07:45:00+02:00,136.23861519343583,161.0
2026-07-23 08:00:00+02:00,161.23868638111966,174.01
2026-07-23 08:15:00+02:00,147.48311067114716,162.8
2026-07-23 08:30:00+02:00,138.43045558028984,159.96
2026-07-23 08:45:00+02:00,123.15579058359793,143.04
2026-07-23 09:00:00+02:00,132.8591841635785,162.67
2026-07-23 09:15:00+02:00,114.71654001676708,144.64
2026-07-23 09:30:00+02:00,106.63694754617065,119.0
2026-07-23 09:45:00+02:00,85.457630621138,111.0
2026-07-23 10:00:00+02:00,109.41221300239262,117.29
2026-07-23 10:15:00+02:00,91.47642160695513,107.38
2026-07-23 10:30:00+02:00,74.68095983549358,99.74
2026-07-23 10:45:00+02:00,67.48482535968604,83.51
2026-07-23 11:00:00+02:00,67.68419481568215,96.47
2026-07-23 11:15:00+02:00,60.55536200490357,84.74
2026-07-23 11:30:00+02:00,44.27377086494668,77.53
2026-07-23 11:45:00+02:00,23.304425800249305,59.42
2026-07-23 12:00:00+02:00,29.014221385766774,60.42
2026-07-23 12:15:00+02:00,14.5407086512427,35.99
2026-07-23 12:30:00+02:00,10.180731629630381,20.66
2026-07-23 12:45:00+02:00,7.7064649452601675,7.3
2026-07-23 13:00:00+02:00,6.7657097279301475,11.37
2026-07-23 13:15:00+02:00,6.709637979827099,4.84
2026-07-23 13:30:00+02:00,4.2187618234667,1.0
2026-07-23 13:45:00+02:00,3.3327165381029262,0.0
2026-07-23 14:00:00+02:00,4.597368646705606,0.0
2026-07-23 14:15:00+02:00,4.6662146577064405,0.0
2026-07-23 14:30:00+02:00,5.149808961901688,0.0
2026-07-23 14:45:00+02:00,8.381817082639339,0.0
2026-07-23 15:00:00+02:00,4.178630247452379,0.0
2026-07-23 15:15:00+02:00,6.871603176943488,0.0
2026-07-23 15:30:00+02:00,11.025563467553289,0.03
2026-07-23 15:45:00+02:00,21.88121152840519,0.09
2026-07-23 16:00:00+02:00,22.67782100403132,0.0
2026-07-23 16:15:00+02:00,39.82949720439837,3.11
2026-07-23 16:30:00+02:00,41.253146098393266,24.79
2026-07-23 16:45:00+02:00,60.85667194617495,60.09
2026-07-23 17:00:00+02:00,50.80532581465934,52.99
2026-07-23 17:15:00+02:00,87.05635821139929,94.82
2026-07-23 17:30:00+02:00,99.568773317276,113.51
2026-07-23 17:45:00+02:00,113.44075966224571,125.5
2026-07-23 18:00:00+02:00,101.55430891462396,111.39
2026-07-23 18:15:00+02:00,111.67573232563475,139.21
2026-07-23 18:30:00+02:00,127.84975151630644,154.96
2026-07-23 18:45:00+02:00,146.26745521067954,165.0
2026-07-23 19:00:00+02:00,134.1085142600552,152.77
2026-07-23 19:15:00+02:00,150.93217415592156,164.67
2026-07-23 19:30:00+02:00,161.7845171801232,168.27
2026-07-23 19:45:00+02:00,165.18556251985765,178.69
2026-07-23 20:00:00+02:00,165.32132953189705,172.79
2026-07-23 20:15:00+02:00,166.55188745516114,184.29
2026-07-23 20:30:00+02:00,171.52469702835714,185.48
2026-07-23 20:45:00+02:00,184.51871782502755,197.5
2026-07-23 21:00:00+02:00,172.7973991968367,192.84
2026-07-23 21:15:00+02:00,175.19602675934857,191.79
2026-07-23 21:30:00+02:00,177.33090723726914,189.7
2026-07-23 21:45:00+02:00,168.03363967582044,185.67
2026-07-23 22:00:00+02:00,174.3708381711959,195.92
2026-07-23 22:15:00+02:00,166.41692528772046,188.96
2026-07-23 22:30:00+02:00,165.1823555750392,184.29
2026-07-23 22:45:00+02:00,152.38134212064102,177.0
2026-07-23 23:00:00+02:00,160.91050105015037,181.68
2026-07-23 23:15:00+02:00,149.10274934555815,170.66
2026-07-23 23:30:00+02:00,147.3469132245826,166.94
2026-07-23 23:45:00+02:00,135.13015680869606,162.4
2026-07-24 00:00:00+02:00,159.87051124070013,168.22
2026-07-24 00:15:00+02:00,160.88607608545058,163.65
2026-07-24 00:30:00+02:00,154.7973227453095,160.58
2026-07-24 00:45:00+02:00,152.51688962609433,151.56
2026-07-24 01:00:00+02:00,156.7309175103854,162.69
2026-07-24 01:15:00+02:00,153.53156964682836,158.03
2026-07-24 01:30:00+02:00,146.71705468870908,155.89
2026-07-24 01:45:00+02:00,140.2472165538973,151.94
2026-07-24 02:00:00+02:00,145.23548700681616,155.26
2026-07-24 02:15:00+02:00,140.51462656530492,151.69
2026-07-24 02:30:00+02:00,139.97538553688048,150.67
2026-07-24 02:45:00+02:00,134.69154519452462,149.63
2026-07-24 03:00:00+02:00,137.95755787147354,156.19
2026-07-24 03:15:00+02:00,137.22539580406217,153.21
2026-07-24 03:30:00+02:00,136.1131931127435,151.78
2026-07-24 03:45:00+02:00,134.79367101189862,152.13
2026-07-24 04:00:00+02:00,139.2837001597795,150.58
2026-07-24 04:15:00+02:00,135.09976583426663,152.91
2026-07-24 04:30:00+02:00,137.86605884086833,153.93
2026-07-24 04:45:00+02:00,140.93314885054946,165.22
2026-07-24 05:00:00+02:00,141.25181432622475,152.92
2026-07-24 05:15:00+02:00,143.47736587067962,158.44
2026-07-24 05:30:00+02:00,146.90223268656143,164.71
2026-07-24 05:45:00+02:00,148.9094028081201,168.6
2026-07-24 06:00:00+02:00,157.13737041981162,167.75
2026-07-24 06:15:00+02:00,159.57258223093538,176.4
2026-07-24 06:30:00+02:00,158.36532138336773,174.67
2026-07-24 06:45:00+02:00,153.54561437403362,171.34
2026-07-24 07:00:00+02:00,167.09739869310695,177.93
2026-07-24 07:15:00+02:00,157.2119241941923,172.09
2026-07-24 07:30:00+02:00,159.02984674636974,167.0
2026-07-24 07:45:00+02:00,140.96928254303236,152.53
2026-07-24 08:00:00+02:00,169.3897403178124,174.0
2026-07-24 08:15:00+02:00,152.21470836008052,166.76
2026-07-24 08:30:00+02:00,143.1522991723257,159.3
2026-07-24 08:45:00+02:00,127.26809643706495,139.93
2026-07-24 09:00:00+02:00,144.7762205445891,169.66
2026-07-24 09:15:00+02:00,130.9336645650013,133.6
2026-07-24 09:30:00+02:00,109.52816078741668,116.06
2026-07-24 09:45:00+02:00,94.90038922976157,111.09
2026-07-24 10:00:00+02:00,109.9037597847209,116.41
2026-07-24 10:15:00+02:00,90.01158154046905,106.02
2026-07-24 10:30:00+02:00,85.94571121154137,98.58
2026-07-24 10:45:00+02:00,73.15363504568082,88.25
2026-07-24 11:00:00+02:00,84.8513310381536,86.08
2026-07-24 11:15:00+02:00,77.04577215454361,77.2
2026-07-24 11:30:00+02:00,59.96603694292952,74.12
2026-07-24 11:45:00+02:00,44.68370428868042,65.25
2026-07-24 12:00:00+02:00,44.16216139498569,65.15
2026-07-24 12:15:00+02:00,31.21651417493182,50.97
2026-07-24 12:30:00+02:00,20.528164751421667,37.8
2026-07-24 12:45:00+02:00,15.521910538112124,25.05
2026-07-24 13:00:00+02:00,12.453180650370225,36.1
2026-07-24 13:15:00+02:00,7.397026474480082,22.9
2026-07-24 13:30:00+02:00,2.4823591133075853,16.89
2026-07-24 13:45:00+02:00,1.2097212327230422,8.21
2026-07-24 14:00:00+02:00,6.60675665887035,6.01
2026-07-24 14:15:00+02:00,7.396880015807184,5.2
2026-07-24 14:30:00+02:00,6.751333347618337,5.85
2026-07-24 14:45:00+02:00,8.897549354969245,8.88
2026-07-24 15:00:00+02:00,3.21977864515327,3.23
2026-07-24 15:15:00+02:00,10.2102077671756,4.7
2026-07-24 15:30:00+02:00,17.303494365626182,17.13
2026-07-24 15:45:00+02:00,35.41412396983953,32.1
2026-07-24 16:00:00+02:00,17.323899909258316,32.07
2026-07-24 16:15:00+02:00,37.744726787196335,60.07
2026-07-24 16:30:00+02:00,51.55590071347105,81.52
2026-07-24 16:45:00+02:00,82.26539902599625,102.2
2026-07-24 17:00:00+02:00,73.46883552484594,77.07
2026-07-24 17:15:00+02:00,106.85475638737495,112.18
2026-07-24 17:30:00+02:00,120.92918985967324,125.2
2026-07-24 17:45:00+02:00,137.59097517098968,141.62
2026-07-24 18:00:00+02:00,114.74057868727581,127.09
2026-07-24 18:15:00+02:00,134.234913261541,147.56
2026-07-24 18:30:00+02:00,146.30235304772773,163.05
2026-07-24 18:45:00+02:00,158.5250462591623,180.96
2026-07-24 19:00:00+02:00,144.70733262323395,149.16
2026-07-24 19:15:00+02:00,153.94964002890978,176.2
2026-07-24 19:30:00+02:00,160.32841267897234,190.23
2026-07-24 19:45:00+02:00,195.50041346305312,204.95
2026-07-24 20:00:00+02:00,169.7286763099907,188.24
2026-07-24 20:15:00+02:00,188.41519446701454,194.07
2026-07-24 20:30:00+02:00,196.0126588786529,205.89
2026-07-24 20:45:00+02:00,209.11428455495033,211.97
2026-07-24 21:00:00+02:00,193.8521743024663,209.26
2026-07-24 21:15:00+02:00,187.6005718309014,206.84
2026-07-24 21:30:00+02:00,185.21551169016573,201.25
2026-07-24 21:45:00+02:00,176.365246897429,195.34
2026-07-24 22:00:00+02:00,193.13467466506407,207.44
2026-07-24 22:15:00+02:00,172.70299994147283,197.49
2026-07-24 22:30:00+02:00,164.24002074934145,188.64
2026-07-24 22:45:00+02:00,161.03813169309205,184.5
2026-07-24 23:00:00+02:00,164.0340174778229,185.48
2026-07-24 23:15:00+02:00,158.6748424572969,183.0
2026-07-24 23:30:00+02:00,152.75896913909418,181.31
2026-07-24 23:45:00+02:00,154.11459578500452,170.67
2026-07-25 00:00:00+02:00,173.15658951636223,175.92
2026-07-25 00:15:00+02:00,159.28930273418484,168.63
2026-07-25 00:30:00+02:00,153.92724049546555,165.98
2026-07-25 00:45:00+02:00,147.18296780573712,158.01
2026-07-25 01:00:00+02:00,156.08062295103372,170.01
2026-07-25 01:15:00+02:00,152.6827516909682,156.79
2026-07-25 01:30:00+02:00,150.4797323255641,161.32
2026-07-25 01:45:00+02:00,145.09384202300993,158.32
2026-07-25 02:00:00+02:00,150.67650061595685,162.0
2026-07-25 02:15:00+02:00,145.642144234519,158.72
2026-07-25 02:30:00+02:00,143.59451464305067,162.25
2026-07-25 02:45:00+02:00,141.7057376317927,158.74
2026-07-25 03:00:00+02:00,143.00770781939653,162.0
2026-07-25 03:15:00+02:00,141.71143400324723,161.32
2026-07-25 03:30:00+02:00,137.7805581198508,160.98
2026-07-25 03:45:00+02:00,138.34886118552998,155.11
2026-07-25 04:00:00+02:00,140.33421832408789,156.89
2026-07-25 04:15:00+02:00,142.2655918838335,151.99
2026-07-25 04:30:00+02:00,142.46192713925763,149.4
2026-07-25 04:45:00+02:00,140.54461382911643,149.77
2026-07-25 05:00:00+02:00,144.375429573995,150.12
2026-07-25 05:15:00+02:00,134.48072190334716,147.0
2026-07-25 05:30:00+02:00,132.61404108657334,147.84
2026-07-25 05:45:00+02:00,137.52908170156041,140.05
2026-07-25 06:00:00+02:00,135.73096851739626,157.71
2026-07-25 06:15:00+02:00,145.51017059060044,136.12
2026-07-25 06:30:00+02:00,139.76134961759047,130.01
2026-07-25 06:45:00+02:00,127.6094684168077,117.68
2026-07-25 07:00:00+02:00,149.59645815890616,136.39
2026-07-25 07:15:00+02:00,135.04876199294458,119.99
2026-07-25 07:30:00+02:00,126.96940980856913,107.52
2026-07-25 07:45:00+02:00,105.29264943856239,97.32
2026-07-25 08:00:00+02:00,137.58964813218392,122.67
2026-07-25 08:15:00+02:00,120.65923896416021,102.71
2026-07-25 08:30:00+02:00,98.45912088872096,79.93
2026-07-25 08:45:00+02:00,72.48999725267879,28.73
2026-07-25 09:00:00+02:00,97.43595642707214,39.61
2026-07-25 09:15:00+02:00,64.69416961776412,5.05
2026-07-25 09:30:00+02:00,39.475966514882415,0.01
2026-07-25 09:45:00+02:00,22.6047817982802,0.0
2026-07-25 10:00:00+02:00,30.026766876777174,0.0
2026-07-25 10:15:00+02:00,18.22808087266185,-0.01
2026-07-25 10:30:00+02:00,16.168583238463626,-0.07
2026-07-25 10:45:00+02:00,3.6633263295776217,-0.39
2026-07-25 11:00:00+02:00,2.863759456280718,-0.82
2026-07-25 11:15:00+02:00,2.042435909544949,-1.19
2026-07-25 11:30:00+02:00,2.3919573355029904,-3.41
2026-07-25 11:45:00+02:00,0.5236559218568999,-5.01
2026-07-25 12:00:00+02:00,4.590869816342753,-4.82
2026-07-25 12:15:00+02:00,2.2049321721399817,-5.0
2026-07-25 12:30:00+02:00,3.2106667493720007,-5.54
2026-07-25 12:45:00+02:00,-1.3329668917219264,-8.46
2026-07-25 13:00:00+02:00,1.9200814066609668,-7.99
2026-07-25 13:15:00+02:00,-3.461577971109268,-9.98
2026-07-25 13:30:00+02:00,-5.676436349253974,-10.44
2026-07-25 13:45:00+02:00,-5.846313460443362,-11.38
2026-07-25 14:00:00+02:00,-4.510034747342541,-15.01
2026-07-25 14:15:00+02:00,-6.198034559244238,-14.31
2026-07-25 14:30:00+02:00,-4.410482407965199,-11.81
2026-07-25 14:45:00+02:00,-2.0411216417136626,-7.99
2026-07-25 15:00:00+02:00,-4.4738766941095784,-6.47
2026-07-25 15:15:00+02:00,-0.6765737588874181,-3.72
2026-07-25 15:30:00+02:00,1.3850463658020775,-2.01
2026-07-25 15:45:00+02:00,2.9583544613973523,-1.21
2026-07-25 16:00:00+02:00,2.9539684201247187,-1.06
2026-07-25 16:15:00+02:00,5.536216589179567,-0.12
2026-07-25 16:30:00+02:00,-3.6806635157863354,-0.09
2026-07-25 16:45:00+02:00,1.2994947372442596,-0.01
2026-07-25 17:00:00+02:00,4.560251088838967,-0.01
2026-07-25 17:15:00+02:00,31.957419290921997,0.0
2026-07-25 17:30:00+02:00,37.278692357505236,2.59
2026-07-25 17:45:00+02:00,91.06800257099098,42.42
2026-07-25 18:00:00+02:00,58.281821936864496,21.95
2026-07-25 18:15:00+02:00,106.89295937718876,99.1
2026-07-25 18:30:00+02:00,131.63841251186093,119.75
2026-07-25 18:45:00+02:00,139.6406564394792,139.98
2026-07-25 19:00:00+02:00,125.37205354592635,138.92
2026-07-25 19:15:00+02:00,138.04723873401332,150.0
2026-07-25 19:30:00+02:00,139.45376049627154,163.89
2026-07-25 19:45:00+02:00,147.22577999632665,176.87
2026-07-25 20:00:00+02:00,150.0030935500505,163.01
2026-07-25 20:15:00+02:00,150.34532953448942,172.99
2026-07-25 20:30:00+02:00,154.73716297815938,173.49
2026-07-25 20:45:00+02:00,159.90737317151584,171.75
2026-07-25 21:00:00+02:00,151.37324915400873,174.48
2026-07-25 21:15:00+02:00,154.7298139999092,171.54
2026-07-25 21:30:00+02:00,167.2929847915124,165.5
2026-07-25 21:45:00+02:00,168.12045773969479,164.78
2026-07-25 22:00:00+02:00,163.6164609243975,173.22
2026-07-25 22:15:00+02:00,164.20746684996982,165.16
2026-07-25 22:30:00+02:00,161.13131767691735,164.99
2026-07-25 22:45:00+02:00,155.54939136300666,158.56
2026-07-25 23:00:00+02:00,155.39250518573098,166.84
2026-07-25 23:15:00+02:00,150.99137126978817,160.33
2026-07-25 23:30:00+02:00,147.1765386364296,160.64
2026-07-25 23:45:00+02:00,141.6472167893974,152.19
2026-07-26 00:00:00+02:00,151.94085513545497,148.59
2026-07-26 00:15:00+02:00,144.8404862203074,154.88
2026-07-26 00:30:00+02:00,139.16386500288866,154.92
2026-07-26 00:45:00+02:00,132.5649744487126,153.73
2026-07-26 01:00:00+02:00,137.05973030282837,150.01
2026-07-26 01:15:00+02:00,137.0273564418237,148.82
2026-07-26 01:30:00+02:00,137.11902766713348,143.68
2026-07-26 01:45:00+02:00,131.65975345463207,143.31
2026-07-26 02:00:00+02:00,139.78212281730094,145.58
2026-07-26 02:15:00+02:00,133.8381905563731,147.15
2026-07-26 02:30:00+02:00,131.69098681101403,148.84
2026-07-26 02:45:00+02:00,130.50585064754767,150.53
2026-07-26 03:00:00+02:00,126.2910296473006,149.01
2026-07-26 03:15:00+02:00,125.37510946560855,156.83
2026-07-26 03:30:00+02:00,124.21395866040014,155.54
2026-07-26 03:45:00+02:00,121.7699382944516,152.99
2026-07-26 04:00:00+02:00,130.57994812742592,154.24
2026-07-26 04:15:00+02:00,125.95656495473955,146.32
2026-07-26 04:30:00+02:00,123.3960719547629,144.84
2026-07-26 04:45:00+02:00,122.93447303312261,142.92
2026-07-26 05:00:00+02:00,129.07199993055266,139.91
2026-07-26 05:15:00+02:00,123.4879148023351,139.83
2026-07-26 05:30:00+02:00,122.42795926040716,137.98
2026-07-26 05:45:00+02:00,117.82858793898802,134.25
2026-07-26 06:00:00+02:00,125.70780130860037,134.87
2026-07-26 06:15:00+02:00,122.37553296093495,127.87
2026-07-26 06:30:00+02:00,117.72758904973479,122.77
2026-07-26 06:45:00+02:00,111.15030198478627,113.94
2026-07-26 07:00:00+02:00,118.83831687323767,120.34
2026-07-26 07:15:00+02:00,109.52317093812249,114.25
2026-07-26 07:30:00+02:00,97.93424680825376,107.52
2026-07-26 07:45:00+02:00,82.68203787665652,98.6
2026-07-26 08:00:00+02:00,109.02320941121579,111.17
2026-07-26 08:15:00+02:00,82.32777261342409,102.28
2026-07-26 08:30:00+02:00,74.78309495574359,89.05
2026-07-26 08:45:00+02:00,27.723380660895785,72.54
2026-07-26 09:00:00+02:00,74.72815587613339,95.05
2026-07-26 09:15:00+02:00,37.94108061254252,71.77
2026-07-26 09:30:00+02:00,20.280116884296262,43.87
2026-07-26 09:45:00+02:00,18.71542785746786,10.04
2026-07-26 10:00:00+02:00,24.946964217109695,22.85
2026-07-26 10:15:00+02:00,30.72518593358992,5.64
2026-07-26 10:30:00+02:00,18.851317588669772,0.07
2026-07-26 10:45:00+02:00,3.349903709580886,0.0
2026-07-26 11:00:00+02:00,6.876740218158915,0.0
2026-07-26 11:15:00+02:00,-0.5125778138430306,0.0
2026-07-26 11:30:00+02:00,-2.8807793386373817,-0.01
2026-07-26 11:45:00+02:00,-0.3136776156648491,-0.01
2026-07-26 12:00:00+02:00,-3.8555566007849684,-0.05
2026-07-26 12:15:00+02:00,-5.647543457403923,-0.06
2026-07-26 12:30:00+02:00,-3.223154077287031,-0.08
2026-07-26 12:45:00+02:00,-5.181748833155514,-0.11
2026-07-26 13:00:00+02:00,-5.148166037654374,-0.12
2026-07-26 13:15:00+02:00,-4.535550375935423,-0.12
2026-07-26 13:30:00+02:00,-5.825011280305157,-0.12
2026-07-26 13:45:00+02:00,-6.965227277005507,-0.71
2026-07-26 14:00:00+02:00,-5.318789385725488,-0.7
2026-07-26 14:15:00+02:00,-1.2622546911637587,-0.66
2026-07-26 14:30:00+02:00,-1.1292360475309255,-0.66
2026-07-26 14:45:00+02:00,-2.801394614953874,-0.66
2026-07-26 15:00:00+02:00,-1.15239835884001,-0.82
2026-07-26 15:15:00+02:00,-1.63094987723425,-0.85
2026-07-26 15:30:00+02:00,-2.6671284185422195,-0.89
2026-07-26 15:45:00+02:00,-5.188827977011098,-0.88
2026-07-26 16:00:00+02:00,-2.6783897184818652,-0.07
2026-07-26 16:15:00+02:00,3.06647678434728,-0.01
2026-07-26 16:30:00+02:00,0.8915697994392673,0.0
2026-07-26 16:45:00+02:00,-1.2188957174487314,3.53
2026-07-26 17:00:00+02:00,-1.0085485800013885,5.25
2026-07-26 17:15:00+02:00,7.376658372025219,35.76
2026-07-26 17:30:00+02:00,17.0983039906327,62.92
2026-07-26 17:45:00+02:00,71.24587484795728,103.36
2026-07-26 18:00:00+02:00,31.262848520103958,79.45
2026-07-26 18:15:00+02:00,88.90290413112822,110.7
2026-07-26 18:30:00+02:00,111.55512777076044,119.87
2026-07-26 18:45:00+02:00,139.21985935500135,126.98
2026-07-26 19:00:00+02:00,119.00141618907563,130.39
2026-07-26 19:15:00+02:00,132.9056359035633,138.36
2026-07-26 19:30:00+02:00,137.49458145304772,141.97
2026-07-26 19:45:00+02:00,144.86835633895237,146.44
2026-07-26 20:00:00+02:00,137.5931547165071,144.94
2026-07-26 20:15:00+02:00,143.5263112640748,152.74
2026-07-26 20:30:00+02:00,143.99277386337536,152.82
2026-07-26 20:45:00+02:00,152.40289361230106,156.23
2026-07-26 21:00:00+02:00,150.6834532814283,156.05
2026-07-26 21:15:00+02:00,145.0371488217188,152.17
2026-07-26 21:30:00+02:00,149.843253970414,148.6
2026-07-26 21:45:00+02:00,143.64467174000254,146.95
2026-07-26 22:00:00+02:00,155.84248642012463,154.96
2026-07-26 22:15:00+02:00,142.57966043395788,149.21
2026-07-26 22:30:00+02:00,148.6112805424587,147.98
2026-07-26 22:45:00+02:00,138.45649830212204,139.84
2026-07-26 23:00:00+02:00,147.39269084294776,145.35
2026-07-26 23:15:00+02:00,133.18831959522893,138.09
2026-07-26 23:30:00+02:00,131.8672969328652,136.73
2026-07-26 23:45:00+02:00,130.67564518647984,127.01
2026-07-27 00:00:00+02:00,130.78261749878038,84.26
2026-07-27 00:15:00+02:00,122.85642289460031,88.77
2026-07-27 00:30:00+02:00,116.98756066562763,86.68
2026-07-27 00:45:00+02:00,110.09242427647646,84.46
2026-07-27 01:00:00+02:00,120.0049618569634,82.4
2026-07-27 01:15:00+02:00,109.56248407317555,75.45
2026-07-27 01:30:00+02:00,108.29646534755894,68.95
2026-07-27 01:45:00+02:00,103.49056170078713,55.83
2026-07-27 02:00:00+02:00,100.63240984685478,60.82
2026-07-27 02:15:00+02:00,100.8995108014981,50.8
2026-07-27 02:30:00+02:00,101.44325527174196,72.21
2026-07-27 02:45:00+02:00,98.09984359188086,62.97
2026-07-27 03:00:00+02:00,104.20908039520563,69.26
2026-07-27 03:15:00+02:00,100.6502763522647,60.42
2026-07-27 03:30:00+02:00,104.08763983797311,59.72
2026-07-27 03:45:00+02:00,94.0179118183357,61.15
2026-07-27 04:00:00+02:00,98.76521628400556,66.38
2026-07-27 04:15:00+02:00,97.38287492083742,66.52
2026-07-27 04:30:00+02:00,102.15366710212047,66.8
2026-07-27 04:45:00+02:00,100.64455622038193,85.0
2026-07-27 05:00:00+02:00,107.72065559725938,60.43
2026-07-27 05:15:00+02:00,99.28951174666616,86.66
2026-07-27 05:30:00+02:00,98.45751181189684,100.99
2026-07-27 05:45:00+02:00,102.99484066636467,116.0
2026-07-27 06:00:00+02:00,110.27747089156313,102.69
2026-07-27 06:15:00+02:00,113.28425343507729,116.63
2026-07-27 06:30:00+02:00,117.98165444398438,121.24
2026-07-27 06:45:00+02:00,113.48826072061041,129.67
2026-07-27 07:00:00+02:00,130.07179322805482,133.85
2026-07-27 07:15:00+02:00,119.6050416313885,132.87
2026-07-27 07:30:00+02:00,114.7181211101202,125.74
2026-07-27 07:45:00+02:00,108.18905276533266,123.44
2026-07-27 08:00:00+02:00,127.17207915318363,141.48
2026-07-27 08:15:00+02:00,118.70404944186136,130.69
2026-07-27 08:30:00+02:00,108.13173954309494,111.85
2026-07-27 08:45:00+02:00,98.06936235533048,91.88
2026-07-27 09:00:00+02:00,120.2148479399484,107.83
2026-07-27 09:15:00+02:00,96.78680860109041,87.45
2026-07-27 09:30:00+02:00,60.49175554121767,72.2
2026-07-27 09:45:00+02:00,41.37634965631272,32.26
2026-07-27 10:00:00+02:00,47.17908048935563,55.3
2026-07-27 10:15:00+02:00,45.61987333892467,19.75
2026-07-27 10:30:00+02:00,32.14762104437843,15.16
2026-07-27 10:45:00+02:00,18.847737102886917,4.94
2026-07-27 11:00:00+02:00,25.432256928379623,3.45
2026-07-27 11:15:00+02:00,13.59143521079092,0.45
2026-07-27 11:30:00+02:00,8.611588659193547,0.02
2026-07-27 11:45:00+02:00,13.515783959995444,0.0
2026-07-27 12:00:00+02:00,17.205648689416133,0.0
2026-07-27 12:15:00+02:00,6.153063370507925,-0.01
2026-07-27 12:30:00+02:00,2.835699774197506,-0.01
2026-07-27 12:45:00+02:00,-0.31738838673459036,-0.02
2026-07-27 13:00:00+02:00,1.341594184496575,-0.01
2026-07-27 13:15:00+02:00,0.8961439709569095,-0.03
2026-07-27 13:30:00+02:00,1.2888728269396972,-0.07
2026-07-27 13:45:00+02:00,0.7291424360773266,-0.48
2026-07-27 14:00:00+02:00,1.325023675662783,-0.87
2026-07-27 14:15:00+02:00,2.895018231060227,-1.0
2026-07-27 14:30:00+02:00,0.01487660970767024,-0.7
2026-07-27 14:45:00+02:00,1.1555796691183944,-0.25
2026-07-27 15:00:00+02:00,-0.6072663622505714,-0.12
2026-07-27 15:15:00+02:00,-2.9560276973518134,-0.09
2026-07-27 15:30:00+02:00,-5.219369000965612,-0.05
2026-07-27 15:45:00+02:00,-5.3733260978587865,-0.06
2026-07-27 16:00:00+02:00,-5.653066777226439,-0.04
2026-07-27 16:15:00+02:00,-6.503364355666477,-0.01
2026-07-27 16:30:00+02:00,6.451677877107052,-0.01
2026-07-27 16:45:00+02:00,15.449600240388264,0.01
2026-07-27 17:00:00+02:00,20.307635654123487,0.01
2026-07-27 17:15:00+02:00,24.315450510267794,2.88
2026-07-27 17:30:00+02:00,33.836492635573194,10.1
2026-07-27 17:45:00+02:00,95.6838780737159,44.62
2026-07-27 18:00:00+02:00,66.28620492159952,50.37
2026-07-27 18:15:00+02:00,70.00972424924724,91.19
2026-07-27 18:30:00+02:00,111.58499781946804,113.61
2026-07-27 18:45:00+02:00,147.2896671873933,133.99
2026-07-27 19:00:00+02:00,119.23078322724552,120.01
2026-07-27 19:15:00+02:00,144.4299955016478,147.93
2026-07-27 19:30:00+02:00,154.7447977246628,154.58
2026-07-27 19:45:00+02:00,167.23204544204972,174.0
2026-07-27 20:00:00+02:00,153.07788980669835,155.6
2026-07-27 20:15:00+02:00,160.47559026007974,172.2
2026-07-27 20:30:00+02:00,165.23653555282465,180.04
2026-07-27 20:45:00+02:00,164.9968755363292,187.05
2026-07-27 21:00:00+02:00,165.57645042551783,183.1
2026-07-27 21:15:00+02:00,158.7129916241348,181.08
2026-07-27 21:30:00+02:00,167.0665490930483,178.93
2026-07-27 21:45:00+02:00,167.623282085016,172.87
2026-07-27 22:00:00+02:00,171.86675865333353,180.23
2026-07-27 22:15:00+02:00,171.41072285503472,173.14
2026-07-27 22:30:00+02:00,162.1679278476554,174.5
2026-07-27 22:45:00+02:00,152.89545752978586,156.56
2026-07-27 23:00:00+02:00,159.27062168849605,161.31
2026-07-27 23:15:00+02:00,150.935010638081,161.03
2026-07-27 23:30:00+02:00,149.52411183042526,160.83
2026-07-27 23:45:00+02:00,141.13483558897732,148.78
2026-07-28 00:00:00+02:00,153.61127560228084,178.01
2026-07-28 00:15:00+02:00,149.0807746578765,169.91
2026-07-28 00:30:00+02:00,136.4722493787357,152.34
2026-07-28 00:45:00+02:00,135.36527058631034,143.75
2026-07-28 01:00:00+02:00,140.35470530400067,154.96
2026-07-28 01:15:00+02:00,138.46957642790738,149.56
2026-07-28 01:30:00+02:00,134.83490781257518,145.28
2026-07-28 01:45:00+02:00,133.9377469158771,143.43
2026-07-28 02:00:00+02:00,139.21849223434432,147.09
2026-07-28 02:15:00+02:00,137.04399552899488,141.52
2026-07-28 02:30:00+02:00,135.75719022747148,138.91
2026-07-28 02:45:00+02:00,133.79126879888832,137.8
2026-07-28 03:00:00+02:00,135.81164621478322,136.5
2026-07-28 03:15:00+02:00,135.3005854332555,136.25
2026-07-28 03:30:00+02:00,136.4862921813254,135.16
2026-07-28 03:45:00+02:00,138.19243151650446,135.57
2026-07-28 04:00:00+02:00,134.80941686441167,133.25
2026-07-28 04:15:00+02:00,135.580226741066,135.87
2026-07-28 04:30:00+02:00,140.2719608824181,141.35
2026-07-28 04:45:00+02:00,139.91866142918641,149.27
2026-07-28 05:00:00+02:00,138.7350337483538,140.53
2026-07-28 05:15:00+02:00,138.06580000597936,143.75
2026-07-28 05:30:00+02:00,144.52421837557503,154.19
2026-07-28 05:45:00+02:00,148.39123166122152,160.5
2026-07-28 06:00:00+02:00,154.7171870252936,165.45
2026-07-28 06:15:00+02:00,155.65512446216283,174.29
2026-07-28 06:30:00+02:00,151.79119601662816,170.33
2026-07-28 06:45:00+02:00,145.31746546692878,160.15
2026-07-28 07:00:00+02:00,158.8248285450013,177.04
2026-07-28 07:15:00+02:00,148.3013285597223,167.39
2026-07-28 07:30:00+02:00,146.1639408160725,156.72
2026-07-28 07:45:00+02:00,127.00622761883487,147.95
2026-07-28 08:00:00+02:00,157.1588728412181,165.67
2026-07-28 08:15:00+02:00,142.34788666057347,152.28
2026-07-28 08:30:00+02:00,120.02623942192697,143.43
2026-07-28 08:45:00+02:00,96.39529626081298,115.26
2026-07-28 09:00:00+02:00,122.4168680777113,160.11
2026-07-28 09:15:00+02:00,99.30558246252372,115.62
2026-07-28 09:30:00+02:00,84.97603464316335,94.8
2026-07-28 09:45:00+02:00,80.05070238879537,65.56
2026-07-28 10:00:00+02:00,87.21983724406178,85.32
2026-07-28 10:15:00+02:00,68.99979304001971,41.74
2026-07-28 10:30:00+02:00,58.10528731350814,15.06
2026-07-28 10:45:00+02:00,36.692483844607004,4.95
2026-07-28 11:00:00+02:00,41.104902534481155,7.61
2026-07-28 11:15:00+02:00,28.3203211489492,4.45
2026-07-28 11:30:00+02:00,17.368479746620025,1.66
2026-07-28 11:45:00+02:00,18.47595815103891,0.0
2026-07-28 12:00:00+02:00,21.563952097715543,0.0
2026-07-28 12:15:00+02:00,18.739551172769442,-0.01
2026-07-28 12:30:00+02:00,13.423224834342179,-0.01
2026-07-28 12:45:00+02:00,5.519118207892998,-0.03
2026-07-28 13:00:00+02:00,13.734882087886264,-0.01
2026-07-28 13:15:00+02:00,9.604277329663109,-0.05
2026-07-28 13:30:00+02:00,4.220932123904845,-0.1
2026-07-28 13:45:00+02:00,2.53644140079863,-0.19
2026-07-28 14:00:00+02:00,3.7443323401808604,-0.09
2026-07-28 14:15:00+02:00,6.023914066966287,-0.03
2026-07-28 14:30:00+02:00,7.694569536797943,0.0
2026-07-28 14:45:00+02:00,7.679660908959107,0.0
2026-07-28 15:00:00+02:00,7.457050001928202,0.0
2026-07-28 15:15:00+02:00,7.255615784597789,0.91
2026-07-28 15:30:00+02:00,16.4653821987586,2.66
2026-07-28 15:45:00+02:00,32.880953636700056,10.04
2026-07-28 16:00:00+02:00,18.278321710420077,4.26
2026-07-28 16:15:00+02:00,36.53035127379438,15.48
2026-07-28 16:30:00+02:00,58.369811004835256,61.68
2026-07-28 16:45:00+02:00,91.75481674915116,97.54
2026-07-28 17:00:00+02:00,55.37727146245136,60.03
2026-07-28 17:15:00+02:00,83.26443058570213,101.86
2026-07-28 17:30:00+02:00,122.00140682249082,120.25
2026-07-28 17:45:00+02:00,137.68977318762515,148.37
2026-07-28 18:00:00+02:00,99.61180917908183,125.01
2026-07-28 18:15:00+02:00,128.88791563904493,156.96
2026-07-28 18:30:00+02:00,151.65112309836874,167.25
2026-07-28 18:45:00+02:00,162.97056502930008,178.67
2026-07-28 19:00:00+02:00,162.37515336567256,174.9
2026-07-28 19:15:00+02:00,185.5746327035613,187.15
2026-07-28 19:30:00+02:00,212.1689338950059,202.71
2026-07-28 19:45:00+02:00,242.26619067185538,230.67
2026-07-28 20:00:00+02:00,280.7382083423587,200.87
2026-07-28 20:15:00+02:00,321.3986081630868,208.01
2026-07-28 20:30:00+02:00,336.4722357820947,219.85
2026-07-28 20:45:00+02:00,289.4734660316383,238.29
2026-07-28 21:00:00+02:00,309.1653284635975,219.99
2026-07-28 21:15:00+02:00,245.57849018090337,213.91
2026-07-28 21:30:00+02:00,219.43940584994158,205.71
2026-07-28 21:45:00+02:00,198.08389012037466,200.1
2026-07-28 22:00:00+02:00,230.5269241453909,210.79
2026-07-28 22:15:00+02:00,189.1233925063119,197.06
2026-07-28 22:30:00+02:00,180.22160556233513,187.55
2026-07-28 22:45:00+02:00,169.28978659360487,180.43
2026-07-28 23:00:00+02:00,170.84550290101498,188.33
2026-07-28 23:15:00+02:00,164.78962600282026,173.99
2026-07-28 23:30:00+02:00,167.1097067712242,165.95
2026-07-28 23:45:00+02:00,153.79718857783172,160.78
2026-07-29 00:00:00+02:00,169.997278651982,170.39
2026-07-29 00:15:00+02:00,165.82635368383515,158.08
2026-07-29 00:30:00+02:00,156.5852714101898,154.26
2026-07-29 00:45:00+02:00,151.0185717265265,144.3
2026-07-29 01:00:00+02:00,158.86389433031093,155.48
2026-07-29 01:15:00+02:00,153.85761305993938,150.5
2026-07-29 01:30:00+02:00,153.51183460984979,146.95
2026-07-29 01:45:00+02:00,149.89870140745475,140.87
2026-07-29 02:00:00+02:00,150.52167814331727,140.9
2026-07-29 02:15:00+02:00,150.31307371226586,138.32
2026-07-29 02:30:00+02:00,145.38735414677015,135.71
2026-07-29 02:45:00+02:00,143.19591394447227,133.9
2026-07-29 03:00:00+02:00,148.72408860540096,135.01
2026-07-29 03:15:00+02:00,146.39873168408522,135.15
2026-07-29 03:30:00+02:00,144.13483439893523,135.03
2026-07-29 03:45:00+02:00,143.68387111093554,134.82
2026-07-29 04:00:00+02:00,144.511736820925,134.22
2026-07-29 04:15:00+02:00,142.35162082627926,138.11
2026-07-29 04:30:00+02:00,145.25710952902182,141.35
2026-07-29 04:45:00+02:00,149.66215093218096,147.63
2026-07-29 05:00:00+02:00,144.102705429799,137.93
2026-07-29 05:15:00+02:00,146.9600524556095,142.48
2026-07-29 05:30:00+02:00,153.4972864102873,151.3
2026-07-29 05:45:00+02:00,156.20984022057078,162.33
2026-07-29 06:00:00+02:00,165.38383917385005,160.56
2026-07-29 06:15:00+02:00,169.26341072667108,171.28
2026-07-29 06:30:00+02:00,168.60450772394535,171.75
2026-07-29 06:45:00+02:00,160.6116947577574,170.7
2026-07-29 07:00:00+02:00,176.46320763831852,172.87
2026-07-29 07:15:00+02:00,164.64068902548055,170.7
2026-07-29 07:30:00+02:00,156.999526551641,158.97
2026-07-29 07:45:00+02:00,144.68810815670713,141.84
2026-07-29 08:00:00+02:00,164.17496099195188,166.9
2026-07-29 08:15:00+02:00,155.39745602888576,151.19
2026-07-29 08:30:00+02:00,142.07578495224087,143.42
2026-07-29 08:45:00+02:00,119.79601652058199,123.18
2026-07-29 09:00:00+02:00,153.16033293603522,153.33
2026-07-29 09:15:00+02:00,125.17762336224371,124.78
2026-07-29 09:30:00+02:00,105.42807690897232,109.69
2026-07-29 09:45:00+02:00,95.84188921756413,100.64
2026-07-29 10:00:00+02:00,97.43586229132869,109.94
2026-07-29 10:15:00+02:00,68.81130956441011,101.6
2026-07-29 10:30:00+02:00,84.84287863749059,79.51
2026-07-29 10:45:00+02:00,73.78385054147364,50.1
2026-07-29 11:00:00+02:00,94.13589979910289,62.23
2026-07-29 11:15:00+02:00,76.19390397268106,32.8
2026-07-29 11:30:00+02:00,70.87515107803995,12.68
2026-07-29 11:45:00+02:00,63.472571446602814,8.43
2026-07-29 12:00:00+02:00,73.859169118804,5.02
2026-07-29 12:15:00+02:00,57.47466250345502,0.0
2026-07-29 12:30:00+02:00,44.82630615328571,-0.01
2026-07-29 12:45:00+02:00,23.936149367522436,-0.06
2026-07-29 13:00:00+02:00,34.47296354399941,-0.01
2026-07-29 13:15:00+02:00,24.03524080295446,-0.01
2026-07-29 13:30:00+02:00,12.512384724185242,-0.05
2026-07-29 13:45:00+02:00,6.178271956751443,-0.1
2026-07-29 14:00:00+02:00,11.851894199538423,-0.04
2026-07-29 14:15:00+02:00,11.384175873151593,-0.04
2026-07-29 14:30:00+02:00,13.776194619856586,-0.01
2026-07-29 14:45:00+02:00,14.503537869349316,0.0
2026-07-29 15:00:00+02:00,12.49359562238638,0.0
2026-07-29 15:15:00+02:00,15.66902219593751,0.74
2026-07-29 15:30:00+02:00,18.86156444713788,6.01
2026-07-29 15:45:00+02:00,43.97050183685816,22.75
2026-07-29 16:00:00+02:00,17.200882326664072,24.99
2026-07-29 16:15:00+02:00,46.23983897844488,73.59
2026-07-29 16:30:00+02:00,82.40205388099945,97.26
2026-07-29 16:45:00+02:00,99.67242010186985,109.56
2026-07-29 17:00:00+02:00,76.7420988744876,100.3
2026-07-29 17:15:00+02:00,109.60565949759683,115.38
2026-07-29 17:30:00+02:00,124.54153395852026,134.72
2026-07-29 17:45:00+02:00,145.24176401880953,150.97
2026-07-29 18:00:00+02:00,113.39186815017086,127.72
2026-07-29 18:15:00+02:00,143.8004106455929,148.84
2026-07-29 18:30:00+02:00,157.38446453940125,170.2
2026-07-29 18:45:00+02:00,172.63216054221488,202.5
2026-07-29 19:00:00+02:00,179.02771405855407,172.69
2026-07-29 19:15:00+02:00,185.42359878336072,204.82
2026-07-29 19:30:00+02:00,224.91825101089034,247.71
2026-07-29 19:45:00+02:00,245.99807512170077,352.36
2026-07-29 20:00:00+02:00,245.0336540693412,251.36
2026-07-29 20:15:00+02:00,245.77010149795086,265.97
2026-07-29 20:30:00+02:00,253.7088405582067,275.9
2026-07-29 20:45:00+02:00,243.73147277082415,261.36
2026-07-29 21:00:00+02:00,249.21966386216712,254.43
2026-07-29 21:15:00+02:00,221.09010452755518,225.09
2026-07-29 21:30:00+02:00,207.75546319974362,217.3
2026-07-29 21:45:00+02:00,213.7935067051102,202.0
2026-07-29 22:00:00+02:00,214.08988281085607,206.99
2026-07-29 22:15:00+02:00,208.03730880466185,198.3
2026-07-29 22:30:00+02:00,195.13490192742344,190.39
2026-07-29 22:45:00+02:00,184.5209062724022,176.02
2026-07-29 23:00:00+02:00,189.3588687270314,179.05
2026-07-29 23:15:00+02:00,183.37054016320994,173.72
2026-07-29 23:30:00+02:00,175.6822229605874,170.38
2026-07-29 23:45:00+02:00,162.41267296087184,146.1
2026-07-30 00:00:00+02:00,177.06415732986952,162.16
2026-07-30 00:15:00+02:00,163.86721289791006,152.0
2026-07-30 00:30:00+02:00,156.2406365881784,142.66
2026-07-30 00:45:00+02:00,146.50630180241419,142.2
2026-07-30 01:00:00+02:00,163.03954166018409,144.05
2026-07-30 01:15:00+02:00,150.96657415438554,141.88
2026-07-30 01:30:00+02:00,145.0647496092585,145.61
2026-07-30 01:45:00+02:00,138.64569293723432,138.0
2026-07-30 02:00:00+02:00,144.4133194510306,143.0
2026-07-30 02:15:00+02:00,139.5540124670243,142.63
2026-07-30 02:30:00+02:00,139.6074282916736,137.99
2026-07-30 02:45:00+02:00,134.77337055589078,136.37
2026-07-30 03:00:00+02:00,136.12016253878002,135.94
2026-07-30 03:15:00+02:00,134.14095899333986,135.0
2026-07-30 03:30:00+02:00,131.3862424682848,134.66
2026-07-30 03:45:00+02:00,128.1924758094343,136.52
2026-07-30 04:00:00+02:00,133.53880193819205,132.03
2026-07-30 04:15:00+02:00,134.36088161445412,132.36
2026-07-30 04:30:00+02:00,135.64672494057172,132.96
2026-07-30 04:45:00+02:00,141.71356531327226,133.54
2026-07-30 05:00:00+02:00,133.54247800410508,133.51
2026-07-30 05:15:00+02:00,137.71729327852586,133.85
2026-07-30 05:30:00+02:00,147.14855192425014,139.53
2026-07-30 05:45:00+02:00,158.6024760065543,143.54
2026-07-30 06:00:00+02:00,165.97711137316853,143.34
2026-07-30 06:15:00+02:00,163.57986628078578,151.75
2026-07-30 06:30:00+02:00,160.84704483903909,150.6
2026-07-30 06:45:00+02:00,161.92709541757358,148.15
2026-07-30 07:00:00+02:00,173.50714898274856,166.47
2026-07-30 07:15:00+02:00,165.33615714645825,153.95
2026-07-30 07:30:00+02:00,154.37264678632403,142.6
2026-07-30 07:45:00+02:00,132.47421673433382,127.96
2026-07-30 08:00:00+02:00,157.91748202498349,163.38
2026-07-30 08:15:00+02:00,137.04881670784516,146.05
2026-07-30 08:30:00+02:00,135.6018578548406,131.04
2026-07-30 08:45:00+02:00,110.66038882905525,115.71
2026-07-30 09:00:00+02:00,132.11765230989516,139.67
2026-07-30 09:15:00+02:00,109.04704897727693,122.81
2026-07-30 09:30:00+02:00,96.13498615982334,110.54
2026-07-30 09:45:00+02:00,81.18365369849509,99.44
2026-07-30 10:00:00+02:00,91.84226418241178,109.01
2026-07-30 10:15:00+02:00,80.96237193921701,94.27
2026-07-30 10:30:00+02:00,61.10930076783507,80.88
2026-07-30 10:45:00+02:00,28.532799443113266,55.84
2026-07-30 11:00:00+02:00,54.562802898560335,70.3
2026-07-30 11:15:00+02:00,34.807255026449795,35.96
2026-07-30 11:30:00+02:00,21.07264765033627,19.81
2026-07-30 11:45:00+02:00,12.5488622515645,12.33
2026-07-30 12:00:00+02:00,10.183569041647196,8.97
2026-07-30 12:15:00+02:00,18.188864752260994,8.0
2026-07-30 12:30:00+02:00,9.266469418928114,4.5
2026-07-30 12:45:00+02:00,5.083849429997674,3.94
2026-07-30 13:00:00+02:00,7.498224260449611,4.56
2026-07-30 13:15:00+02:00,8.761389268113007,2.31
2026-07-30 13:30:00+02:00,5.9628653090777295,1.38
2026-07-30 13:45:00+02:00,8.68090691909395,2.43
2026-07-30 14:00:00+02:00,12.530409167295321,4.18
2026-07-30 14:15:00+02:00,11.542271869167406,6.19
2026-07-30 14:30:00+02:00,14.492816314020821,16.36
2026-07-30 14:45:00+02:00,21.890203465010426,32.96
2026-07-30 15:00:00+02:00,11.587655670172742,40.04
2026-07-30 15:15:00+02:00,17.90664398583094,57.45
2026-07-30 15:30:00+02:00,20.360851937175504,69.11
2026-07-30 15:45:00+02:00,28.08321536885519,83.13
2026-07-30 16:00:00+02:00,13.755933889484815,73.54
2026-07-30 16:15:00+02:00,28.571266242008708,87.66
2026-07-30 16:30:00+02:00,46.73153244334257,106.5
2026-07-30 16:45:00+02:00,74.28433223039039,124.91
2026-07-30 17:00:00+02:00,52.369960822314994,105.84
2026-07-30 17:15:00+02:00,82.9065438711377,115.01
2026-07-30 17:30:00+02:00,101.21439805889588,131.76
2026-07-30 17:45:00+02:00,134.84079191675838,154.6
2026-07-30 18:00:00+02:00,109.97906872259499,130.34
2026-07-30 18:15:00+02:00,124.1215944423354,145.71
2026-07-30 18:30:00+02:00,129.66058606428845,160.56
2026-07-30 18:45:00+02:00,150.9152493465699,160.5
2026-07-30 19:00:00+02:00,142.1434345590581,149.9
2026-07-30 19:15:00+02:00,157.98141851719802,172.61
2026-07-30 19:30:00+02:00,166.85368649574224,181.2
2026-07-30 19:45:00+02:00,178.10332753191213,191.37
2026-07-30 20:00:00+02:00,168.20991042259357,183.7
2026-07-30 20:15:00+02:00,171.27194115325906,188.39
2026-07-30 20:30:00+02:00,173.78529889157915,199.44
2026-07-30 20:45:00+02:00,189.54851298315603,221.71
2026-07-30 21:00:00+02:00,174.3711463535539,218.14
2026-07-30 21:15:00+02:00,187.83386931328383,212.28
2026-07-30 21:30:00+02:00,185.4481650715148,203.9
2026-07-30 21:45:00+02:00,172.27183896473318,193.8
2026-07-30 22:00:00+02:00,185.2496128268499,201.3
2026-07-30 22:15:00+02:00,174.97295196550152,194.09
2026-07-30 22:30:00+02:00,167.25233473521962,187.25
2026-07-30 22:45:00+02:00,168.0993558831844,178.55
2026-07-30 23:00:00+02:00,165.93785005510543,181.29
2026-07-30 23:15:00+02:00,165.62207317845127,172.65
2026-07-30 23:30:00+02:00,161.93352464162012,169.78
2026-07-30 23:45:00+02:00,150.70819830920433,159.6
2026-07-31 00:00:00+02:00,170.20951084325623,177.28
2026-07-31 00:15:00+02:00,158.3354901958769,170.09
2026-07-31 00:30:00+02:00,155.47860075644687,164.6
2026-07-31 00:45:00+02:00,147.48317146826315,160.87
2026-07-31 01:00:00+02:00,158.57050005215655,172.99
2026-07-31 01:15:00+02:00,153.72617085632544,167.17
2026-07-31 01:30:00+02:00,150.6528341946706,157.61
2026-07-31 01:45:00+02:00,145.89777516464738,154.04
2026-07-31 02:00:00+02:00,153.07240543354368,157.15
2026-07-31 02:15:00+02:00,147.9704211895061,154.5
2026-07-31 02:30:00+02:00,142.9067021509619,154.05
2026-07-31 02:45:00+02:00,144.06544555001096,154.94
2026-07-31 03:00:00+02:00,148.4157517749117,153.96
2026-07-31 03:15:00+02:00,146.39230871092175,154.65
2026-07-31 03:30:00+02:00,145.53028892665972,154.01
2026-07-31 03:45:00+02:00,143.7150399757516,154.07
2026-07-31 04:00:00+02:00,145.33755549781458,154.91
2026-07-31 04:15:00+02:00,141.48215946997902,152.67
2026-07-31 04:30:00+02:00,141.36698075632694,156.78
2026-07-31 04:45:00+02:00,143.32690536059965,165.0
2026-07-31 05:00:00+02:00,141.58868384684143,154.3
2026-07-31 05:15:00+02:00,139.14924822522246,159.22
2026-07-31 05:30:00+02:00,148.2528497960635,173.89
2026-07-31 05:45:00+02:00,147.7743260578904,174.64
2026-07-31 06:00:00+02:00,161.86105237448598,172.04
2026-07-31 06:15:00+02:00,163.0936963668783,182.29
2026-07-31 06:30:00+02:00,151.71355207445657,183.6
2026-07-31 06:45:00+02:00,149.6293239823365,178.42
2026-07-31 07:00:00+02:00,170.2181447723225,187.3
2026-07-31 07:15:00+02:00,156.48210708048586,180.0
2026-07-31 07:30:00+02:00,150.5997074992219,172.61
2026-07-31 07:45:00+02:00,144.16029074171203,150.2
2026-07-31 08:00:00+02:00,142.8573368328412,182.6
2026-07-31 08:15:00+02:00,147.68983321437622,170.72
2026-07-31 08:30:00+02:00,142.1652005883694,153.29
2026-07-31 08:45:00+02:00,123.49258262934079,129.7
2026-07-31 09:00:00+02:00,155.22110116613715,159.97
2026-07-31 09:15:00+02:00,126.19182670854866,144.3
2026-07-31 09:30:00+02:00,113.17690138887708,129.15
2026-07-31 09:45:00+02:00,108.46182451415382,124.13
2026-07-31 10:00:00+02:00,119.16430140182699,135.42
2026-07-31 10:15:00+02:00,112.84335258127385,128.59
2026-07-31 10:30:00+02:00,107.44778327401139,112.6
2026-07-31 10:45:00+02:00,95.06540576590857,101.81
2026-07-31 11:00:00+02:00,104.33819346327292,113.8
2026-07-31 11:15:00+02:00,94.25605607367783,99.94
2026-07-31 11:30:00+02:00,91.81326244724886,98.75
2026-07-31 11:45:00+02:00,88.48063437691766,92.19
2026-07-31 12:00:00+02:00,91.34206680274676,97.71
2026-07-31 12:15:00+02:00,81.5263338912258,95.74
2026-07-31 12:30:00+02:00,80.35827956907403,96.03
2026-07-31 12:45:00+02:00,66.95232488499444,86.99
2026-07-31 13:00:00+02:00,64.32413779600073,85.01
2026-07-31 13:15:00+02:00,53.54499679457888,84.46
2026-07-31 13:30:00+02:00,46.60370765571379,82.25
2026-07-31 13:45:00+02:00,43.715791328050514,81.35
2026-07-31 14:00:00+02:00,46.64985888976923,80.4
2026-07-31 14:15:00+02:00,49.87648301568399,81.99
2026-07-31 14:30:00+02:00,65.11159306686609,87.81
2026-07-31 14:45:00+02:00,70.91338001858571,94.94
2026-07-31 15:00:00+02:00,51.272621294197805,90.11
2026-07-31 15:15:00+02:00,57.19496194792377,98.77
2026-07-31 15:30:00+02:00,74.09819403456709,104.72
2026-07-31 15:45:00+02:00,95.58365227510753,118.94
2026-07-31 16:00:00+02:00,63.64265225473177,110.0
2026-07-31 16:15:00+02:00,102.5719087812723,113.67
2026-07-31 16:30:00+02:00,110.12941018569407,123.8
2026-07-31 16:45:00+02:00,125.99975110507398,135.99
2026-07-31 17:00:00+02:00,99.8658975051317,123.97
2026-07-31 17:15:00+02:00,121.5479161631868,135.07
2026-07-31 17:30:00+02:00,134.9416620110987,164.01
2026-07-31 17:45:00+02:00,156.33601578244324,166.92
2026-07-31 18:00:00+02:00,134.15970505071698,140.45
2026-07-31 18:15:00+02:00,154.75147458048153,160.29
2026-07-31 18:30:00+02:00,167.22920263590356,168.14
2026-07-31 18:45:00+02:00,186.49571262611656,180.35
2026-07-31 19:00:00+02:00,168.22565193764103,165.01
2026-07-31 19:15:00+02:00,193.6688591199185,177.8
2026-07-31 19:30:00+02:00,208.18330394826347,192.93
2026-07-31 19:45:00+02:00,231.32227717550978,203.8
2026-07-31 20:00:00+02:00,207.36953234540803,184.96
2026-07-31 20:15:00+02:00,206.53169692495132,190.66
2026-07-31 20:30:00+02:00,204.5324340621171,196.27
2026-07-31 20:45:00+02:00,222.30825063917263,199.07
2026-07-31 21:00:00+02:00,220.610301517937,192.09
2026-07-31 21:15:00+02:00,198.24311188555336,193.75
2026-07-31 21:30:00+02:00,184.35503578312134,197.33
2026-07-31 21:45:00+02:00,184.0978649895464,199.39
2026-07-31 22:00:00+02:00,185.58455850327817,204.05
2026-07-31 22:15:00+02:00,183.78047902286625,201.34
2026-07-31 22:30:00+02:00,186.1225808387756,184.12
2026-07-31 22:45:00+02:00,179.64564862947026,175.01
2026-07-31 23:00:00+02:00,183.09869263040812,178.22
2026-07-31 23:15:00+02:00,181.0675853443153,169.88
2026-07-31 23:30:00+02:00,174.35806248736714,167.36
2026-07-31 23:45:00+02:00,157.53699453545696,165.13
