,y_pred,y_true
2026-02-01 00:00:00+01:00,113.03450746909314,100.0
2026-02-01 00:15:00+01:00,107.36743104576884,95.14
2026-02-01 00:30:00+01:00,104.27677209406164,95.01
2026-02-01 00:45:00+01:00,102.17513861920786,94.21
2026-02-01 01:00:00+01:00,105.68131476335452,94.63
2026-02-01 01:15:00+01:00,105.24396146918224,94.32
2026-02-01 01:30:00+01:00,102.0568443044653,94.15
2026-02-01 01:45:00+01:00,101.6747231582556,92.93
2026-02-01 02:00:00+01:00,101.93355434322868,98.36
2026-02-01 02:15:00+01:00,100.72767785196511,98.69
2026-02-01 02:30:00+01:00,101.1833218374326,99.09
2026-02-01 02:45:00+01:00,102.71752560219662,97.47
2026-02-01 03:00:00+01:00,101.3293541171517,93.39
2026-02-01 03:15:00+01:00,101.64289461614442,96.77
2026-02-01 03:30:00+01:00,101.02274980233048,95.33
2026-02-01 03:45:00+01:00,99.94801345902124,98.74
2026-02-01 04:00:00+01:00,101.1859692335342,98.85
2026-02-01 04:15:00+01:00,98.7199214900574,98.69
2026-02-01 04:30:00+01:00,97.11544040517806,98.0
2026-02-01 04:45:00+01:00,99.36333910964275,97.71
2026-02-01 05:00:00+01:00,96.50489294633164,97.71
2026-02-01 05:15:00+01:00,98.81321406614829,95.41
2026-02-01 05:30:00+01:00,99.5859536358787,99.89
2026-02-01 05:45:00+01:00,97.15004212240254,99.88
2026-02-01 06:00:00+01:00,91.56460146199525,94.47
2026-02-01 06:15:00+01:00,94.84099782980721,96.68
2026-02-01 06:30:00+01:00,98.88845475427054,95.46
2026-02-01 06:45:00+01:00,99.26196968434455,97.45
2026-02-01 07:00:00+01:00,97.80696850833878,96.84
2026-02-01 07:15:00+01:00,99.8616214725192,96.56
2026-02-01 07:30:00+01:00,99.30163317513721,101.34
2026-02-01 07:45:00+01:00,101.50963033440283,103.26
2026-02-01 08:00:00+01:00,103.15249815308373,102.95
2026-02-01 08:15:00+01:00,102.54665186132733,104.77
2026-02-01 08:30:00+01:00,104.33120909455357,107.23
2026-02-01 08:45:00+01:00,103.71843889674088,106.07
2026-02-01 09:00:00+01:00,112.77561821264675,110.16
2026-02-01 09:15:00+01:00,109.10550203220707,109.3
2026-02-01 09:30:00+01:00,109.10730047355332,108.57
2026-02-01 09:45:00+01:00,106.62150028741334,108.91
2026-02-01 10:00:00+01:00,109.39122201009499,114.07
2026-02-01 10:15:00+01:00,103.02750920406469,109.72
2026-02-01 10:30:00+01:00,105.2339102533289,108.95
2026-02-01 10:45:00+01:00,101.49489768514138,106.64
2026-02-01 11:00:00+01:00,106.90137142763474,108.66
2026-02-01 11:15:00+01:00,108.28400111569661,108.12
2026-02-01 11:30:00+01:00,108.37081195117506,108.1
2026-02-01 11:45:00+01:00,100.97878240070533,107.75
2026-02-01 12:00:00+01:00,103.77729149558851,110.16
2026-02-01 12:15:00+01:00,105.41063003467491,106.27
2026-02-01 12:30:00+01:00,102.7085017670118,107.56
2026-02-01 12:45:00+01:00,102.81378885131932,104.51
2026-02-01 13:00:00+01:00,101.8050305773738,102.81
2026-02-01 13:15:00+01:00,98.94614302401382,99.93
2026-02-01 13:30:00+01:00,101.17336702750339,99.41
2026-02-01 13:45:00+01:00,101.48908843201352,99.4
2026-02-01 14:00:00+01:00,99.8785264634218,100.05
2026-02-01 14:15:00+01:00,102.33150931384965,101.03
2026-02-01 14:30:00+01:00,108.73107930307718,103.42
2026-02-01 14:45:00+01:00,108.09675816415005,104.44
2026-02-01 15:00:00+01:00,105.22929231732935,103.26
2026-02-01 15:15:00+01:00,107.09640716336446,107.36
2026-02-01 15:30:00+01:00,106.95945374024559,111.5
2026-02-01 15:45:00+01:00,116.23578304171625,113.71
2026-02-01 16:00:00+01:00,108.30034732497816,106.35
2026-02-01 16:15:00+01:00,117.81903380928219,112.32
2026-02-01 16:30:00+01:00,119.95749949779729,115.0
2026-02-01 16:45:00+01:00,127.2437218563478,125.0
2026-02-01 17:00:00+01:00,118.19874126494251,123.73
2026-02-01 17:15:00+01:00,127.44390098452192,126.23
2026-02-01 17:30:00+01:00,131.75409384312564,132.01
2026-02-01 17:45:00+01:00,130.3270051414166,135.98
2026-02-01 18:00:00+01:00,132.26862072649817,133.24
2026-02-01 18:15:00+01:00,126.21321171073348,133.81
2026-02-01 18:30:00+01:00,123.96461731230119,141.96
2026-02-01 18:45:00+01:00,119.34494072544724,138.36
2026-02-01 19:00:00+01:00,122.7407828460914,141.0
2026-02-01 19:15:00+01:00,114.66354479841992,136.22
2026-02-01 19:30:00+01:00,112.99018761143103,137.51
2026-02-01 19:45:00+01:00,110.45971378507178,134.83
2026-02-01 20:00:00+01:00,113.86084325916677,131.0
2026-02-01 20:15:00+01:00,109.05510317665028,132.0
2026-02-01 20:30:00+01:00,104.38592003496173,123.74
2026-02-01 20:45:00+01:00,102.3619975745395,115.63
2026-02-01 21:00:00+01:00,109.56851904831832,122.15
2026-02-01 21:15:00+01:00,101.95694051869843,118.56
2026-02-01 21:30:00+01:00,97.68107222049605,111.96
2026-02-01 21:45:00+01:00,93.98305990121152,102.76
2026-02-01 22:00:00+01:00,112.05641114744667,117.52
2026-02-01 22:15:00+01:00,102.50685320924117,113.49
2026-02-01 22:30:00+01:00,98.46119098903931,115.49
2026-02-01 22:45:00+01:00,94.85686161013714,109.04
2026-02-01 23:00:00+01:00,98.48033066537211,113.88
2026-02-01 23:15:00+01:00,95.90559902750506,106.17
2026-02-01 23:30:00+01:00,90.32942359914979,106.44
2026-02-01 23:45:00+01:00,89.39886106547878,99.72
2026-02-02 00:00:00+01:00,105.04116642971569,100.41
2026-02-02 00:15:00+01:00,103.30516776145956,101.91
2026-02-02 00:30:00+01:00,103.01001941917421,100.04
2026-02-02 00:45:00+01:00,99.97016569629929,96.01
2026-02-02 01:00:00+01:00,105.02679460324063,99.41
2026-02-02 01:15:00+01:00,104.59483901676977,95.0
2026-02-02 01:30:00+01:00,101.59184364873084,99.62
2026-02-02 01:45:00+01:00,98.38082456681745,97.94
2026-02-02 02:00:00+01:00,100.8377427477916,96.59
2026-02-02 02:15:00+01:00,101.81179885974882,95.2
2026-02-02 02:30:00+01:00,98.11115942679007,94.28
2026-02-02 02:45:00+01:00,98.3705436235421,94.3
2026-02-02 03:00:00+01:00,99.75247870295502,93.01
2026-02-02 03:15:00+01:00,98.72307432433841,90.52
2026-02-02 03:30:00+01:00,92.69601035077588,90.41
2026-02-02 03:45:00+01:00,88.83980525911149,90.06
2026-02-02 04:00:00+01:00,95.03638975518639,91.0
2026-02-02 04:15:00+01:00,92.45334449125586,91.63
2026-02-02 04:30:00+01:00,89.6691893842767,92.05
2026-02-02 04:45:00+01:00,88.5326132802553,92.25
2026-02-02 05:00:00+01:00,93.10753141223294,94.65
2026-02-02 05:15:00+01:00,89.65568748956555,90.57
2026-02-02 05:30:00+01:00,93.6741258605401,95.85
2026-02-02 05:45:00+01:00,93.55414068551778,97.82
2026-02-02 06:00:00+01:00,93.96661833121468,89.78
2026-02-02 06:15:00+01:00,98.85599298606141,103.31
2026-02-02 06:30:00+01:00,109.15523123921152,112.82
2026-02-02 06:45:00+01:00,96.46422392439317,120.39
2026-02-02 07:00:00+01:00,105.02394963258017,112.97
2026-02-02 07:15:00+01:00,97.50878987923441,117.19
2026-02-02 07:30:00+01:00,103.91440413144757,131.19
2026-02-02 07:45:00+01:00,108.67224772925509,130.19
2026-02-02 08:00:00+01:00,112.69994003160154,132.06
2026-02-02 08:15:00+01:00,113.87734463529895,139.01
2026-02-02 08:30:00+01:00,118.69595674973853,139.83
2026-02-02 08:45:00+01:00,114.90600594927872,136.57
2026-02-02 09:00:00+01:00,125.59633199347901,154.13
2026-02-02 09:15:00+01:00,123.65004689741286,142.7
2026-02-02 09:30:00+01:00,116.46814687246248,136.03
2026-02-02 09:45:00+01:00,115.11254314180869,127.76
2026-02-02 10:00:00+01:00,120.70365601114776,132.26
2026-02-02 10:15:00+01:00,112.65708694718639,128.66
2026-02-02 10:30:00+01:00,109.58128897914914,123.15
2026-02-02 10:45:00+01:00,110.54103918725153,114.09
2026-02-02 11:00:00+01:00,116.65787451197941,124.83
2026-02-02 11:15:00+01:00,113.3608600814812,116.25
2026-02-02 11:30:00+01:00,109.16624996455239,110.01
2026-02-02 11:45:00+01:00,114.04817081850516,107.58
2026-02-02 12:00:00+01:00,117.55017860939512,112.69
2026-02-02 12:15:00+01:00,106.6787506842363,107.5
2026-02-02 12:30:00+01:00,108.20925714522863,109.15
2026-02-02 12:45:00+01:00,105.53155376109473,107.51
2026-02-02 13:00:00+01:00,107.87329754423963,105.2
2026-02-02 13:15:00+01:00,104.11245202404378,104.1
2026-02-02 13:30:00+01:00,100.14716474210019,103.44
2026-02-02 13:45:00+01:00,104.0422270249822,103.26
2026-02-02 14:00:00+01:00,104.480025261665,101.49
2026-02-02 14:15:00+01:00,106.15693723621608,101.98
2026-02-02 14:30:00+01:00,117.2856402369521,103.45
2026-02-02 14:45:00+01:00,109.01681650336945,104.69
2026-02-02 15:00:00+01:00,109.00298152987077,101.43
2026-02-02 15:15:00+01:00,110.91656941093629,103.45
2026-02-02 15:30:00+01:00,117.02977409065683,104.75
2026-02-02 15:45:00+01:00,122.93963076474212,110.68
2026-02-02 16:00:00+01:00,112.29481561345006,101.8
2026-02-02 16:15:00+01:00,124.43817387429165,107.3
2026-02-02 16:30:00+01:00,130.84462033098308,112.37
2026-02-02 16:45:00+01:00,137.0324024318944,117.64
2026-02-02 17:00:00+01:00,124.87749266508021,108.94
2026-02-02 17:15:00+01:00,134.52585651909757,117.57
2026-02-02 17:30:00+01:00,138.3450147158096,125.54
2026-02-02 17:45:00+01:00,131.02459938723538,120.74
2026-02-02 18:00:00+01:00,134.29777480986093,123.41
2026-02-02 18:15:00+01:00,125.15076344964803,117.7
2026-02-02 18:30:00+01:00,127.63162460202832,118.83
2026-02-02 18:45:00+01:00,115.86917520471678,115.93
2026-02-02 19:00:00+01:00,124.65722915949758,105.95
2026-02-02 19:15:00+01:00,115.19825076194945,105.35
2026-02-02 19:30:00+01:00,109.14281422261489,106.08
2026-02-02 19:45:00+01:00,105.28989086003165,102.62
2026-02-02 20:00:00+01:00,110.18025290700179,105.23
2026-02-02 20:15:00+01:00,105.40870423817277,103.45
2026-02-02 20:30:00+01:00,101.72272897313024,100.93
2026-02-02 20:45:00+01:00,101.7842444969328,99.41
2026-02-02 21:00:00+01:00,101.52407320101831,107.12
2026-02-02 21:15:00+01:00,95.81387542776169,103.98
2026-02-02 21:30:00+01:00,91.70012727270118,100.0
2026-02-02 21:45:00+01:00,89.95627014485517,96.96
2026-02-02 22:00:00+01:00,88.56745874937403,103.9
2026-02-02 22:15:00+01:00,88.11676656129157,101.22
2026-02-02 22:30:00+01:00,91.39505812798731,100.86
2026-02-02 22:45:00+01:00,88.91411593582734,98.93
2026-02-02 23:00:00+01:00,89.3827393563802,98.56
2026-02-02 23:15:00+01:00,84.51414177768459,90.96
2026-02-02 23:30:00+01:00,82.36139942129223,90.41
2026-02-02 23:45:00+01:00,81.3379933644082,85.61
2026-02-03 00:00:00+01:00,97.90208400791629,97.41
2026-02-03 00:15:00+01:00,96.31514604030127,92.88
2026-02-03 00:30:00+01:00,89.24503413628003,89.07
2026-02-03 00:45:00+01:00,86.76855152056989,87.51
2026-02-03 01:00:00+01:00,90.91583841702392,91.84
2026-02-03 01:15:00+01:00,86.70516448999652,89.62
2026-02-03 01:30:00+01:00,92.43174455618973,88.49
2026-02-03 01:45:00+01:00,90.3767899561768,87.51
2026-02-03 02:00:00+01:00,85.85639631592623,89.08
2026-02-03 02:15:00+01:00,87.18194630119658,85.01
2026-02-03 02:30:00+01:00,88.23528087686246,82.55
2026-02-03 02:45:00+01:00,84.31410134458096,79.39
2026-02-03 03:00:00+01:00,81.41946657342739,82.8
2026-02-03 03:15:00+01:00,82.50227099590546,80.16
2026-02-03 03:30:00+01:00,82.65246288040382,79.37
2026-02-03 03:45:00+01:00,81.99642600702745,77.42
2026-02-03 04:00:00+01:00,82.31485207335554,76.67
2026-02-03 04:15:00+01:00,81.02226834034583,76.02
2026-02-03 04:30:00+01:00,81.7699810311455,76.41
2026-02-03 04:45:00+01:00,80.03966723958631,78.26
2026-02-03 05:00:00+01:00,82.628568408385,78.29
2026-02-03 05:15:00+01:00,78.96494092280952,78.08
2026-02-03 05:30:00+01:00,86.51169326567054,82.27
2026-02-03 05:45:00+01:00,86.98200573325114,90.0
2026-02-03 06:00:00+01:00,84.9412477136597,84.03
2026-02-03 06:15:00+01:00,95.25905742725583,87.11
2026-02-03 06:30:00+01:00,94.31132160496698,92.58
2026-02-03 06:45:00+01:00,94.04596050940651,100.92
2026-02-03 07:00:00+01:00,101.50217711634612,92.5
2026-02-03 07:15:00+01:00,103.74052130451915,97.01
2026-02-03 07:30:00+01:00,101.08944062656235,99.26
2026-02-03 07:45:00+01:00,103.64613367400705,102.0
2026-02-03 08:00:00+01:00,104.24048983051816,104.03
2026-02-03 08:15:00+01:00,118.17370315526168,107.01
2026-02-03 08:30:00+01:00,116.16249278150437,109.15
2026-02-03 08:45:00+01:00,115.33175560857892,104.9
2026-02-03 09:00:00+01:00,124.28299614150359,118.45
2026-02-03 09:15:00+01:00,121.2069051030222,110.16
2026-02-03 09:30:00+01:00,122.36441289226018,106.32
2026-02-03 09:45:00+01:00,112.79196633587996,97.97
2026-02-03 10:00:00+01:00,113.29470408344504,105.92
2026-02-03 10:15:00+01:00,111.38201928582811,100.01
2026-02-03 10:30:00+01:00,109.14896112502812,98.6
2026-02-03 10:45:00+01:00,104.91851384981562,95.23
2026-02-03 11:00:00+01:00,103.5477231885634,97.07
2026-02-03 11:15:00+01:00,101.49594278602353,93.1
2026-02-03 11:30:00+01:00,102.23996390083232,89.4
2026-02-03 11:45:00+01:00,102.09548135730707,83.75
2026-02-03 12:00:00+01:00,97.00887189893817,89.77
2026-02-03 12:15:00+01:00,99.32010528884258,85.35
2026-02-03 12:30:00+01:00,102.46384281855322,87.29
2026-02-03 12:45:00+01:00,102.17877999304426,89.38
2026-02-03 13:00:00+01:00,100.28125721564372,89.81
2026-02-03 13:15:00+01:00,99.72146149834391,89.39
2026-02-03 13:30:00+01:00,97.31157582631712,90.02
2026-02-03 13:45:00+01:00,95.15291501888002,90.4
2026-02-03 14:00:00+01:00,101.85652264960623,86.52
2026-02-03 14:15:00+01:00,99.45555373513173,92.02
2026-02-03 14:30:00+01:00,95.25338167840783,95.69
2026-02-03 14:45:00+01:00,96.25041237550589,98.38
2026-02-03 15:00:00+01:00,100.48799875018457,93.09
2026-02-03 15:15:00+01:00,98.0384076644323,99.89
2026-02-03 15:30:00+01:00,98.39516081952665,102.27
2026-02-03 15:45:00+01:00,108.6138107333691,106.39
2026-02-03 16:00:00+01:00,95.99080954846954,98.5
2026-02-03 16:15:00+01:00,109.4925584792498,103.4
2026-02-03 16:30:00+01:00,110.10896538735975,107.05
2026-02-03 16:45:00+01:00,118.27559988650782,117.51
2026-02-03 17:00:00+01:00,116.86035969514799,112.95
2026-02-03 17:15:00+01:00,121.19966712458633,124.96
2026-02-03 17:30:00+01:00,127.10384054290988,132.58
2026-02-03 17:45:00+01:00,123.17451126877233,132.6
2026-02-03 18:00:00+01:00,126.21839846009878,125.52
2026-02-03 18:15:00+01:00,120.57109736267563,125.55
2026-02-03 18:30:00+01:00,120.23070151638902,126.89
2026-02-03 18:45:00+01:00,111.74300046765302,127.43
2026-02-03 19:00:00+01:00,115.36122560385951,124.38
2026-02-03 19:15:00+01:00,108.20979904331494,124.35
2026-02-03 19:30:00+01:00,106.4250374221398,123.96
2026-02-03 19:45:00+01:00,102.86820298112853,120.22
2026-02-03 20:00:00+01:00,99.24942400533864,118.72
2026-02-03 20:15:00+01:00,102.51495694010653,115.9
2026-02-03 20:30:00+01:00,102.36107246148353,110.84
2026-02-03 20:45:00+01:00,96.15645668716517,106.14
2026-02-03 21:00:00+01:00,102.26294478755263,108.04
2026-02-03 21:15:00+01:00,97.12908256993582,104.82
2026-02-03 21:30:00+01:00,96.86635741046733,101.87
2026-02-03 21:45:00+01:00,92.21285260378454,98.44
2026-02-03 22:00:00+01:00,96.76184736329891,105.86
2026-02-03 22:15:00+01:00,97.17213839661903,101.46
2026-02-03 22:30:00+01:00,97.66770456873039,100.21
2026-02-03 22:45:00+01:00,93.10031083778739,96.05
2026-02-03 23:00:00+01:00,94.69077475757574,98.12
2026-02-03 23:15:00+01:00,88.70452267148482,97.33
2026-02-03 23:30:00+01:00,86.34203065460173,94.88
2026-02-03 23:45:00+01:00,80.03540191446083,88.92
2026-02-04 00:00:00+01:00,102.76744391429716,96.79
2026-02-04 00:15:00+01:00,98.01064401745364,93.22
2026-02-04 00:30:00+01:00,95.18459166207306,94.59
2026-02-04 00:45:00+01:00,92.19706828371851,95.41
2026-02-04 01:00:00+01:00,97.10959951112201,93.65
2026-02-04 01:15:00+01:00,94.54072904251113,92.79
2026-02-04 01:30:00+01:00,96.0628176220866,92.75
2026-02-04 01:45:00+01:00,92.76801331931458,91.96
2026-02-04 02:00:00+01:00,93.96281368051196,92.71
2026-02-04 02:15:00+01:00,90.11996034573875,91.83
2026-02-04 02:30:00+01:00,94.08001759434768,92.85
2026-02-04 02:45:00+01:00,93.5011696231298,94.46
2026-02-04 03:00:00+01:00,90.15237342426389,94.63
2026-02-04 03:15:00+01:00,91.68541195719406,93.53
2026-02-04 03:30:00+01:00,92.46892683320456,95.5
2026-02-04 03:45:00+01:00,94.47938084359846,94.83
2026-02-04 04:00:00+01:00,90.9027737445265,92.53
2026-02-04 04:15:00+01:00,91.34347283776619,92.54
2026-02-04 04:30:00+01:00,91.69905630554803,94.56
2026-02-04 04:45:00+01:00,89.6430653603257,96.2
2026-02-04 05:00:00+01:00,90.91015304533995,92.95
2026-02-04 05:15:00+01:00,87.84799657522602,95.01
2026-02-04 05:30:00+01:00,92.42048367612973,96.98
2026-02-04 05:45:00+01:00,103.58479330631543,101.4
2026-02-04 06:00:00+01:00,90.25525041294223,98.61
2026-02-04 06:15:00+01:00,103.85672385629435,102.56
2026-02-04 06:30:00+01:00,116.0989938322266,108.01
2026-02-04 06:45:00+01:00,116.8195659367915,111.96
2026-02-04 07:00:00+01:00,115.94376712197703,115.02
2026-02-04 07:15:00+01:00,131.2672010446682,120.22
2026-02-04 07:30:00+01:00,133.64561884831767,126.29
2026-02-04 07:45:00+01:00,142.9642678819195,130.21
2026-02-04 08:00:00+01:00,153.5958532689051,133.59
2026-02-04 08:15:00+01:00,159.54176449866256,137.49
2026-02-04 08:30:00+01:00,140.32786614368624,131.01
2026-02-04 08:45:00+01:00,137.53504493080067,124.33
2026-02-04 09:00:00+01:00,157.06607866926618,135.94
2026-02-04 09:15:00+01:00,138.63736954537683,123.76
2026-02-04 09:30:00+01:00,127.93007723662508,118.63
2026-02-04 09:45:00+01:00,118.30692348936907,112.36
2026-02-04 10:00:00+01:00,123.90930578436694,119.73
2026-02-04 10:15:00+01:00,123.69715720368161,113.9
2026-02-04 10:30:00+01:00,115.28714733751522,105.54
2026-02-04 10:45:00+01:00,112.60718077085991,100.83
2026-02-04 11:00:00+01:00,126.28941350896588,102.53
2026-02-04 11:15:00+01:00,118.3224474440293,100.29
2026-02-04 11:30:00+01:00,110.17879401952443,96.54
2026-02-04 11:45:00+01:00,106.68315383406713,95.47
2026-02-04 12:00:00+01:00,114.87174958627021,94.67
2026-02-04 12:15:00+01:00,107.32810127567215,92.14
2026-02-04 12:30:00+01:00,110.30409382866806,90.46
2026-02-04 12:45:00+01:00,104.60373218493696,90.39
2026-02-04 13:00:00+01:00,107.32832018952888,91.4
2026-02-04 13:15:00+01:00,104.37118843386928,90.27
2026-02-04 13:30:00+01:00,102.17076589930765,90.4
2026-02-04 13:45:00+01:00,101.37775839126488,93.46
2026-02-04 14:00:00+01:00,100.50983898542614,92.75
2026-02-04 14:15:00+01:00,102.41422272561536,93.56
2026-02-04 14:30:00+01:00,103.18142990334361,95.41
2026-02-04 14:45:00+01:00,102.14953972637974,102.59
2026-02-04 15:00:00+01:00,100.56284751589997,95.24
2026-02-04 15:15:00+01:00,102.94479567999319,100.56
2026-02-04 15:30:00+01:00,108.23915476746619,106.66
2026-02-04 15:45:00+01:00,115.40900598933399,109.04
2026-02-04 16:00:00+01:00,105.87309117939203,105.65
2026-02-04 16:15:00+01:00,116.0656017970211,109.41
2026-02-04 16:30:00+01:00,118.58077270229357,116.85
2026-02-04 16:45:00+01:00,123.18443315211344,124.83
2026-02-04 17:00:00+01:00,126.96458417027154,117.9
2026-02-04 17:15:00+01:00,129.0134043850046,124.13
2026-02-04 17:30:00+01:00,129.67642002267613,128.43
2026-02-04 17:45:00+01:00,124.5474957793004,128.01
2026-02-04 18:00:00+01:00,126.13380510424552,119.38
2026-02-04 18:15:00+01:00,120.52046744408857,117.03
2026-02-04 18:30:00+01:00,125.2608598973603,116.69
2026-02-04 18:45:00+01:00,116.94488659898545,115.06
2026-02-04 19:00:00+01:00,114.23813483366536,116.57
2026-02-04 19:15:00+01:00,113.50128781608484,105.28
2026-02-04 19:30:00+01:00,117.08613768868047,99.98
2026-02-04 19:45:00+01:00,110.37328013477762,96.25
2026-02-04 20:00:00+01:00,112.2381935300215,103.89
2026-02-04 20:15:00+01:00,108.71904230537928,96.23
2026-02-04 20:30:00+01:00,103.23661024326145,93.58
2026-02-04 20:45:00+01:00,100.76738263457376,91.45
2026-02-04 21:00:00+01:00,107.9591297518518,99.22
2026-02-04 21:15:00+01:00,106.38000835453731,95.29
2026-02-04 21:30:00+01:00,99.97757098764441,92.96
2026-02-04 21:45:00+01:00,98.6167789319166,91.54
2026-02-04 22:00:00+01:00,114.69796573259138,98.24
2026-02-04 22:15:00+01:00,103.13164403045019,95.4
2026-02-04 22:30:00+01:00,104.17312714909485,93.71
2026-02-04 22:45:00+01:00,98.17014085565454,87.94
2026-02-04 23:00:00+01:00,100.81599266027223,92.4
2026-02-04 23:15:00+01:00,96.95821285020368,87.98
2026-02-04 23:30:00+01:00,93.55510066450994,85.09
2026-02-04 23:45:00+01:00,88.28345747265587,79.76
2026-02-05 00:00:00+01:00,91.95771737742656,90.11
2026-02-05 00:15:00+01:00,87.92701758210183,90.55
2026-02-05 00:30:00+01:00,86.32547106727334,90.25
2026-02-05 00:45:00+01:00,82.7658448386731,90.3
2026-02-05 01:00:00+01:00,88.33286341841345,89.79
2026-02-05 01:15:00+01:00,84.68424801136477,88.89
2026-02-05 01:30:00+01:00,84.39013166124488,88.61
2026-02-05 01:45:00+01:00,85.89091209735166,86.46
2026-02-05 02:00:00+01:00,84.2121594465706,87.06
2026-02-05 02:15:00+01:00,86.231647559296,87.12
2026-02-05 02:30:00+01:00,89.38670433508132,88.17
2026-02-05 02:45:00+01:00,87.7335060213223,87.38
2026-02-05 03:00:00+01:00,89.0809427785064,86.59
2026-02-05 03:15:00+01:00,88.39152751607351,88.2
2026-02-05 03:30:00+01:00,91.07359461437086,88.18
2026-02-05 03:45:00+01:00,86.30948701646123,88.21
2026-02-05 04:00:00+01:00,86.36257144799744,87.44
2026-02-05 04:15:00+01:00,89.50730375191866,88.99
2026-02-05 04:30:00+01:00,93.08412497541697,90.17
2026-02-05 04:45:00+01:00,92.85887792189678,91.66
2026-02-05 05:00:00+01:00,90.64706954774822,88.3
2026-02-05 05:15:00+01:00,92.90510768302511,90.56
2026-02-05 05:30:00+01:00,93.24988948504364,92.26
2026-02-05 05:45:00+01:00,101.86863244042732,94.92
2026-02-05 06:00:00+01:00,95.02286381772342,93.33
2026-02-05 06:15:00+01:00,102.0437198219302,104.99
2026-02-05 06:30:00+01:00,112.52283306313313,105.0
2026-02-05 06:45:00+01:00,115.90712604132251,108.06
2026-02-05 07:00:00+01:00,103.05050679765792,103.15
2026-02-05 07:15:00+01:00,132.19783049688235,110.05
2026-02-05 07:30:00+01:00,127.13591119222014,118.63
2026-02-05 07:45:00+01:00,138.86332531543988,121.45
2026-02-05 08:00:00+01:00,141.41848065370885,122.62
2026-02-05 08:15:00+01:00,137.2362124338008,125.34
2026-02-05 08:30:00+01:00,132.35584333757862,127.65
2026-02-05 08:45:00+01:00,125.6476499408137,125.85
2026-02-05 09:00:00+01:00,140.42333137345491,127.66
2026-02-05 09:15:00+01:00,143.3540772392978,122.98
2026-02-05 09:30:00+01:00,123.6230373256998,119.63
2026-02-05 09:45:00+01:00,115.4508692045061,115.81
2026-02-05 10:00:00+01:00,131.28740350073917,127.01
2026-02-05 10:15:00+01:00,116.75079327927244,121.37
2026-02-05 10:30:00+01:00,110.01798438564869,115.5
2026-02-05 10:45:00+01:00,108.58117292454828,108.89
2026-02-05 11:00:00+01:00,110.98039284632111,128.26
2026-02-05 11:15:00+01:00,113.7083102062317,121.58
2026-02-05 11:30:00+01:00,112.59409476367769,120.13
2026-02-05 11:45:00+01:00,109.04530831437964,114.3
2026-02-05 12:00:00+01:00,111.59381778431205,110.44
2026-02-05 12:15:00+01:00,105.27587750374173,108.08
2026-02-05 12:30:00+01:00,106.19244192473344,107.56
2026-02-05 12:45:00+01:00,107.90807957742263,106.93
2026-02-05 13:00:00+01:00,107.54820196292532,108.38
2026-02-05 13:15:00+01:00,104.70001486570962,110.0
2026-02-05 13:30:00+01:00,105.78917421397446,110.21
2026-02-05 13:45:00+01:00,110.24558164213279,110.44
2026-02-05 14:00:00+01:00,103.86138450724485,105.28
2026-02-05 14:15:00+01:00,109.14984169972352,108.71
2026-02-05 14:30:00+01:00,124.65797051278238,110.51
2026-02-05 14:45:00+01:00,128.47781004923,115.91
2026-02-05 15:00:00+01:00,123.7261020852817,107.75
2026-02-05 15:15:00+01:00,129.80361290211994,111.99
2026-02-05 15:30:00+01:00,135.2338995424786,119.87
2026-02-05 15:45:00+01:00,135.78239195938147,128.31
2026-02-05 16:00:00+01:00,132.30988082285103,118.01
2026-02-05 16:15:00+01:00,130.07989417819618,124.01
2026-02-05 16:30:00+01:00,145.1670208750416,130.57
2026-02-05 16:45:00+01:00,150.97126164952076,131.41
2026-02-05 17:00:00+01:00,141.15141657966427,127.82
2026-02-05 17:15:00+01:00,160.43422279169422,134.93
2026-02-05 17:30:00+01:00,177.33259408780214,147.94
2026-02-05 17:45:00+01:00,172.7547931178484,151.31
2026-02-05 18:00:00+01:00,152.89929034123344,139.82
2026-02-05 18:15:00+01:00,161.00119249184715,135.23
2026-02-05 18:30:00+01:00,157.86246577822772,137.98
2026-02-05 18:45:00+01:00,166.2517553727792,133.55
2026-02-05 19:00:00+01:00,168.42309739290013,138.04
2026-02-05 19:15:00+01:00,159.6767655793802,133.45
2026-02-05 19:30:00+01:00,147.25425467610913,131.66
2026-02-05 19:45:00+01:00,128.1218837372821,128.48
2026-02-05 20:00:00+01:00,149.4962951601723,131.0
2026-02-05 20:15:00+01:00,138.36745857595622,124.39
2026-02-05 20:30:00+01:00,120.13014840609128,118.14
2026-02-05 20:45:00+01:00,115.37984016777796,109.71
2026-02-05 21:00:00+01:00,119.08919296534602,113.44
2026-02-05 21:15:00+01:00,119.75965794608005,109.22
2026-02-05 21:30:00+01:00,111.68868692927936,106.98
2026-02-05 21:45:00+01:00,107.37742335618181,101.49
2026-02-05 22:00:00+01:00,115.50921068511846,110.95
2026-02-05 22:15:00+01:00,112.82462502307604,106.57
2026-02-05 22:30:00+01:00,113.26436685409962,104.26
2026-02-05 22:45:00+01:00,108.10787999648444,101.74
2026-02-05 23:00:00+01:00,113.24951624121383,107.33
2026-02-05 23:15:00+01:00,106.5370669001983,103.9
2026-02-05 23:30:00+01:00,101.79826308204312,97.52
2026-02-05 23:45:00+01:00,98.83135085994472,91.4
2026-02-06 00:00:00+01:00,105.05426494768007,100.52
2026-02-06 00:15:00+01:00,99.03409410524964,98.45
2026-02-06 00:30:00+01:00,94.2960159382461,98.16
2026-02-06 00:45:00+01:00,93.83215494628845,100.11
2026-02-06 01:00:00+01:00,100.57211976963768,101.13
2026-02-06 01:15:00+01:00,97.17591369350289,99.4
2026-02-06 01:30:00+01:00,93.81512386751524,98.31
2026-02-06 01:45:00+01:00,92.23230099423695,97.67
2026-02-06 02:00:00+01:00,93.9145389866078,98.8
2026-02-06 02:15:00+01:00,92.14855002049298,97.88
2026-02-06 02:30:00+01:00,95.02131719677877,97.27
2026-02-06 02:45:00+01:00,94.40567294821658,98.4
2026-02-06 03:00:00+01:00,93.2979500761247,96.86
2026-02-06 03:15:00+01:00,94.4032423760302,98.74
2026-02-06 03:30:00+01:00,93.13921908233034,98.4
2026-02-06 03:45:00+01:00,94.04509541497625,98.91
2026-02-06 04:00:00+01:00,93.35313663853019,97.26
2026-02-06 04:15:00+01:00,94.1250357796428,98.78
2026-02-06 04:30:00+01:00,94.81022141246947,98.98
2026-02-06 04:45:00+01:00,95.10930994450919,99.95
2026-02-06 05:00:00+01:00,93.74027393653436,99.36
2026-02-06 05:15:00+01:00,95.74948670229935,100.5
2026-02-06 05:30:00+01:00,95.59435653800125,101.32
2026-02-06 05:45:00+01:00,107.87531110636779,108.15
2026-02-06 06:00:00+01:00,97.39656592015726,99.09
2026-02-06 06:15:00+01:00,112.3756684875041,109.67
2026-02-06 06:30:00+01:00,121.40453612323873,116.35
2026-02-06 06:45:00+01:00,133.81364829601713,136.58
2026-02-06 07:00:00+01:00,124.38065589080792,126.87
2026-02-06 07:15:00+01:00,136.7458653567761,136.82
2026-02-06 07:30:00+01:00,144.06068770900634,147.99
2026-02-06 07:45:00+01:00,170.02234656351442,146.17
2026-02-06 08:00:00+01:00,145.0538025048957,138.67
2026-02-06 08:15:00+01:00,170.282898526325,145.7
2026-02-06 08:30:00+01:00,179.63093249909446,146.6
2026-02-06 08:45:00+01:00,178.16578178585704,147.99
2026-02-06 09:00:00+01:00,174.39285533643232,148.13
2026-02-06 09:15:00+01:00,177.16651153069682,147.99
2026-02-06 09:30:00+01:00,169.14455875486055,141.71
2026-02-06 09:45:00+01:00,150.1870044694427,138.98
2026-02-06 10:00:00+01:00,172.44830359788241,148.06
2026-02-06 10:15:00+01:00,166.2318713628533,143.59
2026-02-06 10:30:00+01:00,161.2787367368524,140.04
2026-02-06 10:45:00+01:00,155.5793079768245,136.68
2026-02-06 11:00:00+01:00,161.0374016447827,143.66
2026-02-06 11:15:00+01:00,152.66470428551264,141.19
2026-02-06 11:30:00+01:00,144.73676881864702,137.77
2026-02-06 11:45:00+01:00,140.7081031884204,133.02
2026-02-06 12:00:00+01:00,147.70337711691323,138.8
2026-02-06 12:15:00+01:00,142.95180071017873,135.34
2026-02-06 12:30:00+01:00,139.1066170625911,136.68
2026-02-06 12:45:00+01:00,135.82658601390366,134.02
2026-02-06 13:00:00+01:00,140.90391177450027,137.76
2026-02-06 13:15:00+01:00,139.11667885663093,135.66
2026-02-06 13:30:00+01:00,136.16392949094802,136.96
2026-02-06 13:45:00+01:00,136.29510483262217,133.19
2026-02-06 14:00:00+01:00,131.43266760062662,128.35
2026-02-06 14:15:00+01:00,142.41887852030234,134.05
2026-02-06 14:30:00+01:00,154.8389803315966,137.9
2026-02-06 14:45:00+01:00,164.04718256590584,142.37
2026-02-06 15:00:00+01:00,144.65344343627592,132.03
2026-02-06 15:15:00+01:00,158.80720266588332,136.86
2026-02-06 15:30:00+01:00,174.16058965559995,142.29
2026-02-06 15:45:00+01:00,188.20226737018845,146.71
2026-02-06 16:00:00+01:00,150.07115976404583,131.82
2026-02-06 16:15:00+01:00,146.68283448517266,133.74
2026-02-06 16:30:00+01:00,158.45969127379712,135.28
2026-02-06 16:45:00+01:00,195.97591229244944,135.01
2026-02-06 17:00:00+01:00,165.1764654111807,128.16
2026-02-06 17:15:00+01:00,196.4103318061634,136.04
2026-02-06 17:30:00+01:00,185.80960102111337,141.27
2026-02-06 17:45:00+01:00,181.79916705396334,143.28
2026-02-06 18:00:00+01:00,177.10782321311152,140.19
2026-02-06 18:15:00+01:00,172.26416406522588,137.62
2026-02-06 18:30:00+01:00,167.40095756301417,125.95
2026-02-06 18:45:00+01:00,158.6870849630127,125.0
2026-02-06 19:00:00+01:00,168.3272615123546,137.26
2026-02-06 19:15:00+01:00,155.46382073148538,124.73
2026-02-06 19:30:00+01:00,153.1586282646631,125.56
2026-02-06 19:45:00+01:00,139.27894925687718,114.96
2026-02-06 20:00:00+01:00,155.0747204845309,119.51
2026-02-06 20:15:00+01:00,130.9732026616867,110.53
2026-02-06 20:30:00+01:00,127.01375991017395,107.55
2026-02-06 20:45:00+01:00,114.00316026952756,106.34
2026-02-06 21:00:00+01:00,131.4587158822218,114.35
2026-02-06 21:15:00+01:00,120.48294142682842,109.83
2026-02-06 21:30:00+01:00,112.17531400153257,107.01
2026-02-06 21:45:00+01:00,105.08945466304797,104.21
2026-02-06 22:00:00+01:00,120.59048769249966,109.8
2026-02-06 22:15:00+01:00,108.56732811226522,106.06
2026-02-06 22:30:00+01:00,107.67325582849998,105.06
2026-02-06 22:45:00+01:00,101.03424026289562,104.13
2026-02-06 23:00:00+01:00,111.01377133302054,107.05
2026-02-06 23:15:00+01:00,103.27509455176548,103.65
2026-02-06 23:30:00+01:00,99.03113009324458,101.41
2026-02-06 23:45:00+01:00,94.30176143180633,96.84
2026-02-07 00:00:00+01:00,109.62416526007425,104.57
2026-02-07 00:15:00+01:00,102.82352302861196,101.03
2026-02-07 00:30:00+01:00,99.07862655485278,100.53
2026-02-07 00:45:00+01:00,94.50969738975135,99.84
2026-02-07 01:00:00+01:00,102.88100983267852,100.25
2026-02-07 01:15:00+01:00,93.99822904579909,98.78
2026-02-07 01:30:00+01:00,99.29447334659491,100.7
2026-02-07 01:45:00+01:00,98.30959780246043,100.27
2026-02-07 02:00:00+01:00,99.00265675653823,100.17
2026-02-07 02:15:00+01:00,99.5447069274657,99.41
2026-02-07 02:30:00+01:00,96.99255445413027,96.89
2026-02-07 02:45:00+01:00,95.30211128043686,95.7
2026-02-07 03:00:00+01:00,95.54022486974797,98.28
2026-02-07 03:15:00+01:00,92.7548791703519,96.5
2026-02-07 03:30:00+01:00,89.42039182720498,97.31
2026-02-07 03:45:00+01:00,88.76386339241762,95.45
2026-02-07 04:00:00+01:00,92.6277878985805,95.86
2026-02-07 04:15:00+01:00,88.98351904740495,96.58
2026-02-07 04:30:00+01:00,90.00734554202147,96.8
2026-02-07 04:45:00+01:00,92.07729034166304,96.34
2026-02-07 05:00:00+01:00,90.5258782974979,94.57
2026-02-07 05:15:00+01:00,90.02256408605179,96.34
2026-02-07 05:30:00+01:00,92.88382609005352,96.74
2026-02-07 05:45:00+01:00,91.17252567288008,99.25
2026-02-07 06:00:00+01:00,91.77337895180318,90.06
2026-02-07 06:15:00+01:00,93.41958567272914,95.97
2026-02-07 06:30:00+01:00,95.82383724609707,98.97
2026-02-07 06:45:00+01:00,97.10148338479594,103.38
2026-02-07 07:00:00+01:00,96.04802837001202,100.28
2026-02-07 07:15:00+01:00,98.39290704235363,102.39
2026-02-07 07:30:00+01:00,100.94729060736873,107.13
2026-02-07 07:45:00+01:00,105.80592735064795,112.39
2026-02-07 08:00:00+01:00,105.71126089606842,108.15
2026-02-07 08:15:00+01:00,106.1732109388109,113.61
2026-02-07 08:30:00+01:00,107.59868194045099,116.99
2026-02-07 08:45:00+01:00,108.91482234096414,117.57
2026-02-07 09:00:00+01:00,112.41310705393062,125.0
2026-02-07 09:15:00+01:00,111.24478751536583,119.51
2026-02-07 09:30:00+01:00,111.65741515622038,117.06
2026-02-07 09:45:00+01:00,110.88254515852965,110.33
2026-02-07 10:00:00+01:00,109.57548457875234,117.03
2026-02-07 10:15:00+01:00,107.68592248365086,109.37
2026-02-07 10:30:00+01:00,109.72393676146349,107.78
2026-02-07 10:45:00+01:00,104.39377840379547,106.07
2026-02-07 11:00:00+01:00,113.0995273600772,106.89
2026-02-07 11:15:00+01:00,110.91502504026435,105.84
2026-02-07 11:30:00+01:00,108.46558702895304,103.76
2026-02-07 11:45:00+01:00,105.38524980853245,101.64
2026-02-07 12:00:00+01:00,110.74983221634513,103.69
2026-02-07 12:15:00+01:00,105.34837393953002,101.15
2026-02-07 12:30:00+01:00,106.08212978321502,98.1
2026-02-07 12:45:00+01:00,102.98914039026974,97.53
2026-02-07 13:00:00+01:00,104.34760148084841,97.92
2026-02-07 13:15:00+01:00,100.58969125575011,97.32
2026-02-07 13:30:00+01:00,96.38584333375049,96.89
2026-02-07 13:45:00+01:00,97.29239023633106,97.42
2026-02-07 14:00:00+01:00,97.26743192583794,96.46
2026-02-07 14:15:00+01:00,96.11729063676039,97.68
2026-02-07 14:30:00+01:00,100.20500840657704,101.43
2026-02-07 14:45:00+01:00,101.3591325746216,104.14
2026-02-07 15:00:00+01:00,95.24860432656013,101.41
2026-02-07 15:15:00+01:00,104.92482709011372,103.59
2026-02-07 15:30:00+01:00,110.60740935022856,108.77
2026-02-07 15:45:00+01:00,110.89259646383843,111.56
2026-02-07 16:00:00+01:00,103.06370863758586,108.08
2026-02-07 16:15:00+01:00,109.66862283282325,116.82
2026-02-07 16:30:00+01:00,110.93118566249521,124.21
2026-02-07 16:45:00+01:00,122.5200018787968,132.05
2026-02-07 17:00:00+01:00,113.31340733098105,127.43
2026-02-07 17:15:00+01:00,121.36149044559392,131.08
2026-02-07 17:30:00+01:00,131.00469020613355,137.11
2026-02-07 17:45:00+01:00,131.872909447196,140.53
2026-02-07 18:00:00+01:00,132.1533652380765,137.98
2026-02-07 18:15:00+01:00,127.74031549223415,136.38
2026-02-07 18:30:00+01:00,129.3915306281845,134.22
2026-02-07 18:45:00+01:00,126.44260793180739,132.75
2026-02-07 19:00:00+01:00,129.38010413022187,131.43
2026-02-07 19:15:00+01:00,123.24461112160714,132.13
2026-02-07 19:30:00+01:00,126.58780828988193,126.72
2026-02-07 19:45:00+01:00,119.2171581225759,119.71
2026-02-07 20:00:00+01:00,120.01119161707835,125.25
2026-02-07 20:15:00+01:00,119.43158071732067,115.47
2026-02-07 20:30:00+01:00,119.79074354208254,108.07
2026-02-07 20:45:00+01:00,110.18624335929594,104.79
2026-02-07 21:00:00+01:00,109.8448640193849,109.19
2026-02-07 21:15:00+01:00,108.77939176916286,105.36
2026-02-07 21:30:00+01:00,107.70958632585021,102.94
2026-02-07 21:45:00+01:00,99.56689964162284,100.07
2026-02-07 22:00:00+01:00,108.08237702722005,107.6
2026-02-07 22:15:00+01:00,109.10422156050873,105.41
2026-02-07 22:30:00+01:00,110.35808353644727,103.25
2026-02-07 22:45:00+01:00,105.01429319978355,100.03
2026-02-07 23:00:00+01:00,107.0417956194943,105.96
2026-02-07 23:15:00+01:00,103.54347168773802,101.17
2026-02-07 23:30:00+01:00,100.37187185181196,96.11
2026-02-07 23:45:00+01:00,97.45984429055063,91.8
2026-02-08 00:00:00+01:00,104.45706248878254,110.04
2026-02-08 00:15:00+01:00,101.23266841951633,101.13
2026-02-08 00:30:00+01:00,98.56562981631298,99.99
2026-02-08 00:45:00+01:00,97.57944849645065,96.98
2026-02-08 01:00:00+01:00,103.65864130036249,101.51
2026-02-08 01:15:00+01:00,99.18354829845224,101.37
2026-02-08 01:30:00+01:00,98.25652705859684,97.1
2026-02-08 01:45:00+01:00,95.31099246620657,96.2
2026-02-08 02:00:00+01:00,96.74233198967465,99.9
2026-02-08 02:15:00+01:00,91.69880621923896,97.49
2026-02-08 02:30:00+01:00,95.16811596698507,96.63
2026-02-08 02:45:00+01:00,93.87573402055799,96.25
2026-02-08 03:00:00+01:00,94.95140483200971,97.43
2026-02-08 03:15:00+01:00,94.82312004586404,96.7
2026-02-08 03:30:00+01:00,93.92290084910326,95.64
2026-02-08 03:45:00+01:00,93.07553587455106,95.93
2026-02-08 04:00:00+01:00,94.12955496453651,94.9
2026-02-08 04:15:00+01:00,93.41944234012497,94.5
2026-02-08 04:30:00+01:00,93.03054125601462,95.05
2026-02-08 04:45:00+01:00,90.40851698701785,94.99
2026-02-08 05:00:00+01:00,90.84177677338337,95.59
2026-02-08 05:15:00+01:00,93.15205882910196,95.41
2026-02-08 05:30:00+01:00,91.38118370263675,95.49
2026-02-08 05:45:00+01:00,96.7202162256909,96.51
2026-02-08 06:00:00+01:00,95.84152462273265,90.28
2026-02-08 06:15:00+01:00,97.9942385936224,92.8
2026-02-08 06:30:00+01:00,97.3753526873173,96.45
2026-02-08 06:45:00+01:00,99.09743124443443,100.47
2026-02-08 07:00:00+01:00,97.73406221306755,91.09
2026-02-08 07:15:00+01:00,99.31162572546162,94.71
2026-02-08 07:30:00+01:00,101.66103670499758,96.3
2026-02-08 07:45:00+01:00,105.72706872658962,101.12
2026-02-08 08:00:00+01:00,109.02451362804169,96.05
2026-02-08 08:15:00+01:00,111.76736063211644,101.24
2026-02-08 08:30:00+01:00,109.31743497863812,101.57
2026-02-08 08:45:00+01:00,108.8243226734051,102.53
2026-02-08 09:00:00+01:00,110.85703316622974,101.92
2026-02-08 09:15:00+01:00,112.13653515188135,102.84
2026-02-08 09:30:00+01:00,112.16032808982698,102.36
2026-02-08 09:45:00+01:00,109.25814079342713,100.83
2026-02-08 10:00:00+01:00,116.47407800287593,104.37
2026-02-08 10:15:00+01:00,111.63175136207357,103.81
2026-02-08 10:30:00+01:00,108.81486419576616,101.62
2026-02-08 10:45:00+01:00,106.90822957901662,100.78
2026-02-08 11:00:00+01:00,111.94546706640455,102.14
2026-02-08 11:15:00+01:00,112.99817826122352,100.85
2026-02-08 11:30:00+01:00,118.21673276817339,98.64
2026-02-08 11:45:00+01:00,115.47662062779503,96.77
2026-02-08 12:00:00+01:00,113.89476993151523,97.86
2026-02-08 12:15:00+01:00,116.38154376799469,96.77
2026-02-08 12:30:00+01:00,116.80585675789082,96.97
2026-02-08 12:45:00+01:00,118.19913287804042,94.69
2026-02-08 13:00:00+01:00,114.13844893248812,95.1
2026-02-08 13:15:00+01:00,112.15684735460222,94.01
2026-02-08 13:30:00+01:00,114.16767570167647,96.26
2026-02-08 13:45:00+01:00,114.04265022465025,96.43
2026-02-08 14:00:00+01:00,113.14918203241356,94.09
2026-02-08 14:15:00+01:00,118.29762394189355,96.62
2026-02-08 14:30:00+01:00,112.81527784831295,97.71
2026-02-08 14:45:00+01:00,114.78976515010825,100.46
2026-02-08 15:00:00+01:00,107.53480427603031,98.03
2026-02-08 15:15:00+01:00,114.049029152552,100.52
2026-02-08 15:30:00+01:00,116.42365521569829,104.32
2026-02-08 15:45:00+01:00,116.85620877453228,110.42
2026-02-08 16:00:00+01:00,116.67797832521775,100.84
2026-02-08 16:15:00+01:00,120.45202578227716,107.64
2026-02-08 16:30:00+01:00,121.6113518829461,115.03
2026-02-08 16:45:00+01:00,126.20984787613791,123.63
2026-02-08 17:00:00+01:00,123.39003239512076,119.54
2026-02-08 17:15:00+01:00,126.84685049030426,125.98
2026-02-08 17:30:00+01:00,135.0551670968028,131.0
2026-02-08 17:45:00+01:00,137.9836020232508,134.01
2026-02-08 18:00:00+01:00,135.8324863579801,129.79
2026-02-08 18:15:00+01:00,134.70386134122887,132.89
2026-02-08 18:30:00+01:00,138.37362561000256,132.55
2026-02-08 18:45:00+01:00,137.53426937042428,129.84
2026-02-08 19:00:00+01:00,133.1237103319996,132.96
2026-02-08 19:15:00+01:00,133.58689182206774,129.56
2026-02-08 19:30:00+01:00,130.37260369410498,125.09
2026-02-08 19:45:00+01:00,120.25711759072419,120.02
2026-02-08 20:00:00+01:00,132.11240741363562,122.86
2026-02-08 20:15:00+01:00,122.5923490387074,114.26
2026-02-08 20:30:00+01:00,113.6835971243886,109.93
2026-02-08 20:45:00+01:00,112.5355550151211,106.08
2026-02-08 21:00:00+01:00,112.84211534079613,110.84
2026-02-08 21:15:00+01:00,108.66697546767166,109.25
2026-02-08 21:30:00+01:00,109.70128293675424,106.93
2026-02-08 21:45:00+01:00,103.66576074859009,103.49
2026-02-08 22:00:00+01:00,116.31762269152841,108.08
2026-02-08 22:15:00+01:00,115.76816600157345,106.56
2026-02-08 22:30:00+01:00,108.53559906767802,104.14
2026-02-08 22:45:00+01:00,105.35211324116693,101.78
2026-02-08 23:00:00+01:00,107.1125422832755,103.42
2026-02-08 23:15:00+01:00,103.64210415697744,101.71
2026-02-08 23:30:00+01:00,102.06066272729497,100.28
2026-02-08 23:45:00+01:00,96.20379478634433,94.52
2026-02-09 00:00:00+01:00,102.72710779112889,99.98
2026-02-09 00:15:00+01:00,97.92365397703196,97.44
2026-02-09 00:30:00+01:00,98.92501968861947,95.51
2026-02-09 00:45:00+01:00,98.9993981574711,94.05
2026-02-09 01:00:00+01:00,99.47310326480208,97.68
2026-02-09 01:15:00+01:00,99.48769774888417,95.58
2026-02-09 01:30:00+01:00,96.40180148636156,94.9
2026-02-09 01:45:00+01:00,97.49561788264491,93.65
2026-02-09 02:00:00+01:00,97.7259238022101,95.32
2026-02-09 02:15:00+01:00,98.30097882492593,95.17
2026-02-09 02:30:00+01:00,99.58457810563146,96.54
2026-02-09 02:45:00+01:00,97.44517918972159,95.78
2026-02-09 03:00:00+01:00,94.08744530071829,95.71
2026-02-09 03:15:00+01:00,97.92016835730281,94.67
2026-02-09 03:30:00+01:00,97.34980674230773,95.34
2026-02-09 03:45:00+01:00,96.50109932923415,96.15
2026-02-09 04:00:00+01:00,95.91614274586748,93.42
2026-02-09 04:15:00+01:00,96.847881517981,95.12
2026-02-09 04:30:00+01:00,95.9353594790189,96.81
2026-02-09 04:45:00+01:00,95.74947143047325,100.91
2026-02-09 05:00:00+01:00,97.52828941602067,95.7
2026-02-09 05:15:00+01:00,98.19839567037252,100.99
2026-02-09 05:30:00+01:00,100.2894840169952,105.65
2026-02-09 05:45:00+01:00,105.87910855209242,116.6
2026-02-09 06:00:00+01:00,100.09186850117972,105.0
2026-02-09 06:15:00+01:00,112.24241096463012,121.37
2026-02-09 06:30:00+01:00,120.7743361750146,136.18
2026-02-09 06:45:00+01:00,125.10161866231763,166.39
2026-02-09 07:00:00+01:00,132.06432346184795,137.14
2026-02-09 07:15:00+01:00,149.283802454123,159.03
2026-02-09 07:30:00+01:00,155.81646402957358,168.26
2026-02-09 07:45:00+01:00,166.75586209273797,169.95
2026-02-09 08:00:00+01:00,148.7733279473639,170.29
2026-02-09 08:15:00+01:00,156.15811963346488,188.94
2026-02-09 08:30:00+01:00,158.94515806348886,185.46
2026-02-09 08:45:00+01:00,153.25490594792555,186.15
2026-02-09 09:00:00+01:00,175.56988530076484,183.9
2026-02-09 09:15:00+01:00,168.16152267310625,174.8
2026-02-09 09:30:00+01:00,159.3660164862804,160.07
2026-02-09 09:45:00+01:00,118.13848949723914,158.06
2026-02-09 10:00:00+01:00,158.63009346439725,166.23
2026-02-09 10:15:00+01:00,134.32156600606706,164.12
2026-02-09 10:30:00+01:00,129.14852485633094,153.99
2026-02-09 10:45:00+01:00,122.29783248940646,144.82
2026-02-09 11:00:00+01:00,133.16144095960692,151.01
2026-02-09 11:15:00+01:00,124.51525896357225,146.46
2026-02-09 11:30:00+01:00,120.40907473343493,142.9
2026-02-09 11:45:00+01:00,116.4771291618615,137.15
2026-02-09 12:00:00+01:00,134.67852649132203,143.19
2026-02-09 12:15:00+01:00,114.88675555494208,138.08
2026-02-09 12:30:00+01:00,116.8654404394926,135.18
2026-02-09 12:45:00+01:00,111.86383222281545,131.84
2026-02-09 13:00:00+01:00,115.76657699930243,136.23
2026-02-09 13:15:00+01:00,111.9001171562685,137.59
2026-02-09 13:30:00+01:00,112.89428983806094,134.26
2026-02-09 13:45:00+01:00,117.06646935348913,132.02
2026-02-09 14:00:00+01:00,116.18302332759002,123.66
2026-02-09 14:15:00+01:00,130.24510391571607,133.63
2026-02-09 14:30:00+01:00,140.35380475572626,142.14
2026-02-09 14:45:00+01:00,144.23525692056666,151.2
2026-02-09 15:00:00+01:00,130.38746718853352,128.85
2026-02-09 15:15:00+01:00,139.48442187367672,138.68
2026-02-09 15:30:00+01:00,154.75969859264126,157.78
2026-02-09 15:45:00+01:00,159.6138780958628,171.0
2026-02-09 16:00:00+01:00,148.37532810720631,141.73
2026-02-09 16:15:00+01:00,156.60068096745556,160.39
2026-02-09 16:30:00+01:00,174.74265020674895,183.82
2026-02-09 16:45:00+01:00,171.10043113587489,189.99
2026-02-09 17:00:00+01:00,155.14299646828698,186.86
2026-02-09 17:15:00+01:00,164.1294641074701,233.57
2026-02-09 17:30:00+01:00,191.92117417278865,244.77
2026-02-09 17:45:00+01:00,178.29592082510604,243.65
2026-02-09 18:00:00+01:00,166.15419437983525,196.61
2026-02-09 18:15:00+01:00,157.54439360387556,186.03
2026-02-09 18:30:00+01:00,157.89903022251073,171.0
2026-02-09 18:45:00+01:00,144.08916423981668,175.26
2026-02-09 19:00:00+01:00,156.5970118302884,187.92
2026-02-09 19:15:00+01:00,146.24521740963857,170.54
2026-02-09 19:30:00+01:00,131.81446558763207,160.74
2026-02-09 19:45:00+01:00,130.40031533271778,144.04
2026-02-09 20:00:00+01:00,140.1964569893143,162.88
2026-02-09 20:15:00+01:00,130.00938033026446,148.31
2026-02-09 20:30:00+01:00,121.12544077793339,139.51
2026-02-09 20:45:00+01:00,114.05883162061374,125.81
2026-02-09 21:00:00+01:00,123.73761643291436,146.31
2026-02-09 21:15:00+01:00,119.16717496630753,142.66
2026-02-09 21:30:00+01:00,117.25661833585625,131.05
2026-02-09 21:45:00+01:00,110.71861469482774,118.38
2026-02-09 22:00:00+01:00,117.11236548375743,130.45
2026-02-09 22:15:00+01:00,113.53024550366577,124.32
2026-02-09 22:30:00+01:00,108.75915355807439,123.09
2026-02-09 22:45:00+01:00,105.79612049544333,113.72
2026-02-09 23:00:00+01:00,112.37947411288863,117.03
2026-02-09 23:15:00+01:00,104.23368240836118,109.09
2026-02-09 23:30:00+01:00,102.6332780965726,107.19
2026-02-09 23:45:00+01:00,96.90619926726121,102.38
2026-02-10 00:00:00+01:00,104.72568190279037,106.37
2026-02-10 00:15:00+01:00,105.41327698299433,104.65
2026-02-10 00:30:00+01:00,101.47203852689607,103.98
2026-02-10 00:45:00+01:00,99.3691285680567,103.57
2026-02-10 01:00:00+01:00,104.98312667652502,105.03
2026-02-10 01:15:00+01:00,102.74791443216748,104.03
2026-02-10 01:30:00+01:00,102.00083848400469,103.04
2026-02-10 01:45:00+01:00,99.83841644849629,102.88
2026-02-10 02:00:00+01:00,103.37731447123207,103.21
2026-02-10 02:15:00+01:00,103.04383890816766,102.54
2026-02-10 02:30:00+01:00,96.63874358672568,102.51
2026-02-10 02:45:00+01:00,96.91112060633549,102.73
2026-02-10 03:00:00+01:00,99.03496254654655,102.83
2026-02-10 03:15:00+01:00,96.66792616143174,102.58
2026-02-10 03:30:00+01:00,98.85327182715353,102.23
2026-02-10 03:45:00+01:00,94.95106517216593,102.1
2026-02-10 04:00:00+01:00,97.71930409418874,102.02
2026-02-10 04:15:00+01:00,96.31332378141902,100.7
2026-02-10 04:30:00+01:00,100.26002927997136,102.95
2026-02-10 04:45:00+01:00,102.74028733685495,104.07
2026-02-10 05:00:00+01:00,100.79701848029987,103.59
2026-02-10 05:15:00+01:00,99.93600450664862,103.2
2026-02-10 05:30:00+01:00,103.35031794081758,104.81
2026-02-10 05:45:00+01:00,105.48847413473723,110.11
2026-02-10 06:00:00+01:00,104.15684243209898,102.5
2026-02-10 06:15:00+01:00,113.94322221299521,112.26
2026-02-10 06:30:00+01:00,110.47435234902203,124.49
2026-02-10 06:45:00+01:00,135.62564928659756,140.42
2026-02-10 07:00:00+01:00,113.20350352558751,122.95
2026-02-10 07:15:00+01:00,124.22990283586198,130.57
2026-02-10 07:30:00+01:00,141.64893813417186,141.2
2026-02-10 07:45:00+01:00,145.737399461596,144.84
2026-02-10 08:00:00+01:00,142.94236231258526,146.49
2026-02-10 08:15:00+01:00,158.10671239212712,150.1
2026-02-10 08:30:00+01:00,157.09522955250668,141.92
2026-02-10 08:45:00+01:00,141.39680988920725,136.8
2026-02-10 09:00:00+01:00,152.21843429885945,141.6
2026-02-10 09:15:00+01:00,141.5619778364257,135.57
2026-02-10 09:30:00+01:00,136.82103931703563,129.51
2026-02-10 09:45:00+01:00,118.76472700244271,121.65
2026-02-10 10:00:00+01:00,142.03903842867575,141.67
2026-02-10 10:15:00+01:00,139.96350010066567,131.0
2026-02-10 10:30:00+01:00,136.74167143781838,126.16
2026-02-10 10:45:00+01:00,127.72398157887628,117.52
2026-02-10 11:00:00+01:00,132.75609654305754,129.96
2026-02-10 11:15:00+01:00,129.07764972313007,124.03
2026-02-10 11:30:00+01:00,121.34089129358071,115.04
2026-02-10 11:45:00+01:00,113.36849635005936,108.74
2026-02-10 12:00:00+01:00,117.5145203765215,112.55
2026-02-10 12:15:00+01:00,116.22278913654394,107.28
2026-02-10 12:30:00+01:00,115.9268372505993,109.13
2026-02-10 12:45:00+01:00,116.41622218783279,107.93
2026-02-10 13:00:00+01:00,114.64445483569153,110.26
2026-02-10 13:15:00+01:00,112.6528989227794,107.42
2026-02-10 13:30:00+01:00,115.5270141603558,109.36
2026-02-10 13:45:00+01:00,121.00610325438471,110.84
2026-02-10 14:00:00+01:00,113.94863119214939,108.79
2026-02-10 14:15:00+01:00,122.89714246008609,112.4
2026-02-10 14:30:00+01:00,136.9738881274662,119.12
2026-02-10 14:45:00+01:00,137.95192215652395,124.58
2026-02-10 15:00:00+01:00,126.18867905181087,118.74
2026-02-10 15:15:00+01:00,132.49297939521875,122.28
2026-02-10 15:30:00+01:00,132.14727710905964,134.65
2026-02-10 15:45:00+01:00,143.10466307348486,136.79
2026-02-10 16:00:00+01:00,125.74870703811393,120.09
2026-02-10 16:15:00+01:00,136.56096516752802,127.42
2026-02-10 16:30:00+01:00,142.18244542336015,126.16
2026-02-10 16:45:00+01:00,147.13223724582105,136.98
2026-02-10 17:00:00+01:00,148.47251357813334,130.45
2026-02-10 17:15:00+01:00,158.1091398551095,131.01
2026-02-10 17:30:00+01:00,156.17459999364638,138.89
2026-02-10 17:45:00+01:00,160.32335312241685,140.62
2026-02-10 18:00:00+01:00,148.11879829843974,141.29
2026-02-10 18:15:00+01:00,149.20213375711012,135.94
2026-02-10 18:30:00+01:00,149.36789117752647,129.53
2026-02-10 18:45:00+01:00,152.11876825527779,120.09
2026-02-10 19:00:00+01:00,149.9430210171019,130.44
2026-02-10 19:15:00+01:00,153.3421692765333,124.28
2026-02-10 19:30:00+01:00,146.14855009334138,118.48
2026-02-10 19:45:00+01:00,131.37936870267248,108.11
2026-02-10 20:00:00+01:00,140.68977648054943,122.78
2026-02-10 20:15:00+01:00,137.4450148988577,112.57
2026-02-10 20:30:00+01:00,124.64844383382882,105.28
2026-02-10 20:45:00+01:00,115.2933263237114,104.38
2026-02-10 21:00:00+01:00,126.13063835657584,110.52
2026-02-10 21:15:00+01:00,123.804447593079,107.38
2026-02-10 21:30:00+01:00,114.43826878625008,106.56
2026-02-10 21:45:00+01:00,106.21162385988904,104.17
2026-02-10 22:00:00+01:00,120.30529117487848,109.33
2026-02-10 22:15:00+01:00,116.09907228998924,107.91
2026-02-10 22:30:00+01:00,112.3264393608111,106.32
2026-02-10 22:45:00+01:00,108.21070069601822,103.2
2026-02-10 23:00:00+01:00,111.72714773587373,106.03
2026-02-10 23:15:00+01:00,104.74760640010865,103.42
2026-02-10 23:30:00+01:00,102.6806231125945,99.4
2026-02-10 23:45:00+01:00,97.81991911055908,93.26
2026-02-11 00:00:00+01:00,106.72740408113938,96.96
2026-02-11 00:15:00+01:00,100.29398847825397,97.18
2026-02-11 00:30:00+01:00,99.83838798365241,97.03
2026-02-11 00:45:00+01:00,99.8103478132101,95.96
2026-02-11 01:00:00+01:00,103.04413716426089,97.12
2026-02-11 01:15:00+01:00,98.97345255670002,96.99
2026-02-11 01:30:00+01:00,98.93940920735258,96.7
2026-02-11 01:45:00+01:00,98.0949493489526,95.71
2026-02-11 02:00:00+01:00,101.53630174081852,96.84
2026-02-11 02:15:00+01:00,96.88160785449998,95.37
2026-02-11 02:30:00+01:00,98.12486138685884,95.1
2026-02-11 02:45:00+01:00,96.43245440740414,95.11
2026-02-11 03:00:00+01:00,96.78939949751614,94.87
2026-02-11 03:15:00+01:00,97.1868265531517,94.87
2026-02-11 03:30:00+01:00,95.90871743968435,94.87
2026-02-11 03:45:00+01:00,91.34599080709181,94.11
2026-02-11 04:00:00+01:00,96.20343961961677,94.87
2026-02-11 04:15:00+01:00,96.88524342335758,94.77
2026-02-11 04:30:00+01:00,99.11457412840097,94.87
2026-02-11 04:45:00+01:00,101.28364338596474,94.87
2026-02-11 05:00:00+01:00,97.33860912165387,94.83
2026-02-11 05:15:00+01:00,99.2758758564537,96.05
2026-02-11 05:30:00+01:00,100.42793032494505,100.65
2026-02-11 05:45:00+01:00,108.00113854612674,105.04
2026-02-11 06:00:00+01:00,94.3580334563378,98.4
2026-02-11 06:15:00+01:00,107.99687228490997,106.74
2026-02-11 06:30:00+01:00,114.27999405208305,112.91
2026-02-11 06:45:00+01:00,126.98124113128111,123.86
2026-02-11 07:00:00+01:00,120.75533341176305,113.26
2026-02-11 07:15:00+01:00,128.17715073869994,130.5
2026-02-11 07:30:00+01:00,128.5616328848884,136.21
2026-02-11 07:45:00+01:00,134.83359479261824,136.03
2026-02-11 08:00:00+01:00,141.9118044405152,134.48
2026-02-11 08:15:00+01:00,151.52134627507928,136.9
2026-02-11 08:30:00+01:00,148.35982675414476,141.0
2026-02-11 08:45:00+01:00,128.38535570226236,135.89
2026-02-11 09:00:00+01:00,145.69648218632273,134.36
2026-02-11 09:15:00+01:00,126.87919703108383,132.83
2026-02-11 09:30:00+01:00,122.94716500427684,131.64
2026-02-11 09:45:00+01:00,112.30570053194833,126.92
2026-02-11 10:00:00+01:00,116.22636298277128,131.0
2026-02-11 10:15:00+01:00,111.2387836902572,128.93
2026-02-11 10:30:00+01:00,119.2077798800751,125.52
2026-02-11 10:45:00+01:00,116.39518255121229,124.55
2026-02-11 11:00:00+01:00,110.19143051940618,131.42
2026-02-11 11:15:00+01:00,115.5258091342582,130.61
2026-02-11 11:30:00+01:00,119.38611897419474,123.17
2026-02-11 11:45:00+01:00,114.3696913958164,118.56
2026-02-11 12:00:00+01:00,111.36664625926313,119.87
2026-02-11 12:15:00+01:00,112.1468356939051,116.05
2026-02-11 12:30:00+01:00,114.83153133089863,113.82
2026-02-11 12:45:00+01:00,115.98116715292275,113.71
2026-02-11 13:00:00+01:00,110.4060511962659,119.17
2026-02-11 13:15:00+01:00,113.4114887075306,118.05
2026-02-11 13:30:00+01:00,114.24640461607862,116.01
2026-02-11 13:45:00+01:00,106.98262992481975,113.57
2026-02-11 14:00:00+01:00,107.50014614724823,114.28
2026-02-11 14:15:00+01:00,109.19225624244537,116.5
2026-02-11 14:30:00+01:00,118.85798134196767,117.14
2026-02-11 14:45:00+01:00,116.97074980830847,118.88
2026-02-11 15:00:00+01:00,117.08951802382688,116.37
2026-02-11 15:15:00+01:00,118.4078253986152,116.34
2026-02-11 15:30:00+01:00,116.89909022039951,119.0
2026-02-11 15:45:00+01:00,116.77612708411947,121.03
2026-02-11 16:00:00+01:00,110.07360039864325,117.25
2026-02-11 16:15:00+01:00,117.28139544581408,118.26
2026-02-11 16:30:00+01:00,121.14690516091,121.99
2026-02-11 16:45:00+01:00,123.64263396302388,131.76
2026-02-11 17:00:00+01:00,126.57626735324489,119.71
2026-02-11 17:15:00+01:00,126.34028978652849,129.83
2026-02-11 17:30:00+01:00,132.56796736120668,130.14
2026-02-11 17:45:00+01:00,136.76561344533698,131.92
2026-02-11 18:00:00+01:00,131.96781499143844,131.01
2026-02-11 18:15:00+01:00,133.27748482849577,128.06
2026-02-11 18:30:00+01:00,130.62215950463136,123.4
2026-02-11 18:45:00+01:00,132.6341265565544,119.39
2026-02-11 19:00:00+01:00,129.94399618112212,122.96
2026-02-11 19:15:00+01:00,128.36200242346962,111.77
2026-02-11 19:30:00+01:00,116.46873107970478,107.41
2026-02-11 19:45:00+01:00,112.46395322031819,105.94
2026-02-11 20:00:00+01:00,118.65694432473609,109.17
2026-02-11 20:15:00+01:00,109.31517159322723,106.36
2026-02-11 20:30:00+01:00,107.95959392803944,103.59
2026-02-11 20:45:00+01:00,104.93603705663936,100.59
2026-02-11 21:00:00+01:00,107.99445209803484,107.41
2026-02-11 21:15:00+01:00,104.37414991764064,106.93
2026-02-11 21:30:00+01:00,98.31561294517414,104.67
2026-02-11 21:45:00+01:00,96.92675818214889,98.51
2026-02-11 22:00:00+01:00,111.14290108758809,106.11
2026-02-11 22:15:00+01:00,108.80363715354443,103.51
2026-02-11 22:30:00+01:00,102.33665381079574,99.99
2026-02-11 22:45:00+01:00,96.60515257802035,98.38
2026-02-11 23:00:00+01:00,105.24925496498304,102.31
2026-02-11 23:15:00+01:00,100.55803209685692,96.33
2026-02-11 23:30:00+01:00,92.18046032509353,93.89
2026-02-11 23:45:00+01:00,88.18737447919328,88.7
2026-02-12 00:00:00+01:00,101.67605310498968,90.02
2026-02-12 00:15:00+01:00,96.09025009503003,87.4
2026-02-12 00:30:00+01:00,95.1085460488481,89.11
2026-02-12 00:45:00+01:00,94.95543739463463,86.24
2026-02-12 01:00:00+01:00,96.49811673332863,88.07
2026-02-12 01:15:00+01:00,97.90259244897005,86.55
2026-02-12 01:30:00+01:00,96.66731668539325,87.6
2026-02-12 01:45:00+01:00,94.57785913654826,88.1
2026-02-12 02:00:00+01:00,92.60845245779952,86.94
2026-02-12 02:15:00+01:00,92.23091725074458,87.45
2026-02-12 02:30:00+01:00,95.92461168157138,85.77
2026-02-12 02:45:00+01:00,95.72426584176594,84.65
2026-02-12 03:00:00+01:00,93.86149031002361,85.03
2026-02-12 03:15:00+01:00,94.20259328041938,83.76
2026-02-12 03:30:00+01:00,94.68997343059947,84.93
2026-02-12 03:45:00+01:00,94.76480329559071,85.85
2026-02-12 04:00:00+01:00,92.02904170836139,85.07
2026-02-12 04:15:00+01:00,93.38779838745641,85.7
2026-02-12 04:30:00+01:00,95.16610183390489,86.09
2026-02-12 04:45:00+01:00,94.51101358985694,87.19
2026-02-12 05:00:00+01:00,93.62263311401867,86.65
2026-02-12 05:15:00+01:00,93.2016182127678,87.2
2026-02-12 05:30:00+01:00,95.15721352568154,90.49
2026-02-12 05:45:00+01:00,100.67120444387852,93.38
2026-02-12 06:00:00+01:00,96.32028145122263,90.7
2026-02-12 06:15:00+01:00,104.31357274731042,97.29
2026-02-12 06:30:00+01:00,113.16010964264372,103.96
2026-02-12 06:45:00+01:00,108.25856433387145,107.5
2026-02-12 07:00:00+01:00,107.9074216129097,103.1
2026-02-12 07:15:00+01:00,109.28752921336422,115.0
2026-02-12 07:30:00+01:00,111.77142544114518,121.04
2026-02-12 07:45:00+01:00,128.95066474808513,124.89
2026-02-12 08:00:00+01:00,130.8662346575849,122.67
2026-02-12 08:15:00+01:00,130.61463214828245,123.92
2026-02-12 08:30:00+01:00,130.81312991106967,123.68
2026-02-12 08:45:00+01:00,128.8287880474634,122.02
2026-02-12 09:00:00+01:00,134.04204582221462,129.67
2026-02-12 09:15:00+01:00,135.73399953784292,123.03
2026-02-12 09:30:00+01:00,125.0078350848927,117.45
2026-02-12 09:45:00+01:00,131.61875056104597,114.67
2026-02-12 10:00:00+01:00,145.64438660034708,124.64
2026-02-12 10:15:00+01:00,143.43674872896298,116.27
2026-02-12 10:30:00+01:00,135.7979070204076,115.13
2026-02-12 10:45:00+01:00,131.49868928282106,114.04
2026-02-12 11:00:00+01:00,136.91890314869448,114.92
2026-02-12 11:15:00+01:00,135.9669834225137,113.16
2026-02-12 11:30:00+01:00,135.50831960779334,110.1
2026-02-12 11:45:00+01:00,122.81060167803827,106.43
2026-02-12 12:00:00+01:00,123.53783210343164,107.59
2026-02-12 12:15:00+01:00,129.80962937220735,104.95
2026-02-12 12:30:00+01:00,127.67294377267605,105.44
2026-02-12 12:45:00+01:00,127.69623872773836,104.08
2026-02-12 13:00:00+01:00,133.08931428606925,105.48
2026-02-12 13:15:00+01:00,128.30614564450278,104.44
2026-02-12 13:30:00+01:00,126.78974492829269,102.87
2026-02-12 13:45:00+01:00,128.67351719248916,101.43
2026-02-12 14:00:00+01:00,127.75163235108091,104.37
2026-02-12 14:15:00+01:00,127.92966147871533,104.7
2026-02-12 14:30:00+01:00,125.5998326735104,105.48
2026-02-12 14:45:00+01:00,135.62072613994806,106.3
2026-02-12 15:00:00+01:00,125.6841396350665,103.56
2026-02-12 15:15:00+01:00,127.9363479925492,103.26
2026-02-12 15:30:00+01:00,146.3145799502559,109.47
2026-02-12 15:45:00+01:00,146.32326980317453,115.63
2026-02-12 16:00:00+01:00,140.54775828412946,103.91
2026-02-12 16:15:00+01:00,147.55980814715772,107.15
2026-02-12 16:30:00+01:00,140.21939765002782,113.61
2026-02-12 16:45:00+01:00,140.79252012689932,118.47
2026-02-12 17:00:00+01:00,143.6743635260983,109.02
2026-02-12 17:15:00+01:00,148.86490221736926,121.71
2026-02-12 17:30:00+01:00,158.33350677344427,129.8
2026-02-12 17:45:00+01:00,147.37264613413905,131.67
2026-02-12 18:00:00+01:00,156.20545695998374,130.01
2026-02-12 18:15:00+01:00,150.4069213229331,128.13
2026-02-12 18:30:00+01:00,149.70851709556942,123.15
2026-02-12 18:45:00+01:00,124.83856901004415,121.36
2026-02-12 19:00:00+01:00,150.33384368737444,132.11
2026-02-12 19:15:00+01:00,132.25967463547065,124.16
2026-02-12 19:30:00+01:00,113.85034426893935,117.01
2026-02-12 19:45:00+01:00,103.27316660672898,110.21
2026-02-12 20:00:00+01:00,120.07037932867564,126.27
2026-02-12 20:15:00+01:00,101.47608764734838,107.29
2026-02-12 20:30:00+01:00,100.43610589877208,103.15
2026-02-12 20:45:00+01:00,102.61844612661187,99.7
2026-02-12 21:00:00+01:00,112.56974527960087,106.6
2026-02-12 21:15:00+01:00,105.45305156271439,103.12
2026-02-12 21:30:00+01:00,100.94256033720201,98.19
2026-02-12 21:45:00+01:00,92.81611244359398,90.86
2026-02-12 22:00:00+01:00,107.94871831536499,104.59
2026-02-12 22:15:00+01:00,102.19465237035244,96.66
2026-02-12 22:30:00+01:00,101.07598290021117,94.13
2026-02-12 22:45:00+01:00,95.51045903470572,93.32
2026-02-12 23:00:00+01:00,100.9207818311777,98.42
2026-02-12 23:15:00+01:00,94.79258224056302,90.93
2026-02-12 23:30:00+01:00,91.63127493589447,85.92
2026-02-12 23:45:00+01:00,88.30933414309074,82.06
2026-02-13 00:00:00+01:00,93.34935406320618,85.72
2026-02-13 00:15:00+01:00,91.09379879331141,85.02
2026-02-13 00:30:00+01:00,88.16751485465821,83.16
2026-02-13 00:45:00+01:00,86.02401182952791,81.53
2026-02-13 01:00:00+01:00,90.47613675794027,83.9
2026-02-13 01:15:00+01:00,91.90851601996374,83.89
2026-02-13 01:30:00+01:00,89.57003477828658,83.36
2026-02-13 01:45:00+01:00,87.23376299340823,83.49
2026-02-13 02:00:00+01:00,89.30407661183003,81.72
2026-02-13 02:15:00+01:00,87.45045896872719,82.05
2026-02-13 02:30:00+01:00,88.35937299834985,82.43
2026-02-13 02:45:00+01:00,87.79567854994511,82.67
2026-02-13 03:00:00+01:00,89.12493565608297,81.18
2026-02-13 03:15:00+01:00,85.50746885741731,81.87
2026-02-13 03:30:00+01:00,87.15667203674245,82.31
2026-02-13 03:45:00+01:00,89.34867612716515,82.06
2026-02-13 04:00:00+01:00,85.8157270197679,81.57
2026-02-13 04:15:00+01:00,87.15395260898572,82.66
2026-02-13 04:30:00+01:00,90.77650233549406,83.89
2026-02-13 04:45:00+01:00,92.96688491977939,85.28
2026-02-13 05:00:00+01:00,88.63659309319026,84.06
2026-02-13 05:15:00+01:00,91.49229889585787,83.66
2026-02-13 05:30:00+01:00,95.14216830054444,87.75
2026-02-13 05:45:00+01:00,102.48791791002229,93.28
2026-02-13 06:00:00+01:00,91.96721552771739,84.42
2026-02-13 06:15:00+01:00,107.0099408001519,93.56
2026-02-13 06:30:00+01:00,120.8317948689751,103.67
2026-02-13 06:45:00+01:00,115.86207810936588,113.26
2026-02-13 07:00:00+01:00,109.50317915416683,105.21
2026-02-13 07:15:00+01:00,121.68263161108035,119.26
2026-02-13 07:30:00+01:00,115.11117358210605,121.64
2026-02-13 07:45:00+01:00,125.91650177584074,124.8
2026-02-13 08:00:00+01:00,119.45928038242485,122.21
2026-02-13 08:15:00+01:00,126.74491916143322,125.86
2026-02-13 08:30:00+01:00,126.07062307418146,124.58
2026-02-13 08:45:00+01:00,137.19273193385993,122.75
2026-02-13 09:00:00+01:00,144.5740112116685,128.75
2026-02-13 09:15:00+01:00,143.23478965813723,123.8
2026-02-13 09:30:00+01:00,131.85349967367446,115.43
2026-02-13 09:45:00+01:00,125.73678321092123,108.62
2026-02-13 10:00:00+01:00,140.66513356460112,112.71
2026-02-13 10:15:00+01:00,136.01986212502456,107.88
2026-02-13 10:30:00+01:00,129.62367278302415,104.38
2026-02-13 10:45:00+01:00,125.35859914045881,100.6
2026-02-13 11:00:00+01:00,127.05118012473983,104.18
2026-02-13 11:15:00+01:00,122.07001744529649,101.7
2026-02-13 11:30:00+01:00,117.2583548182071,99.54
2026-02-13 11:45:00+01:00,118.59432098388517,98.7
2026-02-13 12:00:00+01:00,124.57661822064628,98.62
2026-02-13 12:15:00+01:00,113.704065247265,97.41
2026-02-13 12:30:00+01:00,112.87443047322076,97.03
2026-02-13 12:45:00+01:00,113.16432469822387,96.14
2026-02-13 13:00:00+01:00,112.27898952350995,96.49
2026-02-13 13:15:00+01:00,113.37031484686042,96.94
2026-02-13 13:30:00+01:00,114.46667778000516,98.61
2026-02-13 13:45:00+01:00,108.60847651120685,97.94
2026-02-13 14:00:00+01:00,107.41201320907096,98.93
2026-02-13 14:15:00+01:00,118.06887495315362,99.74
2026-02-13 14:30:00+01:00,131.0286457606223,103.6
2026-02-13 14:45:00+01:00,135.41927211010486,106.09
2026-02-13 15:00:00+01:00,120.76152458803027,105.73
2026-02-13 15:15:00+01:00,128.4501718440598,111.95
2026-02-13 15:30:00+01:00,146.99027343380294,122.63
2026-02-13 15:45:00+01:00,151.2675855314955,132.08
2026-02-13 16:00:00+01:00,124.71838414708577,117.97
2026-02-13 16:15:00+01:00,133.239696331958,122.34
2026-02-13 16:30:00+01:00,146.2012416846965,126.63
2026-02-13 16:45:00+01:00,155.71519094560205,136.68
2026-02-13 17:00:00+01:00,144.0769913762104,122.62
2026-02-13 17:15:00+01:00,149.71761850215375,131.77
2026-02-13 17:30:00+01:00,166.10233935476006,135.7
2026-02-13 17:45:00+01:00,181.83341437061102,137.85
2026-02-13 18:00:00+01:00,158.28959047429177,140.35
2026-02-13 18:15:00+01:00,149.43705896948572,135.88
2026-02-13 18:30:00+01:00,143.68220858996963,134.76
2026-02-13 18:45:00+01:00,147.8417988498145,133.1
2026-02-13 19:00:00+01:00,139.33313390915563,144.63
2026-02-13 19:15:00+01:00,133.04566491135785,134.85
2026-02-13 19:30:00+01:00,139.6759249511416,127.69
2026-02-13 19:45:00+01:00,126.33057932885052,120.4
2026-02-13 20:00:00+01:00,139.31531586677508,137.0
2026-02-13 20:15:00+01:00,122.14984816355502,130.66
2026-02-13 20:30:00+01:00,117.70783188603707,122.0
2026-02-13 20:45:00+01:00,107.35715013442336,114.34
2026-02-13 21:00:00+01:00,131.46331482114348,127.41
2026-02-13 21:15:00+01:00,121.69029285618095,121.8
2026-02-13 21:30:00+01:00,114.0274027162998,114.7
2026-02-13 21:45:00+01:00,108.64308185107834,106.41
2026-02-13 22:00:00+01:00,112.62997841919784,119.88
2026-02-13 22:15:00+01:00,110.1425576585909,110.36
2026-02-13 22:30:00+01:00,108.07652755440739,106.71
2026-02-13 22:45:00+01:00,101.56361087071872,102.84
2026-02-13 23:00:00+01:00,104.88125348420539,106.35
2026-02-13 23:15:00+01:00,100.20435646642466,102.19
2026-02-13 23:30:00+01:00,94.73174614926783,100.72
2026-02-13 23:45:00+01:00,94.72607394608741,94.17
2026-02-14 00:00:00+01:00,105.96886195571516,103.97
2026-02-14 00:15:00+01:00,100.67949368297502,98.7
2026-02-14 00:30:00+01:00,95.91457293303087,94.02
2026-02-14 00:45:00+01:00,93.73922172390895,91.28
2026-02-14 01:00:00+01:00,104.41740497357827,94.83
2026-02-14 01:15:00+01:00,99.19418012289304,93.76
2026-02-14 01:30:00+01:00,95.85370034951876,90.55
2026-02-14 01:45:00+01:00,93.88112896654698,88.18
2026-02-14 02:00:00+01:00,96.54359197438946,91.9
2026-02-14 02:15:00+01:00,97.10135454337964,88.96
2026-02-14 02:30:00+01:00,94.987167133213,87.21
2026-02-14 02:45:00+01:00,94.11021670881802,88.29
2026-02-14 03:00:00+01:00,94.12635958091587,91.69
2026-02-14 03:15:00+01:00,96.21213281666611,88.76
2026-02-14 03:30:00+01:00,96.06426618284607,87.45
2026-02-14 03:45:00+01:00,96.01182598537244,86.79
2026-02-14 04:00:00+01:00,93.51224038675157,87.63
2026-02-14 04:15:00+01:00,94.69825160776,88.07
2026-02-14 04:30:00+01:00,95.54441339486075,87.55
2026-02-14 04:45:00+01:00,97.05815157841499,86.78
2026-02-14 05:00:00+01:00,96.34569067944584,88.35
2026-02-14 05:15:00+01:00,96.1874786408157,86.62
2026-02-14 05:30:00+01:00,97.99699706677889,89.24
2026-02-14 05:45:00+01:00,96.33073868759774,90.79
2026-02-14 06:00:00+01:00,95.58362608268729,88.94
2026-02-14 06:15:00+01:00,95.7116943797647,89.5
2026-02-14 06:30:00+01:00,99.03864431789772,89.63
2026-02-14 06:45:00+01:00,99.50816686872344,92.8
2026-02-14 07:00:00+01:00,98.61770743994806,90.94
2026-02-14 07:15:00+01:00,97.97158309169872,90.52
2026-02-14 07:30:00+01:00,99.62380899190406,94.15
2026-02-14 07:45:00+01:00,101.73831819794643,96.86
2026-02-14 08:00:00+01:00,101.60556095307383,97.1
2026-02-14 08:15:00+01:00,106.78499393086838,102.41
2026-02-14 08:30:00+01:00,111.15769220840279,103.9
2026-02-14 08:45:00+01:00,119.08452993520675,103.92
2026-02-14 09:00:00+01:00,124.58105420083645,110.11
2026-02-14 09:15:00+01:00,121.48529232375361,109.13
2026-02-14 09:30:00+01:00,113.81141953953734,106.96
2026-02-14 09:45:00+01:00,111.01192312774202,103.76
2026-02-14 10:00:00+01:00,126.72310997138182,109.93
2026-02-14 10:15:00+01:00,116.3793277397782,104.89
2026-02-14 10:30:00+01:00,106.39560220961543,102.64
2026-02-14 10:45:00+01:00,101.85859093791056,98.42
2026-02-14 11:00:00+01:00,111.25497838536778,101.49
2026-02-14 11:15:00+01:00,104.5112684216851,98.81
2026-02-14 11:30:00+01:00,107.23426659911286,96.87
2026-02-14 11:45:00+01:00,101.35307835595275,95.48
2026-02-14 12:00:00+01:00,109.23715131998493,96.84
2026-02-14 12:15:00+01:00,104.68208836988515,96.54
2026-02-14 12:30:00+01:00,103.65671108581459,94.62
2026-02-14 12:45:00+01:00,102.82813237587771,92.64
2026-02-14 13:00:00+01:00,103.19436349927041,95.24
2026-02-14 13:15:00+01:00,99.99434343919862,94.78
2026-02-14 13:30:00+01:00,106.15391322681235,92.47
2026-02-14 13:45:00+01:00,108.87588054260976,93.4
2026-02-14 14:00:00+01:00,104.46799408409025,91.93
2026-02-14 14:15:00+01:00,106.90716101512119,95.21
2026-02-14 14:30:00+01:00,112.7824830792367,97.87
2026-02-14 14:45:00+01:00,120.86865505415365,103.44
2026-02-14 15:00:00+01:00,108.9998729594576,98.77
2026-02-14 15:15:00+01:00,119.87238110086936,101.92
2026-02-14 15:30:00+01:00,130.6745923947853,106.49
2026-02-14 15:45:00+01:00,135.15192441799184,112.63
2026-02-14 16:00:00+01:00,121.36902043702946,104.96
2026-02-14 16:15:00+01:00,131.2109639641175,114.63
2026-02-14 16:30:00+01:00,136.52059133204597,122.34
2026-02-14 16:45:00+01:00,142.72348984031626,125.62
2026-02-14 17:00:00+01:00,137.6543928162158,113.79
2026-02-14 17:15:00+01:00,147.8087778339673,125.2
2026-02-14 17:30:00+01:00,156.37191775370076,131.94
2026-02-14 17:45:00+01:00,157.1687193328904,133.47
2026-02-14 18:00:00+01:00,145.49632929828988,131.01
2026-02-14 18:15:00+01:00,142.90987118503227,132.22
2026-02-14 18:30:00+01:00,141.086690139543,133.92
2026-02-14 18:45:00+01:00,134.99739077831057,130.56
2026-02-14 19:00:00+01:00,143.31635719120305,135.0
2026-02-14 19:15:00+01:00,136.38165825050902,129.4
2026-02-14 19:30:00+01:00,133.18885905722232,127.0
2026-02-14 19:45:00+01:00,124.49891111558111,123.48
2026-02-14 20:00:00+01:00,131.21250275043934,129.99
2026-02-14 20:15:00+01:00,127.46969553171357,126.73
2026-02-14 20:30:00+01:00,122.45751939044403,118.33
2026-02-14 20:45:00+01:00,113.65160394671953,117.72
2026-02-14 21:00:00+01:00,125.16921541858191,126.28
2026-02-14 21:15:00+01:00,122.91518032822736,120.97
2026-02-14 21:30:00+01:00,117.723969789508,114.01
2026-02-14 21:45:00+01:00,111.2248982097782,106.66
2026-02-14 22:00:00+01:00,114.7807398147208,120.88
2026-02-14 22:15:00+01:00,112.82848087535305,113.23
2026-02-14 22:30:00+01:00,109.30634751069748,106.94
2026-02-14 22:45:00+01:00,105.51519802834477,103.76
2026-02-14 23:00:00+01:00,105.7660480389491,103.75
2026-02-14 23:15:00+01:00,106.97041498730975,103.42
2026-02-14 23:30:00+01:00,102.6171172803272,100.9
2026-02-14 23:45:00+01:00,97.2986911696159,96.33
2026-02-15 00:00:00+01:00,100.38768501455274,107.51
2026-02-15 00:15:00+01:00,96.48202103134457,101.67
2026-02-15 00:30:00+01:00,97.28981472709604,99.67
2026-02-15 00:45:00+01:00,95.59225090151354,98.26
2026-02-15 01:00:00+01:00,95.18091555156944,103.9
2026-02-15 01:15:00+01:00,95.58940908972667,100.44
2026-02-15 01:30:00+01:00,94.92189934710028,99.06
2026-02-15 01:45:00+01:00,91.50032758761795,96.39
2026-02-15 02:00:00+01:00,97.19181028164975,100.54
2026-02-15 02:15:00+01:00,95.44581037955543,100.75
2026-02-15 02:30:00+01:00,93.95060293328642,100.9
2026-02-15 02:45:00+01:00,92.92662929809369,100.83
2026-02-15 03:00:00+01:00,91.31999073328188,100.29
2026-02-15 03:15:00+01:00,91.78442607713546,99.15
2026-02-15 03:30:00+01:00,91.4964615165848,97.35
2026-02-15 03:45:00+01:00,92.3940256237563,95.31
2026-02-15 04:00:00+01:00,91.33966191689058,98.25
2026-02-15 04:15:00+01:00,91.26759929884176,97.5
2026-02-15 04:30:00+01:00,90.57381482566834,95.59
2026-02-15 04:45:00+01:00,89.40536999994745,94.74
2026-02-15 05:00:00+01:00,90.53401630818038,96.67
2026-02-15 05:15:00+01:00,87.62735910814793,93.89
2026-02-15 05:30:00+01:00,92.79566946271204,93.19
2026-02-15 05:45:00+01:00,98.55460438938499,93.67
2026-02-15 06:00:00+01:00,94.67027524951304,92.85
2026-02-15 06:15:00+01:00,97.39822983285266,94.19
2026-02-15 06:30:00+01:00,100.09957978100174,94.73
2026-02-15 06:45:00+01:00,114.41212402763334,94.9
2026-02-15 07:00:00+01:00,102.81090047090214,96.58
2026-02-15 07:15:00+01:00,112.43886558633747,94.97
2026-02-15 07:30:00+01:00,117.99493738422615,96.25
2026-02-15 07:45:00+01:00,122.91825937709314,96.66
2026-02-15 08:00:00+01:00,119.09256000747973,100.67
2026-02-15 08:15:00+01:00,123.14579065271614,97.54
2026-02-15 08:30:00+01:00,115.85367787770832,95.67
2026-02-15 08:45:00+01:00,116.3063041812699,93.32
2026-02-15 09:00:00+01:00,115.26443932071078,99.15
2026-02-15 09:15:00+01:00,112.2159996727063,94.3
2026-02-15 09:30:00+01:00,109.30497639552463,92.51
2026-02-15 09:45:00+01:00,103.8452874597064,86.3
2026-02-15 10:00:00+01:00,107.26371819289827,91.49
2026-02-15 10:15:00+01:00,106.46726007533776,86.74
2026-02-15 10:30:00+01:00,102.99137234711061,82.92
2026-02-15 10:45:00+01:00,99.53403781900518,70.92
2026-02-15 11:00:00+01:00,100.90450186311368,79.73
2026-02-15 11:15:00+01:00,101.21756821664927,76.39
2026-02-15 11:30:00+01:00,99.80643062402588,74.42
2026-02-15 11:45:00+01:00,96.03873331594248,68.35
2026-02-15 12:00:00+01:00,100.11684447681851,69.92
2026-02-15 12:15:00+01:00,99.15128835895776,71.3
2026-02-15 12:30:00+01:00,96.03765951571569,66.69
2026-02-15 12:45:00+01:00,92.91691424939917,61.57
2026-02-15 13:00:00+01:00,95.58251912803772,66.88
2026-02-15 13:15:00+01:00,95.31786516856897,64.72
2026-02-15 13:30:00+01:00,95.77802225048973,64.04
2026-02-15 13:45:00+01:00,95.38795083424196,61.99
2026-02-15 14:00:00+01:00,94.4959415144126,63.71
2026-02-15 14:15:00+01:00,97.28892559323998,60.3
2026-02-15 14:30:00+01:00,99.10002454225095,65.83
2026-02-15 14:45:00+01:00,103.06949792431595,67.85
2026-02-15 15:00:00+01:00,98.09109301860461,62.05
2026-02-15 15:15:00+01:00,102.34220920230592,66.37
2026-02-15 15:30:00+01:00,107.11418102618278,74.29
2026-02-15 15:45:00+01:00,111.73309366933847,85.1
2026-02-15 16:00:00+01:00,103.55603100182348,71.2
2026-02-15 16:15:00+01:00,111.01380337157444,82.67
2026-02-15 16:30:00+01:00,116.15987003259296,88.68
2026-02-15 16:45:00+01:00,120.8868820555177,94.27
2026-02-15 17:00:00+01:00,114.12486327661578,92.5
2026-02-15 17:15:00+01:00,122.08515358311246,96.99
2026-02-15 17:30:00+01:00,127.70751761751349,98.5
2026-02-15 17:45:00+01:00,132.65478874979726,97.55
2026-02-15 18:00:00+01:00,126.71772789694596,99.73
2026-02-15 18:15:00+01:00,122.6594192663375,99.98
2026-02-15 18:30:00+01:00,126.11698071002111,98.82
2026-02-15 18:45:00+01:00,118.87422288158112,94.28
2026-02-15 19:00:00+01:00,119.68921556405532,92.7
2026-02-15 19:15:00+01:00,110.81349437914888,87.91
2026-02-15 19:30:00+01:00,105.4119469723129,81.9
2026-02-15 19:45:00+01:00,102.69137029822275,71.94
2026-02-15 20:00:00+01:00,108.55349270543898,82.82
2026-02-15 20:15:00+01:00,100.96364020227583,76.7
2026-02-15 20:30:00+01:00,101.04798544298272,69.49
2026-02-15 20:45:00+01:00,99.52851987386013,55.0
2026-02-15 21:00:00+01:00,104.22378931020417,74.93
2026-02-15 21:15:00+01:00,98.28414919225456,70.25
2026-02-15 21:30:00+01:00,95.41339000831788,65.94
2026-02-15 21:45:00+01:00,91.96321982857272,57.93
2026-02-15 22:00:00+01:00,98.03742256038353,73.0
2026-02-15 22:15:00+01:00,94.41536283067883,66.94
2026-02-15 22:30:00+01:00,96.54028560887998,65.18
2026-02-15 22:45:00+01:00,93.33378190703846,57.34
2026-02-15 23:00:00+01:00,92.50664334447113,71.5
2026-02-15 23:15:00+01:00,87.22523937899234,65.1
2026-02-15 23:30:00+01:00,83.37399102899147,58.49
2026-02-15 23:45:00+01:00,79.30166052378117,37.07
2026-02-16 00:00:00+01:00,55.56115977101923,75.64
2026-02-16 00:15:00+01:00,52.64219714975145,74.09
2026-02-16 00:30:00+01:00,47.89595874436942,65.08
2026-02-16 00:45:00+01:00,44.35625154280865,60.91
2026-02-16 01:00:00+01:00,43.61961151737041,69.29
2026-02-16 01:15:00+01:00,39.32668335999956,64.77
2026-02-16 01:30:00+01:00,41.009729333286664,64.55
2026-02-16 01:45:00+01:00,42.01616536103532,62.89
2026-02-16 02:00:00+01:00,46.33259893256613,64.63
2026-02-16 02:15:00+01:00,42.7699584450798,63.81
2026-02-16 02:30:00+01:00,48.15589227755141,64.63
2026-02-16 02:45:00+01:00,49.080483149814626,64.57
2026-02-16 03:00:00+01:00,51.574052769013925,63.2
2026-02-16 03:15:00+01:00,48.24684963494585,63.71
2026-02-16 03:30:00+01:00,51.95047995725288,65.64
2026-02-16 03:45:00+01:00,55.58367785526964,65.1
2026-02-16 04:00:00+01:00,47.53766281182785,63.01
2026-02-16 04:15:00+01:00,53.61252868575175,63.37
2026-02-16 04:30:00+01:00,57.432918761828866,66.76
2026-02-16 04:45:00+01:00,62.56103235572601,71.07
2026-02-16 05:00:00+01:00,50.567693876866855,60.1
2026-02-16 05:15:00+01:00,59.78880070225263,66.37
2026-02-16 05:30:00+01:00,64.89786040927355,75.91
2026-02-16 05:45:00+01:00,73.70582523323857,77.56
2026-02-16 06:00:00+01:00,64.63310445258352,60.47
2026-02-16 06:15:00+01:00,81.45524802516702,73.23
2026-02-16 06:30:00+01:00,84.62624171008164,83.91
2026-02-16 06:45:00+01:00,93.9396765863437,99.7
2026-02-16 07:00:00+01:00,85.85766392444856,82.37
2026-02-16 07:15:00+01:00,81.80725682587779,94.32
2026-02-16 07:30:00+01:00,93.61427487340386,99.24
2026-02-16 07:45:00+01:00,104.99794736105751,100.36
2026-02-16 08:00:00+01:00,98.72253990200414,97.01
2026-02-16 08:15:00+01:00,106.00029425937059,103.01
2026-02-16 08:30:00+01:00,109.18483418918676,103.1
2026-02-16 08:45:00+01:00,104.31003260817953,101.01
2026-02-16 09:00:00+01:00,119.43377835162926,106.53
2026-02-16 09:15:00+01:00,111.56313367173252,104.14
2026-02-16 09:30:00+01:00,104.91147755379099,104.0
2026-02-16 09:45:00+01:00,102.72647348012386,103.03
2026-02-16 10:00:00+01:00,110.76818519686607,111.82
2026-02-16 10:15:00+01:00,100.07145101372268,102.01
2026-02-16 10:30:00+01:00,105.080458255515,97.7
2026-02-16 10:45:00+01:00,104.41433457155401,94.63
2026-02-16 11:00:00+01:00,100.4900724241582,97.58
2026-02-16 11:15:00+01:00,100.64461769876289,94.52
2026-02-16 11:30:00+01:00,101.59260204708937,93.94
2026-02-16 11:45:00+01:00,102.18426319564749,93.4
2026-02-16 12:00:00+01:00,103.83825552241623,91.89
2026-02-16 12:15:00+01:00,101.49112386330113,91.9
2026-02-16 12:30:00+01:00,99.9234353204436,92.27
2026-02-16 12:45:00+01:00,102.67956525768493,91.95
2026-02-16 13:00:00+01:00,98.10939138983764,93.57
2026-02-16 13:15:00+01:00,97.59571375352898,93.46
2026-02-16 13:30:00+01:00,101.69817014571274,93.75
2026-02-16 13:45:00+01:00,102.24802224283681,96.83
2026-02-16 14:00:00+01:00,99.28070094471748,90.99
2026-02-16 14:15:00+01:00,110.19126616807922,93.68
2026-02-16 14:30:00+01:00,108.99660793056016,99.42
2026-02-16 14:45:00+01:00,119.04637779997755,99.96
2026-02-16 15:00:00+01:00,108.06004600325825,95.91
2026-02-16 15:15:00+01:00,114.9282938662928,98.6
2026-02-16 15:30:00+01:00,119.37925679812179,107.87
2026-02-16 15:45:00+01:00,131.2847711200511,113.92
2026-02-16 16:00:00+01:00,118.73891334670634,106.11
2026-02-16 16:15:00+01:00,123.7187574349199,114.65
2026-02-16 16:30:00+01:00,128.17280750774572,118.03
2026-02-16 16:45:00+01:00,142.74117693181307,122.42
2026-02-16 17:00:00+01:00,120.57080134690575,120.2
2026-02-16 17:15:00+01:00,127.98088536532474,129.39
2026-02-16 17:30:00+01:00,142.12331096772968,131.77
2026-02-16 17:45:00+01:00,144.5795537442972,140.06
2026-02-16 18:00:00+01:00,133.47260356207752,132.03
2026-02-16 18:15:00+01:00,138.74840336609464,129.22
2026-02-16 18:30:00+01:00,139.89809374487606,128.8
2026-02-16 18:45:00+01:00,136.51421731297157,126.42
2026-02-16 19:00:00+01:00,144.04100226467787,133.14
2026-02-16 19:15:00+01:00,139.3702412137542,126.59
2026-02-16 19:30:00+01:00,136.9589847869901,126.61
2026-02-16 19:45:00+01:00,128.55356285334915,119.08
2026-02-16 20:00:00+01:00,129.64642554068385,121.79
2026-02-16 20:15:00+01:00,129.21662132582105,119.5
2026-02-16 20:30:00+01:00,122.55816247555029,113.81
2026-02-16 20:45:00+01:00,115.38773855959442,107.43
2026-02-16 21:00:00+01:00,117.17444846949851,112.26
2026-02-16 21:15:00+01:00,116.20337759496269,107.94
2026-02-16 21:30:00+01:00,112.56092063942555,99.73
2026-02-16 21:45:00+01:00,104.77795927183077,95.66
2026-02-16 22:00:00+01:00,120.12389421647035,106.0
2026-02-16 22:15:00+01:00,110.79331459732431,104.98
2026-02-16 22:30:00+01:00,106.4399025376094,101.23
2026-02-16 22:45:00+01:00,105.35282434703375,95.47
2026-02-16 23:00:00+01:00,110.58673242738318,101.58
2026-02-16 23:15:00+01:00,104.86227491277407,94.64
2026-02-16 23:30:00+01:00,97.63480642374142,89.32
2026-02-16 23:45:00+01:00,92.58304154991475,85.48
2026-02-17 00:00:00+01:00,104.98089447713551,89.45
2026-02-17 00:15:00+01:00,97.50157560806866,88.09
2026-02-17 00:30:00+01:00,92.15319397067229,85.73
2026-02-17 00:45:00+01:00,89.1066330292776,84.81
2026-02-17 01:00:00+01:00,95.0536424792689,86.56
2026-02-17 01:15:00+01:00,91.69809248856683,84.78
2026-02-17 01:30:00+01:00,88.99718585579326,84.81
2026-02-17 01:45:00+01:00,89.13568256276076,84.27
2026-02-17 02:00:00+01:00,89.7098404590695,84.45
2026-02-17 02:15:00+01:00,87.62370125902554,84.39
2026-02-17 02:30:00+01:00,88.90197343136015,85.27
2026-02-17 02:45:00+01:00,87.50728054382554,85.01
2026-02-17 03:00:00+01:00,89.72663294708744,86.33
2026-02-17 03:15:00+01:00,89.24680260158632,85.85
2026-02-17 03:30:00+01:00,89.5030333457582,85.92
2026-02-17 03:45:00+01:00,90.07371275758362,84.5
2026-02-17 04:00:00+01:00,86.12612955435401,82.47
2026-02-17 04:15:00+01:00,88.21259038433121,86.05
2026-02-17 04:30:00+01:00,89.81485747256045,83.78
2026-02-17 04:45:00+01:00,90.03007368564133,86.97
2026-02-17 05:00:00+01:00,87.69925797355525,83.21
2026-02-17 05:15:00+01:00,90.36558698462952,85.72
2026-02-17 05:30:00+01:00,96.09768617862045,87.98
2026-02-17 05:45:00+01:00,103.27909939949208,98.46
2026-02-17 06:00:00+01:00,94.86746505450786,87.85
2026-02-17 06:15:00+01:00,103.2699087325392,102.99
2026-02-17 06:30:00+01:00,116.97597965615707,105.55
2026-02-17 06:45:00+01:00,128.9039254420549,114.5
2026-02-17 07:00:00+01:00,111.2876123132201,105.66
2026-02-17 07:15:00+01:00,129.05473550890386,110.15
2026-02-17 07:30:00+01:00,132.53998301791486,116.46
2026-02-17 07:45:00+01:00,147.53286027820943,125.04
2026-02-17 08:00:00+01:00,149.97993466624482,118.04
2026-02-17 08:15:00+01:00,153.58504050719444,116.29
2026-02-17 08:30:00+01:00,143.6451339721865,113.54
2026-02-17 08:45:00+01:00,137.079591581545,111.55
2026-02-17 09:00:00+01:00,140.32245229362744,125.25
2026-02-17 09:15:00+01:00,134.9388437452357,111.8
2026-02-17 09:30:00+01:00,122.2207521193036,105.88
2026-02-17 09:45:00+01:00,121.71824791911155,100.42
2026-02-17 10:00:00+01:00,135.2363567983617,106.26
2026-02-17 10:15:00+01:00,126.29091244511744,103.13
2026-02-17 10:30:00+01:00,121.3907579702561,100.73
2026-02-17 10:45:00+01:00,112.14661569788451,99.48
2026-02-17 11:00:00+01:00,117.28388745562194,100.41
2026-02-17 11:15:00+01:00,109.08779626540833,97.08
2026-02-17 11:30:00+01:00,109.15056122063626,89.44
2026-02-17 11:45:00+01:00,113.28159076731798,85.29
2026-02-17 12:00:00+01:00,110.98154121335777,88.32
2026-02-17 12:15:00+01:00,105.73928831423947,84.42
2026-02-17 12:30:00+01:00,105.31822374652697,83.71
2026-02-17 12:45:00+01:00,105.62811748759934,79.31
2026-02-17 13:00:00+01:00,106.43385850576212,86.98
2026-02-17 13:15:00+01:00,105.10200937336961,83.1
2026-02-17 13:30:00+01:00,107.03993501680748,79.0
2026-02-17 13:45:00+01:00,106.28716584620709,80.09
2026-02-17 14:00:00+01:00,102.75645735673612,82.21
2026-02-17 14:15:00+01:00,106.07096012520017,82.03
2026-02-17 14:30:00+01:00,116.09203938872133,82.29
2026-02-17 14:45:00+01:00,118.67292356269958,83.14
2026-02-17 15:00:00+01:00,108.1729648185937,82.11
2026-02-17 15:15:00+01:00,113.7839863071356,82.74
2026-02-17 15:30:00+01:00,116.50654518185415,86.68
2026-02-17 15:45:00+01:00,121.19207533610196,93.98
2026-02-17 16:00:00+01:00,120.4661928599676,90.35
2026-02-17 16:15:00+01:00,119.75063833542619,91.03
2026-02-17 16:30:00+01:00,120.20936732734577,92.03
2026-02-17 16:45:00+01:00,124.47979846687036,102.92
2026-02-17 17:00:00+01:00,118.57582860439764,103.0
2026-02-17 17:15:00+01:00,128.42990585393719,107.8
2026-02-17 17:30:00+01:00,130.84407402407817,111.84
2026-02-17 17:45:00+01:00,131.30118218448766,120.58
2026-02-17 18:00:00+01:00,129.1369954450744,120.37
2026-02-17 18:15:00+01:00,129.80868464674367,121.5
2026-02-17 18:30:00+01:00,127.39679568628351,131.89
2026-02-17 18:45:00+01:00,130.61687126631634,134.14
2026-02-17 19:00:00+01:00,130.435805396565,133.39
2026-02-17 19:15:00+01:00,125.55679432497548,129.76
2026-02-17 19:30:00+01:00,126.69789695379153,123.75
2026-02-17 19:45:00+01:00,115.76551613794129,119.5
2026-02-17 20:00:00+01:00,122.28492267774516,119.41
2026-02-17 20:15:00+01:00,110.5279854848672,112.24
2026-02-17 20:30:00+01:00,107.40084471925287,108.43
2026-02-17 20:45:00+01:00,104.75619423590582,104.83
2026-02-17 21:00:00+01:00,106.37356312033427,110.94
2026-02-17 21:15:00+01:00,105.43753888064178,105.19
2026-02-17 21:30:00+01:00,102.90667248202631,97.18
2026-02-17 21:45:00+01:00,99.62048063634823,86.5
2026-02-17 22:00:00+01:00,105.48530985688707,98.04
2026-02-17 22:15:00+01:00,102.6845268243163,95.52
2026-02-17 22:30:00+01:00,104.99087089145868,89.88
2026-02-17 22:45:00+01:00,103.37857762347936,89.46
2026-02-17 23:00:00+01:00,109.11166753723215,93.89
2026-02-17 23:15:00+01:00,101.93630781680285,90.57
2026-02-17 23:30:00+01:00,97.0793591208556,88.26
2026-02-17 23:45:00+01:00,90.70026047030741,85.72
2026-02-18 00:00:00+01:00,92.03213081595773,96.14
2026-02-18 00:15:00+01:00,90.18088290578545,96.66
2026-02-18 00:30:00+01:00,89.05168138955288,95.12
2026-02-18 00:45:00+01:00,86.35933373329212,94.6
2026-02-18 01:00:00+01:00,89.28849442626647,94.66
2026-02-18 01:15:00+01:00,89.4426690585455,93.08
2026-02-18 01:30:00+01:00,87.89391604684955,93.46
2026-02-18 01:45:00+01:00,87.23451721595565,93.05
2026-02-18 02:00:00+01:00,87.94751271435136,92.84
2026-02-18 02:15:00+01:00,86.2089254373611,93.64
2026-02-18 02:30:00+01:00,86.72735712583783,93.85
2026-02-18 02:45:00+01:00,86.8668585193087,92.84
2026-02-18 03:00:00+01:00,87.19117555871372,93.73
2026-02-18 03:15:00+01:00,87.6445032926111,92.44
2026-02-18 03:30:00+01:00,88.20309867691086,91.47
2026-02-18 03:45:00+01:00,88.29432181101022,93.06
2026-02-18 04:00:00+01:00,86.49160733012796,90.4
2026-02-18 04:15:00+01:00,87.54760253451296,93.07
2026-02-18 04:30:00+01:00,88.60952654635207,94.37
2026-02-18 04:45:00+01:00,90.24067925122893,95.83
2026-02-18 05:00:00+01:00,87.6044521417156,96.72
2026-02-18 05:15:00+01:00,85.75100952208747,96.92
2026-02-18 05:30:00+01:00,92.95936147367433,100.99
2026-02-18 05:45:00+01:00,100.37722283791594,110.16
2026-02-18 06:00:00+01:00,88.61786852286411,98.15
2026-02-18 06:15:00+01:00,103.50975719137317,111.62
2026-02-18 06:30:00+01:00,115.04590971527942,129.49
2026-02-18 06:45:00+01:00,138.24482139070682,150.79
2026-02-18 07:00:00+01:00,118.22648163286442,148.45
2026-02-18 07:15:00+01:00,134.63348986850542,165.93
2026-02-18 07:30:00+01:00,134.43797887600877,187.44
2026-02-18 07:45:00+01:00,140.41785044732717,200.93
2026-02-18 08:00:00+01:00,152.43098756210304,206.43
2026-02-18 08:15:00+01:00,164.53931275925788,202.47
2026-02-18 08:30:00+01:00,140.37760644627707,182.48
2026-02-18 08:45:00+01:00,141.6131274320481,152.99
2026-02-18 09:00:00+01:00,148.4672815691752,156.12
2026-02-18 09:15:00+01:00,140.17823955290282,147.6
2026-02-18 09:30:00+01:00,133.99192418386087,125.49
2026-02-18 09:45:00+01:00,125.65939754052155,113.36
2026-02-18 10:00:00+01:00,141.44747065132987,133.54
2026-02-18 10:15:00+01:00,131.56106323958514,118.27
2026-02-18 10:30:00+01:00,125.08176125313537,109.96
2026-02-18 10:45:00+01:00,118.95845376035399,101.75
2026-02-18 11:00:00+01:00,130.95976885513835,112.8
2026-02-18 11:15:00+01:00,123.18277301260535,106.17
2026-02-18 11:30:00+01:00,121.5948395155865,104.34
2026-02-18 11:45:00+01:00,107.93819957303846,101.58
2026-02-18 12:00:00+01:00,111.72923356369535,105.21
2026-02-18 12:15:00+01:00,113.42777195610724,100.81
2026-02-18 12:30:00+01:00,112.93881563035008,99.29
2026-02-18 12:45:00+01:00,111.60966409671381,100.02
2026-02-18 13:00:00+01:00,116.82047471620854,102.36
2026-02-18 13:15:00+01:00,117.30033629384738,100.82
2026-02-18 13:30:00+01:00,114.98328206551724,99.84
2026-02-18 13:45:00+01:00,111.86484109460329,98.99
2026-02-18 14:00:00+01:00,112.75118580800105,97.88
2026-02-18 14:15:00+01:00,113.67251191661185,100.06
2026-02-18 14:30:00+01:00,125.65397445979227,106.16
2026-02-18 14:45:00+01:00,123.20597101351152,110.47
2026-02-18 15:00:00+01:00,119.98650884284574,106.16
2026-02-18 15:15:00+01:00,122.46585340299175,109.5
2026-02-18 15:30:00+01:00,130.89092416919345,114.99
2026-02-18 15:45:00+01:00,144.30356379347313,125.71
2026-02-18 16:00:00+01:00,125.39518430194079,111.0
2026-02-18 16:15:00+01:00,136.2228120519977,120.43
2026-02-18 16:30:00+01:00,152.56879419151952,128.14
2026-02-18 16:45:00+01:00,146.9385086303944,128.76
2026-02-18 17:00:00+01:00,134.09696755912714,137.99
2026-02-18 17:15:00+01:00,163.39861209301017,137.3
2026-02-18 17:30:00+01:00,187.92625622303075,142.38
2026-02-18 17:45:00+01:00,173.02348005056152,143.95
2026-02-18 18:00:00+01:00,154.56776849481145,153.49
2026-02-18 18:15:00+01:00,159.2479116772069,144.94
2026-02-18 18:30:00+01:00,142.4973976153796,139.09
2026-02-18 18:45:00+01:00,141.93132267542148,132.87
2026-02-18 19:00:00+01:00,157.46830423965105,129.54
2026-02-18 19:15:00+01:00,152.3905172210699,120.5
2026-02-18 19:30:00+01:00,138.25811938843378,119.46
2026-02-18 19:45:00+01:00,124.90206457924766,109.87
2026-02-18 20:00:00+01:00,134.55337554664774,117.63
2026-02-18 20:15:00+01:00,126.46082048627608,103.29
2026-02-18 20:30:00+01:00,116.7601817708449,97.78
2026-02-18 20:45:00+01:00,108.20867442598865,91.98
2026-02-18 21:00:00+01:00,116.26358091510954,106.14
2026-02-18 21:15:00+01:00,113.80346368407965,101.21
2026-02-18 21:30:00+01:00,110.10368824834332,88.95
2026-02-18 21:45:00+01:00,104.20447936390194,88.26
2026-02-18 22:00:00+01:00,113.83681559342284,101.94
2026-02-18 22:15:00+01:00,107.11718462942142,96.01
2026-02-18 22:30:00+01:00,104.68102878056675,90.79
2026-02-18 22:45:00+01:00,99.92373977749519,91.65
2026-02-18 23:00:00+01:00,110.41554973719397,97.42
2026-02-18 23:15:00+01:00,100.02878942811938,92.41
2026-02-18 23:30:00+01:00,91.93682527365954,86.92
2026-02-18 23:45:00+01:00,89.07712218195057,81.11
2026-02-19 00:00:00+01:00,96.55401358212241,87.84
2026-02-19 00:15:00+01:00,93.38654815089735,83.29
2026-02-19 00:30:00+01:00,88.36341060640498,83.29
2026-02-19 00:45:00+01:00,85.7007207089283,80.68
2026-02-19 01:00:00+01:00,92.77946576184829,86.75
2026-02-19 01:15:00+01:00,90.52848518262236,83.83
2026-02-19 01:30:00+01:00,89.24342142953297,80.8
2026-02-19 01:45:00+01:00,87.51938147479191,76.02
2026-02-19 02:00:00+01:00,90.61445702429559,84.89
2026-02-19 02:15:00+01:00,89.2001850394548,82.0
2026-02-19 02:30:00+01:00,87.6731491120312,81.0
2026-02-19 02:45:00+01:00,87.14640113646249,79.83
2026-02-19 03:00:00+01:00,87.59243247268749,83.58
2026-02-19 03:15:00+01:00,86.94746546767908,80.76
2026-02-19 03:30:00+01:00,85.19452218669858,80.67
2026-02-19 03:45:00+01:00,84.1965486930533,80.79
2026-02-19 04:00:00+01:00,85.57568208977186,74.09
2026-02-19 04:15:00+01:00,86.69292009036172,76.14
2026-02-19 04:30:00+01:00,83.22722833798042,78.71
2026-02-19 04:45:00+01:00,85.63931694422506,81.68
2026-02-19 05:00:00+01:00,88.5127575727723,79.61
2026-02-19 05:15:00+01:00,86.30787411551076,82.26
2026-02-19 05:30:00+01:00,89.90216380150486,86.39
2026-02-19 05:45:00+01:00,93.96408621867033,88.34
2026-02-19 06:00:00+01:00,87.28398729733489,79.98
2026-02-19 06:15:00+01:00,95.08425721270851,83.37
2026-02-19 06:30:00+01:00,105.01853785510232,87.18
2026-02-19 06:45:00+01:00,111.26296852559776,97.92
2026-02-19 07:00:00+01:00,110.55502289129129,82.01
2026-02-19 07:15:00+01:00,115.74992378629592,89.34
2026-02-19 07:30:00+01:00,137.15578724562153,93.55
2026-02-19 07:45:00+01:00,138.47926285235073,92.05
2026-02-19 08:00:00+01:00,138.92853903553038,94.37
2026-02-19 08:15:00+01:00,142.50080643798591,97.84
2026-02-19 08:30:00+01:00,126.60792516133215,98.26
2026-02-19 08:45:00+01:00,127.34403382860482,97.31
2026-02-19 09:00:00+01:00,133.70664524388434,105.63
2026-02-19 09:15:00+01:00,120.46409487781025,104.25
2026-02-19 09:30:00+01:00,114.14573416282211,103.58
2026-02-19 09:45:00+01:00,109.89484365391228,100.98
2026-02-19 10:00:00+01:00,117.84621411008725,106.81
2026-02-19 10:15:00+01:00,113.34601393746547,101.26
2026-02-19 10:30:00+01:00,106.27325880249789,98.3
2026-02-19 10:45:00+01:00,99.69469700649282,97.61
2026-02-19 11:00:00+01:00,103.88319438885112,97.22
2026-02-19 11:15:00+01:00,99.53952924219426,96.84
2026-02-19 11:30:00+01:00,97.64527477282846,95.3
2026-02-19 11:45:00+01:00,94.83225498973944,91.07
2026-02-19 12:00:00+01:00,95.85228415872852,94.52
2026-02-19 12:15:00+01:00,92.11452099484458,90.17
2026-02-19 12:30:00+01:00,92.95832334480684,89.5
2026-02-19 12:45:00+01:00,84.73306578775109,89.81
2026-02-19 13:00:00+01:00,93.98428782271536,90.86
2026-02-19 13:15:00+01:00,89.16563977658714,90.16
2026-02-19 13:30:00+01:00,88.09988414898669,89.76
2026-02-19 13:45:00+01:00,89.19418024674239,89.62
2026-02-19 14:00:00+01:00,83.57340786241706,89.19
2026-02-19 14:15:00+01:00,88.93138232776397,89.7
2026-02-19 14:30:00+01:00,97.4435880308255,89.96
2026-02-19 14:45:00+01:00,96.69631527510145,91.79
2026-02-19 15:00:00+01:00,92.4577519113707,85.28
2026-02-19 15:15:00+01:00,95.75767665581166,88.35
2026-02-19 15:30:00+01:00,104.52523641477181,96.49
2026-02-19 15:45:00+01:00,115.2779565737272,100.23
2026-02-19 16:00:00+01:00,97.03663810279889,88.0
2026-02-19 16:15:00+01:00,103.47132081246838,96.53
2026-02-19 16:30:00+01:00,112.61723031055266,99.33
2026-02-19 16:45:00+01:00,114.00224711928416,101.71
2026-02-19 17:00:00+01:00,109.35083507566115,98.21
2026-02-19 17:15:00+01:00,116.80989554694449,103.36
2026-02-19 17:30:00+01:00,121.07849540205794,108.93
2026-02-19 17:45:00+01:00,121.03636938935627,112.27
2026-02-19 18:00:00+01:00,119.93560836726704,103.92
2026-02-19 18:15:00+01:00,122.75563896698685,106.95
2026-02-19 18:30:00+01:00,125.14281874705296,120.04
2026-02-19 18:45:00+01:00,126.15736054843536,123.16
2026-02-19 19:00:00+01:00,123.064746892595,123.65
2026-02-19 19:15:00+01:00,119.48409959809372,117.36
2026-02-19 19:30:00+01:00,120.40161120437769,104.44
2026-02-19 19:45:00+01:00,115.49201954913013,100.09
2026-02-19 20:00:00+01:00,112.09637505438808,110.58
2026-02-19 20:15:00+01:00,109.2422194207304,100.0
2026-02-19 20:30:00+01:00,106.8573421616707,97.75
2026-02-19 20:45:00+01:00,103.5900195732111,93.61
2026-02-19 21:00:00+01:00,107.8933957853689,103.92
2026-02-19 21:15:00+01:00,107.37320277694253,97.52
2026-02-19 21:30:00+01:00,102.33516191996672,97.09
2026-02-19 21:45:00+01:00,98.09789881555953,93.93
2026-02-19 22:00:00+01:00,106.96994612351389,98.96
2026-02-19 22:15:00+01:00,102.57196346022573,96.86
2026-02-19 22:30:00+01:00,104.8071069082035,89.05
2026-02-19 22:45:00+01:00,102.51217239358726,83.53
2026-02-19 23:00:00+01:00,98.90217890840842,90.72
2026-02-19 23:15:00+01:00,99.23287719443803,85.34
2026-02-19 23:30:00+01:00,95.58864638967019,83.2
2026-02-19 23:45:00+01:00,91.83649729529408,81.48
2026-02-20 00:00:00+01:00,88.89866789963678,87.53
2026-02-20 00:15:00+01:00,87.98086901111952,85.16
2026-02-20 00:30:00+01:00,87.16428917295782,86.27
2026-02-20 00:45:00+01:00,83.68151472449534,85.28
2026-02-20 01:00:00+01:00,84.8162672085192,86.83
2026-02-20 01:15:00+01:00,82.89174993719567,86.57
2026-02-20 01:30:00+01:00,84.639080651195,85.62
2026-02-20 01:45:00+01:00,83.78239782562791,84.69
2026-02-20 02:00:00+01:00,80.74873791700249,86.25
2026-02-20 02:15:00+01:00,80.30377678388642,85.28
2026-02-20 02:30:00+01:00,81.0230114453063,84.57
2026-02-20 02:45:00+01:00,80.46145964398488,85.65
2026-02-20 03:00:00+01:00,81.5625604189996,84.74
2026-02-20 03:15:00+01:00,79.66406360719952,84.74
2026-02-20 03:30:00+01:00,80.19862881942856,84.86
2026-02-20 03:45:00+01:00,81.246765648429,85.18
2026-02-20 04:00:00+01:00,78.30560701176897,82.4
2026-02-20 04:15:00+01:00,79.35939688463715,83.41
2026-02-20 04:30:00+01:00,78.02405286485617,85.08
2026-02-20 04:45:00+01:00,81.1210576632434,86.78
2026-02-20 05:00:00+01:00,80.08133997095786,85.53
2026-02-20 05:15:00+01:00,79.1906867720096,85.32
2026-02-20 05:30:00+01:00,81.99117703043396,89.61
2026-02-20 05:45:00+01:00,89.15710087571043,100.62
2026-02-20 06:00:00+01:00,83.11821376330096,85.22
2026-02-20 06:15:00+01:00,87.6568396314309,105.27
2026-02-20 06:30:00+01:00,91.31001716134669,111.97
2026-02-20 06:45:00+01:00,102.6177243597115,116.87
2026-02-20 07:00:00+01:00,97.64714567951188,109.21
2026-02-20 07:15:00+01:00,115.3128305867202,112.4
2026-02-20 07:30:00+01:00,118.37270752679609,118.81
2026-02-20 07:45:00+01:00,110.72968740639436,114.71
2026-02-20 08:00:00+01:00,113.25017943357851,121.17
2026-02-20 08:15:00+01:00,121.66317456591678,121.93
2026-02-20 08:30:00+01:00,114.03830554229073,114.72
2026-02-20 08:45:00+01:00,102.84342572621566,106.75
2026-02-20 09:00:00+01:00,115.2835707376594,122.42
2026-02-20 09:15:00+01:00,111.2402162709336,115.72
2026-02-20 09:30:00+01:00,99.38851744137932,104.29
2026-02-20 09:45:00+01:00,104.58775929918191,94.3
2026-02-20 10:00:00+01:00,106.79353836571538,103.41
2026-02-20 10:15:00+01:00,99.21720791545947,94.34
2026-02-20 10:30:00+01:00,99.42521561910134,85.05
2026-02-20 10:45:00+01:00,97.13562049241165,81.6
2026-02-20 11:00:00+01:00,94.82186330573313,90.08
2026-02-20 11:15:00+01:00,95.78776134583904,85.9
2026-02-20 11:30:00+01:00,91.59322310772312,82.71
2026-02-20 11:45:00+01:00,91.37245301517882,76.04
2026-02-20 12:00:00+01:00,88.95577094915187,84.93
2026-02-20 12:15:00+01:00,88.013841062811,82.41
2026-02-20 12:30:00+01:00,87.12485332321504,79.02
2026-02-20 12:45:00+01:00,85.59759933428823,77.69
2026-02-20 13:00:00+01:00,90.35827236416785,80.22
2026-02-20 13:15:00+01:00,85.13542835724405,81.02
2026-02-20 13:30:00+01:00,84.74812461249519,80.52
2026-02-20 13:45:00+01:00,88.0639811900042,76.64
2026-02-20 14:00:00+01:00,86.50510280663536,75.62
2026-02-20 14:15:00+01:00,87.073506432798,80.13
2026-02-20 14:30:00+01:00,95.40987964823958,81.04
2026-02-20 14:45:00+01:00,92.87127801553781,83.04
2026-02-20 15:00:00+01:00,91.31908484823369,73.55
2026-02-20 15:15:00+01:00,91.75548847840913,83.59
2026-02-20 15:30:00+01:00,95.2705286982074,85.41
2026-02-20 15:45:00+01:00,104.53935286789552,91.31
2026-02-20 16:00:00+01:00,94.33000276627922,82.52
2026-02-20 16:15:00+01:00,106.92755806089784,93.41
2026-02-20 16:30:00+01:00,105.1101937963729,94.73
2026-02-20 16:45:00+01:00,109.65078795178881,96.77
2026-02-20 17:00:00+01:00,106.52012001512276,97.39
2026-02-20 17:15:00+01:00,106.88408483884741,99.46
2026-02-20 17:30:00+01:00,102.94788789608293,104.94
2026-02-20 17:45:00+01:00,111.78091321211761,103.96
2026-02-20 18:00:00+01:00,105.77388203131419,98.57
2026-02-20 18:15:00+01:00,108.40335892945942,98.16
2026-02-20 18:30:00+01:00,110.98219443109701,90.34
2026-02-20 18:45:00+01:00,113.85239478050515,88.06
2026-02-20 19:00:00+01:00,111.76084136707017,91.46
2026-02-20 19:15:00+01:00,104.35913042350813,89.63
2026-02-20 19:30:00+01:00,101.10160690276824,82.26
2026-02-20 19:45:00+01:00,88.4779987382505,68.6
2026-02-20 20:00:00+01:00,110.27371285291215,96.0
2026-02-20 20:15:00+01:00,89.13569051955531,83.48
2026-02-20 20:30:00+01:00,86.54603034734961,73.02
2026-02-20 20:45:00+01:00,81.69962757891724,62.36
2026-02-20 21:00:00+01:00,90.8267143816674,87.84
2026-02-20 21:15:00+01:00,89.18319772010983,75.43
2026-02-20 21:30:00+01:00,82.95023116274413,61.88
2026-02-20 21:45:00+01:00,76.47938194884253,46.84
2026-02-20 22:00:00+01:00,94.23087042189053,81.64
2026-02-20 22:15:00+01:00,79.65331638336946,69.55
2026-02-20 22:30:00+01:00,82.03023469804405,61.26
2026-02-20 22:45:00+01:00,76.60373635192775,46.11
2026-02-20 23:00:00+01:00,88.22022297249615,59.79
2026-02-20 23:15:00+01:00,77.40887677923314,48.65
2026-02-20 23:30:00+01:00,70.24041790125342,45.6
2026-02-20 23:45:00+01:00,60.26481157399623,33.18
2026-02-21 00:00:00+01:00,65.20338483542736,56.53
2026-02-21 00:15:00+01:00,62.13983293695489,52.63
2026-02-21 00:30:00+01:00,61.74295655945262,51.49
2026-02-21 00:45:00+01:00,52.91969840096416,49.11
2026-02-21 01:00:00+01:00,58.87095537241755,52.88
2026-02-21 01:15:00+01:00,54.08774594650764,47.1
2026-02-21 01:30:00+01:00,50.37124545615453,48.18
2026-02-21 01:45:00+01:00,53.3507028262391,38.42
2026-02-21 02:00:00+01:00,51.908368796551116,50.23
2026-02-21 02:15:00+01:00,54.1219220684801,47.09
2026-02-21 02:30:00+01:00,50.57253862927577,41.52
2026-02-21 02:45:00+01:00,47.60947477435185,34.99
2026-02-21 03:00:00+01:00,50.314917333966754,46.37
2026-02-21 03:15:00+01:00,47.285253889953175,41.05
2026-02-21 03:30:00+01:00,45.77937265728546,37.58
2026-02-21 03:45:00+01:00,42.84049377733109,41.63
2026-02-21 04:00:00+01:00,43.7984729837589,40.08
2026-02-21 04:15:00+01:00,40.46972333986221,38.79
2026-02-21 04:30:00+01:00,43.143305741419944,40.03
2026-02-21 04:45:00+01:00,50.425645847925,37.0
2026-02-21 05:00:00+01:00,42.2873427418384,36.8
2026-02-21 05:15:00+01:00,48.27213155152742,35.72
2026-02-21 05:30:00+01:00,62.4041754320273,40.16
2026-02-21 05:45:00+01:00,60.31825127499319,45.23
2026-02-21 06:00:00+01:00,51.68013548728349,24.94
2026-02-21 06:15:00+01:00,68.5670146960615,29.95
2026-02-21 06:30:00+01:00,74.45888612751406,38.01
2026-02-21 06:45:00+01:00,76.80611941945286,50.54
2026-02-21 07:00:00+01:00,69.48702932975178,42.37
2026-02-21 07:15:00+01:00,72.39181542167492,38.35
2026-02-21 07:30:00+01:00,84.42187207557114,50.66
2026-02-21 07:45:00+01:00,82.86513008948648,56.58
2026-02-21 08:00:00+01:00,83.59791660193157,51.96
2026-02-21 08:15:00+01:00,83.28934660214314,52.93
2026-02-21 08:30:00+01:00,82.38989601018419,59.08
2026-02-21 08:45:00+01:00,78.23785566406355,60.23
2026-02-21 09:00:00+01:00,83.77910122157594,60.02
2026-02-21 09:15:00+01:00,86.5129040485588,55.31
2026-02-21 09:30:00+01:00,94.01588281615385,59.95
2026-02-21 09:45:00+01:00,98.92919784963247,56.86
2026-02-21 10:00:00+01:00,95.9859757088823,64.52
2026-02-21 10:15:00+01:00,98.11132177941846,61.99
2026-02-21 10:30:00+01:00,92.25394414402137,57.18
2026-02-21 10:45:00+01:00,94.68188697680513,54.41
2026-02-21 11:00:00+01:00,90.30137811539473,61.81
2026-02-21 11:15:00+01:00,91.19803969350863,57.78
2026-02-21 11:30:00+01:00,89.7248307859734,53.96
2026-02-21 11:45:00+01:00,84.89994750411354,47.99
2026-02-21 12:00:00+01:00,89.1959991932853,61.8
2026-02-21 12:15:00+01:00,88.48176318746889,51.36
2026-02-21 12:30:00+01:00,89.0828842025321,46.47
2026-02-21 12:45:00+01:00,84.9373329536321,42.48
2026-02-21 13:00:00+01:00,90.31691699990543,47.75
2026-02-21 13:15:00+01:00,86.76245515736566,44.92
2026-02-21 13:30:00+01:00,85.5117385953149,44.79
2026-02-21 13:45:00+01:00,77.60588847635988,43.19
2026-02-21 14:00:00+01:00,82.53987340783773,43.05
2026-02-21 14:15:00+01:00,82.32828954457665,50.7
2026-02-21 14:30:00+01:00,87.10991300708298,59.1
2026-02-21 14:45:00+01:00,86.62180187522473,71.17
2026-02-21 15:00:00+01:00,79.5055153398338,49.33
2026-02-21 15:15:00+01:00,84.02326024921973,60.23
2026-02-21 15:30:00+01:00,91.61426105754907,78.08
2026-02-21 15:45:00+01:00,92.74967504780693,87.9
2026-02-21 16:00:00+01:00,84.02617391072685,67.51
2026-02-21 16:15:00+01:00,89.65223046604504,82.75
2026-02-21 16:30:00+01:00,93.08712988952733,88.57
2026-02-21 16:45:00+01:00,95.69933038866716,88.93
2026-02-21 17:00:00+01:00,95.94786483970206,88.26
2026-02-21 17:15:00+01:00,99.2193024561982,96.89
2026-02-21 17:30:00+01:00,99.62877355414632,102.69
2026-02-21 17:45:00+01:00,101.38229961993639,106.7
2026-02-21 18:00:00+01:00,100.77025929094074,106.8
2026-02-21 18:15:00+01:00,101.52935612699302,109.48
2026-02-21 18:30:00+01:00,107.23781804904782,109.72
2026-02-21 18:45:00+01:00,108.22873655431674,107.25
2026-02-21 19:00:00+01:00,115.66289798560102,107.01
2026-02-21 19:15:00+01:00,115.31981558901037,101.8
2026-02-21 19:30:00+01:00,102.89933501835259,98.73
2026-02-21 19:45:00+01:00,98.4871254842007,97.15
2026-02-21 20:00:00+01:00,110.52800629177369,96.49
2026-02-21 20:15:00+01:00,99.48252872242438,87.27
2026-02-21 20:30:00+01:00,97.91612362341534,87.31
2026-02-21 20:45:00+01:00,97.66731116376234,85.32
2026-02-21 21:00:00+01:00,97.5256557778822,86.18
2026-02-21 21:15:00+01:00,95.8519808953894,84.84
2026-02-21 21:30:00+01:00,93.63229688228265,82.23
2026-02-21 21:45:00+01:00,92.20539230192041,78.0
2026-02-21 22:00:00+01:00,96.1006754884608,86.0
2026-02-21 22:15:00+01:00,95.82708991640189,80.64
2026-02-21 22:30:00+01:00,93.54476629772425,72.45
2026-02-21 22:45:00+01:00,87.08112401648584,67.28
2026-02-21 23:00:00+01:00,90.98960421169012,79.7
2026-02-21 23:15:00+01:00,87.34165834398432,73.26
2026-02-21 23:30:00+01:00,86.76221670649569,66.7
2026-02-21 23:45:00+01:00,82.33963323169462,47.18
2026-02-22 00:00:00+01:00,67.54834514122665,68.03
2026-02-22 00:15:00+01:00,65.32101171311436,59.34
2026-02-22 00:30:00+01:00,67.17262924875557,53.62
2026-02-22 00:45:00+01:00,59.32687632566581,45.71
2026-02-22 01:00:00+01:00,66.21835920410733,60.23
2026-02-22 01:15:00+01:00,60.21309304040276,55.96
2026-02-22 01:30:00+01:00,58.050031010468174,50.29
2026-02-22 01:45:00+01:00,55.91921316463897,43.56
2026-02-22 02:00:00+01:00,63.574971738571904,50.01
2026-02-22 02:15:00+01:00,60.52318568611683,45.44
2026-02-22 02:30:00+01:00,55.798862978445484,41.68
2026-02-22 02:45:00+01:00,51.769793573472846,39.1
2026-02-22 03:00:00+01:00,55.88151984407513,38.79
2026-02-22 03:15:00+01:00,52.446679780628614,38.07
2026-02-22 03:30:00+01:00,49.349704710164616,45.16
2026-02-22 03:45:00+01:00,49.97412549484619,41.81
2026-02-22 04:00:00+01:00,50.84771248310316,36.91
2026-02-22 04:15:00+01:00,48.18573886519683,35.54
2026-02-22 04:30:00+01:00,51.81355960298103,41.82
2026-02-22 04:45:00+01:00,50.91136095098831,41.8
2026-02-22 05:00:00+01:00,47.03825092937507,39.08
2026-02-22 05:15:00+01:00,44.184929977409574,40.08
2026-02-22 05:30:00+01:00,56.26137059213902,37.94
2026-02-22 05:45:00+01:00,60.7005915258737,36.05
2026-02-22 06:00:00+01:00,55.48607934197316,32.3
2026-02-22 06:15:00+01:00,52.36824028985583,34.0
2026-02-22 06:30:00+01:00,53.20908343119374,35.26
2026-02-22 06:45:00+01:00,61.89690651406235,37.94
2026-02-22 07:00:00+01:00,58.36598221734184,37.11
2026-02-22 07:15:00+01:00,63.247155236164225,42.65
2026-02-22 07:30:00+01:00,60.04032422645991,41.32
2026-02-22 07:45:00+01:00,71.17687286977431,44.93
2026-02-22 08:00:00+01:00,62.879413240020824,42.06
2026-02-22 08:15:00+01:00,73.17100606076903,44.33
2026-02-22 08:30:00+01:00,73.313541490382,47.97
2026-02-22 08:45:00+01:00,81.54907523447119,55.06
2026-02-22 09:00:00+01:00,75.45406692958294,53.6
2026-02-22 09:15:00+01:00,78.5523809972661,56.09
2026-02-22 09:30:00+01:00,78.55500173891983,56.09
2026-02-22 09:45:00+01:00,71.92599201946469,56.07
2026-02-22 10:00:00+01:00,83.40328906072266,59.08
2026-02-22 10:15:00+01:00,85.25519601630067,57.35
2026-02-22 10:30:00+01:00,83.09296295617762,54.71
2026-02-22 10:45:00+01:00,80.89297384115865,49.27
2026-02-22 11:00:00+01:00,82.62128796616837,54.71
2026-02-22 11:15:00+01:00,79.63460430192437,55.84
2026-02-22 11:30:00+01:00,81.11862230761872,54.59
2026-02-22 11:45:00+01:00,78.75463494163307,50.71
2026-02-22 12:00:00+01:00,78.33840699389454,51.79
2026-02-22 12:15:00+01:00,81.47579705714858,57.35
2026-02-22 12:30:00+01:00,78.93519995963536,50.37
2026-02-22 12:45:00+01:00,80.65347547389807,42.83
2026-02-22 13:00:00+01:00,79.6264636121089,56.33
2026-02-22 13:15:00+01:00,77.19519655453428,46.09
2026-02-22 13:30:00+01:00,74.8133989300154,40.97
2026-02-22 13:45:00+01:00,79.53809174808316,36.93
2026-02-22 14:00:00+01:00,75.21644692177692,44.13
2026-02-22 14:15:00+01:00,69.64279947937199,42.29
2026-02-22 14:30:00+01:00,73.2987723988388,42.02
2026-02-22 14:45:00+01:00,72.83173457399675,44.79
2026-02-22 15:00:00+01:00,78.80728128930068,45.51
2026-02-22 15:15:00+01:00,69.04770859588909,43.32
2026-02-22 15:30:00+01:00,76.54691054698466,45.51
2026-02-22 15:45:00+01:00,80.43886187788294,57.43
2026-02-22 16:00:00+01:00,78.4332787471723,52.77
2026-02-22 16:15:00+01:00,80.83595309682283,51.12
2026-02-22 16:30:00+01:00,84.01712674045564,57.46
2026-02-22 16:45:00+01:00,91.13817113215342,66.36
2026-02-22 17:00:00+01:00,88.45032005129816,66.42
2026-02-22 17:15:00+01:00,91.04236650081353,72.27
2026-02-22 17:30:00+01:00,95.98592785290433,75.88
2026-02-22 17:45:00+01:00,102.30580248382574,89.23
2026-02-22 18:00:00+01:00,99.71740285530832,74.81
2026-02-22 18:15:00+01:00,99.57947871599441,81.23
2026-02-22 18:30:00+01:00,101.61600829050712,82.0
2026-02-22 18:45:00+01:00,97.91206008468704,79.73
2026-02-22 19:00:00+01:00,105.97558304387996,73.0
2026-02-22 19:15:00+01:00,102.7785539083086,75.28
2026-02-22 19:30:00+01:00,91.0395026208169,80.2
2026-02-22 19:45:00+01:00,82.07077195555169,72.0
2026-02-22 20:00:00+01:00,86.80319505186728,71.98
2026-02-22 20:15:00+01:00,83.98022770334698,68.91
2026-02-22 20:30:00+01:00,78.71742203874905,68.24
2026-02-22 20:45:00+01:00,69.8694633203966,64.94
2026-02-22 21:00:00+01:00,74.49919858055713,69.11
2026-02-22 21:15:00+01:00,77.45776053280184,68.12
2026-02-22 21:30:00+01:00,73.13253434675596,68.97
2026-02-22 21:45:00+01:00,65.10488785295826,64.56
2026-02-22 22:00:00+01:00,76.85028896228309,79.94
2026-02-22 22:15:00+01:00,74.59516174601352,76.39
2026-02-22 22:30:00+01:00,73.29257832392399,69.22
2026-02-22 22:45:00+01:00,71.40908578803356,56.09
2026-02-22 23:00:00+01:00,69.27617025132037,71.17
2026-02-22 23:15:00+01:00,65.38820681108334,56.16
2026-02-22 23:30:00+01:00,70.91507244033377,49.36
2026-02-22 23:45:00+01:00,62.861685553068185,31.1
2026-02-23 00:00:00+01:00,58.962494920734414,50.7
2026-02-23 00:15:00+01:00,56.81608622730351,45.71
2026-02-23 00:30:00+01:00,55.24121838753508,37.92
2026-02-23 00:45:00+01:00,47.76300561393913,47.07
2026-02-23 01:00:00+01:00,55.15995833651966,46.0
2026-02-23 01:15:00+01:00,47.35386597599,43.14
2026-02-23 01:30:00+01:00,52.593704694710915,42.73
2026-02-23 01:45:00+01:00,42.31951225171347,50.18
2026-02-23 02:00:00+01:00,52.190916723858926,45.92
2026-02-23 02:15:00+01:00,54.416710363101316,43.52
2026-02-23 02:30:00+01:00,52.8275535474344,45.56
2026-02-23 02:45:00+01:00,46.74485878286902,40.9
2026-02-23 03:00:00+01:00,51.28766710759213,45.23
2026-02-23 03:15:00+01:00,49.420151650652855,45.1
2026-02-23 03:30:00+01:00,44.95355947994231,44.29
2026-02-23 03:45:00+01:00,44.400215194541346,45.04
2026-02-23 04:00:00+01:00,42.20279268657812,40.75
2026-02-23 04:15:00+01:00,42.939347983609636,44.14
2026-02-23 04:30:00+01:00,45.71506507915868,46.7
2026-02-23 04:45:00+01:00,41.99439216413573,48.99
2026-02-23 05:00:00+01:00,44.743644889244976,47.75
2026-02-23 05:15:00+01:00,42.73118673768188,42.73
2026-02-23 05:30:00+01:00,45.25624266168602,55.11
2026-02-23 05:45:00+01:00,44.479603264280954,78.69
2026-02-23 06:00:00+01:00,34.1224478826778,55.27
2026-02-23 06:15:00+01:00,42.6386970925063,74.45
2026-02-23 06:30:00+01:00,51.72683850689092,88.12
2026-02-23 06:45:00+01:00,58.300015735246525,93.21
2026-02-23 07:00:00+01:00,48.357816561501835,91.8
2026-02-23 07:15:00+01:00,50.860761128234685,94.78
2026-02-23 07:30:00+01:00,60.78350639729352,98.57
2026-02-23 07:45:00+01:00,63.67384467217554,98.68
2026-02-23 08:00:00+01:00,64.36463816741818,102.64
2026-02-23 08:15:00+01:00,64.10835805457222,100.49
2026-02-23 08:30:00+01:00,67.7867379055444,99.02
2026-02-23 08:45:00+01:00,64.35917993124778,94.02
2026-02-23 09:00:00+01:00,77.1421965677763,97.26
2026-02-23 09:15:00+01:00,63.135897348551055,94.73
2026-02-23 09:30:00+01:00,65.11666219359171,89.81
2026-02-23 09:45:00+01:00,67.32954420211951,68.07
2026-02-23 10:00:00+01:00,65.21898235563691,92.85
2026-02-23 10:15:00+01:00,66.54211235791149,88.14
2026-02-23 10:30:00+01:00,64.466922376497,58.16
2026-02-23 10:45:00+01:00,59.098147588092075,28.91
2026-02-23 11:00:00+01:00,64.53004251108115,60.36
2026-02-23 11:15:00+01:00,60.81368854621009,64.46
2026-02-23 11:30:00+01:00,58.66849805896452,47.89
2026-02-23 11:45:00+01:00,55.58675471155901,22.69
2026-02-23 12:00:00+01:00,59.00477353939741,22.95
2026-02-23 12:15:00+01:00,58.55799992185351,5.0
2026-02-23 12:30:00+01:00,49.46689382093332,2.5
2026-02-23 12:45:00+01:00,44.99427693607528,1.07
2026-02-23 13:00:00+01:00,53.55545503938127,2.25
2026-02-23 13:15:00+01:00,50.10954519184175,1.16
2026-02-23 13:30:00+01:00,49.868793692538375,1.36
2026-02-23 13:45:00+01:00,53.395535458046545,6.84
2026-02-23 14:00:00+01:00,51.3713045822226,10.1
2026-02-23 14:15:00+01:00,58.20505762456523,33.32
2026-02-23 14:30:00+01:00,63.20594452884693,47.16
2026-02-23 14:45:00+01:00,65.51993353223745,48.99
2026-02-23 15:00:00+01:00,57.91150731768065,20.09
2026-02-23 15:15:00+01:00,69.33134762549952,39.0
2026-02-23 15:30:00+01:00,74.83040589811162,78.44
2026-02-23 15:45:00+01:00,78.72081922388787,96.5
2026-02-23 16:00:00+01:00,71.22158212291846,41.64
2026-02-23 16:15:00+01:00,82.25681507126251,80.42
2026-02-23 16:30:00+01:00,86.16040697186565,93.56
2026-02-23 16:45:00+01:00,89.47187382993553,102.41
2026-02-23 17:00:00+01:00,89.61753648610814,83.61
2026-02-23 17:15:00+01:00,93.92223895015789,96.58
2026-02-23 17:30:00+01:00,94.89037752612523,99.57
2026-02-23 17:45:00+01:00,99.04753166363713,104.6
2026-02-23 18:00:00+01:00,96.65372928264989,103.96
2026-02-23 18:15:00+01:00,89.34799960880267,105.46
2026-02-23 18:30:00+01:00,96.60049785310446,105.99
2026-02-23 18:45:00+01:00,94.8936370018814,113.67
2026-02-23 19:00:00+01:00,93.01247706806737,109.04
2026-02-23 19:15:00+01:00,91.40383303751051,110.49
2026-02-23 19:30:00+01:00,89.62217543446937,110.91
2026-02-23 19:45:00+01:00,79.86728869909014,113.15
2026-02-23 20:00:00+01:00,86.31229040314332,102.74
2026-02-23 20:15:00+01:00,79.8431405139967,102.8
2026-02-23 20:30:00+01:00,78.56428816970799,93.74
2026-02-23 20:45:00+01:00,75.83034341997904,92.82
2026-02-23 21:00:00+01:00,78.12816671984811,101.27
2026-02-23 21:15:00+01:00,73.92146310904099,99.93
2026-02-23 21:30:00+01:00,75.51709262854013,95.36
2026-02-23 21:45:00+01:00,68.99944449496094,92.38
2026-02-23 22:00:00+01:00,80.59086433899506,100.65
2026-02-23 22:15:00+01:00,72.01429978131213,96.97
2026-02-23 22:30:00+01:00,71.0143687733857,95.37
2026-02-23 22:45:00+01:00,64.91800711760277,90.43
2026-02-23 23:00:00+01:00,73.24465114509056,91.26
2026-02-23 23:15:00+01:00,69.50200297431496,87.89
2026-02-23 23:30:00+01:00,67.08533893180336,87.3
2026-02-23 23:45:00+01:00,54.93267847410716,82.7
2026-02-24 00:00:00+01:00,89.58035558134063,83.99
2026-02-24 00:15:00+01:00,86.52246811483502,84.22
2026-02-24 00:30:00+01:00,84.4856982754197,83.68
2026-02-24 00:45:00+01:00,83.06454622509797,77.54
2026-02-24 01:00:00+01:00,84.28366442601487,83.47
2026-02-24 01:15:00+01:00,84.98834245533152,83.82
2026-02-24 01:30:00+01:00,84.659284116236,84.2
2026-02-24 01:45:00+01:00,84.62000579131973,84.36
2026-02-24 02:00:00+01:00,83.3037115756444,85.16
2026-02-24 02:15:00+01:00,84.54435277312217,85.66
2026-02-24 02:30:00+01:00,85.35094181628605,85.82
2026-02-24 02:45:00+01:00,86.15511368300565,87.26
2026-02-24 03:00:00+01:00,85.37184067434661,84.15
2026-02-24 03:15:00+01:00,85.43526625539329,85.69
2026-02-24 03:30:00+01:00,85.6694553755229,86.58
2026-02-24 03:45:00+01:00,85.0442554206805,89.38
2026-02-24 04:00:00+01:00,84.19528689922284,87.23
2026-02-24 04:15:00+01:00,85.129525768432,87.64
2026-02-24 04:30:00+01:00,84.75424885374103,88.01
2026-02-24 04:45:00+01:00,86.7537995113674,89.94
2026-02-24 05:00:00+01:00,86.95041133868328,87.66
2026-02-24 05:15:00+01:00,86.90158891099597,88.73
2026-02-24 05:30:00+01:00,89.9578764952283,96.95
2026-02-24 05:45:00+01:00,99.60396385207203,103.34
2026-02-24 06:00:00+01:00,87.0685761715554,94.0
2026-02-24 06:15:00+01:00,98.90728145982102,106.15
2026-02-24 06:30:00+01:00,109.72064574013321,118.74
2026-02-24 06:45:00+01:00,124.19783930199358,125.6
2026-02-24 07:00:00+01:00,108.33273882676703,118.67
2026-02-24 07:15:00+01:00,115.28889941690491,129.59
2026-02-24 07:30:00+01:00,123.28830209696031,138.39
2026-02-24 07:45:00+01:00,130.12840679362085,145.74
2026-02-24 08:00:00+01:00,129.960810495981,140.56
2026-02-24 08:15:00+01:00,137.50360049544332,147.1
2026-02-24 08:30:00+01:00,135.93953148146747,151.38
2026-02-24 08:45:00+01:00,122.44502413442785,150.86
2026-02-24 09:00:00+01:00,141.2687043474525,147.02
2026-02-24 09:15:00+01:00,126.80732714803776,145.18
2026-02-24 09:30:00+01:00,116.74521160726083,139.39
2026-02-24 09:45:00+01:00,108.23018379003823,131.29
2026-02-24 10:00:00+01:00,116.76313590941406,149.6
2026-02-24 10:15:00+01:00,112.97554418067524,130.37
2026-02-24 10:30:00+01:00,98.81632656879492,121.62
2026-02-24 10:45:00+01:00,98.01250443451602,113.48
2026-02-24 11:00:00+01:00,95.2807733658107,120.98
2026-02-24 11:15:00+01:00,95.31948599786416,111.61
2026-02-24 11:30:00+01:00,92.87932636173232,109.84
2026-02-24 11:45:00+01:00,94.029060459575,103.15
2026-02-24 12:00:00+01:00,97.06634283407605,104.44
2026-02-24 12:15:00+01:00,87.04290865654244,99.95
2026-02-24 12:30:00+01:00,89.44725395165084,98.57
2026-02-24 12:45:00+01:00,95.65907234785674,97.8
2026-02-24 13:00:00+01:00,94.09978999297776,101.02
2026-02-24 13:15:00+01:00,95.69945282335827,99.98
2026-02-24 13:30:00+01:00,99.96516835096821,98.45
2026-02-24 13:45:00+01:00,100.99403667824286,97.75
2026-02-24 14:00:00+01:00,99.11469983406825,90.33
2026-02-24 14:15:00+01:00,102.52084153993144,95.06
2026-02-24 14:30:00+01:00,107.6908882729738,96.28
2026-02-24 14:45:00+01:00,108.75416361606351,98.35
2026-02-24 15:00:00+01:00,105.11590257681218,97.87
2026-02-24 15:15:00+01:00,109.65624555828799,100.19
2026-02-24 15:30:00+01:00,121.41566275027894,107.99
2026-02-24 15:45:00+01:00,131.0911064687245,122.24
2026-02-24 16:00:00+01:00,119.1057876571912,111.0
2026-02-24 16:15:00+01:00,123.33814278759512,115.74
2026-02-24 16:30:00+01:00,132.29808768473026,131.49
2026-02-24 16:45:00+01:00,146.6554881452644,145.0
2026-02-24 17:00:00+01:00,133.87617151159304,132.44
2026-02-24 17:15:00+01:00,147.1353809816966,157.95
2026-02-24 17:30:00+01:00,165.94702718907217,195.47
2026-02-24 17:45:00+01:00,165.23564786545577,243.02
2026-02-24 18:00:00+01:00,151.3321527125421,198.97
2026-02-24 18:15:00+01:00,147.9669674498927,193.97
2026-02-24 18:30:00+01:00,141.78897022280535,181.84
2026-02-24 18:45:00+01:00,137.07419017539505,161.41
2026-02-24 19:00:00+01:00,144.4207007773589,179.73
2026-02-24 19:15:00+01:00,134.16767832877574,144.44
2026-02-24 19:30:00+01:00,133.7846588053054,137.86
2026-02-24 19:45:00+01:00,123.5808258266896,115.64
2026-02-24 20:00:00+01:00,133.05647160906898,130.83
2026-02-24 20:15:00+01:00,131.52951468368062,125.01
2026-02-24 20:30:00+01:00,120.00919918407381,115.11
2026-02-24 20:45:00+01:00,110.66296854542152,104.88
2026-02-24 21:00:00+01:00,123.09524602597898,117.82
2026-02-24 21:15:00+01:00,117.38246121202471,111.2
2026-02-24 21:30:00+01:00,110.1634073085523,106.48
2026-02-24 21:45:00+01:00,101.09214462128526,99.4
2026-02-24 22:00:00+01:00,114.67556414477404,107.43
2026-02-24 22:15:00+01:00,108.25050722517166,103.25
2026-02-24 22:30:00+01:00,101.14696081869978,100.11
2026-02-24 22:45:00+01:00,93.47878161199039,96.03
2026-02-24 23:00:00+01:00,105.90187383503667,98.11
2026-02-24 23:15:00+01:00,99.79645829038357,96.61
2026-02-24 23:30:00+01:00,94.03702206259845,92.43
2026-02-24 23:45:00+01:00,90.18966348087642,88.46
2026-02-25 00:00:00+01:00,100.99848710972893,99.04
2026-02-25 00:15:00+01:00,99.16305034132053,92.68
2026-02-25 00:30:00+01:00,95.25075255443434,89.93
2026-02-25 00:45:00+01:00,92.40235816201674,86.92
2026-02-25 01:00:00+01:00,94.04010427605675,91.48
2026-02-25 01:15:00+01:00,94.01280126383519,89.45
2026-02-25 01:30:00+01:00,89.70048062977585,85.32
2026-02-25 01:45:00+01:00,89.50005772661838,83.36
2026-02-25 02:00:00+01:00,91.30971257711622,87.69
2026-02-25 02:15:00+01:00,90.66019067842076,85.81
2026-02-25 02:30:00+01:00,88.77742569370706,83.54
2026-02-25 02:45:00+01:00,90.0718835936968,82.29
2026-02-25 03:00:00+01:00,91.06546502416124,88.53
2026-02-25 03:15:00+01:00,89.30399251300445,88.06
2026-02-25 03:30:00+01:00,88.98750752369656,88.19
2026-02-25 03:45:00+01:00,90.19301797226704,87.6
2026-02-25 04:00:00+01:00,85.88077837193126,88.31
2026-02-25 04:15:00+01:00,89.26545159277981,87.31
2026-02-25 04:30:00+01:00,89.38544558503834,89.24
2026-02-25 04:45:00+01:00,91.05108753287497,89.58
2026-02-25 05:00:00+01:00,90.82373391020221,87.14
2026-02-25 05:15:00+01:00,90.63808473533297,89.72
2026-02-25 05:30:00+01:00,96.2767284899594,96.15
2026-02-25 05:45:00+01:00,104.12139877392818,99.68
2026-02-25 06:00:00+01:00,96.52853982830189,95.7
2026-02-25 06:15:00+01:00,108.32000880014729,108.48
2026-02-25 06:30:00+01:00,113.84289472744743,120.15
2026-02-25 06:45:00+01:00,130.20431196565113,130.94
2026-02-25 07:00:00+01:00,112.35530958214646,124.64
2026-02-25 07:15:00+01:00,121.38975651704797,133.31
2026-02-25 07:30:00+01:00,135.12634343621934,136.42
2026-02-25 07:45:00+01:00,134.82856991510857,128.56
2026-02-25 08:00:00+01:00,134.41343526119527,137.57
2026-02-25 08:15:00+01:00,143.05107217550693,123.9
2026-02-25 08:30:00+01:00,132.97824235805604,115.85
2026-02-25 08:45:00+01:00,119.4357371164052,102.09
2026-02-25 09:00:00+01:00,132.41085859815192,123.76
2026-02-25 09:15:00+01:00,123.8873859642681,110.7
2026-02-25 09:30:00+01:00,117.09746899796599,100.28
2026-02-25 09:45:00+01:00,108.30269008809846,93.96
2026-02-25 10:00:00+01:00,126.64657537627258,102.16
2026-02-25 10:15:00+01:00,109.55140877131902,95.18
2026-02-25 10:30:00+01:00,104.97323697275567,85.25
2026-02-25 10:45:00+01:00,98.81404967598986,80.73
2026-02-25 11:00:00+01:00,98.7724795414101,87.43
2026-02-25 11:15:00+01:00,98.9597525584314,84.29
2026-02-25 11:30:00+01:00,96.16100685555105,82.67
2026-02-25 11:45:00+01:00,94.02267414575387,65.0
2026-02-25 12:00:00+01:00,97.32859088915028,84.4
2026-02-25 12:15:00+01:00,91.30127813858921,70.91
2026-02-25 12:30:00+01:00,88.08424355446967,57.88
2026-02-25 12:45:00+01:00,86.21536279027464,50.02
2026-02-25 13:00:00+01:00,89.85576390151749,66.07
2026-02-25 13:15:00+01:00,88.80988817475242,60.2
2026-02-25 13:30:00+01:00,91.55877472908986,58.81
2026-02-25 13:45:00+01:00,93.20883954144303,55.71
2026-02-25 14:00:00+01:00,92.09424279114884,45.03
2026-02-25 14:15:00+01:00,91.30832623420713,65.92
2026-02-25 14:30:00+01:00,87.13190020956685,75.47
2026-02-25 14:45:00+01:00,96.63946782061495,84.97
2026-02-25 15:00:00+01:00,82.97909432776117,68.65
2026-02-25 15:15:00+01:00,93.95264745360497,73.43
2026-02-25 15:30:00+01:00,112.63078195148474,86.08
2026-02-25 15:45:00+01:00,111.19357688260475,95.77
2026-02-25 16:00:00+01:00,100.50378263622616,77.13
2026-02-25 16:15:00+01:00,109.95544106197596,95.04
2026-02-25 16:30:00+01:00,120.83601492977091,103.98
2026-02-25 16:45:00+01:00,126.47277725294799,129.33
2026-02-25 17:00:00+01:00,125.84337074334057,100.37
2026-02-25 17:15:00+01:00,135.9661485302783,108.21
2026-02-25 17:30:00+01:00,138.22426601407724,120.19
2026-02-25 17:45:00+01:00,140.87752867171733,145.8
2026-02-25 18:00:00+01:00,144.17691735371739,134.34
2026-02-25 18:15:00+01:00,132.1768848449728,123.16
2026-02-25 18:30:00+01:00,122.45786501892502,114.91
2026-02-25 18:45:00+01:00,114.93425579908309,114.67
2026-02-25 19:00:00+01:00,127.52991253124422,112.9
2026-02-25 19:15:00+01:00,118.99687800817331,108.83
2026-02-25 19:30:00+01:00,104.4365233387684,104.23
2026-02-25 19:45:00+01:00,101.69260646793286,102.65
2026-02-25 20:00:00+01:00,108.66462867728582,104.99
2026-02-25 20:15:00+01:00,96.43039862499877,96.24
2026-02-25 20:30:00+01:00,98.1475477641372,91.07
2026-02-25 20:45:00+01:00,95.28354474326301,84.72
2026-02-25 21:00:00+01:00,102.58279077643215,94.9
2026-02-25 21:15:00+01:00,97.5741244176685,90.21
2026-02-25 21:30:00+01:00,92.28998525925859,85.01
2026-02-25 21:45:00+01:00,87.64330614724837,79.0
2026-02-25 22:00:00+01:00,101.56106111457338,98.99
2026-02-25 22:15:00+01:00,96.02827667287778,87.1
2026-02-25 22:30:00+01:00,91.77518323822935,82.3
2026-02-25 22:45:00+01:00,89.11907530927716,78.92
2026-02-25 23:00:00+01:00,92.98773241739617,87.83
2026-02-25 23:15:00+01:00,89.75891616387379,82.39
2026-02-25 23:30:00+01:00,82.74860225894768,78.99
2026-02-25 23:45:00+01:00,80.8692482576729,67.27
2026-02-26 00:00:00+01:00,86.54241877400128,82.39
2026-02-26 00:15:00+01:00,82.46912719171709,77.17
2026-02-26 00:30:00+01:00,75.61074012614328,75.14
2026-02-26 00:45:00+01:00,69.94831070565546,70.99
2026-02-26 01:00:00+01:00,78.18536744116513,80.0
2026-02-26 01:15:00+01:00,69.33908760989699,72.22
2026-02-26 01:30:00+01:00,69.38111122845046,70.64
2026-02-26 01:45:00+01:00,68.17248273502192,66.7
2026-02-26 02:00:00+01:00,70.87774386242509,69.24
2026-02-26 02:15:00+01:00,67.33490549137365,68.24
2026-02-26 02:30:00+01:00,68.36780089223986,68.25
2026-02-26 02:45:00+01:00,67.22597564669125,69.24
2026-02-26 03:00:00+01:00,65.48135024636917,69.46
2026-02-26 03:15:00+01:00,66.47734178467161,69.3
2026-02-26 03:30:00+01:00,67.7731192970325,70.5
2026-02-26 03:45:00+01:00,67.48282831327859,62.47
2026-02-26 04:00:00+01:00,70.5587019186772,64.47
2026-02-26 04:15:00+01:00,68.25091389701106,65.86
2026-02-26 04:30:00+01:00,71.60510122884504,68.25
2026-02-26 04:45:00+01:00,74.59757976465481,70.93
2026-02-26 05:00:00+01:00,67.15714602988879,64.38
2026-02-26 05:15:00+01:00,75.56793035645794,69.19
2026-02-26 05:30:00+01:00,79.73656137872811,76.84
2026-02-26 05:45:00+01:00,83.43535455077058,93.01
2026-02-26 06:00:00+01:00,67.48530478561528,74.06
2026-02-26 06:15:00+01:00,81.16859196768164,101.77
2026-02-26 06:30:00+01:00,90.16247790251187,112.4
2026-02-26 06:45:00+01:00,97.33779717107014,115.04
2026-02-26 07:00:00+01:00,85.61231215278335,112.0
2026-02-26 07:15:00+01:00,93.8786197393635,113.77
2026-02-26 07:30:00+01:00,103.89662322668737,112.2
2026-02-26 07:45:00+01:00,102.46984423445265,102.43
2026-02-26 08:00:00+01:00,103.69232506862073,108.19
2026-02-26 08:15:00+01:00,101.28138376291719,101.64
2026-02-26 08:30:00+01:00,98.3881430996705,95.34
2026-02-26 08:45:00+01:00,86.56454587723569,84.62
2026-02-26 09:00:00+01:00,106.3604688676397,95.51
2026-02-26 09:15:00+01:00,91.81495798885827,87.54
2026-02-26 09:30:00+01:00,90.7477371136412,71.39
2026-02-26 09:45:00+01:00,95.58244609264315,67.26
2026-02-26 10:00:00+01:00,94.90953743335116,73.47
2026-02-26 10:15:00+01:00,91.90428423229794,68.74
2026-02-26 10:30:00+01:00,86.91165374887541,66.75
2026-02-26 10:45:00+01:00,86.66102802011636,62.44
2026-02-26 11:00:00+01:00,89.76361163346101,74.62
2026-02-26 11:15:00+01:00,83.50659247037083,63.48
2026-02-26 11:30:00+01:00,84.64545733324415,50.2
2026-02-26 11:45:00+01:00,82.50145322319867,25.08
2026-02-26 12:00:00+01:00,85.97807713629888,44.09
2026-02-26 12:15:00+01:00,82.63341139992423,19.78
2026-02-26 12:30:00+01:00,77.7228263986438,8.85
2026-02-26 12:45:00+01:00,78.71397988405332,7.43
2026-02-26 13:00:00+01:00,79.01563520739887,11.31
2026-02-26 13:15:00+01:00,79.473856262921,10.06
2026-02-26 13:30:00+01:00,78.36052036430245,13.09
2026-02-26 13:45:00+01:00,72.35739951753706,21.75
2026-02-26 14:00:00+01:00,75.45752790379933,13.52
2026-02-26 14:15:00+01:00,74.15921585787086,40.06
2026-02-26 14:30:00+01:00,81.246832873896,56.31
2026-02-26 14:45:00+01:00,78.84089499570005,68.66
2026-02-26 15:00:00+01:00,71.64971935131217,54.12
2026-02-26 15:15:00+01:00,76.60696874817603,65.54
2026-02-26 15:30:00+01:00,88.59026875309303,73.4
2026-02-26 15:45:00+01:00,99.60142601571627,92.17
2026-02-26 16:00:00+01:00,79.0707608188582,64.68
2026-02-26 16:15:00+01:00,99.06240623883826,89.92
2026-02-26 16:30:00+01:00,100.85396865217452,109.1
2026-02-26 16:45:00+01:00,109.17942474978902,115.23
2026-02-26 17:00:00+01:00,106.07348364331617,100.79
2026-02-26 17:15:00+01:00,113.97442052838407,107.72
2026-02-26 17:30:00+01:00,110.69482150709224,114.24
2026-02-26 17:45:00+01:00,113.82612622909392,121.8
2026-02-26 18:00:00+01:00,111.2577104019956,111.53
2026-02-26 18:15:00+01:00,112.97151319818033,112.56
2026-02-26 18:30:00+01:00,114.72310627836215,114.32
2026-02-26 18:45:00+01:00,112.95708972380882,113.97
2026-02-26 19:00:00+01:00,112.60912014268806,118.5
2026-02-26 19:15:00+01:00,109.38832463135792,111.61
2026-02-26 19:30:00+01:00,108.00311199215501,104.42
2026-02-26 19:45:00+01:00,102.93536963147871,97.41
2026-02-26 20:00:00+01:00,101.38701188463332,104.99
2026-02-26 20:15:00+01:00,98.35191800168354,93.99
2026-02-26 20:30:00+01:00,95.04968706021894,90.29
2026-02-26 20:45:00+01:00,87.55323346188881,84.52
2026-02-26 21:00:00+01:00,97.87894500763035,97.23
2026-02-26 21:15:00+01:00,92.00823814113164,86.25
2026-02-26 21:30:00+01:00,85.92981852067089,81.24
2026-02-26 21:45:00+01:00,83.8106081318702,71.59
2026-02-26 22:00:00+01:00,94.71623751882876,93.23
2026-02-26 22:15:00+01:00,88.3826482469101,82.29
2026-02-26 22:30:00+01:00,81.67061070165317,76.26
2026-02-26 22:45:00+01:00,76.32780510822498,70.05
2026-02-26 23:00:00+01:00,85.87955659181253,81.97
2026-02-26 23:15:00+01:00,78.18076563286427,73.09
2026-02-26 23:30:00+01:00,70.69696282811643,67.93
2026-02-26 23:45:00+01:00,60.94030666714565,63.31
2026-02-27 00:00:00+01:00,77.58193525316474,56.57
2026-02-27 00:15:00+01:00,72.02412620884054,56.55
2026-02-27 00:30:00+01:00,71.40328958085792,52.18
2026-02-27 00:45:00+01:00,68.18831104157253,55.29
2026-02-27 01:00:00+01:00,70.69051654394073,59.39
2026-02-27 01:15:00+01:00,68.70517229198188,58.09
2026-02-27 01:30:00+01:00,63.893527507727484,53.63
2026-02-27 01:45:00+01:00,65.02307069980533,52.92
2026-02-27 02:00:00+01:00,64.8474009763611,57.73
2026-02-27 02:15:00+01:00,64.90327135808147,56.56
2026-02-27 02:30:00+01:00,68.09547147603692,57.17
2026-02-27 02:45:00+01:00,68.71277519654764,57.75
2026-02-27 03:00:00+01:00,67.86776155545058,60.34
2026-02-27 03:15:00+01:00,69.51345818888399,57.38
2026-02-27 03:30:00+01:00,69.7727814054881,59.04
2026-02-27 03:45:00+01:00,64.18645596277437,63.24
2026-02-27 04:00:00+01:00,65.10429504852424,54.99
2026-02-27 04:15:00+01:00,66.66357786255429,60.04
2026-02-27 04:30:00+01:00,68.38965143526633,63.92
2026-02-27 04:45:00+01:00,69.87134273718367,68.23
2026-02-27 05:00:00+01:00,64.45410338639728,59.8
2026-02-27 05:15:00+01:00,68.55740910949206,61.29
2026-02-27 05:30:00+01:00,75.85922322808048,70.0
2026-02-27 05:45:00+01:00,84.30103641755834,72.88
2026-02-27 06:00:00+01:00,70.0755942300763,61.0
2026-02-27 06:15:00+01:00,89.05079366448776,77.0
2026-02-27 06:30:00+01:00,96.13598566831638,83.02
2026-02-27 06:45:00+01:00,82.47896114639713,85.24
2026-02-27 07:00:00+01:00,86.40618874855016,87.55
2026-02-27 07:15:00+01:00,89.21070010299152,92.22
2026-02-27 07:30:00+01:00,86.08164664517447,87.8
2026-02-27 07:45:00+01:00,99.92970739143338,86.53
2026-02-27 08:00:00+01:00,91.87075693231341,92.08
2026-02-27 08:15:00+01:00,92.49656561246444,84.78
2026-02-27 08:30:00+01:00,90.65996182357327,78.52
2026-02-27 08:45:00+01:00,89.06249340379175,61.94
2026-02-27 09:00:00+01:00,100.84390975303857,84.62
2026-02-27 09:15:00+01:00,97.59642624475653,69.0
2026-02-27 09:30:00+01:00,87.4266975900875,59.05
2026-02-27 09:45:00+01:00,82.08330090259892,44.99
2026-02-27 10:00:00+01:00,92.75901134371625,61.0
2026-02-27 10:15:00+01:00,78.84632198431304,40.08
2026-02-27 10:30:00+01:00,81.13504696550005,19.17
2026-02-27 10:45:00+01:00,81.77168085572062,5.94
2026-02-27 11:00:00+01:00,82.21399722379601,3.89
2026-02-27 11:15:00+01:00,81.99211978813477,0.0
2026-02-27 11:30:00+01:00,75.56703188726915,0.0
2026-02-27 11:45:00+01:00,46.61176652828181,-0.01
2026-02-27 12:00:00+01:00,59.86130313158664,0.0
2026-02-27 12:15:00+01:00,59.94437369224686,-0.01
2026-02-27 12:30:00+01:00,48.54326107879703,-0.01
2026-02-27 12:45:00+01:00,44.81719769189064,-0.03
2026-02-27 13:00:00+01:00,60.515375176763115,-0.01
2026-02-27 13:15:00+01:00,51.249935267100255,-0.01
2026-02-27 13:30:00+01:00,60.936229781610244,-0.01
2026-02-27 13:45:00+01:00,56.37688197485205,-0.01
2026-02-27 14:00:00+01:00,56.02477976504717,-0.01
2026-02-27 14:15:00+01:00,58.891306103367604,0.0
2026-02-27 14:30:00+01:00,58.96136653237972,1.05
2026-02-27 14:45:00+01:00,64.09392204091748,29.91
2026-02-27 15:00:00+01:00,51.78074691021776,17.34
2026-02-27 15:15:00+01:00,55.42548076342132,53.95
2026-02-27 15:30:00+01:00,82.54064359099652,77.53
2026-02-27 15:45:00+01:00,99.04666966762379,90.2
2026-02-27 16:00:00+01:00,68.77457270961705,68.59
2026-02-27 16:15:00+01:00,88.24340889031252,86.94
2026-02-27 16:30:00+01:00,103.1155900117196,100.76
2026-02-27 16:45:00+01:00,115.45737503315834,111.71
2026-02-27 17:00:00+01:00,99.98375227419098,97.48
2026-02-27 17:15:00+01:00,109.72911759407557,109.68
2026-02-27 17:30:00+01:00,115.33661126630551,121.89
2026-02-27 17:45:00+01:00,125.00689658492644,131.73
2026-02-27 18:00:00+01:00,121.21625637238948,122.05
2026-02-27 18:15:00+01:00,119.69391546115402,120.0
2026-02-27 18:30:00+01:00,122.2178532125295,116.68
2026-02-27 18:45:00+01:00,123.63018393912495,113.67
2026-02-27 19:00:00+01:00,118.76455423070324,117.16
2026-02-27 19:15:00+01:00,119.20152049571318,111.29
2026-02-27 19:30:00+01:00,117.48918772632062,105.0
2026-02-27 19:45:00+01:00,111.217534033958,103.56
2026-02-27 20:00:00+01:00,118.24704935876092,103.48
2026-02-27 20:15:00+01:00,109.59109502167084,101.77
2026-02-27 20:30:00+01:00,103.99740088465995,99.43
2026-02-27 20:45:00+01:00,102.16597714592584,95.44
2026-02-27 21:00:00+01:00,110.1675962266289,97.48
2026-02-27 21:15:00+01:00,102.54134183067147,93.01
2026-02-27 21:30:00+01:00,93.92283096277725,90.22
2026-02-27 21:45:00+01:00,91.43909793867485,83.14
2026-02-27 22:00:00+01:00,103.36626150989842,93.89
2026-02-27 22:15:00+01:00,96.34288076907964,91.43
2026-02-27 22:30:00+01:00,91.25946244160892,83.51
2026-02-27 22:45:00+01:00,90.254089052027,81.21
2026-02-27 23:00:00+01:00,94.51160734128541,83.36
2026-02-27 23:15:00+01:00,89.62606262208944,82.21
2026-02-27 23:30:00+01:00,84.53254340071427,78.72
2026-02-27 23:45:00+01:00,81.75655181029987,75.72
2026-02-28 00:00:00+01:00,77.25484659987566,82.58
2026-02-28 00:15:00+01:00,75.03342112097423,80.7
2026-02-28 00:30:00+01:00,70.28922840250871,79.45
2026-02-28 00:45:00+01:00,67.40723681128496,77.35
2026-02-28 01:00:00+01:00,77.14915822514486,78.71
2026-02-28 01:15:00+01:00,72.16822338393871,78.0
2026-02-28 01:30:00+01:00,64.80392041580393,75.51
2026-02-28 01:45:00+01:00,61.03367139784257,73.0
2026-02-28 02:00:00+01:00,64.33662196534914,78.51
2026-02-28 02:15:00+01:00,63.91082366174122,75.08
2026-02-28 02:30:00+01:00,62.98905689970688,73.17
2026-02-28 02:45:00+01:00,63.409193804581,72.15
2026-02-28 03:00:00+01:00,60.90288872123483,74.4
2026-02-28 03:15:00+01:00,61.1832479914905,73.01
2026-02-28 03:30:00+01:00,62.72676259353665,72.19
2026-02-28 03:45:00+01:00,57.03225430977008,67.5
2026-02-28 04:00:00+01:00,54.537182458345335,72.27
2026-02-28 04:15:00+01:00,57.205740372223374,72.32
2026-02-28 04:30:00+01:00,61.25395594096171,71.45
2026-02-28 04:45:00+01:00,62.7140268519925,71.53
2026-02-28 05:00:00+01:00,58.97108022450378,71.86
2026-02-28 05:15:00+01:00,62.123588789773336,70.65
2026-02-28 05:30:00+01:00,66.3830246429592,72.32
2026-02-28 05:45:00+01:00,83.64124356359929,74.17
2026-02-28 06:00:00+01:00,64.83226661955518,69.52
2026-02-28 06:15:00+01:00,83.3484930682779,72.25
2026-02-28 06:30:00+01:00,85.4799096778809,74.31
2026-02-28 06:45:00+01:00,84.75945962370378,75.61
2026-02-28 07:00:00+01:00,89.78648198480178,82.7
2026-02-28 07:15:00+01:00,89.30480524849054,83.01
2026-02-28 07:30:00+01:00,83.15914329701135,75.75
2026-02-28 07:45:00+01:00,79.40998608622724,63.7
2026-02-28 08:00:00+01:00,82.03681232643433,82.97
2026-02-28 08:15:00+01:00,85.3870703564969,67.78
2026-02-28 08:30:00+01:00,79.89190593065355,48.41
2026-02-28 08:45:00+01:00,75.21061495030308,29.3
2026-02-28 09:00:00+01:00,80.79714338346162,47.41
2026-02-28 09:15:00+01:00,74.50918941882227,20.73
2026-02-28 09:30:00+01:00,69.3427220547905,3.04
2026-02-28 09:45:00+01:00,61.34989244571115,0.01
2026-02-28 10:00:00+01:00,78.33554505219603,0.0
2026-02-28 10:15:00+01:00,71.14595957508755,0.0
2026-02-28 10:30:00+01:00,68.57210248481113,0.0
2026-02-28 10:45:00+01:00,65.68067948094492,-0.04
2026-02-28 11:00:00+01:00,73.51399177593132,0.0
2026-02-28 11:15:00+01:00,73.13530565529719,-0.01
2026-02-28 11:30:00+01:00,64.62740752748053,-0.02
2026-02-28 11:45:00+01:00,55.042451156022345,-0.08
2026-02-28 12:00:00+01:00,61.03156130877341,-0.02
2026-02-28 12:15:00+01:00,59.4070451261774,-0.06
2026-02-28 12:30:00+01:00,49.1558391764384,-0.28
2026-02-28 12:45:00+01:00,47.0421758292022,-0.65
2026-02-28 13:00:00+01:00,54.15866318772149,-0.27
2026-02-28 13:15:00+01:00,50.01213522477133,-0.48
2026-02-28 13:30:00+01:00,45.051657844492176,-0.09
2026-02-28 13:45:00+01:00,47.63633331579827,-0.05
2026-02-28 14:00:00+01:00,41.43628815500561,-0.03
2026-02-28 14:15:00+01:00,48.495465622241674,-0.01
2026-02-28 14:30:00+01:00,52.68241333861983,0.0
2026-02-28 14:45:00+01:00,51.525145825373606,0.01
2026-02-28 15:00:00+01:00,50.82466448927067,0.0
2026-02-28 15:15:00+01:00,57.277634340705234,0.07
2026-02-28 15:30:00+01:00,69.40861602070952,10.05
2026-02-28 15:45:00+01:00,86.65325054710507,49.33
2026-02-28 16:00:00+01:00,61.49837807613074,33.96
2026-02-28 16:15:00+01:00,76.64033793033164,58.41
2026-02-28 16:30:00+01:00,87.70337008523384,80.33
2026-02-28 16:45:00+01:00,94.1455318258019,89.89
2026-02-28 17:00:00+01:00,88.21113336262148,75.05
2026-02-28 17:15:00+01:00,97.30490132916904,83.1
2026-02-28 17:30:00+01:00,105.01520122310211,96.59
2026-02-28 17:45:00+01:00,109.88906460908197,105.0
2026-02-28 18:00:00+01:00,100.79799021648604,97.21
2026-02-28 18:15:00+01:00,108.6893685869492,96.32
2026-02-28 18:30:00+01:00,107.33652993184869,96.36
2026-02-28 18:45:00+01:00,109.88190932356679,90.88
2026-02-28 19:00:00+01:00,104.53637515261369,92.25
2026-02-28 19:15:00+01:00,104.37920047876209,87.71
2026-02-28 19:30:00+01:00,98.6304417781542,85.12
2026-02-28 19:45:00+01:00,93.8046477532646,75.59
2026-02-28 20:00:00+01:00,96.10410271402719,83.37
2026-02-28 20:15:00+01:00,90.18744689847328,74.27
2026-02-28 20:30:00+01:00,89.32394470637223,61.44
2026-02-28 20:45:00+01:00,82.17199415276461,57.39
2026-02-28 21:00:00+01:00,88.90854236960415,67.91
2026-02-28 21:15:00+01:00,87.38758737132899,68.93
2026-02-28 21:30:00+01:00,85.05968479027028,67.31
2026-02-28 21:45:00+01:00,78.15014722942166,54.52
2026-02-28 22:00:00+01:00,87.1821119795416,72.78
2026-02-28 22:15:00+01:00,84.98530439538102,66.17
2026-02-28 22:30:00+01:00,75.05860097693659,64.23
2026-02-28 22:45:00+01:00,73.0015406573267,55.47
2026-02-28 23:00:00+01:00,83.08659144117273,72.72
2026-02-28 23:15:00+01:00,74.28646433117088,59.07
2026-02-28 23:30:00+01:00,70.56712351933945,59.32
2026-02-28 23:45:00+01:00,59.51020360459988,51.58
2026-03-01 00:00:00+01:00,64.18103485699837,47.65
2026-03-01 00:15:00+01:00,64.99362783057927,48.89
2026-03-01 00:30:00+01:00,58.100903830848324,46.03
2026-03-01 00:45:00+01:00,63.9643781089491,48.02
2026-03-01 01:00:00+01:00,68.05012156713592,49.0
2026-03-01 01:15:00+01:00,63.012876033124286,51.99
2026-03-01 01:30:00+01:00,61.72326526372459,52.77
2026-03-01 01:45:00+01:00,59.97866741176706,52.44
2026-03-01 02:00:00+01:00,59.820424488467495,51.69
2026-03-01 02:15:00+01:00,62.10731987846762,52.49
2026-03-01 02:30:00+01:00,63.64346001838429,55.51
2026-03-01 02:45:00+01:00,64.1316598238211,57.3
2026-03-01 03:00:00+01:00,65.83556482805743,53.34
2026-03-01 03:15:00+01:00,65.76799342539864,54.58
2026-03-01 03:30:00+01:00,66.84840480310893,58.1
2026-03-01 03:45:00+01:00,67.18886279863679,62.27
2026-03-01 04:00:00+01:00,62.28170974802627,53.08
2026-03-01 04:15:00+01:00,63.66715834243918,57.57
2026-03-01 04:30:00+01:00,67.87532079319166,64.38
2026-03-01 04:45:00+01:00,67.83450415579938,69.31
2026-03-01 05:00:00+01:00,61.87466527881149,64.0
2026-03-01 05:15:00+01:00,66.19634048292875,64.3
2026-03-01 05:30:00+01:00,69.42719186909844,65.13
2026-03-01 05:45:00+01:00,77.00317556910775,67.29
2026-03-01 06:00:00+01:00,59.9478897733981,60.27
2026-03-01 06:15:00+01:00,74.65516393916585,66.51
2026-03-01 06:30:00+01:00,75.97761708319116,68.75
2026-03-01 06:45:00+01:00,79.95962050005346,68.5
2026-03-01 07:00:00+01:00,76.97206288838461,68.47
2026-03-01 07:15:00+01:00,79.85896962080132,68.79
2026-03-01 07:30:00+01:00,80.55079396220128,67.35
2026-03-01 07:45:00+01:00,77.26539813504687,55.38
2026-03-01 08:00:00+01:00,88.27189776864745,66.89
2026-03-01 08:15:00+01:00,80.8880122156441,56.24
2026-03-01 08:30:00+01:00,74.05738069095312,45.77
2026-03-01 08:45:00+01:00,65.97033552725594,41.24
2026-03-01 09:00:00+01:00,75.45107758746425,45.87
2026-03-01 09:15:00+01:00,72.2120641329093,24.16
2026-03-01 09:30:00+01:00,68.7615078395828,9.79
2026-03-01 09:45:00+01:00,61.965039295614496,0.1
2026-03-01 10:00:00+01:00,64.8783317392201,0.87
2026-03-01 10:15:00+01:00,61.405031706981084,0.0
2026-03-01 10:30:00+01:00,52.039364418,-0.06
2026-03-01 10:45:00+01:00,44.38710730597638,-0.81
2026-03-01 11:00:00+01:00,61.017335047795285,0.01
2026-03-01 11:15:00+01:00,50.331805418470154,0.0
2026-03-01 11:30:00+01:00,42.24026229041309,-0.01
2026-03-01 11:45:00+01:00,25.397502406097146,-0.1
2026-03-01 12:00:00+01:00,35.07137249019448,-0.1
2026-03-01 12:15:00+01:00,26.494894833750763,-0.11
2026-03-01 12:30:00+01:00,22.29380774129855,-0.25
2026-03-01 12:45:00+01:00,17.648421088486984,-1.0
2026-03-01 13:00:00+01:00,22.65198476905809,-1.01
2026-03-01 13:15:00+01:00,17.214187978094884,-1.03
2026-03-01 13:30:00+01:00,14.852858738715241,-1.0
2026-03-01 13:45:00+01:00,16.896281429831276,-0.11
2026-03-01 14:00:00+01:00,10.559690503768024,-1.0
2026-03-01 14:15:00+01:00,30.493583560714995,-0.06
2026-03-01 14:30:00+01:00,42.119615766133236,0.0
2026-03-01 14:45:00+01:00,48.05004891181317,1.04
2026-03-01 15:00:00+01:00,36.80007909657421,0.0
2026-03-01 15:15:00+01:00,47.72781126051002,0.12
2026-03-01 15:30:00+01:00,65.13430079576102,33.61
2026-03-01 15:45:00+01:00,88.02361235098205,70.08
2026-03-01 16:00:00+01:00,53.72118513282781,37.31
2026-03-01 16:15:00+01:00,78.28306886137233,62.4
2026-03-01 16:30:00+01:00,100.8654729937842,94.66
2026-03-01 16:45:00+01:00,109.3938941465235,104.99
2026-03-01 17:00:00+01:00,95.37356186744839,92.01
2026-03-01 17:15:00+01:00,108.7804901457834,100.03
2026-03-01 17:30:00+01:00,115.08708608228217,110.0
2026-03-01 17:45:00+01:00,110.82626168371225,113.0
2026-03-01 18:00:00+01:00,113.86856447551554,108.05
2026-03-01 18:15:00+01:00,117.12924016043844,109.84
2026-03-01 18:30:00+01:00,110.28026882863445,113.06
2026-03-01 18:45:00+01:00,105.25918650069684,109.86
2026-03-01 19:00:00+01:00,113.33596022955882,104.64
2026-03-01 19:15:00+01:00,107.36354558617948,103.41
2026-03-01 19:30:00+01:00,99.49258346676041,100.04
2026-03-01 19:45:00+01:00,96.7494524152575,98.65
2026-03-01 20:00:00+01:00,101.34535252019087,96.04
2026-03-01 20:15:00+01:00,91.53589444361282,94.96
2026-03-01 20:30:00+01:00,86.91197392488924,89.01
2026-03-01 20:45:00+01:00,85.12708546853942,82.93
2026-03-01 21:00:00+01:00,92.46036737345248,86.77
2026-03-01 21:15:00+01:00,90.7635186188033,82.17
2026-03-01 21:30:00+01:00,85.96758127987201,80.26
2026-03-01 21:45:00+01:00,77.24556278285144,76.06
2026-03-01 22:00:00+01:00,90.74637389595445,81.11
2026-03-01 22:15:00+01:00,85.76178635049034,77.82
2026-03-01 22:30:00+01:00,83.38293409605866,73.64
2026-03-01 22:45:00+01:00,78.8669108340619,66.09
2026-03-01 23:00:00+01:00,84.26348593071943,73.88
2026-03-01 23:15:00+01:00,79.2557393029215,70.83
2026-03-01 23:30:00+01:00,75.38982078454582,68.76
2026-03-01 23:45:00+01:00,66.20017564720618,59.12
2026-03-02 00:00:00+01:00,68.55902498288984,68.0
2026-03-02 00:15:00+01:00,62.28412348304437,65.08
2026-03-02 00:30:00+01:00,60.78102359245517,65.33
2026-03-02 00:45:00+01:00,61.78655473641671,62.11
2026-03-02 01:00:00+01:00,61.69200855413965,65.0
2026-03-02 01:15:00+01:00,63.147606004965496,65.04
2026-03-02 01:30:00+01:00,61.74674117754499,67.9
2026-03-02 01:45:00+01:00,59.27636650466407,69.84
2026-03-02 02:00:00+01:00,62.09760442495788,69.66
2026-03-02 02:15:00+01:00,60.32544796930058,68.31
2026-03-02 02:30:00+01:00,61.65562341787454,69.36
2026-03-02 02:45:00+01:00,63.89981942596398,68.7
2026-03-02 03:00:00+01:00,60.53136604047148,69.72
2026-03-02 03:15:00+01:00,63.784925689349734,68.19
2026-03-02 03:30:00+01:00,63.11512831000859,68.14
2026-03-02 03:45:00+01:00,63.79613113216421,72.22
2026-03-02 04:00:00+01:00,58.43634513107537,68.29
2026-03-02 04:15:00+01:00,62.212939588167956,70.43
2026-03-02 04:30:00+01:00,66.51475584888644,76.08
2026-03-02 04:45:00+01:00,71.5805035356648,81.32
2026-03-02 05:00:00+01:00,64.96251134235047,76.4
2026-03-02 05:15:00+01:00,65.83152000798903,80.66
2026-03-02 05:30:00+01:00,70.37054189068996,87.24
2026-03-02 05:45:00+01:00,78.6615513484183,95.82
2026-03-02 06:00:00+01:00,67.17106273684662,87.15
2026-03-02 06:15:00+01:00,85.029715067347,92.6
2026-03-02 06:30:00+01:00,101.07296554549491,107.8
2026-03-02 06:45:00+01:00,97.02043310784056,113.12
2026-03-02 07:00:00+01:00,92.58078653339716,125.4
2026-03-02 07:15:00+01:00,97.66203067328529,164.53
2026-03-02 07:30:00+01:00,95.00911758285288,142.02
2026-03-02 07:45:00+01:00,88.16766658317121,122.66
2026-03-02 08:00:00+01:00,100.52961763393878,181.0
2026-03-02 08:15:00+01:00,95.6674308418883,123.17
2026-03-02 08:30:00+01:00,86.99481678751692,108.99
2026-03-02 08:45:00+01:00,86.44384693221745,86.29
2026-03-02 09:00:00+01:00,100.70452600492783,113.91
2026-03-02 09:15:00+01:00,88.99873739666958,99.5
2026-03-02 09:30:00+01:00,76.18226812922583,85.2
2026-03-02 09:45:00+01:00,80.19861161250181,59.24
2026-03-02 10:00:00+01:00,76.26339522248371,83.85
2026-03-02 10:15:00+01:00,71.04699775380216,74.99
2026-03-02 10:30:00+01:00,60.95783593174112,68.48
2026-03-02 10:45:00+01:00,47.280640813152544,52.28
2026-03-02 11:00:00+01:00,58.612248296409895,79.32
2026-03-02 11:15:00+01:00,55.73640191077767,66.31
2026-03-02 11:30:00+01:00,31.26021805892863,48.55
2026-03-02 11:45:00+01:00,15.19465813835518,20.07
2026-03-02 12:00:00+01:00,37.052299211900674,41.88
2026-03-02 12:15:00+01:00,14.764966144390044,34.99
2026-03-02 12:30:00+01:00,4.907756349870084,22.86
2026-03-02 12:45:00+01:00,4.956024248196869,16.54
2026-03-02 13:00:00+01:00,14.50308656468492,18.47
2026-03-02 13:15:00+01:00,8.053483321287729,31.42
2026-03-02 13:30:00+01:00,16.9858174812031,46.12
2026-03-02 13:45:00+01:00,8.429339721330223,65.0
2026-03-02 14:00:00+01:00,5.3759222470226575,14.89
2026-03-02 14:15:00+01:00,21.32072189437089,67.0
2026-03-02 14:30:00+01:00,33.29541665033098,83.23
2026-03-02 14:45:00+01:00,56.77510310796257,91.0
2026-03-02 15:00:00+01:00,37.51572744745693,68.16
2026-03-02 15:15:00+01:00,56.716912216314064,74.95
2026-03-02 15:30:00+01:00,84.20576418603538,87.35
2026-03-02 15:45:00+01:00,95.87414498337755,109.49
2026-03-02 16:00:00+01:00,68.27170030341753,74.89
2026-03-02 16:15:00+01:00,99.57303732067669,98.23
2026-03-02 16:30:00+01:00,117.7105301953152,114.5
2026-03-02 16:45:00+01:00,127.25271305212418,148.99
2026-03-02 17:00:00+01:00,108.07205237027247,106.37
2026-03-02 17:15:00+01:00,111.19990390869053,121.0
2026-03-02 17:30:00+01:00,119.54992818123654,174.27
2026-03-02 17:45:00+01:00,134.69434251568768,292.36
2026-03-02 18:00:00+01:00,129.3059048495776,232.16
2026-03-02 18:15:00+01:00,122.33818542574775,222.31
2026-03-02 18:30:00+01:00,120.49887141649663,158.18
2026-03-02 18:45:00+01:00,119.65846802737066,139.33
2026-03-02 19:00:00+01:00,117.53462829913221,214.01
2026-03-02 19:15:00+01:00,116.69243671161038,137.13
2026-03-02 19:30:00+01:00,109.5100068873513,118.24
2026-03-02 19:45:00+01:00,105.65729115663981,105.06
2026-03-02 20:00:00+01:00,110.23125519591463,119.51
2026-03-02 20:15:00+01:00,101.49891268351672,110.58
2026-03-02 20:30:00+01:00,100.81087183976976,100.98
2026-03-02 20:45:00+01:00,94.6649543649609,99.67
2026-03-02 21:00:00+01:00,103.09140065430081,103.2
2026-03-02 21:15:00+01:00,95.65741913735344,98.99
2026-03-02 21:30:00+01:00,92.4596223160408,94.81
2026-03-02 21:45:00+01:00,85.44781369649031,88.87
2026-03-02 22:00:00+01:00,98.26400908225837,105.0
2026-03-02 22:15:00+01:00,92.86604839838562,99.21
2026-03-02 22:30:00+01:00,86.44429001300854,93.99
2026-03-02 22:45:00+01:00,84.69268973290876,89.0
2026-03-02 23:00:00+01:00,87.69985736594445,94.0
2026-03-02 23:15:00+01:00,81.4173643069445,88.62
2026-03-02 23:30:00+01:00,80.86751944486726,87.26
2026-03-02 23:45:00+01:00,77.64581191680819,85.7
2026-03-03 00:00:00+01:00,94.07613576877343,93.28
2026-03-03 00:15:00+01:00,91.84183493593626,89.95
2026-03-03 00:30:00+01:00,89.9457367217505,87.45
2026-03-03 00:45:00+01:00,87.83703579795522,85.57
2026-03-03 01:00:00+01:00,91.14059139364637,89.85
2026-03-03 01:15:00+01:00,87.97844109148015,89.41
2026-03-03 01:30:00+01:00,88.32058346300711,90.83
2026-03-03 01:45:00+01:00,88.14789908112176,90.4
2026-03-03 02:00:00+01:00,89.36570184575557,89.61
2026-03-03 02:15:00+01:00,88.0540568004265,88.82
2026-03-03 02:30:00+01:00,86.8691919379805,89.99
2026-03-03 02:45:00+01:00,86.31315428019616,89.28
2026-03-03 03:00:00+01:00,87.55734499014983,92.92
2026-03-03 03:15:00+01:00,87.60533770497358,90.16
2026-03-03 03:30:00+01:00,88.03077911552099,94.26
2026-03-03 03:45:00+01:00,89.67078320209205,93.92
2026-03-03 04:00:00+01:00,87.02637264040708,94.9
2026-03-03 04:15:00+01:00,87.38874916538776,95.08
2026-03-03 04:30:00+01:00,89.63797876764669,95.7
2026-03-03 04:45:00+01:00,90.64630729721281,97.21
2026-03-03 05:00:00+01:00,88.19683494463726,92.8
2026-03-03 05:15:00+01:00,88.34336779056505,98.95
2026-03-03 05:30:00+01:00,94.70491588973094,105.61
2026-03-03 05:45:00+01:00,101.8757646397305,115.92
2026-03-03 06:00:00+01:00,93.44664408673458,111.58
2026-03-03 06:15:00+01:00,107.47112141759767,121.93
2026-03-03 06:30:00+01:00,115.29855397700581,130.69
2026-03-03 06:45:00+01:00,130.89819351962686,179.99
2026-03-03 07:00:00+01:00,141.53695030846342,168.3
2026-03-03 07:15:00+01:00,149.78564458210346,163.52
2026-03-03 07:30:00+01:00,153.72007194456228,160.84
2026-03-03 07:45:00+01:00,129.9984133105262,132.93
2026-03-03 08:00:00+01:00,150.590102812328,193.91
2026-03-03 08:15:00+01:00,147.89870467964064,141.04
2026-03-03 08:30:00+01:00,120.79852447808388,120.49
2026-03-03 08:45:00+01:00,101.17615924109029,91.68
2026-03-03 09:00:00+01:00,117.10241973718637,129.0
2026-03-03 09:15:00+01:00,107.99484590341604,99.28
2026-03-03 09:30:00+01:00,100.11087495871939,89.44
2026-03-03 09:45:00+01:00,91.90295496732138,80.36
2026-03-03 10:00:00+01:00,107.47998641051348,94.76
2026-03-03 10:15:00+01:00,90.36171268584468,87.19
2026-03-03 10:30:00+01:00,78.93732025714982,79.46
2026-03-03 10:45:00+01:00,68.44315785716722,51.27
2026-03-03 11:00:00+01:00,78.82905698569,83.05
2026-03-03 11:15:00+01:00,76.26155137352954,66.31
2026-03-03 11:30:00+01:00,71.83589218694856,44.24
2026-03-03 11:45:00+01:00,63.453850456592725,30.09
2026-03-03 12:00:00+01:00,72.50793207201629,47.04
2026-03-03 12:15:00+01:00,66.50084081600387,34.99
2026-03-03 12:30:00+01:00,56.914634065485544,25.87
2026-03-03 12:45:00+01:00,54.26642381077131,21.56
2026-03-03 13:00:00+01:00,59.26319398050936,22.62
2026-03-03 13:15:00+01:00,59.79591646464809,23.7
2026-03-03 13:30:00+01:00,62.119585028630425,39.98
2026-03-03 13:45:00+01:00,66.58873857644039,56.35
2026-03-03 14:00:00+01:00,60.05302631818307,33.02
2026-03-03 14:15:00+01:00,68.40935995632634,53.13
2026-03-03 14:30:00+01:00,80.36567401398435,78.18
2026-03-03 14:45:00+01:00,88.57538316350069,92.25
2026-03-03 15:00:00+01:00,69.64315217883473,61.98
2026-03-03 15:15:00+01:00,76.54704070454345,80.16
2026-03-03 15:30:00+01:00,92.5314415771827,91.82
2026-03-03 15:45:00+01:00,109.58244031550105,113.11
2026-03-03 16:00:00+01:00,83.38088051667931,81.82
2026-03-03 16:15:00+01:00,101.80067801728774,98.06
2026-03-03 16:30:00+01:00,118.25135048810596,115.79
2026-03-03 16:45:00+01:00,133.68716111559291,161.05
2026-03-03 17:00:00+01:00,110.70919920608367,93.61
2026-03-03 17:15:00+01:00,126.31593510292434,116.73
2026-03-03 17:30:00+01:00,149.82736722060434,177.72
2026-03-03 17:45:00+01:00,170.29002879747327,246.4
2026-03-03 18:00:00+01:00,168.43955571433386,196.3
2026-03-03 18:15:00+01:00,161.5699358479663,203.42
2026-03-03 18:30:00+01:00,142.76637945573657,219.31
2026-03-03 18:45:00+01:00,135.30057838275448,198.0
2026-03-03 19:00:00+01:00,149.05579137522636,230.04
2026-03-03 19:15:00+01:00,130.78099770829672,180.27
2026-03-03 19:30:00+01:00,124.34533774306703,157.69
2026-03-03 19:45:00+01:00,113.59980854201659,125.48
2026-03-03 20:00:00+01:00,130.38930910839687,152.29
2026-03-03 20:15:00+01:00,121.61152471168019,138.31
2026-03-03 20:30:00+01:00,110.82666965713928,122.71
2026-03-03 20:45:00+01:00,104.84700020937042,113.59
2026-03-03 21:00:00+01:00,111.55129943129072,125.49
2026-03-03 21:15:00+01:00,111.84050205002922,119.73
2026-03-03 21:30:00+01:00,101.95023972159358,115.76
2026-03-03 21:45:00+01:00,91.67127987324854,103.74
2026-03-03 22:00:00+01:00,106.68551273859667,122.36
2026-03-03 22:15:00+01:00,102.62751049438991,112.45
2026-03-03 22:30:00+01:00,93.73145395004,108.1
2026-03-03 22:45:00+01:00,90.69408329747841,102.37
2026-03-03 23:00:00+01:00,93.55840430946787,112.06
2026-03-03 23:15:00+01:00,87.56714627430281,104.52
2026-03-03 23:30:00+01:00,83.91696738070405,104.21
2026-03-03 23:45:00+01:00,81.51759739397536,97.99
2026-03-04 00:00:00+01:00,99.08406252739954,139.94
2026-03-04 00:15:00+01:00,99.38813747253465,132.3
2026-03-04 00:30:00+01:00,98.39811880097443,126.56
2026-03-04 00:45:00+01:00,94.46869953688505,117.24
2026-03-04 01:00:00+01:00,98.79162139453817,135.58
2026-03-04 01:15:00+01:00,99.48299238739887,127.43
2026-03-04 01:30:00+01:00,97.22430633245582,125.13
2026-03-04 01:45:00+01:00,95.50987790726141,123.15
2026-03-04 02:00:00+01:00,100.0076513524546,127.11
2026-03-04 02:15:00+01:00,97.70063648032954,125.79
2026-03-04 02:30:00+01:00,94.21053997150474,124.98
2026-03-04 02:45:00+01:00,94.94572476040528,123.41
2026-03-04 03:00:00+01:00,98.5553597066645,124.81
2026-03-04 03:15:00+01:00,96.02927613747525,124.73
2026-03-04 03:30:00+01:00,95.81593953409325,124.67
2026-03-04 03:45:00+01:00,95.65267713632502,124.73
2026-03-04 04:00:00+01:00,97.76630318344168,124.74
2026-03-04 04:15:00+01:00,97.3452065116252,125.08
2026-03-04 04:30:00+01:00,95.76819264068254,130.54
2026-03-04 04:45:00+01:00,96.20165035366296,132.45
2026-03-04 05:00:00+01:00,96.07230732059597,124.28
2026-03-04 05:15:00+01:00,97.36549074892187,131.94
2026-03-04 05:30:00+01:00,100.15001694832725,140.22
2026-03-04 05:45:00+01:00,104.22964573005619,168.2
2026-03-04 06:00:00+01:00,100.99889285878048,137.03
2026-03-04 06:15:00+01:00,107.96622304073209,151.57
2026-03-04 06:30:00+01:00,113.99341482240453,211.28
2026-03-04 06:45:00+01:00,161.61238460479055,301.31
2026-03-04 07:00:00+01:00,143.57683901135528,330.86
2026-03-04 07:15:00+01:00,161.7507991298239,335.18
2026-03-04 07:30:00+01:00,157.9357129379262,226.14
2026-03-04 07:45:00+01:00,143.05947578786134,177.76
2026-03-04 08:00:00+01:00,178.01264742584652,294.22
2026-03-04 08:15:00+01:00,146.5446566042234,204.5
2026-03-04 08:30:00+01:00,124.13424999924675,151.67
2026-03-04 08:45:00+01:00,97.02918932167522,123.0
2026-03-04 09:00:00+01:00,137.9870722698637,211.29
2026-03-04 09:15:00+01:00,113.12477965578154,148.65
2026-03-04 09:30:00+01:00,94.63449515218363,134.22
2026-03-04 09:45:00+01:00,82.21363613133352,108.88
2026-03-04 10:00:00+01:00,98.01497294494997,137.81
2026-03-04 10:15:00+01:00,84.12432319949039,117.03
2026-03-04 10:30:00+01:00,87.99431906975983,104.9
2026-03-04 10:45:00+01:00,80.78352495192661,81.93
2026-03-04 11:00:00+01:00,83.9266510037908,102.48
2026-03-04 11:15:00+01:00,77.60719215521038,81.0
2026-03-04 11:30:00+01:00,75.3818087929354,77.48
2026-03-04 11:45:00+01:00,71.37494732670952,52.23
2026-03-04 12:00:00+01:00,77.59679354661861,69.97
2026-03-04 12:15:00+01:00,77.75447977867306,39.99
2026-03-04 12:30:00+01:00,68.60339858705743,34.9
2026-03-04 12:45:00+01:00,66.75408693277679,25.12
2026-03-04 13:00:00+01:00,73.3708010625199,31.75
2026-03-04 13:15:00+01:00,71.05412658144337,26.92
2026-03-04 13:30:00+01:00,73.63575117767874,33.39
2026-03-04 13:45:00+01:00,71.77589230385914,39.84
2026-03-04 14:00:00+01:00,50.98071111029965,26.37
2026-03-04 14:15:00+01:00,76.22739354437357,58.19
2026-03-04 14:30:00+01:00,78.67152266677041,79.9
2026-03-04 14:45:00+01:00,91.90800013736774,97.16
2026-03-04 15:00:00+01:00,68.93792506484797,71.17
2026-03-04 15:15:00+01:00,83.59379230773393,93.06
2026-03-04 15:30:00+01:00,92.53798804046212,101.74
2026-03-04 15:45:00+01:00,111.53782098018375,130.48
2026-03-04 16:00:00+01:00,84.98843293671894,93.37
2026-03-04 16:15:00+01:00,102.46256814102583,115.24
2026-03-04 16:30:00+01:00,117.2781363032757,137.63
2026-03-04 16:45:00+01:00,158.40477418860388,202.6
2026-03-04 17:00:00+01:00,104.42339555522952,130.71
2026-03-04 17:15:00+01:00,132.0948342306614,173.91
2026-03-04 17:30:00+01:00,184.3096001348926,243.08
2026-03-04 17:45:00+01:00,208.25555203806056,429.36
2026-03-04 18:00:00+01:00,193.85340352565765,283.32
2026-03-04 18:15:00+01:00,187.0141954380423,337.19
2026-03-04 18:30:00+01:00,169.66137922835753,343.65
2026-03-04 18:45:00+01:00,168.33124182709412,279.28
2026-03-04 19:00:00+01:00,194.859922267938,328.64
2026-03-04 19:15:00+01:00,153.34102891163872,230.1
2026-03-04 19:30:00+01:00,139.0427389749717,214.09
2026-03-04 19:45:00+01:00,119.79166086792988,185.68
2026-03-04 20:00:00+01:00,134.9627404238945,197.34
2026-03-04 20:15:00+01:00,132.69680018267957,172.0
2026-03-04 20:30:00+01:00,120.07595998754387,159.29
2026-03-04 20:45:00+01:00,111.10391584692857,150.81
2026-03-04 21:00:00+01:00,116.13545251054268,171.64
2026-03-04 21:15:00+01:00,113.17080601742069,158.39
2026-03-04 21:30:00+01:00,109.32364619406161,147.04
2026-03-04 21:45:00+01:00,97.42624621364422,130.44
2026-03-04 22:00:00+01:00,114.11849241625336,157.04
2026-03-04 22:15:00+01:00,106.38016518302867,149.48
2026-03-04 22:30:00+01:00,103.74163683627332,139.13
2026-03-04 22:45:00+01:00,97.00150927178848,123.31
2026-03-04 23:00:00+01:00,102.27365515691794,140.0
2026-03-04 23:15:00+01:00,94.95846830218541,131.9
2026-03-04 23:30:00+01:00,91.7339915691482,119.13
2026-03-04 23:45:00+01:00,88.12581548481565,108.2
2026-03-05 00:00:00+01:00,113.85258540730841,132.01
2026-03-05 00:15:00+01:00,109.86363560695679,114.61
2026-03-05 00:30:00+01:00,107.01567757277769,110.24
2026-03-05 00:45:00+01:00,105.5811209286808,109.08
2026-03-05 01:00:00+01:00,111.53669436371023,111.79
2026-03-05 01:15:00+01:00,109.31485873929454,109.93
2026-03-05 01:30:00+01:00,107.43326709941971,109.2
2026-03-05 01:45:00+01:00,105.33520032655221,108.81
2026-03-05 02:00:00+01:00,107.94931294852967,109.51
2026-03-05 02:15:00+01:00,105.8965790067292,109.44
2026-03-05 02:30:00+01:00,103.52300500113431,109.26
2026-03-05 02:45:00+01:00,104.02493046738091,108.84
2026-03-05 03:00:00+01:00,103.68806365557879,108.79
2026-03-05 03:15:00+01:00,102.94483266271028,108.5
2026-03-05 03:30:00+01:00,103.30806172940851,108.81
2026-03-05 03:45:00+01:00,103.79800169223233,109.04
2026-03-05 04:00:00+01:00,104.0588602019502,109.69
2026-03-05 04:15:00+01:00,102.44633593211306,110.23
2026-03-05 04:30:00+01:00,105.65904313604594,109.95
2026-03-05 04:45:00+01:00,107.67703272298934,114.38
2026-03-05 05:00:00+01:00,103.29033639812222,108.6
2026-03-05 05:15:00+01:00,104.93290687804605,112.12
2026-03-05 05:30:00+01:00,110.86684455071105,137.71
2026-03-05 05:45:00+01:00,113.49170525971648,149.3
2026-03-05 06:00:00+01:00,108.99213164873768,127.73
2026-03-05 06:15:00+01:00,124.79701001134644,154.25
2026-03-05 06:30:00+01:00,132.10185371830232,166.64
2026-03-05 06:45:00+01:00,144.32006192465923,168.93
2026-03-05 07:00:00+01:00,153.70814220558387,205.1
2026-03-05 07:15:00+01:00,173.75540052107854,190.58
2026-03-05 07:30:00+01:00,162.03053652462256,160.0
2026-03-05 07:45:00+01:00,140.80969435480858,146.5
2026-03-05 08:00:00+01:00,184.26242236765532,176.43
2026-03-05 08:15:00+01:00,155.67358901102395,149.94
2026-03-05 08:30:00+01:00,132.14091112628915,130.51
2026-03-05 08:45:00+01:00,112.87789665861217,100.44
2026-03-05 09:00:00+01:00,153.23113037785794,129.17
2026-03-05 09:15:00+01:00,123.07764370052678,99.11
2026-03-05 09:30:00+01:00,123.66401116244955,89.24
2026-03-05 09:45:00+01:00,97.0984474926473,70.85
2026-03-05 10:00:00+01:00,120.68359395247825,94.41
2026-03-05 10:15:00+01:00,106.11370811134337,71.0
2026-03-05 10:30:00+01:00,97.02342455286237,59.95
2026-03-05 10:45:00+01:00,84.65013949427181,31.22
2026-03-05 11:00:00+01:00,95.02657922186154,56.78
2026-03-05 11:15:00+01:00,79.33245864284574,25.59
2026-03-05 11:30:00+01:00,76.56667040478564,9.45
2026-03-05 11:45:00+01:00,71.02739341099276,0.0
2026-03-05 12:00:00+01:00,79.5431606972449,8.49
2026-03-05 12:15:00+01:00,69.90064383543611,0.0
2026-03-05 12:30:00+01:00,66.31984868183397,0.0
2026-03-05 12:45:00+01:00,37.40269812036452,0.0
2026-03-05 13:00:00+01:00,45.831663915038746,0.0
2026-03-05 13:15:00+01:00,41.30770504147184,0.0
2026-03-05 13:30:00+01:00,51.862506795977154,1.28
2026-03-05 13:45:00+01:00,46.62743336519433,10.02
2026-03-05 14:00:00+01:00,45.6923134808063,10.08
2026-03-05 14:15:00+01:00,63.352197366702846,32.29
2026-03-05 14:30:00+01:00,82.5007884909217,39.86
2026-03-05 14:45:00+01:00,94.21124851504806,73.11
2026-03-05 15:00:00+01:00,64.10374386755561,58.43
2026-03-05 15:15:00+01:00,85.28614858588645,86.53
2026-03-05 15:30:00+01:00,96.91541443500495,96.65
2026-03-05 15:45:00+01:00,111.42345789074645,118.4
2026-03-05 16:00:00+01:00,91.9625720265617,90.3
2026-03-05 16:15:00+01:00,107.81523059211028,120.39
2026-03-05 16:30:00+01:00,115.398591889867,144.53
2026-03-05 16:45:00+01:00,124.88236288815091,195.78
2026-03-05 17:00:00+01:00,121.21444710588823,127.89
2026-03-05 17:15:00+01:00,130.8123940235094,158.28
2026-03-05 17:30:00+01:00,135.65051264397792,190.36
2026-03-05 17:45:00+01:00,150.96705190954992,244.97
2026-03-05 18:00:00+01:00,156.2226718698491,230.09
2026-03-05 18:15:00+01:00,139.19887268077127,202.27
2026-03-05 18:30:00+01:00,141.47956741972712,176.93
2026-03-05 18:45:00+01:00,134.7341601188201,158.79
2026-03-05 19:00:00+01:00,139.28565328234592,199.15
2026-03-05 19:15:00+01:00,129.63028921331198,165.86
2026-03-05 19:30:00+01:00,122.68706195113224,152.89
2026-03-05 19:45:00+01:00,122.1340907262525,142.1
2026-03-05 20:00:00+01:00,123.23526888389833,149.04
2026-03-05 20:15:00+01:00,113.61642909768192,135.92
2026-03-05 20:30:00+01:00,112.00698555848649,131.82
2026-03-05 20:45:00+01:00,107.31009135342715,124.2
2026-03-05 21:00:00+01:00,110.38644451012469,145.9
2026-03-05 21:15:00+01:00,104.83791681587856,138.09
2026-03-05 21:30:00+01:00,100.1660310991092,126.68
2026-03-05 21:45:00+01:00,95.80303389217009,111.69
2026-03-05 22:00:00+01:00,103.95243830034606,136.58
2026-03-05 22:15:00+01:00,104.14612054876115,130.34
2026-03-05 22:30:00+01:00,101.78874042531608,128.27
2026-03-05 22:45:00+01:00,95.42508810150606,125.38
2026-03-05 23:00:00+01:00,102.10572884572389,128.68
2026-03-05 23:15:00+01:00,96.49372435693556,121.79
2026-03-05 23:30:00+01:00,93.74260259713706,118.33
2026-03-05 23:45:00+01:00,91.18872287642805,110.0
2026-03-06 00:00:00+01:00,113.75247344047715,103.2
2026-03-06 00:15:00+01:00,110.05424558228667,104.49
2026-03-06 00:30:00+01:00,105.80391801480857,104.44
2026-03-06 00:45:00+01:00,102.64491481871896,104.37
2026-03-06 01:00:00+01:00,110.37042301549981,106.23
2026-03-06 01:15:00+01:00,108.33186199363658,105.85
2026-03-06 01:30:00+01:00,105.93627633217869,106.92
2026-03-06 01:45:00+01:00,105.89515191868836,105.0
2026-03-06 02:00:00+01:00,109.22839516195508,109.38
2026-03-06 02:15:00+01:00,108.82684931239918,108.04
2026-03-06 02:30:00+01:00,105.554300854737,108.57
2026-03-06 02:45:00+01:00,106.9859901380473,108.1
2026-03-06 03:00:00+01:00,104.06330155998239,108.83
2026-03-06 03:15:00+01:00,103.44214402173753,108.9
2026-03-06 03:30:00+01:00,104.76480992266018,109.54
2026-03-06 03:45:00+01:00,106.77518154027939,110.83
2026-03-06 04:00:00+01:00,106.81766642113719,110.74
2026-03-06 04:15:00+01:00,107.13018784758668,109.97
2026-03-06 04:30:00+01:00,109.80450351860108,118.0
2026-03-06 04:45:00+01:00,112.79018642602571,123.29
2026-03-06 05:00:00+01:00,109.65902589235395,114.22
2026-03-06 05:15:00+01:00,111.41260885325987,121.58
2026-03-06 05:30:00+01:00,123.24302829644412,133.16
2026-03-06 05:45:00+01:00,130.87649067894043,149.67
2026-03-06 06:00:00+01:00,120.49941365425123,126.43
2026-03-06 06:15:00+01:00,132.99957189969965,147.36
2026-03-06 06:30:00+01:00,154.1135105566612,161.92
2026-03-06 06:45:00+01:00,188.09022158714606,193.43
2026-03-06 07:00:00+01:00,186.1696928040637,214.51
2026-03-06 07:15:00+01:00,190.36160224525563,195.13
2026-03-06 07:30:00+01:00,181.7754899801546,168.02
2026-03-06 07:45:00+01:00,162.77560684329305,130.44
2026-03-06 08:00:00+01:00,208.25179057664204,184.37
2026-03-06 08:15:00+01:00,175.53121990611663,148.94
2026-03-06 08:30:00+01:00,135.72568748649846,121.4
2026-03-06 08:45:00+01:00,104.14230176662073,98.44
2026-03-06 09:00:00+01:00,147.19088370752192,143.53
2026-03-06 09:15:00+01:00,107.2298184498162,108.6
2026-03-06 09:30:00+01:00,93.26046982163463,103.17
2026-03-06 09:45:00+01:00,87.36244875351268,92.55
2026-03-06 10:00:00+01:00,93.69965957892965,111.98
2026-03-06 10:15:00+01:00,82.64800243209879,100.69
2026-03-06 10:30:00+01:00,81.61208808992026,96.14
2026-03-06 10:45:00+01:00,62.107103548926666,77.19
2026-03-06 11:00:00+01:00,80.6281171043237,87.31
2026-03-06 11:15:00+01:00,64.57111474680659,69.8
2026-03-06 11:30:00+01:00,54.89090710456727,63.2
2026-03-06 11:45:00+01:00,40.41733584048903,46.54
2026-03-06 12:00:00+01:00,54.98053630883272,63.13
2026-03-06 12:15:00+01:00,39.44721800694307,49.39
2026-03-06 12:30:00+01:00,41.34566098378049,51.36
2026-03-06 12:45:00+01:00,32.58788225459826,46.68
2026-03-06 13:00:00+01:00,36.16282181092272,48.25
2026-03-06 13:15:00+01:00,40.687223467165005,47.32
2026-03-06 13:30:00+01:00,39.13434880711616,46.69
2026-03-06 13:45:00+01:00,44.05783619730748,52.35
2026-03-06 14:00:00+01:00,37.02770264663972,45.71
2026-03-06 14:15:00+01:00,56.77367389662628,64.5
2026-03-06 14:30:00+01:00,75.46719289441737,84.59
2026-03-06 14:45:00+01:00,89.42498606557982,100.95
2026-03-06 15:00:00+01:00,63.934616950696906,85.26
2026-03-06 15:15:00+01:00,92.76905745994179,104.01
2026-03-06 15:30:00+01:00,103.51910444924425,105.0
2026-03-06 15:45:00+01:00,126.39553462745545,134.0
2026-03-06 16:00:00+01:00,96.15998247802796,90.86
2026-03-06 16:15:00+01:00,121.96697625607814,120.6
2026-03-06 16:30:00+01:00,141.09469793882974,138.87
2026-03-06 16:45:00+01:00,191.27909106943937,171.26
2026-03-06 17:00:00+01:00,125.71371002631204,115.48
2026-03-06 17:15:00+01:00,154.64977971025928,154.67
2026-03-06 17:30:00+01:00,216.78990954099072,190.69
2026-03-06 17:45:00+01:00,272.26665216291224,248.91
2026-03-06 18:00:00+01:00,217.92586277242268,228.15
2026-03-06 18:15:00+01:00,212.85119407870525,244.94
2026-03-06 18:30:00+01:00,216.22266510026975,230.02
2026-03-06 18:45:00+01:00,193.29643918905924,215.1
2026-03-06 19:00:00+01:00,207.13497554076622,238.11
2026-03-06 19:15:00+01:00,175.74448650664456,184.38
2026-03-06 19:30:00+01:00,165.86704611154778,170.41
2026-03-06 19:45:00+01:00,145.28376330779307,166.16
2026-03-06 20:00:00+01:00,158.29876694022954,169.76
2026-03-06 20:15:00+01:00,151.66707071723644,160.05
2026-03-06 20:30:00+01:00,137.86467082297926,153.43
2026-03-06 20:45:00+01:00,129.5420142590766,129.2
2026-03-06 21:00:00+01:00,137.65154227691914,150.39
2026-03-06 21:15:00+01:00,129.18261429137473,141.99
2026-03-06 21:30:00+01:00,130.2136806784874,128.13
2026-03-06 21:45:00+01:00,117.71474120825454,116.26
2026-03-06 22:00:00+01:00,127.8628898757903,135.86
2026-03-06 22:15:00+01:00,119.92225522585075,127.15
2026-03-06 22:30:00+01:00,121.44779851602345,126.83
2026-03-06 22:45:00+01:00,109.56442056729958,119.14
2026-03-06 23:00:00+01:00,119.13841445455003,136.43
2026-03-06 23:15:00+01:00,107.18677591145953,126.95
2026-03-06 23:30:00+01:00,105.70627432185083,124.89
2026-03-06 23:45:00+01:00,100.71346449419629,116.03
2026-03-07 00:00:00+01:00,111.24198198925765,141.31
2026-03-07 00:15:00+01:00,110.85214680874675,136.72
2026-03-07 00:30:00+01:00,108.85706050023963,132.78
2026-03-07 00:45:00+01:00,104.36923743889562,129.84
2026-03-07 01:00:00+01:00,110.15783780284272,137.61
2026-03-07 01:15:00+01:00,109.34305162300147,132.28
2026-03-07 01:30:00+01:00,107.87614745716537,128.19
2026-03-07 01:45:00+01:00,104.18369542642537,124.63
2026-03-07 02:00:00+01:00,106.67419251073986,129.76
2026-03-07 02:15:00+01:00,103.7616322527962,125.66
2026-03-07 02:30:00+01:00,105.82747388270256,124.15
2026-03-07 02:45:00+01:00,106.05091817193446,123.12
2026-03-07 03:00:00+01:00,102.2504473092137,126.49
2026-03-07 03:15:00+01:00,103.3789687597081,124.78
2026-03-07 03:30:00+01:00,102.84084472103015,123.32
2026-03-07 03:45:00+01:00,103.99160046179394,122.97
2026-03-07 04:00:00+01:00,104.82596953262401,122.97
2026-03-07 04:15:00+01:00,104.5862143099308,124.13
2026-03-07 04:30:00+01:00,106.90708403829296,124.5
2026-03-07 04:45:00+01:00,105.12228407119612,127.39
2026-03-07 05:00:00+01:00,105.34076858666822,124.77
2026-03-07 05:15:00+01:00,106.50822578276934,128.93
2026-03-07 05:30:00+01:00,112.31209354927859,129.9
2026-03-07 05:45:00+01:00,107.60578258677121,134.7
2026-03-07 06:00:00+01:00,104.40625092950366,131.43
2026-03-07 06:15:00+01:00,104.25815825711945,138.83
2026-03-07 06:30:00+01:00,102.50875501384898,141.33
2026-03-07 06:45:00+01:00,109.13193259716489,130.89
2026-03-07 07:00:00+01:00,125.10660932833443,146.26
2026-03-07 07:15:00+01:00,125.22055765891179,136.0
2026-03-07 07:30:00+01:00,113.2640248572837,129.3
2026-03-07 07:45:00+01:00,108.18540280591044,106.67
2026-03-07 08:00:00+01:00,141.6477774120295,135.98
2026-03-07 08:15:00+01:00,130.6994658426353,126.11
2026-03-07 08:30:00+01:00,108.410691550511,104.98
2026-03-07 08:45:00+01:00,91.11196031754349,84.54
2026-03-07 09:00:00+01:00,124.65222485034776,129.03
2026-03-07 09:15:00+01:00,93.35070247814507,108.32
2026-03-07 09:30:00+01:00,81.07996443276811,95.24
2026-03-07 09:45:00+01:00,74.34459945013111,78.56
2026-03-07 10:00:00+01:00,90.89875488650338,102.42
2026-03-07 10:15:00+01:00,68.98924221988472,83.78
2026-03-07 10:30:00+01:00,75.39525562998736,73.78
2026-03-07 10:45:00+01:00,50.6298458078498,37.8
2026-03-07 11:00:00+01:00,53.52525532141468,56.54
2026-03-07 11:15:00+01:00,34.93563781686068,27.69
2026-03-07 11:30:00+01:00,42.40203371369212,19.75
2026-03-07 11:45:00+01:00,32.70123689210098,18.19
2026-03-07 12:00:00+01:00,47.17081099449134,18.51
2026-03-07 12:15:00+01:00,39.83589914641069,14.67
2026-03-07 12:30:00+01:00,28.099206831070802,10.93
2026-03-07 12:45:00+01:00,20.350099644633303,8.01
2026-03-07 13:00:00+01:00,38.54093473692001,5.04
2026-03-07 13:15:00+01:00,27.380506102545283,0.55
2026-03-07 13:30:00+01:00,30.628903364061742,0.0
2026-03-07 13:45:00+01:00,39.3477602307003,0.08
2026-03-07 14:00:00+01:00,29.986131489528404,2.78
2026-03-07 14:15:00+01:00,34.58873120313922,12.4
2026-03-07 14:30:00+01:00,63.9185994894629,23.18
2026-03-07 14:45:00+01:00,71.79250246511161,34.35
2026-03-07 15:00:00+01:00,47.22921761434901,35.15
2026-03-07 15:15:00+01:00,86.24300941799619,76.66
2026-03-07 15:30:00+01:00,93.39142931919258,95.57
2026-03-07 15:45:00+01:00,117.45850642303223,125.76
2026-03-07 16:00:00+01:00,93.13953665971509,81.22
2026-03-07 16:15:00+01:00,117.83334742544622,114.56
2026-03-07 16:30:00+01:00,130.4673178541405,144.98
2026-03-07 16:45:00+01:00,161.03705519403908,164.5
2026-03-07 17:00:00+01:00,124.40303796391348,110.63
2026-03-07 17:15:00+01:00,143.71396466275797,131.95
2026-03-07 17:30:00+01:00,148.01443444392075,150.0
2026-03-07 17:45:00+01:00,226.12754134039747,196.9
2026-03-07 18:00:00+01:00,171.58278274342126,168.19
2026-03-07 18:15:00+01:00,180.4374203318327,177.01
2026-03-07 18:30:00+01:00,182.22782102874675,193.95
2026-03-07 18:45:00+01:00,154.23766868764812,184.34
2026-03-07 19:00:00+01:00,194.27894032349764,185.27
2026-03-07 19:15:00+01:00,144.63036665872545,169.98
2026-03-07 19:30:00+01:00,136.49826840133917,163.14
2026-03-07 19:45:00+01:00,125.91362242600742,148.51
2026-03-07 20:00:00+01:00,137.028242210645,157.71
2026-03-07 20:15:00+01:00,126.85031570492009,151.91
2026-03-07 20:30:00+01:00,123.4611870061525,145.28
2026-03-07 20:45:00+01:00,114.76991927071037,137.89
2026-03-07 21:00:00+01:00,127.03319841104761,146.51
2026-03-07 21:15:00+01:00,116.98641500393785,139.98
2026-03-07 21:30:00+01:00,111.9596741153189,135.71
2026-03-07 21:45:00+01:00,104.54544046182009,128.24
2026-03-07 22:00:00+01:00,120.7649815273319,142.12
2026-03-07 22:15:00+01:00,111.69363693244492,133.8
2026-03-07 22:30:00+01:00,110.84675061038051,130.88
2026-03-07 22:45:00+01:00,102.69494623195338,129.99
2026-03-07 23:00:00+01:00,116.70250735459041,144.1
2026-03-07 23:15:00+01:00,105.8689716891968,130.91
2026-03-07 23:30:00+01:00,98.54320217656212,126.62
2026-03-07 23:45:00+01:00,92.70143622305275,120.95
2026-03-08 00:00:00+01:00,124.30207771871663,145.71
2026-03-08 00:15:00+01:00,117.2761253550808,137.27
2026-03-08 00:30:00+01:00,114.75636820654913,131.74
2026-03-08 00:45:00+01:00,109.5052972231237,129.25
2026-03-08 01:00:00+01:00,117.45728690483153,139.38
2026-03-08 01:15:00+01:00,110.16016731567322,135.0
2026-03-08 01:30:00+01:00,111.54703135697491,130.0
2026-03-08 01:45:00+01:00,111.52856656873968,126.55
2026-03-08 02:00:00+01:00,109.60327107357345,134.0
2026-03-08 02:15:00+01:00,110.71037417648205,133.42
2026-03-08 02:30:00+01:00,109.06492334902097,130.0
2026-03-08 02:45:00+01:00,108.98473470059113,127.35
2026-03-08 03:00:00+01:00,107.60953739026009,132.52
2026-03-08 03:15:00+01:00,107.08922110718918,130.08
2026-03-08 03:30:00+01:00,106.0609561566539,130.4
2026-03-08 03:45:00+01:00,110.34089017766283,127.37
2026-03-08 04:00:00+01:00,109.08002841811432,129.37
2026-03-08 04:15:00+01:00,107.02787613249417,128.78
2026-03-08 04:30:00+01:00,110.745142864647,129.2
2026-03-08 04:45:00+01:00,114.13579340239258,129.99
2026-03-08 05:00:00+01:00,109.14451446003001,129.84
2026-03-08 05:15:00+01:00,106.064986189005,127.4
2026-03-08 05:30:00+01:00,114.05028578772313,129.99
2026-03-08 05:45:00+01:00,126.03378071451344,131.31
2026-03-08 06:00:00+01:00,107.43275150173531,130.54
2026-03-08 06:15:00+01:00,130.09174912859018,134.89
2026-03-08 06:30:00+01:00,127.51156562267411,130.81
2026-03-08 06:45:00+01:00,112.77634558309568,128.15
2026-03-08 07:00:00+01:00,134.93287096111845,139.06
2026-03-08 07:15:00+01:00,112.65417479070227,128.12
2026-03-08 07:30:00+01:00,108.13137015856373,108.95
2026-03-08 07:45:00+01:00,103.24700783329054,91.81
2026-03-08 08:00:00+01:00,123.27487354276427,130.65
2026-03-08 08:15:00+01:00,107.36383979598196,109.2
2026-03-08 08:30:00+01:00,95.40446054523058,104.39
2026-03-08 08:45:00+01:00,78.83435834726235,90.01
2026-03-08 09:00:00+01:00,112.17834174519164,110.99
2026-03-08 09:15:00+01:00,99.71788811773737,94.66
2026-03-08 09:30:00+01:00,91.37905562604391,86.74
2026-03-08 09:45:00+01:00,72.56293253408495,70.48
2026-03-08 10:00:00+01:00,98.38922433156783,90.75
2026-03-08 10:15:00+01:00,80.820384929098,83.1
2026-03-08 10:30:00+01:00,69.9877558242012,47.34
2026-03-08 10:45:00+01:00,35.55406970394441,30.57
2026-03-08 11:00:00+01:00,54.637560625203015,28.6
2026-03-08 11:15:00+01:00,26.59244896909162,19.77
2026-03-08 11:30:00+01:00,20.203114807435327,14.7
2026-03-08 11:45:00+01:00,20.765648397295635,9.04
2026-03-08 12:00:00+01:00,25.739764587226816,12.95
2026-03-08 12:15:00+01:00,19.451387738699992,9.41
2026-03-08 12:30:00+01:00,23.20840745299101,9.49
2026-03-08 12:45:00+01:00,18.73349619409366,1.48
2026-03-08 13:00:00+01:00,24.9241354191291,0.0
2026-03-08 13:15:00+01:00,20.517065082000343,-0.01
2026-03-08 13:30:00+01:00,16.636069909275335,-0.01
2026-03-08 13:45:00+01:00,7.030972499824259,0.0
2026-03-08 14:00:00+01:00,20.71695684771089,0.0
2026-03-08 14:15:00+01:00,23.932684927056783,0.0
2026-03-08 14:30:00+01:00,30.842045632136603,7.46
2026-03-08 14:45:00+01:00,42.22900978599449,18.46
2026-03-08 15:00:00+01:00,34.06038744402334,15.57
2026-03-08 15:15:00+01:00,73.72784890430432,39.97
2026-03-08 15:30:00+01:00,90.79149231085519,85.74
2026-03-08 15:45:00+01:00,115.46606762166712,115.76
2026-03-08 16:00:00+01:00,73.36730884594596,70.52
2026-03-08 16:15:00+01:00,104.44981786693798,107.79
2026-03-08 16:30:00+01:00,115.09392429842993,135.77
2026-03-08 16:45:00+01:00,145.59959159751432,154.73
2026-03-08 17:00:00+01:00,112.2947624633887,120.88
2026-03-08 17:15:00+01:00,129.44352701703147,135.79
2026-03-08 17:30:00+01:00,155.22491626534605,146.34
2026-03-08 17:45:00+01:00,195.76044436448382,182.24
2026-03-08 18:00:00+01:00,169.22501190221865,154.9
2026-03-08 18:15:00+01:00,185.5917079431831,158.71
2026-03-08 18:30:00+01:00,173.33306578424174,156.64
2026-03-08 18:45:00+01:00,149.78754130837632,170.79
2026-03-08 19:00:00+01:00,193.68607002885807,160.2
2026-03-08 19:15:00+01:00,146.32177825234777,150.87
2026-03-08 19:30:00+01:00,130.21771815692878,155.14
2026-03-08 19:45:00+01:00,126.04865889722547,150.0
2026-03-08 20:00:00+01:00,133.16727404240697,150.09
2026-03-08 20:15:00+01:00,123.07003319158373,141.31
2026-03-08 20:30:00+01:00,115.04575591687158,135.78
2026-03-08 20:45:00+01:00,110.28902050736926,127.99
2026-03-08 21:00:00+01:00,111.20741349835427,137.99
2026-03-08 21:15:00+01:00,110.16323825763041,130.98
2026-03-08 21:30:00+01:00,99.73803371006106,124.38
2026-03-08 21:45:00+01:00,100.6168194230873,116.39
2026-03-08 22:00:00+01:00,107.08115014635581,129.99
2026-03-08 22:15:00+01:00,99.38713379282646,120.52
2026-03-08 22:30:00+01:00,107.98088478989216,117.65
2026-03-08 22:45:00+01:00,103.75103975908942,116.3
2026-03-08 23:00:00+01:00,106.98981983063153,119.32
2026-03-08 23:15:00+01:00,102.02094834635574,114.26
2026-03-08 23:30:00+01:00,101.06158950725404,113.8
2026-03-08 23:45:00+01:00,88.07344531814883,106.91
2026-03-09 00:00:00+01:00,110.84751389812936,121.51
2026-03-09 00:15:00+01:00,113.27531677105137,114.46
2026-03-09 00:30:00+01:00,112.24510622469913,112.75
2026-03-09 00:45:00+01:00,108.94377775947919,107.63
2026-03-09 01:00:00+01:00,118.00159984746632,111.56
2026-03-09 01:15:00+01:00,113.7885149619547,109.68
2026-03-09 01:30:00+01:00,114.44846581862139,108.68
2026-03-09 01:45:00+01:00,114.56874848994904,107.17
2026-03-09 02:00:00+01:00,114.76975069999583,108.88
2026-03-09 02:15:00+01:00,114.07487490123933,107.77
2026-03-09 02:30:00+01:00,115.02968425653066,109.87
2026-03-09 02:45:00+01:00,115.09802423565039,109.96
2026-03-09 03:00:00+01:00,113.94835907725937,109.99
2026-03-09 03:15:00+01:00,112.01389996315584,110.41
2026-03-09 03:30:00+01:00,111.56962720636866,110.4
2026-03-09 03:45:00+01:00,113.25682880924475,111.12
2026-03-09 04:00:00+01:00,112.47808796337284,113.0
2026-03-09 04:15:00+01:00,114.50907132508414,112.6
2026-03-09 04:30:00+01:00,116.90835673223549,116.12
2026-03-09 04:45:00+01:00,117.92565062320654,123.84
2026-03-09 05:00:00+01:00,115.47219026668037,112.91
2026-03-09 05:15:00+01:00,117.73883405893054,126.0
2026-03-09 05:30:00+01:00,122.9420413747937,142.3
2026-03-09 05:45:00+01:00,135.47102504037724,166.78
2026-03-09 06:00:00+01:00,124.21272256324866,140.92
2026-03-09 06:15:00+01:00,138.17730065389324,153.04
2026-03-09 06:30:00+01:00,162.34910768029957,179.27
2026-03-09 06:45:00+01:00,203.77757067276735,182.47
2026-03-09 07:00:00+01:00,175.99625540352204,218.32
2026-03-09 07:15:00+01:00,206.0334600766601,217.53
2026-03-09 07:30:00+01:00,190.47979761205352,180.47
2026-03-09 07:45:00+01:00,153.49429369968337,150.0
2026-03-09 08:00:00+01:00,227.08793557444864,227.52
2026-03-09 08:15:00+01:00,169.208430641642,158.25
2026-03-09 08:30:00+01:00,126.56859223355904,146.82
2026-03-09 08:45:00+01:00,102.69639352634347,117.83
2026-03-09 09:00:00+01:00,150.16542795830375,160.05
2026-03-09 09:15:00+01:00,117.34731506819296,129.6
2026-03-09 09:30:00+01:00,109.76111314771967,116.29
2026-03-09 09:45:00+01:00,92.87311344325983,102.35
2026-03-09 10:00:00+01:00,116.75281499560356,116.1
2026-03-09 10:15:00+01:00,101.6605731734241,106.8
2026-03-09 10:30:00+01:00,99.89681893622146,94.36
2026-03-09 10:45:00+01:00,64.41085588847287,87.21
2026-03-09 11:00:00+01:00,90.36068562770299,90.39
2026-03-09 11:15:00+01:00,70.68672108495859,84.97
2026-03-09 11:30:00+01:00,54.10986134714669,78.64
2026-03-09 11:45:00+01:00,29.672197239959047,70.19
2026-03-09 12:00:00+01:00,52.72394633799962,69.59
2026-03-09 12:15:00+01:00,40.49187054511773,67.82
2026-03-09 12:30:00+01:00,20.679641766050707,67.25
2026-03-09 12:45:00+01:00,17.776761486593188,66.1
2026-03-09 13:00:00+01:00,26.91265526485158,63.91
2026-03-09 13:15:00+01:00,31.25277522005546,64.84
2026-03-09 13:30:00+01:00,35.135343258433956,68.37
2026-03-09 13:45:00+01:00,51.16387609578779,72.05
2026-03-09 14:00:00+01:00,28.351235327198154,65.95
2026-03-09 14:15:00+01:00,63.155819563727874,79.5
2026-03-09 14:30:00+01:00,81.67226083486732,84.57
2026-03-09 14:45:00+01:00,100.37912735318407,95.48
2026-03-09 15:00:00+01:00,72.57238148042295,91.59
2026-03-09 15:15:00+01:00,96.60765238106222,101.97
2026-03-09 15:30:00+01:00,105.66318306005789,116.07
2026-03-09 15:45:00+01:00,131.29943115040803,142.34
2026-03-09 16:00:00+01:00,95.57956819138073,100.91
2026-03-09 16:15:00+01:00,121.53786611467108,137.26
2026-03-09 16:30:00+01:00,142.05965747907823,150.58
2026-03-09 16:45:00+01:00,168.8963545975806,185.0
2026-03-09 17:00:00+01:00,121.97770215334734,127.14
2026-03-09 17:15:00+01:00,153.0791979827621,161.82
2026-03-09 17:30:00+01:00,198.7741989278445,199.53
2026-03-09 17:45:00+01:00,256.8982245545515,259.61
2026-03-09 18:00:00+01:00,212.52947771363216,226.02
2026-03-09 18:15:00+01:00,223.94424613452452,248.65
2026-03-09 18:30:00+01:00,208.27929164434838,250.83
2026-03-09 18:45:00+01:00,208.13304372154886,250.39
2026-03-09 19:00:00+01:00,231.94981524217238,248.13
2026-03-09 19:15:00+01:00,177.58706006121952,218.09
2026-03-09 19:30:00+01:00,170.5724674811089,217.77
2026-03-09 19:45:00+01:00,147.49063080817137,205.63
2026-03-09 20:00:00+01:00,166.58925471690114,217.77
2026-03-09 20:15:00+01:00,150.2987146294199,195.18
2026-03-09 20:30:00+01:00,137.92236336324805,160.56
2026-03-09 20:45:00+01:00,128.85121503155162,150.05
2026-03-09 21:00:00+01:00,147.77949566558425,170.01
2026-03-09 21:15:00+01:00,135.4950325012462,157.23
2026-03-09 21:30:00+01:00,130.38096278842045,146.7
2026-03-09 21:45:00+01:00,118.70768285900067,134.69
2026-03-09 22:00:00+01:00,136.5958278958007,155.09
2026-03-09 22:15:00+01:00,123.32427479371768,144.69
2026-03-09 22:30:00+01:00,122.950405811447,143.12
2026-03-09 22:45:00+01:00,117.84270688786731,130.18
2026-03-09 23:00:00+01:00,127.74651618723911,139.13
2026-03-09 23:15:00+01:00,122.7648307872308,134.38
2026-03-09 23:30:00+01:00,116.99928862546074,128.0
2026-03-09 23:45:00+01:00,109.99602912782906,129.27
2026-03-10 00:00:00+01:00,130.09530465415594,149.1
2026-03-10 00:15:00+01:00,123.83555612693372,139.12
2026-03-10 00:30:00+01:00,117.3072675941408,136.02
2026-03-10 00:45:00+01:00,113.72035792501282,130.08
2026-03-10 01:00:00+01:00,118.75135469147091,135.62
2026-03-10 01:15:00+01:00,115.77515705222184,129.99
2026-03-10 01:30:00+01:00,112.18982107903282,128.35
2026-03-10 01:45:00+01:00,109.92325192205837,127.8
2026-03-10 02:00:00+01:00,111.40621283445094,128.87
2026-03-10 02:15:00+01:00,111.22135235822527,127.96
2026-03-10 02:30:00+01:00,110.92544446447387,127.79
2026-03-10 02:45:00+01:00,110.24484685370251,125.83
2026-03-10 03:00:00+01:00,112.05443697900925,125.55
2026-03-10 03:15:00+01:00,112.40455706007762,125.26
2026-03-10 03:30:00+01:00,111.31769436875146,126.81
2026-03-10 03:45:00+01:00,110.6618059160102,129.98
2026-03-10 04:00:00+01:00,113.71808751301128,122.94
2026-03-10 04:15:00+01:00,114.00685544359163,125.34
2026-03-10 04:30:00+01:00,114.45997588482541,130.62
2026-03-10 04:45:00+01:00,117.10711918280413,135.03
2026-03-10 05:00:00+01:00,113.7367131452377,126.27
2026-03-10 05:15:00+01:00,116.61167130364994,133.59
2026-03-10 05:30:00+01:00,123.06831319684245,142.94
2026-03-10 05:45:00+01:00,133.1682970701023,160.04
2026-03-10 06:00:00+01:00,126.87528115081668,140.01
2026-03-10 06:15:00+01:00,138.91497055003026,166.09
2026-03-10 06:30:00+01:00,159.80224612552948,174.62
2026-03-10 06:45:00+01:00,173.1588032178363,191.69
2026-03-10 07:00:00+01:00,184.91770296379661,193.99
2026-03-10 07:15:00+01:00,169.6392559174621,199.92
2026-03-10 07:30:00+01:00,163.38008238485685,174.03
2026-03-10 07:45:00+01:00,140.6840428041814,152.74
2026-03-10 08:00:00+01:00,186.1804811080255,227.58
2026-03-10 08:15:00+01:00,152.0058245236711,176.38
2026-03-10 08:30:00+01:00,131.57211494675332,154.99
2026-03-10 08:45:00+01:00,109.38120700055138,134.33
2026-03-10 09:00:00+01:00,150.59295959602352,176.52
2026-03-10 09:15:00+01:00,119.00621792308831,141.8
2026-03-10 09:30:00+01:00,113.63477193920282,128.18
2026-03-10 09:45:00+01:00,97.86309403295778,115.65
2026-03-10 10:00:00+01:00,115.83743397394123,145.14
2026-03-10 10:15:00+01:00,104.70150162070642,112.23
2026-03-10 10:30:00+01:00,99.96196914044022,112.01
2026-03-10 10:45:00+01:00,81.61995710861204,103.62
2026-03-10 11:00:00+01:00,93.1545366198192,117.37
2026-03-10 11:15:00+01:00,81.38452511912686,106.73
2026-03-10 11:30:00+01:00,72.7787237358997,98.7
2026-03-10 11:45:00+01:00,41.12918080441939,92.37
2026-03-10 12:00:00+01:00,61.863899642071054,96.54
2026-03-10 12:15:00+01:00,39.10602436073746,90.57
2026-03-10 12:30:00+01:00,34.60218369056809,87.66
2026-03-10 12:45:00+01:00,34.17159550871154,90.99
2026-03-10 13:00:00+01:00,33.49071057225839,93.88
2026-03-10 13:15:00+01:00,35.22807193308193,94.51
2026-03-10 13:30:00+01:00,46.44165179358666,98.63
2026-03-10 13:45:00+01:00,60.791135331359264,101.13
2026-03-10 14:00:00+01:00,32.87535718829069,101.99
2026-03-10 14:15:00+01:00,68.6716247268514,104.11
2026-03-10 14:30:00+01:00,85.22768820357814,103.92
2026-03-10 14:45:00+01:00,94.35634900136033,118.64
2026-03-10 15:00:00+01:00,82.51696054140159,109.75
2026-03-10 15:15:00+01:00,98.462926718646,109.27
2026-03-10 15:30:00+01:00,103.37456793404964,116.27
2026-03-10 15:45:00+01:00,126.37262453074563,150.68
2026-03-10 16:00:00+01:00,99.75064756011207,107.36
2026-03-10 16:15:00+01:00,119.50732997442154,136.35
2026-03-10 16:30:00+01:00,142.6893596909093,154.15
2026-03-10 16:45:00+01:00,166.85817625091153,179.71
2026-03-10 17:00:00+01:00,120.5362516924705,132.15
2026-03-10 17:15:00+01:00,133.88851515223084,158.79
2026-03-10 17:30:00+01:00,155.19307840911387,189.5
2026-03-10 17:45:00+01:00,179.5904989377657,235.57
2026-03-10 18:00:00+01:00,155.36109648387225,201.56
2026-03-10 18:15:00+01:00,168.89595198416546,224.35
2026-03-10 18:30:00+01:00,168.95728191946068,229.88
2026-03-10 18:45:00+01:00,161.1548583658726,217.12
2026-03-10 19:00:00+01:00,174.57357389827172,237.15
2026-03-10 19:15:00+01:00,155.3970196511488,205.31
2026-03-10 19:30:00+01:00,151.61406259619437,195.06
2026-03-10 19:45:00+01:00,134.29971245393324,167.0
2026-03-10 20:00:00+01:00,144.42050197340689,175.58
2026-03-10 20:15:00+01:00,130.4827097414592,161.86
2026-03-10 20:30:00+01:00,115.67935399868824,149.87
2026-03-10 20:45:00+01:00,109.99212386593523,150.88
2026-03-10 21:00:00+01:00,120.25222208117755,154.35
2026-03-10 21:15:00+01:00,110.79499302140519,149.55
2026-03-10 21:30:00+01:00,99.38427152594147,138.39
2026-03-10 21:45:00+01:00,95.57241397685006,117.58
2026-03-10 22:00:00+01:00,118.12307629142512,139.81
2026-03-10 22:15:00+01:00,109.89076780753419,129.32
2026-03-10 22:30:00+01:00,103.55734913724639,118.78
2026-03-10 22:45:00+01:00,93.42012271081529,105.11
2026-03-10 23:00:00+01:00,112.09675598741313,120.0
2026-03-10 23:15:00+01:00,98.25101366457086,102.14
2026-03-10 23:30:00+01:00,96.51098544510018,95.29
2026-03-10 23:45:00+01:00,83.79044776100139,76.9
2026-03-11 00:00:00+01:00,105.4710009579001,92.02
2026-03-11 00:15:00+01:00,102.91957997876933,88.96
2026-03-11 00:30:00+01:00,99.5609842986158,84.57
2026-03-11 00:45:00+01:00,93.66710618990365,70.28
2026-03-11 01:00:00+01:00,96.86318571906016,80.74
2026-03-11 01:15:00+01:00,93.45775289833567,73.2
2026-03-11 01:30:00+01:00,88.04341450384652,68.7
2026-03-11 01:45:00+01:00,86.58057850020099,60.58
2026-03-11 02:00:00+01:00,94.20876052928404,68.38
2026-03-11 02:15:00+01:00,86.66103630894054,66.97
2026-03-11 02:30:00+01:00,88.07908873668056,64.0
2026-03-11 02:45:00+01:00,88.0587669705539,62.35
2026-03-11 03:00:00+01:00,87.21019554147261,65.4
2026-03-11 03:15:00+01:00,84.01774392656613,65.41
2026-03-11 03:30:00+01:00,81.55087320754629,62.91
2026-03-11 03:45:00+01:00,77.59494152385629,60.57
2026-03-11 04:00:00+01:00,79.47092858696467,57.48
2026-03-11 04:15:00+01:00,78.29478373681386,52.9
2026-03-11 04:30:00+01:00,79.27005921324202,53.51
2026-03-11 04:45:00+01:00,78.1434399280882,60.4
2026-03-11 05:00:00+01:00,78.49212907003577,59.0
2026-03-11 05:15:00+01:00,77.6464758863501,58.41
2026-03-11 05:30:00+01:00,80.3846094577512,66.42
2026-03-11 05:45:00+01:00,98.79347640043605,74.31
2026-03-11 06:00:00+01:00,81.99069727417802,56.34
2026-03-11 06:15:00+01:00,96.02464868618867,69.1
2026-03-11 06:30:00+01:00,103.17724700614387,82.02
2026-03-11 06:45:00+01:00,97.98493430896455,76.01
2026-03-11 07:00:00+01:00,114.68503084569211,91.73
2026-03-11 07:15:00+01:00,101.49647164514074,86.81
2026-03-11 07:30:00+01:00,113.46069984265097,81.9
2026-03-11 07:45:00+01:00,109.31334439023253,63.04
2026-03-11 08:00:00+01:00,115.62914881822185,89.85
2026-03-11 08:15:00+01:00,123.22805274167438,78.7
2026-03-11 08:30:00+01:00,112.43017838870303,74.46
2026-03-11 08:45:00+01:00,107.09317002946624,59.0
2026-03-11 09:00:00+01:00,125.27147527432633,81.15
2026-03-11 09:15:00+01:00,108.8377697199374,69.91
2026-03-11 09:30:00+01:00,90.92530554853938,56.49
2026-03-11 09:45:00+01:00,69.1105251477016,24.23
2026-03-11 10:00:00+01:00,94.13451078671395,56.03
2026-03-11 10:15:00+01:00,76.34915411986044,35.0
2026-03-11 10:30:00+01:00,56.62083470861707,13.78
2026-03-11 10:45:00+01:00,48.829060601552776,0.1
2026-03-11 11:00:00+01:00,39.42743293776844,23.8
2026-03-11 11:15:00+01:00,48.3417033247271,11.82
2026-03-11 11:30:00+01:00,50.683608265438245,8.26
2026-03-11 11:45:00+01:00,47.25440196950847,4.91
2026-03-11 12:00:00+01:00,47.582612746599175,7.08
2026-03-11 12:15:00+01:00,45.28396776184966,10.04
2026-03-11 12:30:00+01:00,44.627686373468144,10.1
2026-03-11 12:45:00+01:00,39.26189955845247,12.43
2026-03-11 13:00:00+01:00,44.52628327728621,4.04
2026-03-11 13:15:00+01:00,39.94588363306047,10.69
2026-03-11 13:30:00+01:00,38.916379593165544,20.0
2026-03-11 13:45:00+01:00,42.281776675588524,29.82
2026-03-11 14:00:00+01:00,49.45868742423167,24.32
2026-03-11 14:15:00+01:00,62.032438337331655,33.96
2026-03-11 14:30:00+01:00,69.18627292383613,50.81
2026-03-11 14:45:00+01:00,69.6168481845786,80.0
2026-03-11 15:00:00+01:00,73.62959974581406,52.36
2026-03-11 15:15:00+01:00,82.93457841632924,73.68
2026-03-11 15:30:00+01:00,96.62954975972931,85.7
2026-03-11 15:45:00+01:00,105.49561855718876,105.58
2026-03-11 16:00:00+01:00,90.54250754110163,69.92
2026-03-11 16:15:00+01:00,112.03140356288397,100.77
2026-03-11 16:30:00+01:00,114.67664331533138,118.19
2026-03-11 16:45:00+01:00,117.86240723479983,127.54
2026-03-11 17:00:00+01:00,118.74796857616677,105.32
2026-03-11 17:15:00+01:00,120.17784594401908,125.99
2026-03-11 17:30:00+01:00,116.07583108172258,130.52
2026-03-11 17:45:00+01:00,134.79277969965216,153.28
2026-03-11 18:00:00+01:00,116.98452082082892,138.05
2026-03-11 18:15:00+01:00,130.35881204805065,147.61
2026-03-11 18:30:00+01:00,129.88057685311475,157.62
2026-03-11 18:45:00+01:00,124.18993887797738,169.27
2026-03-11 19:00:00+01:00,125.88667089294313,154.87
2026-03-11 19:15:00+01:00,126.55111595257551,159.66
2026-03-11 19:30:00+01:00,118.42856695425438,159.56
2026-03-11 19:45:00+01:00,114.8520365170957,152.79
2026-03-11 20:00:00+01:00,115.57431881531197,149.51
2026-03-11 20:15:00+01:00,110.40905810408309,136.0
2026-03-11 20:30:00+01:00,109.19060300924865,122.68
2026-03-11 20:45:00+01:00,105.14530303850135,120.57
2026-03-11 21:00:00+01:00,106.94728940841135,132.19
2026-03-11 21:15:00+01:00,102.59986563346156,123.92
2026-03-11 21:30:00+01:00,100.98454185068343,118.83
2026-03-11 21:45:00+01:00,105.4656079537487,117.17
2026-03-11 22:00:00+01:00,105.99251840438428,124.73
2026-03-11 22:15:00+01:00,99.34502165268415,120.26
2026-03-11 22:30:00+01:00,99.48490917061707,120.18
2026-03-11 22:45:00+01:00,96.64264208189442,112.04
2026-03-11 23:00:00+01:00,94.21971469947034,121.63
2026-03-11 23:15:00+01:00,91.95642470897002,102.41
2026-03-11 23:30:00+01:00,93.12205205984668,99.99
2026-03-11 23:45:00+01:00,80.48333515962786,91.98
2026-03-12 00:00:00+01:00,105.4092018457732,110.37
2026-03-12 00:15:00+01:00,102.7153596178104,101.8
2026-03-12 00:30:00+01:00,98.8048733586743,98.44
2026-03-12 00:45:00+01:00,92.71812012301065,90.13
2026-03-12 01:00:00+01:00,101.73518683755208,99.67
2026-03-12 01:15:00+01:00,102.85941121094253,89.98
2026-03-12 01:30:00+01:00,100.78903242333432,90.44
2026-03-12 01:45:00+01:00,98.71111517441275,88.08
2026-03-12 02:00:00+01:00,100.38878186615699,89.82
2026-03-12 02:15:00+01:00,97.99594362228066,86.43
2026-03-12 02:30:00+01:00,97.45144122750632,89.09
2026-03-12 02:45:00+01:00,95.94396563110318,89.91
2026-03-12 03:00:00+01:00,98.22542499492701,91.21
2026-03-12 03:15:00+01:00,95.3055934341422,89.89
2026-03-12 03:30:00+01:00,98.31822276647179,87.4
2026-03-12 03:45:00+01:00,94.8720914591985,85.94
2026-03-12 04:00:00+01:00,98.41810226166574,92.93
2026-03-12 04:15:00+01:00,96.27984727926298,88.49
2026-03-12 04:30:00+01:00,98.89659142365655,88.5
2026-03-12 04:45:00+01:00,97.48617168008654,88.73
2026-03-12 05:00:00+01:00,93.82289032712313,91.27
2026-03-12 05:15:00+01:00,93.9233059355798,88.5
2026-03-12 05:30:00+01:00,92.40064172179392,101.06
2026-03-12 05:45:00+01:00,98.37329986987356,118.46
2026-03-12 06:00:00+01:00,95.51358456805664,109.44
2026-03-12 06:15:00+01:00,97.62404017284686,126.31
2026-03-12 06:30:00+01:00,106.49628448230266,139.66
2026-03-12 06:45:00+01:00,106.14789560151165,147.26
2026-03-12 07:00:00+01:00,111.38565922288272,151.64
2026-03-12 07:15:00+01:00,106.03265968341421,143.11
2026-03-12 07:30:00+01:00,114.74258973147312,139.45
2026-03-12 07:45:00+01:00,98.0178937889179,114.36
2026-03-12 08:00:00+01:00,108.46532289922632,134.43
2026-03-12 08:15:00+01:00,103.4724564364699,109.44
2026-03-12 08:30:00+01:00,97.77871252413544,101.0
2026-03-12 08:45:00+01:00,93.47272947508485,74.35
2026-03-12 09:00:00+01:00,93.36004610220586,115.21
2026-03-12 09:15:00+01:00,92.98399436321978,88.88
2026-03-12 09:30:00+01:00,67.97390331397455,65.91
2026-03-12 09:45:00+01:00,48.82473948466967,49.99
2026-03-12 10:00:00+01:00,63.714168015506495,73.06
2026-03-12 10:15:00+01:00,58.05753671473728,29.86
2026-03-12 10:30:00+01:00,25.51537233809377,8.86
2026-03-12 10:45:00+01:00,23.540435296928266,2.12
2026-03-12 11:00:00+01:00,31.533207916625585,2.33
2026-03-12 11:15:00+01:00,27.777773549952073,0.0
2026-03-12 11:30:00+01:00,16.851555539844114,-0.04
2026-03-12 11:45:00+01:00,29.656097921775938,-0.92
2026-03-12 12:00:00+01:00,15.665544918644642,-0.61
2026-03-12 12:15:00+01:00,29.933308927125466,-1.0
2026-03-12 12:30:00+01:00,29.862275728329294,-1.09
2026-03-12 12:45:00+01:00,22.652283258898052,-1.67
2026-03-12 13:00:00+01:00,24.44954810978865,-1.83
2026-03-12 13:15:00+01:00,29.110508812184364,-2.2
2026-03-12 13:30:00+01:00,37.3784372886819,-2.94
2026-03-12 13:45:00+01:00,41.77053069596608,-3.0
2026-03-12 14:00:00+01:00,35.20441202475136,-1.72
2026-03-12 14:15:00+01:00,48.044271127375005,-1.32
2026-03-12 14:30:00+01:00,51.461066472298164,-0.56
2026-03-12 14:45:00+01:00,63.56754544318046,-0.01
2026-03-12 15:00:00+01:00,47.93602290556719,0.0
2026-03-12 15:15:00+01:00,67.88525382382363,0.1
2026-03-12 15:30:00+01:00,81.71159781551418,4.01
2026-03-12 15:45:00+01:00,96.4769145211582,10.29
2026-03-12 16:00:00+01:00,64.47831417413964,10.03
2026-03-12 16:15:00+01:00,97.40027885683132,35.6
2026-03-12 16:30:00+01:00,110.54559092350537,62.0
2026-03-12 16:45:00+01:00,118.4265388281543,97.03
2026-03-12 17:00:00+01:00,105.01161064454286,67.62
2026-03-12 17:15:00+01:00,111.0714529919251,93.35
2026-03-12 17:30:00+01:00,117.37579324825545,109.01
2026-03-12 17:45:00+01:00,128.47791005378298,164.33
2026-03-12 18:00:00+01:00,123.05346854021452,120.33
2026-03-12 18:15:00+01:00,135.03131579774728,117.67
2026-03-12 18:30:00+01:00,140.23748477204236,110.97
2026-03-12 18:45:00+01:00,140.5368962160656,110.49
2026-03-12 19:00:00+01:00,118.91683653768284,119.65
2026-03-12 19:15:00+01:00,127.1664027227321,110.62
2026-03-12 19:30:00+01:00,110.54690920133922,99.81
2026-03-12 19:45:00+01:00,102.38886508537854,93.91
2026-03-12 20:00:00+01:00,119.62328497434264,97.66
2026-03-12 20:15:00+01:00,94.230067027729,86.91
2026-03-12 20:30:00+01:00,76.99834930461986,81.83
2026-03-12 20:45:00+01:00,71.19452612249341,79.88
2026-03-12 21:00:00+01:00,89.48700298994794,78.54
2026-03-12 21:15:00+01:00,84.79554762785361,79.31
2026-03-12 21:30:00+01:00,75.58341697299979,68.28
2026-03-12 21:45:00+01:00,68.25501158156949,53.03
2026-03-12 22:00:00+01:00,95.55611498436396,83.08
2026-03-12 22:15:00+01:00,79.41568173801414,67.31
2026-03-12 22:30:00+01:00,77.83387474151198,59.97
2026-03-12 22:45:00+01:00,69.00001704975931,39.86
2026-03-12 23:00:00+01:00,84.39741452884567,24.2
2026-03-12 23:15:00+01:00,73.72040688231417,19.88
2026-03-12 23:30:00+01:00,75.61637411356809,17.43
2026-03-12 23:45:00+01:00,58.302892756110225,10.1
2026-03-13 00:00:00+01:00,65.73248947948775,9.43
2026-03-13 00:15:00+01:00,57.90454027175816,8.87
2026-03-13 00:30:00+01:00,50.32262937080813,4.28
2026-03-13 00:45:00+01:00,48.64693076644913,2.58
2026-03-13 01:00:00+01:00,59.02082530838412,6.7
2026-03-13 01:15:00+01:00,50.03766488000312,3.58
2026-03-13 01:30:00+01:00,48.15768056757215,2.55
2026-03-13 01:45:00+01:00,44.60510659100172,3.58
2026-03-13 02:00:00+01:00,50.58061535173446,4.67
2026-03-13 02:15:00+01:00,46.617766016079415,2.4
2026-03-13 02:30:00+01:00,47.03014451512336,2.32
2026-03-13 02:45:00+01:00,43.97485688479037,2.16
2026-03-13 03:00:00+01:00,50.05117196637034,2.33
2026-03-13 03:15:00+01:00,45.73373046255172,1.62
2026-03-13 03:30:00+01:00,46.257564944250014,0.54
2026-03-13 03:45:00+01:00,50.76396590726481,0.1
2026-03-13 04:00:00+01:00,43.91017445518288,1.59
2026-03-13 04:15:00+01:00,42.36741702624211,1.0
2026-03-13 04:30:00+01:00,49.50387530829085,1.6
2026-03-13 04:45:00+01:00,53.268234245935496,1.65
2026-03-13 05:00:00+01:00,45.86543039256591,1.61
2026-03-13 05:15:00+01:00,48.81212579397935,1.63
2026-03-13 05:30:00+01:00,61.17668061908039,4.09
2026-03-13 05:45:00+01:00,77.24795824565723,4.3
2026-03-13 06:00:00+01:00,48.78798144882585,4.28
2026-03-13 06:15:00+01:00,62.20005633021572,9.46
2026-03-13 06:30:00+01:00,70.16643442220771,10.03
2026-03-13 06:45:00+01:00,72.15174569464692,10.07
2026-03-13 07:00:00+01:00,117.74858746992865,21.61
2026-03-13 07:15:00+01:00,93.44473706003626,24.24
2026-03-13 07:30:00+01:00,88.8496766357301,21.49
2026-03-13 07:45:00+01:00,74.04405279980618,12.41
2026-03-13 08:00:00+01:00,84.26641218987236,17.16
2026-03-13 08:15:00+01:00,81.68258644453525,4.99
2026-03-13 08:30:00+01:00,72.88732501203759,3.51
2026-03-13 08:45:00+01:00,62.08837635074385,0.0
2026-03-13 09:00:00+01:00,74.08849396927309,0.1
2026-03-13 09:15:00+01:00,67.56370004989054,-0.01
2026-03-13 09:30:00+01:00,58.79008399836215,-0.04
2026-03-13 09:45:00+01:00,38.31364127579437,-1.01
2026-03-13 10:00:00+01:00,63.42852583043834,-2.0
2026-03-13 10:15:00+01:00,45.55418460575314,-4.58
2026-03-13 10:30:00+01:00,22.798032896836418,-5.13
2026-03-13 10:45:00+01:00,22.711651544269102,-8.28
2026-03-13 11:00:00+01:00,22.329089921965306,-8.13
2026-03-13 11:15:00+01:00,15.078206674678796,-8.19
2026-03-13 11:30:00+01:00,15.926787136933953,-9.91
2026-03-13 11:45:00+01:00,20.951164070566577,-9.77
2026-03-13 12:00:00+01:00,24.070464578756287,-9.92
2026-03-13 12:15:00+01:00,14.876925529982387,-9.37
2026-03-13 12:30:00+01:00,11.810125874357723,-7.32
2026-03-13 12:45:00+01:00,12.284037020096221,-6.78
2026-03-13 13:00:00+01:00,15.58370999483219,-4.61
2026-03-13 13:15:00+01:00,21.64737672484074,-2.72
2026-03-13 13:30:00+01:00,16.71461635418943,-1.88
2026-03-13 13:45:00+01:00,16.939412943967767,-1.0
2026-03-13 14:00:00+01:00,25.124230567169334,-0.92
2026-03-13 14:15:00+01:00,22.08270962168001,-0.01
2026-03-13 14:30:00+01:00,29.978019669609225,0.01
2026-03-13 14:45:00+01:00,57.79985589070075,5.61
2026-03-13 15:00:00+01:00,37.64169870681294,4.5
2026-03-13 15:15:00+01:00,50.355699652105805,13.38
2026-03-13 15:30:00+01:00,74.24545466570251,53.6
2026-03-13 15:45:00+01:00,96.30519628321068,116.8
2026-03-13 16:00:00+01:00,62.34020202570459,41.59
2026-03-13 16:15:00+01:00,89.6441298617303,85.68
2026-03-13 16:30:00+01:00,107.644835708118,127.6
2026-03-13 16:45:00+01:00,117.81114761914388,150.37
2026-03-13 17:00:00+01:00,96.24140427395113,115.04
2026-03-13 17:15:00+01:00,115.70725113157745,131.01
2026-03-13 17:30:00+01:00,114.75600334507595,151.01
2026-03-13 17:45:00+01:00,140.78313407160016,170.66
2026-03-13 18:00:00+01:00,122.71624771197519,136.42
2026-03-13 18:15:00+01:00,126.14715611709168,155.37
2026-03-13 18:30:00+01:00,131.304205258061,169.18
2026-03-13 18:45:00+01:00,132.3620701354369,185.0
2026-03-13 19:00:00+01:00,127.74848104899613,175.66
2026-03-13 19:15:00+01:00,130.45328366975306,172.98
2026-03-13 19:30:00+01:00,122.18487725569314,165.34
2026-03-13 19:45:00+01:00,113.11492061946146,149.0
2026-03-13 20:00:00+01:00,119.84606362449435,164.09
2026-03-13 20:15:00+01:00,108.52249949699899,151.0
2026-03-13 20:30:00+01:00,107.14573968379534,138.37
2026-03-13 20:45:00+01:00,99.42853004330091,129.43
2026-03-13 21:00:00+01:00,114.33228705638614,145.64
2026-03-13 21:15:00+01:00,104.69441429453788,135.4
2026-03-13 21:30:00+01:00,105.28421139298372,124.2
2026-03-13 21:45:00+01:00,96.56470681804176,116.1
2026-03-13 22:00:00+01:00,110.41590077438164,131.67
2026-03-13 22:15:00+01:00,105.06762011797764,120.67
2026-03-13 22:30:00+01:00,97.83472037009942,124.5
2026-03-13 22:45:00+01:00,94.87567061921132,116.85
2026-03-13 23:00:00+01:00,103.02992980078916,133.69
2026-03-13 23:15:00+01:00,93.3746466085786,113.09
2026-03-13 23:30:00+01:00,91.01573288064878,113.1
2026-03-13 23:45:00+01:00,82.80801771903597,103.35
2026-03-14 00:00:00+01:00,117.22099561501786,123.83
2026-03-14 00:15:00+01:00,107.62248909054449,120.22
2026-03-14 00:30:00+01:00,105.68557470028605,105.47
2026-03-14 00:45:00+01:00,100.56487725314163,102.26
2026-03-14 01:00:00+01:00,110.34220325243395,112.41
2026-03-14 01:15:00+01:00,105.45229800718714,109.69
2026-03-14 01:30:00+01:00,101.40124589786673,108.35
2026-03-14 01:45:00+01:00,98.65773768353809,105.83
2026-03-14 02:00:00+01:00,106.24059020683683,106.25
2026-03-14 02:15:00+01:00,105.80465119340818,104.17
2026-03-14 02:30:00+01:00,100.7344946166508,103.37
2026-03-14 02:45:00+01:00,99.94876237876572,102.17
2026-03-14 03:00:00+01:00,99.99804578377356,99.34
2026-03-14 03:15:00+01:00,101.85678087352998,101.81
2026-03-14 03:30:00+01:00,102.36569126680324,102.81
2026-03-14 03:45:00+01:00,102.93823457632931,103.49
2026-03-14 04:00:00+01:00,100.3790212153144,103.21
2026-03-14 04:15:00+01:00,101.24358907585577,103.2
2026-03-14 04:30:00+01:00,103.86239244026709,106.31
2026-03-14 04:45:00+01:00,107.10514792956019,107.74
2026-03-14 05:00:00+01:00,101.06599647404185,104.51
2026-03-14 05:15:00+01:00,105.32595164644057,107.38
2026-03-14 05:30:00+01:00,114.74737539295944,110.38
2026-03-14 05:45:00+01:00,112.6669084997939,114.0
2026-03-14 06:00:00+01:00,114.19227834710789,106.27
2026-03-14 06:15:00+01:00,115.34027799319794,111.38
2026-03-14 06:30:00+01:00,114.80882019462776,113.51
2026-03-14 06:45:00+01:00,115.67095056925629,114.92
2026-03-14 07:00:00+01:00,108.2491415134048,119.69
2026-03-14 07:15:00+01:00,124.91517820077523,115.9
2026-03-14 07:30:00+01:00,125.4523380012172,115.74
2026-03-14 07:45:00+01:00,121.59166499841297,115.5
2026-03-14 08:00:00+01:00,140.545022623076,122.0
2026-03-14 08:15:00+01:00,133.56365001897288,121.94
2026-03-14 08:30:00+01:00,122.85375586734565,121.99
2026-03-14 08:45:00+01:00,105.43440812031396,121.59
2026-03-14 09:00:00+01:00,142.09093049490576,120.05
2026-03-14 09:15:00+01:00,110.82506570082948,120.02
2026-03-14 09:30:00+01:00,101.05335495211696,116.49
2026-03-14 09:45:00+01:00,102.11566925983688,108.0
2026-03-14 10:00:00+01:00,107.316859992864,112.26
2026-03-14 10:15:00+01:00,100.39869387693618,108.7
2026-03-14 10:30:00+01:00,92.82990756028511,105.86
2026-03-14 10:45:00+01:00,89.99498256726127,103.27
2026-03-14 11:00:00+01:00,95.72079695900693,103.75
2026-03-14 11:15:00+01:00,96.09275742085069,101.62
2026-03-14 11:30:00+01:00,92.04825101856353,103.7
2026-03-14 11:45:00+01:00,79.9005609494121,105.03
2026-03-14 12:00:00+01:00,88.19910197864709,104.56
2026-03-14 12:15:00+01:00,84.68677402267764,104.07
2026-03-14 12:30:00+01:00,74.50993768510324,104.54
2026-03-14 12:45:00+01:00,70.09061476190737,103.61
2026-03-14 13:00:00+01:00,80.91527557669055,105.13
2026-03-14 13:15:00+01:00,81.11546278026759,105.07
2026-03-14 13:30:00+01:00,83.71838939905714,101.66
2026-03-14 13:45:00+01:00,86.9269903308074,101.86
2026-03-14 14:00:00+01:00,75.8130381530263,103.78
2026-03-14 14:15:00+01:00,87.96593235725004,104.87
2026-03-14 14:30:00+01:00,89.96392583176413,105.39
2026-03-14 14:45:00+01:00,94.09912920899895,108.67
2026-03-14 15:00:00+01:00,86.91141853032073,101.07
2026-03-14 15:15:00+01:00,88.55721767339102,113.99
2026-03-14 15:30:00+01:00,100.96022732241454,120.28
2026-03-14 15:45:00+01:00,115.52907214894573,121.54
2026-03-14 16:00:00+01:00,97.44649786429588,120.07
2026-03-14 16:15:00+01:00,113.61418870654501,121.31
2026-03-14 16:30:00+01:00,131.01185458699436,131.96
2026-03-14 16:45:00+01:00,160.51991224686438,146.66
2026-03-14 17:00:00+01:00,117.85211644002962,116.17
2026-03-14 17:15:00+01:00,136.28282683921748,131.88
2026-03-14 17:30:00+01:00,183.5996785785682,142.46
2026-03-14 17:45:00+01:00,240.26435308732212,164.09
2026-03-14 18:00:00+01:00,197.10842001961134,140.0
2026-03-14 18:15:00+01:00,196.6020767858481,148.41
2026-03-14 18:30:00+01:00,177.80998804645287,172.56
2026-03-14 18:45:00+01:00,170.79881006367404,183.43
2026-03-14 19:00:00+01:00,192.61525240234846,183.48
2026-03-14 19:15:00+01:00,161.84391320680106,178.34
2026-03-14 19:30:00+01:00,146.4076419608781,165.51
2026-03-14 19:45:00+01:00,133.56611683484127,152.01
2026-03-14 20:00:00+01:00,137.4775785955397,176.36
2026-03-14 20:15:00+01:00,130.02170107306833,156.19
2026-03-14 20:30:00+01:00,120.43941155361735,139.97
2026-03-14 20:45:00+01:00,114.87483184214473,128.54
2026-03-14 21:00:00+01:00,125.34299556319048,140.0
2026-03-14 21:15:00+01:00,119.60400039592906,133.54
2026-03-14 21:30:00+01:00,112.74680955190063,140.4
2026-03-14 21:45:00+01:00,98.38115606952908,135.87
2026-03-14 22:00:00+01:00,113.29098770553972,139.53
2026-03-14 22:15:00+01:00,106.95962293296343,132.99
2026-03-14 22:30:00+01:00,101.18178695376197,139.81
2026-03-14 22:45:00+01:00,99.53366081595824,128.62
2026-03-14 23:00:00+01:00,98.55580245058559,139.61
2026-03-14 23:15:00+01:00,97.13007257069509,128.82
2026-03-14 23:30:00+01:00,97.56401371645022,127.35
2026-03-14 23:45:00+01:00,100.27343947547456,116.4
2026-03-15 00:00:00+01:00,123.11044304234261,144.99
2026-03-15 00:15:00+01:00,113.74087330214212,143.94
2026-03-15 00:30:00+01:00,110.41518986034468,136.01
2026-03-15 00:45:00+01:00,109.47723730153825,124.43
2026-03-15 01:00:00+01:00,113.72412487985059,140.58
2026-03-15 01:15:00+01:00,110.10299277857689,135.52
2026-03-15 01:30:00+01:00,109.09975737630113,132.83
2026-03-15 01:45:00+01:00,113.87594556017254,125.99
2026-03-15 02:00:00+01:00,111.07047007232988,133.37
2026-03-15 02:15:00+01:00,111.66542064289459,127.08
2026-03-15 02:30:00+01:00,109.73166180833948,120.22
2026-03-15 02:45:00+01:00,108.68424019375203,119.17
2026-03-15 03:00:00+01:00,109.25546381848416,119.75
2026-03-15 03:15:00+01:00,108.10440621303528,120.8
2026-03-15 03:30:00+01:00,105.85209969913372,125.71
2026-03-15 03:45:00+01:00,109.4909002436108,127.85
2026-03-15 04:00:00+01:00,106.55882831374348,120.0
2026-03-15 04:15:00+01:00,104.61643204331779,121.05
2026-03-15 04:30:00+01:00,110.67601007517544,122.67
2026-03-15 04:45:00+01:00,115.29591107450418,124.99
2026-03-15 05:00:00+01:00,110.26077433291286,120.71
2026-03-15 05:15:00+01:00,109.54287006535444,120.98
2026-03-15 05:30:00+01:00,112.75545472859832,125.8
2026-03-15 05:45:00+01:00,112.47514954738932,128.99
2026-03-15 06:00:00+01:00,108.9566721571798,121.4
2026-03-15 06:15:00+01:00,128.30680134651757,127.2
2026-03-15 06:30:00+01:00,130.53620274645752,127.21
2026-03-15 06:45:00+01:00,116.43435914899209,121.74
2026-03-15 07:00:00+01:00,122.22051756612301,130.41
2026-03-15 07:15:00+01:00,118.84545778570099,118.99
2026-03-15 07:30:00+01:00,107.53036538763233,117.43
2026-03-15 07:45:00+01:00,108.40073748244943,107.01
2026-03-15 08:00:00+01:00,125.4060034944146,136.0
2026-03-15 08:15:00+01:00,105.53605607098264,114.39
2026-03-15 08:30:00+01:00,104.82421399325675,100.0
2026-03-15 08:45:00+01:00,104.53629612687565,85.99
2026-03-15 09:00:00+01:00,110.12955528728544,105.78
2026-03-15 09:15:00+01:00,103.28525043380255,97.74
2026-03-15 09:30:00+01:00,102.08008112490205,89.27
2026-03-15 09:45:00+01:00,95.57446171870242,86.29
2026-03-15 10:00:00+01:00,99.22505112610749,95.93
2026-03-15 10:15:00+01:00,96.52760643380233,90.28
2026-03-15 10:30:00+01:00,88.10828352329696,85.95
2026-03-15 10:45:00+01:00,79.18585930239033,77.06
2026-03-15 11:00:00+01:00,95.24203838035862,88.58
2026-03-15 11:15:00+01:00,92.86996214303797,83.48
2026-03-15 11:30:00+01:00,79.5898120592539,66.66
2026-03-15 11:45:00+01:00,61.70177262672764,50.12
2026-03-15 12:00:00+01:00,73.77540365753522,76.03
2026-03-15 12:15:00+01:00,63.78751688310582,58.34
2026-03-15 12:30:00+01:00,59.851239781432625,43.95
2026-03-15 12:45:00+01:00,56.82258717016118,33.55
2026-03-15 13:00:00+01:00,63.541631875013934,46.14
2026-03-15 13:15:00+01:00,62.68420149762106,40.17
2026-03-15 13:30:00+01:00,67.34880724014056,31.34
2026-03-15 13:45:00+01:00,65.88476327719238,28.18
2026-03-15 14:00:00+01:00,64.68706520655641,25.71
2026-03-15 14:15:00+01:00,68.17298870062781,31.24
2026-03-15 14:30:00+01:00,74.99994876341941,39.98
2026-03-15 14:45:00+01:00,83.68158109190455,51.86
2026-03-15 15:00:00+01:00,66.92685779126032,49.28
2026-03-15 15:15:00+01:00,75.25890483113321,52.55
2026-03-15 15:30:00+01:00,96.92223301103748,66.47
2026-03-15 15:45:00+01:00,112.42106656105432,84.01
2026-03-15 16:00:00+01:00,85.65514281628649,54.5
2026-03-15 16:15:00+01:00,111.3569554113865,83.48
2026-03-15 16:30:00+01:00,123.15513988656943,97.76
2026-03-15 16:45:00+01:00,143.4618571870753,121.24
2026-03-15 17:00:00+01:00,115.00155504584117,101.0
2026-03-15 17:15:00+01:00,134.08239952373438,121.34
2026-03-15 17:30:00+01:00,141.72759181651676,136.57
2026-03-15 17:45:00+01:00,171.92982812302165,152.74
2026-03-15 18:00:00+01:00,147.08695010431592,141.86
2026-03-15 18:15:00+01:00,152.77403461074476,145.47
2026-03-15 18:30:00+01:00,151.1054768040508,154.08
2026-03-15 18:45:00+01:00,142.63305053709595,155.05
2026-03-15 19:00:00+01:00,160.4309705158865,150.6
2026-03-15 19:15:00+01:00,142.75739935595942,135.99
2026-03-15 19:30:00+01:00,131.6246404441943,123.66
2026-03-15 19:45:00+01:00,127.89996734397582,117.23
2026-03-15 20:00:00+01:00,129.55168709546678,119.46
2026-03-15 20:15:00+01:00,120.13064931806173,113.76
2026-03-15 20:30:00+01:00,110.13197092729075,110.32
2026-03-15 20:45:00+01:00,106.38478752815908,90.39
2026-03-15 21:00:00+01:00,113.41487130162596,108.22
2026-03-15 21:15:00+01:00,112.83529005792246,90.13
2026-03-15 21:30:00+01:00,100.54081442718099,91.68
2026-03-15 21:45:00+01:00,95.34039806365023,77.47
2026-03-15 22:00:00+01:00,103.29026771088382,90.05
2026-03-15 22:15:00+01:00,99.2861850149842,89.66
2026-03-15 22:30:00+01:00,97.67256829795869,80.33
2026-03-15 22:45:00+01:00,89.32442466948575,71.41
2026-03-15 23:00:00+01:00,95.15909155368756,83.8
2026-03-15 23:15:00+01:00,85.10236629547586,68.35
2026-03-15 23:30:00+01:00,88.01132251704944,62.77
2026-03-15 23:45:00+01:00,76.81470578896833,41.14
2026-03-16 00:00:00+01:00,83.3174453331847,59.87
2026-03-16 00:15:00+01:00,76.58915951407022,42.69
2026-03-16 00:30:00+01:00,61.02815552871495,21.62
2026-03-16 00:45:00+01:00,58.9040849219058,12.48
2026-03-16 01:00:00+01:00,69.40734551315921,36.12
2026-03-16 01:15:00+01:00,59.074030877238684,23.33
2026-03-16 01:30:00+01:00,53.02384111028023,16.91
2026-03-16 01:45:00+01:00,49.41915488198114,16.95
2026-03-16 02:00:00+01:00,50.43967741779822,24.5
2026-03-16 02:15:00+01:00,49.07252085463384,18.43
2026-03-16 02:30:00+01:00,45.581489707424886,15.5
2026-03-16 02:45:00+01:00,42.194241465018465,11.93
2026-03-16 03:00:00+01:00,46.87804291034449,13.07
2026-03-16 03:15:00+01:00,43.764303251464725,11.48
2026-03-16 03:30:00+01:00,43.269607442165345,15.01
2026-03-16 03:45:00+01:00,47.95770252744015,16.99
2026-03-16 04:00:00+01:00,42.28765333168473,12.43
2026-03-16 04:15:00+01:00,45.03790769384447,16.95
2026-03-16 04:30:00+01:00,46.953482831377926,22.02
2026-03-16 04:45:00+01:00,49.282588092277976,28.83
2026-03-16 05:00:00+01:00,43.955358863530435,20.06
2026-03-16 05:15:00+01:00,44.29683083180818,30.11
2026-03-16 05:30:00+01:00,49.4496937899339,39.52
2026-03-16 05:45:00+01:00,64.85739099793693,60.02
2026-03-16 06:00:00+01:00,42.920639282165226,36.73
2026-03-16 06:15:00+01:00,62.00284028084935,62.31
2026-03-16 06:30:00+01:00,76.18308853587946,81.71
2026-03-16 06:45:00+01:00,76.13210816210028,84.01
2026-03-16 07:00:00+01:00,88.69050426824617,98.03
2026-03-16 07:15:00+01:00,80.3644179562273,96.24
2026-03-16 07:30:00+01:00,76.93697383831977,96.63
2026-03-16 07:45:00+01:00,69.05198707375379,91.37
2026-03-16 08:00:00+01:00,87.4184421957668,117.85
2026-03-16 08:15:00+01:00,64.3312378572616,99.82
2026-03-16 08:30:00+01:00,72.70937705929168,89.39
2026-03-16 08:45:00+01:00,54.1222609937127,76.85
2026-03-16 09:00:00+01:00,73.11969031189668,99.64
2026-03-16 09:15:00+01:00,68.78208430877193,82.83
2026-03-16 09:30:00+01:00,50.08796349159217,64.24
2026-03-16 09:45:00+01:00,28.18961528762169,45.71
2026-03-16 10:00:00+01:00,51.037727141359724,62.47
2026-03-16 10:15:00+01:00,25.545725050728507,52.06
2026-03-16 10:30:00+01:00,14.755980130047945,35.88
2026-03-16 10:45:00+01:00,12.77809647764974,19.97
2026-03-16 11:00:00+01:00,17.801668247327072,22.52
2026-03-16 11:15:00+01:00,23.04618199716279,15.62
2026-03-16 11:30:00+01:00,8.066715608847971,14.36
2026-03-16 11:45:00+01:00,8.470218526575792,16.96
2026-03-16 12:00:00+01:00,9.618174015857903,15.08
2026-03-16 12:15:00+01:00,8.61663404014682,11.15
2026-03-16 12:30:00+01:00,9.127579866869667,11.86
2026-03-16 12:45:00+01:00,10.097741150029378,10.05
2026-03-16 13:00:00+01:00,6.145115787607068,10.05
2026-03-16 13:15:00+01:00,13.696849858437147,10.87
2026-03-16 13:30:00+01:00,17.178113913064664,17.0
2026-03-16 13:45:00+01:00,14.729599319599956,25.6
2026-03-16 14:00:00+01:00,11.255775579865997,18.44
2026-03-16 14:15:00+01:00,15.14855023827539,31.06
2026-03-16 14:30:00+01:00,21.168431111338364,56.27
2026-03-16 14:45:00+01:00,34.3957642566093,62.92
2026-03-16 15:00:00+01:00,22.022600146628577,29.17
2026-03-16 15:15:00+01:00,33.53905533981431,40.76
2026-03-16 15:30:00+01:00,73.37081720016837,75.0
2026-03-16 15:45:00+01:00,112.7835237626411,112.85
2026-03-16 16:00:00+01:00,55.90777825639116,53.72
2026-03-16 16:15:00+01:00,97.63871176250333,87.99
2026-03-16 16:30:00+01:00,125.14778659406079,130.87
2026-03-16 16:45:00+01:00,129.88086367244213,152.26
2026-03-16 17:00:00+01:00,116.65893072132553,98.51
2026-03-16 17:15:00+01:00,127.26937586976713,127.53
2026-03-16 17:30:00+01:00,131.34566836633516,148.6
2026-03-16 17:45:00+01:00,160.9294788060798,179.77
2026-03-16 18:00:00+01:00,136.98226569712332,145.0
2026-03-16 18:15:00+01:00,143.0463963782148,157.17
2026-03-16 18:30:00+01:00,149.07452140114756,173.43
2026-03-16 18:45:00+01:00,152.72414083422495,184.54
2026-03-16 19:00:00+01:00,152.15415708790994,179.72
2026-03-16 19:15:00+01:00,149.86416713752283,179.92
2026-03-16 19:30:00+01:00,152.37876976400665,179.97
2026-03-16 19:45:00+01:00,133.35601846360439,179.94
2026-03-16 20:00:00+01:00,142.72028028657311,182.64
2026-03-16 20:15:00+01:00,138.47002545883348,163.16
2026-03-16 20:30:00+01:00,131.49917809818174,143.41
2026-03-16 20:45:00+01:00,127.65625288832747,129.93
2026-03-16 21:00:00+01:00,133.58560069504716,142.36
2026-03-16 21:15:00+01:00,122.08236140927555,128.29
2026-03-16 21:30:00+01:00,120.82859828059638,120.54
2026-03-16 21:45:00+01:00,111.87115898122991,111.66
2026-03-16 22:00:00+01:00,128.67799703057037,130.38
2026-03-16 22:15:00+01:00,118.15471442936622,124.2
2026-03-16 22:30:00+01:00,123.61065663443146,123.82
2026-03-16 22:45:00+01:00,108.95704429198068,109.25
2026-03-16 23:00:00+01:00,123.00454978829069,111.67
2026-03-16 23:15:00+01:00,109.95836796680052,103.31
2026-03-16 23:30:00+01:00,110.02992116385624,95.0
2026-03-16 23:45:00+01:00,102.07742213476621,89.08
2026-03-17 00:00:00+01:00,114.80815024577879,132.74
2026-03-17 00:15:00+01:00,97.26112053492291,113.4
2026-03-17 00:30:00+01:00,95.77171258455601,105.6
2026-03-17 00:45:00+01:00,89.82189235446309,102.92
2026-03-17 01:00:00+01:00,99.55897779483603,106.31
2026-03-17 01:15:00+01:00,94.92667218085616,105.9
2026-03-17 01:30:00+01:00,94.71949586586764,106.04
2026-03-17 01:45:00+01:00,91.41515322972985,104.09
2026-03-17 02:00:00+01:00,93.27123880840841,107.47
2026-03-17 02:15:00+01:00,91.48817142499416,107.4
2026-03-17 02:30:00+01:00,92.65409515959456,106.07
2026-03-17 02:45:00+01:00,96.89619276837897,104.75
2026-03-17 03:00:00+01:00,92.73612232280237,106.0
2026-03-17 03:15:00+01:00,93.68230951733018,106.23
2026-03-17 03:30:00+01:00,94.87635580530196,107.3
2026-03-17 03:45:00+01:00,96.03258732546657,106.56
2026-03-17 04:00:00+01:00,96.84640160169317,110.82
2026-03-17 04:15:00+01:00,95.03499032469233,109.33
2026-03-17 04:30:00+01:00,94.81804144038017,109.02
2026-03-17 04:45:00+01:00,97.37845294255425,110.95
2026-03-17 05:00:00+01:00,92.27446508177977,107.87
2026-03-17 05:15:00+01:00,100.42762074007938,109.99
2026-03-17 05:30:00+01:00,101.96152752687783,123.6
2026-03-17 05:45:00+01:00,107.40918517089781,138.2
2026-03-17 06:00:00+01:00,110.38280341665995,131.8
2026-03-17 06:15:00+01:00,114.06759797033574,144.0
2026-03-17 06:30:00+01:00,129.14576089909067,153.52
2026-03-17 06:45:00+01:00,145.38761474735642,162.54
2026-03-17 07:00:00+01:00,150.84370901212696,173.97
2026-03-17 07:15:00+01:00,164.50156188988936,173.88
2026-03-17 07:30:00+01:00,165.75704417870793,174.17
2026-03-17 07:45:00+01:00,159.6548165860769,149.9
2026-03-17 08:00:00+01:00,195.4547907081655,192.66
2026-03-17 08:15:00+01:00,186.26064676962733,160.19
2026-03-17 08:30:00+01:00,150.16480444802178,140.16
2026-03-17 08:45:00+01:00,122.56009521437134,117.04
2026-03-17 09:00:00+01:00,162.50447441121014,149.95
2026-03-17 09:15:00+01:00,126.18328816644535,127.09
2026-03-17 09:30:00+01:00,112.32673912856094,112.07
2026-03-17 09:45:00+01:00,103.4044903119152,107.18
2026-03-17 10:00:00+01:00,116.06781666992005,130.97
2026-03-17 10:15:00+01:00,100.14221904796861,104.59
2026-03-17 10:30:00+01:00,97.17657289858948,98.41
2026-03-17 10:45:00+01:00,89.38355653296196,100.59
2026-03-17 11:00:00+01:00,103.50373031761843,103.19
2026-03-17 11:15:00+01:00,98.27770295625736,99.0
2026-03-17 11:30:00+01:00,95.412482870512,97.64
2026-03-17 11:45:00+01:00,89.78098178839183,102.77
2026-03-17 12:00:00+01:00,93.39528794569894,95.36
2026-03-17 12:15:00+01:00,87.95083396941214,95.3
2026-03-17 12:30:00+01:00,84.25068296552578,95.32
2026-03-17 12:45:00+01:00,84.96045564012942,94.93
2026-03-17 13:00:00+01:00,89.97391431033458,97.0
2026-03-17 13:15:00+01:00,89.60489847402039,97.11
2026-03-17 13:30:00+01:00,88.85766650532466,95.99
2026-03-17 13:45:00+01:00,95.92189490425935,96.96
2026-03-17 14:00:00+01:00,89.70115395737528,96.62
2026-03-17 14:15:00+01:00,100.65700114968955,100.26
2026-03-17 14:30:00+01:00,100.00294171098345,98.63
2026-03-17 14:45:00+01:00,105.81693417245195,101.79
2026-03-17 15:00:00+01:00,102.52409471096334,99.67
2026-03-17 15:15:00+01:00,100.68457342147221,105.55
2026-03-17 15:30:00+01:00,114.67872367429192,115.85
2026-03-17 15:45:00+01:00,125.63802860173115,127.36
2026-03-17 16:00:00+01:00,113.8581916442757,111.7
2026-03-17 16:15:00+01:00,122.00803294715108,124.41
2026-03-17 16:30:00+01:00,136.78762252753535,136.44
2026-03-17 16:45:00+01:00,168.45996061843258,154.56
2026-03-17 17:00:00+01:00,119.5731783664694,128.04
2026-03-17 17:15:00+01:00,138.2855462171718,146.71
2026-03-17 17:30:00+01:00,174.49009081553726,163.18
2026-03-17 17:45:00+01:00,222.41659806876436,210.88
2026-03-17 18:00:00+01:00,174.4088682023439,191.32
2026-03-17 18:15:00+01:00,187.92860473511342,211.88
2026-03-17 18:30:00+01:00,192.16512875207985,214.99
2026-03-17 18:45:00+01:00,158.25847740090597,211.0
2026-03-17 19:00:00+01:00,204.56693699818544,213.68
2026-03-17 19:15:00+01:00,172.77905888564712,179.15
2026-03-17 19:30:00+01:00,156.01634175468993,145.91
2026-03-17 19:45:00+01:00,145.80769321639283,142.79
2026-03-17 20:00:00+01:00,160.64718053028744,163.42
2026-03-17 20:15:00+01:00,144.51233997548476,145.11
2026-03-17 20:30:00+01:00,130.33369875397418,138.16
2026-03-17 20:45:00+01:00,135.50103143460154,130.26
2026-03-17 21:00:00+01:00,127.0484401383631,145.27
2026-03-17 21:15:00+01:00,121.14113726117833,135.27
2026-03-17 21:30:00+01:00,119.64906799762242,126.53
2026-03-17 21:45:00+01:00,113.0818902301712,112.09
2026-03-17 22:00:00+01:00,129.91796774135724,133.69
2026-03-17 22:15:00+01:00,117.02271111516929,119.28
2026-03-17 22:30:00+01:00,115.19130537505004,105.7
2026-03-17 22:45:00+01:00,110.9647517626861,98.29
2026-03-17 23:00:00+01:00,113.36597910041405,108.21
2026-03-17 23:15:00+01:00,104.92607634436455,101.67
2026-03-17 23:30:00+01:00,103.42945887073881,98.12
2026-03-17 23:45:00+01:00,92.11360508843703,93.83
2026-03-18 00:00:00+01:00,115.89239480378221,95.7
2026-03-18 00:15:00+01:00,107.51779130043788,88.9
2026-03-18 00:30:00+01:00,98.80254050407888,87.39
2026-03-18 00:45:00+01:00,97.51151314356511,87.21
2026-03-18 01:00:00+01:00,99.55548672658091,89.64
2026-03-18 01:15:00+01:00,95.15312706687878,86.64
2026-03-18 01:30:00+01:00,97.57285616241609,85.83
2026-03-18 01:45:00+01:00,97.08542591072626,84.8
2026-03-18 02:00:00+01:00,94.52633676586302,86.58
2026-03-18 02:15:00+01:00,94.35328238710024,85.39
2026-03-18 02:30:00+01:00,96.65788270100612,85.27
2026-03-18 02:45:00+01:00,98.09470075153067,85.5
2026-03-18 03:00:00+01:00,94.80551701588413,86.15
2026-03-18 03:15:00+01:00,94.16078829326506,86.5
2026-03-18 03:30:00+01:00,97.12514116845209,87.09
2026-03-18 03:45:00+01:00,99.67385212294555,87.73
2026-03-18 04:00:00+01:00,100.40933971357158,87.93
2026-03-18 04:15:00+01:00,96.91903901797906,88.88
2026-03-18 04:30:00+01:00,98.89871755219306,89.06
2026-03-18 04:45:00+01:00,98.69817682558067,89.47
2026-03-18 05:00:00+01:00,96.77935956779433,89.0
2026-03-18 05:15:00+01:00,104.76761164670724,91.52
2026-03-18 05:30:00+01:00,98.00782432421374,102.84
2026-03-18 05:45:00+01:00,103.70364407534525,116.86
2026-03-18 06:00:00+01:00,106.60737769701221,112.58
2026-03-18 06:15:00+01:00,109.2805320530204,130.68
2026-03-18 06:30:00+01:00,115.61047380769861,137.42
2026-03-18 06:45:00+01:00,115.43725559928022,142.28
2026-03-18 07:00:00+01:00,130.38436138748344,150.2
2026-03-18 07:15:00+01:00,125.22908285465547,148.81
2026-03-18 07:30:00+01:00,122.90991238532735,132.01
2026-03-18 07:45:00+01:00,104.65235055986842,103.35
2026-03-18 08:00:00+01:00,125.62573927430832,131.43
2026-03-18 08:15:00+01:00,109.30654271875807,106.9
2026-03-18 08:30:00+01:00,93.90034641385162,87.69
2026-03-18 08:45:00+01:00,70.4304937441836,73.73
2026-03-18 09:00:00+01:00,112.97698144710998,99.91
2026-03-18 09:15:00+01:00,92.21079221731776,81.06
2026-03-18 09:30:00+01:00,76.686897304394,57.31
2026-03-18 09:45:00+01:00,43.288621570302624,13.52
2026-03-18 10:00:00+01:00,82.1873154514299,37.56
2026-03-18 10:15:00+01:00,54.825304196360996,3.45
2026-03-18 10:30:00+01:00,45.13298976617832,-0.01
2026-03-18 10:45:00+01:00,20.791619082446573,-1.01
2026-03-18 11:00:00+01:00,39.37469392153919,-0.06
2026-03-18 11:15:00+01:00,20.67468316459977,-1.85
2026-03-18 11:30:00+01:00,9.312859643829455,-2.21
2026-03-18 11:45:00+01:00,8.542639986973086,-2.36
2026-03-18 12:00:00+01:00,14.887483001746432,-2.08
2026-03-18 12:15:00+01:00,8.76449540594686,-2.51
2026-03-18 12:30:00+01:00,14.01622845870358,-2.32
2026-03-18 12:45:00+01:00,18.717897047010865,-2.33
2026-03-18 13:00:00+01:00,10.667346030092276,-3.32
2026-03-18 13:15:00+01:00,11.612670382640218,-3.3
2026-03-18 13:30:00+01:00,18.838357729776092,-3.11
2026-03-18 13:45:00+01:00,24.11204122269588,-1.12
2026-03-18 14:00:00+01:00,16.722848525844185,-1.01
2026-03-18 14:15:00+01:00,33.863997259409096,-0.47
2026-03-18 14:30:00+01:00,38.548521079106344,-0.01
2026-03-18 14:45:00+01:00,61.73509058038258,2.38
2026-03-18 15:00:00+01:00,52.07741823319135,3.32
2026-03-18 15:15:00+01:00,74.14778464847173,13.98
2026-03-18 15:30:00+01:00,92.02085192726615,71.27
2026-03-18 15:45:00+01:00,110.64300936494413,100.21
2026-03-18 16:00:00+01:00,81.5966557756774,65.39
2026-03-18 16:15:00+01:00,103.54843921209753,93.91
2026-03-18 16:30:00+01:00,124.75931389484789,124.98
2026-03-18 16:45:00+01:00,130.55219456880644,143.85
2026-03-18 17:00:00+01:00,115.24898489481922,101.5
2026-03-18 17:15:00+01:00,133.90609628094222,135.89
2026-03-18 17:30:00+01:00,148.70610979024372,159.28
2026-03-18 17:45:00+01:00,188.7928716968824,184.18
2026-03-18 18:00:00+01:00,158.79308598404344,163.03
2026-03-18 18:15:00+01:00,167.09320210431542,176.81
2026-03-18 18:30:00+01:00,181.5685358246538,185.72
2026-03-18 18:45:00+01:00,171.47676495847873,184.93
2026-03-18 19:00:00+01:00,178.36574102053063,192.59
2026-03-18 19:15:00+01:00,169.21492026780223,180.55
2026-03-18 19:30:00+01:00,166.4866570553976,165.4
2026-03-18 19:45:00+01:00,155.21051373798122,142.25
2026-03-18 20:00:00+01:00,160.14141606984083,164.64
2026-03-18 20:15:00+01:00,151.5313865449618,152.01
2026-03-18 20:30:00+01:00,132.94292983780304,141.73
2026-03-18 20:45:00+01:00,127.83423661072429,135.58
2026-03-18 21:00:00+01:00,141.57838477685024,144.97
2026-03-18 21:15:00+01:00,131.96494224464323,138.95
2026-03-18 21:30:00+01:00,119.87225235533666,128.12
2026-03-18 21:45:00+01:00,111.7979176178733,116.19
2026-03-18 22:00:00+01:00,128.88770848650515,136.99
2026-03-18 22:15:00+01:00,122.10353148503427,126.01
2026-03-18 22:30:00+01:00,122.67136406917112,118.13
2026-03-18 22:45:00+01:00,110.37379715502283,113.97
2026-03-18 23:00:00+01:00,131.09820411016875,123.2
2026-03-18 23:15:00+01:00,109.2306208959167,112.63
2026-03-18 23:30:00+01:00,100.63182026274272,111.5
2026-03-18 23:45:00+01:00,95.20395249294917,106.17
2026-03-19 00:00:00+01:00,116.16986946102865,113.04
2026-03-19 00:15:00+01:00,109.03352037089432,108.77
2026-03-19 00:30:00+01:00,106.52502573045501,108.2
2026-03-19 00:45:00+01:00,104.38722148526253,106.99
2026-03-19 01:00:00+01:00,108.08154801838968,112.76
2026-03-19 01:15:00+01:00,107.7987206995522,111.73
2026-03-19 01:30:00+01:00,107.24444879428981,112.85
2026-03-19 01:45:00+01:00,107.50690142716735,113.22
2026-03-19 02:00:00+01:00,111.07063684839892,113.66
2026-03-19 02:15:00+01:00,107.11661897551916,112.79
2026-03-19 02:30:00+01:00,107.82358038225853,113.93
2026-03-19 02:45:00+01:00,109.08120328272267,115.59
2026-03-19 03:00:00+01:00,110.41182511368653,110.05
2026-03-19 03:15:00+01:00,107.94882132744075,112.73
2026-03-19 03:30:00+01:00,110.18912679925525,117.97
2026-03-19 03:45:00+01:00,110.289918277115,121.35
2026-03-19 04:00:00+01:00,109.78904244162867,120.2
2026-03-19 04:15:00+01:00,110.6647963802847,121.82
2026-03-19 04:30:00+01:00,115.27567538628125,123.98
2026-03-19 04:45:00+01:00,116.11074355208247,127.1
2026-03-19 05:00:00+01:00,113.74558603124233,122.34
2026-03-19 05:15:00+01:00,117.83902639760517,128.14
2026-03-19 05:30:00+01:00,132.92144153278772,132.29
2026-03-19 05:45:00+01:00,148.1784495460183,148.35
2026-03-19 06:00:00+01:00,130.2502149739655,134.52
2026-03-19 06:15:00+01:00,147.32708353179368,157.9
2026-03-19 06:30:00+01:00,165.31246452729783,170.86
2026-03-19 06:45:00+01:00,181.50146597802365,177.23
2026-03-19 07:00:00+01:00,209.61983571131663,191.6
2026-03-19 07:15:00+01:00,203.59465983017242,175.51
2026-03-19 07:30:00+01:00,170.8989672705731,150.21
2026-03-19 07:45:00+01:00,137.2556625385228,115.65
2026-03-19 08:00:00+01:00,182.65043144939864,179.47
2026-03-19 08:15:00+01:00,159.76739095058892,151.35
2026-03-19 08:30:00+01:00,121.8206856994927,120.19
2026-03-19 08:45:00+01:00,98.55534293232449,103.4
2026-03-19 09:00:00+01:00,133.86821128908701,121.98
2026-03-19 09:15:00+01:00,103.96165235423663,100.87
2026-03-19 09:30:00+01:00,96.91698717013129,84.16
2026-03-19 09:45:00+01:00,74.84780461822764,56.6
2026-03-19 10:00:00+01:00,97.37332044288151,99.0
2026-03-19 10:15:00+01:00,91.55045532571272,60.76
2026-03-19 10:30:00+01:00,78.11052180758554,40.05
2026-03-19 10:45:00+01:00,51.486966888099374,21.39
2026-03-19 11:00:00+01:00,77.0827229305562,20.63
2026-03-19 11:15:00+01:00,63.725976267170964,9.61
2026-03-19 11:30:00+01:00,50.362461428801126,1.22
2026-03-19 11:45:00+01:00,39.14501137993124,0.02
2026-03-19 12:00:00+01:00,43.05080729367755,0.01
2026-03-19 12:15:00+01:00,39.71767873596888,0.0
2026-03-19 12:30:00+01:00,42.00516876403221,-0.01
2026-03-19 12:45:00+01:00,36.51293199989507,0.0
2026-03-19 13:00:00+01:00,35.299130572464534,0.0
2026-03-19 13:15:00+01:00,36.25347791371115,0.0
2026-03-19 13:30:00+01:00,38.41700587380024,0.6
2026-03-19 13:45:00+01:00,46.84709204785746,9.52
2026-03-19 14:00:00+01:00,38.88084632247358,10.05
2026-03-19 14:15:00+01:00,59.18876756223708,28.44
2026-03-19 14:30:00+01:00,78.81709157913676,58.07
2026-03-19 14:45:00+01:00,94.39032626262357,78.3
2026-03-19 15:00:00+01:00,66.00291497309664,42.77
2026-03-19 15:15:00+01:00,92.03395077426441,81.75
2026-03-19 15:30:00+01:00,94.91887421348446,98.79
2026-03-19 15:45:00+01:00,135.3334642046066,120.48
2026-03-19 16:00:00+01:00,90.1964972063432,97.64
2026-03-19 16:15:00+01:00,114.98555474990005,110.13
2026-03-19 16:30:00+01:00,137.06371227073046,122.85
2026-03-19 16:45:00+01:00,179.9451671517192,150.77
2026-03-19 17:00:00+01:00,114.00969045148948,101.41
2026-03-19 17:15:00+01:00,154.69552215913134,132.96
2026-03-19 17:30:00+01:00,192.66116423229693,163.96
2026-03-19 17:45:00+01:00,242.9976574476301,210.37
2026-03-19 18:00:00+01:00,196.70066329139206,180.37
2026-03-19 18:15:00+01:00,215.05486081987777,202.3
2026-03-19 18:30:00+01:00,212.39287550997335,223.21
2026-03-19 18:45:00+01:00,220.46808517519491,231.19
2026-03-19 19:00:00+01:00,206.90151789787578,240.91
2026-03-19 19:15:00+01:00,189.9085487560502,219.48
2026-03-19 19:30:00+01:00,172.098493340813,203.32
2026-03-19 19:45:00+01:00,155.229424516179,193.82
2026-03-19 20:00:00+01:00,173.71522612021369,183.05
2026-03-19 20:15:00+01:00,161.27201397623594,167.86
2026-03-19 20:30:00+01:00,149.22719267471626,157.15
2026-03-19 20:45:00+01:00,135.34095032902368,145.42
2026-03-19 21:00:00+01:00,150.06286992370426,160.79
2026-03-19 21:15:00+01:00,139.70560988012846,155.74
2026-03-19 21:30:00+01:00,136.4495734687982,147.77
2026-03-19 21:45:00+01:00,123.49096574867438,131.86
2026-03-19 22:00:00+01:00,139.086548197747,150.74
2026-03-19 22:15:00+01:00,127.44772503704222,145.68
2026-03-19 22:30:00+01:00,127.65616503090482,134.44
2026-03-19 22:45:00+01:00,117.95092500852114,127.34
2026-03-19 23:00:00+01:00,125.44957094899794,141.56
2026-03-19 23:15:00+01:00,121.57792142799245,134.05
2026-03-19 23:30:00+01:00,117.19586526062355,131.1
2026-03-19 23:45:00+01:00,109.96782192035016,122.24
2026-03-20 00:00:00+01:00,125.70564720732042,158.56
2026-03-20 00:15:00+01:00,121.26706058475378,145.41
2026-03-20 00:30:00+01:00,118.65312329478083,137.26
2026-03-20 00:45:00+01:00,114.98570615018937,133.02
2026-03-20 01:00:00+01:00,114.48293812480944,141.26
2026-03-20 01:15:00+01:00,114.26436946244351,138.09
2026-03-20 01:30:00+01:00,112.92385586265604,136.65
2026-03-20 01:45:00+01:00,110.87327187453931,135.84
2026-03-20 02:00:00+01:00,112.93032588478027,136.36
2026-03-20 02:15:00+01:00,112.32373307095435,134.98
2026-03-20 02:30:00+01:00,111.586865171585,135.62
2026-03-20 02:45:00+01:00,112.0261979282819,135.61
2026-03-20 03:00:00+01:00,110.55177677193275,135.93
2026-03-20 03:15:00+01:00,111.53935687993243,135.23
2026-03-20 03:30:00+01:00,113.02029180578484,138.86
2026-03-20 03:45:00+01:00,116.02223965297114,139.88
2026-03-20 04:00:00+01:00,113.1333173409208,131.13
2026-03-20 04:15:00+01:00,112.25306837173346,135.76
2026-03-20 04:30:00+01:00,116.90397007799604,138.99
2026-03-20 04:45:00+01:00,119.72916223645477,149.74
2026-03-20 05:00:00+01:00,116.41846551973579,136.6
2026-03-20 05:15:00+01:00,117.9953633272864,145.37
2026-03-20 05:30:00+01:00,131.24675215135767,164.68
2026-03-20 05:45:00+01:00,139.16242373979702,171.71
2026-03-20 06:00:00+01:00,128.75031895784392,164.17
2026-03-20 06:15:00+01:00,148.14583213397273,192.76
2026-03-20 06:30:00+01:00,158.28754002572816,203.3
2026-03-20 06:45:00+01:00,191.00218091541282,208.95
2026-03-20 07:00:00+01:00,194.1073477363787,233.75
2026-03-20 07:15:00+01:00,199.80773421264638,209.73
2026-03-20 07:30:00+01:00,166.90036459798696,190.65
2026-03-20 07:45:00+01:00,150.32057058924113,156.44
2026-03-20 08:00:00+01:00,209.71224325539208,208.14
2026-03-20 08:15:00+01:00,183.85000715471313,169.05
2026-03-20 08:30:00+01:00,143.08236697010108,152.02
2026-03-20 08:45:00+01:00,119.17405935474302,116.0
2026-03-20 09:00:00+01:00,149.51537411374716,169.34
2026-03-20 09:15:00+01:00,123.96401750300652,144.39
2026-03-20 09:30:00+01:00,112.03346829659637,106.3
2026-03-20 09:45:00+01:00,105.14750479014164,108.0
2026-03-20 10:00:00+01:00,120.22863467672077,121.04
2026-03-20 10:15:00+01:00,103.77982897712873,108.0
2026-03-20 10:30:00+01:00,98.98821002667559,90.81
2026-03-20 10:45:00+01:00,95.58995000662227,84.49
2026-03-20 11:00:00+01:00,102.43967028278591,95.52
2026-03-20 11:15:00+01:00,92.99609596675712,85.13
2026-03-20 11:30:00+01:00,93.2926524649053,70.68
2026-03-20 11:45:00+01:00,88.83541580699561,62.56
2026-03-20 12:00:00+01:00,91.51133461632234,71.29
2026-03-20 12:15:00+01:00,88.13397660215647,66.52
2026-03-20 12:30:00+01:00,83.3139642623584,65.52
2026-03-20 12:45:00+01:00,82.88910572332604,59.11
2026-03-20 13:00:00+01:00,88.10577840019542,56.25
2026-03-20 13:15:00+01:00,87.88999416585636,60.0
2026-03-20 13:30:00+01:00,88.6777130154565,69.17
2026-03-20 13:45:00+01:00,89.48849337468242,77.02
2026-03-20 14:00:00+01:00,87.5315729875095,59.86
2026-03-20 14:15:00+01:00,92.99883635066146,81.14
2026-03-20 14:30:00+01:00,92.39077036534351,95.57
2026-03-20 14:45:00+01:00,106.8482851954482,113.03
2026-03-20 15:00:00+01:00,97.34602655911337,100.15
2026-03-20 15:15:00+01:00,98.71233823549832,115.0
2026-03-20 15:30:00+01:00,110.9857032365848,118.82
2026-03-20 15:45:00+01:00,127.70748701805735,134.65
2026-03-20 16:00:00+01:00,102.72364408813456,104.3
2026-03-20 16:15:00+01:00,125.73564088878553,138.99
2026-03-20 16:30:00+01:00,141.7663852663217,156.7
2026-03-20 16:45:00+01:00,170.24886466851189,178.71
2026-03-20 17:00:00+01:00,117.87465288793629,140.48
2026-03-20 17:15:00+01:00,151.09592125579002,161.61
2026-03-20 17:30:00+01:00,186.64601023285732,178.31
2026-03-20 17:45:00+01:00,224.06375201489806,218.87
2026-03-20 18:00:00+01:00,211.77444582146597,176.65
2026-03-20 18:15:00+01:00,201.3879121872945,217.13
2026-03-20 18:30:00+01:00,202.16861922818862,227.12
2026-03-20 18:45:00+01:00,185.25310213464758,223.12
2026-03-20 19:00:00+01:00,210.79416365856488,237.87
2026-03-20 19:15:00+01:00,181.66347262888652,218.01
2026-03-20 19:30:00+01:00,171.74925322665896,205.44
2026-03-20 19:45:00+01:00,151.78592286480787,187.92
2026-03-20 20:00:00+01:00,167.62188228731173,200.77
2026-03-20 20:15:00+01:00,157.39913220387803,182.99
2026-03-20 20:30:00+01:00,152.42659094379815,173.31
2026-03-20 20:45:00+01:00,138.13903655384365,163.07
2026-03-20 21:00:00+01:00,152.19030271811891,174.69
2026-03-20 21:15:00+01:00,146.87213269341396,170.7
2026-03-20 21:30:00+01:00,135.24356371130176,157.81
2026-03-20 21:45:00+01:00,126.15482410389083,149.0
2026-03-20 22:00:00+01:00,138.47612435031476,163.47
2026-03-20 22:15:00+01:00,134.58958630087852,164.09
2026-03-20 22:30:00+01:00,130.26938660439504,143.72
2026-03-20 22:45:00+01:00,126.00802162282274,136.13
2026-03-20 23:00:00+01:00,133.83862171024057,162.0
2026-03-20 23:15:00+01:00,125.42321728756546,154.86
2026-03-20 23:30:00+01:00,122.56566412090898,140.42
2026-03-20 23:45:00+01:00,112.48399246158233,135.22
2026-03-21 00:00:00+01:00,140.3852426802652,151.25
2026-03-21 00:15:00+01:00,136.45903815392836,147.36
2026-03-21 00:30:00+01:00,130.20737238093812,139.03
2026-03-21 00:45:00+01:00,125.32273198468113,131.95
2026-03-21 01:00:00+01:00,133.9409200353504,148.63
2026-03-21 01:15:00+01:00,128.6802730932908,138.88
2026-03-21 01:30:00+01:00,126.42523756164287,133.75
2026-03-21 01:45:00+01:00,124.76769640816183,132.11
2026-03-21 02:00:00+01:00,126.92457649623665,142.77
2026-03-21 02:15:00+01:00,124.38766927709136,135.49
2026-03-21 02:30:00+01:00,122.42573122257322,132.62
2026-03-21 02:45:00+01:00,122.35872266481232,133.46
2026-03-21 03:00:00+01:00,122.56925857815939,132.02
2026-03-21 03:15:00+01:00,122.84956431261264,132.04
2026-03-21 03:30:00+01:00,124.50132768182888,132.28
2026-03-21 03:45:00+01:00,125.66705436807469,131.89
2026-03-21 04:00:00+01:00,119.66098702794874,131.34
2026-03-21 04:15:00+01:00,120.67924014478375,130.59
2026-03-21 04:30:00+01:00,124.48662748509801,131.41
2026-03-21 04:45:00+01:00,128.66083481717874,131.43
2026-03-21 05:00:00+01:00,118.57987912866282,135.63
2026-03-21 05:15:00+01:00,127.4851158792249,135.67
2026-03-21 05:30:00+01:00,132.233724285267,138.45
2026-03-21 05:45:00+01:00,137.99035136894148,140.91
2026-03-21 06:00:00+01:00,130.447759266323,140.7
2026-03-21 06:15:00+01:00,142.1990144664383,145.47
2026-03-21 06:30:00+01:00,133.16727156074847,141.63
2026-03-21 06:45:00+01:00,129.12520567200653,141.56
2026-03-21 07:00:00+01:00,154.61743690921338,151.04
2026-03-21 07:15:00+01:00,119.30819050883002,147.99
2026-03-21 07:30:00+01:00,108.49445073246802,138.67
2026-03-21 07:45:00+01:00,98.18284061681523,120.95
2026-03-21 08:00:00+01:00,129.95621815686434,143.31
2026-03-21 08:15:00+01:00,109.72159226635274,138.04
2026-03-21 08:30:00+01:00,101.50336515512228,120.7
2026-03-21 08:45:00+01:00,100.05880348564142,107.01
2026-03-21 09:00:00+01:00,107.65509467545158,109.8
2026-03-21 09:15:00+01:00,103.13851129307469,104.0
2026-03-21 09:30:00+01:00,92.53189411828805,96.38
2026-03-21 09:45:00+01:00,79.23215826475167,92.13
2026-03-21 10:00:00+01:00,97.27705128365251,100.01
2026-03-21 10:15:00+01:00,86.19093156361362,80.74
2026-03-21 10:30:00+01:00,76.67027748884028,68.16
2026-03-21 10:45:00+01:00,48.67517383626411,56.98
2026-03-21 11:00:00+01:00,69.31050309545024,62.63
2026-03-21 11:15:00+01:00,50.401137586255,46.78
2026-03-21 11:30:00+01:00,35.51917808071579,40.41
2026-03-21 11:45:00+01:00,20.241421703277155,33.78
2026-03-21 12:00:00+01:00,35.93800364116427,32.87
2026-03-21 12:15:00+01:00,21.96263015181968,21.08
2026-03-21 12:30:00+01:00,22.119717393866168,20.01
2026-03-21 12:45:00+01:00,18.174382681857352,20.0
2026-03-21 13:00:00+01:00,11.600887415923566,20.41
2026-03-21 13:15:00+01:00,9.732079565218882,21.91
2026-03-21 13:30:00+01:00,12.034652092253424,24.76
2026-03-21 13:45:00+01:00,26.882701557894194,30.0
2026-03-21 14:00:00+01:00,24.418673042162,42.74
2026-03-21 14:15:00+01:00,35.84845466911781,62.0
2026-03-21 14:30:00+01:00,60.14965571005477,68.26
2026-03-21 14:45:00+01:00,81.05353312414046,78.71
2026-03-21 15:00:00+01:00,62.94367806264122,76.7
2026-03-21 15:15:00+01:00,75.86181254923488,89.04
2026-03-21 15:30:00+01:00,97.39527341719175,90.49
2026-03-21 15:45:00+01:00,118.73707952876028,103.77
2026-03-21 16:00:00+01:00,79.07068769052502,96.26
2026-03-21 16:15:00+01:00,113.52347826573903,104.19
2026-03-21 16:30:00+01:00,131.66420929408383,123.53
2026-03-21 16:45:00+01:00,152.19446841688412,138.68
2026-03-21 17:00:00+01:00,121.95775093462528,122.76
2026-03-21 17:15:00+01:00,139.06776320362553,141.09
2026-03-21 17:30:00+01:00,144.83362946819994,156.49
2026-03-21 17:45:00+01:00,176.26367915165207,163.76
2026-03-21 18:00:00+01:00,144.16072875862432,161.48
2026-03-21 18:15:00+01:00,172.1382506392594,174.38
2026-03-21 18:30:00+01:00,178.36290574753468,177.45
2026-03-21 18:45:00+01:00,182.88176442226128,173.16
2026-03-21 19:00:00+01:00,191.85842699341978,189.71
2026-03-21 19:15:00+01:00,179.2666861484914,168.19
2026-03-21 19:30:00+01:00,159.479307896458,153.55
2026-03-21 19:45:00+01:00,154.31871433547605,140.97
2026-03-21 20:00:00+01:00,161.62354467352873,156.73
2026-03-21 20:15:00+01:00,149.03660536401787,146.0
2026-03-21 20:30:00+01:00,138.61520351068847,135.1
2026-03-21 20:45:00+01:00,132.1710875356626,129.48
2026-03-21 21:00:00+01:00,136.80745781275104,131.03
2026-03-21 21:15:00+01:00,128.85415757649127,129.57
2026-03-21 21:30:00+01:00,126.76825283336828,125.62
2026-03-21 21:45:00+01:00,112.37313079044614,121.28
2026-03-21 22:00:00+01:00,131.15113783459066,127.93
2026-03-21 22:15:00+01:00,121.1172177199495,127.49
2026-03-21 22:30:00+01:00,110.29033038141688,117.1
2026-03-21 22:45:00+01:00,98.64368958118457,108.45
2026-03-21 23:00:00+01:00,118.64614495814756,121.19
2026-03-21 23:15:00+01:00,102.5235196724541,110.34
2026-03-21 23:30:00+01:00,95.45973466400109,103.66
2026-03-21 23:45:00+01:00,82.48369263381295,96.81
2026-03-22 00:00:00+01:00,115.27362993370355,104.54
2026-03-22 00:15:00+01:00,110.12584637582754,101.8
2026-03-22 00:30:00+01:00,103.4506019930496,99.81
2026-03-22 00:45:00+01:00,95.05864832546993,95.5
2026-03-22 01:00:00+01:00,105.90357462761752,98.56
2026-03-22 01:15:00+01:00,100.63485913738083,96.75
2026-03-22 01:30:00+01:00,101.22820616252095,94.93
2026-03-22 01:45:00+01:00,101.54137242827969,92.78
2026-03-22 02:00:00+01:00,102.21178980296978,95.59
2026-03-22 02:15:00+01:00,101.18593409154369,94.2
2026-03-22 02:30:00+01:00,102.26045442633101,93.98
2026-03-22 02:45:00+01:00,101.63791177566642,93.04
2026-03-22 03:00:00+01:00,99.87846075235926,95.67
2026-03-22 03:15:00+01:00,100.48702045666695,94.69
2026-03-22 03:30:00+01:00,100.21330810082391,95.19
2026-03-22 03:45:00+01:00,101.00263433517677,95.49
2026-03-22 04:00:00+01:00,105.92768929495789,97.51
2026-03-22 04:15:00+01:00,102.6283048419225,97.75
2026-03-22 04:30:00+01:00,104.48329303874567,99.05
2026-03-22 04:45:00+01:00,107.65983606275098,100.08
2026-03-22 05:00:00+01:00,103.49386054756789,100.21
2026-03-22 05:15:00+01:00,111.55441641989681,101.87
2026-03-22 05:30:00+01:00,114.70046378546441,102.88
2026-03-22 05:45:00+01:00,137.1338637470887,101.69
2026-03-22 06:00:00+01:00,115.72716055918109,102.8
2026-03-22 06:15:00+01:00,128.46819388598814,103.81
2026-03-22 06:30:00+01:00,136.44473326672758,102.18
2026-03-22 06:45:00+01:00,107.88090367721625,91.63
2026-03-22 07:00:00+01:00,155.95793024150194,117.51
2026-03-22 07:15:00+01:00,127.79160220445907,92.91
2026-03-22 07:30:00+01:00,94.17659474235825,78.63
2026-03-22 07:45:00+01:00,79.74138241394176,49.79
2026-03-22 08:00:00+01:00,128.297126635222,80.75
2026-03-22 08:15:00+01:00,97.00223630652539,46.2
2026-03-22 08:30:00+01:00,86.75191296288101,26.37
2026-03-22 08:45:00+01:00,67.06816460077488,12.0
2026-03-22 09:00:00+01:00,84.23557794156753,19.9
2026-03-22 09:15:00+01:00,75.9586055712127,6.86
2026-03-22 09:30:00+01:00,54.99832291810549,0.43
2026-03-22 09:45:00+01:00,29.840500610287762,-0.1
2026-03-22 10:00:00+01:00,56.77207882589154,0.0
2026-03-22 10:15:00+01:00,31.846010262046832,-0.01
2026-03-22 10:30:00+01:00,18.90596365957086,-0.62
2026-03-22 10:45:00+01:00,22.537261781078456,-1.09
2026-03-22 11:00:00+01:00,14.400690158487535,-2.46
2026-03-22 11:15:00+01:00,3.3058950262471853,-3.46
2026-03-22 11:30:00+01:00,0.4232136087248364,-4.9
2026-03-22 11:45:00+01:00,15.905404762657938,-6.63
2026-03-22 12:00:00+01:00,11.76501523468697,-9.97
2026-03-22 12:15:00+01:00,16.858234326968102,-11.39
2026-03-22 12:30:00+01:00,14.241801886713787,-12.37
2026-03-22 12:45:00+01:00,14.688316150561619,-13.31
2026-03-22 13:00:00+01:00,6.467567907708997,-12.68
2026-03-22 13:15:00+01:00,6.724889011571435,-11.34
2026-03-22 13:30:00+01:00,6.585488191219653,-9.91
2026-03-22 13:45:00+01:00,18.16812609560948,-7.31
2026-03-22 14:00:00+01:00,12.533481857339098,-3.38
2026-03-22 14:15:00+01:00,18.707335812976567,-2.48
2026-03-22 14:30:00+01:00,20.833872585167924,-1.9
2026-03-22 14:45:00+01:00,40.911257943616725,-0.95
2026-03-22 15:00:00+01:00,21.33672842962268,-0.26
2026-03-22 15:15:00+01:00,41.12668620243215,0.0
2026-03-22 15:30:00+01:00,71.8179080592042,11.66
2026-03-22 15:45:00+01:00,108.56482297408634,33.6
2026-03-22 16:00:00+01:00,58.57155898308601,32.76
2026-03-22 16:15:00+01:00,95.12223789535689,79.85
2026-03-22 16:30:00+01:00,119.85219355960002,108.0
2026-03-22 16:45:00+01:00,146.40747858430836,152.0
2026-03-22 17:00:00+01:00,110.33776172171844,98.63
2026-03-22 17:15:00+01:00,125.93993493641476,141.8
2026-03-22 17:30:00+01:00,148.80925568152844,159.08
2026-03-22 17:45:00+01:00,188.84230033050383,183.03
2026-03-22 18:00:00+01:00,161.18343422071578,161.04
2026-03-22 18:15:00+01:00,177.99490880173954,174.26
2026-03-22 18:30:00+01:00,199.02806657301636,176.0
2026-03-22 18:45:00+01:00,205.8499492458357,185.46
2026-03-22 19:00:00+01:00,197.54263354885327,184.46
2026-03-22 19:15:00+01:00,177.39967593063852,181.7
2026-03-22 19:30:00+01:00,178.72309895985896,168.61
2026-03-22 19:45:00+01:00,170.5933201118034,158.76
2026-03-22 20:00:00+01:00,170.99293719591367,184.13
2026-03-22 20:15:00+01:00,163.85407161212234,167.14
2026-03-22 20:30:00+01:00,145.24435500393002,159.59
2026-03-22 20:45:00+01:00,135.2497453727501,148.07
2026-03-22 21:00:00+01:00,142.42755669832331,165.21
2026-03-22 21:15:00+01:00,141.10605224517158,158.25
2026-03-22 21:30:00+01:00,135.18464186011414,150.05
2026-03-22 21:45:00+01:00,121.98356408622817,148.0
2026-03-22 22:00:00+01:00,146.67564644513232,157.37
2026-03-22 22:15:00+01:00,138.55137394068151,149.99
2026-03-22 22:30:00+01:00,132.15148793708735,141.68
2026-03-22 22:45:00+01:00,123.24951841515141,138.15
2026-03-22 23:00:00+01:00,135.98028691413646,157.79
2026-03-22 23:15:00+01:00,122.7790197390926,147.62
2026-03-22 23:30:00+01:00,117.49272608787956,136.83
2026-03-22 23:45:00+01:00,110.50215446951186,131.78
2026-03-23 00:00:00+01:00,124.18133456185708,136.18
2026-03-23 00:15:00+01:00,117.30038660708856,133.06
2026-03-23 00:30:00+01:00,120.52147355990968,128.55
2026-03-23 00:45:00+01:00,114.41367868853055,126.76
2026-03-23 01:00:00+01:00,119.10336132471657,128.59
2026-03-23 01:15:00+01:00,117.04000902847035,127.75
2026-03-23 01:30:00+01:00,116.06739218370791,124.93
2026-03-23 01:45:00+01:00,118.54500814129378,122.33
2026-03-23 02:00:00+01:00,114.7470275180535,127.33
2026-03-23 02:15:00+01:00,114.57427563656704,124.4
2026-03-23 02:30:00+01:00,119.72844603767302,124.21
2026-03-23 02:45:00+01:00,121.08697609676258,124.7
2026-03-23 03:00:00+01:00,114.82612546426132,129.06
2026-03-23 03:15:00+01:00,119.94520793215929,126.31
2026-03-23 03:30:00+01:00,122.66316636760635,127.51
2026-03-23 03:45:00+01:00,122.47721086378715,131.47
2026-03-23 04:00:00+01:00,119.53161876702247,130.88
2026-03-23 04:15:00+01:00,122.17431794734054,136.82
2026-03-23 04:30:00+01:00,123.79285991231063,141.47
2026-03-23 04:45:00+01:00,125.78453971016164,143.9
2026-03-23 05:00:00+01:00,122.86032024195153,140.08
2026-03-23 05:15:00+01:00,127.65356536973829,148.26
2026-03-23 05:30:00+01:00,135.6009135822243,164.06
2026-03-23 05:45:00+01:00,155.70170756665223,170.48
2026-03-23 06:00:00+01:00,137.26909983779245,161.88
2026-03-23 06:15:00+01:00,160.72711026968702,181.86
2026-03-23 06:30:00+01:00,156.86452452512222,193.41
2026-03-23 06:45:00+01:00,186.64110516038056,192.01
2026-03-23 07:00:00+01:00,204.51515125184153,230.64
2026-03-23 07:15:00+01:00,216.1200327034566,190.09
2026-03-23 07:30:00+01:00,181.8940580383817,181.57
2026-03-23 07:45:00+01:00,130.8106262222597,142.44
2026-03-23 08:00:00+01:00,206.50902509126576,199.99
2026-03-23 08:15:00+01:00,170.15104722631986,159.77
2026-03-23 08:30:00+01:00,124.89339479377392,129.03
2026-03-23 08:45:00+01:00,101.80136086148003,101.63
2026-03-23 09:00:00+01:00,133.31136481686255,135.21
2026-03-23 09:15:00+01:00,98.60600638787,104.91
2026-03-23 09:30:00+01:00,86.11659482553488,109.55
2026-03-23 09:45:00+01:00,72.4594683151886,82.33
2026-03-23 10:00:00+01:00,101.33346201828621,107.37
2026-03-23 10:15:00+01:00,69.509886831318,85.3
2026-03-23 10:30:00+01:00,57.19396271826006,76.58
2026-03-23 10:45:00+01:00,65.51235300766655,56.48
2026-03-23 11:00:00+01:00,62.335707359275766,67.13
2026-03-23 11:15:00+01:00,58.023155654214555,50.55
2026-03-23 11:30:00+01:00,39.76540048948808,38.56
2026-03-23 11:45:00+01:00,31.50276905883036,36.09
2026-03-23 12:00:00+01:00,34.589048500516306,37.61
2026-03-23 12:15:00+01:00,26.773564696939516,44.32
2026-03-23 12:30:00+01:00,30.381774401911805,51.37
2026-03-23 12:45:00+01:00,33.638694208407934,63.72
2026-03-23 13:00:00+01:00,28.617228468653863,56.68
2026-03-23 13:15:00+01:00,33.854280910047486,68.8
2026-03-23 13:30:00+01:00,46.820868896704255,83.18
2026-03-23 13:45:00+01:00,64.54287395328838,90.84
2026-03-23 14:00:00+01:00,42.06206449531673,82.5
2026-03-23 14:15:00+01:00,73.07609192167905,90.46
2026-03-23 14:30:00+01:00,83.67464906155809,99.74
2026-03-23 14:45:00+01:00,96.3463875955636,107.22
2026-03-23 15:00:00+01:00,77.79702899231587,93.1
2026-03-23 15:15:00+01:00,91.0649099544657,107.16
2026-03-23 15:30:00+01:00,107.73471550071235,118.55
2026-03-23 15:45:00+01:00,131.26904558091513,139.0
2026-03-23 16:00:00+01:00,99.0560500734021,102.21
2026-03-23 16:15:00+01:00,124.98969322625629,132.0
2026-03-23 16:30:00+01:00,136.57810577580562,149.31
2026-03-23 16:45:00+01:00,165.3593147195832,170.65
2026-03-23 17:00:00+01:00,121.91092267049284,132.0
2026-03-23 17:15:00+01:00,149.38264131574994,168.68
2026-03-23 17:30:00+01:00,188.11225854177195,195.8
2026-03-23 17:45:00+01:00,228.60506938956473,266.62
2026-03-23 18:00:00+01:00,195.36135850287926,195.99
2026-03-23 18:15:00+01:00,215.9508536783889,260.66
2026-03-23 18:30:00+01:00,230.79567992085322,285.19
2026-03-23 18:45:00+01:00,218.60906326704026,310.2
2026-03-23 19:00:00+01:00,235.56915376789948,267.95
2026-03-23 19:15:00+01:00,196.8819930466952,244.97
2026-03-23 19:30:00+01:00,181.0788212895635,235.92
2026-03-23 19:45:00+01:00,171.16819412379104,217.4
2026-03-23 20:00:00+01:00,188.41035031192712,246.6
2026-03-23 20:15:00+01:00,168.27495255720711,216.74
2026-03-23 20:30:00+01:00,156.9364155840167,187.91
2026-03-23 20:45:00+01:00,143.6778326288784,175.1
2026-03-23 21:00:00+01:00,158.28310169340767,219.55
2026-03-23 21:15:00+01:00,154.02341369297466,182.48
2026-03-23 21:30:00+01:00,146.70706461077884,158.96
2026-03-23 21:45:00+01:00,132.25267677184215,148.29
2026-03-23 22:00:00+01:00,142.1298679579407,169.0
2026-03-23 22:15:00+01:00,139.78228241565068,154.24
2026-03-23 22:30:00+01:00,138.21918097013906,151.99
2026-03-23 22:45:00+01:00,128.1245350997983,147.73
2026-03-23 23:00:00+01:00,138.97150025866497,152.95
2026-03-23 23:15:00+01:00,133.33591760909673,144.17
2026-03-23 23:30:00+01:00,130.59034981380717,138.15
2026-03-23 23:45:00+01:00,124.9252602128478,126.53
2026-03-24 00:00:00+01:00,127.40320070993573,149.0
2026-03-24 00:15:00+01:00,114.67362682830236,145.68
2026-03-24 00:30:00+01:00,114.93227285244974,136.56
2026-03-24 00:45:00+01:00,109.13747180183958,133.01
2026-03-24 01:00:00+01:00,112.54984735025525,139.06
2026-03-24 01:15:00+01:00,110.00193136715835,130.12
2026-03-24 01:30:00+01:00,106.25372121241516,116.53
2026-03-24 01:45:00+01:00,103.95196341488405,111.56
2026-03-24 02:00:00+01:00,110.7418178966779,119.26
2026-03-24 02:15:00+01:00,107.22991935264969,111.57
2026-03-24 02:30:00+01:00,104.73098625888012,106.22
2026-03-24 02:45:00+01:00,102.01538302901602,102.94
2026-03-24 03:00:00+01:00,107.59842838901403,107.08
2026-03-24 03:15:00+01:00,103.68868852049162,101.54
2026-03-24 03:30:00+01:00,106.09988779338643,99.36
2026-03-24 03:45:00+01:00,104.44639623530338,98.58
2026-03-24 04:00:00+01:00,104.17873137240139,100.46
2026-03-24 04:15:00+01:00,104.44191825761084,99.17
2026-03-24 04:30:00+01:00,104.98866425129235,101.56
2026-03-24 04:45:00+01:00,107.98137004079082,100.31
2026-03-24 05:00:00+01:00,101.65540570618492,98.22
2026-03-24 05:15:00+01:00,103.34599093139458,97.0
2026-03-24 05:30:00+01:00,110.96663267493484,99.03
2026-03-24 05:45:00+01:00,93.46891566167872,109.64
2026-03-24 06:00:00+01:00,109.85903778009842,107.08
2026-03-24 06:15:00+01:00,105.86177925591086,111.3
2026-03-24 06:30:00+01:00,120.38997492266398,113.57
2026-03-24 06:45:00+01:00,119.3875073866843,111.32
2026-03-24 07:00:00+01:00,128.82993544022915,134.1
2026-03-24 07:15:00+01:00,120.7487896414339,120.44
2026-03-24 07:30:00+01:00,114.40852354376631,106.58
2026-03-24 07:45:00+01:00,94.89060909458202,91.07
2026-03-24 08:00:00+01:00,129.93952466001883,132.08
2026-03-24 08:15:00+01:00,97.68911641745679,103.46
2026-03-24 08:30:00+01:00,92.78601376879952,89.9
2026-03-24 08:45:00+01:00,75.43215264220055,64.39
2026-03-24 09:00:00+01:00,87.82368279245401,99.55
2026-03-24 09:15:00+01:00,75.50112939398939,80.22
2026-03-24 09:30:00+01:00,75.6379504001253,64.72
2026-03-24 09:45:00+01:00,51.25149939313213,39.13
2026-03-24 10:00:00+01:00,76.53923425827996,57.64
2026-03-24 10:15:00+01:00,52.49210203403264,23.32
2026-03-24 10:30:00+01:00,23.675844294678242,10.04
2026-03-24 10:45:00+01:00,24.72171489648089,3.91
2026-03-24 11:00:00+01:00,39.63229387907477,4.5
2026-03-24 11:15:00+01:00,32.641305854013865,0.3
2026-03-24 11:30:00+01:00,31.20930768052908,-0.01
2026-03-24 11:45:00+01:00,21.588297789514016,-0.01
2026-03-24 12:00:00+01:00,25.93486236236494,0.0
2026-03-24 12:15:00+01:00,11.509411815679513,-0.01
2026-03-24 12:30:00+01:00,9.336371116012913,-0.01
2026-03-24 12:45:00+01:00,9.602485898196448,-0.02
2026-03-24 13:00:00+01:00,18.692895540833547,-0.04
2026-03-24 13:15:00+01:00,14.787520374381074,-0.02
2026-03-24 13:30:00+01:00,15.671932627833726,-0.01
2026-03-24 13:45:00+01:00,19.384199120123057,-0.01
2026-03-24 14:00:00+01:00,21.311048625766375,-0.02
2026-03-24 14:15:00+01:00,8.407105811512082,-0.01
2026-03-24 14:30:00+01:00,41.78191874968184,0.0
2026-03-24 14:45:00+01:00,60.38179274230552,0.02
2026-03-24 15:00:00+01:00,35.25507850543894,1.04
2026-03-24 15:15:00+01:00,53.1369626309751,7.77
2026-03-24 15:30:00+01:00,84.91987977590213,14.97
2026-03-24 15:45:00+01:00,96.08870580912077,56.21
2026-03-24 16:00:00+01:00,78.06406785405073,33.93
2026-03-24 16:15:00+01:00,96.2026816444092,66.79
2026-03-24 16:30:00+01:00,115.8173429682048,101.01
2026-03-24 16:45:00+01:00,132.48745472051627,108.0
2026-03-24 17:00:00+01:00,104.8156800884114,91.31
2026-03-24 17:15:00+01:00,131.70911514742335,101.01
2026-03-24 17:30:00+01:00,137.2054109044833,118.7
2026-03-24 17:45:00+01:00,156.87286756392814,140.34
2026-03-24 18:00:00+01:00,134.53340609420493,130.0
2026-03-24 18:15:00+01:00,153.9819235081208,141.0
2026-03-24 18:30:00+01:00,170.41057122595157,131.36
2026-03-24 18:45:00+01:00,156.9548752819012,141.01
2026-03-24 19:00:00+01:00,159.22975859081805,147.99
2026-03-24 19:15:00+01:00,152.643081802984,131.68
2026-03-24 19:30:00+01:00,149.12065547218586,139.6
2026-03-24 19:45:00+01:00,138.4496228177052,132.7
2026-03-24 20:00:00+01:00,143.03096461625998,129.08
2026-03-24 20:15:00+01:00,126.96642457228465,106.47
2026-03-24 20:30:00+01:00,115.60001985732241,90.82
2026-03-24 20:45:00+01:00,102.3600936729259,78.03
2026-03-24 21:00:00+01:00,118.89317028683533,91.98
2026-03-24 21:15:00+01:00,102.30557293357073,86.04
2026-03-24 21:30:00+01:00,96.14407574525849,68.61
2026-03-24 21:45:00+01:00,85.15232651097563,51.36
2026-03-24 22:00:00+01:00,107.66417746846597,86.66
2026-03-24 22:15:00+01:00,96.21398254938387,78.15
2026-03-24 22:30:00+01:00,89.7711806503123,64.34
2026-03-24 22:45:00+01:00,79.08472914278936,35.26
2026-03-24 23:00:00+01:00,103.41129976083913,45.54
2026-03-24 23:15:00+01:00,76.87651011459491,17.51
2026-03-24 23:30:00+01:00,74.40497473364914,16.59
2026-03-24 23:45:00+01:00,58.932156176214995,8.75
2026-03-25 00:00:00+01:00,61.4229355462712,3.0
2026-03-25 00:15:00+01:00,52.4010309724387,2.4
2026-03-25 00:30:00+01:00,42.36958049650657,1.78
2026-03-25 00:45:00+01:00,43.46694261986651,0.06
2026-03-25 01:00:00+01:00,48.56223018001017,1.36
2026-03-25 01:15:00+01:00,45.70648391942247,0.1
2026-03-25 01:30:00+01:00,45.69562422362044,0.01
2026-03-25 01:45:00+01:00,45.50606550118641,0.0
2026-03-25 02:00:00+01:00,45.76725151958585,0.0
2026-03-25 02:15:00+01:00,42.13014044607528,0.0
2026-03-25 02:30:00+01:00,45.21508700274266,0.0
2026-03-25 02:45:00+01:00,43.049792383531525,-0.01
2026-03-25 03:00:00+01:00,41.6811250464475,-0.01
2026-03-25 03:15:00+01:00,44.27552471026366,-0.01
2026-03-25 03:30:00+01:00,45.0213875932531,-0.01
2026-03-25 03:45:00+01:00,50.10753517000605,-0.01
2026-03-25 04:00:00+01:00,44.9867295748402,-0.01
2026-03-25 04:15:00+01:00,45.98118227625495,-0.01
2026-03-25 04:30:00+01:00,51.10910962729537,0.0
2026-03-25 04:45:00+01:00,54.202357250047626,0.0
2026-03-25 05:00:00+01:00,51.544035187344896,0.0
2026-03-25 05:15:00+01:00,50.49029630332125,0.0
2026-03-25 05:30:00+01:00,53.33852174380225,0.1
2026-03-25 05:45:00+01:00,69.72575533336662,1.36
2026-03-25 06:00:00+01:00,42.53841718430134,2.45
2026-03-25 06:15:00+01:00,69.74694450580256,2.81
2026-03-25 06:30:00+01:00,88.63666359984373,4.8
2026-03-25 06:45:00+01:00,105.43323505132585,4.51
2026-03-25 07:00:00+01:00,96.2133440582997,11.87
2026-03-25 07:15:00+01:00,105.13333342134794,10.0
2026-03-25 07:30:00+01:00,96.87261929665372,9.61
2026-03-25 07:45:00+01:00,86.55666647080912,4.13
2026-03-25 08:00:00+01:00,112.40910051745907,3.61
2026-03-25 08:15:00+01:00,83.92204797956236,0.02
2026-03-25 08:30:00+01:00,76.0584799474473,0.0
2026-03-25 08:45:00+01:00,61.4622263791236,0.0
2026-03-25 09:00:00+01:00,80.09786536426162,0.0
2026-03-25 09:15:00+01:00,61.94073487351282,-0.01
2026-03-25 09:30:00+01:00,51.5322795987948,-0.04
2026-03-25 09:45:00+01:00,36.736010988150184,-0.07
2026-03-25 10:00:00+01:00,51.51316154065883,-0.01
2026-03-25 10:15:00+01:00,32.859064162456335,-0.02
2026-03-25 10:30:00+01:00,17.136482798373635,-0.04
2026-03-25 10:45:00+01:00,13.388152820801963,-0.04
2026-03-25 11:00:00+01:00,8.915966024384545,-0.01
2026-03-25 11:15:00+01:00,26.22288158199413,-0.01
2026-03-25 11:30:00+01:00,18.71954684317592,-0.01
2026-03-25 11:45:00+01:00,10.736551097665924,-0.01
2026-03-25 12:00:00+01:00,21.350956935806877,-0.01
2026-03-25 12:15:00+01:00,14.405018741586844,-0.01
2026-03-25 12:30:00+01:00,10.071260269393946,-0.01
2026-03-25 12:45:00+01:00,9.248483604954146,-0.01
2026-03-25 13:00:00+01:00,8.865342638563234,-0.01
2026-03-25 13:15:00+01:00,17.860602576008617,-0.01
2026-03-25 13:30:00+01:00,17.150841265707342,-0.01
2026-03-25 13:45:00+01:00,18.71081005875321,-0.01
2026-03-25 14:00:00+01:00,28.31985526961693,-0.01
2026-03-25 14:15:00+01:00,23.701271333779502,0.0
2026-03-25 14:30:00+01:00,30.193920023115027,0.0
2026-03-25 14:45:00+01:00,30.59160274077992,0.04
2026-03-25 15:00:00+01:00,26.87664410843493,0.1
2026-03-25 15:15:00+01:00,31.498629626568103,3.18
2026-03-25 15:30:00+01:00,44.5208101865101,5.75
2026-03-25 15:45:00+01:00,75.93563150106849,10.07
2026-03-25 16:00:00+01:00,49.06490577198987,10.07
2026-03-25 16:15:00+01:00,73.82178720172564,20.08
2026-03-25 16:30:00+01:00,97.04172296282935,50.02
2026-03-25 16:45:00+01:00,113.29523742516284,87.44
2026-03-25 17:00:00+01:00,95.7559157343539,71.41
2026-03-25 17:15:00+01:00,116.4245037661724,92.94
2026-03-25 17:30:00+01:00,128.32104595434055,108.41
2026-03-25 17:45:00+01:00,145.078689363066,122.59
2026-03-25 18:00:00+01:00,129.31754959567402,110.82
2026-03-25 18:15:00+01:00,145.6651498178817,115.81
2026-03-25 18:30:00+01:00,144.43308885545486,142.62
2026-03-25 18:45:00+01:00,165.10397231190768,170.07
2026-03-25 19:00:00+01:00,152.75723718639549,175.34
2026-03-25 19:15:00+01:00,145.9904594819908,167.29
2026-03-25 19:30:00+01:00,145.5974861926007,153.72
2026-03-25 19:45:00+01:00,134.63242834160158,151.35
2026-03-25 20:00:00+01:00,140.3454136576371,152.67
2026-03-25 20:15:00+01:00,122.33400145933233,142.92
2026-03-25 20:30:00+01:00,102.78503527955695,127.72
2026-03-25 20:45:00+01:00,91.49463687556361,116.32
2026-03-25 21:00:00+01:00,110.22459813925298,122.58
2026-03-25 21:15:00+01:00,104.16334380094055,120.02
2026-03-25 21:30:00+01:00,87.0124039119079,112.23
2026-03-25 21:45:00+01:00,78.89261895611354,103.01
2026-03-25 22:00:00+01:00,101.34894029721511,112.03
2026-03-25 22:15:00+01:00,94.01256696888332,110.89
2026-03-25 22:30:00+01:00,89.59898520700082,110.17
2026-03-25 22:45:00+01:00,72.07347280146263,99.31
2026-03-25 23:00:00+01:00,77.27995001698235,102.92
2026-03-25 23:15:00+01:00,75.27446104795399,88.67
2026-03-25 23:30:00+01:00,70.62188895964775,87.65
2026-03-25 23:45:00+01:00,52.23764875459926,75.97
2026-03-26 00:00:00+01:00,87.6863333709141,106.8
2026-03-26 00:15:00+01:00,87.52933506550696,101.25
2026-03-26 00:30:00+01:00,77.34377459349045,96.99
2026-03-26 00:45:00+01:00,63.84867021277358,93.51
2026-03-26 01:00:00+01:00,75.64835336744949,99.66
2026-03-26 01:15:00+01:00,67.34239291851819,96.53
2026-03-26 01:30:00+01:00,63.39139455799185,92.88
2026-03-26 01:45:00+01:00,58.74754771455568,91.22
2026-03-26 02:00:00+01:00,67.79435844566311,92.75
2026-03-26 02:15:00+01:00,64.50654723851166,90.57
2026-03-26 02:30:00+01:00,60.6750617580774,90.96
2026-03-26 02:45:00+01:00,57.97091138082878,92.14
2026-03-26 03:00:00+01:00,62.62242781806248,94.14
2026-03-26 03:15:00+01:00,63.66521988917252,91.67
2026-03-26 03:30:00+01:00,60.36746117200362,97.25
2026-03-26 03:45:00+01:00,57.34289322990803,96.42
2026-03-26 04:00:00+01:00,55.28971890713221,95.49
2026-03-26 04:15:00+01:00,55.7786645990861,96.66
2026-03-26 04:30:00+01:00,57.058322623707426,97.76
2026-03-26 04:45:00+01:00,63.60558115537552,100.4
2026-03-26 05:00:00+01:00,58.53620599815194,98.0
2026-03-26 05:15:00+01:00,57.61988044206934,97.47
2026-03-26 05:30:00+01:00,62.8949476719809,110.21
2026-03-26 05:45:00+01:00,78.45319594654792,115.39
2026-03-26 06:00:00+01:00,57.460593985965396,103.93
2026-03-26 06:15:00+01:00,80.54584774109856,122.7
2026-03-26 06:30:00+01:00,97.88123851056123,127.58
2026-03-26 06:45:00+01:00,90.28309546735898,126.91
2026-03-26 07:00:00+01:00,115.55544473457743,145.31
2026-03-26 07:15:00+01:00,103.1391038863608,148.09
2026-03-26 07:30:00+01:00,79.93406572539345,133.93
2026-03-26 07:45:00+01:00,79.6366954854712,122.05
2026-03-26 08:00:00+01:00,106.8523696970086,151.2
2026-03-26 08:15:00+01:00,76.1665990709121,139.45
2026-03-26 08:30:00+01:00,69.21353450534505,116.64
2026-03-26 08:45:00+01:00,54.60123574206374,95.87
2026-03-26 09:00:00+01:00,74.24368785248424,112.05
2026-03-26 09:15:00+01:00,66.90398118591314,89.31
2026-03-26 09:30:00+01:00,55.59011546070166,77.75
2026-03-26 09:45:00+01:00,25.972591909423855,70.55
2026-03-26 10:00:00+01:00,52.106608568333634,79.08
2026-03-26 10:15:00+01:00,22.042994690264038,49.56
2026-03-26 10:30:00+01:00,5.291542759855702,23.78
2026-03-26 10:45:00+01:00,4.9015353537719335,14.99
2026-03-26 11:00:00+01:00,2.819806314082271,20.07
2026-03-26 11:15:00+01:00,-0.046065984843835395,15.0
2026-03-26 11:30:00+01:00,2.486659761002869,10.06
2026-03-26 11:45:00+01:00,2.86720706608169,9.83
2026-03-26 12:00:00+01:00,1.5188227440599036,6.62
2026-03-26 12:15:00+01:00,0.056007826327672205,4.62
2026-03-26 12:30:00+01:00,1.6160953388380932,1.09
2026-03-26 12:45:00+01:00,-2.4914944205671077,0.15
2026-03-26 13:00:00+01:00,3.7855326818611417,1.12
2026-03-26 13:15:00+01:00,2.91062401630397,0.2
2026-03-26 13:30:00+01:00,2.486946793357234,0.14
2026-03-26 13:45:00+01:00,-0.5620183253273865,1.06
2026-03-26 14:00:00+01:00,-1.595419191125714,0.22
2026-03-26 14:15:00+01:00,1.3981694609654909,2.51
2026-03-26 14:30:00+01:00,4.828680056502108,8.79
2026-03-26 14:45:00+01:00,5.354014799147393,12.09
2026-03-26 15:00:00+01:00,5.799569850376216,10.0
2026-03-26 15:15:00+01:00,12.637580829107222,20.07
2026-03-26 15:30:00+01:00,36.3726839462046,40.02
2026-03-26 15:45:00+01:00,61.829406478999985,79.65
2026-03-26 16:00:00+01:00,47.23543342769005,38.68
2026-03-26 16:15:00+01:00,70.97612929532914,73.68
2026-03-26 16:30:00+01:00,95.59980379753341,80.07
2026-03-26 16:45:00+01:00,107.55906179506613,110.84
2026-03-26 17:00:00+01:00,92.62270948607559,76.86
2026-03-26 17:15:00+01:00,106.1351718519596,109.09
2026-03-26 17:30:00+01:00,114.20819829317008,128.18
2026-03-26 17:45:00+01:00,132.05394717773717,149.56
2026-03-26 18:00:00+01:00,116.87635347058624,131.44
2026-03-26 18:15:00+01:00,123.06467598117388,147.25
2026-03-26 18:30:00+01:00,139.0152215568791,160.79
2026-03-26 18:45:00+01:00,156.10382452663694,182.19
2026-03-26 19:00:00+01:00,141.92865473773603,164.47
2026-03-26 19:15:00+01:00,144.6048085547043,168.01
2026-03-26 19:30:00+01:00,138.11133298217524,169.7
2026-03-26 19:45:00+01:00,139.49318214863092,166.7
2026-03-26 20:00:00+01:00,137.36656991244192,171.0
2026-03-26 20:15:00+01:00,115.92147646209422,155.66
2026-03-26 20:30:00+01:00,106.54100440584922,147.76
2026-03-26 20:45:00+01:00,113.6270739441288,140.56
2026-03-26 21:00:00+01:00,111.91080208927661,146.93
2026-03-26 21:15:00+01:00,108.22202861954017,132.95
2026-03-26 21:30:00+01:00,110.55780902662298,123.82
2026-03-26 21:45:00+01:00,112.78577253978085,118.32
2026-03-26 22:00:00+01:00,112.91689697982991,131.07
2026-03-26 22:15:00+01:00,115.40749986613201,121.51
2026-03-26 22:30:00+01:00,115.52898731452517,124.14
2026-03-26 22:45:00+01:00,104.43489323063969,120.77
2026-03-26 23:00:00+01:00,112.51782204827057,123.77
2026-03-26 23:15:00+01:00,99.20551458629399,114.06
2026-03-26 23:30:00+01:00,94.83624326679987,115.94
2026-03-26 23:45:00+01:00,88.70951613165288,106.33
2026-03-27 00:00:00+01:00,126.8827591057686,124.51
2026-03-27 00:15:00+01:00,119.69813838599373,120.29
2026-03-27 00:30:00+01:00,108.44441426284976,117.14
2026-03-27 00:45:00+01:00,104.19577419154798,115.63
2026-03-27 01:00:00+01:00,114.48253898031435,122.15
2026-03-27 01:15:00+01:00,107.38642793389413,119.4
2026-03-27 01:30:00+01:00,109.87843998263502,119.33
2026-03-27 01:45:00+01:00,108.01754878067285,117.12
2026-03-27 02:00:00+01:00,107.3443505077569,120.92
2026-03-27 02:15:00+01:00,104.70316641761343,118.14
2026-03-27 02:30:00+01:00,107.94077960258593,115.3
2026-03-27 02:45:00+01:00,108.25480929608378,115.01
2026-03-27 03:00:00+01:00,107.6297714772583,116.5
2026-03-27 03:15:00+01:00,105.87181756557466,119.49
2026-03-27 03:30:00+01:00,110.36466083783728,117.0
2026-03-27 03:45:00+01:00,109.59179812950448,118.34
2026-03-27 04:00:00+01:00,110.21961944254298,117.67
2026-03-27 04:15:00+01:00,111.57377219398664,118.73
2026-03-27 04:30:00+01:00,111.92039462160423,120.93
2026-03-27 04:45:00+01:00,117.80134785299457,123.66
2026-03-27 05:00:00+01:00,111.64736561576721,119.8
2026-03-27 05:15:00+01:00,116.54681455243389,129.0
2026-03-27 05:30:00+01:00,130.75253214859868,143.99
2026-03-27 05:45:00+01:00,148.1679983262409,153.06
2026-03-27 06:00:00+01:00,131.08624603115982,152.2
2026-03-27 06:15:00+01:00,140.62823230070563,168.99
2026-03-27 06:30:00+01:00,157.60922733731735,179.1
2026-03-27 06:45:00+01:00,174.96457922276016,190.23
2026-03-27 07:00:00+01:00,197.72492250291003,203.74
2026-03-27 07:15:00+01:00,165.42745659330882,191.36
2026-03-27 07:30:00+01:00,159.99108972187955,170.92
2026-03-27 07:45:00+01:00,141.22058839760695,139.56
2026-03-27 08:00:00+01:00,177.30334974322088,194.19
2026-03-27 08:15:00+01:00,137.50206161897034,151.4
2026-03-27 08:30:00+01:00,136.91288542105755,136.77
2026-03-27 08:45:00+01:00,103.28746990055713,107.87
2026-03-27 09:00:00+01:00,153.1261761964679,136.41
2026-03-27 09:15:00+01:00,121.22930027682335,122.21
2026-03-27 09:30:00+01:00,103.15871676358084,109.38
2026-03-27 09:45:00+01:00,97.64971576535025,88.01
2026-03-27 10:00:00+01:00,113.19434865064254,101.21
2026-03-27 10:15:00+01:00,99.17231311261752,90.13
2026-03-27 10:30:00+01:00,85.6490814422101,86.53
2026-03-27 10:45:00+01:00,77.03672148123088,71.17
2026-03-27 11:00:00+01:00,84.28470706994459,85.31
2026-03-27 11:15:00+01:00,75.00948950065305,77.93
2026-03-27 11:30:00+01:00,61.92380005509612,68.83
2026-03-27 11:45:00+01:00,54.623441736108454,59.17
2026-03-27 12:00:00+01:00,72.28036259535298,70.74
2026-03-27 12:15:00+01:00,59.72930392918775,64.99
2026-03-27 12:30:00+01:00,54.47122721268654,61.01
2026-03-27 12:45:00+01:00,46.98227624578471,56.54
2026-03-27 13:00:00+01:00,54.32807977500764,61.21
2026-03-27 13:15:00+01:00,50.269027651482475,59.19
2026-03-27 13:30:00+01:00,42.8372709299506,57.9
2026-03-27 13:45:00+01:00,41.3172905609009,60.1
2026-03-27 14:00:00+01:00,43.20560120635991,58.27
2026-03-27 14:15:00+01:00,43.21985861943963,67.62
2026-03-27 14:30:00+01:00,62.783165381620606,82.3
2026-03-27 14:45:00+01:00,82.32921898109058,88.11
2026-03-27 15:00:00+01:00,53.448669687458704,78.83
2026-03-27 15:15:00+01:00,81.33703286641993,91.99
2026-03-27 15:30:00+01:00,92.5212555305049,95.32
2026-03-27 15:45:00+01:00,130.0833904637479,103.15
2026-03-27 16:00:00+01:00,81.28794781726191,90.64
2026-03-27 16:15:00+01:00,106.8518485267273,100.02
2026-03-27 16:30:00+01:00,126.34282887634967,100.98
2026-03-27 16:45:00+01:00,150.67002332208938,120.69
2026-03-27 17:00:00+01:00,118.83629508602554,105.61
2026-03-27 17:15:00+01:00,130.50964882197104,130.77
2026-03-27 17:30:00+01:00,165.02127536914,146.59
2026-03-27 17:45:00+01:00,185.45867450705663,173.23
2026-03-27 18:00:00+01:00,163.14126150529628,145.81
2026-03-27 18:15:00+01:00,177.74941595321388,159.0
2026-03-27 18:30:00+01:00,221.1117425176411,163.46
2026-03-27 18:45:00+01:00,211.60028866188028,167.46
2026-03-27 19:00:00+01:00,207.1315503411023,192.98
2026-03-27 19:15:00+01:00,210.3617849466001,177.61
2026-03-27 19:30:00+01:00,171.79683021102727,158.25
2026-03-27 19:45:00+01:00,160.25127218554564,144.14
2026-03-27 20:00:00+01:00,178.57486441123174,174.9
2026-03-27 20:15:00+01:00,162.33792783406727,150.14
2026-03-27 20:30:00+01:00,137.99393392969978,127.52
2026-03-27 20:45:00+01:00,139.85845801280487,119.0
2026-03-27 21:00:00+01:00,146.59330043676803,124.13
2026-03-27 21:15:00+01:00,142.09959926839994,122.5
2026-03-27 21:30:00+01:00,133.036492001966,119.78
2026-03-27 21:45:00+01:00,126.10803801889035,109.57
2026-03-27 22:00:00+01:00,135.87576124052325,123.1
2026-03-27 22:15:00+01:00,132.2938438550745,117.9
2026-03-27 22:30:00+01:00,121.29381051643031,117.59
2026-03-27 22:45:00+01:00,107.90256709073019,108.05
2026-03-27 23:00:00+01:00,115.18670424994941,113.65
2026-03-27 23:15:00+01:00,102.55562153343043,106.89
2026-03-27 23:30:00+01:00,95.3094456337023,105.25
2026-03-27 23:45:00+01:00,86.40711663144806,98.26
2026-03-28 00:00:00+01:00,117.04376315559708,97.61
2026-03-28 00:15:00+01:00,111.36340703311089,99.04
2026-03-28 00:30:00+01:00,105.31936611934667,94.25
2026-03-28 00:45:00+01:00,96.2703051999539,89.64
2026-03-28 01:00:00+01:00,107.68873437455576,96.0
2026-03-28 01:15:00+01:00,100.87252943397874,93.3
2026-03-28 01:30:00+01:00,102.13480598883629,91.64
2026-03-28 01:45:00+01:00,99.59467316343753,89.72
2026-03-28 02:00:00+01:00,100.36930528615031,92.09
2026-03-28 02:15:00+01:00,100.34272524754736,89.74
2026-03-28 02:30:00+01:00,100.72796167089668,88.6
2026-03-28 02:45:00+01:00,99.53191206235266,87.76
2026-03-28 03:00:00+01:00,99.9945006089475,87.56
2026-03-28 03:15:00+01:00,99.39289482183392,87.43
2026-03-28 03:30:00+01:00,98.64630290247668,87.11
2026-03-28 03:45:00+01:00,102.01675656781094,86.95
2026-03-28 04:00:00+01:00,104.86864139872159,87.53
2026-03-28 04:15:00+01:00,102.82199653078709,87.94
2026-03-28 04:30:00+01:00,101.90825267610224,88.18
2026-03-28 04:45:00+01:00,99.6717514480299,88.82
2026-03-28 05:00:00+01:00,101.8805187278609,88.53
2026-03-28 05:15:00+01:00,98.0369677855536,89.95
2026-03-28 05:30:00+01:00,106.08085408430492,92.85
2026-03-28 05:45:00+01:00,113.66296013012024,95.12
2026-03-28 06:00:00+01:00,108.33539042226715,91.02
2026-03-28 06:15:00+01:00,113.29944770327387,90.74
2026-03-28 06:30:00+01:00,103.68555621800286,87.99
2026-03-28 06:45:00+01:00,107.1241645910184,81.93
2026-03-28 07:00:00+01:00,118.33975398001657,89.16
2026-03-28 07:15:00+01:00,131.22790397165522,80.24
2026-03-28 07:30:00+01:00,117.99271587725664,79.12
2026-03-28 07:45:00+01:00,98.49588028995831,68.22
2026-03-28 08:00:00+01:00,111.86332903375704,80.69
2026-03-28 08:15:00+01:00,101.3088494482881,75.52
2026-03-28 08:30:00+01:00,100.33026262534115,67.46
2026-03-28 08:45:00+01:00,100.36285230090422,49.53
2026-03-28 09:00:00+01:00,100.04034664290091,76.16
2026-03-28 09:15:00+01:00,102.7742890812514,49.19
2026-03-28 09:30:00+01:00,106.49742713827028,40.89
2026-03-28 09:45:00+01:00,91.84302649891647,13.39
2026-03-28 10:00:00+01:00,107.55944050901601,36.94
2026-03-28 10:15:00+01:00,91.0999283350366,16.79
2026-03-28 10:30:00+01:00,86.148514077811,9.9
2026-03-28 10:45:00+01:00,73.43320672513549,6.7
2026-03-28 11:00:00+01:00,88.06926410105534,9.05
2026-03-28 11:15:00+01:00,77.7654118259322,8.04
2026-03-28 11:30:00+01:00,63.74591013292201,7.13
2026-03-28 11:45:00+01:00,54.718429819884506,6.35
2026-03-28 12:00:00+01:00,73.45852841204828,7.0
2026-03-28 12:15:00+01:00,66.71211220502353,4.92
2026-03-28 12:30:00+01:00,51.21678570319875,6.43
2026-03-28 12:45:00+01:00,52.44278128662699,8.43
2026-03-28 13:00:00+01:00,52.43045146424623,6.4
2026-03-28 13:15:00+01:00,55.94061512603775,6.7
2026-03-28 13:30:00+01:00,54.05966670917405,8.52
2026-03-28 13:45:00+01:00,66.3272197964771,9.77
2026-03-28 14:00:00+01:00,58.055332764856246,7.97
2026-03-28 14:15:00+01:00,66.83712771514193,10.0
2026-03-28 14:30:00+01:00,82.55305176990166,25.04
2026-03-28 14:45:00+01:00,80.13821549876216,38.89
2026-03-28 15:00:00+01:00,72.08893706974936,24.04
2026-03-28 15:15:00+01:00,63.119001490009964,45.0
2026-03-28 15:30:00+01:00,83.82181175143313,63.58
2026-03-28 15:45:00+01:00,100.43491048613609,84.35
2026-03-28 16:00:00+01:00,77.18506534815108,60.35
2026-03-28 16:15:00+01:00,91.30412791375421,74.12
2026-03-28 16:30:00+01:00,119.44473738742889,88.4
2026-03-28 16:45:00+01:00,137.02001413169668,101.34
2026-03-28 17:00:00+01:00,113.14726955381772,89.44
2026-03-28 17:15:00+01:00,131.41413404662887,99.89
2026-03-28 17:30:00+01:00,149.6176828975914,122.31
2026-03-28 17:45:00+01:00,152.34199800166107,129.72
2026-03-28 18:00:00+01:00,145.62584552164995,124.42
2026-03-28 18:15:00+01:00,152.98464939911756,134.6
2026-03-28 18:30:00+01:00,163.01582048130024,141.35
2026-03-28 18:45:00+01:00,174.24925397716754,155.33
2026-03-28 19:00:00+01:00,165.20080811704364,158.0
2026-03-28 19:15:00+01:00,172.06740391685946,156.34
2026-03-28 19:30:00+01:00,161.07426770649022,154.96
2026-03-28 19:45:00+01:00,156.95728655079188,146.98
2026-03-28 20:00:00+01:00,170.99276843296244,161.79
2026-03-28 20:15:00+01:00,158.15867425228504,148.9
2026-03-28 20:30:00+01:00,143.64218564835335,137.35
2026-03-28 20:45:00+01:00,138.67163655508506,127.77
2026-03-28 21:00:00+01:00,135.20849566076737,141.14
2026-03-28 21:15:00+01:00,130.89571156296645,132.19
2026-03-28 21:30:00+01:00,136.99369462049108,128.26
2026-03-28 21:45:00+01:00,121.21348452531322,124.79
2026-03-28 22:00:00+01:00,138.88569287642883,127.51
2026-03-28 22:15:00+01:00,123.8568356200087,126.87
2026-03-28 22:30:00+01:00,123.26728405821484,126.01
2026-03-28 22:45:00+01:00,121.64258082209619,120.93
2026-03-28 23:00:00+01:00,125.73987482525897,130.0
2026-03-28 23:15:00+01:00,113.94576099734142,118.05
2026-03-28 23:30:00+01:00,111.97427314356545,120.92
2026-03-28 23:45:00+01:00,107.80347206722752,109.35
2026-03-29 00:00:00+01:00,115.17196933098289,125.88
2026-03-29 00:15:00+01:00,107.4361531318095,120.23
2026-03-29 00:30:00+01:00,104.08035287330688,108.28
2026-03-29 00:45:00+01:00,102.12861000640466,103.85
2026-03-29 01:00:00+01:00,106.89533372069073,112.05
2026-03-29 01:15:00+01:00,103.30439196751647,107.51
2026-03-29 01:30:00+01:00,103.52242049245486,107.01
2026-03-29 01:45:00+01:00,100.94322301422584,104.22
2026-03-29 03:00:00+02:00,103.42247219189733,104.1356
2026-03-29 03:15:00+02:00,102.19913409080709,104.0512
2026-03-29 03:30:00+02:00,101.98716659378773,103.9668
2026-03-29 03:45:00+02:00,98.02272793185347,103.8824
2026-03-29 04:00:00+02:00,100.87092429238794,103.798
2026-03-29 04:15:00+02:00,101.08626123327866,103.376
2026-03-29 04:30:00+02:00,100.72582099419508,102.954
2026-03-29 04:45:00+02:00,99.00921782084144,102.532
2026-03-29 05:00:00+02:00,103.44264242028811,102.11
2026-03-29 05:15:00+02:00,102.15427368037352,100.26
2026-03-29 05:30:00+02:00,103.75353398944115,101.18
2026-03-29 05:45:00+02:00,102.27272363746111,101.11
2026-03-29 06:00:00+02:00,105.83444917027064,109.41
2026-03-29 06:15:00+02:00,99.37153806361692,103.35
2026-03-29 06:30:00+02:00,107.18780056012874,104.32
2026-03-29 06:45:00+02:00,112.79534322442815,103.82
2026-03-29 07:00:00+02:00,113.31912294323791,103.57
2026-03-29 07:15:00+02:00,110.0559594792461,103.68
2026-03-29 07:30:00+02:00,115.70562600116398,105.24
2026-03-29 07:45:00+02:00,111.51423755428587,105.93
2026-03-29 08:00:00+02:00,135.28598443623218,102.33
2026-03-29 08:15:00+02:00,125.39080413148764,105.3
2026-03-29 08:30:00+02:00,116.59219563755936,113.59
2026-03-29 08:45:00+02:00,108.98428408646691,117.8
2026-03-29 09:00:00+02:00,130.65026530208033,119.67
2026-03-29 09:15:00+02:00,121.08508473080843,115.24
2026-03-29 09:30:00+02:00,96.79094651801414,113.0
2026-03-29 09:45:00+02:00,85.23839256470077,112.21
2026-03-29 10:00:00+02:00,104.54095842806353,122.47
2026-03-29 10:15:00+02:00,98.99997938702629,125.0
2026-03-29 10:30:00+02:00,79.35649756844055,108.99
2026-03-29 10:45:00+02:00,48.520208974606305,102.91
2026-03-29 11:00:00+02:00,66.99085860064746,112.24
2026-03-29 11:15:00+02:00,51.99459131232712,94.82
2026-03-29 11:30:00+02:00,29.829902663226733,89.06
2026-03-29 11:45:00+02:00,18.147387342609107,81.47
2026-03-29 12:00:00+02:00,12.708973142129636,97.96
2026-03-29 12:15:00+02:00,7.521005121039892,83.91
2026-03-29 12:30:00+02:00,9.701882934950788,70.55
2026-03-29 12:45:00+02:00,22.457209797302177,46.81
2026-03-29 13:00:00+02:00,14.89353091676179,70.6
2026-03-29 13:15:00+02:00,18.622586497627594,55.29
2026-03-29 13:30:00+02:00,15.935710045336563,42.91
2026-03-29 13:45:00+02:00,12.2778522807441,9.99
2026-03-29 14:00:00+02:00,14.942777385549434,26.23
2026-03-29 14:15:00+02:00,12.116450758244994,7.78
2026-03-29 14:30:00+02:00,7.966206844931577,4.69
2026-03-29 14:45:00+02:00,8.395216463596071,0.22
2026-03-29 15:00:00+02:00,11.33079751342369,1.09
2026-03-29 15:15:00+02:00,10.782244989299144,0.0
2026-03-29 15:30:00+02:00,3.5305623999417293,-0.06
2026-03-29 15:45:00+02:00,27.468012871171823,-1.05
2026-03-29 16:00:00+02:00,28.37295020225379,-1.01
2026-03-29 16:15:00+02:00,33.87271492018084,-1.21
2026-03-29 16:30:00+02:00,55.915101585865315,-2.11
2026-03-29 16:45:00+02:00,72.25622102083435,-2.81
2026-03-29 17:00:00+02:00,40.74655151032172,-2.02
2026-03-29 17:15:00+02:00,73.24953435747726,-2.4
2026-03-29 17:30:00+02:00,91.66080283506848,-2.07
2026-03-29 17:45:00+02:00,114.01381064114825,-1.91
2026-03-29 18:00:00+02:00,86.84274615948804,-0.08
2026-03-29 18:15:00+02:00,108.77949470223425,0.0
2026-03-29 18:30:00+02:00,118.42664217611329,0.0
2026-03-29 18:45:00+02:00,144.69181761108328,3.57
2026-03-29 19:00:00+02:00,123.31298706777656,2.5
2026-03-29 19:15:00+02:00,120.50055407980486,14.41
2026-03-29 19:30:00+02:00,133.7342246151644,34.25
2026-03-29 19:45:00+02:00,147.08893372706922,82.08
2026-03-29 20:00:00+02:00,146.20151513922087,58.05
2026-03-29 20:15:00+02:00,140.8217793918465,80.91
2026-03-29 20:30:00+02:00,135.63984495413624,97.98
2026-03-29 20:45:00+02:00,137.10404903778627,120.1
2026-03-29 21:00:00+02:00,130.23720573313852,99.24
2026-03-29 21:15:00+02:00,127.63675811551849,108.84
2026-03-29 21:30:00+02:00,115.45048281920552,108.62
2026-03-29 21:45:00+02:00,106.48583112093037,106.01
2026-03-29 22:00:00+02:00,117.01455017638291,119.71
2026-03-29 22:15:00+02:00,106.3914398354584,107.91
2026-03-29 22:30:00+02:00,102.13665386134026,81.18
2026-03-29 22:45:00+02:00,93.33983250566108,71.92
2026-03-29 23:00:00+02:00,109.72099961941886,96.33
2026-03-29 23:15:00+02:00,99.11089420745274,85.31
2026-03-29 23:30:00+02:00,89.28484404127366,63.92
2026-03-29 23:45:00+02:00,77.08642014579307,53.69
2026-03-30 00:00:00+02:00,85.2705965405054,96.59
2026-03-30 00:00:00+02:00,87.25525988354111,17.76
2026-03-30 00:15:00+02:00,73.75686919908125,77.99
2026-03-30 00:15:00+02:00,77.29069211226053,9.43
2026-03-30 00:30:00+02:00,61.43659718556176,62.23
2026-03-30 00:30:00+02:00,75.1392750869982,5.17
2026-03-30 00:45:00+02:00,44.69162146700551,30.59
2026-03-30 00:45:00+02:00,75.9210171712657,4.43
2026-03-30 01:00:00+02:00,70.86405041614765,4.25
2026-03-30 01:15:00+02:00,73.55879760374975,3.14
2026-03-30 01:30:00+02:00,69.67460163913333,1.59
2026-03-30 01:45:00+02:00,66.48081024973364,0.22
2026-03-30 02:00:00+02:00,72.29633078218899,5.48
2026-03-30 02:15:00+02:00,69.20099113094128,4.5
2026-03-30 02:30:00+02:00,67.13456095919256,4.97
2026-03-30 02:45:00+02:00,71.85624749581987,5.13
2026-03-30 03:00:00+02:00,74.69209329122056,3.08
2026-03-30 03:15:00+02:00,71.31782493971698,3.8
2026-03-30 03:30:00+02:00,71.18093639730009,3.91
2026-03-30 03:45:00+02:00,71.67551108560602,4.51
2026-03-30 04:00:00+02:00,64.82103476648759,2.19
2026-03-30 04:15:00+02:00,67.99419911493233,3.54
2026-03-30 04:30:00+02:00,65.59461814787709,4.08
2026-03-30 04:45:00+02:00,70.64319656101546,7.62
2026-03-30 05:00:00+02:00,70.02755916743413,3.54
2026-03-30 05:15:00+02:00,69.7536148500142,7.62
2026-03-30 05:30:00+02:00,78.02586317423331,17.23
2026-03-30 05:45:00+02:00,82.64544208497065,45.3
2026-03-30 06:00:00+02:00,64.73857657665553,26.05
2026-03-30 06:15:00+02:00,77.81564201711575,63.5
2026-03-30 06:30:00+02:00,91.57172285490726,87.96
2026-03-30 06:45:00+02:00,101.93617462171298,89.97
2026-03-30 07:00:00+02:00,115.61210034663026,73.12
2026-03-30 07:15:00+02:00,113.75650565198119,89.48
2026-03-30 07:30:00+02:00,103.78134708436505,100.52
2026-03-30 07:45:00+02:00,93.29846055036465,98.13
2026-03-30 08:00:00+02:00,113.42637457404268,116.73
2026-03-30 08:15:00+02:00,99.81125409987385,108.26
2026-03-30 08:30:00+02:00,79.32356678797133,108.39
2026-03-30 08:45:00+02:00,73.73910265605852,103.51
2026-03-30 09:00:00+02:00,96.73023670108927,111.85
2026-03-30 09:15:00+02:00,75.36134521684949,102.16
2026-03-30 09:30:00+02:00,63.1148837986365,96.34
2026-03-30 09:45:00+02:00,47.81112288334305,77.0
2026-03-30 10:00:00+02:00,69.35496231308511,85.99
2026-03-30 10:15:00+02:00,59.09615154363352,71.54
2026-03-30 10:30:00+02:00,40.93707556781605,82.24
2026-03-30 10:45:00+02:00,20.449603435470877,55.62
2026-03-30 11:00:00+02:00,22.925205801403862,71.28
2026-03-30 11:15:00+02:00,25.555127694503255,50.3
2026-03-30 11:30:00+02:00,20.455620884782874,39.17
2026-03-30 11:45:00+02:00,18.337625873189424,23.24
2026-03-30 12:00:00+02:00,23.893889970361172,39.41
2026-03-30 12:15:00+02:00,13.379809644521302,25.03
2026-03-30 12:30:00+02:00,12.115717469498634,19.91
2026-03-30 12:45:00+02:00,9.505420781866093,10.0
2026-03-30 13:00:00+02:00,10.452485524315009,17.55
2026-03-30 13:15:00+02:00,10.600740061200128,15.55
2026-03-30 13:30:00+02:00,6.821233327746484,9.91
2026-03-30 13:45:00+02:00,8.307240121942982,2.59
2026-03-30 14:00:00+02:00,18.19855972536348,9.4
2026-03-30 14:15:00+02:00,20.188474907642714,8.67
2026-03-30 14:30:00+02:00,24.89997292249319,7.59
2026-03-30 14:45:00+02:00,37.087074592843784,4.51
2026-03-30 15:00:00+02:00,35.49723869695071,9.38
2026-03-30 15:15:00+02:00,25.594281454686183,10.73
2026-03-30 15:30:00+02:00,51.46015549013776,11.66
2026-03-30 15:45:00+02:00,70.21440091118507,19.98
2026-03-30 16:00:00+02:00,41.27412883956865,9.98
2026-03-30 16:15:00+02:00,69.67277561000745,23.34
2026-03-30 16:30:00+02:00,78.52773232505271,44.26
2026-03-30 16:45:00+02:00,105.92998820346627,63.0
2026-03-30 17:00:00+02:00,85.50674573759545,45.46
2026-03-30 17:15:00+02:00,104.75368080864324,65.46
2026-03-30 17:30:00+02:00,125.44210851602682,86.79
2026-03-30 17:45:00+02:00,148.5203182151908,112.09
2026-03-30 18:00:00+02:00,130.4439210534979,85.0
2026-03-30 18:15:00+02:00,145.05769175257902,105.03
2026-03-30 18:30:00+02:00,154.08668748334247,109.38
2026-03-30 18:45:00+02:00,150.08220751535575,119.9
2026-03-30 19:00:00+02:00,164.61286266961918,114.06
2026-03-30 19:15:00+02:00,137.17730098024225,117.28
2026-03-30 19:30:00+02:00,131.50405455360996,122.27
2026-03-30 19:45:00+02:00,123.9944454408288,133.0
2026-03-30 20:00:00+02:00,132.38486478085073,124.79
2026-03-30 20:15:00+02:00,130.28783977597152,124.4
2026-03-30 20:30:00+02:00,118.73363707111226,127.35
2026-03-30 20:45:00+02:00,110.39394874210107,125.89
2026-03-30 21:00:00+02:00,117.14774701979005,135.99
2026-03-30 21:15:00+02:00,116.87693834783629,124.82
2026-03-30 21:30:00+02:00,111.6176956172972,127.98
2026-03-30 21:45:00+02:00,100.5660190064865,115.87
2026-03-30 22:00:00+02:00,113.1992687396348,129.52
2026-03-30 22:15:00+02:00,106.66039297603915,119.43
2026-03-30 22:30:00+02:00,100.7166490468845,120.1
2026-03-30 22:45:00+02:00,86.82166015656168,115.65
2026-03-30 23:00:00+02:00,94.42432455162604,115.23
2026-03-30 23:15:00+02:00,86.97979619465814,110.15
2026-03-30 23:30:00+02:00,79.0529149113826,107.6
2026-03-30 23:45:00+02:00,65.04812260695643,102.54
2026-03-31 00:00:00+02:00,102.87998071063355,123.0
2026-03-31 00:15:00+02:00,101.73244724092497,108.88
2026-03-31 00:30:00+02:00,96.94269572561369,104.6
2026-03-31 00:45:00+02:00,94.6486862648039,100.5
2026-03-31 01:00:00+02:00,100.49743013744248,102.56
2026-03-31 01:15:00+02:00,96.38241639986165,103.07
2026-03-31 01:30:00+02:00,94.85472991822546,103.08
2026-03-31 01:45:00+02:00,94.63273741026599,102.01
2026-03-31 02:00:00+02:00,98.15873357664465,102.65
2026-03-31 02:15:00+02:00,95.77879528671113,101.39
2026-03-31 02:30:00+02:00,94.93727018453534,100.89
2026-03-31 02:45:00+02:00,92.38462145066411,100.11
2026-03-31 03:00:00+02:00,92.84064654334335,100.64
2026-03-31 03:15:00+02:00,91.31595789900302,100.13
2026-03-31 03:30:00+02:00,92.37716224805251,100.99
2026-03-31 03:45:00+02:00,90.69920961138473,100.38
2026-03-31 04:00:00+02:00,94.33418368739729,100.55
2026-03-31 04:15:00+02:00,93.51350114520923,101.79
2026-03-31 04:30:00+02:00,93.15227682616542,101.27
2026-03-31 04:45:00+02:00,96.05305140930483,103.11
2026-03-31 05:00:00+02:00,94.03537258455239,94.84
2026-03-31 05:15:00+02:00,93.47139858632148,99.42
2026-03-31 05:30:00+02:00,102.4080689875502,112.97
2026-03-31 05:45:00+02:00,96.43027103850983,124.94
2026-03-31 06:00:00+02:00,99.94798303434949,113.77
2026-03-31 06:15:00+02:00,99.73333363471006,127.5
2026-03-31 06:30:00+02:00,102.21884807824009,151.11
2026-03-31 06:45:00+02:00,103.58677407407657,156.41
2026-03-31 07:00:00+02:00,101.12443143840795,152.47
2026-03-31 07:15:00+02:00,108.6355141627192,153.0
2026-03-31 07:30:00+02:00,103.34041033086702,154.44
2026-03-31 07:45:00+02:00,83.52491710544311,148.59
2026-03-31 08:00:00+02:00,117.20901795458646,203.4
2026-03-31 08:15:00+02:00,101.33901544489704,180.22
2026-03-31 08:30:00+02:00,96.01796332693677,145.56
2026-03-31 08:45:00+02:00,96.59200431183258,125.98
2026-03-31 09:00:00+02:00,103.89176841671582,163.15
2026-03-31 09:15:00+02:00,108.94183118828273,134.76
2026-03-31 09:30:00+02:00,100.48152764349534,125.31
2026-03-31 09:45:00+02:00,88.30711909285755,119.0
2026-03-31 10:00:00+02:00,103.1501437683443,117.09
2026-03-31 10:15:00+02:00,87.60844194885992,108.85
2026-03-31 10:30:00+02:00,93.97039256151317,98.11
2026-03-31 10:45:00+02:00,70.65706770046731,92.97
2026-03-31 11:00:00+02:00,86.00391983089139,99.03
2026-03-31 11:15:00+02:00,76.85481073976625,93.08
2026-03-31 11:30:00+02:00,66.59705437090483,84.13
2026-03-31 11:45:00+02:00,48.345193026979246,73.16
2026-03-31 12:00:00+02:00,59.137762411824504,88.78
2026-03-31 12:15:00+02:00,49.50691113344584,82.34
2026-03-31 12:30:00+02:00,30.90961655414683,78.18
2026-03-31 12:45:00+02:00,5.529324567146162,65.38
2026-03-31 13:00:00+02:00,25.22199518170799,73.54
2026-03-31 13:15:00+02:00,8.576044918216951,60.9
2026-03-31 13:30:00+02:00,11.072168852787016,46.39
2026-03-31 13:45:00+02:00,17.216686912032486,40.07
2026-03-31 14:00:00+02:00,13.621600525325164,51.2
2026-03-31 14:15:00+02:00,18.51044372760056,51.34
2026-03-31 14:30:00+02:00,26.408433139152628,54.02
2026-03-31 14:45:00+02:00,25.18977201783872,57.39
2026-03-31 15:00:00+02:00,32.76157482978414,54.0
2026-03-31 15:15:00+02:00,64.80471005885431,62.4
2026-03-31 15:30:00+02:00,73.92329866057267,62.76
2026-03-31 15:45:00+02:00,103.02522352912618,73.05
2026-03-31 16:00:00+02:00,64.6112860704948,64.03
2026-03-31 16:15:00+02:00,78.67273661133898,80.4
2026-03-31 16:30:00+02:00,102.66221639775824,89.27
2026-03-31 16:45:00+02:00,100.25212901896082,95.17
2026-03-31 17:00:00+02:00,81.79192642284104,96.06
2026-03-31 17:15:00+02:00,112.2701480517033,101.22
2026-03-31 17:30:00+02:00,121.94254754565637,105.81
2026-03-31 17:45:00+02:00,107.23090645273518,140.78
2026-03-31 18:00:00+02:00,111.86126793803595,108.58
2026-03-31 18:15:00+02:00,123.72573559416074,141.83
2026-03-31 18:30:00+02:00,122.56943446485073,158.72
2026-03-31 18:45:00+02:00,144.29035148105066,194.87
2026-03-31 19:00:00+02:00,125.19932517370361,153.48
2026-03-31 19:15:00+02:00,127.34323865777752,176.56
2026-03-31 19:30:00+02:00,123.38954713979284,181.96
2026-03-31 19:45:00+02:00,129.09602531476452,188.01
2026-03-31 20:00:00+02:00,133.04612445182343,189.75
2026-03-31 20:15:00+02:00,131.52973524173748,180.74
2026-03-31 20:30:00+02:00,130.1902493831288,173.54
2026-03-31 20:45:00+02:00,126.07361016565842,159.99
2026-03-31 21:00:00+02:00,128.66428336303633,201.16
2026-03-31 21:15:00+02:00,118.81653507625295,171.46
2026-03-31 21:30:00+02:00,119.97132491331821,162.62
2026-03-31 21:45:00+02:00,121.93256616126533,151.66
2026-03-31 22:00:00+02:00,125.71640594113308,169.14
2026-03-31 22:15:00+02:00,122.12988530809555,161.3
2026-03-31 22:30:00+02:00,118.41043756351361,152.95
2026-03-31 22:45:00+02:00,117.9009804997923,149.93
2026-03-31 23:00:00+02:00,121.01124673814175,152.98
2026-03-31 23:15:00+02:00,117.20599197648367,149.56
2026-03-31 23:30:00+02:00,110.93327160201211,149.96
2026-03-31 23:45:00+02:00,109.53255707570077,141.4
2026-04-01 00:00:00+02:00,134.76525308581395,159.02
2026-04-01 00:15:00+02:00,135.4138290437564,146.7
2026-04-01 00:30:00+02:00,129.77426751066918,142.99
2026-04-01 00:45:00+02:00,122.02653247323268,133.33
2026-04-01 01:00:00+02:00,132.6946665859162,137.31
2026-04-01 01:15:00+02:00,128.3798237622261,129.2
2026-04-01 01:30:00+02:00,127.37483338997217,129.2
2026-04-01 01:45:00+02:00,121.87362825822825,122.24
2026-04-01 02:00:00+02:00,128.28804428042275,125.68
2026-04-01 02:15:00+02:00,125.13363022206461,124.18
2026-04-01 02:30:00+02:00,122.76963170186941,125.49
2026-04-01 02:45:00+02:00,122.77329965591133,126.03
2026-04-01 03:00:00+02:00,122.91886616964726,123.68
2026-04-01 03:15:00+02:00,124.67815021831575,128.0
2026-04-01 03:30:00+02:00,128.07809134899458,132.12
2026-04-01 03:45:00+02:00,127.08776722899837,133.91
2026-04-01 04:00:00+02:00,125.25360041119995,128.28
2026-04-01 04:15:00+02:00,126.05053735749584,131.62
2026-04-01 04:30:00+02:00,122.92853288613694,138.8
2026-04-01 04:45:00+02:00,127.40234438749837,145.4
2026-04-01 05:00:00+02:00,125.85272813166041,134.67
2026-04-01 05:15:00+02:00,122.71251466263986,143.47
2026-04-01 05:30:00+02:00,145.09850266296093,150.06
2026-04-01 05:45:00+02:00,145.41945139064356,168.26
2026-04-01 06:00:00+02:00,141.94906537760357,155.67
2026-04-01 06:15:00+02:00,154.88065230061417,177.23
2026-04-01 06:30:00+02:00,164.7304106199789,190.54
2026-04-01 06:45:00+02:00,176.68136236069148,199.9
2026-04-01 07:00:00+02:00,191.5540121788848,235.93
2026-04-01 07:15:00+02:00,195.81409948339018,239.03
2026-04-01 07:30:00+02:00,187.30350176513855,221.02
2026-04-01 07:45:00+02:00,164.59297752526794,211.81
2026-04-01 08:00:00+02:00,233.27474043079775,239.12
2026-04-01 08:15:00+02:00,173.91663421704044,214.59
2026-04-01 08:30:00+02:00,149.58775717182073,184.15
2026-04-01 08:45:00+02:00,120.19933517707477,162.05
2026-04-01 09:00:00+02:00,181.34956278051612,209.0
2026-04-01 09:15:00+02:00,140.81086916745105,185.81
2026-04-01 09:30:00+02:00,116.64913025127677,161.39
2026-04-01 09:45:00+02:00,106.42554218556437,129.86
2026-04-01 10:00:00+02:00,120.63288831018039,163.37
2026-04-01 10:15:00+02:00,101.03656955045568,141.74
2026-04-01 10:30:00+02:00,96.86732265908314,130.51
2026-04-01 10:45:00+02:00,81.91341882804124,123.58
2026-04-01 11:00:00+02:00,95.50833311689661,138.63
2026-04-01 11:15:00+02:00,85.17502952047913,130.77
2026-04-01 11:30:00+02:00,75.88799421594761,122.32
2026-04-01 11:45:00+02:00,56.99970011797093,120.59
2026-04-01 12:00:00+02:00,80.59468063292303,130.49
2026-04-01 12:15:00+02:00,65.70161235481467,112.75
2026-04-01 12:30:00+02:00,55.54010211389389,111.84
2026-04-01 12:45:00+02:00,46.518886740335844,105.13
2026-04-01 13:00:00+02:00,54.60374149471885,106.35
2026-04-01 13:15:00+02:00,47.10462452213221,98.56
2026-04-01 13:30:00+02:00,46.83056002416676,90.03
2026-04-01 13:45:00+02:00,45.558049221851974,80.4
2026-04-01 14:00:00+02:00,44.34878900334785,89.01
2026-04-01 14:15:00+02:00,51.317055058814105,85.33
2026-04-01 14:30:00+02:00,64.00528168324655,85.33
2026-04-01 14:45:00+02:00,65.31925277885078,85.66
2026-04-01 15:00:00+02:00,65.74837403931008,84.51
2026-04-01 15:15:00+02:00,81.78641464823144,88.43
2026-04-01 15:30:00+02:00,98.99314385204569,96.78
2026-04-01 15:45:00+02:00,114.37416844771514,105.63
2026-04-01 16:00:00+02:00,89.79652819806962,84.94
2026-04-01 16:15:00+02:00,99.19064849783118,98.23
2026-04-01 16:30:00+02:00,113.74180858483936,108.99
2026-04-01 16:45:00+02:00,131.07679214525567,129.9
2026-04-01 17:00:00+02:00,101.13155364158726,119.93
2026-04-01 17:15:00+02:00,128.1834238497805,119.91
2026-04-01 17:30:00+02:00,159.05680480303033,128.56
2026-04-01 17:45:00+02:00,201.80393695271025,152.08
2026-04-01 18:00:00+02:00,164.11281915892206,111.1
2026-04-01 18:15:00+02:00,180.46566402795034,142.01
2026-04-01 18:30:00+02:00,206.7403471240625,157.8
2026-04-01 18:45:00+02:00,205.2890918923068,197.47
2026-04-01 19:00:00+02:00,223.72830201446226,162.56
2026-04-01 19:15:00+02:00,183.14639441995763,185.75
2026-04-01 19:30:00+02:00,173.03804006173047,200.38
2026-04-01 19:45:00+02:00,178.12305772261556,205.97
2026-04-01 20:00:00+02:00,183.51268258267174,197.83
2026-04-01 20:15:00+02:00,177.52273640181613,190.73
2026-04-01 20:30:00+02:00,168.2838939712335,180.0
2026-04-01 20:45:00+02:00,147.54279910364068,156.21
2026-04-01 21:00:00+02:00,184.89033178401235,178.68
2026-04-01 21:15:00+02:00,164.11655953212517,168.58
2026-04-01 21:30:00+02:00,151.6130655503783,163.93
2026-04-01 21:45:00+02:00,136.34620651088227,152.1
2026-04-01 22:00:00+02:00,157.09006939805093,167.64
2026-04-01 22:15:00+02:00,147.21829050772584,153.87
2026-04-01 22:30:00+02:00,142.02070520557515,151.35
2026-04-01 22:45:00+02:00,131.16515799600782,138.43
2026-04-01 23:00:00+02:00,134.2593701456317,147.52
2026-04-01 23:15:00+02:00,132.90751819293502,137.85
2026-04-01 23:30:00+02:00,126.93108270364786,130.58
2026-04-01 23:45:00+02:00,120.69456477140605,119.18
2026-04-02 00:00:00+02:00,126.6616163339711,139.4
2026-04-02 00:15:00+02:00,120.35890163560299,128.44
2026-04-02 00:30:00+02:00,125.24798425774513,121.55
2026-04-02 00:45:00+02:00,124.30192241820042,119.3
2026-04-02 01:00:00+02:00,122.53039469231919,125.43
2026-04-02 01:15:00+02:00,118.05782355366625,119.36
2026-04-02 01:30:00+02:00,112.16043261136113,116.61
2026-04-02 01:45:00+02:00,107.61952614134734,114.58
2026-04-02 02:00:00+02:00,108.51048713969769,116.9
2026-04-02 02:15:00+02:00,105.63264867652492,114.44
2026-04-02 02:30:00+02:00,104.4909425212993,113.75
2026-04-02 02:45:00+02:00,103.55178064392453,111.43
2026-04-02 03:00:00+02:00,106.36530300978724,110.23
2026-04-02 03:15:00+02:00,101.72720934178739,107.65
2026-04-02 03:30:00+02:00,103.1570225114829,108.86
2026-04-02 03:45:00+02:00,102.2482399430754,110.0
2026-04-02 04:00:00+02:00,102.51904491243849,105.42
2026-04-02 04:15:00+02:00,102.99724765921925,104.97
2026-04-02 04:30:00+02:00,102.54365185972293,108.92
2026-04-02 04:45:00+02:00,106.39015757140776,110.33
2026-04-02 05:00:00+02:00,103.84292822074646,108.29
2026-04-02 05:15:00+02:00,102.61891200866921,113.17
2026-04-02 05:30:00+02:00,113.4456066942378,119.3
2026-04-02 05:45:00+02:00,123.9839708396402,136.41
2026-04-02 06:00:00+02:00,118.86015835996966,131.0
2026-04-02 06:15:00+02:00,133.74461508462204,150.04
2026-04-02 06:30:00+02:00,130.57195232817662,161.61
2026-04-02 06:45:00+02:00,134.37145361849497,165.56
2026-04-02 07:00:00+02:00,140.01235087698035,163.62
2026-04-02 07:15:00+02:00,133.96911285450832,166.68
2026-04-02 07:30:00+02:00,137.28305327531925,161.52
2026-04-02 07:45:00+02:00,124.23956675412923,148.21
2026-04-02 08:00:00+02:00,159.31120378134963,196.93
2026-04-02 08:15:00+02:00,126.19236089317891,173.46
2026-04-02 08:30:00+02:00,120.27145708150259,154.05
2026-04-02 08:45:00+02:00,111.0953738879,106.19
2026-04-02 09:00:00+02:00,140.47713613533415,127.01
2026-04-02 09:15:00+02:00,115.13748539269201,117.01
2026-04-02 09:30:00+02:00,111.94300863844438,113.42
2026-04-02 09:45:00+02:00,88.40457144954745,99.67
2026-04-02 10:00:00+02:00,108.33408341204954,107.91
2026-04-02 10:15:00+02:00,83.18682112407802,98.89
2026-04-02 10:30:00+02:00,77.4402790413011,91.94
2026-04-02 10:45:00+02:00,64.41371305598433,63.91
2026-04-02 11:00:00+02:00,65.01843632606747,88.43
2026-04-02 11:15:00+02:00,50.830498912936044,78.75
2026-04-02 11:30:00+02:00,43.62959492893652,71.95
2026-04-02 11:45:00+02:00,33.84374950501963,57.87
2026-04-02 12:00:00+02:00,40.9896281253029,75.01
2026-04-02 12:15:00+02:00,50.37296264063116,62.42
2026-04-02 12:30:00+02:00,38.95969366930766,55.54
2026-04-02 12:45:00+02:00,31.02034073527279,46.01
2026-04-02 13:00:00+02:00,37.24855165425842,49.81
2026-04-02 13:15:00+02:00,26.87167534672902,43.2
2026-04-02 13:30:00+02:00,24.815145263030992,42.1
2026-04-02 13:45:00+02:00,23.224650353552853,34.71
2026-04-02 14:00:00+02:00,23.653441574046,42.62
2026-04-02 14:15:00+02:00,47.617588205582926,49.97
2026-04-02 14:30:00+02:00,47.567184863883725,54.75
2026-04-02 14:45:00+02:00,56.21819864719581,64.1
2026-04-02 15:00:00+02:00,60.2527265789512,52.55
2026-04-02 15:15:00+02:00,62.898794845477596,72.99
2026-04-02 15:30:00+02:00,82.3612495930479,79.3
2026-04-02 15:45:00+02:00,84.22940872355164,90.24
2026-04-02 16:00:00+02:00,79.20708814681495,80.01
2026-04-02 16:15:00+02:00,95.71605801436732,93.18
2026-04-02 16:30:00+02:00,109.13237787947027,96.82
2026-04-02 16:45:00+02:00,119.06125113550645,101.02
2026-04-02 17:00:00+02:00,111.78619192727729,98.73
2026-04-02 17:15:00+02:00,107.63017176255022,103.15
2026-04-02 17:30:00+02:00,118.83161347884324,112.86
2026-04-02 17:45:00+02:00,138.76812707420342,120.5
2026-04-02 18:00:00+02:00,121.06259180938989,118.4
2026-04-02 18:15:00+02:00,149.61913570220068,126.46
2026-04-02 18:30:00+02:00,144.64425716569815,139.67
2026-04-02 18:45:00+02:00,194.9833512770217,153.01
2026-04-02 19:00:00+02:00,157.7551081541481,142.56
2026-04-02 19:15:00+02:00,174.54547291918354,155.8
2026-04-02 19:30:00+02:00,174.61514965192436,168.58
2026-04-02 19:45:00+02:00,166.36830010488626,180.42
2026-04-02 20:00:00+02:00,178.24686609748358,172.57
2026-04-02 20:15:00+02:00,164.1655400412574,160.94
2026-04-02 20:30:00+02:00,163.41038143077694,157.06
2026-04-02 20:45:00+02:00,149.21387001241885,147.97
2026-04-02 21:00:00+02:00,157.83530021764366,162.88
2026-04-02 21:15:00+02:00,147.67373846883015,150.75
2026-04-02 21:30:00+02:00,137.6568173591146,142.38
2026-04-02 21:45:00+02:00,136.09720971888237,130.08
2026-04-02 22:00:00+02:00,141.62418213510597,147.53
2026-04-02 22:15:00+02:00,139.19291442106064,137.96
2026-04-02 22:30:00+02:00,127.46562946218997,130.07
2026-04-02 22:45:00+02:00,119.56219956664177,124.43
2026-04-02 23:00:00+02:00,132.60882143060033,130.05
2026-04-02 23:15:00+02:00,126.44022613027067,123.78
2026-04-02 23:30:00+02:00,120.8425988659458,127.81
2026-04-02 23:45:00+02:00,118.07817105127536,114.24
2026-04-03 00:00:00+02:00,127.84401127875353,144.84
2026-04-03 00:15:00+02:00,117.26318802095382,136.52
2026-04-03 00:30:00+02:00,113.28762486420534,129.14
2026-04-03 00:45:00+02:00,111.78598528988014,123.9
2026-04-03 01:00:00+02:00,114.29367355571198,124.53
2026-04-03 01:15:00+02:00,110.91893123902534,124.1
2026-04-03 01:30:00+02:00,113.56671953683991,124.41
2026-04-03 01:45:00+02:00,110.82393165103439,114.9
2026-04-03 02:00:00+02:00,112.39790324765775,127.53
2026-04-03 02:15:00+02:00,112.89008493122805,120.0
2026-04-03 02:30:00+02:00,111.08917790768965,114.76
2026-04-03 02:45:00+02:00,108.19398722965416,115.77
2026-04-03 03:00:00+02:00,109.48795134282106,119.28
2026-04-03 03:15:00+02:00,108.75333716227867,117.16
2026-04-03 03:30:00+02:00,108.21237704113786,115.5
2026-04-03 03:45:00+02:00,108.93519723412932,118.73
2026-04-03 04:00:00+02:00,106.69416691483862,120.59
2026-04-03 04:15:00+02:00,106.22447151608486,121.05
2026-04-03 04:30:00+02:00,108.57466186212696,120.17
2026-04-03 04:45:00+02:00,111.57620931508076,118.92
2026-04-03 05:00:00+02:00,110.55768742489286,121.05
2026-04-03 05:15:00+02:00,112.41186826925313,123.44
2026-04-03 05:30:00+02:00,123.0856314309432,121.1
2026-04-03 05:45:00+02:00,126.3594723243848,128.02
2026-04-03 06:00:00+02:00,120.04220287716525,121.02
2026-04-03 06:15:00+02:00,139.54448335203367,132.34
2026-04-03 06:30:00+02:00,139.36818860825582,139.95
2026-04-03 06:45:00+02:00,143.50917823803033,139.19
2026-04-03 07:00:00+02:00,136.63194137893257,139.16
2026-04-03 07:15:00+02:00,132.7130052162989,138.84
2026-04-03 07:30:00+02:00,125.71689045954619,135.65
2026-04-03 07:45:00+02:00,115.26568665225939,129.8
2026-04-03 08:00:00+02:00,136.24134526779426,156.58
2026-04-03 08:15:00+02:00,121.81874549325045,135.59
2026-04-03 08:30:00+02:00,109.1566594135145,128.15
2026-04-03 08:45:00+02:00,107.90918391076039,103.85
2026-04-03 09:00:00+02:00,115.39464534154106,143.14
2026-04-03 09:15:00+02:00,114.23265233548189,121.59
2026-04-03 09:30:00+02:00,104.28795911454893,103.66
2026-04-03 09:45:00+02:00,91.04093124333421,84.33
2026-04-03 10:00:00+02:00,107.03600130789825,126.78
2026-04-03 10:15:00+02:00,85.80885474008826,95.78
2026-04-03 10:30:00+02:00,84.73826799135409,64.66
2026-04-03 10:45:00+02:00,52.71972662722227,55.12
2026-04-03 11:00:00+02:00,65.43729510067894,72.0
2026-04-03 11:15:00+02:00,61.802315465243005,60.0
2026-04-03 11:30:00+02:00,57.33409754328518,49.07
2026-04-03 11:45:00+02:00,46.94284100419889,30.76
2026-04-03 12:00:00+02:00,52.98192247999114,48.59
2026-04-03 12:15:00+02:00,48.38951981870434,31.06
2026-04-03 12:30:00+02:00,42.31743250825289,19.79
2026-04-03 12:45:00+02:00,25.89260783874542,8.6
2026-04-03 13:00:00+02:00,31.113898789121365,19.08
2026-04-03 13:15:00+02:00,17.178634431381163,11.64
2026-04-03 13:30:00+02:00,19.708589312944376,7.7
2026-04-03 13:45:00+02:00,17.253525776298943,1.36
2026-04-03 14:00:00+02:00,27.709909776647173,4.5
2026-04-03 14:15:00+02:00,28.066134668348475,1.91
2026-04-03 14:30:00+02:00,28.487178649584514,0.1
2026-04-03 14:45:00+02:00,37.738298061466566,0.1
2026-04-03 15:00:00+02:00,39.88514876575599,0.0
2026-04-03 15:15:00+02:00,57.9974539183322,0.1
2026-04-03 15:30:00+02:00,30.433296409518164,3.0
2026-04-03 15:45:00+02:00,33.58107095526576,9.1
2026-04-03 16:00:00+02:00,47.56343228649969,2.62
2026-04-03 16:15:00+02:00,39.5939050784021,11.81
2026-04-03 16:30:00+02:00,68.12884617178834,32.64
2026-04-03 16:45:00+02:00,74.47307008413645,48.7
2026-04-03 17:00:00+02:00,80.23260067566058,43.35
2026-04-03 17:15:00+02:00,84.3543350061332,62.51
2026-04-03 17:30:00+02:00,96.45789082196012,73.99
2026-04-03 17:45:00+02:00,114.33262526826432,87.34
2026-04-03 18:00:00+02:00,87.68400116530194,77.03
2026-04-03 18:15:00+02:00,114.48713815260234,86.17
2026-04-03 18:30:00+02:00,125.78857245834637,93.29
2026-04-03 18:45:00+02:00,137.98377456379194,99.4
2026-04-03 19:00:00+02:00,137.2593767636409,96.85
2026-04-03 19:15:00+02:00,140.8042687756043,98.88
2026-04-03 19:30:00+02:00,145.80788404769746,101.61
2026-04-03 19:45:00+02:00,141.92774444355734,100.22
2026-04-03 20:00:00+02:00,132.7172257069204,103.64
2026-04-03 20:15:00+02:00,131.77546277866605,101.08
2026-04-03 20:30:00+02:00,118.01301194211071,94.07
2026-04-03 20:45:00+02:00,100.7220495545428,86.56
2026-04-03 21:00:00+02:00,111.59491100090611,94.01
2026-04-03 21:15:00+02:00,106.63994518719612,87.76
2026-04-03 21:30:00+02:00,99.62011467763102,79.06
2026-04-03 21:45:00+02:00,88.2587493379701,75.98
2026-04-03 22:00:00+02:00,103.61256154727329,89.35
2026-04-03 22:15:00+02:00,93.87478650120592,80.05
2026-04-03 22:30:00+02:00,93.95284527482228,79.98
2026-04-03 22:45:00+02:00,64.01187352865355,75.74
2026-04-03 23:00:00+02:00,91.93669025305934,78.19
2026-04-03 23:15:00+02:00,76.87687694405008,63.14
2026-04-03 23:30:00+02:00,65.63059574321298,50.49
2026-04-03 23:45:00+02:00,48.74109673992508,50.53
2026-04-04 00:00:00+02:00,45.017549169001846,12.44
2026-04-04 00:15:00+02:00,37.95510316275845,17.35
2026-04-04 00:30:00+02:00,35.94422758482677,4.76
2026-04-04 00:45:00+02:00,30.05557304226741,4.36
2026-04-04 01:00:00+02:00,38.03666789690811,14.23
2026-04-04 01:15:00+02:00,30.927523737019968,10.08
2026-04-04 01:30:00+02:00,31.194017349920045,9.26
2026-04-04 01:45:00+02:00,30.77055174495314,2.25
2026-04-04 02:00:00+02:00,37.41165809360489,10.73
2026-04-04 02:15:00+02:00,32.52603684955995,7.09
2026-04-04 02:30:00+02:00,30.20086297976357,3.81
2026-04-04 02:45:00+02:00,29.65457500202031,4.1
2026-04-04 03:00:00+02:00,27.962315750360148,0.38
2026-04-04 03:15:00+02:00,28.30737657595209,2.97
2026-04-04 03:30:00+02:00,33.067089223152614,2.04
2026-04-04 03:45:00+02:00,31.952640200573157,2.56
2026-04-04 04:00:00+02:00,28.518858809934542,4.43
2026-04-04 04:15:00+02:00,27.7195068521972,3.39
2026-04-04 04:30:00+02:00,35.668960312536804,9.29
2026-04-04 04:45:00+02:00,34.810686291752404,8.5
2026-04-04 05:00:00+02:00,36.700331714250325,13.39
2026-04-04 05:15:00+02:00,31.90731987770328,8.95
2026-04-04 05:30:00+02:00,34.73431242776623,10.1
2026-04-04 05:45:00+02:00,46.813683481331346,14.5
2026-04-04 06:00:00+02:00,28.95658155686567,7.77
2026-04-04 06:15:00+02:00,54.49216317694889,9.91
2026-04-04 06:30:00+02:00,68.94673354730901,15.03
2026-04-04 06:45:00+02:00,73.50817658028342,20.74
2026-04-04 07:00:00+02:00,74.67128215720379,19.9
2026-04-04 07:15:00+02:00,84.80302186172257,18.37
2026-04-04 07:30:00+02:00,84.27484500411761,23.46
2026-04-04 07:45:00+02:00,72.329759125148,15.34
2026-04-04 08:00:00+02:00,92.18410029538734,21.88
2026-04-04 08:15:00+02:00,70.36136488107638,19.97
2026-04-04 08:30:00+02:00,67.93099195455432,16.03
2026-04-04 08:45:00+02:00,63.802063057895005,8.9
2026-04-04 09:00:00+02:00,78.22494904174414,12.98
2026-04-04 09:15:00+02:00,67.73554397190969,6.45
2026-04-04 09:30:00+02:00,39.46278986905551,4.51
2026-04-04 09:45:00+02:00,59.85696826072636,2.46
2026-04-04 10:00:00+02:00,27.99471156315451,3.94
2026-04-04 10:15:00+02:00,55.87178558662238,2.0
2026-04-04 10:30:00+02:00,40.92217119503663,1.3
2026-04-04 10:45:00+02:00,42.89459843479624,0.0
2026-04-04 11:00:00+02:00,40.15273746237312,0.0
2026-04-04 11:15:00+02:00,36.56835589770731,-0.01
2026-04-04 11:30:00+02:00,36.80868143600801,-0.01
2026-04-04 11:45:00+02:00,27.879673797867653,-0.02
2026-04-04 12:00:00+02:00,40.09841420253381,-0.06
2026-04-04 12:15:00+02:00,30.124828050314655,-0.62
2026-04-04 12:30:00+02:00,26.738684480261092,-0.26
2026-04-04 12:45:00+02:00,15.239980158068036,-0.05
2026-04-04 13:00:00+02:00,23.21860639725074,-0.04
2026-04-04 13:15:00+02:00,15.584444904389429,-0.04
2026-04-04 13:30:00+02:00,9.41336923205808,-0.03
2026-04-04 13:45:00+02:00,2.877720025869408,-0.03
2026-04-04 14:00:00+02:00,8.46150803691539,-0.03
2026-04-04 14:15:00+02:00,4.631771069065493,-0.02
2026-04-04 14:30:00+02:00,2.9077503693804374,-0.01
2026-04-04 14:45:00+02:00,2.4244649068347286,-0.01
2026-04-04 15:00:00+02:00,-0.1974348655727738,-0.01
2026-04-04 15:15:00+02:00,8.615179424969526,0.0
2026-04-04 15:30:00+02:00,9.671106932827982,0.0
2026-04-04 15:45:00+02:00,31.17924113072094,0.11
2026-04-04 16:00:00+02:00,18.150857088358165,0.0
2026-04-04 16:15:00+02:00,44.537678215403254,2.74
2026-04-04 16:30:00+02:00,63.06705436800607,6.63
2026-04-04 16:45:00+02:00,79.22542339755454,33.39
2026-04-04 17:00:00+02:00,83.11940745716541,13.39
2026-04-04 17:15:00+02:00,82.9824774996456,47.95
2026-04-04 17:30:00+02:00,97.03663330512742,91.14
2026-04-04 17:45:00+02:00,112.6185325053113,98.46
2026-04-04 18:00:00+02:00,108.04707582855306,61.62
2026-04-04 18:15:00+02:00,114.67789012155339,93.37
2026-04-04 18:30:00+02:00,109.79320277372652,120.98
2026-04-04 18:45:00+02:00,128.6422109378462,162.41
2026-04-04 19:00:00+02:00,115.12075178165145,127.98
2026-04-04 19:15:00+02:00,124.81318440612091,137.08
2026-04-04 19:30:00+02:00,132.10772448400735,165.87
2026-04-04 19:45:00+02:00,137.7569585667793,168.56
2026-04-04 20:00:00+02:00,131.95056728154535,174.95
2026-04-04 20:15:00+02:00,126.13752898556959,136.01
2026-04-04 20:30:00+02:00,125.76214811914299,127.14
2026-04-04 20:45:00+02:00,116.91359048367771,104.86
2026-04-04 21:00:00+02:00,117.46934799440623,134.01
2026-04-04 21:15:00+02:00,100.95351413558578,106.55
2026-04-04 21:30:00+02:00,104.55482733826591,96.06
2026-04-04 21:45:00+02:00,97.08028223561142,78.73
2026-04-04 22:00:00+02:00,106.56928527255415,109.81
2026-04-04 22:15:00+02:00,102.6680562112264,79.97
2026-04-04 22:30:00+02:00,103.56012599041662,64.54
2026-04-04 22:45:00+02:00,95.13057883857829,52.91
2026-04-04 23:00:00+02:00,107.35079760001312,67.09
2026-04-04 23:15:00+02:00,99.23024917418613,44.79
2026-04-04 23:30:00+02:00,90.56605014376673,33.4
2026-04-04 23:45:00+02:00,70.57219289903423,22.05
2026-04-05 00:00:00+02:00,60.793940933302224,2.29
2026-04-05 00:15:00+02:00,54.20446324610392,1.95
2026-04-05 00:30:00+02:00,51.36236280951756,0.0
2026-04-05 00:45:00+02:00,54.34636633889864,-0.01
2026-04-05 01:00:00+02:00,50.498103077431914,0.1
2026-04-05 01:15:00+02:00,50.25971351279706,0.0
2026-04-05 01:30:00+02:00,58.39290960759352,-0.02
2026-04-05 01:45:00+02:00,51.90528223114528,-0.1
2026-04-05 02:00:00+02:00,48.71007093917713,-0.07
2026-04-05 02:15:00+02:00,47.854563554008685,-0.18
2026-04-05 02:30:00+02:00,46.32711308224066,-0.2
2026-04-05 02:45:00+02:00,46.007501796874614,-1.0
2026-04-05 03:00:00+02:00,43.9559908410463,-0.71
2026-04-05 03:15:00+02:00,48.42313807536739,-1.04
2026-04-05 03:30:00+02:00,50.01725497972126,-1.09
2026-04-05 03:45:00+02:00,36.94809889211082,-1.99
2026-04-05 04:00:00+02:00,50.04022239488419,-1.07
2026-04-05 04:15:00+02:00,46.42154618444381,-1.99
2026-04-05 04:30:00+02:00,39.75499018204812,-1.42
2026-04-05 04:45:00+02:00,38.877329196151024,-1.99
2026-04-05 05:00:00+02:00,35.39816241163637,-1.99
2026-04-05 05:15:00+02:00,43.35094659526428,-2.12
2026-04-05 05:30:00+02:00,49.063298791303446,-2.02
2026-04-05 05:45:00+02:00,61.43280575828361,-2.04
2026-04-05 06:00:00+02:00,38.195493362065314,-3.17
2026-04-05 06:15:00+02:00,55.942071965570655,-3.36
2026-04-05 06:30:00+02:00,56.15255040860862,-2.86
2026-04-05 06:45:00+02:00,59.775621158974864,-2.59
2026-04-05 07:00:00+02:00,81.18394317935719,-1.09
2026-04-05 07:15:00+02:00,81.17898293063264,-1.04
2026-04-05 07:30:00+02:00,76.17268871583248,-1.01
2026-04-05 07:45:00+02:00,44.77028288860096,-2.02
2026-04-05 08:00:00+02:00,87.88567742343642,-0.51
2026-04-05 08:15:00+02:00,53.584522335005715,-1.04
2026-04-05 08:30:00+02:00,39.4388344291101,-2.76
2026-04-05 08:45:00+02:00,27.770866065091766,-5.41
2026-04-05 09:00:00+02:00,38.728968542698965,-4.93
2026-04-05 09:15:00+02:00,28.542056636117593,-7.72
2026-04-05 09:30:00+02:00,13.379685123728606,-10.08
2026-04-05 09:45:00+02:00,7.199215570371678,-19.5
2026-04-05 10:00:00+02:00,14.559032380008261,-23.66
2026-04-05 10:15:00+02:00,7.398117253530373,-30.01
2026-04-05 10:30:00+02:00,3.3560918750034148,-46.2
2026-04-05 10:45:00+02:00,4.868167351401624,-60.0
2026-04-05 11:00:00+02:00,7.076432091507485,-60.0
2026-04-05 11:15:00+02:00,-0.5483080440491648,-70.0
2026-04-05 11:30:00+02:00,2.58194678699833,-74.0
2026-04-05 11:45:00+02:00,6.186284813456226,-81.37
2026-04-05 12:00:00+02:00,1.6405564918589732,-74.06
2026-04-05 12:15:00+02:00,5.610902864224947,-84.81
2026-04-05 12:30:00+02:00,5.5894922587135625,-86.1
2026-04-05 12:45:00+02:00,7.5827395434246725,-94.84
2026-04-05 13:00:00+02:00,6.620488262851687,-99.52
2026-04-05 13:15:00+02:00,10.005617706218452,-103.17
2026-04-05 13:30:00+02:00,5.2200842353201296,-110.44
2026-04-05 13:45:00+02:00,3.014384911586802,-107.57
2026-04-05 14:00:00+02:00,7.151814392438091,-114.53
2026-04-05 14:15:00+02:00,15.599281088345442,-101.01
2026-04-05 14:30:00+02:00,10.587250046998832,-93.78
2026-04-05 14:45:00+02:00,13.828740079677573,-85.5
2026-04-05 15:00:00+02:00,4.908935896539347,-80.0
2026-04-05 15:15:00+02:00,11.043961042572036,-73.74
2026-04-05 15:30:00+02:00,27.351635281219004,-63.93
2026-04-05 15:45:00+02:00,28.8232017842638,-49.96
2026-04-05 16:00:00+02:00,19.730954260782283,-49.93
2026-04-05 16:15:00+02:00,27.569847765244404,-30.0
2026-04-05 16:30:00+02:00,58.628793039321664,-24.96
2026-04-05 16:45:00+02:00,63.61909405527797,-15.03
2026-04-05 17:00:00+02:00,57.0808871667593,-14.99
2026-04-05 17:15:00+02:00,74.35261274113668,-6.82
2026-04-05 17:30:00+02:00,99.25433794043698,-3.45
2026-04-05 17:45:00+02:00,99.71401953874883,-1.09
2026-04-05 18:00:00+02:00,90.30812858352773,-2.14
2026-04-05 18:15:00+02:00,101.10809381867324,-0.92
2026-04-05 18:30:00+02:00,118.45074550286253,0.0
2026-04-05 18:45:00+02:00,152.4724574724401,2.65
2026-04-05 19:00:00+02:00,135.72748717705232,4.5
2026-04-05 19:15:00+02:00,140.06042160954482,14.01
2026-04-05 19:30:00+02:00,140.683923012566,29.91
2026-04-05 19:45:00+02:00,140.4530815054864,31.75
2026-04-05 20:00:00+02:00,132.01139671284733,29.87
2026-04-05 20:15:00+02:00,120.87898931495847,32.61
2026-04-05 20:30:00+02:00,107.07047665627593,34.72
2026-04-05 20:45:00+02:00,100.9401570632491,36.2
2026-04-05 21:00:00+02:00,116.30749234837494,36.33
2026-04-05 21:15:00+02:00,99.30148998560804,33.07
2026-04-05 21:30:00+02:00,93.6388345678729,31.4
2026-04-05 21:45:00+02:00,78.31902341024028,20.02
2026-04-05 22:00:00+02:00,92.55494976781016,35.72
2026-04-05 22:15:00+02:00,78.83881594038937,30.95
2026-04-05 22:30:00+02:00,75.71012234962468,32.92
2026-04-05 22:45:00+02:00,67.96410305814528,21.92
2026-04-05 23:00:00+02:00,81.22461754799897,34.15
2026-04-05 23:15:00+02:00,72.50220974079429,22.28
2026-04-05 23:30:00+02:00,64.17315091443083,12.96
2026-04-05 23:45:00+02:00,48.62047859318905,6.7
2026-04-06 00:00:00+02:00,25.985590859093932,3.99
2026-04-06 00:15:00+02:00,29.40375870028872,3.95
2026-04-06 00:30:00+02:00,24.14566295950995,2.47
2026-04-06 00:45:00+02:00,31.422615816166356,2.55
2026-04-06 01:00:00+02:00,26.85952846339896,3.18
2026-04-06 01:15:00+02:00,32.61247223375955,2.45
2026-04-06 01:30:00+02:00,33.25377107920916,1.59
2026-04-06 01:45:00+02:00,41.74410329151778,0.72
2026-04-06 02:00:00+02:00,30.202494306147145,1.61
2026-04-06 02:15:00+02:00,27.58660006340736,1.17
2026-04-06 02:30:00+02:00,36.242884194960396,0.9
2026-04-06 02:45:00+02:00,39.91811052580645,0.48
2026-04-06 03:00:00+02:00,28.41019811563396,1.38
2026-04-06 03:15:00+02:00,33.82979872556186,1.34
2026-04-06 03:30:00+02:00,44.26508476548533,1.36
2026-04-06 03:45:00+02:00,41.62509844457381,1.36
2026-04-06 04:00:00+02:00,40.50190735522591,0.66
2026-04-06 04:15:00+02:00,51.435099216634995,0.99
2026-04-06 04:30:00+02:00,51.83873289441832,1.59
2026-04-06 04:45:00+02:00,52.50681408282599,1.0
2026-04-06 05:00:00+02:00,48.4157222014762,2.49
2026-04-06 05:15:00+02:00,53.40992054905838,2.5
2026-04-06 05:30:00+02:00,44.93121481844121,2.11
2026-04-06 05:45:00+02:00,42.96071878017426,1.34
2026-04-06 06:00:00+02:00,55.06059618484937,2.44
2026-04-06 06:15:00+02:00,51.63278039766855,2.12
2026-04-06 06:30:00+02:00,51.22623394781426,2.07
2026-04-06 06:45:00+02:00,46.69280486578998,1.31
2026-04-06 07:00:00+02:00,70.75593634022039,2.44
2026-04-06 07:15:00+02:00,62.07372117552349,1.56
2026-04-06 07:30:00+02:00,46.070958230927744,1.33
2026-04-06 07:45:00+02:00,29.16412208938698,0.0
2026-04-06 08:00:00+02:00,48.816442546637916,-0.01
2026-04-06 08:15:00+02:00,29.973937238178635,-0.02
2026-04-06 08:30:00+02:00,19.52385674569551,-1.01
2026-04-06 08:45:00+02:00,31.654837503042913,-2.73
2026-04-06 09:00:00+02:00,24.403065544041908,-6.1
2026-04-06 09:15:00+02:00,20.352276969183663,-9.95
2026-04-06 09:30:00+02:00,4.784682794608429,-13.36
2026-04-06 09:45:00+02:00,-3.1652201272993494,-15.01
2026-04-06 10:00:00+02:00,11.231045927819295,-15.01
2026-04-06 10:15:00+02:00,0.14406558402136227,-19.98
2026-04-06 10:30:00+02:00,-3.439412388855402,-26.6
2026-04-06 10:45:00+02:00,-6.632938507415787,-42.42
2026-04-06 11:00:00+02:00,-11.053403982241349,-41.7
2026-04-06 11:15:00+02:00,-9.026691002023796,-55.01
2026-04-06 11:30:00+02:00,-10.649331259046576,-68.34
2026-04-06 11:45:00+02:00,-14.319725772197565,-73.99
2026-04-06 12:00:00+02:00,-8.635745194951639,-53.05
2026-04-06 12:15:00+02:00,-7.5681511121453156,-82.77
2026-04-06 12:30:00+02:00,-11.36073192341879,-87.42
2026-04-06 12:45:00+02:00,-14.16056790026326,-94.82
2026-04-06 13:00:00+02:00,-15.569299153070041,-105.25
2026-04-06 13:15:00+02:00,-11.909661720376995,-116.16
2026-04-06 13:30:00+02:00,-10.04574117451834,-134.09
2026-04-06 13:45:00+02:00,-7.987539846351083,-147.05
2026-04-06 14:00:00+02:00,-8.877155771287228,-136.89
2026-04-06 14:15:00+02:00,-12.052453173957176,-127.89
2026-04-06 14:30:00+02:00,-17.83895437208095,-123.06
2026-04-06 14:45:00+02:00,-23.41964403991321,-106.3
2026-04-06 15:00:00+02:00,-14.05605046693077,-114.53
2026-04-06 15:15:00+02:00,-7.1518129870507465,-90.0
2026-04-06 15:30:00+02:00,5.746639918372551,-74.0
2026-04-06 15:45:00+02:00,23.070790783526704,-59.94
2026-04-06 16:00:00+02:00,13.607676760103189,-59.0
2026-04-06 16:15:00+02:00,22.830731795854177,-33.0
2026-04-06 16:30:00+02:00,41.05739182170393,-15.87
2026-04-06 16:45:00+02:00,78.45870550171344,-7.01
2026-04-06 17:00:00+02:00,35.453639642519576,-13.29
2026-04-06 17:15:00+02:00,65.41717484292556,-6.58
2026-04-06 17:30:00+02:00,98.04878581437062,-3.33
2026-04-06 17:45:00+02:00,125.5087341247385,0.76
2026-04-06 18:00:00+02:00,91.4951707888502,0.0
2026-04-06 18:15:00+02:00,115.55316567377812,9.99
2026-04-06 18:30:00+02:00,120.18474677818058,73.31
2026-04-06 18:45:00+02:00,147.4639594708717,111.2
2026-04-06 19:00:00+02:00,131.36617790559035,93.45
2026-04-06 19:15:00+02:00,142.204781843757,110.02
2026-04-06 19:30:00+02:00,156.1832024656698,111.45
2026-04-06 19:45:00+02:00,150.6685245806645,115.83
2026-04-06 20:00:00+02:00,166.95735312529513,117.57
2026-04-06 20:15:00+02:00,159.7437182423459,117.29
2026-04-06 20:30:00+02:00,152.65919128348406,117.27
2026-04-06 20:45:00+02:00,133.15787786366843,111.89
2026-04-06 21:00:00+02:00,152.9961657179846,111.08
2026-04-06 21:15:00+02:00,134.4669599683112,111.01
2026-04-06 21:30:00+02:00,124.92047502975998,108.59
2026-04-06 21:45:00+02:00,116.21008263006169,106.21
2026-04-06 22:00:00+02:00,133.8301846575341,121.5
2026-04-06 22:15:00+02:00,125.16081340966676,117.35
2026-04-06 22:30:00+02:00,121.1161580975696,111.76
2026-04-06 22:45:00+02:00,119.0688631820793,104.78
2026-04-06 23:00:00+02:00,116.42828798189039,116.59
2026-04-06 23:15:00+02:00,112.37553117618496,110.63
2026-04-06 23:30:00+02:00,105.56330984031739,106.81
2026-04-06 23:45:00+02:00,101.18072352543265,101.19
2026-04-07 00:00:00+02:00,109.58325738278177,107.54
2026-04-07 00:15:00+02:00,103.78297877749092,107.23
2026-04-07 00:30:00+02:00,100.77743305561285,107.19
2026-04-07 00:45:00+02:00,100.19074417060618,103.64
2026-04-07 01:00:00+02:00,100.8137884749893,104.28
2026-04-07 01:15:00+02:00,100.5023816132485,101.74
2026-04-07 01:30:00+02:00,101.95340202275858,100.63
2026-04-07 01:45:00+02:00,99.24911319461421,98.53
2026-04-07 02:00:00+02:00,102.33826082711765,102.44
2026-04-07 02:15:00+02:00,101.56744664846455,101.96
2026-04-07 02:30:00+02:00,104.57183148880351,101.25
2026-04-07 02:45:00+02:00,101.87460461559486,100.94
2026-04-07 03:00:00+02:00,97.83335402278145,101.96
2026-04-07 03:15:00+02:00,100.1639289662053,101.63
2026-04-07 03:30:00+02:00,101.7034014184517,102.24
2026-04-07 03:45:00+02:00,103.7326023364459,103.29
2026-04-07 04:00:00+02:00,103.36623222035387,100.28
2026-04-07 04:15:00+02:00,105.30071551452632,103.31
2026-04-07 04:30:00+02:00,107.37190933671032,103.5
2026-04-07 04:45:00+02:00,106.6576701182961,113.45
2026-04-07 05:00:00+02:00,108.5484128461258,109.39
2026-04-07 05:15:00+02:00,107.91177159991828,109.21
2026-04-07 05:30:00+02:00,114.62783009351811,124.0
2026-04-07 05:45:00+02:00,128.60872397908588,128.47
2026-04-07 06:00:00+02:00,113.98485856915947,118.59
2026-04-07 06:15:00+02:00,138.5533293980672,138.13
2026-04-07 06:30:00+02:00,150.94952247511713,149.94
2026-04-07 06:45:00+02:00,155.6328701433784,168.99
2026-04-07 07:00:00+02:00,175.73388432644273,210.34
2026-04-07 07:15:00+02:00,160.97448666400823,204.84
2026-04-07 07:30:00+02:00,136.1555711938008,169.23
2026-04-07 07:45:00+02:00,123.0238830687802,128.64
2026-04-07 08:00:00+02:00,164.6226553916391,198.98
2026-04-07 08:15:00+02:00,133.26773271293942,137.87
2026-04-07 08:30:00+02:00,125.15611628224153,101.59
2026-04-07 08:45:00+02:00,94.32174302894416,72.99
2026-04-07 09:00:00+02:00,130.06722395643837,128.73
2026-04-07 09:15:00+02:00,113.84946399925902,88.41
2026-04-07 09:30:00+02:00,95.29025693677458,71.0
2026-04-07 09:45:00+02:00,81.20778672624122,39.07
2026-04-07 10:00:00+02:00,100.36975735320983,69.3
2026-04-07 10:15:00+02:00,78.52972206620892,27.59
2026-04-07 10:30:00+02:00,60.30686965346972,2.67
2026-04-07 10:45:00+02:00,35.55814343115773,-0.01
2026-04-07 11:00:00+02:00,37.029575796140264,1.06
2026-04-07 11:15:00+02:00,25.841263669098424,0.0
2026-04-07 11:30:00+02:00,14.021690865609166,-0.09
2026-04-07 11:45:00+02:00,10.027016676982129,-1.0
2026-04-07 12:00:00+02:00,21.464885178743145,-0.2
2026-04-07 12:15:00+02:00,11.833636700774235,-1.99
2026-04-07 12:30:00+02:00,9.430767436302695,-4.74
2026-04-07 12:45:00+02:00,-0.8774552459215812,-5.11
2026-04-07 13:00:00+02:00,4.278896738803901,-6.1
2026-04-07 13:15:00+02:00,-2.5168826093840337,-9.94
2026-04-07 13:30:00+02:00,-14.980339273504072,-14.06
2026-04-07 13:45:00+02:00,-10.602004894857906,-15.05
2026-04-07 14:00:00+02:00,-4.324919466858709,-15.07
2026-04-07 14:15:00+02:00,4.930649857786577,-14.65
2026-04-07 14:30:00+02:00,17.080833881908312,-10.09
2026-04-07 14:45:00+02:00,13.554800886812544,-5.11
2026-04-07 15:00:00+02:00,14.612479704038279,-12.27
2026-04-07 15:15:00+02:00,32.746802262701834,-4.3
2026-04-07 15:30:00+02:00,20.65008373100241,-0.24
2026-04-07 15:45:00+02:00,43.666866254080716,-0.01
2026-04-07 16:00:00+02:00,25.83127832775432,-1.42
2026-04-07 16:15:00+02:00,35.5963378205126,-0.01
2026-04-07 16:30:00+02:00,48.014395824069624,0.01
2026-04-07 16:45:00+02:00,73.82532109190129,16.62
2026-04-07 17:00:00+02:00,39.203732721010454,11.59
2026-04-07 17:15:00+02:00,53.32275952531397,69.85
2026-04-07 17:30:00+02:00,92.318174378272,102.65
2026-04-07 17:45:00+02:00,145.68423806873034,135.52
2026-04-07 18:00:00+02:00,104.64581456342431,91.25
2026-04-07 18:15:00+02:00,147.46571457270204,124.79
2026-04-07 18:30:00+02:00,174.21972981453138,140.68
2026-04-07 18:45:00+02:00,185.8984159794722,195.26
2026-04-07 19:00:00+02:00,179.99765542625462,148.71
2026-04-07 19:15:00+02:00,175.72494130080602,179.96
2026-04-07 19:30:00+02:00,146.8746590613613,218.59
2026-04-07 19:45:00+02:00,143.63937891176604,228.85
2026-04-07 20:00:00+02:00,160.6728736734499,228.39
2026-04-07 20:15:00+02:00,148.01343177110363,213.51
2026-04-07 20:30:00+02:00,138.30922204171347,171.11
2026-04-07 20:45:00+02:00,130.2395370557486,142.52
2026-04-07 21:00:00+02:00,133.84287997872084,172.55
2026-04-07 21:15:00+02:00,135.01885463320014,145.31
2026-04-07 21:30:00+02:00,124.6450738272552,137.21
2026-04-07 21:45:00+02:00,117.10933164327848,120.94
2026-04-07 22:00:00+02:00,128.86391380879056,135.5
2026-04-07 22:15:00+02:00,126.49134464355814,129.01
2026-04-07 22:30:00+02:00,123.75055003450534,130.55
2026-04-07 22:45:00+02:00,109.73206583316038,120.98
2026-04-07 23:00:00+02:00,119.28239466432993,127.88
2026-04-07 23:15:00+02:00,114.9663809802559,117.72
2026-04-07 23:30:00+02:00,110.53277887521267,114.54
2026-04-07 23:45:00+02:00,107.39942728719058,112.66
2026-04-08 00:00:00+02:00,118.13419498394953,115.57
2026-04-08 00:15:00+02:00,112.54355004805764,108.22
2026-04-08 00:30:00+02:00,109.98912712882795,103.78
2026-04-08 00:45:00+02:00,112.19718271088459,101.11
2026-04-08 01:00:00+02:00,112.49918163751413,103.93
2026-04-08 01:15:00+02:00,110.62354327176202,103.0
2026-04-08 01:30:00+02:00,113.51898899591629,101.59
2026-04-08 01:45:00+02:00,112.63892270034285,100.32
2026-04-08 02:00:00+02:00,112.17276078239459,101.98
2026-04-08 02:15:00+02:00,109.01684587575464,100.09
2026-04-08 02:30:00+02:00,111.65616857891321,100.37
2026-04-08 02:45:00+02:00,110.48804166896211,100.84
2026-04-08 03:00:00+02:00,108.86386246308457,102.32
2026-04-08 03:15:00+02:00,110.8495816283333,102.38
2026-04-08 03:30:00+02:00,108.92429335496996,103.94
2026-04-08 03:45:00+02:00,110.5527432506761,105.35
2026-04-08 04:00:00+02:00,109.83136740094899,102.32
2026-04-08 04:15:00+02:00,108.25307550792446,104.68
2026-04-08 04:30:00+02:00,110.43998964825734,109.38
2026-04-08 04:45:00+02:00,115.08168988084076,113.67
2026-04-08 05:00:00+02:00,114.96482195082498,103.84
2026-04-08 05:15:00+02:00,114.93610749202864,112.3
2026-04-08 05:30:00+02:00,123.74488457754472,117.89
2026-04-08 05:45:00+02:00,130.60248275565655,133.68
2026-04-08 06:00:00+02:00,121.02728004699463,123.39
2026-04-08 06:15:00+02:00,146.6617471253653,141.24
2026-04-08 06:30:00+02:00,153.817560950143,164.68
2026-04-08 06:45:00+02:00,159.057632094686,169.87
2026-04-08 07:00:00+02:00,186.40473733003475,186.79
2026-04-08 07:15:00+02:00,157.122028745372,184.81
2026-04-08 07:30:00+02:00,149.56865151509203,168.0
2026-04-08 07:45:00+02:00,126.83316008554915,135.59
2026-04-08 08:00:00+02:00,157.46754075368176,185.94
2026-04-08 08:15:00+02:00,137.13013324666915,141.77
2026-04-08 08:30:00+02:00,108.41239208075895,127.79
2026-04-08 08:45:00+02:00,89.83404970884791,98.53
2026-04-08 09:00:00+02:00,129.81362281798607,134.37
2026-04-08 09:15:00+02:00,95.17987683313255,105.99
2026-04-08 09:30:00+02:00,81.80784248553688,87.5
2026-04-08 09:45:00+02:00,55.8255785406774,61.94
2026-04-08 10:00:00+02:00,83.93030254021761,102.36
2026-04-08 10:15:00+02:00,61.110554213676636,75.99
2026-04-08 10:30:00+02:00,38.35620309463123,26.13
2026-04-08 10:45:00+02:00,37.35830615932183,0.0
2026-04-08 11:00:00+02:00,34.35753647374577,5.9
2026-04-08 11:15:00+02:00,46.66815210948124,-0.01
2026-04-08 11:30:00+02:00,41.62375118122938,-1.09
2026-04-08 11:45:00+02:00,17.17638034302896,-5.0
2026-04-08 12:00:00+02:00,29.47009489712793,-5.3
2026-04-08 12:15:00+02:00,21.666585083966417,-18.71
2026-04-08 12:30:00+02:00,17.55404433024887,-21.57
2026-04-08 12:45:00+02:00,9.752626506104129,-29.73
2026-04-08 13:00:00+02:00,10.940774714915833,-26.72
2026-04-08 13:15:00+02:00,6.522841430633079,-30.91
2026-04-08 13:30:00+02:00,-7.5147241314391025,-33.56
2026-04-08 13:45:00+02:00,-11.4188219236582,-39.93
2026-04-08 14:00:00+02:00,-13.058027415240929,-34.0
2026-04-08 14:15:00+02:00,-13.825250348992427,-33.0
2026-04-08 14:30:00+02:00,-10.60585864759355,-29.99
2026-04-08 14:45:00+02:00,-2.9485761725306645,-21.95
2026-04-08 15:00:00+02:00,-11.18659126100313,-23.03
2026-04-08 15:15:00+02:00,3.375768000165678,-18.1
2026-04-08 15:30:00+02:00,-5.107467766085847,-10.4
2026-04-08 15:45:00+02:00,1.856821888013556,-1.09
2026-04-08 16:00:00+02:00,17.34009051513928,-5.89
2026-04-08 16:15:00+02:00,4.555032110027895,-0.01
2026-04-08 16:30:00+02:00,8.863089406194817,1.36
2026-04-08 16:45:00+02:00,41.733650844003364,57.95
2026-04-08 17:00:00+02:00,20.36706681695901,30.08
2026-04-08 17:15:00+02:00,57.99497494052996,85.64
2026-04-08 17:30:00+02:00,92.35351835890512,113.24
2026-04-08 17:45:00+02:00,116.10454885817896,138.54
2026-04-08 18:00:00+02:00,81.56570345159469,109.9
2026-04-08 18:15:00+02:00,106.46691002667134,126.08
2026-04-08 18:30:00+02:00,139.66445778853705,137.92
2026-04-08 18:45:00+02:00,166.59477255103394,163.09
2026-04-08 19:00:00+02:00,152.00102412793123,145.95
2026-04-08 19:15:00+02:00,152.38432501681473,167.02
2026-04-08 19:30:00+02:00,145.64367967049554,181.67
2026-04-08 19:45:00+02:00,140.46519732370288,185.39
2026-04-08 20:00:00+02:00,139.24245596166534,201.01
2026-04-08 20:15:00+02:00,129.15346507618483,163.56
2026-04-08 20:30:00+02:00,119.38167639723329,142.67
2026-04-08 20:45:00+02:00,112.68046170896972,134.97
2026-04-08 21:00:00+02:00,117.60041905438842,154.93
2026-04-08 21:15:00+02:00,112.15079358953201,141.68
2026-04-08 21:30:00+02:00,106.61637894108227,134.8
2026-04-08 21:45:00+02:00,93.88243555849922,117.0
2026-04-08 22:00:00+02:00,106.56325896407567,127.3
2026-04-08 22:15:00+02:00,96.95412742827713,122.59
2026-04-08 22:30:00+02:00,93.1986915165367,121.16
2026-04-08 22:45:00+02:00,83.01050933372794,114.52
2026-04-08 23:00:00+02:00,95.1588592865291,117.37
2026-04-08 23:15:00+02:00,88.27049866887297,110.95
2026-04-08 23:30:00+02:00,82.45916759236859,107.75
2026-04-08 23:45:00+02:00,69.72713240195174,101.83
2026-04-09 00:00:00+02:00,121.15580535960231,109.56
2026-04-09 00:15:00+02:00,112.43678779443374,105.54
2026-04-09 00:30:00+02:00,108.71041291047749,103.09
2026-04-09 00:45:00+02:00,102.3579202827198,101.4
2026-04-09 01:00:00+02:00,108.22409128435498,101.87
2026-04-09 01:15:00+02:00,104.0730654996902,101.42
2026-04-09 01:30:00+02:00,105.19500220682247,100.8
2026-04-09 01:45:00+02:00,102.2741514177586,100.32
2026-04-09 02:00:00+02:00,103.15439718908648,100.81
2026-04-09 02:15:00+02:00,101.76333742932393,100.81
2026-04-09 02:30:00+02:00,100.69008298149141,101.2
2026-04-09 02:45:00+02:00,100.45067929133954,101.56
2026-04-09 03:00:00+02:00,100.86187847332194,100.74
2026-04-09 03:15:00+02:00,100.79436375544417,101.5
2026-04-09 03:30:00+02:00,101.2281255119242,101.95
2026-04-09 03:45:00+02:00,100.13446639349857,103.26
2026-04-09 04:00:00+02:00,101.60364212819881,99.8
2026-04-09 04:15:00+02:00,101.59118842661272,102.4
2026-04-09 04:30:00+02:00,101.75811994273148,105.36
2026-04-09 04:45:00+02:00,102.08790571830458,112.84
2026-04-09 05:00:00+02:00,101.17894317031437,105.09
2026-04-09 05:15:00+02:00,99.17844937655101,110.32
2026-04-09 05:30:00+02:00,107.74261058699145,119.61
2026-04-09 05:45:00+02:00,118.04609285104004,128.47
2026-04-09 06:00:00+02:00,112.47388450619505,118.55
2026-04-09 06:15:00+02:00,120.13375494460828,131.63
2026-04-09 06:30:00+02:00,127.58143778503239,142.8
2026-04-09 06:45:00+02:00,129.85724850789512,148.2
2026-04-09 07:00:00+02:00,143.93611072337353,156.25
2026-04-09 07:15:00+02:00,143.45581327042441,154.83
2026-04-09 07:30:00+02:00,139.24927782421832,146.39
2026-04-09 07:45:00+02:00,119.84236408312798,128.93
2026-04-09 08:00:00+02:00,135.134693731364,158.75
2026-04-09 08:15:00+02:00,127.71369339338911,135.8
2026-04-09 08:30:00+02:00,104.71296284221938,119.69
2026-04-09 08:45:00+02:00,90.5653556065722,98.12
2026-04-09 09:00:00+02:00,118.4169538938666,131.7
2026-04-09 09:15:00+02:00,104.1254452741761,108.58
2026-04-09 09:30:00+02:00,81.24766353841429,89.56
2026-04-09 09:45:00+02:00,50.55547536909012,68.86
2026-04-09 10:00:00+02:00,93.0539921109081,88.44
2026-04-09 10:15:00+02:00,55.19542385282233,74.85
2026-04-09 10:30:00+02:00,5.2841228599156125,47.09
2026-04-09 10:45:00+02:00,1.2906962816042267,9.61
2026-04-09 11:00:00+02:00,-5.400396105651495,4.83
2026-04-09 11:15:00+02:00,7.004534534558644,0.01
2026-04-09 11:30:00+02:00,7.595388427214736,0.0
2026-04-09 11:45:00+02:00,-3.58960639143087,-0.01
2026-04-09 12:00:00+02:00,2.643483326099286,-0.01
2026-04-09 12:15:00+02:00,-9.258497973751474,-0.1
2026-04-09 12:30:00+02:00,-12.246985722384949,-1.09
2026-04-09 12:45:00+02:00,-13.293732768435646,-2.92
2026-04-09 13:00:00+02:00,-11.753359191752565,-3.0
2026-04-09 13:15:00+02:00,-17.853732688262454,-5.16
2026-04-09 13:30:00+02:00,-22.47903824528113,-9.96
2026-04-09 13:45:00+02:00,-20.35019959482031,-13.34
2026-04-09 14:00:00+02:00,-24.318216906408466,-10.25
2026-04-09 14:15:00+02:00,-16.577017814350008,-9.99
2026-04-09 14:30:00+02:00,-19.57398741942501,-7.17
2026-04-09 14:45:00+02:00,-17.31059156894284,-5.14
2026-04-09 15:00:00+02:00,-24.911349733702693,-2.99
2026-04-09 15:15:00+02:00,-10.684558534065843,-1.2
2026-04-09 15:30:00+02:00,0.5680266525557016,-0.93
2026-04-09 15:45:00+02:00,-1.7902873695897057,-0.09
2026-04-09 16:00:00+02:00,-0.104366849741794,-0.01
2026-04-09 16:15:00+02:00,3.847790662000321,3.68
2026-04-09 16:30:00+02:00,15.828146442502032,33.41
2026-04-09 16:45:00+02:00,50.44167436345316,71.24
2026-04-09 17:00:00+02:00,29.592438712760696,27.4
2026-04-09 17:15:00+02:00,75.53830209714516,77.85
2026-04-09 17:30:00+02:00,101.50325864469377,100.71
2026-04-09 17:45:00+02:00,118.14844405873981,124.15
2026-04-09 18:00:00+02:00,97.74123709600042,90.66
2026-04-09 18:15:00+02:00,102.59239549916887,111.65
2026-04-09 18:30:00+02:00,127.01067248543652,126.24
2026-04-09 18:45:00+02:00,157.13910606993767,132.87
2026-04-09 19:00:00+02:00,147.17191899483132,129.26
2026-04-09 19:15:00+02:00,154.55009193707596,132.5
2026-04-09 19:30:00+02:00,137.59155904520628,143.54
2026-04-09 19:45:00+02:00,146.41551468988843,143.37
2026-04-09 20:00:00+02:00,145.16774257159307,154.12
2026-04-09 20:15:00+02:00,132.54749821956437,129.49
2026-04-09 20:30:00+02:00,130.55192788670047,119.65
2026-04-09 20:45:00+02:00,116.62486697522343,106.04
2026-04-09 21:00:00+02:00,140.5600451540101,131.9
2026-04-09 21:15:00+02:00,111.68661691312553,120.15
2026-04-09 21:30:00+02:00,111.54335153644476,105.48
2026-04-09 21:45:00+02:00,89.73695357664784,86.27
2026-04-09 22:00:00+02:00,110.130140456638,109.52
2026-04-09 22:15:00+02:00,95.30151400374781,104.84
2026-04-09 22:30:00+02:00,94.95837728091743,98.23
2026-04-09 22:45:00+02:00,77.74529553082547,88.33
2026-04-09 23:00:00+02:00,92.08048184777438,90.31
2026-04-09 23:15:00+02:00,75.62235423193977,85.51
2026-04-09 23:30:00+02:00,72.71447266230797,79.69
2026-04-09 23:45:00+02:00,64.84914122848377,68.7
2026-04-10 00:00:00+02:00,73.04006724220639,85.57
2026-04-10 00:15:00+02:00,78.35799488295197,81.9
2026-04-10 00:30:00+02:00,76.8644246276758,80.25
2026-04-10 00:45:00+02:00,80.11263103836542,79.8
2026-04-10 01:00:00+02:00,79.97712008848646,81.0
2026-04-10 01:15:00+02:00,81.10807396168991,79.86
2026-04-10 01:30:00+02:00,80.64959906393126,78.42
2026-04-10 01:45:00+02:00,74.98142692373202,78.0
2026-04-10 02:00:00+02:00,78.99089586613238,81.11
2026-04-10 02:15:00+02:00,76.47262685505824,78.58
2026-04-10 02:30:00+02:00,76.82832009381987,78.45
2026-04-10 02:45:00+02:00,78.19141877066106,77.18
2026-04-10 03:00:00+02:00,83.46841586179328,78.49
2026-04-10 03:15:00+02:00,84.02300777579323,78.71
2026-04-10 03:30:00+02:00,84.92924579760646,78.94
2026-04-10 03:45:00+02:00,81.5747565401301,78.07
2026-04-10 04:00:00+02:00,83.87181387453303,78.27
2026-04-10 04:15:00+02:00,83.40104047038561,80.58
2026-04-10 04:30:00+02:00,84.72039925167586,80.84
2026-04-10 04:45:00+02:00,85.76287344822876,84.8
2026-04-10 05:00:00+02:00,87.23089874484334,81.92
2026-04-10 05:15:00+02:00,83.51863828239195,88.08
2026-04-10 05:30:00+02:00,89.3178069186354,86.61
2026-04-10 05:45:00+02:00,90.05185206433926,98.46
2026-04-10 06:00:00+02:00,80.7019161935543,89.88
2026-04-10 06:15:00+02:00,102.37557861154536,118.01
2026-04-10 06:30:00+02:00,102.03153526168845,116.62
2026-04-10 06:45:00+02:00,104.8321459855481,124.12
2026-04-10 07:00:00+02:00,95.0507581126068,127.41
2026-04-10 07:15:00+02:00,105.1866228574019,129.2
2026-04-10 07:30:00+02:00,94.9152010696967,126.21
2026-04-10 07:45:00+02:00,93.49939603099874,122.93
2026-04-10 08:00:00+02:00,111.56043553531703,132.29
2026-04-10 08:15:00+02:00,108.3831478309158,127.2
2026-04-10 08:30:00+02:00,112.8864644236202,123.01
2026-04-10 08:45:00+02:00,112.6018941849735,110.14
2026-04-10 09:00:00+02:00,119.04618653942973,131.18
2026-04-10 09:15:00+02:00,118.85108516505582,119.53
2026-04-10 09:30:00+02:00,115.90914779241915,117.11
2026-04-10 09:45:00+02:00,106.66198516014454,109.24
2026-04-10 10:00:00+02:00,105.94236936273498,118.68
2026-04-10 10:15:00+02:00,108.12887105422007,110.78
2026-04-10 10:30:00+02:00,100.3533618196,111.0
2026-04-10 10:45:00+02:00,95.84589937804499,98.9
2026-04-10 11:00:00+02:00,105.16539622532129,110.21
2026-04-10 11:15:00+02:00,93.0717799665902,102.57
2026-04-10 11:30:00+02:00,84.7812113915688,100.18
2026-04-10 11:45:00+02:00,71.68750073880855,99.0
2026-04-10 12:00:00+02:00,79.30056427771966,95.48
2026-04-10 12:15:00+02:00,76.46666700302424,88.48
2026-04-10 12:30:00+02:00,78.17795916361565,96.02
2026-04-10 12:45:00+02:00,52.558868014121785,88.38
2026-04-10 13:00:00+02:00,71.3829583138683,96.11
2026-04-10 13:15:00+02:00,46.95776661480361,87.94
2026-04-10 13:30:00+02:00,29.048392418221557,84.89
2026-04-10 13:45:00+02:00,24.34858566239912,86.81
2026-04-10 14:00:00+02:00,46.36528845675316,87.91
2026-04-10 14:15:00+02:00,44.65375029797376,85.68
2026-04-10 14:30:00+02:00,54.010987122547974,88.06
2026-04-10 14:45:00+02:00,56.91959481973707,87.95
2026-04-10 15:00:00+02:00,54.761280479549086,86.52
2026-04-10 15:15:00+02:00,55.01018713341838,94.04
2026-04-10 15:30:00+02:00,73.1036821187246,97.13
2026-04-10 15:45:00+02:00,91.72948108221686,98.38
2026-04-10 16:00:00+02:00,61.17320953393208,94.6
2026-04-10 16:15:00+02:00,72.70208247361919,104.03
2026-04-10 16:30:00+02:00,92.30168631202213,112.85
2026-04-10 16:45:00+02:00,114.05158279452218,123.64
2026-04-10 17:00:00+02:00,99.23144840134225,110.2
2026-04-10 17:15:00+02:00,107.76167056330905,123.0
2026-04-10 17:30:00+02:00,125.65824089786656,131.13
2026-04-10 17:45:00+02:00,135.16692772935332,156.08
2026-04-10 18:00:00+02:00,113.50890181366576,128.1
2026-04-10 18:15:00+02:00,129.34511301881594,134.44
2026-04-10 18:30:00+02:00,139.14018842969745,154.01
2026-04-10 18:45:00+02:00,157.10337779164402,204.61
2026-04-10 19:00:00+02:00,143.53629127236763,165.53
2026-04-10 19:15:00+02:00,146.2304381458369,193.17
2026-04-10 19:30:00+02:00,161.72583613435802,237.77
2026-04-10 19:45:00+02:00,164.37349716203582,314.6
2026-04-10 20:00:00+02:00,161.35735162100562,272.0
2026-04-10 20:15:00+02:00,154.0155255665028,259.0
2026-04-10 20:30:00+02:00,149.55097824651136,239.53
2026-04-10 20:45:00+02:00,142.0248983800266,209.93
2026-04-10 21:00:00+02:00,152.85074671954158,215.66
2026-04-10 21:15:00+02:00,141.08578929220562,177.03
2026-04-10 21:30:00+02:00,141.88434531912748,167.0
2026-04-10 21:45:00+02:00,121.88330629272022,146.22
2026-04-10 22:00:00+02:00,137.8434840488323,168.53
2026-04-10 22:15:00+02:00,131.94612032765426,152.51
2026-04-10 22:30:00+02:00,128.7716873017129,144.06
2026-04-10 22:45:00+02:00,122.10936300892834,132.12
2026-04-10 23:00:00+02:00,127.2035809927836,137.88
2026-04-10 23:15:00+02:00,129.4320617420743,132.3
2026-04-10 23:30:00+02:00,124.7741565441916,132.29
2026-04-10 23:45:00+02:00,117.32231718818946,125.37
2026-04-11 00:00:00+02:00,131.30349747016038,147.15
2026-04-11 00:15:00+02:00,128.20889203772293,136.26
2026-04-11 00:30:00+02:00,125.86966793897611,129.36
2026-04-11 00:45:00+02:00,119.6989261272679,123.29
2026-04-11 01:00:00+02:00,122.39720920808075,127.94
2026-04-11 01:15:00+02:00,115.702931307226,123.91
2026-04-11 01:30:00+02:00,109.35341126986187,115.78
2026-04-11 01:45:00+02:00,106.31556589135083,114.9
2026-04-11 02:00:00+02:00,110.06310928222484,116.62
2026-04-11 02:15:00+02:00,105.82390576353133,114.05
2026-04-11 02:30:00+02:00,102.09985877315975,114.14
2026-04-11 02:45:00+02:00,99.09649972869721,112.72
2026-04-11 03:00:00+02:00,103.1074941348213,114.99
2026-04-11 03:15:00+02:00,98.83984369517407,113.25
2026-04-11 03:30:00+02:00,97.1671491153422,112.32
2026-04-11 03:45:00+02:00,97.78808086786007,108.84
2026-04-11 04:00:00+02:00,95.4309026836344,113.01
2026-04-11 04:15:00+02:00,96.72475070389922,112.06
2026-04-11 04:30:00+02:00,99.54237399996455,111.08
2026-04-11 04:45:00+02:00,99.9140885796218,107.2
2026-04-11 05:00:00+02:00,96.18684043505806,111.76
2026-04-11 05:15:00+02:00,99.25046191899757,107.76
2026-04-11 05:30:00+02:00,102.2458501043527,107.53
2026-04-11 05:45:00+02:00,100.91591224605081,106.39
2026-04-11 06:00:00+02:00,106.011823339306,107.42
2026-04-11 06:15:00+02:00,93.46617617922394,108.66
2026-04-11 06:30:00+02:00,77.23584023371504,108.46
2026-04-11 06:45:00+02:00,74.61940507093476,101.88
2026-04-11 07:00:00+02:00,106.5174493600783,110.3
2026-04-11 07:15:00+02:00,74.56430385352635,105.7
2026-04-11 07:30:00+02:00,77.08583547423643,90.49
2026-04-11 07:45:00+02:00,54.55722022298013,66.46
2026-04-11 08:00:00+02:00,85.37551514474791,103.62
2026-04-11 08:15:00+02:00,55.39725988536286,87.41
2026-04-11 08:30:00+02:00,40.98394658543671,63.77
2026-04-11 08:45:00+02:00,38.68458451357551,23.64
2026-04-11 09:00:00+02:00,44.46484315384346,55.81
2026-04-11 09:15:00+02:00,21.851673649153142,22.46
2026-04-11 09:30:00+02:00,44.12448444253647,8.0
2026-04-11 09:45:00+02:00,24.08984650929507,0.01
2026-04-11 10:00:00+02:00,40.266717047685795,7.73
2026-04-11 10:15:00+02:00,44.82451220194596,0.0
2026-04-11 10:30:00+02:00,18.300959247161032,-1.01
2026-04-11 10:45:00+02:00,-10.674828887339416,-7.35
2026-04-11 11:00:00+02:00,-4.67036961323204,-1.0
2026-04-11 11:15:00+02:00,-30.547928089340203,-2.17
2026-04-11 11:30:00+02:00,-15.273861189073472,-9.99
2026-04-11 11:45:00+02:00,-9.447909517913168,-20.07
2026-04-11 12:00:00+02:00,0.325964437742158,-20.09
2026-04-11 12:15:00+02:00,-6.377906062953585,-39.93
2026-04-11 12:30:00+02:00,-14.123595627655988,-42.74
2026-04-11 12:45:00+02:00,-20.319501135077957,-58.25
2026-04-11 13:00:00+02:00,-21.845017558112914,-70.01
2026-04-11 13:15:00+02:00,-35.77219328475855,-74.74
2026-04-11 13:30:00+02:00,-33.51371146611315,-84.8
2026-04-11 13:45:00+02:00,-37.94371558927173,-90.31
2026-04-11 14:00:00+02:00,-39.19725128227189,-82.01
2026-04-11 14:15:00+02:00,-19.47751703223036,-79.75
2026-04-11 14:30:00+02:00,-17.436427336472292,-74.99
2026-04-11 14:45:00+02:00,-26.905092005385924,-73.79
2026-04-11 15:00:00+02:00,-15.382879068563284,-63.01
2026-04-11 15:15:00+02:00,-18.97452998181049,-50.3
2026-04-11 15:30:00+02:00,-18.816067050383595,-40.0
2026-04-11 15:45:00+02:00,-14.16110923101023,-30.0
2026-04-11 16:00:00+02:00,-11.029789763282949,-29.93
2026-04-11 16:15:00+02:00,-4.43140951967483,-15.0
2026-04-11 16:30:00+02:00,11.270601815492242,-8.3
2026-04-11 16:45:00+02:00,52.34701327335854,-9.96
2026-04-11 17:00:00+02:00,15.263890674967627,-4.1
2026-04-11 17:15:00+02:00,47.323443893869,-3.0
2026-04-11 17:30:00+02:00,60.39493535181096,-0.55
2026-04-11 17:45:00+02:00,73.82191678547558,4.79
2026-04-11 18:00:00+02:00,51.90818362652094,2.38
2026-04-11 18:15:00+02:00,70.59649060615443,37.1
2026-04-11 18:30:00+02:00,118.47193730526433,60.41
2026-04-11 18:45:00+02:00,131.59706092975156,74.9
2026-04-11 19:00:00+02:00,127.28687792161803,68.11
2026-04-11 19:15:00+02:00,128.78949158239175,75.32
2026-04-11 19:30:00+02:00,126.90417377137,76.99
2026-04-11 19:45:00+02:00,118.35288582724017,74.85
2026-04-11 20:00:00+02:00,134.68296492810106,86.19
2026-04-11 20:15:00+02:00,105.19785683757286,70.09
2026-04-11 20:30:00+02:00,101.98108305113416,74.95
2026-04-11 20:45:00+02:00,100.21927335347554,67.92
2026-04-11 21:00:00+02:00,104.06460170552556,67.99
2026-04-11 21:15:00+02:00,109.26355232050398,66.94
2026-04-11 21:30:00+02:00,97.93502943050008,63.0
2026-04-11 21:45:00+02:00,97.26422782918256,63.0
2026-04-11 22:00:00+02:00,101.06124215166538,69.97
2026-04-11 22:15:00+02:00,98.04850030924354,71.04
2026-04-11 22:30:00+02:00,94.4479105856405,70.51
2026-04-11 22:45:00+02:00,97.53172005562645,62.99
2026-04-11 23:00:00+02:00,103.13412294808465,70.01
2026-04-11 23:15:00+02:00,96.51084803566255,70.05
2026-04-11 23:30:00+02:00,91.93657067447805,69.13
2026-04-11 23:45:00+02:00,82.6053338305414,65.31
2026-04-12 00:00:00+02:00,62.729355668779974,70.01
2026-04-12 00:15:00+02:00,66.43826163570309,71.02
2026-04-12 00:30:00+02:00,65.74943480670811,75.15
2026-04-12 00:45:00+02:00,61.17137719449084,73.91
2026-04-12 01:00:00+02:00,65.52793094388697,77.1
2026-04-12 01:15:00+02:00,65.87301452874904,73.27
2026-04-12 01:30:00+02:00,64.75203915257438,76.21
2026-04-12 01:45:00+02:00,65.87618408788029,79.71
2026-04-12 02:00:00+02:00,63.9131834496048,77.47
2026-04-12 02:15:00+02:00,62.41208474424313,80.11
2026-04-12 02:30:00+02:00,62.1880619343631,80.68
2026-04-12 02:45:00+02:00,64.45527527964671,83.43
2026-04-12 03:00:00+02:00,63.96321932812758,82.4
2026-04-12 03:15:00+02:00,65.00220704621653,85.59
2026-04-12 03:30:00+02:00,65.42140105858388,84.93
2026-04-12 03:45:00+02:00,68.97402096032386,88.12
2026-04-12 04:00:00+02:00,63.68067250298441,91.29
2026-04-12 04:15:00+02:00,69.8559011991376,93.06
2026-04-12 04:30:00+02:00,73.3267137952863,96.18
2026-04-12 04:45:00+02:00,79.2714063576566,99.88
2026-04-12 05:00:00+02:00,71.78824674866439,95.62
2026-04-12 05:15:00+02:00,78.67258631797222,99.34
2026-04-12 05:30:00+02:00,79.91074207811016,99.31
2026-04-12 05:45:00+02:00,88.72910626880149,97.93
2026-04-12 06:00:00+02:00,78.74914683973292,101.6
2026-04-12 06:15:00+02:00,95.7615457464903,101.13
2026-04-12 06:30:00+02:00,92.89809912060554,97.06
2026-04-12 06:45:00+02:00,103.04699648494245,95.01
2026-04-12 07:00:00+02:00,115.39988786047954,105.19
2026-04-12 07:15:00+02:00,110.99955221374785,95.95
2026-04-12 07:30:00+02:00,97.68067217222881,89.19
2026-04-12 07:45:00+02:00,106.2757363362793,86.94
2026-04-12 08:00:00+02:00,114.2131337983331,87.99
2026-04-12 08:15:00+02:00,109.23605442654454,81.28
2026-04-12 08:30:00+02:00,112.21501267839851,77.14
2026-04-12 08:45:00+02:00,99.71801230799403,58.0
2026-04-12 09:00:00+02:00,118.12913353789277,63.61
2026-04-12 09:15:00+02:00,105.30628338809821,56.98
2026-04-12 09:30:00+02:00,100.1215555905109,47.69
2026-04-12 09:45:00+02:00,95.71195295044427,45.01
2026-04-12 10:00:00+02:00,111.47273590838674,49.72
2026-04-12 10:15:00+02:00,97.81008837213265,24.93
2026-04-12 10:30:00+02:00,83.38768211716312,25.05
2026-04-12 10:45:00+02:00,82.73502461329512,21.23
2026-04-12 11:00:00+02:00,75.74103813357414,26.25
2026-04-12 11:15:00+02:00,63.989234619072704,23.67
2026-04-12 11:30:00+02:00,69.45909924418183,20.79
2026-04-12 11:45:00+02:00,71.51906610532272,18.95
2026-04-12 12:00:00+02:00,75.827265281142,21.58
2026-04-12 12:15:00+02:00,62.8107869478149,16.25
2026-04-12 12:30:00+02:00,58.32271551553426,15.0
2026-04-12 12:45:00+02:00,49.398248421088184,7.07
2026-04-12 13:00:00+02:00,57.34922350092607,5.56
2026-04-12 13:15:00+02:00,50.25941302543609,2.0
2026-04-12 13:30:00+02:00,52.12216585381577,0.18
2026-04-12 13:45:00+02:00,44.51334250891548,0.14
2026-04-12 14:00:00+02:00,44.55251905924653,0.0
2026-04-12 14:15:00+02:00,59.21443901486104,3.29
2026-04-12 14:30:00+02:00,63.49583859573527,8.1
2026-04-12 14:45:00+02:00,71.72944703361522,7.11
2026-04-12 15:00:00+02:00,57.281412823131134,5.96
2026-04-12 15:15:00+02:00,71.84850642410109,10.04
2026-04-12 15:30:00+02:00,82.4821945654517,17.23
2026-04-12 15:45:00+02:00,105.63103788367611,30.39
2026-04-12 16:00:00+02:00,76.2943530283454,33.09
2026-04-12 16:15:00+02:00,91.145953707865,62.55
2026-04-12 16:30:00+02:00,125.48603735638278,67.35
2026-04-12 16:45:00+02:00,132.69187611912378,107.21
2026-04-12 17:00:00+02:00,117.70598476270773,64.22
2026-04-12 17:15:00+02:00,121.41939433769917,98.68
2026-04-12 17:30:00+02:00,139.82242187006332,132.84
2026-04-12 17:45:00+02:00,170.0309371498108,144.97
2026-04-12 18:00:00+02:00,157.38375167744056,123.0
2026-04-12 18:15:00+02:00,171.93988864746945,130.98
2026-04-12 18:30:00+02:00,172.26723301286523,140.14
2026-04-12 18:45:00+02:00,174.43708909238927,147.43
2026-04-12 19:00:00+02:00,175.71346241070796,138.38
2026-04-12 19:15:00+02:00,161.68160346064371,137.36
2026-04-12 19:30:00+02:00,172.43670986496858,146.27
2026-04-12 19:45:00+02:00,164.66114040384528,157.05
2026-04-12 20:00:00+02:00,186.3796712441398,150.82
2026-04-12 20:15:00+02:00,160.3794062689727,148.84
2026-04-12 20:30:00+02:00,154.86935645100388,147.04
2026-04-12 20:45:00+02:00,145.30115188971888,140.51
2026-04-12 21:00:00+02:00,144.31466262890777,140.92
2026-04-12 21:15:00+02:00,146.77100478921645,135.3
2026-04-12 21:30:00+02:00,136.0541003296452,137.3
2026-04-12 21:45:00+02:00,130.64400831903538,133.41
2026-04-12 22:00:00+02:00,143.2561713861138,139.59
2026-04-12 22:15:00+02:00,131.55848361759234,134.7
2026-04-12 22:30:00+02:00,128.7017976093399,128.72
2026-04-12 22:45:00+02:00,119.01618016694151,119.42
2026-04-12 23:00:00+02:00,131.3292140929908,135.05
2026-04-12 23:15:00+02:00,126.59459720615266,119.37
2026-04-12 23:30:00+02:00,116.35456250402812,119.42
2026-04-12 23:45:00+02:00,113.07207594862005,110.23
2026-04-13 00:00:00+02:00,145.03224149935232,123.33
2026-04-13 00:15:00+02:00,130.64180200531342,119.38
2026-04-13 00:30:00+02:00,131.4672820494358,113.46
2026-04-13 00:45:00+02:00,120.56005315829822,110.0
2026-04-13 01:00:00+02:00,125.5928028337919,113.29
2026-04-13 01:15:00+02:00,122.05257814327734,110.6
2026-04-13 01:30:00+02:00,118.63316438540193,110.0
2026-04-13 01:45:00+02:00,111.80383206301346,105.29
2026-04-13 02:00:00+02:00,119.91282711007122,109.2
2026-04-13 02:15:00+02:00,115.1542710289367,104.06
2026-04-13 02:30:00+02:00,114.01400459652214,108.32
2026-04-13 02:45:00+02:00,114.48038029246298,107.68
2026-04-13 03:00:00+02:00,118.59502597189157,109.5
2026-04-13 03:15:00+02:00,114.90464073135485,106.9
2026-04-13 03:30:00+02:00,113.51945433931269,108.09
2026-04-13 03:45:00+02:00,116.1968855106977,105.87
2026-04-13 04:00:00+02:00,115.83103565936416,109.16
2026-04-13 04:15:00+02:00,118.49095551565503,109.57
2026-04-13 04:30:00+02:00,120.71124160987888,108.72
2026-04-13 04:45:00+02:00,119.11363462977498,112.63
2026-04-13 05:00:00+02:00,119.7496647030571,112.68
2026-04-13 05:15:00+02:00,121.03885365621369,114.37
2026-04-13 05:30:00+02:00,119.35089984837063,119.44
2026-04-13 05:45:00+02:00,124.24124734195475,129.8
2026-04-13 06:00:00+02:00,119.94579244344851,125.98
2026-04-13 06:15:00+02:00,123.06548395778414,135.37
2026-04-13 06:30:00+02:00,126.38870406952029,142.73
2026-04-13 06:45:00+02:00,142.15531786520842,140.38
2026-04-13 07:00:00+02:00,128.8438667659014,145.96
2026-04-13 07:15:00+02:00,139.25015970282655,145.26
2026-04-13 07:30:00+02:00,139.36106460310987,144.37
2026-04-13 07:45:00+02:00,120.59420503634675,144.89
2026-04-13 08:00:00+02:00,156.7461792862769,218.0
2026-04-13 08:15:00+02:00,139.26335088682262,172.22
2026-04-13 08:30:00+02:00,122.05955367961991,156.19
2026-04-13 08:45:00+02:00,120.52119705800918,149.11
2026-04-13 09:00:00+02:00,133.74889473073813,192.37
2026-04-13 09:15:00+02:00,125.33592397692038,174.81
2026-04-13 09:30:00+02:00,117.96565104991986,145.78
2026-04-13 09:45:00+02:00,116.45230518026625,130.9
2026-04-13 10:00:00+02:00,125.83409747669937,177.03
2026-04-13 10:15:00+02:00,113.62437695599516,133.0
2026-04-13 10:30:00+02:00,112.82840924337728,126.4
2026-04-13 10:45:00+02:00,109.15114226592544,118.09
2026-04-13 11:00:00+02:00,110.9926319959231,126.53
2026-04-13 11:15:00+02:00,108.72684006132319,112.81
2026-04-13 11:30:00+02:00,106.57295713718784,110.91
2026-04-13 11:45:00+02:00,104.4349879770425,113.75
2026-04-13 12:00:00+02:00,108.56076669114917,112.82
2026-04-13 12:15:00+02:00,103.73297922804105,101.02
2026-04-13 12:30:00+02:00,95.57269672850208,104.84
2026-04-13 12:45:00+02:00,75.75214583172388,100.26
2026-04-13 13:00:00+02:00,92.70976909590564,99.79
2026-04-13 13:15:00+02:00,81.78804639720961,97.45
2026-04-13 13:30:00+02:00,58.42329347161144,97.04
2026-04-13 13:45:00+02:00,47.25727747264134,95.29
2026-04-13 14:00:00+02:00,68.17722520570362,98.25
2026-04-13 14:15:00+02:00,59.61060310573761,99.31
2026-04-13 14:30:00+02:00,44.433212883347466,103.3
2026-04-13 14:45:00+02:00,50.85394372348762,105.92
2026-04-13 15:00:00+02:00,52.48643379119599,100.4
2026-04-13 15:15:00+02:00,54.55811826502428,103.78
2026-04-13 15:30:00+02:00,59.556357905899155,103.37
2026-04-13 15:45:00+02:00,80.87592314186017,111.0
2026-04-13 16:00:00+02:00,69.3576649831112,97.93
2026-04-13 16:15:00+02:00,83.6555976149213,103.38
2026-04-13 16:30:00+02:00,80.42248494531347,117.7
2026-04-13 16:45:00+02:00,105.23362307320939,139.38
2026-04-13 17:00:00+02:00,90.38355929541214,101.21
2026-04-13 17:15:00+02:00,95.72944765827015,122.41
2026-04-13 17:30:00+02:00,122.64349289869267,140.89
2026-04-13 17:45:00+02:00,119.2745624114761,157.0
2026-04-13 18:00:00+02:00,107.02173860056958,132.24
2026-04-13 18:15:00+02:00,117.56268413969572,141.86
2026-04-13 18:30:00+02:00,135.29322727767862,150.17
2026-04-13 18:45:00+02:00,152.95921445200557,168.53
2026-04-13 19:00:00+02:00,137.59762738249975,149.68
2026-04-13 19:15:00+02:00,152.3923175385489,162.83
2026-04-13 19:30:00+02:00,180.33200014968637,166.56
2026-04-13 19:45:00+02:00,169.5439524815348,179.02
2026-04-13 20:00:00+02:00,167.03320155830085,165.6
2026-04-13 20:15:00+02:00,159.97717610692064,165.37
2026-04-13 20:30:00+02:00,147.1661564491428,151.47
2026-04-13 20:45:00+02:00,142.68272373122562,144.0
2026-04-13 21:00:00+02:00,148.95224476982176,152.42
2026-04-13 21:15:00+02:00,142.76892861459478,144.3
2026-04-13 21:30:00+02:00,136.28538606333814,131.88
2026-04-13 21:45:00+02:00,132.43532020668397,127.59
2026-04-13 22:00:00+02:00,140.99808606914306,137.14
2026-04-13 22:15:00+02:00,132.1443112714417,131.99
2026-04-13 22:30:00+02:00,129.55532745308477,127.96
2026-04-13 22:45:00+02:00,128.7794460965279,121.95
2026-04-13 23:00:00+02:00,137.39262105560522,130.92
2026-04-13 23:15:00+02:00,125.25134223660001,124.36
2026-04-13 23:30:00+02:00,122.38026187293535,122.0
2026-04-13 23:45:00+02:00,105.6736381053144,113.23
2026-04-14 00:00:00+02:00,128.70984778675762,123.64
2026-04-14 00:15:00+02:00,121.23702246507008,116.21
2026-04-14 00:30:00+02:00,113.67331328492291,113.33
2026-04-14 00:45:00+02:00,109.05333989862852,111.07
2026-04-14 01:00:00+02:00,113.57171751233143,113.56
2026-04-14 01:15:00+02:00,112.14360766121868,113.25
2026-04-14 01:30:00+02:00,117.081715033958,112.79
2026-04-14 01:45:00+02:00,113.47903998900782,115.06
2026-04-14 02:00:00+02:00,115.79857644144752,115.1
2026-04-14 02:15:00+02:00,113.55620613988671,115.0
2026-04-14 02:30:00+02:00,111.22858149832577,114.39
2026-04-14 02:45:00+02:00,111.78238182934209,115.47
2026-04-14 03:00:00+02:00,111.69239767265648,113.2
2026-04-14 03:15:00+02:00,113.84152818853968,112.86
2026-04-14 03:30:00+02:00,112.09754689053335,113.8
2026-04-14 03:45:00+02:00,117.22511005448939,113.68
2026-04-14 04:00:00+02:00,114.58909759591678,113.49
2026-04-14 04:15:00+02:00,115.97337066277996,114.55
2026-04-14 04:30:00+02:00,117.92333304495781,114.94
2026-04-14 04:45:00+02:00,121.93938528154395,115.74
2026-04-14 05:00:00+02:00,115.42013567688377,114.27
2026-04-14 05:15:00+02:00,122.66771495628502,116.19
2026-04-14 05:30:00+02:00,132.20718367176386,117.37
2026-04-14 05:45:00+02:00,137.3938510762524,124.76
2026-04-14 06:00:00+02:00,135.89005174590662,119.56
2026-04-14 06:15:00+02:00,142.89264912447183,136.61
2026-04-14 06:30:00+02:00,151.8458554524899,142.53
2026-04-14 06:45:00+02:00,172.60523239631013,156.18
2026-04-14 07:00:00+02:00,162.29229316152384,156.85
2026-04-14 07:15:00+02:00,162.80082447839163,167.82
2026-04-14 07:30:00+02:00,166.6901718812956,171.86
2026-04-14 07:45:00+02:00,150.0002820743827,155.56
2026-04-14 08:00:00+02:00,205.42651811875248,196.18
2026-04-14 08:15:00+02:00,164.2581858304531,179.4
2026-04-14 08:30:00+02:00,149.71454619691514,150.29
2026-04-14 08:45:00+02:00,140.9397577368656,132.11
2026-04-14 09:00:00+02:00,171.2841121893161,172.43
2026-04-14 09:15:00+02:00,154.92146285640672,145.1
2026-04-14 09:30:00+02:00,132.06909584791487,139.98
2026-04-14 09:45:00+02:00,122.65672010609393,119.81
2026-04-14 10:00:00+02:00,136.6859073057251,142.04
2026-04-14 10:15:00+02:00,129.0285873950352,129.9
2026-04-14 10:30:00+02:00,125.26668803622387,121.58
2026-04-14 10:45:00+02:00,112.3039115981856,121.8
2026-04-14 11:00:00+02:00,119.83249324116652,120.14
2026-04-14 11:15:00+02:00,112.94195268911007,118.85
2026-04-14 11:30:00+02:00,106.69492303562745,116.48
2026-04-14 11:45:00+02:00,109.82512342804898,113.86
2026-04-14 12:00:00+02:00,117.0359006045714,114.14
2026-04-14 12:15:00+02:00,99.69730074607222,110.3
2026-04-14 12:30:00+02:00,100.10173432047225,107.84
2026-04-14 12:45:00+02:00,92.06517984992104,105.75
2026-04-14 13:00:00+02:00,91.52131797767893,106.95
2026-04-14 13:15:00+02:00,82.77135515858103,105.83
2026-04-14 13:30:00+02:00,71.86699227641462,105.07
2026-04-14 13:45:00+02:00,70.28742537537487,100.95
2026-04-14 14:00:00+02:00,70.09110804238222,100.87
2026-04-14 14:15:00+02:00,85.74092827316697,105.19
2026-04-14 14:30:00+02:00,80.07385409212735,109.3
2026-04-14 14:45:00+02:00,86.07733490589408,120.28
2026-04-14 15:00:00+02:00,87.69921745660804,103.41
2026-04-14 15:15:00+02:00,96.52138475787677,112.6
2026-04-14 15:30:00+02:00,97.19501433074264,120.0
2026-04-14 15:45:00+02:00,117.94877155626081,126.26
2026-04-14 16:00:00+02:00,99.53516774991328,110.29
2026-04-14 16:15:00+02:00,115.32456792553958,114.16
2026-04-14 16:30:00+02:00,105.40137693412252,127.0
2026-04-14 16:45:00+02:00,133.54367411022704,135.33
2026-04-14 17:00:00+02:00,119.06592804752982,118.28
2026-04-14 17:15:00+02:00,124.1052620175496,135.3
2026-04-14 17:30:00+02:00,139.03738919848803,146.21
2026-04-14 17:45:00+02:00,158.19132259636996,149.96
2026-04-14 18:00:00+02:00,127.30155388191355,135.06
2026-04-14 18:15:00+02:00,148.67401840660148,148.96
2026-04-14 18:30:00+02:00,164.59766801137295,164.24
2026-04-14 18:45:00+02:00,180.33766131945964,191.8
2026-04-14 19:00:00+02:00,174.77049510621353,173.74
2026-04-14 19:15:00+02:00,168.1957729170003,195.19
2026-04-14 19:30:00+02:00,193.50321146896297,236.85
2026-04-14 19:45:00+02:00,204.51768218997375,293.23
2026-04-14 20:00:00+02:00,190.83885678888663,261.01
2026-04-14 20:15:00+02:00,194.03601547625505,255.73
2026-04-14 20:30:00+02:00,166.5286914812716,225.48
2026-04-14 20:45:00+02:00,151.11199653778456,194.89
2026-04-14 21:00:00+02:00,175.55252103584235,186.67
2026-04-14 21:15:00+02:00,161.50430965988073,171.0
2026-04-14 21:30:00+02:00,144.15341959701277,156.41
2026-04-14 21:45:00+02:00,133.05221407849,149.71
2026-04-14 22:00:00+02:00,149.0287488846772,160.64
2026-04-14 22:15:00+02:00,142.37290065739717,152.06
2026-04-14 22:30:00+02:00,138.39894739447817,145.55
2026-04-14 22:45:00+02:00,127.35442611081291,134.78
2026-04-14 23:00:00+02:00,142.40321819690553,150.01
2026-04-14 23:15:00+02:00,133.86001631971183,139.93
2026-04-14 23:30:00+02:00,126.59456721084693,131.53
2026-04-14 23:45:00+02:00,117.55388066515104,120.01
2026-04-15 00:00:00+02:00,136.6215394333813,126.14
2026-04-15 00:15:00+02:00,129.39088397467168,123.58
2026-04-15 00:30:00+02:00,130.52976478149148,120.0
2026-04-15 00:45:00+02:00,126.68970567389135,116.68
2026-04-15 01:00:00+02:00,129.18914792830262,119.9
2026-04-15 01:15:00+02:00,128.20017387603383,118.03
2026-04-15 01:30:00+02:00,128.46235537050867,114.89
2026-04-15 01:45:00+02:00,124.40130092469786,113.01
2026-04-15 02:00:00+02:00,128.7677966617009,113.69
2026-04-15 02:15:00+02:00,126.26165783708889,112.7
2026-04-15 02:30:00+02:00,125.11040616098289,110.67
2026-04-15 02:45:00+02:00,125.46155249617846,110.01
2026-04-15 03:00:00+02:00,125.83053513009393,110.0
2026-04-15 03:15:00+02:00,126.10849243213158,110.02
2026-04-15 03:30:00+02:00,126.92591850660459,110.04
2026-04-15 03:45:00+02:00,128.54152080536795,110.01
2026-04-15 04:00:00+02:00,125.60331476400856,110.1
2026-04-15 04:15:00+02:00,126.99925997448929,109.01
2026-04-15 04:30:00+02:00,129.99395427444574,111.27
2026-04-15 04:45:00+02:00,132.7120277178999,112.99
2026-04-15 05:00:00+02:00,128.65257912617597,114.68
2026-04-15 05:15:00+02:00,134.77302259432759,119.66
2026-04-15 05:30:00+02:00,144.47292958999333,124.88
2026-04-15 05:45:00+02:00,155.98373963797695,133.5
2026-04-15 06:00:00+02:00,142.19979460340593,137.86
2026-04-15 06:15:00+02:00,165.86246077725872,147.47
2026-04-15 06:30:00+02:00,173.01522211246032,151.83
2026-04-15 06:45:00+02:00,181.6821764690403,156.6
2026-04-15 07:00:00+02:00,197.3414577266389,166.92
2026-04-15 07:15:00+02:00,180.57641179894907,164.87
2026-04-15 07:30:00+02:00,168.5875503701337,161.28
2026-04-15 07:45:00+02:00,151.32376698660823,145.14
2026-04-15 08:00:00+02:00,204.1474491013961,164.5
2026-04-15 08:15:00+02:00,164.7464526159231,145.88
2026-04-15 08:30:00+02:00,151.33805937772604,135.77
2026-04-15 08:45:00+02:00,115.01175525324764,114.25
2026-04-15 09:00:00+02:00,153.91999371478784,130.0
2026-04-15 09:15:00+02:00,123.69590967067202,121.94
2026-04-15 09:30:00+02:00,122.9304855533932,110.1
2026-04-15 09:45:00+02:00,106.01612794406277,103.24
2026-04-15 10:00:00+02:00,119.69598014563067,126.0
2026-04-15 10:15:00+02:00,107.05918666105156,101.84
2026-04-15 10:30:00+02:00,102.79378362088642,94.31
2026-04-15 10:45:00+02:00,78.9613425918212,81.06
2026-04-15 11:00:00+02:00,97.7986412716113,99.33
2026-04-15 11:15:00+02:00,78.90172719533723,84.92
2026-04-15 11:30:00+02:00,73.41559247104053,74.39
2026-04-15 11:45:00+02:00,66.41045475925054,57.12
2026-04-15 12:00:00+02:00,78.64169413362825,69.62
2026-04-15 12:15:00+02:00,58.23486775445241,60.08
2026-04-15 12:30:00+02:00,58.6876982423214,54.46
2026-04-15 12:45:00+02:00,61.55980146028975,49.11
2026-04-15 13:00:00+02:00,59.342488572597574,50.05
2026-04-15 13:15:00+02:00,55.67590288369648,48.1
2026-04-15 13:30:00+02:00,64.15965668708196,50.44
2026-04-15 13:45:00+02:00,67.9982509722072,52.34
2026-04-15 14:00:00+02:00,73.00108582593113,48.99
2026-04-15 14:15:00+02:00,70.51213745982096,61.05
2026-04-15 14:30:00+02:00,82.78535544732338,73.01
2026-04-15 14:45:00+02:00,105.65525586083193,85.98
2026-04-15 15:00:00+02:00,75.1641136474766,65.53
2026-04-15 15:15:00+02:00,99.16769790963312,76.49
2026-04-15 15:30:00+02:00,99.99901115379336,86.5
2026-04-15 15:45:00+02:00,118.39611760377794,97.45
2026-04-15 16:00:00+02:00,93.42335779432669,84.77
2026-04-15 16:15:00+02:00,113.75980093942991,96.5
2026-04-15 16:30:00+02:00,119.59782020799034,104.64
2026-04-15 16:45:00+02:00,137.31776211319044,111.11
2026-04-15 17:00:00+02:00,109.68555673759286,109.41
2026-04-15 17:15:00+02:00,115.53002483344194,118.4
2026-04-15 17:30:00+02:00,134.44166632081942,130.91
2026-04-15 17:45:00+02:00,159.88923105955328,140.64
2026-04-15 18:00:00+02:00,119.29795450452112,127.12
2026-04-15 18:15:00+02:00,167.67068119156977,135.0
2026-04-15 18:30:00+02:00,190.90202881178624,145.86
2026-04-15 18:45:00+02:00,217.10127551917344,159.62
2026-04-15 19:00:00+02:00,200.7105077486258,158.13
2026-04-15 19:15:00+02:00,202.34728794429722,164.62
2026-04-15 19:30:00+02:00,192.5223587080455,187.92
2026-04-15 19:45:00+02:00,192.0832516468078,209.65
2026-04-15 20:00:00+02:00,197.9074097116873,204.51
2026-04-15 20:15:00+02:00,176.1377625542456,188.23
2026-04-15 20:30:00+02:00,170.6234715652104,178.22
2026-04-15 20:45:00+02:00,154.38131951582153,152.24
2026-04-15 21:00:00+02:00,166.402655683618,170.1
2026-04-15 21:15:00+02:00,159.61140261101386,149.58
2026-04-15 21:30:00+02:00,151.15164864225628,142.54
2026-04-15 21:45:00+02:00,142.0952473142356,130.1
2026-04-15 22:00:00+02:00,153.86591748380272,142.94
2026-04-15 22:15:00+02:00,145.2763507302603,135.01
2026-04-15 22:30:00+02:00,137.23794944020221,129.08
2026-04-15 22:45:00+02:00,129.8048524319004,123.71
2026-04-15 23:00:00+02:00,136.89526577295217,131.73
2026-04-15 23:15:00+02:00,127.20661408064663,121.91
2026-04-15 23:30:00+02:00,126.2851802974029,113.17
2026-04-15 23:45:00+02:00,116.14858021536381,104.27
2026-04-16 00:00:00+02:00,132.3547083507716,112.51
2026-04-16 00:15:00+02:00,124.68260579791735,108.71
2026-04-16 00:30:00+02:00,118.12321814276184,103.53
2026-04-16 00:45:00+02:00,111.3038174850006,100.11
2026-04-16 01:00:00+02:00,122.68202149867977,104.62
2026-04-16 01:15:00+02:00,119.48159038271403,100.89
2026-04-16 01:30:00+02:00,118.48965608649783,100.35
2026-04-16 01:45:00+02:00,114.4251224176707,99.73
2026-04-16 02:00:00+02:00,118.4383663165932,99.69
2026-04-16 02:15:00+02:00,113.09316345474534,100.5
2026-04-16 02:30:00+02:00,112.8757752078723,100.08
2026-04-16 02:45:00+02:00,113.0735543143173,98.11
2026-04-16 03:00:00+02:00,116.20196733819262,96.78
2026-04-16 03:15:00+02:00,115.54827470532467,98.25
2026-04-16 03:30:00+02:00,115.15340576385223,99.46
2026-04-16 03:45:00+02:00,113.75412683189887,98.97
2026-04-16 04:00:00+02:00,114.61950533416966,96.72
2026-04-16 04:15:00+02:00,115.9520790065165,98.91
2026-04-16 04:30:00+02:00,115.79196817124148,102.29
2026-04-16 04:45:00+02:00,119.84252651471121,105.69
2026-04-16 05:00:00+02:00,114.89843157519681,99.81
2026-04-16 05:15:00+02:00,121.1278528126493,103.13
2026-04-16 05:30:00+02:00,125.05885298720727,112.95
2026-04-16 05:45:00+02:00,134.10317460467266,126.53
2026-04-16 06:00:00+02:00,131.97779219766323,124.81
2026-04-16 06:15:00+02:00,142.81518517641305,135.92
2026-04-16 06:30:00+02:00,152.55623953428176,142.11
2026-04-16 06:45:00+02:00,172.77774450996984,155.06
2026-04-16 07:00:00+02:00,160.88309359616784,150.73
2026-04-16 07:15:00+02:00,175.70846156679477,150.19
2026-04-16 07:30:00+02:00,157.73221819097114,144.2
2026-04-16 07:45:00+02:00,140.8899061544749,134.97
2026-04-16 08:00:00+02:00,189.74257451864182,159.99
2026-04-16 08:15:00+02:00,164.86393355616312,141.44
2026-04-16 08:30:00+02:00,151.80942835583306,130.36
2026-04-16 08:45:00+02:00,127.58917055898556,102.75
2026-04-16 09:00:00+02:00,148.48118293810035,124.5
2026-04-16 09:15:00+02:00,146.25346377057122,109.99
2026-04-16 09:30:00+02:00,136.06590367025353,103.86
2026-04-16 09:45:00+02:00,102.2109302821749,102.43
2026-04-16 10:00:00+02:00,138.7713733210783,120.93
2026-04-16 10:15:00+02:00,117.47463117408753,105.0
2026-04-16 10:30:00+02:00,111.8350940627135,90.79
2026-04-16 10:45:00+02:00,106.33891324820024,68.69
2026-04-16 11:00:00+02:00,98.10195253031847,96.73
2026-04-16 11:15:00+02:00,98.06054960172894,85.0
2026-04-16 11:30:00+02:00,100.24634121822001,67.98
2026-04-16 11:45:00+02:00,104.93098114892503,52.98
2026-04-16 12:00:00+02:00,101.2259501538618,80.98
2026-04-16 12:15:00+02:00,102.24846878591514,63.09
2026-04-16 12:30:00+02:00,103.3556543720043,54.09
2026-04-16 12:45:00+02:00,92.81810845817995,43.89
2026-04-16 13:00:00+02:00,92.93826812316559,57.21
2026-04-16 13:15:00+02:00,83.61987578711103,50.01
2026-04-16 13:30:00+02:00,67.02155143916892,41.94
2026-04-16 13:45:00+02:00,57.022186919718166,33.91
2026-04-16 14:00:00+02:00,68.08296071358679,36.72
2026-04-16 14:15:00+02:00,54.67442470698634,50.01
2026-04-16 14:30:00+02:00,63.685354734305164,60.56
2026-04-16 14:45:00+02:00,76.90640627413505,68.6
2026-04-16 15:00:00+02:00,69.19906780800538,52.79
2026-04-16 15:15:00+02:00,78.10646125684055,64.22
2026-04-16 15:30:00+02:00,89.7606312664085,75.89
2026-04-16 15:45:00+02:00,105.12051228414566,90.58
2026-04-16 16:00:00+02:00,85.8459464484807,64.99
2026-04-16 16:15:00+02:00,102.60421087520807,86.39
2026-04-16 16:30:00+02:00,112.90135930329235,100.56
2026-04-16 16:45:00+02:00,122.16591976219395,107.09
2026-04-16 17:00:00+02:00,107.29945987001169,97.58
2026-04-16 17:15:00+02:00,125.10220370020289,106.3
2026-04-16 17:30:00+02:00,132.75398985100387,117.35
2026-04-16 17:45:00+02:00,147.20262213899807,124.99
2026-04-16 18:00:00+02:00,121.13034406155462,105.28
2026-04-16 18:15:00+02:00,130.54247519355727,127.12
2026-04-16 18:30:00+02:00,151.2469957548564,137.06
2026-04-16 18:45:00+02:00,187.50544188751266,155.12
2026-04-16 19:00:00+02:00,154.35115744524364,135.59
2026-04-16 19:15:00+02:00,178.85657357978792,150.93
2026-04-16 19:30:00+02:00,208.23648360299563,175.26
2026-04-16 19:45:00+02:00,225.4071817299643,205.93
2026-04-16 20:00:00+02:00,213.6870089195416,193.59
2026-04-16 20:15:00+02:00,201.86714718636762,196.09
2026-04-16 20:30:00+02:00,190.8528210283798,185.86
2026-04-16 20:45:00+02:00,164.94538932443402,173.73
2026-04-16 21:00:00+02:00,179.1942316525051,174.82
2026-04-16 21:15:00+02:00,157.88446863049526,160.43
2026-04-16 21:30:00+02:00,148.25268618997006,146.16
2026-04-16 21:45:00+02:00,140.81833763144195,138.63
2026-04-16 22:00:00+02:00,155.79438381956655,151.44
2026-04-16 22:15:00+02:00,144.9725970294637,141.44
2026-04-16 22:30:00+02:00,136.13218391065942,135.58
2026-04-16 22:45:00+02:00,129.02495075836546,126.58
2026-04-16 23:00:00+02:00,137.00536054863153,135.0
2026-04-16 23:15:00+02:00,132.48160765022504,128.68
2026-04-16 23:30:00+02:00,128.0858284167076,125.85
2026-04-16 23:45:00+02:00,116.06106010993838,119.92
2026-04-17 00:00:00+02:00,135.81936601777494,128.48
2026-04-17 00:15:00+02:00,130.50798522392049,123.41
2026-04-17 00:30:00+02:00,122.68621985254987,118.83
2026-04-17 00:45:00+02:00,116.8196574302293,116.37
2026-04-17 01:00:00+02:00,123.61585430437549,118.0
2026-04-17 01:15:00+02:00,122.03142451825398,117.34
2026-04-17 01:30:00+02:00,121.12071222123572,113.98
2026-04-17 01:45:00+02:00,116.19794971491645,112.77
2026-04-17 02:00:00+02:00,120.58697392597,113.04
2026-04-17 02:15:00+02:00,116.46953604416846,112.77
2026-04-17 02:30:00+02:00,117.31919026371261,112.31
2026-04-17 02:45:00+02:00,114.22520211465596,112.01
2026-04-17 03:00:00+02:00,112.02746967745435,109.22
2026-04-17 03:15:00+02:00,109.20455513768252,107.99
2026-04-17 03:30:00+02:00,113.0854381006632,108.47
2026-04-17 03:45:00+02:00,115.85148563541166,108.37
2026-04-17 04:00:00+02:00,110.56494909150136,110.41
2026-04-17 04:15:00+02:00,114.16300138537832,110.26
2026-04-17 04:30:00+02:00,119.58355751985479,111.59
2026-04-17 04:45:00+02:00,118.46112555422815,113.61
2026-04-17 05:00:00+02:00,116.13169030387313,108.53
2026-04-17 05:15:00+02:00,119.61264453630548,113.48
2026-04-17 05:30:00+02:00,133.98557917874632,119.75
2026-04-17 05:45:00+02:00,138.11017805514277,139.01
2026-04-17 06:00:00+02:00,132.52157246693437,130.21
2026-04-17 06:15:00+02:00,149.72111365078135,151.48
2026-04-17 06:30:00+02:00,156.6812106872755,149.59
2026-04-17 06:45:00+02:00,157.28515651470383,154.99
2026-04-17 07:00:00+02:00,170.29648847721668,158.47
2026-04-17 07:15:00+02:00,161.3499179495031,151.93
2026-04-17 07:30:00+02:00,157.96108206996124,148.36
2026-04-17 07:45:00+02:00,143.75555988262204,135.46
2026-04-17 08:00:00+02:00,171.31687882310555,155.38
2026-04-17 08:15:00+02:00,156.24497647725218,136.12
2026-04-17 08:30:00+02:00,135.11187925788823,119.8
2026-04-17 08:45:00+02:00,104.7342237684135,97.33
2026-04-17 09:00:00+02:00,134.20075465008355,123.02
2026-04-17 09:15:00+02:00,105.21858343330973,106.6
2026-04-17 09:30:00+02:00,97.68198794070943,93.68
2026-04-17 09:45:00+02:00,82.92298357699924,84.31
2026-04-17 10:00:00+02:00,111.06017328469804,112.42
2026-04-17 10:15:00+02:00,86.65203357588183,98.53
2026-04-17 10:30:00+02:00,68.30697748086739,92.24
2026-04-17 10:45:00+02:00,53.06195616390218,59.94
2026-04-17 11:00:00+02:00,57.57263217566254,89.93
2026-04-17 11:15:00+02:00,50.226659447412075,75.33
2026-04-17 11:30:00+02:00,46.334582674476195,41.88
2026-04-17 11:45:00+02:00,26.022512309443176,24.38
2026-04-17 12:00:00+02:00,43.02670904806267,43.06
2026-04-17 12:15:00+02:00,30.99716222614134,33.31
2026-04-17 12:30:00+02:00,20.469854066258925,25.1
2026-04-17 12:45:00+02:00,2.1211301120117767,22.01
2026-04-17 13:00:00+02:00,9.46722481356339,25.01
2026-04-17 13:15:00+02:00,4.043964337721121,25.07
2026-04-17 13:30:00+02:00,4.926677358879203,26.25
2026-04-17 13:45:00+02:00,19.918361330431622,29.45
2026-04-17 14:00:00+02:00,12.895281653288002,20.08
2026-04-17 14:15:00+02:00,50.212410987176,25.5
2026-04-17 14:30:00+02:00,56.14882674720388,33.36
2026-04-17 14:45:00+02:00,67.48813163303409,46.55
2026-04-17 15:00:00+02:00,54.21576956555573,25.06
2026-04-17 15:15:00+02:00,74.69493299776815,51.46
2026-04-17 15:30:00+02:00,77.31431042451545,74.41
2026-04-17 15:45:00+02:00,86.53611272808953,89.06
2026-04-17 16:00:00+02:00,70.59132311201455,58.69
2026-04-17 16:15:00+02:00,89.96072046821408,78.31
2026-04-17 16:30:00+02:00,102.63494504198198,88.13
2026-04-17 16:45:00+02:00,104.19382024362346,102.15
2026-04-17 17:00:00+02:00,92.12183693933007,87.73
2026-04-17 17:15:00+02:00,114.19590191252165,98.06
2026-04-17 17:30:00+02:00,127.42813625789785,106.81
2026-04-17 17:45:00+02:00,132.6841281405565,116.64
2026-04-17 18:00:00+02:00,113.95527908021678,112.18
2026-04-17 18:15:00+02:00,127.86787473710675,119.37
2026-04-17 18:30:00+02:00,140.5468564197032,135.38
2026-04-17 18:45:00+02:00,175.16485157764302,140.09
2026-04-17 19:00:00+02:00,147.4592004963007,139.52
2026-04-17 19:15:00+02:00,165.36787051030194,146.98
2026-04-17 19:30:00+02:00,195.108397315232,159.61
2026-04-17 19:45:00+02:00,191.40186285837768,183.51
2026-04-17 20:00:00+02:00,221.60037422212332,168.18
2026-04-17 20:15:00+02:00,191.5606981743762,162.54
2026-04-17 20:30:00+02:00,162.6670270140551,153.25
2026-04-17 20:45:00+02:00,149.59043109368767,144.48
2026-04-17 21:00:00+02:00,162.86934325569788,154.4
2026-04-17 21:15:00+02:00,148.2406930874072,140.33
2026-04-17 21:30:00+02:00,137.18682650483868,135.4
2026-04-17 21:45:00+02:00,140.08667268379472,121.9
2026-04-17 22:00:00+02:00,141.5826690040359,137.12
2026-04-17 22:15:00+02:00,143.86256692065635,125.74
2026-04-17 22:30:00+02:00,133.16474306308044,119.37
2026-04-17 22:45:00+02:00,124.3698494276199,113.49
2026-04-17 23:00:00+02:00,135.11050849557967,116.8
2026-04-17 23:15:00+02:00,127.70199085450542,113.89
2026-04-17 23:30:00+02:00,115.02833220527158,110.44
2026-04-17 23:45:00+02:00,111.15030564982732,109.71
2026-04-18 00:00:00+02:00,123.93006022222093,123.17
2026-04-18 00:15:00+02:00,116.81169964537227,118.24
2026-04-18 00:30:00+02:00,112.20788162582247,112.87
2026-04-18 00:45:00+02:00,108.29155251918372,110.7
2026-04-18 01:00:00+02:00,117.46717724295182,113.01
2026-04-18 01:15:00+02:00,117.0521607423049,111.74
2026-04-18 01:30:00+02:00,118.09958781162177,110.99
2026-04-18 01:45:00+02:00,114.43160658538446,107.77
2026-04-18 02:00:00+02:00,118.6876233008167,110.21
2026-04-18 02:15:00+02:00,116.91710926033103,109.12
2026-04-18 02:30:00+02:00,118.20908501144609,109.85
2026-04-18 02:45:00+02:00,117.41537421137463,109.47
2026-04-18 03:00:00+02:00,119.4549652953984,108.19
2026-04-18 03:15:00+02:00,115.3574973098129,107.47
2026-04-18 03:30:00+02:00,118.62740521458193,107.41
2026-04-18 03:45:00+02:00,117.60579560425387,107.71
2026-04-18 04:00:00+02:00,123.56880444229834,107.86
2026-04-18 04:15:00+02:00,121.17470099531707,108.51
2026-04-18 04:30:00+02:00,120.39584014863144,108.78
2026-04-18 04:45:00+02:00,120.81665499689792,110.34
2026-04-18 05:00:00+02:00,119.40840403154908,110.46
2026-04-18 05:15:00+02:00,120.04940604456468,110.34
2026-04-18 05:30:00+02:00,129.31464015317775,111.98
2026-04-18 05:45:00+02:00,133.28568823749498,110.84
2026-04-18 06:00:00+02:00,131.2833122995256,112.0
2026-04-18 06:15:00+02:00,140.53852255001243,111.43
2026-04-18 06:30:00+02:00,146.48229372002453,114.18
2026-04-18 06:45:00+02:00,142.71583853805473,105.71
2026-04-18 07:00:00+02:00,184.90079764283115,109.99
2026-04-18 07:15:00+02:00,157.69763231146814,111.19
2026-04-18 07:30:00+02:00,146.77660508612968,107.58
2026-04-18 07:45:00+02:00,122.75304143201811,94.21
2026-04-18 08:00:00+02:00,151.94420857089855,105.82
2026-04-18 08:15:00+02:00,126.88677624729903,99.28
2026-04-18 08:30:00+02:00,115.76636303521236,87.06
2026-04-18 08:45:00+02:00,87.47863758520668,76.99
2026-04-18 09:00:00+02:00,117.40377683720102,95.23
2026-04-18 09:15:00+02:00,94.13359107003294,87.37
2026-04-18 09:30:00+02:00,76.34330289718636,66.91
2026-04-18 09:45:00+02:00,74.78580344055311,51.0
2026-04-18 10:00:00+02:00,82.2033006716913,81.05
2026-04-18 10:15:00+02:00,72.5928987306827,38.04
2026-04-18 10:30:00+02:00,19.072156449804687,20.6
2026-04-18 10:45:00+02:00,4.663654626356561,18.58
2026-04-18 11:00:00+02:00,3.793850030566105,17.03
2026-04-18 11:15:00+02:00,6.504176154711637,0.01
2026-04-18 11:30:00+02:00,2.0970031679093495,-0.08
2026-04-18 11:45:00+02:00,8.290659060919488,-1.2
2026-04-18 12:00:00+02:00,6.708731791684954,-1.1
2026-04-18 12:15:00+02:00,3.101955423442611,-2.93
2026-04-18 12:30:00+02:00,5.667742719618516,-4.49
2026-04-18 12:45:00+02:00,1.031640335038741,-5.01
2026-04-18 13:00:00+02:00,0.7887222459554906,-5.51
2026-04-18 13:15:00+02:00,-0.3971805788001177,-5.1
2026-04-18 13:30:00+02:00,7.518534990939862,-3.14
2026-04-18 13:45:00+02:00,-2.9637271198532034,-2.57
2026-04-18 14:00:00+02:00,1.8350574121063232,-2.02
2026-04-18 14:15:00+02:00,-7.436138170514923,-0.04
2026-04-18 14:30:00+02:00,-1.9321979082838254,0.23
2026-04-18 14:45:00+02:00,13.477044623806187,1.43
2026-04-18 15:00:00+02:00,-4.069581603204,10.3
2026-04-18 15:15:00+02:00,42.015100075063856,15.46
2026-04-18 15:30:00+02:00,66.65681322331406,24.46
2026-04-18 15:45:00+02:00,75.914355333707,25.37
2026-04-18 16:00:00+02:00,51.36686586574412,15.73
2026-04-18 16:15:00+02:00,80.06053799673639,32.01
2026-04-18 16:30:00+02:00,86.49321451113065,58.21
2026-04-18 16:45:00+02:00,90.71943460924582,73.6
2026-04-18 17:00:00+02:00,82.17786848853909,57.65
2026-04-18 17:15:00+02:00,85.50353457408644,86.25
2026-04-18 17:30:00+02:00,113.87737057447158,102.38
2026-04-18 17:45:00+02:00,124.51642331923208,116.94
2026-04-18 18:00:00+02:00,106.56971108255338,106.31
2026-04-18 18:15:00+02:00,113.62778371671865,115.0
2026-04-18 18:30:00+02:00,136.0869428154964,127.08
2026-04-18 18:45:00+02:00,162.98443116421083,129.99
2026-04-18 19:00:00+02:00,130.63119799855554,116.0
2026-04-18 19:15:00+02:00,163.62809953575453,129.01
2026-04-18 19:30:00+02:00,165.6400852829026,138.39
2026-04-18 19:45:00+02:00,166.58418474080253,142.76
2026-04-18 20:00:00+02:00,170.7346093784028,142.95
2026-04-18 20:15:00+02:00,162.7378216487746,146.71
2026-04-18 20:30:00+02:00,155.76024650832096,146.89
2026-04-18 20:45:00+02:00,147.6408939808936,143.01
2026-04-18 21:00:00+02:00,154.41415404779008,150.43
2026-04-18 21:15:00+02:00,148.22017782150283,141.46
2026-04-18 21:30:00+02:00,148.19792390376648,135.53
2026-04-18 21:45:00+02:00,137.96353840986356,133.76
2026-04-18 22:00:00+02:00,143.6653502811263,134.38
2026-04-18 22:15:00+02:00,140.33246422836658,133.77
2026-04-18 22:30:00+02:00,135.72424299760218,128.28
2026-04-18 22:45:00+02:00,132.2842920424632,123.54
2026-04-18 23:00:00+02:00,141.3228989731626,133.25
2026-04-18 23:15:00+02:00,134.01709842453235,125.53
2026-04-18 23:30:00+02:00,129.5704540842919,122.96
2026-04-18 23:45:00+02:00,120.23857131625057,118.26
2026-04-19 00:00:00+02:00,126.6110239342221,123.78
2026-04-19 00:15:00+02:00,122.79814489671284,117.06
2026-04-19 00:30:00+02:00,115.75084498805586,113.48
2026-04-19 00:45:00+02:00,112.58034466162887,111.92
2026-04-19 01:00:00+02:00,118.22973238478446,112.32
2026-04-19 01:15:00+02:00,117.12267515232571,109.94
2026-04-19 01:30:00+02:00,115.26197203645782,109.75
2026-04-19 01:45:00+02:00,111.83572080116869,107.79
2026-04-19 02:00:00+02:00,112.74459872717935,111.68
2026-04-19 02:15:00+02:00,113.03793241798583,109.98
2026-04-19 02:30:00+02:00,110.79177379197091,108.86
2026-04-19 02:45:00+02:00,112.05610772852545,106.3
2026-04-19 03:00:00+02:00,111.848808948454,108.36
2026-04-19 03:15:00+02:00,110.73992231666878,106.47
2026-04-19 03:30:00+02:00,109.4674252490603,105.46
2026-04-19 03:45:00+02:00,109.4476298554612,105.0
2026-04-19 04:00:00+02:00,112.353319723253,105.54
2026-04-19 04:15:00+02:00,109.19180745039903,105.42
2026-04-19 04:30:00+02:00,111.63556425543379,105.44
2026-04-19 04:45:00+02:00,113.61489306419503,105.26
2026-04-19 05:00:00+02:00,112.16845776917852,106.2
2026-04-19 05:15:00+02:00,112.24574457506053,106.51
2026-04-19 05:30:00+02:00,113.26754904360232,106.54
2026-04-19 05:45:00+02:00,114.88272220470579,106.95
2026-04-19 06:00:00+02:00,114.93416124295973,105.88
2026-04-19 06:15:00+02:00,115.63863358397766,105.35
2026-04-19 06:30:00+02:00,119.12150096065544,105.0
2026-04-19 06:45:00+02:00,115.04268000163604,102.9
2026-04-19 07:00:00+02:00,126.18410432775386,104.69
2026-04-19 07:15:00+02:00,115.14317605749574,100.44
2026-04-19 07:30:00+02:00,118.88539026814234,96.07
2026-04-19 07:45:00+02:00,118.93971567725134,98.93
2026-04-19 08:00:00+02:00,123.87019860752055,104.15
2026-04-19 08:15:00+02:00,119.35833743607667,100.02
2026-04-19 08:30:00+02:00,113.48739215396151,92.35
2026-04-19 08:45:00+02:00,101.66022790263551,90.0
2026-04-19 09:00:00+02:00,122.13756392273777,99.27
2026-04-19 09:15:00+02:00,113.88702800361936,94.95
2026-04-19 09:30:00+02:00,96.45825891472107,95.15
2026-04-19 09:45:00+02:00,82.56269086250727,86.0
2026-04-19 10:00:00+02:00,106.03511287541708,90.99
2026-04-19 10:15:00+02:00,81.13161845542487,77.59
2026-04-19 10:30:00+02:00,65.15731168420761,67.59
2026-04-19 10:45:00+02:00,47.313453392970025,49.37
2026-04-19 11:00:00+02:00,61.7898726364093,49.0
2026-04-19 11:15:00+02:00,45.239445787557216,42.23
2026-04-19 11:30:00+02:00,32.29913117270719,25.38
2026-04-19 11:45:00+02:00,26.93800093904313,11.33
2026-04-19 12:00:00+02:00,32.41131214052684,22.0
2026-04-19 12:15:00+02:00,21.838215898012002,0.95
2026-04-19 12:30:00+02:00,19.06098993202259,0.0
2026-04-19 12:45:00+02:00,-0.9995598766790685,-0.01
2026-04-19 13:00:00+02:00,5.791958158339806,0.0
2026-04-19 13:15:00+02:00,-7.198417288424984,-0.09
2026-04-19 13:30:00+02:00,-13.261608079977428,-1.2
2026-04-19 13:45:00+02:00,-16.04491347578154,-2.1
2026-04-19 14:00:00+02:00,-7.06729363433692,-2.1
2026-04-19 14:15:00+02:00,-21.56380293968057,-2.49
2026-04-19 14:30:00+02:00,-13.9678907364341,-3.04
2026-04-19 14:45:00+02:00,-16.06268487746746,-4.39
2026-04-19 15:00:00+02:00,-17.601368058835874,-3.21
2026-04-19 15:15:00+02:00,-11.819631521576142,-2.8
2026-04-19 15:30:00+02:00,-23.97025509540454,-2.01
2026-04-19 15:45:00+02:00,-16.894250480423352,-1.0
2026-04-19 16:00:00+02:00,-14.207023583170198,-0.64
2026-04-19 16:15:00+02:00,-12.705029676180274,-0.01
2026-04-19 16:30:00+02:00,2.502409475195847,13.73
2026-04-19 16:45:00+02:00,34.689941542701234,51.0
2026-04-19 17:00:00+02:00,12.866203178833189,28.24
2026-04-19 17:15:00+02:00,35.974993188935926,67.81
2026-04-19 17:30:00+02:00,53.720382435953894,89.19
2026-04-19 17:45:00+02:00,82.96412943775822,109.79
2026-04-19 18:00:00+02:00,54.85145283270076,85.35
2026-04-19 18:15:00+02:00,75.82076553660261,97.52
2026-04-19 18:30:00+02:00,108.57326006655535,110.05
2026-04-19 18:45:00+02:00,127.8319095827826,122.5
2026-04-19 19:00:00+02:00,111.85869606161407,110.71
2026-04-19 19:15:00+02:00,130.48317137972103,115.86
2026-04-19 19:30:00+02:00,122.53342190251738,119.06
2026-04-19 19:45:00+02:00,141.20872543028,123.78
2026-04-19 20:00:00+02:00,135.26111498455188,123.2
2026-04-19 20:15:00+02:00,141.63237833781096,124.47
2026-04-19 20:30:00+02:00,128.88857119993264,126.33
2026-04-19 20:45:00+02:00,115.0309641730708,122.45
2026-04-19 21:00:00+02:00,126.17019598253603,129.68
2026-04-19 21:15:00+02:00,110.95536036650438,121.48
2026-04-19 21:30:00+02:00,111.64795595056366,119.12
2026-04-19 21:45:00+02:00,105.86723021344022,115.91
2026-04-19 22:00:00+02:00,119.36396704216766,124.19
2026-04-19 22:15:00+02:00,115.31024550567936,120.08
2026-04-19 22:30:00+02:00,114.62509825687215,119.33
2026-04-19 22:45:00+02:00,116.46407135987053,113.85
2026-04-19 23:00:00+02:00,114.19457183394454,115.61
2026-04-19 23:15:00+02:00,114.7432085927044,111.97
2026-04-19 23:30:00+02:00,114.2073252069069,110.59
2026-04-19 23:45:00+02:00,96.56776138872544,106.76
2026-04-20 00:00:00+02:00,114.75824236021853,115.22
2026-04-20 00:15:00+02:00,109.39781244679058,106.59
2026-04-20 00:30:00+02:00,105.54123612599824,103.55
2026-04-20 00:45:00+02:00,103.94338327623872,99.87
2026-04-20 01:00:00+02:00,105.808935229685,104.9
2026-04-20 01:15:00+02:00,104.12121276057195,102.7
2026-04-20 01:30:00+02:00,103.53175314582576,102.1
2026-04-20 01:45:00+02:00,101.48207947323124,94.75
2026-04-20 02:00:00+02:00,102.30471982105087,102.8
2026-04-20 02:15:00+02:00,99.24494451512366,97.29
2026-04-20 02:30:00+02:00,100.77749847516151,99.0
2026-04-20 02:45:00+02:00,101.26468302962716,96.96
2026-04-20 03:00:00+02:00,102.0748335274173,98.5
2026-04-20 03:15:00+02:00,100.5632932112862,97.29
2026-04-20 03:30:00+02:00,100.70271228762088,99.21
2026-04-20 03:45:00+02:00,99.37784537653913,101.16
2026-04-20 04:00:00+02:00,100.11777206563552,98.46
2026-04-20 04:15:00+02:00,102.0049466093086,101.32
2026-04-20 04:30:00+02:00,102.69333951617392,102.26
2026-04-20 04:45:00+02:00,102.24679307010764,107.17
2026-04-20 05:00:00+02:00,102.02295091601108,100.37
2026-04-20 05:15:00+02:00,100.69169227815314,106.07
2026-04-20 05:30:00+02:00,109.55310913546703,114.09
2026-04-20 05:45:00+02:00,115.32310050301137,125.87
2026-04-20 06:00:00+02:00,111.96875483976073,116.38
2026-04-20 06:15:00+02:00,127.33150166331163,129.12
2026-04-20 06:30:00+02:00,127.43027965523619,136.83
2026-04-20 06:45:00+02:00,132.63899899383216,135.21
2026-04-20 07:00:00+02:00,136.57920830931403,147.34
2026-04-20 07:15:00+02:00,137.8095215149591,151.0
2026-04-20 07:30:00+02:00,137.75821920930028,144.53
2026-04-20 07:45:00+02:00,129.73343890371515,125.96
2026-04-20 08:00:00+02:00,168.51731062374677,163.93
2026-04-20 08:15:00+02:00,132.56229348174034,135.18
2026-04-20 08:30:00+02:00,119.29503645872684,124.08
2026-04-20 08:45:00+02:00,101.16151803527592,114.09
2026-04-20 09:00:00+02:00,129.334289805018,141.98
2026-04-20 09:15:00+02:00,104.68878796174923,117.94
2026-04-20 09:30:00+02:00,90.74503837080677,102.31
2026-04-20 09:45:00+02:00,95.6245382127434,77.83
2026-04-20 10:00:00+02:00,104.56079278600488,111.22
2026-04-20 10:15:00+02:00,90.94714335760865,85.64
2026-04-20 10:30:00+02:00,89.5592318130995,89.42
2026-04-20 10:45:00+02:00,76.14579890060273,74.51
2026-04-20 11:00:00+02:00,86.37587189902254,90.57
2026-04-20 11:15:00+02:00,77.51698176960645,82.36
2026-04-20 11:30:00+02:00,52.79244240419904,73.71
2026-04-20 11:45:00+02:00,41.753488432227115,56.91
2026-04-20 12:00:00+02:00,76.22707884567083,73.64
2026-04-20 12:15:00+02:00,55.35686637499741,51.71
2026-04-20 12:30:00+02:00,41.134400106480584,45.13
2026-04-20 12:45:00+02:00,32.58739159665697,34.25
2026-04-20 13:00:00+02:00,45.18271562974449,47.14
2026-04-20 13:15:00+02:00,38.37935295858071,36.57
2026-04-20 13:30:00+02:00,24.55042749822336,26.73
2026-04-20 13:45:00+02:00,23.682630068742206,19.94
2026-04-20 14:00:00+02:00,23.413437731071912,20.18
2026-04-20 14:15:00+02:00,41.43430635254538,27.4
2026-04-20 14:30:00+02:00,46.77052263225409,28.69
2026-04-20 14:45:00+02:00,55.12008412109626,42.01
2026-04-20 15:00:00+02:00,41.77105164798368,24.78
2026-04-20 15:15:00+02:00,51.65277002559537,36.84
2026-04-20 15:30:00+02:00,73.56989753555553,53.28
2026-04-20 15:45:00+02:00,75.52515062573985,71.0
2026-04-20 16:00:00+02:00,63.43604144828425,62.61
2026-04-20 16:15:00+02:00,79.08003654795404,77.17
2026-04-20 16:30:00+02:00,68.7189180971302,81.88
2026-04-20 16:45:00+02:00,78.25512066581115,91.64
2026-04-20 17:00:00+02:00,77.6639597574668,81.59
2026-04-20 17:15:00+02:00,87.56097463290718,87.73
2026-04-20 17:30:00+02:00,94.12230528719431,101.76
2026-04-20 17:45:00+02:00,122.1309868500962,117.9
2026-04-20 18:00:00+02:00,95.57913228694743,99.21
2026-04-20 18:15:00+02:00,120.00449272036491,112.77
2026-04-20 18:30:00+02:00,141.96508424181576,118.06
2026-04-20 18:45:00+02:00,147.62906212902408,121.6
2026-04-20 19:00:00+02:00,139.23763879109256,118.48
2026-04-20 19:15:00+02:00,141.07007252117202,122.43
2026-04-20 19:30:00+02:00,139.60974510856008,125.01
2026-04-20 19:45:00+02:00,153.95020207614184,127.71
2026-04-20 20:00:00+02:00,144.47020364952144,129.09
2026-04-20 20:15:00+02:00,141.18634204674925,127.72
2026-04-20 20:30:00+02:00,128.38246346215914,126.91
2026-04-20 20:45:00+02:00,124.91668213342007,125.0
2026-04-20 21:00:00+02:00,138.6386450064527,130.04
2026-04-20 21:15:00+02:00,128.25604565919875,122.91
2026-04-20 21:30:00+02:00,115.54716255326915,119.65
2026-04-20 21:45:00+02:00,108.40609207932322,115.16
2026-04-20 22:00:00+02:00,119.55412750283622,123.1
2026-04-20 22:15:00+02:00,117.15339701115516,117.57
2026-04-20 22:30:00+02:00,114.52595118903534,116.12
2026-04-20 22:45:00+02:00,109.05297061733741,107.1
2026-04-20 23:00:00+02:00,107.12546944116345,115.07
2026-04-20 23:15:00+02:00,103.86940541947816,107.49
2026-04-20 23:30:00+02:00,104.14655108276294,105.44
2026-04-20 23:45:00+02:00,96.05645610943617,99.17
2026-04-21 00:00:00+02:00,110.39466828952416,101.59
2026-04-21 00:15:00+02:00,106.15683507056252,99.82
2026-04-21 00:30:00+02:00,102.76043106930554,98.6
2026-04-21 00:45:00+02:00,98.07517151253883,95.99
2026-04-21 01:00:00+02:00,101.39042351022998,100.57
2026-04-21 01:15:00+02:00,100.12868690536592,98.42
2026-04-21 01:30:00+02:00,96.4479065599995,98.28
2026-04-21 01:45:00+02:00,95.80796946156983,97.3
2026-04-21 02:00:00+02:00,97.93626661798584,98.09
2026-04-21 02:15:00+02:00,96.90437426889754,97.92
2026-04-21 02:30:00+02:00,97.3232726676798,98.74
2026-04-21 02:45:00+02:00,95.87527458752038,98.74
2026-04-21 03:00:00+02:00,96.48206470600655,97.51
2026-04-21 03:15:00+02:00,96.00181022723088,98.38
2026-04-21 03:30:00+02:00,98.1783197366201,98.7
2026-04-21 03:45:00+02:00,99.00644635782145,101.71
2026-04-21 04:00:00+02:00,97.33388061106476,97.64
2026-04-21 04:15:00+02:00,99.25030716638794,98.55
2026-04-21 04:30:00+02:00,101.24168133574526,101.05
2026-04-21 04:45:00+02:00,106.01286044469462,103.52
2026-04-21 05:00:00+02:00,100.20876496606863,100.03
2026-04-21 05:15:00+02:00,107.07408075938137,103.6
2026-04-21 05:30:00+02:00,112.86809011454889,111.69
2026-04-21 05:45:00+02:00,118.31646140196537,118.47
2026-04-21 06:00:00+02:00,114.6987967502876,116.71
2026-04-21 06:15:00+02:00,128.14525692007572,127.37
2026-04-21 06:30:00+02:00,136.99096056709996,129.93
2026-04-21 06:45:00+02:00,147.78078402215897,134.33
2026-04-21 07:00:00+02:00,154.11514509814168,144.79
2026-04-21 07:15:00+02:00,151.33602408979277,144.61
2026-04-21 07:30:00+02:00,146.15334287410366,133.53
2026-04-21 07:45:00+02:00,129.67143910360153,118.38
2026-04-21 08:00:00+02:00,157.95238803373957,141.14
2026-04-21 08:15:00+02:00,136.5834182347396,124.12
2026-04-21 08:30:00+02:00,121.12154809512809,115.07
2026-04-21 08:45:00+02:00,96.56066549321204,95.46
2026-04-21 09:00:00+02:00,132.4360671177244,131.44
2026-04-21 09:15:00+02:00,105.60792623143901,111.0
2026-04-21 09:30:00+02:00,93.90546313815376,85.83
2026-04-21 09:45:00+02:00,60.723387285736436,60.95
2026-04-21 10:00:00+02:00,94.32530311822534,87.7
2026-04-21 10:15:00+02:00,74.08651254515036,80.53
2026-04-21 10:30:00+02:00,49.349210417837526,54.1
2026-04-21 10:45:00+02:00,36.924655835090206,17.25
2026-04-21 11:00:00+02:00,47.80372499711227,44.02
2026-04-21 11:15:00+02:00,40.7523755634534,24.01
2026-04-21 11:30:00+02:00,25.73326113918727,10.38
2026-04-21 11:45:00+02:00,8.524603661586319,0.0
2026-04-21 12:00:00+02:00,26.454599973872966,0.0
2026-04-21 12:15:00+02:00,5.553346871280613,0.0
2026-04-21 12:30:00+02:00,3.744168452655792,-0.04
2026-04-21 12:45:00+02:00,-4.4352199061482835,-0.35
2026-04-21 13:00:00+02:00,-5.206432030959455,-1.0
2026-04-21 13:15:00+02:00,-7.862287862661685,-1.01
2026-04-21 13:30:00+02:00,-6.39373618525482,-1.91
2026-04-21 13:45:00+02:00,-16.882113114797104,-3.09
2026-04-21 14:00:00+02:00,-4.810608964158764,-5.11
2026-04-21 14:15:00+02:00,-12.994566840497306,-3.89
2026-04-21 14:30:00+02:00,-12.078634547455835,-3.48
2026-04-21 14:45:00+02:00,2.7302180758372856,-2.32
2026-04-21 15:00:00+02:00,-2.0455088711960983,-5.1
2026-04-21 15:15:00+02:00,11.0419820105284,-1.36
2026-04-21 15:30:00+02:00,20.938147806917613,-0.9
2026-04-21 15:45:00+02:00,6.551446660457884,-0.09
2026-04-21 16:00:00+02:00,7.813608666312284,-0.08
2026-04-21 16:15:00+02:00,7.400216211451408,0.0
2026-04-21 16:30:00+02:00,11.137931632197763,13.96
2026-04-21 16:45:00+02:00,48.34975436642449,44.26
2026-04-21 17:00:00+02:00,36.32533775953353,27.4
2026-04-21 17:15:00+02:00,67.36069895748463,61.23
2026-04-21 17:30:00+02:00,96.05382758610175,86.42
2026-04-21 17:45:00+02:00,123.9963595043249,104.27
2026-04-21 18:00:00+02:00,89.27179851294449,84.05
2026-04-21 18:15:00+02:00,111.01022914823722,95.27
2026-04-21 18:30:00+02:00,121.36035716442913,109.97
2026-04-21 18:45:00+02:00,148.89023889588992,121.29
2026-04-21 19:00:00+02:00,125.46615022305987,117.68
2026-04-21 19:15:00+02:00,147.58120589808172,126.72
2026-04-21 19:30:00+02:00,166.3450652522818,137.71
2026-04-21 19:45:00+02:00,172.89091693534127,154.33
2026-04-21 20:00:00+02:00,181.2282226484606,150.5
2026-04-21 20:15:00+02:00,160.02141742555543,151.27
2026-04-21 20:30:00+02:00,142.83251679998264,144.98
2026-04-21 20:45:00+02:00,131.27617730840294,132.35
2026-04-21 21:00:00+02:00,136.02410352688022,147.72
2026-04-21 21:15:00+02:00,133.7380103546778,131.23
2026-04-21 21:30:00+02:00,127.73787597548724,122.66
2026-04-21 21:45:00+02:00,114.96974261620892,116.87
2026-04-21 22:00:00+02:00,126.44960952366647,127.99
2026-04-21 22:15:00+02:00,123.18101987511781,122.29
2026-04-21 22:30:00+02:00,126.07364186640969,118.03
2026-04-21 22:45:00+02:00,114.22303645311474,111.07
2026-04-21 23:00:00+02:00,121.2230401287615,118.01
2026-04-21 23:15:00+02:00,113.27733657900282,115.01
2026-04-21 23:30:00+02:00,110.42776730333318,110.98
2026-04-21 23:45:00+02:00,104.85537788494712,103.49
2026-04-22 00:00:00+02:00,115.42687462530284,110.94
2026-04-22 00:15:00+02:00,111.61197515269917,108.55
2026-04-22 00:30:00+02:00,105.74985898419268,106.12
2026-04-22 00:45:00+02:00,101.59569102074187,102.77
2026-04-22 01:00:00+02:00,106.530039080075,106.08
2026-04-22 01:15:00+02:00,104.88335719022088,104.07
2026-04-22 01:30:00+02:00,105.78978963790152,103.85
2026-04-22 01:45:00+02:00,102.93347469308033,102.44
2026-04-22 02:00:00+02:00,104.97357295565678,107.4
2026-04-22 02:15:00+02:00,106.06146099897558,103.93
2026-04-22 02:30:00+02:00,105.71590071336894,103.02
2026-04-22 02:45:00+02:00,105.18815148580995,102.45
2026-04-22 03:00:00+02:00,104.66851085696577,103.53
2026-04-22 03:15:00+02:00,105.21716590845716,103.72
2026-04-22 03:30:00+02:00,106.73876826034446,105.48
2026-04-22 03:45:00+02:00,110.89473551065676,106.66
2026-04-22 04:00:00+02:00,107.50127207575768,104.13
2026-04-22 04:15:00+02:00,108.79782245050296,107.53
2026-04-22 04:30:00+02:00,110.00441823663976,110.23
2026-04-22 04:45:00+02:00,118.09487247953146,116.88
2026-04-22 05:00:00+02:00,109.11861832772212,107.36
2026-04-22 05:15:00+02:00,113.92323399993407,116.01
2026-04-22 05:30:00+02:00,125.23733425777033,123.4
2026-04-22 05:45:00+02:00,125.92426536839626,138.16
2026-04-22 06:00:00+02:00,121.47297966037145,125.6
2026-04-22 06:15:00+02:00,135.93982725682815,137.93
2026-04-22 06:30:00+02:00,146.07329734628843,145.19
2026-04-22 06:45:00+02:00,147.37231544266285,150.65
2026-04-22 07:00:00+02:00,167.78954350671603,154.98
2026-04-22 07:15:00+02:00,165.04606747909264,143.22
2026-04-22 07:30:00+02:00,154.55009815788057,130.1
2026-04-22 07:45:00+02:00,133.64224130352568,110.89
2026-04-22 08:00:00+02:00,161.68849663135728,140.46
2026-04-22 08:15:00+02:00,137.19993626025837,125.58
2026-04-22 08:30:00+02:00,115.5406475522582,116.01
2026-04-22 08:45:00+02:00,90.38114225172635,73.41
2026-04-22 09:00:00+02:00,124.27677403149569,123.86
2026-04-22 09:15:00+02:00,100.35525979638412,98.87
2026-04-22 09:30:00+02:00,79.5938992135712,68.89
2026-04-22 09:45:00+02:00,59.16818905879781,26.6
2026-04-22 10:00:00+02:00,87.8287397472728,65.72
2026-04-22 10:15:00+02:00,59.37758689619356,17.33
2026-04-22 10:30:00+02:00,24.075020880688577,0.0
2026-04-22 10:45:00+02:00,-2.166952424602904,-2.43
2026-04-22 11:00:00+02:00,8.058713138678556,-0.36
2026-04-22 11:15:00+02:00,-2.4503512221222934,-0.98
2026-04-22 11:30:00+02:00,-9.885622350493108,-1.17
2026-04-22 11:45:00+02:00,-5.184430392259678,-7.17
2026-04-22 12:00:00+02:00,-11.785082425674311,-3.88
2026-04-22 12:15:00+02:00,-8.891949775954188,-7.51
2026-04-22 12:30:00+02:00,-11.725878793027654,-9.49
2026-04-22 12:45:00+02:00,-12.046488813516717,-14.45
2026-04-22 13:00:00+02:00,-19.423791244185576,-15.0
2026-04-22 13:15:00+02:00,-23.885591457320217,-18.38
2026-04-22 13:30:00+02:00,-17.95048410260572,-25.0
2026-04-22 13:45:00+02:00,-23.316904992954868,-25.56
2026-04-22 14:00:00+02:00,-17.03474747819586,-28.36
2026-04-22 14:15:00+02:00,-19.92874562484181,-22.33
2026-04-22 14:30:00+02:00,-15.386176858283505,-14.99
2026-04-22 14:45:00+02:00,-18.075175507405504,-10.32
2026-04-22 15:00:00+02:00,-12.298623321173338,-9.83
2026-04-22 15:15:00+02:00,-8.259458745012154,-6.0
2026-04-22 15:30:00+02:00,-4.108073822398637,-2.46
2026-04-22 15:45:00+02:00,3.798197736331332,-1.39
2026-04-22 16:00:00+02:00,0.5710001313373141,-1.47
2026-04-22 16:15:00+02:00,0.9137834174195945,-2.0
2026-04-22 16:30:00+02:00,20.114183771482146,-0.06
2026-04-22 16:45:00+02:00,59.76941694614227,3.49
2026-04-22 17:00:00+02:00,28.180973054062363,4.32
2026-04-22 17:15:00+02:00,69.96962723391303,29.37
2026-04-22 17:30:00+02:00,78.09505638785679,82.3
2026-04-22 17:45:00+02:00,107.65373695951138,113.63
2026-04-22 18:00:00+02:00,91.45972750765158,75.16
2026-04-22 18:15:00+02:00,94.83678160249897,94.65
2026-04-22 18:30:00+02:00,113.32765792117677,118.46
2026-04-22 18:45:00+02:00,146.52845574772394,132.92
2026-04-22 19:00:00+02:00,131.1529766709689,112.94
2026-04-22 19:15:00+02:00,145.52214876384963,127.1
2026-04-22 19:30:00+02:00,146.3776729606491,142.92
2026-04-22 19:45:00+02:00,159.66537394357806,177.51
2026-04-22 20:00:00+02:00,170.73486276742403,167.66
2026-04-22 20:15:00+02:00,153.97042178948112,157.78
2026-04-22 20:30:00+02:00,149.22636941850146,155.88
2026-04-22 20:45:00+02:00,131.32276985778387,134.32
2026-04-22 21:00:00+02:00,142.42726592098975,150.01
2026-04-22 21:15:00+02:00,137.91288231153538,126.74
2026-04-22 21:30:00+02:00,128.0291258837625,122.3
2026-04-22 21:45:00+02:00,116.79678994334905,114.99
2026-04-22 22:00:00+02:00,133.84907610895922,125.79
2026-04-22 22:15:00+02:00,123.86687961719461,117.45
2026-04-22 22:30:00+02:00,125.26176871700513,110.48
2026-04-22 22:45:00+02:00,125.66668974398222,104.08
2026-04-22 23:00:00+02:00,127.64228095380781,109.47
2026-04-22 23:15:00+02:00,119.43720425427898,107.14
2026-04-22 23:30:00+02:00,118.26533141813489,103.77
2026-04-22 23:45:00+02:00,112.94418306388522,99.93
2026-04-23 00:00:00+02:00,106.69573716124266,103.45
2026-04-23 00:15:00+02:00,103.84721557751772,101.44
2026-04-23 00:30:00+02:00,103.51966804458361,99.5
2026-04-23 00:45:00+02:00,99.50381144407413,96.17
2026-04-23 01:00:00+02:00,100.29007963921268,100.61
2026-04-23 01:15:00+02:00,98.0551454227322,98.4
2026-04-23 01:30:00+02:00,98.36028608099538,96.99
2026-04-23 01:45:00+02:00,94.37038141055345,94.5
2026-04-23 02:00:00+02:00,100.40038554143074,97.79
2026-04-23 02:15:00+02:00,97.58545106631313,96.46
2026-04-23 02:30:00+02:00,99.593838465641,96.32
2026-04-23 02:45:00+02:00,97.63559519250475,96.37
2026-04-23 03:00:00+02:00,99.78454296447394,96.61
2026-04-23 03:15:00+02:00,98.45507684352705,96.01
2026-04-23 03:30:00+02:00,99.43326523784506,96.1
2026-04-23 03:45:00+02:00,97.92255110751125,96.11
2026-04-23 04:00:00+02:00,98.96188698983504,92.98
2026-04-23 04:15:00+02:00,101.44290215475975,95.54
2026-04-23 04:30:00+02:00,101.69559101144695,96.38
2026-04-23 04:45:00+02:00,97.25876094325062,98.5
2026-04-23 05:00:00+02:00,100.51137030543302,97.89
2026-04-23 05:15:00+02:00,98.79538541892603,100.97
2026-04-23 05:30:00+02:00,103.91891516459089,106.78
2026-04-23 05:45:00+02:00,114.83389493125658,111.0
2026-04-23 06:00:00+02:00,105.54890339136556,113.62
2026-04-23 06:15:00+02:00,119.39765879170447,119.43
2026-04-23 06:30:00+02:00,135.92963534329994,121.89
2026-04-23 06:45:00+02:00,121.79874044462238,121.06
2026-04-23 07:00:00+02:00,127.07089676545205,128.39
2026-04-23 07:15:00+02:00,135.12582178790558,121.9
2026-04-23 07:30:00+02:00,125.16259340045305,120.62
2026-04-23 07:45:00+02:00,110.74395553546672,106.69
2026-04-23 08:00:00+02:00,143.18447224786271,131.58
2026-04-23 08:15:00+02:00,118.70061250648519,126.69
2026-04-23 08:30:00+02:00,105.70833673210355,109.98
2026-04-23 08:45:00+02:00,76.10272434130033,70.54
2026-04-23 09:00:00+02:00,114.40143922127693,117.59
2026-04-23 09:15:00+02:00,87.90844573639366,79.37
2026-04-23 09:30:00+02:00,71.92803950231159,50.91
2026-04-23 09:45:00+02:00,33.544224019421115,5.3
2026-04-23 10:00:00+02:00,64.40838331594661,0.5
2026-04-23 10:15:00+02:00,26.47198543218643,-0.09
2026-04-23 10:30:00+02:00,2.602527849601401,-1.0
2026-04-23 10:45:00+02:00,-11.443735955389592,-1.66
2026-04-23 11:00:00+02:00,-10.72418297268949,-1.84
2026-04-23 11:15:00+02:00,-18.16545177156604,-3.53
2026-04-23 11:30:00+02:00,-12.36817127393413,-7.58
2026-04-23 11:45:00+02:00,-11.827060383141589,-11.75
2026-04-23 12:00:00+02:00,-15.880594331621062,-13.99
2026-04-23 12:15:00+02:00,-13.209247746219091,-23.94
2026-04-23 12:30:00+02:00,-18.53676973070272,-32.19
2026-04-23 12:45:00+02:00,-27.594301600065133,-45.91
2026-04-23 13:00:00+02:00,-25.65982667652174,-39.98
2026-04-23 13:15:00+02:00,-30.564228087763,-49.72
2026-04-23 13:30:00+02:00,-40.57005226131732,-51.59
2026-04-23 13:45:00+02:00,-38.55495310315936,-56.95
2026-04-23 14:00:00+02:00,-32.71779859324194,-56.32
2026-04-23 14:15:00+02:00,-27.191668850814885,-51.01
2026-04-23 14:30:00+02:00,-25.600015797150093,-48.14
2026-04-23 14:45:00+02:00,-21.275439240778603,-39.98
2026-04-23 15:00:00+02:00,-23.159859829106942,-39.0
2026-04-23 15:15:00+02:00,-16.08647047970244,-28.46
2026-04-23 15:30:00+02:00,-2.742894581870388,-14.99
2026-04-23 15:45:00+02:00,-3.2832452636258296,-9.11
2026-04-23 16:00:00+02:00,-1.8969605210092766,-6.53
2026-04-23 16:15:00+02:00,8.405742788030437,-1.09
2026-04-23 16:30:00+02:00,24.388547471763985,-0.1
2026-04-23 16:45:00+02:00,52.087675768823715,0.0
2026-04-23 17:00:00+02:00,23.97741480808392,-0.05
2026-04-23 17:15:00+02:00,54.914946951875535,0.09
2026-04-23 17:30:00+02:00,79.42768087232812,7.35
2026-04-23 17:45:00+02:00,100.72263717112008,80.48
2026-04-23 18:00:00+02:00,80.00409587446671,47.57
2026-04-23 18:15:00+02:00,91.41407923585066,84.0
2026-04-23 18:30:00+02:00,112.9003575956992,111.81
2026-04-23 18:45:00+02:00,123.42572933042342,130.91
2026-04-23 19:00:00+02:00,108.05545973336939,105.21
2026-04-23 19:15:00+02:00,133.19594427068944,116.27
2026-04-23 19:30:00+02:00,143.85041655203565,127.4
2026-04-23 19:45:00+02:00,149.07376015034563,137.12
2026-04-23 20:00:00+02:00,142.82142573860287,144.91
2026-04-23 20:15:00+02:00,134.92205567523789,141.12
2026-04-23 20:30:00+02:00,126.17739934411794,136.03
2026-04-23 20:45:00+02:00,117.45037674009187,125.76
2026-04-23 21:00:00+02:00,133.99097059017708,125.39
2026-04-23 21:15:00+02:00,118.17877748996354,118.75
2026-04-23 21:30:00+02:00,107.57818716210573,113.99
2026-04-23 21:45:00+02:00,96.62282851093853,107.02
2026-04-23 22:00:00+02:00,115.24620514902803,113.46
2026-04-23 22:15:00+02:00,106.75562199885779,110.37
2026-04-23 22:30:00+02:00,98.20165747969736,107.98
2026-04-23 22:45:00+02:00,89.4497401042617,101.13
2026-04-23 23:00:00+02:00,96.44690306972258,104.64
2026-04-23 23:15:00+02:00,93.30329227891193,99.77
2026-04-23 23:30:00+02:00,85.42768208855179,98.88
2026-04-23 23:45:00+02:00,77.27506541456538,94.54
2026-04-24 00:00:00+02:00,105.71628757211558,111.03
2026-04-24 00:15:00+02:00,99.96335649436132,101.27
2026-04-24 00:30:00+02:00,96.75391578444669,98.27
2026-04-24 00:45:00+02:00,93.01433140071799,99.25
2026-04-24 01:00:00+02:00,94.35046888195897,101.39
2026-04-24 01:15:00+02:00,91.55203474923728,99.96
2026-04-24 01:30:00+02:00,91.96808267653141,99.65
2026-04-24 01:45:00+02:00,91.88547650509452,99.52
2026-04-24 02:00:00+02:00,89.31992410579869,101.7
2026-04-24 02:15:00+02:00,90.8420288706784,100.45
2026-04-24 02:30:00+02:00,91.34825719466625,100.36
2026-04-24 02:45:00+02:00,90.76467542453305,100.33
2026-04-24 03:00:00+02:00,93.67293008031028,100.57
2026-04-24 03:15:00+02:00,91.1334778595583,101.38
2026-04-24 03:30:00+02:00,94.1353646746891,102.28
2026-04-24 03:45:00+02:00,93.90432817354224,102.53
2026-04-24 04:00:00+02:00,92.01095759216565,102.15
2026-04-24 04:15:00+02:00,95.21318094653094,104.2
2026-04-24 04:30:00+02:00,95.34152932446396,106.78
2026-04-24 04:45:00+02:00,96.922986007394,108.3
2026-04-24 05:00:00+02:00,95.21320160288306,104.95
2026-04-24 05:15:00+02:00,93.10488308991417,111.09
2026-04-24 05:30:00+02:00,101.00783576353321,121.39
2026-04-24 05:45:00+02:00,110.794120207153,127.79
2026-04-24 06:00:00+02:00,107.66374984527805,125.18
2026-04-24 06:15:00+02:00,132.53230732571012,133.35
2026-04-24 06:30:00+02:00,139.7823980568835,133.58
2026-04-24 06:45:00+02:00,141.758632582423,135.38
2026-04-24 07:00:00+02:00,133.4878404644833,149.44
2026-04-24 07:15:00+02:00,147.4906346866736,142.82
2026-04-24 07:30:00+02:00,142.90853490394355,135.96
2026-04-24 07:45:00+02:00,125.69741043772223,123.73
2026-04-24 08:00:00+02:00,160.65372191203926,154.95
2026-04-24 08:15:00+02:00,141.17773641171183,126.1
2026-04-24 08:30:00+02:00,114.17897849349731,113.2
2026-04-24 08:45:00+02:00,85.77398608798536,76.49
2026-04-24 09:00:00+02:00,129.11813938623843,128.29
2026-04-24 09:15:00+02:00,97.18948919159256,82.77
2026-04-24 09:30:00+02:00,73.58964225540848,68.38
2026-04-24 09:45:00+02:00,45.75424903477686,44.18
2026-04-24 10:00:00+02:00,72.34416631672104,59.69
2026-04-24 10:15:00+02:00,57.99714213214804,17.37
2026-04-24 10:30:00+02:00,10.739091877163972,1.23
2026-04-24 10:45:00+02:00,-1.0565899457770342,0.0
2026-04-24 11:00:00+02:00,-3.66994312138425,0.09
2026-04-24 11:15:00+02:00,-7.495793170622122,0.0
2026-04-24 11:30:00+02:00,-3.22713487385883,-0.03
2026-04-24 11:45:00+02:00,-4.967995416836779,-0.2
2026-04-24 12:00:00+02:00,-5.431366785955618,-1.5
2026-04-24 12:15:00+02:00,-9.688587927800093,-4.51
2026-04-24 12:30:00+02:00,-12.361112674000964,-7.05
2026-04-24 12:45:00+02:00,-19.091673232424064,-14.57
2026-04-24 13:00:00+02:00,-21.456714742288142,-15.0
2026-04-24 13:15:00+02:00,-24.504625742918254,-20.06
2026-04-24 13:30:00+02:00,-30.455662287802234,-30.0
2026-04-24 13:45:00+02:00,-31.377312029357277,-39.5
2026-04-24 14:00:00+02:00,-34.696655064343524,-32.69
2026-04-24 14:15:00+02:00,-26.504382144961234,-31.26
2026-04-24 14:30:00+02:00,-25.596718717385414,-30.0
2026-04-24 14:45:00+02:00,-15.626572545695623,-26.06
2026-04-24 15:00:00+02:00,-22.39717615129966,-26.73
2026-04-24 15:15:00+02:00,-8.676077290931218,-19.68
2026-04-24 15:30:00+02:00,-12.44145397300791,-12.81
2026-04-24 15:45:00+02:00,-8.742349228693001,-7.0
2026-04-24 16:00:00+02:00,-5.871667771687697,-5.43
2026-04-24 16:15:00+02:00,-4.135806169243466,-1.01
2026-04-24 16:30:00+02:00,7.7413653753683604,-0.02
2026-04-24 16:45:00+02:00,23.20809233590151,0.01
2026-04-24 17:00:00+02:00,7.968602010950505,0.0
2026-04-24 17:15:00+02:00,25.96362049878134,17.3
2026-04-24 17:30:00+02:00,44.59482039260702,79.33
2026-04-24 17:45:00+02:00,95.4252781920865,107.0
2026-04-24 18:00:00+02:00,63.5461198718378,58.02
2026-04-24 18:15:00+02:00,82.75406959338973,96.13
2026-04-24 18:30:00+02:00,109.94921869122498,119.06
2026-04-24 18:45:00+02:00,133.84263214754446,146.06
2026-04-24 19:00:00+02:00,129.17919302625054,107.98
2026-04-24 19:15:00+02:00,131.64993681199394,123.55
2026-04-24 19:30:00+02:00,134.78050196509315,133.5
2026-04-24 19:45:00+02:00,141.47846210093223,170.21
2026-04-24 20:00:00+02:00,139.07987488225012,141.51
2026-04-24 20:15:00+02:00,136.05925197548336,136.03
2026-04-24 20:30:00+02:00,134.52728552502205,141.06
2026-04-24 20:45:00+02:00,125.19286589664038,130.76
2026-04-24 21:00:00+02:00,137.76094087735115,163.25
2026-04-24 21:15:00+02:00,129.216213119182,129.56
2026-04-24 21:30:00+02:00,120.48408634585871,122.01
2026-04-24 21:45:00+02:00,111.339902067204,109.28
2026-04-24 22:00:00+02:00,120.24468150447868,129.86
2026-04-24 22:15:00+02:00,116.29037537200777,124.91
2026-04-24 22:30:00+02:00,117.06746145282743,120.72
2026-04-24 22:45:00+02:00,116.80386323025394,112.02
2026-04-24 23:00:00+02:00,118.53372517133718,117.96
2026-04-24 23:15:00+02:00,113.66202746180831,114.8
2026-04-24 23:30:00+02:00,112.42443048536069,111.92
2026-04-24 23:45:00+02:00,104.67031969090723,109.09
2026-04-25 00:00:00+02:00,108.25677300472101,106.72
2026-04-25 00:15:00+02:00,102.62655439007526,99.05
2026-04-25 00:30:00+02:00,100.00466892296294,100.15
2026-04-25 00:45:00+02:00,97.79904622958325,96.58
2026-04-25 01:00:00+02:00,102.3444657233371,98.2
2026-04-25 01:15:00+02:00,100.94125678251281,94.63
2026-04-25 01:30:00+02:00,101.7572736811882,95.46
2026-04-25 01:45:00+02:00,98.6782318951625,93.87
2026-04-25 02:00:00+02:00,100.49446339631831,97.95
2026-04-25 02:15:00+02:00,98.32995015315504,96.19
2026-04-25 02:30:00+02:00,97.81063196596514,93.22
2026-04-25 02:45:00+02:00,95.16019012041946,93.12
2026-04-25 03:00:00+02:00,99.17800913540869,97.71
2026-04-25 03:15:00+02:00,96.20235266473098,94.81
2026-04-25 03:30:00+02:00,96.6989675990833,94.96
2026-04-25 03:45:00+02:00,96.7751529248736,93.15
2026-04-25 04:00:00+02:00,95.51511569004438,88.35
2026-04-25 04:15:00+02:00,97.74743714079041,87.91
2026-04-25 04:30:00+02:00,95.87105940673098,88.7
2026-04-25 04:45:00+02:00,96.93688907591152,88.87
2026-04-25 05:00:00+02:00,95.46227230821329,88.78
2026-04-25 05:15:00+02:00,101.69023198759864,88.18
2026-04-25 05:30:00+02:00,98.32254967380594,89.43
2026-04-25 05:45:00+02:00,95.45486213479332,85.73
2026-04-25 06:00:00+02:00,100.55949703069685,89.86
2026-04-25 06:15:00+02:00,96.31371755944295,90.87
2026-04-25 06:30:00+02:00,90.29684740388768,86.0
2026-04-25 06:45:00+02:00,71.805467801356,66.0
2026-04-25 07:00:00+02:00,89.82345964800436,95.07
2026-04-25 07:15:00+02:00,73.99700003078553,88.64
2026-04-25 07:30:00+02:00,74.69155641720263,65.81
2026-04-25 07:45:00+02:00,55.30333782461083,35.93
2026-04-25 08:00:00+02:00,69.29765206072416,58.87
2026-04-25 08:15:00+02:00,49.616136137167345,17.07
2026-04-25 08:30:00+02:00,58.136479084606805,4.1
2026-04-25 08:45:00+02:00,34.93105474099913,0.1
2026-04-25 09:00:00+02:00,58.85323819987783,0.2
2026-04-25 09:15:00+02:00,37.98049930193688,-0.01
2026-04-25 09:30:00+02:00,15.188416496987188,-0.01
2026-04-25 09:45:00+02:00,-1.6551251708574028,-0.35
2026-04-25 10:00:00+02:00,6.24150847304287,-0.08
2026-04-25 10:15:00+02:00,-8.213761985383599,-2.02
2026-04-25 10:30:00+02:00,-11.405088485017728,-7.0
2026-04-25 10:45:00+02:00,-18.01403872009655,-19.98
2026-04-25 11:00:00+02:00,-27.330629265916272,-15.03
2026-04-25 11:15:00+02:00,-16.453938436110377,-30.0
2026-04-25 11:30:00+02:00,-19.185704345680705,-51.43
2026-04-25 11:45:00+02:00,-15.69611080213381,-72.11
2026-04-25 12:00:00+02:00,-20.627750300154432,-70.29
2026-04-25 12:15:00+02:00,-26.631762718919724,-89.98
2026-04-25 12:30:00+02:00,-37.23192625055952,-109.94
2026-04-25 12:45:00+02:00,-44.1246757723743,-131.84
2026-04-25 13:00:00+02:00,-48.392416399355305,-130.06
2026-04-25 13:15:00+02:00,-50.27913399032884,-183.57
2026-04-25 13:30:00+02:00,-50.68836804861506,-190.44
2026-04-25 13:45:00+02:00,-55.16586728774088,-201.7
2026-04-25 14:00:00+02:00,-58.827242026555204,-195.84
2026-04-25 14:15:00+02:00,-59.90932564350844,-193.53
2026-04-25 14:30:00+02:00,-57.94697226553008,-190.92
2026-04-25 14:45:00+02:00,-47.97336657670698,-183.17
2026-04-25 15:00:00+02:00,-43.22894043953622,-166.95
2026-04-25 15:15:00+02:00,-39.32324757960241,-154.01
2026-04-25 15:30:00+02:00,-27.353114500103615,-120.45
2026-04-25 15:45:00+02:00,-27.32537131517182,-93.8
2026-04-25 16:00:00+02:00,-22.083871009173777,-93.74
2026-04-25 16:15:00+02:00,-10.669736915438122,-67.16
2026-04-25 16:30:00+02:00,-2.194756021973589,-39.0
2026-04-25 16:45:00+02:00,5.1714912160755375,-16.0
2026-04-25 17:00:00+02:00,-0.9445266951473741,-15.0
2026-04-25 17:15:00+02:00,18.109342659824136,-4.93
2026-04-25 17:30:00+02:00,29.37549881934153,-1.0
2026-04-25 17:45:00+02:00,65.13889866884662,-0.05
2026-04-25 18:00:00+02:00,34.78818566256143,-1.03
2026-04-25 18:15:00+02:00,70.32282035241604,-0.01
2026-04-25 18:30:00+02:00,102.03961544245107,2.48
2026-04-25 18:45:00+02:00,116.93148240942145,17.02
2026-04-25 19:00:00+02:00,98.44822867208325,38.95
2026-04-25 19:15:00+02:00,111.81545539806959,62.8
2026-04-25 19:30:00+02:00,124.34593566273388,73.32
2026-04-25 19:45:00+02:00,136.75888189290114,85.72
2026-04-25 20:00:00+02:00,133.76715798784403,75.47
2026-04-25 20:15:00+02:00,129.5468998391606,77.54
2026-04-25 20:30:00+02:00,125.63274890202354,76.01
2026-04-25 20:45:00+02:00,110.39825057364143,72.66
2026-04-25 21:00:00+02:00,117.5001408984274,81.86
2026-04-25 21:15:00+02:00,101.47174962779937,76.33
2026-04-25 21:30:00+02:00,101.9551523739261,69.76
2026-04-25 21:45:00+02:00,92.21107266144801,60.07
2026-04-25 22:00:00+02:00,95.68289323018678,79.88
2026-04-25 22:15:00+02:00,98.94307501401182,73.15
2026-04-25 22:30:00+02:00,89.20682698025912,72.24
2026-04-25 22:45:00+02:00,78.19297590266393,65.44
2026-04-25 23:00:00+02:00,92.16982290967323,72.8
2026-04-25 23:15:00+02:00,76.13114620105488,65.71
2026-04-25 23:30:00+02:00,73.70362452421055,71.89
2026-04-25 23:45:00+02:00,66.4501503293927,69.52
2026-04-26 00:00:00+02:00,48.14265611255745,78.31
2026-04-26 00:15:00+02:00,55.94282117524022,76.49
2026-04-26 00:30:00+02:00,57.016968847846584,80.45
2026-04-26 00:45:00+02:00,64.47729215960375,82.51
2026-04-26 01:00:00+02:00,59.80036687015183,81.39
2026-04-26 01:15:00+02:00,58.59445501655529,81.55
2026-04-26 01:30:00+02:00,66.48523773281437,85.43
2026-04-26 01:45:00+02:00,63.54045665139441,86.01
2026-04-26 02:00:00+02:00,63.57466619981456,85.35
2026-04-26 02:15:00+02:00,70.71917232021211,85.74
2026-04-26 02:30:00+02:00,71.87072877571555,88.25
2026-04-26 02:45:00+02:00,76.76575087921239,89.06
2026-04-26 03:00:00+02:00,69.3502916646775,87.93
2026-04-26 03:15:00+02:00,77.19416923009992,89.37
2026-04-26 03:30:00+02:00,74.15327206331015,91.27
2026-04-26 03:45:00+02:00,76.38404772028821,93.38
2026-04-26 04:00:00+02:00,79.86758709076885,88.47
2026-04-26 04:15:00+02:00,85.1203201212923,91.15
2026-04-26 04:30:00+02:00,85.57512808158963,98.27
2026-04-26 04:45:00+02:00,84.76188604258138,98.72
2026-04-26 05:00:00+02:00,84.32193534691616,94.22
2026-04-26 05:15:00+02:00,86.750163193596,99.49
2026-04-26 05:30:00+02:00,79.72713588041776,99.9
2026-04-26 05:45:00+02:00,80.9517757062471,100.95
2026-04-26 06:00:00+02:00,90.3763777647524,97.1
2026-04-26 06:15:00+02:00,81.65476921242359,97.2
2026-04-26 06:30:00+02:00,91.5082804293032,94.04
2026-04-26 06:45:00+02:00,89.83089330742726,88.4
2026-04-26 07:00:00+02:00,106.69010966250451,92.25
2026-04-26 07:15:00+02:00,99.24829028821583,88.22
2026-04-26 07:30:00+02:00,74.27069087025487,83.16
2026-04-26 07:45:00+02:00,55.48318579173555,68.98
2026-04-26 08:00:00+02:00,81.16821414056747,88.85
2026-04-26 08:15:00+02:00,59.55846543811851,73.0
2026-04-26 08:30:00+02:00,39.38529247861101,45.72
2026-04-26 08:45:00+02:00,7.3753333212787595,9.68
2026-04-26 09:00:00+02:00,39.7739867261715,4.91
2026-04-26 09:15:00+02:00,12.311293393220339,-0.09
2026-04-26 09:30:00+02:00,-2.059722225130159,-0.81
2026-04-26 09:45:00+02:00,-14.765287900043589,-4.05
2026-04-26 10:00:00+02:00,-14.50091040038393,-5.01
2026-04-26 10:15:00+02:00,-15.575988872934687,-19.64
2026-04-26 10:30:00+02:00,-28.378161944414387,-38.0
2026-04-26 10:45:00+02:00,-21.235388583754542,-50.09
2026-04-26 11:00:00+02:00,-28.840901878551136,-72.0
2026-04-26 11:15:00+02:00,-27.732542843622532,-86.99
2026-04-26 11:30:00+02:00,-25.404974636954478,-137.11
2026-04-26 11:45:00+02:00,-33.56378719898481,-213.36
2026-04-26 12:00:00+02:00,-24.77737715315118,-213.54
2026-04-26 12:15:00+02:00,-32.040207368308685,-247.77
2026-04-26 12:30:00+02:00,-40.57438075868094,-256.17
2026-04-26 12:45:00+02:00,-31.160003948832006,-322.36
2026-04-26 13:00:00+02:00,-49.47263884372334,-360.35
2026-04-26 13:15:00+02:00,-43.61074573121479,-376.09
2026-04-26 13:30:00+02:00,-51.75945441155292,-451.35
2026-04-26 13:45:00+02:00,-48.10728318256855,-467.29
2026-04-26 14:00:00+02:00,-65.75763275415268,-480.01
2026-04-26 14:15:00+02:00,-54.332899565644475,-451.12
2026-04-26 14:30:00+02:00,-56.14438856055945,-392.82
2026-04-26 14:45:00+02:00,-56.553802739500895,-329.03
2026-04-26 15:00:00+02:00,-48.15106309535634,-321.1
2026-04-26 15:15:00+02:00,-45.40413218827523,-276.53
2026-04-26 15:30:00+02:00,-51.08472450226836,-225.99
2026-04-26 15:45:00+02:00,-47.06617177460575,-119.95
2026-04-26 16:00:00+02:00,-30.3066687731405,-89.22
2026-04-26 16:15:00+02:00,-26.360268754784556,-44.99
2026-04-26 16:30:00+02:00,-1.0912942465258482,-12.0
2026-04-26 16:45:00+02:00,40.72538608506322,-3.01
2026-04-26 17:00:00+02:00,0.10360368701107348,-2.1
2026-04-26 17:15:00+02:00,36.727575310927534,-0.13
2026-04-26 17:30:00+02:00,91.86328861829003,0.39
2026-04-26 17:45:00+02:00,102.50172441297758,46.55
2026-04-26 18:00:00+02:00,65.14305464374083,42.67
2026-04-26 18:15:00+02:00,74.48346288598313,100.92
2026-04-26 18:30:00+02:00,115.85183801848696,144.26
2026-04-26 18:45:00+02:00,157.8082805180706,164.54
2026-04-26 19:00:00+02:00,115.74718856525335,114.89
2026-04-26 19:15:00+02:00,145.90219320996155,132.34
2026-04-26 19:30:00+02:00,148.18012472621493,164.64
2026-04-26 19:45:00+02:00,160.06549320149688,189.28
2026-04-26 20:00:00+02:00,160.2986449998437,151.98
2026-04-26 20:15:00+02:00,150.36311959561593,161.01
2026-04-26 20:30:00+02:00,141.6831574894385,166.23
2026-04-26 20:45:00+02:00,138.33990400965894,152.04
2026-04-26 21:00:00+02:00,148.39309736159174,150.0
2026-04-26 21:15:00+02:00,140.97368220603306,142.46
2026-04-26 21:30:00+02:00,135.48068558129796,136.88
2026-04-26 21:45:00+02:00,125.25486280116868,133.27
2026-04-26 22:00:00+02:00,134.0071179608897,133.98
2026-04-26 22:15:00+02:00,130.53375592927418,129.96
2026-04-26 22:30:00+02:00,123.60810492889621,123.91
2026-04-26 22:45:00+02:00,120.90793239128543,117.78
2026-04-26 23:00:00+02:00,130.4003382268567,124.86
2026-04-26 23:15:00+02:00,127.78910414387462,127.56
2026-04-26 23:30:00+02:00,121.80246465051096,121.08
2026-04-26 23:45:00+02:00,116.14382041484309,118.0
2026-04-27 00:00:00+02:00,124.68326238199917,125.91
2026-04-27 00:15:00+02:00,117.56794333495051,119.8
2026-04-27 00:30:00+02:00,114.46980336647005,115.38
2026-04-27 00:45:00+02:00,113.12743658025954,112.7
2026-04-27 01:00:00+02:00,115.13573035554842,114.48
2026-04-27 01:15:00+02:00,111.41897824806864,113.59
2026-04-27 01:30:00+02:00,111.21164389453153,112.31
2026-04-27 01:45:00+02:00,111.10434493742711,111.74
2026-04-27 02:00:00+02:00,111.69389245626289,113.01
2026-04-27 02:15:00+02:00,112.9565260797137,112.71
2026-04-27 02:30:00+02:00,112.49691805336631,112.71
2026-04-27 02:45:00+02:00,111.9628842289585,112.41
2026-04-27 03:00:00+02:00,115.30450162575917,112.97
2026-04-27 03:15:00+02:00,111.51490988609957,112.14
2026-04-27 03:30:00+02:00,114.2310017212532,112.67
2026-04-27 03:45:00+02:00,111.34245385355523,113.52
2026-04-27 04:00:00+02:00,113.09883939261881,112.71
2026-04-27 04:15:00+02:00,109.18840653316795,113.92
2026-04-27 04:30:00+02:00,114.32701105652227,116.87
2026-04-27 04:45:00+02:00,119.99942047172027,123.46
2026-04-27 05:00:00+02:00,110.74799346255821,116.7
2026-04-27 05:15:00+02:00,118.48929082067968,124.0
2026-04-27 05:30:00+02:00,124.64857012869501,129.79
2026-04-27 05:45:00+02:00,135.52779175644577,132.18
2026-04-27 06:00:00+02:00,127.52932011152184,150.1
2026-04-27 06:15:00+02:00,140.90085982450563,166.4
2026-04-27 06:30:00+02:00,148.15740197953892,169.98
2026-04-27 06:45:00+02:00,154.99785314448567,175.79
2026-04-27 07:00:00+02:00,180.5811242942385,185.21
2026-04-27 07:15:00+02:00,172.1822167193946,171.27
2026-04-27 07:30:00+02:00,159.14061563117062,143.41
2026-04-27 07:45:00+02:00,136.45063470132803,114.87
2026-04-27 08:00:00+02:00,195.49749805316162,173.8
2026-04-27 08:15:00+02:00,147.23755768675937,135.01
2026-04-27 08:30:00+02:00,128.629706340125,109.38
2026-04-27 08:45:00+02:00,93.42395225793312,88.0
2026-04-27 09:00:00+02:00,136.7250513336636,124.98
2026-04-27 09:15:00+02:00,102.01769179560984,99.27
2026-04-27 09:30:00+02:00,86.32057551104828,86.62
2026-04-27 09:45:00+02:00,64.970787637929,59.24
2026-04-27 10:00:00+02:00,92.17328881890191,92.67
2026-04-27 10:15:00+02:00,65.02208833797671,67.9
2026-04-27 10:30:00+02:00,59.022579646501036,52.47
2026-04-27 10:45:00+02:00,39.26221301328458,23.53
2026-04-27 11:00:00+02:00,33.615848736372634,16.59
2026-04-27 11:15:00+02:00,34.70571257210213,0.0
2026-04-27 11:30:00+02:00,17.697919857907625,-0.01
2026-04-27 11:45:00+02:00,0.6705480246669637,-0.02
2026-04-27 12:00:00+02:00,-0.19109070071547052,-0.01
2026-04-27 12:15:00+02:00,1.1383849010475835,-0.05
2026-04-27 12:30:00+02:00,2.3567711302935557,-0.1
2026-04-27 12:45:00+02:00,2.0440532448013373,-0.23
2026-04-27 13:00:00+02:00,2.4628960952334324,-0.5
2026-04-27 13:15:00+02:00,5.7595912006785355,-0.82
2026-04-27 13:30:00+02:00,12.6964431526018,-1.0
2026-04-27 13:45:00+02:00,17.565575926641813,-1.0
2026-04-27 14:00:00+02:00,10.500653928748434,-0.5
2026-04-27 14:15:00+02:00,23.540147178080705,-0.1
2026-04-27 14:30:00+02:00,41.42311513814501,-0.05
2026-04-27 14:45:00+02:00,50.68185388864957,0.0
2026-04-27 15:00:00+02:00,32.09417932120584,-0.01
2026-04-27 15:15:00+02:00,59.01223114230701,0.0
2026-04-27 15:30:00+02:00,62.51857492295903,0.01
2026-04-27 15:45:00+02:00,69.01948215530442,20.57
2026-04-27 16:00:00+02:00,53.509620357895315,18.66
2026-04-27 16:15:00+02:00,79.16924360040782,53.61
2026-04-27 16:30:00+02:00,71.13170535488382,88.62
2026-04-27 16:45:00+02:00,97.40021462321978,113.77
2026-04-27 17:00:00+02:00,81.60425569464618,68.25
2026-04-27 17:15:00+02:00,100.03850767204996,105.18
2026-04-27 17:30:00+02:00,121.23619085321151,123.55
2026-04-27 17:45:00+02:00,146.29569562083392,131.76
2026-04-27 18:00:00+02:00,121.31705242328603,109.05
2026-04-27 18:15:00+02:00,138.42509268980933,123.74
2026-04-27 18:30:00+02:00,149.08267344960737,139.33
2026-04-27 18:45:00+02:00,175.8170580765772,147.29
2026-04-27 19:00:00+02:00,143.33598651254124,132.91
2026-04-27 19:15:00+02:00,158.94981981771053,156.54
2026-04-27 19:30:00+02:00,179.67250703182484,175.42
2026-04-27 19:45:00+02:00,195.63132300982693,224.33
2026-04-27 20:00:00+02:00,169.45805170939133,217.55
2026-04-27 20:15:00+02:00,171.857589052182,205.14
2026-04-27 20:30:00+02:00,153.40909625820072,179.38
2026-04-27 20:45:00+02:00,138.33348970205736,150.4
2026-04-27 21:00:00+02:00,161.28326711170217,193.94
2026-04-27 21:15:00+02:00,143.48318353082922,150.9
2026-04-27 21:30:00+02:00,134.48449591237423,129.0
2026-04-27 21:45:00+02:00,116.7860574024114,120.0
2026-04-27 22:00:00+02:00,137.0846269355149,138.37
2026-04-27 22:15:00+02:00,131.0190000051394,130.02
2026-04-27 22:30:00+02:00,119.093312083619,122.83
2026-04-27 22:45:00+02:00,113.74829080183044,111.37
2026-04-27 23:00:00+02:00,126.92320319167462,124.74
2026-04-27 23:15:00+02:00,111.3961555821851,117.45
2026-04-27 23:30:00+02:00,107.37933148527482,111.54
2026-04-27 23:45:00+02:00,105.49570313311266,107.08
2026-04-28 00:00:00+02:00,107.99004542777354,119.92
2026-04-28 00:15:00+02:00,101.64146195101598,113.69
2026-04-28 00:30:00+02:00,99.4494264210068,109.91
2026-04-28 00:45:00+02:00,97.51741628506109,107.12
2026-04-28 01:00:00+02:00,100.38181563728659,110.83
2026-04-28 01:15:00+02:00,99.61894138698787,107.61
2026-04-28 01:30:00+02:00,98.20200957845434,106.26
2026-04-28 01:45:00+02:00,97.50669092883625,102.91
2026-04-28 02:00:00+02:00,98.9627031263777,104.02
2026-04-28 02:15:00+02:00,98.30924577276264,102.51
2026-04-28 02:30:00+02:00,97.62122372554266,102.64
2026-04-28 02:45:00+02:00,95.86027057505419,102.75
2026-04-28 03:00:00+02:00,95.05140221922684,102.36
2026-04-28 03:15:00+02:00,95.57048914612466,102.08
2026-04-28 03:30:00+02:00,96.35764498213727,102.95
2026-04-28 03:45:00+02:00,98.2514198934436,103.93
2026-04-28 04:00:00+02:00,95.24044437253914,102.73
2026-04-28 04:15:00+02:00,97.8262936124713,103.47
2026-04-28 04:30:00+02:00,99.54258855121478,105.52
2026-04-28 04:45:00+02:00,103.05033927353516,109.39
2026-04-28 05:00:00+02:00,96.87503401558455,104.55
2026-04-28 05:15:00+02:00,102.59138182740786,109.24
2026-04-28 05:30:00+02:00,108.07741665229595,115.2
2026-04-28 05:45:00+02:00,112.8288814098545,118.35
2026-04-28 06:00:00+02:00,114.96159584049471,118.79
2026-04-28 06:15:00+02:00,129.3513642901687,121.4
2026-04-28 06:30:00+02:00,130.84514858911226,124.89
2026-04-28 06:45:00+02:00,126.2112766382988,123.32
2026-04-28 07:00:00+02:00,134.0477688446377,134.29
2026-04-28 07:15:00+02:00,143.82639485281572,126.94
2026-04-28 07:30:00+02:00,124.72559691154586,116.4
2026-04-28 07:45:00+02:00,111.71780750893852,108.09
2026-04-28 08:00:00+02:00,143.0460931768314,128.91
2026-04-28 08:15:00+02:00,121.80581851019936,121.07
2026-04-28 08:30:00+02:00,101.07004729710594,109.71
2026-04-28 08:45:00+02:00,79.43002282397987,89.57
2026-04-28 09:00:00+02:00,115.04384471475092,113.0
2026-04-28 09:15:00+02:00,85.30231770504186,97.01
2026-04-28 09:30:00+02:00,64.98005398937246,70.07
2026-04-28 09:45:00+02:00,32.00248920627755,39.03
2026-04-28 10:00:00+02:00,52.815425434482485,68.65
2026-04-28 10:15:00+02:00,18.918071445329502,23.19
2026-04-28 10:30:00+02:00,6.437125322087617,-0.07
2026-04-28 10:45:00+02:00,-6.937118593251185,-4.51
2026-04-28 11:00:00+02:00,-14.373850146646156,0.05
2026-04-28 11:15:00+02:00,-21.618556717907715,-0.4
2026-04-28 11:30:00+02:00,-21.581049074673487,-1.0
2026-04-28 11:45:00+02:00,-26.685803565922782,-2.99
2026-04-28 12:00:00+02:00,-29.644222967442765,-6.39
2026-04-28 12:15:00+02:00,-35.468881192553155,-10.7
2026-04-28 12:30:00+02:00,-39.303431455981034,-17.1
2026-04-28 12:45:00+02:00,-40.57543247007118,-21.98
2026-04-28 13:00:00+02:00,-51.42561490545494,-22.09
2026-04-28 13:15:00+02:00,-55.10165627340049,-28.45
2026-04-28 13:30:00+02:00,-58.37175562410819,-29.99
2026-04-28 13:45:00+02:00,-66.36879138020718,-35.47
2026-04-28 14:00:00+02:00,-60.81839826277732,-32.94
2026-04-28 14:15:00+02:00,-59.570374060729534,-30.0
2026-04-28 14:30:00+02:00,-58.315729237707245,-28.63
2026-04-28 14:45:00+02:00,-62.047871851004444,-24.46
2026-04-28 15:00:00+02:00,-49.295182182966336,-26.09
2026-04-28 15:15:00+02:00,-48.91379967649685,-20.0
2026-04-28 15:30:00+02:00,-26.531048136024424,-15.01
2026-04-28 15:45:00+02:00,-11.236636983650754,-8.22
2026-04-28 16:00:00+02:00,-16.257700728610864,-12.49
2026-04-28 16:15:00+02:00,-9.366630465334183,-5.11
2026-04-28 16:30:00+02:00,15.054320417045858,-1.02
2026-04-28 16:45:00+02:00,43.905659596033395,0.0
2026-04-28 17:00:00+02:00,17.365509235052627,-0.05
2026-04-28 17:15:00+02:00,50.22782178724723,5.81
2026-04-28 17:30:00+02:00,62.31258695730088,45.6
2026-04-28 17:45:00+02:00,102.92839466157805,81.9
2026-04-28 18:00:00+02:00,66.88166784730576,58.65
2026-04-28 18:15:00+02:00,84.36702319648018,79.39
2026-04-28 18:30:00+02:00,110.33157032729139,105.36
2026-04-28 18:45:00+02:00,135.9829600783945,117.0
2026-04-28 19:00:00+02:00,120.64282844096326,105.22
2026-04-28 19:15:00+02:00,126.2622912436552,115.2
2026-04-28 19:30:00+02:00,138.41874324105152,120.18
2026-04-28 19:45:00+02:00,138.2059241951984,129.0
2026-04-28 20:00:00+02:00,129.75363093881623,124.01
2026-04-28 20:15:00+02:00,118.95255901999036,120.06
2026-04-28 20:30:00+02:00,132.26633985808982,121.07
2026-04-28 20:45:00+02:00,125.57014892885513,118.75
2026-04-28 21:00:00+02:00,136.8173088818481,119.87
2026-04-28 21:15:00+02:00,120.18199200289698,118.91
2026-04-28 21:30:00+02:00,112.31104963192077,115.48
2026-04-28 21:45:00+02:00,103.66992722370924,109.05
2026-04-28 22:00:00+02:00,125.21307610230122,118.02
2026-04-28 22:15:00+02:00,107.37121409271643,112.41
2026-04-28 22:30:00+02:00,112.49141513424436,110.5
2026-04-28 22:45:00+02:00,106.04165802050008,104.25
2026-04-28 23:00:00+02:00,103.18405728252061,107.12
2026-04-28 23:15:00+02:00,107.72451163314835,102.04
2026-04-28 23:30:00+02:00,111.27298375472395,100.41
2026-04-28 23:45:00+02:00,104.22831411026034,97.51
2026-04-29 00:00:00+02:00,104.90888366941867,101.96
2026-04-29 00:15:00+02:00,103.84167984889604,98.38
2026-04-29 00:30:00+02:00,102.0257299484459,97.46
2026-04-29 00:45:00+02:00,100.64782310965633,95.03
2026-04-29 01:00:00+02:00,102.65436726440521,97.82
2026-04-29 01:15:00+02:00,99.66121567623246,96.32
2026-04-29 01:30:00+02:00,96.5708597315145,96.7
2026-04-29 01:45:00+02:00,98.09022360808773,96.06
2026-04-29 02:00:00+02:00,98.79949871508894,97.83
2026-04-29 02:15:00+02:00,98.64463815961118,97.54
2026-04-29 02:30:00+02:00,98.23224657577163,98.44
2026-04-29 02:45:00+02:00,98.51693783234452,97.86
2026-04-29 03:00:00+02:00,99.68203445210214,97.59
2026-04-29 03:15:00+02:00,100.58458425894868,98.03
2026-04-29 03:30:00+02:00,102.09037344576112,98.71
2026-04-29 03:45:00+02:00,101.34582750700989,99.78
2026-04-29 04:00:00+02:00,99.21249903743268,98.68
2026-04-29 04:15:00+02:00,99.5922697733908,99.8
2026-04-29 04:30:00+02:00,101.22409190520109,100.79
2026-04-29 04:45:00+02:00,106.42247994312831,103.33
2026-04-29 05:00:00+02:00,103.67238642135685,102.07
2026-04-29 05:15:00+02:00,106.75202166485087,105.04
2026-04-29 05:30:00+02:00,114.91444935230734,109.71
2026-04-29 05:45:00+02:00,115.19122100917093,114.8
2026-04-29 06:00:00+02:00,113.37276766444127,121.58
2026-04-29 06:15:00+02:00,121.98688591771445,137.93
2026-04-29 06:30:00+02:00,119.67466455789358,149.84
2026-04-29 06:45:00+02:00,121.03976796031162,149.84
2026-04-29 07:00:00+02:00,116.94278495465397,153.0
2026-04-29 07:15:00+02:00,122.82457437897622,130.17
2026-04-29 07:30:00+02:00,108.32765397259702,119.2
2026-04-29 07:45:00+02:00,101.3583681443804,105.02
2026-04-29 08:00:00+02:00,119.51480996585988,134.59
2026-04-29 08:15:00+02:00,115.12204828433268,120.46
2026-04-29 08:30:00+02:00,103.02315378984916,105.15
2026-04-29 08:45:00+02:00,73.80210434105726,89.26
2026-04-29 09:00:00+02:00,107.94383137891279,117.75
2026-04-29 09:15:00+02:00,86.88168259865905,96.95
2026-04-29 09:30:00+02:00,58.89219067324871,50.54
2026-04-29 09:45:00+02:00,17.78265297335291,0.44
2026-04-29 10:00:00+02:00,45.05645952477895,10.8
2026-04-29 10:15:00+02:00,-3.590074813053306,-0.02
2026-04-29 10:30:00+02:00,-14.259162742321003,-4.28
2026-04-29 10:45:00+02:00,-16.9733991845303,-10.81
2026-04-29 11:00:00+02:00,-15.842542609896782,-7.52
2026-04-29 11:15:00+02:00,-17.60676632780259,-7.99
2026-04-29 11:30:00+02:00,-24.32738877711529,-10.7
2026-04-29 11:45:00+02:00,-28.50840451290985,-20.06
2026-04-29 12:00:00+02:00,-31.696176987402048,-20.0
2026-04-29 12:15:00+02:00,-36.59341380194821,-30.0
2026-04-29 12:30:00+02:00,-34.73573069717186,-36.06
2026-04-29 12:45:00+02:00,-31.385992564278077,-49.0
2026-04-29 13:00:00+02:00,-34.540129328281296,-49.95
2026-04-29 13:15:00+02:00,-36.831775664598425,-57.79
2026-04-29 13:30:00+02:00,-43.44725970253277,-63.47
2026-04-29 13:45:00+02:00,-41.53459685370146,-70.24
2026-04-29 14:00:00+02:00,-45.00068016133318,-63.51
2026-04-29 14:15:00+02:00,-46.23181964719852,-57.71
2026-04-29 14:30:00+02:00,-39.27346068025893,-51.51
2026-04-29 14:45:00+02:00,-46.50893369457385,-49.0
2026-04-29 15:00:00+02:00,-35.42136431122822,-50.0
2026-04-29 15:15:00+02:00,-37.417813292457566,-39.89
2026-04-29 15:30:00+02:00,-41.831781321774514,-32.91
2026-04-29 15:45:00+02:00,-31.970813691890683,-22.08
2026-04-29 16:00:00+02:00,-17.665883408559694,-26.47
2026-04-29 16:15:00+02:00,-10.248128062158997,-13.12
2026-04-29 16:30:00+02:00,-6.114621949487855,-5.1
2026-04-29 16:45:00+02:00,4.620415851368023,-0.31
2026-04-29 17:00:00+02:00,-3.4172280648342905,-6.36
2026-04-29 17:15:00+02:00,9.627198083103337,-0.1
2026-04-29 17:30:00+02:00,32.868686001825594,8.05
2026-04-29 17:45:00+02:00,86.54007619478716,76.99
2026-04-29 18:00:00+02:00,53.389918025151545,41.92
2026-04-29 18:15:00+02:00,86.23305891234934,85.07
2026-04-29 18:30:00+02:00,106.55358979207016,110.92
2026-04-29 18:45:00+02:00,124.15289315418987,126.67
2026-04-29 19:00:00+02:00,106.46172482903391,104.21
2026-04-29 19:15:00+02:00,123.48469803913122,110.63
2026-04-29 19:30:00+02:00,130.4637893666713,127.21
2026-04-29 19:45:00+02:00,155.66037207672073,161.19
2026-04-29 20:00:00+02:00,144.91138598593128,144.85
2026-04-29 20:15:00+02:00,147.35749956386596,143.87
2026-04-29 20:30:00+02:00,138.94455221144997,149.2
2026-04-29 20:45:00+02:00,131.43774863230004,144.45
2026-04-29 21:00:00+02:00,140.29978956948324,158.5
2026-04-29 21:15:00+02:00,126.11053882754177,131.32
2026-04-29 21:30:00+02:00,123.02953011233927,118.72
2026-04-29 21:45:00+02:00,111.25500389331292,111.26
2026-04-29 22:00:00+02:00,128.38917319361076,123.5
2026-04-29 22:15:00+02:00,120.62520064046595,117.26
2026-04-29 22:30:00+02:00,115.31380757099855,114.21
2026-04-29 22:45:00+02:00,109.01566170936574,107.66
2026-04-29 23:00:00+02:00,116.53452523552988,111.96
2026-04-29 23:15:00+02:00,115.30507401972542,106.21
2026-04-29 23:30:00+02:00,109.02534480965232,103.32
2026-04-29 23:45:00+02:00,105.95374237778941,98.9
2026-04-30 00:00:00+02:00,107.20412164709664,99.4
2026-04-30 00:15:00+02:00,103.50804512876155,101.55
2026-04-30 00:30:00+02:00,101.03767405637493,101.1
2026-04-30 00:45:00+02:00,98.28902242529672,99.23
2026-04-30 01:00:00+02:00,102.93555402627163,99.57
2026-04-30 01:15:00+02:00,99.01306828958525,99.19
2026-04-30 01:30:00+02:00,98.00875586902096,99.97
2026-04-30 01:45:00+02:00,97.46249682042206,101.71
2026-04-30 02:00:00+02:00,100.13274854272491,100.33
2026-04-30 02:15:00+02:00,98.70729832477987,97.81
2026-04-30 02:30:00+02:00,99.02442954470327,98.02
2026-04-30 02:45:00+02:00,98.90905830145758,98.12
2026-04-30 03:00:00+02:00,99.09852866697304,98.75
2026-04-30 03:15:00+02:00,98.44611743447223,99.01
2026-04-30 03:30:00+02:00,99.69605548994282,99.29
2026-04-30 03:45:00+02:00,99.66654787536704,100.86
2026-04-30 04:00:00+02:00,98.76360725392114,98.35
2026-04-30 04:15:00+02:00,99.52544229706636,101.48
2026-04-30 04:30:00+02:00,102.89051053278341,106.89
2026-04-30 04:45:00+02:00,105.78200665900565,109.64
2026-04-30 05:00:00+02:00,103.84629997589668,106.81
2026-04-30 05:15:00+02:00,106.16084950363667,110.88
2026-04-30 05:30:00+02:00,112.44253459844761,116.28
2026-04-30 05:45:00+02:00,115.82890045708673,122.44
2026-04-30 06:00:00+02:00,120.65020338877129,119.63
2026-04-30 06:15:00+02:00,130.26722887579993,147.97
2026-04-30 06:30:00+02:00,138.77748826235543,150.34
2026-04-30 06:45:00+02:00,138.71326913047483,138.54
2026-04-30 07:00:00+02:00,145.41577952163146,155.36
2026-04-30 07:15:00+02:00,134.29344210479016,130.68
2026-04-30 07:30:00+02:00,117.84836859710232,113.9
2026-04-30 07:45:00+02:00,97.72392464729138,89.2
2026-04-30 08:00:00+02:00,124.4978725983189,127.7
2026-04-30 08:15:00+02:00,111.88514142562255,115.3
2026-04-30 08:30:00+02:00,91.85222238810861,93.2
2026-04-30 08:45:00+02:00,75.16123597618821,48.67
2026-04-30 09:00:00+02:00,97.65328051878745,108.35
2026-04-30 09:15:00+02:00,93.09684229233305,59.2
2026-04-30 09:30:00+02:00,32.97573245181321,14.66
2026-04-30 09:45:00+02:00,-0.9434535797238794,0.01
2026-04-30 10:00:00+02:00,12.583087285017015,1.98
2026-04-30 10:15:00+02:00,-9.003388773113457,0.0
2026-04-30 10:30:00+02:00,-13.199179753163477,-0.09
2026-04-30 10:45:00+02:00,-16.336356794021917,-2.04
2026-04-30 11:00:00+02:00,-17.48534575226803,-0.51
2026-04-30 11:15:00+02:00,-21.90685457712413,-1.29
2026-04-30 11:30:00+02:00,-26.55604765465236,-4.0
2026-04-30 11:45:00+02:00,-28.207771204827473,-9.7
2026-04-30 12:00:00+02:00,-31.802574717919626,-8.17
2026-04-30 12:15:00+02:00,-34.50753938531031,-14.34
2026-04-30 12:30:00+02:00,-43.08451124202415,-18.23
2026-04-30 12:45:00+02:00,-56.629307374998604,-24.27
2026-04-30 13:00:00+02:00,-59.985513463194906,-26.01
2026-04-30 13:15:00+02:00,-70.05866247461324,-29.99
2026-04-30 13:30:00+02:00,-74.86703305116822,-34.63
2026-04-30 13:45:00+02:00,-80.6628898351756,-37.45
2026-04-30 14:00:00+02:00,-77.79375224625147,-36.16
2026-04-30 14:15:00+02:00,-74.07812905976974,-30.01
2026-04-30 14:30:00+02:00,-82.4047711831362,-28.35
2026-04-30 14:45:00+02:00,-72.45016417262235,-21.2
2026-04-30 15:00:00+02:00,-66.62580651891706,-20.73
2026-04-30 15:15:00+02:00,-59.96714183093314,-15.01
2026-04-30 15:30:00+02:00,-44.56003529261014,-9.47
2026-04-30 15:45:00+02:00,-29.387792928093617,-2.99
2026-04-30 16:00:00+02:00,-31.51461341470484,-5.86
2026-04-30 16:15:00+02:00,-16.624083664427914,-1.65
2026-04-30 16:30:00+02:00,-7.865835998991656,-0.94
2026-04-30 16:45:00+02:00,-1.4273234189715254,-0.72
2026-04-30 17:00:00+02:00,-5.5893474196959545,-1.68
2026-04-30 17:15:00+02:00,3.190560787634851,-0.01
2026-04-30 17:30:00+02:00,18.413278032313144,13.7
2026-04-30 17:45:00+02:00,63.834132505254686,70.31
2026-04-30 18:00:00+02:00,43.61272123777648,31.14
2026-04-30 18:15:00+02:00,78.70843744247986,88.61
2026-04-30 18:30:00+02:00,102.00629468680468,112.47
2026-04-30 18:45:00+02:00,123.93820068917124,137.5
2026-04-30 19:00:00+02:00,106.77234426792239,104.13
2026-04-30 19:15:00+02:00,117.3015836223477,121.7
2026-04-30 19:30:00+02:00,118.84939966076948,144.27
2026-04-30 19:45:00+02:00,135.54857454928867,186.25
2026-04-30 20:00:00+02:00,144.08946803412815,178.01
2026-04-30 20:15:00+02:00,133.4658298396457,188.47
2026-04-30 20:30:00+02:00,133.99676164019604,181.09
2026-04-30 20:45:00+02:00,130.06455284187044,166.91
2026-04-30 21:00:00+02:00,138.28951824533658,181.63
2026-04-30 21:15:00+02:00,124.4211174940235,155.44
2026-04-30 21:30:00+02:00,121.45281452076692,131.23
2026-04-30 21:45:00+02:00,117.21487025469403,115.06
2026-04-30 22:00:00+02:00,124.23676259707469,132.37
2026-04-30 22:15:00+02:00,119.34367855492086,120.1
2026-04-30 22:30:00+02:00,113.62057168257633,113.94
2026-04-30 22:45:00+02:00,108.49446856635619,109.27
2026-04-30 23:00:00+02:00,108.07268472591382,117.59
2026-04-30 23:15:00+02:00,108.1808984250921,111.12
2026-04-30 23:30:00+02:00,105.37096136776385,106.74
2026-04-30 23:45:00+02:00,101.26717689406277,102.98
2026-05-01 00:00:00+02:00,103.08914583985305,115.99
2026-05-01 00:15:00+02:00,103.08406001885758,108.86
2026-05-01 00:30:00+02:00,102.65804132783889,103.48
2026-05-01 00:45:00+02:00,97.86889667170999,100.58
2026-05-01 01:00:00+02:00,100.02736623633405,104.92
2026-05-01 01:15:00+02:00,98.04487826348115,103.16
2026-05-01 01:30:00+02:00,96.12391361262291,103.16
2026-05-01 01:45:00+02:00,95.34368756552637,101.1
2026-05-01 02:00:00+02:00,99.10667569621408,102.84
2026-05-01 02:15:00+02:00,94.83585727092294,100.51
2026-05-01 02:30:00+02:00,91.21884561248552,101.09
2026-05-01 02:45:00+02:00,91.122983592625,101.1
2026-05-01 03:00:00+02:00,95.23466165000634,99.01
2026-05-01 03:15:00+02:00,91.92727854406762,98.96
2026-05-01 03:30:00+02:00,95.26595054247707,99.78
2026-05-01 03:45:00+02:00,97.29315789967715,99.23
2026-05-01 04:00:00+02:00,92.03353695150955,97.8
2026-05-01 04:15:00+02:00,93.65464074809691,98.21
2026-05-01 04:30:00+02:00,98.33814280801167,97.0
2026-05-01 04:45:00+02:00,101.41916342590856,98.91
2026-05-01 05:00:00+02:00,99.25148392824447,97.35
2026-05-01 05:15:00+02:00,99.75267722092498,97.87
2026-05-01 05:30:00+02:00,102.64689771831284,99.37
2026-05-01 05:45:00+02:00,105.72102588206995,95.39
2026-05-01 06:00:00+02:00,100.84124100562343,112.68
2026-05-01 06:15:00+02:00,99.52712832404919,110.66
2026-05-01 06:30:00+02:00,106.07119414799291,106.74
2026-05-01 06:45:00+02:00,85.6851282020948,84.99
2026-05-01 07:00:00+02:00,104.25008970922508,124.78
2026-05-01 07:15:00+02:00,93.99392812584487,95.88
2026-05-01 07:30:00+02:00,88.53567652247254,70.02
2026-05-01 07:45:00+02:00,61.01475742844074,30.68
2026-05-01 08:00:00+02:00,102.49243971943602,98.65
2026-05-01 08:15:00+02:00,73.89688310126515,34.99
2026-05-01 08:30:00+02:00,39.48733399748855,7.66
2026-05-01 08:45:00+02:00,17.374726230293362,0.03
2026-05-01 09:00:00+02:00,27.535296236471808,1.16
2026-05-01 09:15:00+02:00,20.27819785569875,0.0
2026-05-01 09:30:00+02:00,9.149760274519494,-0.01
2026-05-01 09:45:00+02:00,-5.2570038941852175,-1.26
2026-05-01 10:00:00+02:00,4.003598220111854,-1.38
2026-05-01 10:15:00+02:00,0.5143332256829325,-7.99
2026-05-01 10:30:00+02:00,-7.0417303777340905,-25.0
2026-05-01 10:45:00+02:00,-17.3438057990202,-50.35
2026-05-01 11:00:00+02:00,-20.823308482851928,-69.98
2026-05-01 11:15:00+02:00,-20.562646887375315,-90.47
2026-05-01 11:30:00+02:00,-32.555850516948055,-120.0
2026-05-01 11:45:00+02:00,-45.127701937556445,-154.02
2026-05-01 12:00:00+02:00,-44.6794406360148,-160.02
2026-05-01 12:15:00+02:00,-41.253049066483975,-280.77
2026-05-01 12:30:00+02:00,-44.2699438621703,-340.21
2026-05-01 12:45:00+02:00,-63.001875226830165,-493.32
2026-05-01 13:00:00+02:00,-57.78678169378871,-496.03
2026-05-01 13:15:00+02:00,-83.48133561778833,-499.99
2026-05-01 13:30:00+02:00,-112.46691515446108,-499.99
2026-05-01 13:45:00+02:00,-123.23696924829966,-499.99
2026-05-01 14:00:00+02:00,-110.29827090357816,-499.99
2026-05-01 14:15:00+02:00,-105.38496013337534,-499.99
2026-05-01 14:30:00+02:00,-102.97832621304147,-499.89
2026-05-01 14:45:00+02:00,-96.34821562687225,-400.0
2026-05-01 15:00:00+02:00,-73.75607859832787,-400.0
2026-05-01 15:15:00+02:00,-76.11054453040182,-215.65
2026-05-01 15:30:00+02:00,-69.19989201001383,-129.95
2026-05-01 15:45:00+02:00,-48.33172283953337,-77.91
2026-05-01 16:00:00+02:00,-45.3047989952629,-63.83
2026-05-01 16:15:00+02:00,-28.620496615462173,-30.0
2026-05-01 16:30:00+02:00,-16.03274251849615,-9.96
2026-05-01 16:45:00+02:00,1.9558809396334453,-1.2
2026-05-01 17:00:00+02:00,-2.8015923956319426,-1.57
2026-05-01 17:15:00+02:00,2.855558550647615,-0.21
2026-05-01 17:30:00+02:00,14.302888530632856,0.0
2026-05-01 17:45:00+02:00,44.80982086904433,24.0
2026-05-01 18:00:00+02:00,29.281850253834094,5.09
2026-05-01 18:15:00+02:00,72.88919405219721,79.1
2026-05-01 18:30:00+02:00,90.40412102686713,109.67
2026-05-01 18:45:00+02:00,112.63550424344338,176.26
2026-05-01 19:00:00+02:00,98.77218641368759,106.63
2026-05-01 19:15:00+02:00,111.52523550738368,124.15
2026-05-01 19:30:00+02:00,115.97991444918662,152.99
2026-05-01 19:45:00+02:00,167.28320313242443,232.99
2026-05-01 20:00:00+02:00,153.84953336040732,180.71
2026-05-01 20:15:00+02:00,146.8010206326638,181.22
2026-05-01 20:30:00+02:00,141.88384919456948,181.02
2026-05-01 20:45:00+02:00,144.55889635135117,150.35
2026-05-01 21:00:00+02:00,163.58643354673936,210.0
2026-05-01 21:15:00+02:00,141.42699005850594,135.32
2026-05-01 21:30:00+02:00,124.75291269691716,116.65
2026-05-01 21:45:00+02:00,114.41900983548138,109.83
2026-05-01 22:00:00+02:00,129.27748042353963,127.7
2026-05-01 22:15:00+02:00,121.31486318407924,115.99
2026-05-01 22:30:00+02:00,113.99032107851694,106.0
2026-05-01 22:45:00+02:00,109.62312971112573,103.2
2026-05-01 23:00:00+02:00,113.38618783924906,104.09
2026-05-01 23:15:00+02:00,109.81206008535337,102.13
2026-05-01 23:30:00+02:00,107.37010495115933,94.84
2026-05-01 23:45:00+02:00,104.95181641536038,86.87
2026-05-02 00:00:00+02:00,105.58335774210357,138.0
2026-05-02 00:15:00+02:00,98.89747877347315,123.31
2026-05-02 00:30:00+02:00,94.24037089444587,105.13
2026-05-02 00:45:00+02:00,93.11403540726134,103.26
2026-05-02 01:00:00+02:00,98.27369331455446,109.59
2026-05-02 01:15:00+02:00,94.37825983219612,104.87
2026-05-02 01:30:00+02:00,92.69599307394449,102.24
2026-05-02 01:45:00+02:00,90.39925650111229,98.15
2026-05-02 02:00:00+02:00,91.4514898348526,104.17
2026-05-02 02:15:00+02:00,90.87835895347347,98.91
2026-05-02 02:30:00+02:00,88.5435333174197,97.33
2026-05-02 02:45:00+02:00,86.66246056898166,97.5
2026-05-02 03:00:00+02:00,91.64478573533039,97.37
2026-05-02 03:15:00+02:00,90.72062972284257,92.12
2026-05-02 03:30:00+02:00,91.109617165344,92.08
2026-05-02 03:45:00+02:00,89.30017882851523,91.77
2026-05-02 04:00:00+02:00,87.2142613057353,91.52
2026-05-02 04:15:00+02:00,88.06869093574298,94.22
2026-05-02 04:30:00+02:00,87.2291198491488,94.22
2026-05-02 04:45:00+02:00,86.3398700882901,94.22
2026-05-02 05:00:00+02:00,83.96361251974847,92.82
2026-05-02 05:15:00+02:00,87.51953572188053,91.78
2026-05-02 05:30:00+02:00,88.46355847171715,95.14
2026-05-02 05:45:00+02:00,93.94053348670592,95.05
2026-05-02 06:00:00+02:00,92.22068894755249,95.65
2026-05-02 06:15:00+02:00,98.01862520315831,96.78
2026-05-02 06:30:00+02:00,97.19226239969169,93.47
2026-05-02 06:45:00+02:00,79.2537012678032,81.22
2026-05-02 07:00:00+02:00,108.38442317054003,110.85
2026-05-02 07:15:00+02:00,83.57635039949696,86.56
2026-05-02 07:30:00+02:00,52.16439195923478,72.04
2026-05-02 07:45:00+02:00,31.41238601266653,42.6
2026-05-02 08:00:00+02:00,73.75830995929063,46.21
2026-05-02 08:15:00+02:00,33.12054413973553,20.0
2026-05-02 08:30:00+02:00,16.419407727141177,4.77
2026-05-02 08:45:00+02:00,1.7741480207238283,2.1
2026-05-02 09:00:00+02:00,11.070499005247754,4.79
2026-05-02 09:15:00+02:00,-5.695625783375661,0.33
2026-05-02 09:30:00+02:00,-5.25378697839939,0.0
2026-05-02 09:45:00+02:00,-5.761494045859251,-0.04
2026-05-02 10:00:00+02:00,-9.996402792133992,-0.01
2026-05-02 10:15:00+02:00,-16.073010004709943,-0.09
2026-05-02 10:30:00+02:00,-16.202966128317385,-1.26
2026-05-02 10:45:00+02:00,-33.11402170026213,-8.19
2026-05-02 11:00:00+02:00,-47.76733856163685,-10.0
2026-05-02 11:15:00+02:00,-58.39885605288039,-14.45
2026-05-02 11:30:00+02:00,-69.61403001055996,-23.31
2026-05-02 11:45:00+02:00,-95.03493833951079,-39.89
2026-05-02 12:00:00+02:00,-88.05255721281252,-59.95
2026-05-02 12:15:00+02:00,-117.38888741181107,-74.03
2026-05-02 12:30:00+02:00,-127.30837648029105,-88.0
2026-05-02 12:45:00+02:00,-157.31673366356858,-112.45
2026-05-02 13:00:00+02:00,-163.32620497199062,-114.16
2026-05-02 13:15:00+02:00,-164.61486650896993,-129.04
2026-05-02 13:30:00+02:00,-184.86715976439592,-147.01
2026-05-02 13:45:00+02:00,-210.34324187187082,-129.9
2026-05-02 14:00:00+02:00,-190.0638664536312,-120.01
2026-05-02 14:15:00+02:00,-193.90741049275888,-95.49
2026-05-02 14:30:00+02:00,-180.29094452056177,-74.0
2026-05-02 14:45:00+02:00,-170.18945974554285,-57.87
2026-05-02 15:00:00+02:00,-168.90853864028375,-34.99
2026-05-02 15:15:00+02:00,-137.66669366812158,-14.99
2026-05-02 15:30:00+02:00,-106.01281870019956,-5.09
2026-05-02 15:45:00+02:00,-74.76948354575927,-1.08
2026-05-02 16:00:00+02:00,-65.37218670568232,-0.11
2026-05-02 16:15:00+02:00,-33.60495087238208,-0.01
2026-05-02 16:30:00+02:00,-16.655035423754015,0.0
2026-05-02 16:45:00+02:00,-4.708696180923283,0.25
2026-05-02 17:00:00+02:00,-3.4957434154444655,0.37
2026-05-02 17:15:00+02:00,-0.8433677214690363,6.19
2026-05-02 17:30:00+02:00,2.1316292477601593,68.82
2026-05-02 17:45:00+02:00,34.058944269434775,144.4
2026-05-02 18:00:00+02:00,23.095308220881506,78.71
2026-05-02 18:15:00+02:00,66.69648783873362,113.51
2026-05-02 18:30:00+02:00,112.25480579617329,136.31
2026-05-02 18:45:00+02:00,160.76027213006222,180.03
2026-05-02 19:00:00+02:00,95.56292165046474,115.68
2026-05-02 19:15:00+02:00,125.57511657152432,137.46
2026-05-02 19:30:00+02:00,153.6812387871789,155.77
2026-05-02 19:45:00+02:00,170.74456041298544,251.09
2026-05-02 20:00:00+02:00,166.94981098040776,176.98
2026-05-02 20:15:00+02:00,167.71070147472105,199.77
2026-05-02 20:30:00+02:00,161.85964695016423,217.0
2026-05-02 20:45:00+02:00,146.4136683801893,188.05
2026-05-02 21:00:00+02:00,167.9080152542098,210.76
2026-05-02 21:15:00+02:00,148.68610683411373,147.94
2026-05-02 21:30:00+02:00,139.42201658288204,133.78
2026-05-02 21:45:00+02:00,123.38877421173464,124.8
2026-05-02 22:00:00+02:00,137.98684553750368,174.8
2026-05-02 22:15:00+02:00,133.04282633230284,137.8
2026-05-02 22:30:00+02:00,118.80848804900508,125.4
2026-05-02 22:45:00+02:00,110.98144523207245,121.84
2026-05-02 23:00:00+02:00,125.0729694164024,135.11
2026-05-02 23:15:00+02:00,123.56278030523043,129.16
2026-05-02 23:30:00+02:00,116.31204421681817,117.74
2026-05-02 23:45:00+02:00,114.2408582061265,113.45
2026-05-03 00:00:00+02:00,129.58433008296095,129.53
2026-05-03 00:15:00+02:00,120.18414526157164,120.08
2026-05-03 00:30:00+02:00,109.66448926068944,119.66
2026-05-03 00:45:00+02:00,108.02430090509552,115.51
2026-05-03 01:00:00+02:00,110.17649368139308,118.26
2026-05-03 01:15:00+02:00,106.99323356451696,117.91
2026-05-03 01:30:00+02:00,103.2425735659352,115.95
2026-05-03 01:45:00+02:00,98.81204368658643,112.01
2026-05-03 02:00:00+02:00,103.04057342758374,111.26
2026-05-03 02:15:00+02:00,100.2597339400773,110.89
2026-05-03 02:30:00+02:00,99.18302137348026,110.0
2026-05-03 02:45:00+02:00,101.06558928463723,108.5
2026-05-03 03:00:00+02:00,101.98683166198228,109.3
2026-05-03 03:15:00+02:00,100.95584694543444,109.12
2026-05-03 03:30:00+02:00,104.04894858347663,107.9
2026-05-03 03:45:00+02:00,102.71480680888733,107.59
2026-05-03 04:00:00+02:00,99.68068846833711,106.86
2026-05-03 04:15:00+02:00,102.81670318313473,105.64
2026-05-03 04:30:00+02:00,103.51138263648335,106.06
2026-05-03 04:45:00+02:00,104.05511438319702,106.61
2026-05-03 05:00:00+02:00,107.24806390337729,104.7
2026-05-03 05:15:00+02:00,103.41827982582946,107.16
2026-05-03 05:30:00+02:00,104.66905312811556,107.14
2026-05-03 05:45:00+02:00,102.8762494778358,109.29
2026-05-03 06:00:00+02:00,106.00773488254423,107.83
2026-05-03 06:15:00+02:00,97.28115154890261,103.94
2026-05-03 06:30:00+02:00,98.05404159766141,102.74
2026-05-03 06:45:00+02:00,67.66696009592252,92.29
2026-05-03 07:00:00+02:00,105.83846659742218,119.77
2026-05-03 07:15:00+02:00,81.94598877026134,93.26
2026-05-03 07:30:00+02:00,68.84288467434122,69.1
2026-05-03 07:45:00+02:00,48.11734425471978,59.22
2026-05-03 08:00:00+02:00,56.942175659951545,87.76
2026-05-03 08:15:00+02:00,27.00378538429861,75.25
2026-05-03 08:30:00+02:00,25.63582666609608,67.29
2026-05-03 08:45:00+02:00,26.20730707580762,56.65
2026-05-03 09:00:00+02:00,19.079808223205873,62.23
2026-05-03 09:15:00+02:00,22.81305538104968,36.36
2026-05-03 09:30:00+02:00,14.00127527541116,25.82
2026-05-03 09:45:00+02:00,12.94012730768187,6.22
2026-05-03 10:00:00+02:00,25.33155836846492,6.35
2026-05-03 10:15:00+02:00,14.674832706540826,0.0
2026-05-03 10:30:00+02:00,0.48855659946335095,-0.59
2026-05-03 10:45:00+02:00,1.8936885959788263,-0.61
2026-05-03 11:00:00+02:00,-13.046480204018756,-0.36
2026-05-03 11:15:00+02:00,-14.349755416956128,-0.77
2026-05-03 11:30:00+02:00,-10.340551402319337,-1.45
2026-05-03 11:45:00+02:00,-13.047474061655945,-3.13
2026-05-03 12:00:00+02:00,-18.848922028036597,-5.34
2026-05-03 12:15:00+02:00,-24.004880308971465,-6.55
2026-05-03 12:30:00+02:00,-23.20800244841861,-7.27
2026-05-03 12:45:00+02:00,-40.26926430113377,-8.0
2026-05-03 13:00:00+02:00,-35.414520915221345,-12.59
2026-05-03 13:15:00+02:00,-39.286492209483086,-15.0
2026-05-03 13:30:00+02:00,-36.55361881762866,-15.15
2026-05-03 13:45:00+02:00,-32.61871925316926,-15.0
2026-05-03 14:00:00+02:00,-36.9160718920685,-11.63
2026-05-03 14:15:00+02:00,-44.0873813423285,-12.7
2026-05-03 14:30:00+02:00,-69.22432159364067,-9.6
2026-05-03 14:45:00+02:00,-90.33907833819771,-9.6
2026-05-03 15:00:00+02:00,-59.66115940791401,-10.01
2026-05-03 15:15:00+02:00,-52.696612144021074,-4.7
2026-05-03 15:30:00+02:00,-51.572773340968574,-1.09
2026-05-03 15:45:00+02:00,-42.6355927000413,-0.07
2026-05-03 16:00:00+02:00,-35.72584269737912,-0.85
2026-05-03 16:15:00+02:00,-10.89963314262917,-0.6
2026-05-03 16:30:00+02:00,-14.951395449826592,0.19
2026-05-03 16:45:00+02:00,28.866413186291936,37.79
2026-05-03 17:00:00+02:00,12.93125897413799,21.26
2026-05-03 17:15:00+02:00,38.21598745059287,68.25
2026-05-03 17:30:00+02:00,47.74158610586278,99.69
2026-05-03 17:45:00+02:00,93.10421173296794,133.63
2026-05-03 18:00:00+02:00,54.3363151114605,101.69
2026-05-03 18:15:00+02:00,90.38548932740298,114.99
2026-05-03 18:30:00+02:00,113.82762131835719,127.99
2026-05-03 18:45:00+02:00,149.17512468486575,137.62
2026-05-03 19:00:00+02:00,108.28843202364696,123.52
2026-05-03 19:15:00+02:00,128.41993351577338,124.77
2026-05-03 19:30:00+02:00,145.34052111696298,137.89
2026-05-03 19:45:00+02:00,174.51072998306424,153.0
2026-05-03 20:00:00+02:00,158.99996995142487,139.64
2026-05-03 20:15:00+02:00,157.62998680867398,142.03
2026-05-03 20:30:00+02:00,155.5353286585678,141.98
2026-05-03 20:45:00+02:00,144.17286391188657,139.83
2026-05-03 21:00:00+02:00,160.0062274510379,147.94
2026-05-03 21:15:00+02:00,136.689691794965,138.68
2026-05-03 21:30:00+02:00,128.86022895913877,133.94
2026-05-03 21:45:00+02:00,119.53822252147444,128.68
2026-05-03 22:00:00+02:00,134.9679359501083,140.07
2026-05-03 22:15:00+02:00,127.89112551457308,137.75
2026-05-03 22:30:00+02:00,115.79302421991498,124.87
2026-05-03 22:45:00+02:00,111.33017902929467,118.82
2026-05-03 23:00:00+02:00,123.44004305212022,133.96
2026-05-03 23:15:00+02:00,111.67847261205318,121.24
2026-05-03 23:30:00+02:00,108.98314197928008,115.95
2026-05-03 23:45:00+02:00,102.45511630155868,113.31
2026-05-04 00:00:00+02:00,115.56929095305931,126.79
2026-05-04 00:15:00+02:00,112.31356971551843,120.08
2026-05-04 00:30:00+02:00,109.12050601189246,112.47
2026-05-04 00:45:00+02:00,106.83783832031614,110.08
2026-05-04 01:00:00+02:00,110.25545849343825,110.65
2026-05-04 01:15:00+02:00,108.54747465548802,109.42
2026-05-04 01:30:00+02:00,105.60577564623026,108.35
2026-05-04 01:45:00+02:00,103.95968861940868,105.22
2026-05-04 02:00:00+02:00,106.85427711498421,113.26
2026-05-04 02:15:00+02:00,105.431299428438,110.64
2026-05-04 02:30:00+02:00,106.49147703796915,110.1
2026-05-04 02:45:00+02:00,105.08249815230424,108.23
2026-05-04 03:00:00+02:00,111.08977551211545,106.55
2026-05-04 03:15:00+02:00,107.67203777983879,105.45
2026-05-04 03:30:00+02:00,108.16313810626696,105.93
2026-05-04 03:45:00+02:00,109.63211685854695,107.46
2026-05-04 04:00:00+02:00,106.71699350706545,107.04
2026-05-04 04:15:00+02:00,107.7062592666444,108.75
2026-05-04 04:30:00+02:00,109.175405474986,111.0
2026-05-04 04:45:00+02:00,115.99541781772511,112.84
2026-05-04 05:00:00+02:00,112.20715970360925,111.37
2026-05-04 05:15:00+02:00,115.13075619074345,119.09
2026-05-04 05:30:00+02:00,122.26358537070364,134.49
2026-05-04 05:45:00+02:00,133.74279171628177,150.58
2026-05-04 06:00:00+02:00,128.69411492510318,141.72
2026-05-04 06:15:00+02:00,149.33575207347542,153.93
2026-05-04 06:30:00+02:00,154.72919945365777,152.0
2026-05-04 06:45:00+02:00,169.6179287107051,150.54
2026-05-04 07:00:00+02:00,176.40240790651075,163.33
2026-05-04 07:15:00+02:00,175.22334726886305,154.26
2026-05-04 07:30:00+02:00,152.04458627755835,147.19
2026-05-04 07:45:00+02:00,127.55021596517197,140.29
2026-05-04 08:00:00+02:00,180.6172600745721,155.51
2026-05-04 08:15:00+02:00,147.35938840640043,142.88
2026-05-04 08:30:00+02:00,117.64419937625578,131.2
2026-05-04 08:45:00+02:00,105.79973120626138,108.82
2026-05-04 09:00:00+02:00,130.0181638545439,129.89
2026-05-04 09:15:00+02:00,107.45559173336322,112.12
2026-05-04 09:30:00+02:00,96.88244012444483,111.41
2026-05-04 09:45:00+02:00,87.00607130900534,101.08
2026-05-04 10:00:00+02:00,102.80677848448006,118.94
2026-05-04 10:15:00+02:00,80.88226921961237,98.17
2026-05-04 10:30:00+02:00,76.0434598391048,96.98
2026-05-04 10:45:00+02:00,52.956289306289904,85.87
2026-05-04 11:00:00+02:00,53.3627427638834,97.49
2026-05-04 11:15:00+02:00,43.604387570368495,93.61
2026-05-04 11:30:00+02:00,31.489700702854048,93.28
2026-05-04 11:45:00+02:00,26.067536976127105,88.0
2026-05-04 12:00:00+02:00,31.150819868752954,87.48
2026-05-04 12:15:00+02:00,29.866700640822216,74.44
2026-05-04 12:30:00+02:00,28.759039964249848,70.63
2026-05-04 12:45:00+02:00,22.548886806530298,67.71
2026-05-04 13:00:00+02:00,18.62824991295668,72.41
2026-05-04 13:15:00+02:00,20.626179777336933,68.9
2026-05-04 13:30:00+02:00,27.727330771750534,63.0
2026-05-04 13:45:00+02:00,39.382533047740736,73.32
2026-05-04 14:00:00+02:00,23.429845976759513,72.81
2026-05-04 14:15:00+02:00,35.41277345237101,79.55
2026-05-04 14:30:00+02:00,49.63960922019897,83.79
2026-05-04 14:45:00+02:00,68.83296988038492,88.16
2026-05-04 15:00:00+02:00,51.98390674564531,83.34
2026-05-04 15:15:00+02:00,48.46766288531018,89.63
2026-05-04 15:30:00+02:00,62.97576446013974,93.97
2026-05-04 15:45:00+02:00,77.66154301703966,109.07
2026-05-04 16:00:00+02:00,73.42907330357144,88.55
2026-05-04 16:15:00+02:00,84.9079655324139,99.55
2026-05-04 16:30:00+02:00,93.78285560747922,112.63
2026-05-04 16:45:00+02:00,118.33114933938302,131.14
2026-05-04 17:00:00+02:00,90.181413621019,93.34
2026-05-04 17:15:00+02:00,120.28302577656869,126.0
2026-05-04 17:30:00+02:00,146.34055487185347,141.19
2026-05-04 17:45:00+02:00,151.9123594689057,155.44
2026-05-04 18:00:00+02:00,122.12951906232585,135.27
2026-05-04 18:15:00+02:00,136.3773392392957,146.92
2026-05-04 18:30:00+02:00,144.87792452913803,178.74
2026-05-04 18:45:00+02:00,162.54617452905273,215.07
2026-05-04 19:00:00+02:00,148.97090651775423,156.7
2026-05-04 19:15:00+02:00,163.2159072580697,196.47
2026-05-04 19:30:00+02:00,174.14756887649412,270.68
2026-05-04 19:45:00+02:00,189.00630497252288,356.27
2026-05-04 20:00:00+02:00,185.63640722219031,285.76
2026-05-04 20:15:00+02:00,177.60899902903637,282.0
2026-05-04 20:30:00+02:00,163.74914380228782,272.72
2026-05-04 20:45:00+02:00,138.71826731782437,226.86
2026-05-04 21:00:00+02:00,164.57373288431282,272.99
2026-05-04 21:15:00+02:00,145.91008188608265,202.64
2026-05-04 21:30:00+02:00,135.20154824520614,158.91
2026-05-04 21:45:00+02:00,127.34787241346343,142.66
2026-05-04 22:00:00+02:00,149.83550930566162,181.0
2026-05-04 22:15:00+02:00,136.88526831913927,152.71
2026-05-04 22:30:00+02:00,135.77451856645274,141.36
2026-05-04 22:45:00+02:00,126.08317310969633,137.11
2026-05-04 23:00:00+02:00,135.86970430210445,152.25
2026-05-04 23:15:00+02:00,130.10106349530648,139.09
2026-05-04 23:30:00+02:00,124.26477037147697,132.0
2026-05-04 23:45:00+02:00,118.8240050813511,125.46
2026-05-05 00:00:00+02:00,133.0197717895603,143.42
2026-05-05 00:15:00+02:00,128.008884297787,132.45
2026-05-05 00:30:00+02:00,126.92436012307206,126.22
2026-05-05 00:45:00+02:00,122.64205821018875,123.35
2026-05-05 01:00:00+02:00,125.84191924423587,131.88
2026-05-05 01:15:00+02:00,125.34077967460534,126.15
2026-05-05 01:30:00+02:00,123.99965442965164,125.35
2026-05-05 01:45:00+02:00,120.98346561972255,121.42
2026-05-05 02:00:00+02:00,120.3995146098548,123.28
2026-05-05 02:15:00+02:00,119.68442383593353,121.79
2026-05-05 02:30:00+02:00,119.45962064917192,121.59
2026-05-05 02:45:00+02:00,118.62951132979944,121.78
2026-05-05 03:00:00+02:00,117.65229582106346,122.18
2026-05-05 03:15:00+02:00,116.3750244782118,121.84
2026-05-05 03:30:00+02:00,118.4159930105483,122.68
2026-05-05 03:45:00+02:00,118.491967465942,121.48
2026-05-05 04:00:00+02:00,117.0870509354772,120.69
2026-05-05 04:15:00+02:00,117.14514147066137,122.34
2026-05-05 04:30:00+02:00,121.27787518203937,125.44
2026-05-05 04:45:00+02:00,121.72112593496777,127.13
2026-05-05 05:00:00+02:00,120.52611231963853,124.19
2026-05-05 05:15:00+02:00,126.68765801691248,127.57
2026-05-05 05:30:00+02:00,128.49395240760592,136.58
2026-05-05 05:45:00+02:00,146.30704582341085,147.27
2026-05-05 06:00:00+02:00,145.118720528705,149.39
2026-05-05 06:15:00+02:00,157.41947873034056,155.53
2026-05-05 06:30:00+02:00,160.1326413376715,163.67
2026-05-05 06:45:00+02:00,156.7697364927748,171.86
2026-05-05 07:00:00+02:00,159.0430117368212,178.34
2026-05-05 07:15:00+02:00,161.7743142175097,165.55
2026-05-05 07:30:00+02:00,157.57584643502219,151.59
2026-05-05 07:45:00+02:00,145.581309977243,147.58
2026-05-05 08:00:00+02:00,173.75089188014303,167.15
2026-05-05 08:15:00+02:00,144.50239034793472,146.97
2026-05-05 08:30:00+02:00,129.22669307833868,144.78
2026-05-05 08:45:00+02:00,126.25677979701274,130.03
2026-05-05 09:00:00+02:00,146.66753461002105,141.41
2026-05-05 09:15:00+02:00,128.27510286706132,130.03
2026-05-05 09:30:00+02:00,118.35436203739621,126.0
2026-05-05 09:45:00+02:00,111.33034849219698,121.0
2026-05-05 10:00:00+02:00,130.67844681385105,124.66
2026-05-05 10:15:00+02:00,107.55626116869195,115.89
2026-05-05 10:30:00+02:00,100.61462291712436,108.72
2026-05-05 10:45:00+02:00,85.74808044830483,107.21
2026-05-05 11:00:00+02:00,94.81204228840812,113.08
2026-05-05 11:15:00+02:00,99.4920436167433,109.99
2026-05-05 11:30:00+02:00,91.52428730449608,106.36
2026-05-05 11:45:00+02:00,73.77562609251149,103.6
2026-05-05 12:00:00+02:00,103.33856413519784,106.28
2026-05-05 12:15:00+02:00,82.01606110063366,97.28
2026-05-05 12:30:00+02:00,72.95615715871048,95.3
2026-05-05 12:45:00+02:00,60.63656376020804,97.51
2026-05-05 13:00:00+02:00,77.54330280453289,98.25
2026-05-05 13:15:00+02:00,68.82107457085331,98.3
2026-05-05 13:30:00+02:00,63.66680115745325,97.36
2026-05-05 13:45:00+02:00,65.67207093207499,98.31
2026-05-05 14:00:00+02:00,53.33377601457649,92.33
2026-05-05 14:15:00+02:00,70.45475609325523,98.3
2026-05-05 14:30:00+02:00,72.40446912447432,99.34
2026-05-05 14:45:00+02:00,87.45449531793783,101.01
2026-05-05 15:00:00+02:00,84.50118725626606,111.11
2026-05-05 15:15:00+02:00,92.12438701470919,102.15
2026-05-05 15:30:00+02:00,94.26405713561489,105.3
2026-05-05 15:45:00+02:00,105.63051944151042,105.4
2026-05-05 16:00:00+02:00,89.25954997314679,109.53
2026-05-05 16:15:00+02:00,94.5682500553406,105.57
2026-05-05 16:30:00+02:00,101.49471853321413,108.42
2026-05-05 16:45:00+02:00,121.3731548392106,124.39
2026-05-05 17:00:00+02:00,100.65590669347141,116.16
2026-05-05 17:15:00+02:00,117.770772668002,123.43
2026-05-05 17:30:00+02:00,133.87980679194231,132.79
2026-05-05 17:45:00+02:00,149.25150902089908,142.3
2026-05-05 18:00:00+02:00,128.6241387814228,133.41
2026-05-05 18:15:00+02:00,135.19786787568594,132.23
2026-05-05 18:30:00+02:00,157.50237927520126,149.6
2026-05-05 18:45:00+02:00,153.67273648524835,167.81
2026-05-05 19:00:00+02:00,151.73268061743872,148.97
2026-05-05 19:15:00+02:00,173.34834603584306,157.1
2026-05-05 19:30:00+02:00,175.44938555481644,162.83
2026-05-05 19:45:00+02:00,163.85611199025803,185.84
2026-05-05 20:00:00+02:00,162.82750629124453,165.17
2026-05-05 20:15:00+02:00,153.54115109426112,169.32
2026-05-05 20:30:00+02:00,145.1219569627647,166.08
2026-05-05 20:45:00+02:00,137.35893970495636,155.04
2026-05-05 21:00:00+02:00,149.32169711776137,157.0
2026-05-05 21:15:00+02:00,144.0924030574056,151.96
2026-05-05 21:30:00+02:00,133.29478735560753,146.04
2026-05-05 21:45:00+02:00,122.97957570398758,132.99
2026-05-05 22:00:00+02:00,136.9006079876217,146.61
2026-05-05 22:15:00+02:00,132.18318467672165,135.61
2026-05-05 22:30:00+02:00,123.30417772955443,130.03
2026-05-05 22:45:00+02:00,118.03687514761766,118.73
2026-05-05 23:00:00+02:00,122.67141381118942,128.03
2026-05-05 23:15:00+02:00,113.28472756477821,117.41
2026-05-05 23:30:00+02:00,111.8889926271915,110.92
2026-05-05 23:45:00+02:00,104.13082636311127,104.81
2026-05-06 00:00:00+02:00,119.87772855213615,128.01
2026-05-06 00:15:00+02:00,112.3257484757499,119.76
2026-05-06 00:30:00+02:00,107.51663479608727,118.18
2026-05-06 00:45:00+02:00,99.52587793985202,114.19
2026-05-06 01:00:00+02:00,108.4103667136017,118.03
2026-05-06 01:15:00+02:00,105.57918967277989,114.15
2026-05-06 01:30:00+02:00,102.80055324364409,113.02
2026-05-06 01:45:00+02:00,98.05205448390129,111.72
2026-05-06 02:00:00+02:00,101.77760551523785,113.46
2026-05-06 02:15:00+02:00,99.68423926856933,113.01
2026-05-06 02:30:00+02:00,100.14542903524158,112.76
2026-05-06 02:45:00+02:00,96.39061474226672,113.43
2026-05-06 03:00:00+02:00,96.37419406427493,112.61
2026-05-06 03:15:00+02:00,98.68856367775126,112.83
2026-05-06 03:30:00+02:00,98.10088175623441,113.54
2026-05-06 03:45:00+02:00,98.63946693829612,113.0
2026-05-06 04:00:00+02:00,98.9712282486615,112.99
2026-05-06 04:15:00+02:00,100.26869602585603,112.66
2026-05-06 04:30:00+02:00,100.52901710421334,113.72
2026-05-06 04:45:00+02:00,106.7554632848874,113.99
2026-05-06 05:00:00+02:00,98.22332785658665,112.56
2026-05-06 05:15:00+02:00,103.8682139451449,116.12
2026-05-06 05:30:00+02:00,115.02254673455593,119.09
2026-05-06 05:45:00+02:00,129.08562709589938,125.13
2026-05-06 06:00:00+02:00,124.55507331095376,120.6
2026-05-06 06:15:00+02:00,141.93065655888682,129.72
2026-05-06 06:30:00+02:00,147.88895572376188,136.04
2026-05-06 06:45:00+02:00,133.03729388741786,138.2
2026-05-06 07:00:00+02:00,141.23575100120917,150.1
2026-05-06 07:15:00+02:00,131.24829683168943,149.96
2026-05-06 07:30:00+02:00,127.7214288237329,141.04
2026-05-06 07:45:00+02:00,122.95963804148724,128.7
2026-05-06 08:00:00+02:00,163.80018204408015,177.79
2026-05-06 08:15:00+02:00,134.8619548481731,143.93
2026-05-06 08:30:00+02:00,135.9981210499209,131.37
2026-05-06 08:45:00+02:00,105.56331487728535,113.11
2026-05-06 09:00:00+02:00,124.09193410811024,136.86
2026-05-06 09:15:00+02:00,116.3064648205605,125.49
2026-05-06 09:30:00+02:00,103.15417720308442,115.83
2026-05-06 09:45:00+02:00,102.25333742478222,107.04
2026-05-06 10:00:00+02:00,117.07383378261827,119.47
2026-05-06 10:15:00+02:00,104.82042804736892,110.19
2026-05-06 10:30:00+02:00,88.43009413291497,102.77
2026-05-06 10:45:00+02:00,72.92807304014048,102.77
2026-05-06 11:00:00+02:00,95.70033279418845,111.0
2026-05-06 11:15:00+02:00,73.22006761289666,102.73
2026-05-06 11:30:00+02:00,75.44510192397655,102.57
2026-05-06 11:45:00+02:00,59.3718012141579,100.18
2026-05-06 12:00:00+02:00,71.78833087928138,99.79
2026-05-06 12:15:00+02:00,65.08255732676524,99.72
2026-05-06 12:30:00+02:00,56.18216832279512,103.31
2026-05-06 12:45:00+02:00,46.41458704995176,97.55
2026-05-06 13:00:00+02:00,53.09093421626482,96.3
2026-05-06 13:15:00+02:00,48.19378825328634,91.64
2026-05-06 13:30:00+02:00,41.32040686136185,85.62
2026-05-06 13:45:00+02:00,38.4385534330559,83.8
2026-05-06 14:00:00+02:00,40.10022094608095,85.74
2026-05-06 14:15:00+02:00,48.363285601173246,88.77
2026-05-06 14:30:00+02:00,57.294380579072126,92.96
2026-05-06 14:45:00+02:00,72.7953865094276,97.85
2026-05-06 15:00:00+02:00,63.481449529173915,102.66
2026-05-06 15:15:00+02:00,76.50844842845687,99.76
2026-05-06 15:30:00+02:00,73.88224714483917,102.4
2026-05-06 15:45:00+02:00,92.00090898492999,107.68
2026-05-06 16:00:00+02:00,73.44223991981765,105.69
2026-05-06 16:15:00+02:00,89.3777519778967,104.67
2026-05-06 16:30:00+02:00,102.23260847953664,115.16
2026-05-06 16:45:00+02:00,114.00410606178662,125.13
2026-05-06 17:00:00+02:00,99.9082680040242,111.71
2026-05-06 17:15:00+02:00,110.24512583843035,119.64
2026-05-06 17:30:00+02:00,124.59924726174572,129.04
2026-05-06 17:45:00+02:00,130.4220726367828,139.82
2026-05-06 18:00:00+02:00,127.97418858705275,124.08
2026-05-06 18:15:00+02:00,131.97540803045646,131.45
2026-05-06 18:30:00+02:00,152.07171009674343,141.11
2026-05-06 18:45:00+02:00,158.69025107150108,155.0
2026-05-06 19:00:00+02:00,145.10896664291874,140.5
2026-05-06 19:15:00+02:00,147.88204691020948,150.01
2026-05-06 19:30:00+02:00,159.4809284592402,157.31
2026-05-06 19:45:00+02:00,162.24405857535916,170.6
2026-05-06 20:00:00+02:00,163.90074336160248,146.0
2026-05-06 20:15:00+02:00,156.048772090459,151.24
2026-05-06 20:30:00+02:00,152.2305860089874,160.19
2026-05-06 20:45:00+02:00,143.10924908318307,170.23
2026-05-06 21:00:00+02:00,149.33327656236713,163.72
2026-05-06 21:15:00+02:00,143.41014123378386,162.3
2026-05-06 21:30:00+02:00,137.73949123392214,153.0
2026-05-06 21:45:00+02:00,133.60176897767172,139.42
2026-05-06 22:00:00+02:00,139.4216025472943,155.83
2026-05-06 22:15:00+02:00,138.0499810631287,148.44
2026-05-06 22:30:00+02:00,128.36127627239557,139.95
2026-05-06 22:45:00+02:00,126.51224450692371,129.43
2026-05-06 23:00:00+02:00,130.6519812529095,137.0
2026-05-06 23:15:00+02:00,122.3725885178788,129.51
2026-05-06 23:30:00+02:00,123.36159513166213,126.1
2026-05-06 23:45:00+02:00,113.72303330089713,120.43
2026-05-07 00:00:00+02:00,130.6283187421326,132.57
2026-05-07 00:15:00+02:00,120.35567287112211,126.0
2026-05-07 00:30:00+02:00,114.49436585709805,123.09
2026-05-07 00:45:00+02:00,112.40621563035876,118.95
2026-05-07 01:00:00+02:00,114.39791750376467,118.17
2026-05-07 01:15:00+02:00,111.48819515790383,116.51
2026-05-07 01:30:00+02:00,111.80493584418143,115.96
2026-05-07 01:45:00+02:00,109.1313930762101,115.3
2026-05-07 02:00:00+02:00,115.53101516007851,114.48
2026-05-07 02:15:00+02:00,111.99981231146123,115.26
2026-05-07 02:30:00+02:00,109.50060924007177,114.86
2026-05-07 02:45:00+02:00,110.05939747916753,116.43
2026-05-07 03:00:00+02:00,108.83206208844331,115.9
2026-05-07 03:15:00+02:00,108.02713697808568,115.08
2026-05-07 03:30:00+02:00,108.83880399929228,116.34
2026-05-07 03:45:00+02:00,108.48976722411822,118.64
2026-05-07 04:00:00+02:00,110.79740017354385,114.13
2026-05-07 04:15:00+02:00,110.43951026573824,117.59
2026-05-07 04:30:00+02:00,115.06912877570585,120.26
2026-05-07 04:45:00+02:00,115.60443006202412,124.57
2026-05-07 05:00:00+02:00,112.32915040444176,118.87
2026-05-07 05:15:00+02:00,119.56574196381146,123.71
2026-05-07 05:30:00+02:00,121.18629105390679,128.71
2026-05-07 05:45:00+02:00,135.54710908903164,136.21
2026-05-07 06:00:00+02:00,131.38131261984597,139.02
2026-05-07 06:15:00+02:00,143.80543494409363,151.35
2026-05-07 06:30:00+02:00,143.1339825692712,153.59
2026-05-07 06:45:00+02:00,154.77288690529755,160.04
2026-05-07 07:00:00+02:00,153.81057017361314,170.65
2026-05-07 07:15:00+02:00,150.5424938191058,171.78
2026-05-07 07:30:00+02:00,144.86663451085005,166.74
2026-05-07 07:45:00+02:00,139.52128876157616,160.0
2026-05-07 08:00:00+02:00,164.58752491130062,186.15
2026-05-07 08:15:00+02:00,144.71724616493043,155.11
2026-05-07 08:30:00+02:00,136.03754235409215,148.93
2026-05-07 08:45:00+02:00,120.76502164737587,132.18
2026-05-07 09:00:00+02:00,143.93783642714857,151.33
2026-05-07 09:15:00+02:00,127.1526995245818,140.15
2026-05-07 09:30:00+02:00,117.04977523374377,130.96
2026-05-07 09:45:00+02:00,113.38151134948006,123.2
2026-05-07 10:00:00+02:00,128.17603372554336,134.28
2026-05-07 10:15:00+02:00,112.14503171576771,123.6
2026-05-07 10:30:00+02:00,107.44612349289052,113.47
2026-05-07 10:45:00+02:00,100.83869566460564,109.18
2026-05-07 11:00:00+02:00,109.52476200181808,117.02
2026-05-07 11:15:00+02:00,103.34672033073593,112.85
2026-05-07 11:30:00+02:00,93.93756207042397,114.2
2026-05-07 11:45:00+02:00,100.13087642179484,110.03
2026-05-07 12:00:00+02:00,102.94323793266751,108.25
2026-05-07 12:15:00+02:00,96.10265535259016,104.13
2026-05-07 12:30:00+02:00,99.06136673336893,102.46
2026-05-07 12:45:00+02:00,85.03777320463382,100.85
2026-05-07 13:00:00+02:00,96.60677987195778,103.67
2026-05-07 13:15:00+02:00,92.84659771813362,103.4
2026-05-07 13:30:00+02:00,78.7818402850523,100.73
2026-05-07 13:45:00+02:00,68.81761118709248,99.86
2026-05-07 14:00:00+02:00,82.2487301868421,99.88
2026-05-07 14:15:00+02:00,77.54260168191136,100.96
2026-05-07 14:30:00+02:00,92.10540882144534,102.12
2026-05-07 14:45:00+02:00,99.06442773662026,103.96
2026-05-07 15:00:00+02:00,88.71167543761945,105.0
2026-05-07 15:15:00+02:00,97.33814500186199,105.89
2026-05-07 15:30:00+02:00,102.9209576089398,107.3
2026-05-07 15:45:00+02:00,103.86894604518227,111.59
2026-05-07 16:00:00+02:00,96.10164834087263,111.92
2026-05-07 16:15:00+02:00,107.68928436770729,113.0
2026-05-07 16:30:00+02:00,110.73020279201904,117.96
2026-05-07 16:45:00+02:00,121.72895756402642,129.11
2026-05-07 17:00:00+02:00,100.88273886218595,115.42
2026-05-07 17:15:00+02:00,120.98520061974106,123.15
2026-05-07 17:30:00+02:00,126.62178053952451,138.15
2026-05-07 17:45:00+02:00,142.83875923549658,153.52
2026-05-07 18:00:00+02:00,122.07773774096391,132.44
2026-05-07 18:15:00+02:00,130.51115320460306,141.06
2026-05-07 18:30:00+02:00,147.59930590900447,152.7
2026-05-07 18:45:00+02:00,173.58332327199687,168.62
2026-05-07 19:00:00+02:00,140.38333362125317,163.1
2026-05-07 19:15:00+02:00,166.62285085089317,167.78
2026-05-07 19:30:00+02:00,204.00325353642577,188.89
2026-05-07 19:45:00+02:00,222.2504691620693,222.85
2026-05-07 20:00:00+02:00,209.19140371282788,219.07
2026-05-07 20:15:00+02:00,204.70254632938438,225.27
2026-05-07 20:30:00+02:00,192.55889453270672,224.98
2026-05-07 20:45:00+02:00,169.53003726740542,216.59
2026-05-07 21:00:00+02:00,185.1563485084401,218.78
2026-05-07 21:15:00+02:00,168.08410436787872,188.24
2026-05-07 21:30:00+02:00,154.11997870599077,168.03
2026-05-07 21:45:00+02:00,140.6029131305019,155.81
2026-05-07 22:00:00+02:00,158.26254884098702,165.05
2026-05-07 22:15:00+02:00,149.9061655258448,154.81
2026-05-07 22:30:00+02:00,138.14257209068876,154.16
2026-05-07 22:45:00+02:00,128.68033924118387,143.72
2026-05-07 23:00:00+02:00,143.09733050624556,156.99
2026-05-07 23:15:00+02:00,134.56997533906082,146.68
2026-05-07 23:30:00+02:00,127.78220270014381,136.58
2026-05-07 23:45:00+02:00,121.27918462228226,130.78
2026-05-08 00:00:00+02:00,132.43301927985044,138.0
2026-05-08 00:15:00+02:00,127.58835228878293,134.15
2026-05-08 00:30:00+02:00,122.75615002864497,127.17
2026-05-08 00:45:00+02:00,120.58512208322466,122.05
2026-05-08 01:00:00+02:00,121.2485916135145,124.95
2026-05-08 01:15:00+02:00,119.91681315854561,121.52
2026-05-08 01:30:00+02:00,114.5094476810805,120.0
2026-05-08 01:45:00+02:00,115.66141652734942,116.17
2026-05-08 02:00:00+02:00,114.86688039256305,119.47
2026-05-08 02:15:00+02:00,115.8806681404597,118.59
2026-05-08 02:30:00+02:00,115.47221387591607,118.67
2026-05-08 02:45:00+02:00,112.95459767693924,116.13
2026-05-08 03:00:00+02:00,114.07905676458086,117.39
2026-05-08 03:15:00+02:00,112.26441876563337,117.35
2026-05-08 03:30:00+02:00,113.36851448177035,116.43
2026-05-08 03:45:00+02:00,113.33614238883932,116.74
2026-05-08 04:00:00+02:00,113.49469259222553,116.19
2026-05-08 04:15:00+02:00,114.198564531711,117.13
2026-05-08 04:30:00+02:00,116.0367720781145,119.51
2026-05-08 04:45:00+02:00,117.96562038712152,121.43
2026-05-08 05:00:00+02:00,113.95629941695478,120.22
2026-05-08 05:15:00+02:00,121.02112686337318,121.36
2026-05-08 05:30:00+02:00,120.31286647950775,127.12
2026-05-08 05:45:00+02:00,133.32075373937874,136.04
2026-05-08 06:00:00+02:00,127.61248284255623,135.5
2026-05-08 06:15:00+02:00,144.4246425039652,145.5
2026-05-08 06:30:00+02:00,151.20704333733252,146.61
2026-05-08 06:45:00+02:00,150.6126857007944,146.79
2026-05-08 07:00:00+02:00,172.20540276200333,155.65
2026-05-08 07:15:00+02:00,150.69680271635954,151.4
2026-05-08 07:30:00+02:00,141.78706509954344,145.9
2026-05-08 07:45:00+02:00,117.19526828755173,135.16
2026-05-08 08:00:00+02:00,146.2953573950425,161.08
2026-05-08 08:15:00+02:00,128.13524217166875,142.29
2026-05-08 08:30:00+02:00,113.89203168927378,132.31
2026-05-08 08:45:00+02:00,88.92041718196876,113.92
2026-05-08 09:00:00+02:00,120.79527062278504,132.11
2026-05-08 09:15:00+02:00,100.64005853406422,119.53
2026-05-08 09:30:00+02:00,91.0379100833527,108.33
2026-05-08 09:45:00+02:00,74.44110243521561,101.02
2026-05-08 10:00:00+02:00,98.00970848318717,115.23
2026-05-08 10:15:00+02:00,83.18219543556806,101.71
2026-05-08 10:30:00+02:00,64.12765408363852,91.65
2026-05-08 10:45:00+02:00,29.796285130090162,82.4
2026-05-08 11:00:00+02:00,48.33027318947485,93.99
2026-05-08 11:15:00+02:00,27.152677467537593,85.01
2026-05-08 11:30:00+02:00,15.919840671949842,67.25
2026-05-08 11:45:00+02:00,8.766747105828046,56.99
2026-05-08 12:00:00+02:00,7.371177384860982,76.01
2026-05-08 12:15:00+02:00,6.918671310575778,67.38
2026-05-08 12:30:00+02:00,8.473234451869555,62.11
2026-05-08 12:45:00+02:00,10.01394049996341,55.98
2026-05-08 13:00:00+02:00,8.330322255070064,67.26
2026-05-08 13:15:00+02:00,9.845575724258454,61.15
2026-05-08 13:30:00+02:00,9.030112989223534,55.63
2026-05-08 13:45:00+02:00,11.531288317200406,50.79
2026-05-08 14:00:00+02:00,8.649596259160253,54.2
2026-05-08 14:15:00+02:00,23.955687911169157,60.28
2026-05-08 14:30:00+02:00,32.65341862867389,74.09
2026-05-08 14:45:00+02:00,37.0178581631076,68.79
2026-05-08 15:00:00+02:00,39.603914527262035,69.34
2026-05-08 15:15:00+02:00,42.22755182037708,74.72
2026-05-08 15:30:00+02:00,44.837401087122515,91.12
2026-05-08 15:45:00+02:00,55.095111067651686,92.39
2026-05-08 16:00:00+02:00,44.64376272857841,83.7
2026-05-08 16:15:00+02:00,70.55892754591967,89.8
2026-05-08 16:30:00+02:00,86.17393804467505,96.18
2026-05-08 16:45:00+02:00,84.66452910536579,106.57
2026-05-08 17:00:00+02:00,78.6789103802216,96.81
2026-05-08 17:15:00+02:00,98.55418544349249,102.52
2026-05-08 17:30:00+02:00,108.55799968667843,114.58
2026-05-08 17:45:00+02:00,110.15591225911494,124.09
2026-05-08 18:00:00+02:00,103.33014735116079,110.46
2026-05-08 18:15:00+02:00,125.05081158059652,123.04
2026-05-08 18:30:00+02:00,128.75600863837963,133.2
2026-05-08 18:45:00+02:00,146.17138953827381,144.56
2026-05-08 19:00:00+02:00,130.33760109897486,131.83
2026-05-08 19:15:00+02:00,141.8454620579792,136.66
2026-05-08 19:30:00+02:00,154.96520241161562,147.34
2026-05-08 19:45:00+02:00,188.63308622061902,158.34
2026-05-08 20:00:00+02:00,170.6706339245698,154.5
2026-05-08 20:15:00+02:00,169.79504935999546,154.1
2026-05-08 20:30:00+02:00,173.16465783047437,153.3
2026-05-08 20:45:00+02:00,164.91949462040145,150.01
2026-05-08 21:00:00+02:00,165.11087377605222,152.05
2026-05-08 21:15:00+02:00,143.708958485506,143.99
2026-05-08 21:30:00+02:00,130.80466405741075,132.63
2026-05-08 21:45:00+02:00,126.74642489550851,126.93
2026-05-08 22:00:00+02:00,141.558835657349,139.31
2026-05-08 22:15:00+02:00,137.85698298891407,127.9
2026-05-08 22:30:00+02:00,125.01059968501808,124.09
2026-05-08 22:45:00+02:00,120.53870008695179,118.71
2026-05-08 23:00:00+02:00,132.4406293113114,124.66
2026-05-08 23:15:00+02:00,119.3460703763436,123.99
2026-05-08 23:30:00+02:00,116.65884703525784,118.85
2026-05-08 23:45:00+02:00,112.01153400884968,109.06
2026-05-09 00:00:00+02:00,120.72724433605791,133.46
2026-05-09 00:15:00+02:00,115.92378951092739,127.1
2026-05-09 00:30:00+02:00,111.74129047909605,125.51
2026-05-09 00:45:00+02:00,109.16148467489347,124.7
2026-05-09 01:00:00+02:00,111.61965118946473,125.24
2026-05-09 01:15:00+02:00,110.11173402930565,124.8
2026-05-09 01:30:00+02:00,112.02298515080363,122.4
2026-05-09 01:45:00+02:00,107.54180538893942,121.19
2026-05-09 02:00:00+02:00,112.30140235235015,122.99
2026-05-09 02:15:00+02:00,109.55343410901462,125.1
2026-05-09 02:30:00+02:00,111.3709308204801,122.0
2026-05-09 02:45:00+02:00,110.69198896681449,123.83
2026-05-09 03:00:00+02:00,109.00424570523056,124.01
2026-05-09 03:15:00+02:00,108.78398866625976,124.39
2026-05-09 03:30:00+02:00,109.55617363241875,124.59
2026-05-09 03:45:00+02:00,109.78480915897327,124.42
2026-05-09 04:00:00+02:00,107.9879773890133,124.25
2026-05-09 04:15:00+02:00,108.77712464913547,124.77
2026-05-09 04:30:00+02:00,108.67481469388939,126.32
2026-05-09 04:45:00+02:00,107.59104582074535,127.61
2026-05-09 05:00:00+02:00,110.0082667655742,124.74
2026-05-09 05:15:00+02:00,113.5258542444617,126.26
2026-05-09 05:30:00+02:00,106.63770429110497,127.4
2026-05-09 05:45:00+02:00,106.13542516626742,127.41
2026-05-09 06:00:00+02:00,108.15860688965004,130.98
2026-05-09 06:15:00+02:00,109.71522586338506,129.27
2026-05-09 06:30:00+02:00,109.52384564790428,127.95
2026-05-09 06:45:00+02:00,98.29352858324037,121.89
2026-05-09 07:00:00+02:00,118.64368998861357,127.18
2026-05-09 07:15:00+02:00,101.74721275432123,123.46
2026-05-09 07:30:00+02:00,99.33470215913479,119.32
2026-05-09 07:45:00+02:00,74.03985081464893,104.72
2026-05-09 08:00:00+02:00,108.70032304750146,133.35
2026-05-09 08:15:00+02:00,96.9058072611816,116.55
2026-05-09 08:30:00+02:00,77.28211920731155,103.68
2026-05-09 08:45:00+02:00,54.520010830588355,77.11
2026-05-09 09:00:00+02:00,78.95921639506274,126.22
2026-05-09 09:15:00+02:00,35.62174461224725,85.0
2026-05-09 09:30:00+02:00,37.05953550556683,46.46
2026-05-09 09:45:00+02:00,13.856347007376662,15.55
2026-05-09 10:00:00+02:00,41.35613032182487,31.72
2026-05-09 10:15:00+02:00,21.622455381974596,7.93
2026-05-09 10:30:00+02:00,19.567664141756076,0.07
2026-05-09 10:45:00+02:00,-2.1766355948229297,-0.01
2026-05-09 11:00:00+02:00,-10.35785996785203,0.0
2026-05-09 11:15:00+02:00,-14.811722937188492,-0.01
2026-05-09 11:30:00+02:00,-18.200727775914118,-0.01
2026-05-09 11:45:00+02:00,-22.591444186208065,-0.04
2026-05-09 12:00:00+02:00,-35.57783412609684,-0.04
2026-05-09 12:15:00+02:00,-34.15220170830778,-0.09
2026-05-09 12:30:00+02:00,-27.5248366714113,-0.03
2026-05-09 12:45:00+02:00,-39.49596309265592,-0.09
2026-05-09 13:00:00+02:00,-34.11744132131756,-0.09
2026-05-09 13:15:00+02:00,-34.11990171289962,-0.09
2026-05-09 13:30:00+02:00,-50.48086330681525,-0.09
2026-05-09 13:45:00+02:00,-52.205177955314916,-0.09
2026-05-09 14:00:00+02:00,-51.68883123682236,-0.02
2026-05-09 14:15:00+02:00,-88.172683772682,-0.01
2026-05-09 14:30:00+02:00,-86.71225910414358,-0.01
2026-05-09 14:45:00+02:00,-73.26085351564284,-0.01
2026-05-09 15:00:00+02:00,-77.4038530780642,0.0
2026-05-09 15:15:00+02:00,-61.43122109227495,0.0
2026-05-09 15:30:00+02:00,-46.77880073247794,0.0
2026-05-09 15:45:00+02:00,-33.90323371617386,0.01
2026-05-09 16:00:00+02:00,-32.2769760165627,0.1
2026-05-09 16:15:00+02:00,-22.210902493915242,7.49
2026-05-09 16:30:00+02:00,3.240305462449925,35.09
2026-05-09 16:45:00+02:00,21.246715918449112,68.18
2026-05-09 17:00:00+02:00,9.039115486697781,36.94
2026-05-09 17:15:00+02:00,52.68618433685193,89.42
2026-05-09 17:30:00+02:00,77.56057065041662,114.58
2026-05-09 17:45:00+02:00,96.30060376986907,133.82
2026-05-09 18:00:00+02:00,60.65728735434375,106.7
2026-05-09 18:15:00+02:00,102.2363850048001,121.01
2026-05-09 18:30:00+02:00,113.55167391836152,126.88
2026-05-09 18:45:00+02:00,147.04219093037977,138.17
2026-05-09 19:00:00+02:00,109.52830022336911,126.94
2026-05-09 19:15:00+02:00,130.06213403884325,132.11
2026-05-09 19:30:00+02:00,147.42434853647794,140.1
2026-05-09 19:45:00+02:00,160.00978131602542,154.88
2026-05-09 20:00:00+02:00,159.37032880073576,143.42
2026-05-09 20:15:00+02:00,157.16184550725893,147.03
2026-05-09 20:30:00+02:00,173.00991186616022,148.69
2026-05-09 20:45:00+02:00,155.9909049105438,148.72
2026-05-09 21:00:00+02:00,166.66380926757213,157.52
2026-05-09 21:15:00+02:00,149.9899204480507,146.09
2026-05-09 21:30:00+02:00,137.7401985166946,139.63
2026-05-09 21:45:00+02:00,135.48775496593032,130.7
2026-05-09 22:00:00+02:00,144.12582808231383,145.87
2026-05-09 22:15:00+02:00,134.70193379069119,140.27
2026-05-09 22:30:00+02:00,126.28627714993075,132.09
2026-05-09 22:45:00+02:00,123.57546377624423,126.97
2026-05-09 23:00:00+02:00,133.67339382107608,132.09
2026-05-09 23:15:00+02:00,131.1678383414933,127.53
2026-05-09 23:30:00+02:00,122.41412058069182,126.15
2026-05-09 23:45:00+02:00,119.5862923343176,122.58
2026-05-10 00:00:00+02:00,131.91071732312693,133.41
2026-05-10 00:15:00+02:00,128.3931230049846,127.49
2026-05-10 00:30:00+02:00,122.66156315902438,126.0
2026-05-10 00:45:00+02:00,120.8595093440433,125.47
2026-05-10 01:00:00+02:00,117.98329502109156,127.56
2026-05-10 01:15:00+02:00,119.22481522799016,126.49
2026-05-10 01:30:00+02:00,117.3163778528761,124.69
2026-05-10 01:45:00+02:00,115.79633348803911,123.05
2026-05-10 02:00:00+02:00,116.82627229313908,129.36
2026-05-10 02:15:00+02:00,115.6062881608173,124.9
2026-05-10 02:30:00+02:00,116.11550374214961,124.28
2026-05-10 02:45:00+02:00,116.24274601852228,123.19
2026-05-10 03:00:00+02:00,116.12935049666737,124.99
2026-05-10 03:15:00+02:00,114.2572650141275,123.11
2026-05-10 03:30:00+02:00,117.26115264218993,123.09
2026-05-10 03:45:00+02:00,118.5352110034095,122.74
2026-05-10 04:00:00+02:00,112.61842864099472,121.74
2026-05-10 04:15:00+02:00,117.51456485945923,126.49
2026-05-10 04:30:00+02:00,117.5699978631203,125.41
2026-05-10 04:45:00+02:00,120.24534207273294,123.15
2026-05-10 05:00:00+02:00,117.48787159811395,123.4
2026-05-10 05:15:00+02:00,120.23078895781703,126.34
2026-05-10 05:30:00+02:00,120.17701092743752,126.61
2026-05-10 05:45:00+02:00,119.73818951853795,119.41
2026-05-10 06:00:00+02:00,127.1280719716173,130.32
2026-05-10 06:15:00+02:00,122.06908255249188,119.68
2026-05-10 06:30:00+02:00,124.26092807830493,108.57
2026-05-10 06:45:00+02:00,114.53654622178198,101.99
2026-05-10 07:00:00+02:00,120.79722140756843,122.0
2026-05-10 07:15:00+02:00,105.42930850500603,103.7
2026-05-10 07:30:00+02:00,85.8305231918394,97.1
2026-05-10 07:45:00+02:00,76.64967504453665,81.87
2026-05-10 08:00:00+02:00,112.01221332959597,111.06
2026-05-10 08:15:00+02:00,78.52139939110938,96.22
2026-05-10 08:30:00+02:00,65.44860537529698,63.18
2026-05-10 08:45:00+02:00,34.58521438349255,12.88
2026-05-10 09:00:00+02:00,73.82385170574564,33.59
2026-05-10 09:15:00+02:00,34.8538752943668,9.96
2026-05-10 09:30:00+02:00,21.99601342511403,1.15
2026-05-10 09:45:00+02:00,13.01950457162392,0.02
2026-05-10 10:00:00+02:00,9.550711481794849,0.07
2026-05-10 10:15:00+02:00,3.7321721780662784,0.0
2026-05-10 10:30:00+02:00,0.3748936876794531,-0.01
2026-05-10 10:45:00+02:00,-9.26123023473809,-0.05
2026-05-10 11:00:00+02:00,-13.447037492222584,-0.05
2026-05-10 11:15:00+02:00,-24.296879163543082,-0.49
2026-05-10 11:30:00+02:00,-34.53874579348548,-0.87
2026-05-10 11:45:00+02:00,-55.430716164810946,-1.27
2026-05-10 12:00:00+02:00,-52.191476718028326,-0.99
2026-05-10 12:15:00+02:00,-70.74946592055221,-1.43
2026-05-10 12:30:00+02:00,-78.38387735535123,-1.99
2026-05-10 12:45:00+02:00,-91.06437251758173,-3.11
2026-05-10 13:00:00+02:00,-116.05603518290843,-2.19
2026-05-10 13:15:00+02:00,-113.9287347183743,-2.05
2026-05-10 13:30:00+02:00,-131.07957116030045,-2.4
2026-05-10 13:45:00+02:00,-137.38748668510553,-2.02
2026-05-10 14:00:00+02:00,-125.35702298713876,-2.01
2026-05-10 14:15:00+02:00,-122.47503221724834,-1.24
2026-05-10 14:30:00+02:00,-101.56074131382181,-1.3
2026-05-10 14:45:00+02:00,-97.48655416694788,-1.05
2026-05-10 15:00:00+02:00,-57.06049084218671,-0.83
2026-05-10 15:15:00+02:00,-57.20829115981114,-0.11
2026-05-10 15:30:00+02:00,-43.73515123509372,-0.07
2026-05-10 15:45:00+02:00,-36.39923630239389,-0.01
2026-05-10 16:00:00+02:00,-29.70652316962496,-0.06
2026-05-10 16:15:00+02:00,-21.279148455920804,-0.03
2026-05-10 16:30:00+02:00,0.894420388437652,0.23
2026-05-10 16:45:00+02:00,17.98622204331916,7.39
2026-05-10 17:00:00+02:00,3.9466639914753188,10.13
2026-05-10 17:15:00+02:00,24.850346544089092,59.03
2026-05-10 17:30:00+02:00,32.654817004349496,95.49
2026-05-10 17:45:00+02:00,85.01500131095699,119.37
2026-05-10 18:00:00+02:00,51.659112054966414,90.98
2026-05-10 18:15:00+02:00,84.4688056794255,108.78
2026-05-10 18:30:00+02:00,122.78063084320351,119.52
2026-05-10 18:45:00+02:00,144.56218769267142,124.49
2026-05-10 19:00:00+02:00,108.88050725217724,112.28
2026-05-10 19:15:00+02:00,129.49841813475345,121.51
2026-05-10 19:30:00+02:00,144.59014576677922,125.22
2026-05-10 19:45:00+02:00,165.9453153255378,128.99
2026-05-10 20:00:00+02:00,141.8089280194775,127.02
2026-05-10 20:15:00+02:00,150.67058628370927,129.3
2026-05-10 20:30:00+02:00,159.8762679851348,130.23
2026-05-10 20:45:00+02:00,143.79985070329758,130.72
2026-05-10 21:00:00+02:00,149.88788048377933,131.29
2026-05-10 21:15:00+02:00,140.9612822772949,128.95
2026-05-10 21:30:00+02:00,133.37130996427365,127.41
2026-05-10 21:45:00+02:00,128.50246850017717,126.41
2026-05-10 22:00:00+02:00,140.67267493170198,126.89
2026-05-10 22:15:00+02:00,134.65001409372832,124.91
2026-05-10 22:30:00+02:00,120.24054037747946,123.62
2026-05-10 22:45:00+02:00,114.63106307125264,121.14
2026-05-10 23:00:00+02:00,124.04933658370975,124.15
2026-05-10 23:15:00+02:00,118.13673878270056,121.59
2026-05-10 23:30:00+02:00,116.60895583521345,120.47
2026-05-10 23:45:00+02:00,120.40503274464243,113.14
2026-05-11 00:00:00+02:00,122.87565027232107,125.16
2026-05-11 00:15:00+02:00,115.96489921305526,119.85
2026-05-11 00:30:00+02:00,112.73692832200852,116.72
2026-05-11 00:45:00+02:00,108.81101176741754,113.41
2026-05-11 01:00:00+02:00,112.27084815959431,117.45
2026-05-11 01:15:00+02:00,112.2126657149826,113.18
2026-05-11 01:30:00+02:00,112.49551198737458,110.37
2026-05-11 01:45:00+02:00,108.58570640534384,108.34
2026-05-11 02:00:00+02:00,111.72419439998151,111.1
2026-05-11 02:15:00+02:00,109.66925147620852,109.87
2026-05-11 02:30:00+02:00,110.78780521621101,110.09
2026-05-11 02:45:00+02:00,108.96514338338963,110.65
2026-05-11 03:00:00+02:00,109.76157474015618,110.34
2026-05-11 03:15:00+02:00,110.00988018679652,112.08
2026-05-11 03:30:00+02:00,109.87160788348982,113.43
2026-05-11 03:45:00+02:00,109.1079622152021,114.78
2026-05-11 04:00:00+02:00,110.8967729490415,107.94
2026-05-11 04:15:00+02:00,111.5343638043721,108.64
2026-05-11 04:30:00+02:00,115.16637500097004,115.52
2026-05-11 04:45:00+02:00,116.06468309565851,120.27
2026-05-11 05:00:00+02:00,114.3426795463582,118.01
2026-05-11 05:15:00+02:00,116.61143941003168,120.08
2026-05-11 05:30:00+02:00,122.37491803854206,123.75
2026-05-11 05:45:00+02:00,138.12196191653493,126.71
2026-05-11 06:00:00+02:00,133.1168405526979,125.44
2026-05-11 06:15:00+02:00,146.84885731938274,133.62
2026-05-11 06:30:00+02:00,149.22019451713626,140.2
2026-05-11 06:45:00+02:00,152.96391694908797,146.64
2026-05-11 07:00:00+02:00,170.27786237976713,152.98
2026-05-11 07:15:00+02:00,163.04542745745013,159.06
2026-05-11 07:30:00+02:00,152.54538025306653,156.12
2026-05-11 07:45:00+02:00,136.4738540690161,148.03
2026-05-11 08:00:00+02:00,170.63583881591404,173.57
2026-05-11 08:15:00+02:00,144.55332715002413,152.51
2026-05-11 08:30:00+02:00,136.01753731061987,142.2
2026-05-11 08:45:00+02:00,121.49394786737409,131.77
2026-05-11 09:00:00+02:00,144.80204794844863,152.95
2026-05-11 09:15:00+02:00,127.61346505958971,137.67
2026-05-11 09:30:00+02:00,114.97001184966868,133.44
2026-05-11 09:45:00+02:00,105.3867138225468,123.14
2026-05-11 10:00:00+02:00,125.43433513248044,139.49
2026-05-11 10:15:00+02:00,100.52207742829545,128.25
2026-05-11 10:30:00+02:00,106.09496848345613,122.14
2026-05-11 10:45:00+02:00,96.83749103380957,115.35
2026-05-11 11:00:00+02:00,103.22511881434532,126.04
2026-05-11 11:15:00+02:00,103.30384346398556,114.96
2026-05-11 11:30:00+02:00,90.64628633445328,106.73
2026-05-11 11:45:00+02:00,88.70462227758783,106.0
2026-05-11 12:00:00+02:00,85.72915423359866,108.4
2026-05-11 12:15:00+02:00,64.65709958771741,106.2
2026-05-11 12:30:00+02:00,57.69541908265518,106.19
2026-05-11 12:45:00+02:00,55.260824906805006,101.15
2026-05-11 13:00:00+02:00,59.95167447568331,101.66
2026-05-11 13:15:00+02:00,55.13204858345574,101.22
2026-05-11 13:30:00+02:00,60.02464940038761,98.72
2026-05-11 13:45:00+02:00,63.1980143299564,93.52
2026-05-11 14:00:00+02:00,64.99994225042776,97.33
2026-05-11 14:15:00+02:00,80.90335376253387,97.32
2026-05-11 14:30:00+02:00,83.78064369452775,94.02
2026-05-11 14:45:00+02:00,91.77149009490344,95.25
2026-05-11 15:00:00+02:00,82.45066196615251,95.04
2026-05-11 15:15:00+02:00,71.78012264537657,96.02
2026-05-11 15:30:00+02:00,67.72041832080328,95.9
2026-05-11 15:45:00+02:00,86.89494700840662,97.84
2026-05-11 16:00:00+02:00,84.44449410657533,91.15
2026-05-11 16:15:00+02:00,80.79395697244728,96.57
2026-05-11 16:30:00+02:00,91.23422287775131,101.68
2026-05-11 16:45:00+02:00,118.82361550378779,112.56
2026-05-11 17:00:00+02:00,85.48785886221201,101.65
2026-05-11 17:15:00+02:00,104.44615626249733,115.57
2026-05-11 17:30:00+02:00,113.41380180387503,120.98
2026-05-11 17:45:00+02:00,139.43824458280872,127.01
2026-05-11 18:00:00+02:00,119.89885339921742,120.52
2026-05-11 18:15:00+02:00,127.41501150206268,122.0
2026-05-11 18:30:00+02:00,128.58424738918583,122.52
2026-05-11 18:45:00+02:00,137.91524070462066,126.88
2026-05-11 19:00:00+02:00,141.88234822528347,123.68
2026-05-11 19:15:00+02:00,137.56783766595365,129.0
2026-05-11 19:30:00+02:00,139.80257597699034,131.98
2026-05-11 19:45:00+02:00,158.57318638374758,138.21
2026-05-11 20:00:00+02:00,143.68452290181398,129.59
2026-05-11 20:15:00+02:00,135.62365438705442,128.2
2026-05-11 20:30:00+02:00,136.24911614132924,133.33
2026-05-11 20:45:00+02:00,133.8141832666858,133.36
2026-05-11 21:00:00+02:00,143.3025787632566,135.38
2026-05-11 21:15:00+02:00,131.91275167689378,129.99
2026-05-11 21:30:00+02:00,129.02121483079884,127.64
2026-05-11 21:45:00+02:00,115.19104206490533,118.48
2026-05-11 22:00:00+02:00,128.5323630908141,126.86
2026-05-11 22:15:00+02:00,121.19422914938156,121.01
2026-05-11 22:30:00+02:00,119.33827440850588,121.86
2026-05-11 22:45:00+02:00,109.96429616896114,113.33
2026-05-11 23:00:00+02:00,114.99243740297,119.35
2026-05-11 23:15:00+02:00,107.76133911616775,108.8
2026-05-11 23:30:00+02:00,104.29539658854387,106.6
2026-05-11 23:45:00+02:00,96.35424190856664,101.06
2026-05-12 00:00:00+02:00,110.86591770937838,105.91
2026-05-12 00:15:00+02:00,91.85827953609325,100.86
2026-05-12 00:30:00+02:00,90.15939144707347,96.68
2026-05-12 00:45:00+02:00,83.076362402298,92.81
2026-05-12 01:00:00+02:00,89.449895537896,99.59
2026-05-12 01:15:00+02:00,85.24415002568247,94.69
2026-05-12 01:30:00+02:00,85.50988934254994,94.5
2026-05-12 01:45:00+02:00,80.9202307352397,92.32
2026-05-12 02:00:00+02:00,86.3766382464682,92.13
2026-05-12 02:15:00+02:00,85.56542215571474,91.55
2026-05-12 02:30:00+02:00,82.74955697076058,91.7
2026-05-12 02:45:00+02:00,78.39588577205282,91.54
2026-05-12 03:00:00+02:00,87.62173948963856,92.31
2026-05-12 03:15:00+02:00,85.42182987680145,90.99
2026-05-12 03:30:00+02:00,80.51252617093165,90.3
2026-05-12 03:45:00+02:00,77.03839987062656,85.99
2026-05-12 04:00:00+02:00,64.1571973140239,84.44
2026-05-12 04:15:00+02:00,64.79595423195661,89.63
2026-05-12 04:30:00+02:00,65.13130707420811,92.32
2026-05-12 04:45:00+02:00,61.40391866015257,99.11
2026-05-12 05:00:00+02:00,65.48206867366297,85.4
2026-05-12 05:15:00+02:00,65.30785125593675,90.01
2026-05-12 05:30:00+02:00,88.10426445522685,98.9
2026-05-12 05:45:00+02:00,82.55159322563232,101.7
2026-05-12 06:00:00+02:00,57.33837198618872,99.88
2026-05-12 06:15:00+02:00,94.5181941612056,110.62
2026-05-12 06:30:00+02:00,102.1806537574922,114.69
2026-05-12 06:45:00+02:00,105.66179772866181,119.86
2026-05-12 07:00:00+02:00,91.12525357923138,125.44
2026-05-12 07:15:00+02:00,102.84763394682003,125.01
2026-05-12 07:30:00+02:00,112.0250171975746,122.85
2026-05-12 07:45:00+02:00,99.92782905300561,117.0
2026-05-12 08:00:00+02:00,114.07304689033988,125.05
2026-05-12 08:15:00+02:00,104.03931370933307,118.0
2026-05-12 08:30:00+02:00,95.14321939002208,108.53
2026-05-12 08:45:00+02:00,86.29847481619188,97.0
2026-05-12 09:00:00+02:00,104.12794259873975,108.53
2026-05-12 09:15:00+02:00,82.56169542289491,100.0
2026-05-12 09:30:00+02:00,65.74720504301696,92.78
2026-05-12 09:45:00+02:00,34.755081495661656,74.99
2026-05-12 10:00:00+02:00,50.43864546741377,96.84
2026-05-12 10:15:00+02:00,40.04324132946056,87.7
2026-05-12 10:30:00+02:00,29.1292473293357,73.69
2026-05-12 10:45:00+02:00,6.176656997031166,60.0
2026-05-12 11:00:00+02:00,10.499379489979535,72.65
2026-05-12 11:15:00+02:00,0.4852158506218487,65.1
2026-05-12 11:30:00+02:00,-0.6957218180770806,60.08
2026-05-12 11:45:00+02:00,2.1753351527475715,56.31
2026-05-12 12:00:00+02:00,-4.647857647357018,55.91
2026-05-12 12:15:00+02:00,-4.733613560403974,45.96
2026-05-12 12:30:00+02:00,-3.3696843540521755,40.91
2026-05-12 12:45:00+02:00,-4.161840732023488,40.86
2026-05-12 13:00:00+02:00,-8.664763417869114,32.31
2026-05-12 13:15:00+02:00,-4.128293765525271,30.01
2026-05-12 13:30:00+02:00,-9.285931382056694,24.48
2026-05-12 13:45:00+02:00,-8.766767323651408,22.52
2026-05-12 14:00:00+02:00,-4.149515168802534,15.13
2026-05-12 14:15:00+02:00,-10.432353882314668,17.44
2026-05-12 14:30:00+02:00,-13.05716553884324,21.01
2026-05-12 14:45:00+02:00,-14.333074814147887,26.31
2026-05-12 15:00:00+02:00,-15.463655571640041,30.36
2026-05-12 15:15:00+02:00,-10.244107774467349,37.52
2026-05-12 15:30:00+02:00,4.200073329284116,50.1
2026-05-12 15:45:00+02:00,11.648076526280406,61.06
2026-05-12 16:00:00+02:00,8.508194718338913,45.65
2026-05-12 16:15:00+02:00,3.135410407335627,68.39
2026-05-12 16:30:00+02:00,10.307708336510814,87.41
2026-05-12 16:45:00+02:00,52.53099973062617,96.17
2026-05-12 17:00:00+02:00,27.730576096013323,70.1
2026-05-12 17:15:00+02:00,62.5251359558229,94.8
2026-05-12 17:30:00+02:00,97.77759663183151,102.62
2026-05-12 17:45:00+02:00,120.3431019488699,116.48
2026-05-12 18:00:00+02:00,97.59001758512696,97.39
2026-05-12 18:15:00+02:00,101.41357664402909,111.21
2026-05-12 18:30:00+02:00,111.89220055116436,121.08
2026-05-12 18:45:00+02:00,126.3382076095936,129.84
2026-05-12 19:00:00+02:00,116.52724026807276,121.98
2026-05-12 19:15:00+02:00,120.21759785744776,129.65
2026-05-12 19:30:00+02:00,127.23645333609743,140.45
2026-05-12 19:45:00+02:00,176.87734576164937,153.03
2026-05-12 20:00:00+02:00,151.98322128646387,138.29
2026-05-12 20:15:00+02:00,163.90407997484445,143.01
2026-05-12 20:30:00+02:00,155.66618699947654,146.49
2026-05-12 20:45:00+02:00,136.46440217552617,144.15
2026-05-12 21:00:00+02:00,154.40661272930714,151.78
2026-05-12 21:15:00+02:00,133.60219023232932,147.32
2026-05-12 21:30:00+02:00,125.8170782447152,139.61
2026-05-12 21:45:00+02:00,115.77772378587572,132.26
2026-05-12 22:00:00+02:00,129.6154487942347,138.16
2026-05-12 22:15:00+02:00,119.85099769848375,132.89
2026-05-12 22:30:00+02:00,118.32071337126443,129.45
2026-05-12 22:45:00+02:00,111.93117982090803,124.4
2026-05-12 23:00:00+02:00,113.85086897881652,127.14
2026-05-12 23:15:00+02:00,108.35742497908485,120.33
2026-05-12 23:30:00+02:00,104.91843040768387,115.17
2026-05-12 23:45:00+02:00,100.6145821867735,110.74
2026-05-13 00:00:00+02:00,116.30958761788318,126.05
2026-05-13 00:15:00+02:00,108.06006304995792,115.29
2026-05-13 00:30:00+02:00,103.20020223826894,110.3
2026-05-13 00:45:00+02:00,102.45542803811078,105.68
2026-05-13 01:00:00+02:00,103.83142716787279,110.54
2026-05-13 01:15:00+02:00,101.2414108305513,105.15
2026-05-13 01:30:00+02:00,98.87182939118036,105.12
2026-05-13 01:45:00+02:00,98.2314390486704,104.06
2026-05-13 02:00:00+02:00,99.16667804492823,104.69
2026-05-13 02:15:00+02:00,99.6205396446362,104.03
2026-05-13 02:30:00+02:00,98.06286013147232,103.6
2026-05-13 02:45:00+02:00,98.68527619169646,105.11
2026-05-13 03:00:00+02:00,98.03775293982248,104.49
2026-05-13 03:15:00+02:00,100.01098409409758,106.39
2026-05-13 03:30:00+02:00,100.94215341034254,109.13
2026-05-13 03:45:00+02:00,100.89278691443056,109.73
2026-05-13 04:00:00+02:00,99.33125115703123,106.09
2026-05-13 04:15:00+02:00,98.9808646405605,110.34
2026-05-13 04:30:00+02:00,99.61118899852814,111.78
2026-05-13 04:45:00+02:00,106.05103562225834,116.57
2026-05-13 05:00:00+02:00,98.6469378580395,111.72
2026-05-13 05:15:00+02:00,101.25291841415236,115.6
2026-05-13 05:30:00+02:00,117.62012826449178,123.68
2026-05-13 05:45:00+02:00,119.53862620188146,129.0
2026-05-13 06:00:00+02:00,118.52792322842954,128.38
2026-05-13 06:15:00+02:00,128.28621757189396,138.68
2026-05-13 06:30:00+02:00,140.49619656923832,141.37
2026-05-13 06:45:00+02:00,137.89487346421603,140.3
2026-05-13 07:00:00+02:00,151.17174717795527,144.09
2026-05-13 07:15:00+02:00,146.04301139491795,142.4
2026-05-13 07:30:00+02:00,131.37652791185178,143.8
2026-05-13 07:45:00+02:00,109.96333141590907,134.2
2026-05-13 08:00:00+02:00,141.34275535863767,143.91
2026-05-13 08:15:00+02:00,124.45611381052038,132.22
2026-05-13 08:30:00+02:00,112.65046374238523,123.89
2026-05-13 08:45:00+02:00,95.12018536044874,106.78
2026-05-13 09:00:00+02:00,114.88492689956784,123.24
2026-05-13 09:15:00+02:00,102.51339680780416,102.22
2026-05-13 09:30:00+02:00,83.32846614896302,97.7
2026-05-13 09:45:00+02:00,53.27951415386471,86.94
2026-05-13 10:00:00+02:00,70.65683555694136,97.88
2026-05-13 10:15:00+02:00,44.109054275421656,89.45
2026-05-13 10:30:00+02:00,23.484829040996193,84.17
2026-05-13 10:45:00+02:00,8.126253759964406,74.26
2026-05-13 11:00:00+02:00,18.024471900320254,88.9
2026-05-13 11:15:00+02:00,11.1810478023079,83.14
2026-05-13 11:30:00+02:00,7.709081518981202,83.07
2026-05-13 11:45:00+02:00,14.625513218589667,80.0
2026-05-13 12:00:00+02:00,7.757042732351689,81.69
2026-05-13 12:15:00+02:00,18.591967156227863,76.3
2026-05-13 12:30:00+02:00,9.064803422763049,71.04
2026-05-13 12:45:00+02:00,16.522247499924855,67.38
2026-05-13 13:00:00+02:00,11.041216704052685,74.43
2026-05-13 13:15:00+02:00,15.683780087279194,73.72
2026-05-13 13:30:00+02:00,11.306014347698492,71.85
2026-05-13 13:45:00+02:00,10.391270363371756,67.09
2026-05-13 14:00:00+02:00,8.03769731783506,64.0
2026-05-13 14:15:00+02:00,10.735157613851662,66.42
2026-05-13 14:30:00+02:00,12.5682034568539,72.63
2026-05-13 14:45:00+02:00,4.850070996694791,77.76
2026-05-13 15:00:00+02:00,15.477892251524725,69.14
2026-05-13 15:15:00+02:00,14.12820048550505,77.33
2026-05-13 15:30:00+02:00,21.590026036105147,85.58
2026-05-13 15:45:00+02:00,32.820939625835166,97.02
2026-05-13 16:00:00+02:00,25.1648958938878,75.77
2026-05-13 16:15:00+02:00,27.28208458472909,88.06
2026-05-13 16:30:00+02:00,25.579489512106903,95.35
2026-05-13 16:45:00+02:00,63.74983230104754,110.32
2026-05-13 17:00:00+02:00,39.37051285930166,93.59
2026-05-13 17:15:00+02:00,83.47512618749577,105.0
2026-05-13 17:30:00+02:00,101.02643968475141,120.97
2026-05-13 17:45:00+02:00,121.71652063215382,130.85
2026-05-13 18:00:00+02:00,91.72770452255433,117.07
2026-05-13 18:15:00+02:00,115.5952174101376,129.89
2026-05-13 18:30:00+02:00,126.27737128742591,135.32
2026-05-13 18:45:00+02:00,128.96762503366028,147.14
2026-05-13 19:00:00+02:00,134.16598361767845,133.75
2026-05-13 19:15:00+02:00,124.66965026863454,143.53
2026-05-13 19:30:00+02:00,142.1279027877687,153.0
2026-05-13 19:45:00+02:00,151.75380120997787,175.69
2026-05-13 20:00:00+02:00,141.60883572942103,164.15
2026-05-13 20:15:00+02:00,148.44344089085504,169.42
2026-05-13 20:30:00+02:00,146.28856232356898,176.42
2026-05-13 20:45:00+02:00,142.81670161272663,175.08
2026-05-13 21:00:00+02:00,148.03686468453117,183.0
2026-05-13 21:15:00+02:00,144.5424791180639,161.97
2026-05-13 21:30:00+02:00,134.9413543632879,151.97
2026-05-13 21:45:00+02:00,126.0961293320835,143.24
2026-05-13 22:00:00+02:00,134.34982424669516,156.03
2026-05-13 22:15:00+02:00,128.26294806397235,143.57
2026-05-13 22:30:00+02:00,123.29730622599894,136.82
2026-05-13 22:45:00+02:00,115.04751059369323,132.4
2026-05-13 23:00:00+02:00,123.10698863602654,130.64
2026-05-13 23:15:00+02:00,115.35877953202476,126.75
2026-05-13 23:30:00+02:00,112.15566284088081,119.06
2026-05-13 23:45:00+02:00,108.49348390285456,115.93
2026-05-14 00:00:00+02:00,129.5731424683502,141.19
2026-05-14 00:15:00+02:00,123.94654584655717,133.38
2026-05-14 00:30:00+02:00,120.25008018523793,126.37
2026-05-14 00:45:00+02:00,115.35184204049435,121.22
2026-05-14 01:00:00+02:00,117.53398574991013,127.08
2026-05-14 01:15:00+02:00,113.50874470760633,122.2
2026-05-14 01:30:00+02:00,107.73329543103495,120.4
2026-05-14 01:45:00+02:00,106.95327617980794,117.32
2026-05-14 02:00:00+02:00,107.3076898022904,122.98
2026-05-14 02:15:00+02:00,107.25670930389957,119.89
2026-05-14 02:30:00+02:00,102.99195115964254,118.29
2026-05-14 02:45:00+02:00,102.99130879486819,115.74
2026-05-14 03:00:00+02:00,105.65534919843805,117.62
2026-05-14 03:15:00+02:00,103.79360721271799,116.44
2026-05-14 03:30:00+02:00,104.97213764510003,114.32
2026-05-14 03:45:00+02:00,105.83129959795494,114.17
2026-05-14 04:00:00+02:00,104.56553465099135,113.55
2026-05-14 04:15:00+02:00,106.2819940417114,112.11
2026-05-14 04:30:00+02:00,105.88502482270225,112.15
2026-05-14 04:45:00+02:00,105.30954002824042,113.86
2026-05-14 05:00:00+02:00,104.71749694905736,113.15
2026-05-14 05:15:00+02:00,106.03950709118332,111.86
2026-05-14 05:30:00+02:00,106.0593070924302,112.6
2026-05-14 05:45:00+02:00,102.0707219832389,110.57
2026-05-14 06:00:00+02:00,105.6818792284985,113.77
2026-05-14 06:15:00+02:00,104.94267551743584,114.51
2026-05-14 06:30:00+02:00,108.69915505686316,113.14
2026-05-14 06:45:00+02:00,106.19604046076981,104.2
2026-05-14 07:00:00+02:00,107.11638939577297,120.91
2026-05-14 07:15:00+02:00,107.09165365841389,109.2
2026-05-14 07:30:00+02:00,95.99042144707329,103.11
2026-05-14 07:45:00+02:00,67.03633037128071,99.14
2026-05-14 08:00:00+02:00,108.56469004373247,110.5
2026-05-14 08:15:00+02:00,89.156672254547,105.01
2026-05-14 08:30:00+02:00,66.43591198919852,97.9
2026-05-14 08:45:00+02:00,39.39556346065793,83.62
2026-05-14 09:00:00+02:00,59.46865899203296,101.03
2026-05-14 09:15:00+02:00,36.80408910636232,95.18
2026-05-14 09:30:00+02:00,33.784208502367385,80.4
2026-05-14 09:45:00+02:00,30.55563813026729,63.99
2026-05-14 10:00:00+02:00,40.025097368053345,82.65
2026-05-14 10:15:00+02:00,35.18399660307516,64.0
2026-05-14 10:30:00+02:00,25.505671097008467,50.07
2026-05-14 10:45:00+02:00,14.532742757472807,37.85
2026-05-14 11:00:00+02:00,21.520869161559744,43.4
2026-05-14 11:15:00+02:00,18.133367255491898,40.09
2026-05-14 11:30:00+02:00,14.05486944305441,33.72
2026-05-14 11:45:00+02:00,10.583156155601246,25.06
2026-05-14 12:00:00+02:00,9.563888747806622,23.78
2026-05-14 12:15:00+02:00,8.112506806847513,15.97
2026-05-14 12:30:00+02:00,8.452999110399748,14.22
2026-05-14 12:45:00+02:00,7.839729689548929,10.25
2026-05-14 13:00:00+02:00,0.7523653159891301,10.21
2026-05-14 13:15:00+02:00,3.479083193476353,8.25
2026-05-14 13:30:00+02:00,2.2246354559623107,6.51
2026-05-14 13:45:00+02:00,8.256071314410603,5.24
2026-05-14 14:00:00+02:00,2.503674111856255,3.31
2026-05-14 14:15:00+02:00,-0.17940710072099986,4.53
2026-05-14 14:30:00+02:00,0.5727769220637446,4.83
2026-05-14 14:45:00+02:00,7.598650561606649,5.74
2026-05-14 15:00:00+02:00,8.368534348000797,5.02
2026-05-14 15:15:00+02:00,15.663626448702454,7.84
2026-05-14 15:30:00+02:00,19.162928181399714,17.97
2026-05-14 15:45:00+02:00,8.921492980082505,40.56
2026-05-14 16:00:00+02:00,4.9935181540018405,24.03
2026-05-14 16:15:00+02:00,10.65914595819551,56.23
2026-05-14 16:30:00+02:00,15.486302299596304,81.85
2026-05-14 16:45:00+02:00,47.234977322039875,105.54
2026-05-14 17:00:00+02:00,20.738156788405774,60.46
2026-05-14 17:15:00+02:00,79.48641383412735,90.51
2026-05-14 17:30:00+02:00,100.12422453685687,102.94
2026-05-14 17:45:00+02:00,113.83515468806357,125.13
2026-05-14 18:00:00+02:00,98.95500879038761,105.78
2026-05-14 18:15:00+02:00,111.70578813728298,122.08
2026-05-14 18:30:00+02:00,124.27482420152734,132.29
2026-05-14 18:45:00+02:00,131.2331804804129,143.85
2026-05-14 19:00:00+02:00,121.54867123847266,132.96
2026-05-14 19:15:00+02:00,118.34040634798473,138.21
2026-05-14 19:30:00+02:00,139.96961144842925,146.06
2026-05-14 19:45:00+02:00,155.3848732975618,153.1
2026-05-14 20:00:00+02:00,149.25987261888332,143.03
2026-05-14 20:15:00+02:00,151.61853800927506,148.37
2026-05-14 20:30:00+02:00,157.39738448300076,153.06
2026-05-14 20:45:00+02:00,144.66171869100228,157.33
2026-05-14 21:00:00+02:00,157.77406256280744,153.84
2026-05-14 21:15:00+02:00,139.3863057984184,154.67
2026-05-14 21:30:00+02:00,138.5466492035612,152.76
2026-05-14 21:45:00+02:00,133.70945923861427,147.54
2026-05-14 22:00:00+02:00,144.57689512858323,168.17
2026-05-14 22:15:00+02:00,134.05452351276918,150.27
2026-05-14 22:30:00+02:00,127.35062458083492,145.39
2026-05-14 22:45:00+02:00,123.53190378375561,139.81
2026-05-14 23:00:00+02:00,129.36218831748428,144.42
2026-05-14 23:15:00+02:00,125.50630144131857,137.4
2026-05-14 23:30:00+02:00,125.34947042421216,133.71
2026-05-14 23:45:00+02:00,114.47766222934288,129.75
2026-05-15 00:00:00+02:00,132.31161490980188,146.37
2026-05-15 00:15:00+02:00,129.31265570220916,139.97
2026-05-15 00:30:00+02:00,126.4201050941439,137.76
2026-05-15 00:45:00+02:00,125.56664867667048,127.79
2026-05-15 01:00:00+02:00,122.98670720926738,141.73
2026-05-15 01:15:00+02:00,121.44105604445181,133.43
2026-05-15 01:30:00+02:00,120.9718520499513,128.19
2026-05-15 01:45:00+02:00,116.846276515644,122.14
2026-05-15 02:00:00+02:00,121.30348089736327,131.48
2026-05-15 02:15:00+02:00,119.45886200634273,126.68
2026-05-15 02:30:00+02:00,116.54803359394424,124.2
2026-05-15 02:45:00+02:00,115.74892116416862,122.89
2026-05-15 03:00:00+02:00,116.1294057207397,122.33
2026-05-15 03:15:00+02:00,114.1566566921784,121.15
2026-05-15 03:30:00+02:00,115.02391738244134,122.66
2026-05-15 03:45:00+02:00,117.13575394456805,121.61
2026-05-15 04:00:00+02:00,115.73903638290439,120.75
2026-05-15 04:15:00+02:00,115.65615051390998,122.7
2026-05-15 04:30:00+02:00,119.21049096355411,124.09
2026-05-15 04:45:00+02:00,120.93423096470997,127.31
2026-05-15 05:00:00+02:00,117.51325272495191,124.1
2026-05-15 05:15:00+02:00,123.57795237895839,125.4
2026-05-15 05:30:00+02:00,127.9651126433963,127.95
2026-05-15 05:45:00+02:00,130.83474511184264,131.19
2026-05-15 06:00:00+02:00,134.34940257353233,132.7
2026-05-15 06:15:00+02:00,139.60743051681334,137.6
2026-05-15 06:30:00+02:00,138.31607414500928,137.1
2026-05-15 06:45:00+02:00,143.46185243439535,137.0
2026-05-15 07:00:00+02:00,155.66726705126854,141.85
2026-05-15 07:15:00+02:00,145.52692643488956,138.77
2026-05-15 07:30:00+02:00,136.62550848193288,135.32
2026-05-15 07:45:00+02:00,122.1409529177342,114.12
2026-05-15 08:00:00+02:00,141.07490446375508,136.79
2026-05-15 08:15:00+02:00,127.50944193782138,129.64
2026-05-15 08:30:00+02:00,113.34739702212984,120.58
2026-05-15 08:45:00+02:00,99.07730122582475,108.97
2026-05-15 09:00:00+02:00,123.70912017679889,121.75
2026-05-15 09:15:00+02:00,108.26120719699034,110.67
2026-05-15 09:30:00+02:00,100.7564244317789,97.62
2026-05-15 09:45:00+02:00,93.59216692004432,88.12
2026-05-15 10:00:00+02:00,115.02123784564427,99.23
2026-05-15 10:15:00+02:00,94.66689410031267,83.05
2026-05-15 10:30:00+02:00,90.64883745905067,77.36
2026-05-15 10:45:00+02:00,65.99300368711096,67.49
2026-05-15 11:00:00+02:00,78.1718485900449,83.0
2026-05-15 11:15:00+02:00,68.06710735629211,75.53
2026-05-15 11:30:00+02:00,59.88793621014052,60.09
2026-05-15 11:45:00+02:00,47.52584515365879,48.65
2026-05-15 12:00:00+02:00,64.90262799967164,70.52
2026-05-15 12:15:00+02:00,57.02529709445808,60.01
2026-05-15 12:30:00+02:00,52.1707682170223,47.64
2026-05-15 12:45:00+02:00,38.77884640061471,39.04
2026-05-15 13:00:00+02:00,46.87499091612984,50.44
2026-05-15 13:15:00+02:00,42.8211459330585,40.99
2026-05-15 13:30:00+02:00,38.848774088037,38.29
2026-05-15 13:45:00+02:00,26.522488362267985,31.57
2026-05-15 14:00:00+02:00,32.89566948928462,32.03
2026-05-15 14:15:00+02:00,34.381718137675875,37.11
2026-05-15 14:30:00+02:00,32.681446330488434,43.46
2026-05-15 14:45:00+02:00,19.562538964212,47.99
2026-05-15 15:00:00+02:00,22.635329889922637,28.34
2026-05-15 15:15:00+02:00,23.6539733511635,44.0
2026-05-15 15:30:00+02:00,42.426410738747926,57.0
2026-05-15 15:45:00+02:00,50.838288258379194,74.67
2026-05-15 16:00:00+02:00,29.483866053563638,43.56
2026-05-15 16:15:00+02:00,43.12911242752399,69.31
2026-05-15 16:30:00+02:00,51.91525457889486,93.84
2026-05-15 16:45:00+02:00,84.58445918197876,102.57
2026-05-15 17:00:00+02:00,47.589390881626514,86.8
2026-05-15 17:15:00+02:00,92.0177407747354,99.6
2026-05-15 17:30:00+02:00,112.27206823698037,111.77
2026-05-15 17:45:00+02:00,130.24262805188587,122.02
2026-05-15 18:00:00+02:00,108.6374220821812,115.95
2026-05-15 18:15:00+02:00,126.3124436896041,122.0
2026-05-15 18:30:00+02:00,132.1449993113584,126.8
2026-05-15 18:45:00+02:00,130.9416556211284,135.42
2026-05-15 19:00:00+02:00,131.89625870711123,135.98
2026-05-15 19:15:00+02:00,132.2775263686779,140.29
2026-05-15 19:30:00+02:00,143.82289065392584,144.98
2026-05-15 19:45:00+02:00,164.84273247655966,151.99
2026-05-15 20:00:00+02:00,149.94665132466366,151.87
2026-05-15 20:15:00+02:00,149.35495423587727,151.78
2026-05-15 20:30:00+02:00,158.77251263865776,153.08
2026-05-15 20:45:00+02:00,151.97265952621296,157.09
2026-05-15 21:00:00+02:00,149.5858822804548,162.67
2026-05-15 21:15:00+02:00,145.4613919905851,153.21
2026-05-15 21:30:00+02:00,142.37767441593363,146.56
2026-05-15 21:45:00+02:00,135.04703176067167,142.14
2026-05-15 22:00:00+02:00,157.74370846265668,150.94
2026-05-15 22:15:00+02:00,142.70458436046158,144.52
2026-05-15 22:30:00+02:00,133.27512070399467,144.21
2026-05-15 22:45:00+02:00,126.07267580702872,139.07
2026-05-15 23:00:00+02:00,133.53252686381362,144.48
2026-05-15 23:15:00+02:00,127.22305627944505,137.21
2026-05-15 23:30:00+02:00,125.63886666547013,131.2
2026-05-15 23:45:00+02:00,118.28487303772012,129.16
2026-05-16 00:00:00+02:00,138.46154625789248,139.14
2026-05-16 00:15:00+02:00,133.7009879404191,131.63
2026-05-16 00:30:00+02:00,125.84268084347772,126.47
2026-05-16 00:45:00+02:00,116.97406304604884,122.76
2026-05-16 01:00:00+02:00,128.96276121735787,124.59
2026-05-16 01:15:00+02:00,120.12968995394777,122.61
2026-05-16 01:30:00+02:00,110.86326551224306,120.69
2026-05-16 01:45:00+02:00,106.15805850021466,119.26
2026-05-16 02:00:00+02:00,116.7067361121903,119.59
2026-05-16 02:15:00+02:00,108.79383249500599,117.67
2026-05-16 02:30:00+02:00,101.56113859955892,117.21
2026-05-16 02:45:00+02:00,102.1106644924402,115.78
2026-05-16 03:00:00+02:00,106.9705023687289,117.85
2026-05-16 03:15:00+02:00,100.12171761074248,116.09
2026-05-16 03:30:00+02:00,98.47146460602085,115.22
2026-05-16 03:45:00+02:00,97.71469532928762,114.85
2026-05-16 04:00:00+02:00,92.57882433090226,114.73
2026-05-16 04:15:00+02:00,96.58936503922631,113.61
2026-05-16 04:30:00+02:00,97.81440093690047,112.76
2026-05-16 04:45:00+02:00,95.33830366491756,114.98
2026-05-16 05:00:00+02:00,93.86010995862077,114.82
2026-05-16 05:15:00+02:00,95.50772792368072,110.19
2026-05-16 05:30:00+02:00,101.30226404191257,106.8
2026-05-16 05:45:00+02:00,102.91676768554424,105.56
2026-05-16 06:00:00+02:00,98.48396826422622,110.47
2026-05-16 06:15:00+02:00,104.7467295989764,106.47
2026-05-16 06:30:00+02:00,93.57053734174873,105.1
2026-05-16 06:45:00+02:00,87.31900917062583,100.79
2026-05-16 07:00:00+02:00,116.40779025190324,107.97
2026-05-16 07:15:00+02:00,96.43163482081607,103.28
2026-05-16 07:30:00+02:00,83.36100130723541,98.64
2026-05-16 07:45:00+02:00,73.905176995453,90.29
2026-05-16 08:00:00+02:00,79.67633556144708,100.31
2026-05-16 08:15:00+02:00,73.12472215756023,95.23
2026-05-16 08:30:00+02:00,42.62317996580691,81.7
2026-05-16 08:45:00+02:00,46.41771667154282,70.57
2026-05-16 09:00:00+02:00,34.19891612043514,89.05
2026-05-16 09:15:00+02:00,47.93522440719216,62.13
2026-05-16 09:30:00+02:00,30.575782395448776,17.46
2026-05-16 09:45:00+02:00,26.097830036142646,7.17
2026-05-16 10:00:00+02:00,31.24474319380012,13.65
2026-05-16 10:15:00+02:00,36.81036768712837,3.06
2026-05-16 10:30:00+02:00,23.793189905130735,0.1
2026-05-16 10:45:00+02:00,9.774881770063296,0.0
2026-05-16 11:00:00+02:00,19.702785256470357,0.0
2026-05-16 11:15:00+02:00,4.716595686611996,-0.01
2026-05-16 11:30:00+02:00,-3.8647623115639185,-0.02
2026-05-16 11:45:00+02:00,-6.407968512764199,-0.09
2026-05-16 12:00:00+02:00,-4.008419235359714,-1.0
2026-05-16 12:15:00+02:00,-18.581411222336705,-1.09
2026-05-16 12:30:00+02:00,-17.06465487622085,-1.2
2026-05-16 12:45:00+02:00,-19.927413785130103,-1.49
2026-05-16 13:00:00+02:00,-35.59904857278619,-2.33
2026-05-16 13:15:00+02:00,-37.548175590681645,-2.24
2026-05-16 13:30:00+02:00,-41.469486482065726,-2.22
2026-05-16 13:45:00+02:00,-42.72158630950939,-2.01
2026-05-16 14:00:00+02:00,-47.44522794351379,-2.06
2026-05-16 14:15:00+02:00,-42.62493329276633,-2.02
2026-05-16 14:30:00+02:00,-44.08629655522748,-1.99
2026-05-16 14:45:00+02:00,-40.409150596718455,-1.66
2026-05-16 15:00:00+02:00,-25.815008897900135,-1.6
2026-05-16 15:15:00+02:00,-11.117415771622039,-1.05
2026-05-16 15:30:00+02:00,0.5701776358795527,-0.89
2026-05-16 15:45:00+02:00,19.53436231108239,-0.45
2026-05-16 16:00:00+02:00,6.292256458317105,-0.16
2026-05-16 16:15:00+02:00,36.7113885721174,-0.01
2026-05-16 16:30:00+02:00,45.020044247292354,0.25
2026-05-16 16:45:00+02:00,49.41503150488244,19.04
2026-05-16 17:00:00+02:00,42.28584715940051,6.31
2026-05-16 17:15:00+02:00,44.76892236251112,43.72
2026-05-16 17:30:00+02:00,69.77097700633672,86.33
2026-05-16 17:45:00+02:00,104.04986245635185,104.01
2026-05-16 18:00:00+02:00,86.46385131530879,71.46
2026-05-16 18:15:00+02:00,95.52435137967342,95.81
2026-05-16 18:30:00+02:00,107.68213033210108,114.52
2026-05-16 18:45:00+02:00,107.68573774607854,119.1
2026-05-16 19:00:00+02:00,101.79708839857963,112.9
2026-05-16 19:15:00+02:00,114.53933585030617,121.0
2026-05-16 19:30:00+02:00,137.12099843954155,132.0
2026-05-16 19:45:00+02:00,149.23112423837202,139.98
2026-05-16 20:00:00+02:00,126.19202095740104,133.98
2026-05-16 20:15:00+02:00,144.96986536971195,138.5
2026-05-16 20:30:00+02:00,143.07258998540826,141.44
2026-05-16 20:45:00+02:00,142.22763647657774,146.07
2026-05-16 21:00:00+02:00,139.01851166836775,144.08
2026-05-16 21:15:00+02:00,138.93599941530837,141.35
2026-05-16 21:30:00+02:00,127.24317727786912,139.26
2026-05-16 21:45:00+02:00,125.07625895832093,138.06
2026-05-16 22:00:00+02:00,142.1149736953125,142.34
2026-05-16 22:15:00+02:00,131.7300795583153,136.44
2026-05-16 22:30:00+02:00,127.21337858407917,134.31
2026-05-16 22:45:00+02:00,122.36044077860416,130.87
2026-05-16 23:00:00+02:00,125.68402650746371,134.27
2026-05-16 23:15:00+02:00,123.02268089743252,129.2
2026-05-16 23:30:00+02:00,121.45884031785138,127.95
2026-05-16 23:45:00+02:00,119.7138071328447,119.38
2026-05-17 00:00:00+02:00,134.7713088602014,137.95
2026-05-17 00:15:00+02:00,130.18412509728526,130.21
2026-05-17 00:30:00+02:00,127.92373546383988,122.74
2026-05-17 00:45:00+02:00,122.85519087675311,119.97
2026-05-17 01:00:00+02:00,127.6978059147495,125.77
2026-05-17 01:15:00+02:00,123.22185678605294,118.74
2026-05-17 01:30:00+02:00,119.74408797751744,116.51
2026-05-17 01:45:00+02:00,116.68649252631342,115.23
2026-05-17 02:00:00+02:00,119.65472523568555,118.72
2026-05-17 02:15:00+02:00,116.36844317794517,117.01
2026-05-17 02:30:00+02:00,115.10922918617442,113.64
2026-05-17 02:45:00+02:00,114.40935737471676,112.89
2026-05-17 03:00:00+02:00,115.98724180372251,111.32
2026-05-17 03:15:00+02:00,112.68452589875793,113.82
2026-05-17 03:30:00+02:00,114.50565944770067,114.03
2026-05-17 03:45:00+02:00,114.03479207128284,116.42
2026-05-17 04:00:00+02:00,112.13806758207849,110.58
2026-05-17 04:15:00+02:00,113.1479839158381,110.09
2026-05-17 04:30:00+02:00,110.71175930171013,107.89
2026-05-17 04:45:00+02:00,110.58516942964867,108.12
2026-05-17 05:00:00+02:00,114.27716421886566,107.33
2026-05-17 05:15:00+02:00,110.5150287792359,106.8
2026-05-17 05:30:00+02:00,108.51179793307291,105.33
2026-05-17 05:45:00+02:00,109.4781075759885,102.32
2026-05-17 06:00:00+02:00,112.43456920170861,105.64
2026-05-17 06:15:00+02:00,106.00338155751201,102.63
2026-05-17 06:30:00+02:00,106.47126825391895,95.84
2026-05-17 06:45:00+02:00,95.84496570913538,91.06
2026-05-17 07:00:00+02:00,112.34637221989495,100.19
2026-05-17 07:15:00+02:00,96.5538998374353,88.79
2026-05-17 07:30:00+02:00,84.41982419046269,70.88
2026-05-17 07:45:00+02:00,75.72178103030441,63.32
2026-05-17 08:00:00+02:00,85.39772211511357,83.8
2026-05-17 08:15:00+02:00,76.5526743328519,65.43
2026-05-17 08:30:00+02:00,60.73120534174407,49.18
2026-05-17 08:45:00+02:00,49.33095285484997,16.96
2026-05-17 09:00:00+02:00,46.02653470956396,38.61
2026-05-17 09:15:00+02:00,39.82823963380073,21.46
2026-05-17 09:30:00+02:00,12.381696829953057,9.99
2026-05-17 09:45:00+02:00,8.115286971189924,5.82
2026-05-17 10:00:00+02:00,7.637095312232006,8.07
2026-05-17 10:15:00+02:00,5.625954765928185,4.51
2026-05-17 10:30:00+02:00,-0.1232099050770401,1.34
2026-05-17 10:45:00+02:00,-8.263871957842138,0.04
2026-05-17 11:00:00+02:00,-8.070886949266342,2.0
2026-05-17 11:15:00+02:00,-9.874841272044367,0.19
2026-05-17 11:30:00+02:00,-18.28117890901624,0.05
2026-05-17 11:45:00+02:00,-19.11691190654401,0.0
2026-05-17 12:00:00+02:00,-18.10027000095844,1.34
2026-05-17 12:15:00+02:00,-10.818730968452543,0.98
2026-05-17 12:30:00+02:00,-16.774439575250682,0.97
2026-05-17 12:45:00+02:00,-10.3773625081973,0.0
2026-05-17 13:00:00+02:00,-7.340430277066377,0.0
2026-05-17 13:15:00+02:00,-17.053504927195547,0.0
2026-05-17 13:30:00+02:00,-25.013612248132834,0.0
2026-05-17 13:45:00+02:00,-27.17012297082788,0.0
2026-05-17 14:00:00+02:00,-30.912462925426045,0.0
2026-05-17 14:15:00+02:00,-30.03282920378335,0.0
2026-05-17 14:30:00+02:00,-31.94255573916496,0.05
2026-05-17 14:45:00+02:00,-27.932093820576785,3.87
2026-05-17 15:00:00+02:00,-25.517693494731173,3.47
2026-05-17 15:15:00+02:00,-23.235960629165078,4.97
2026-05-17 15:30:00+02:00,-15.010799057975618,10.55
2026-05-17 15:45:00+02:00,-10.255671561267818,26.25
2026-05-17 16:00:00+02:00,-10.742236587350753,12.51
2026-05-17 16:15:00+02:00,2.6327656400909802,26.34
2026-05-17 16:30:00+02:00,16.323310930520307,67.0
2026-05-17 16:45:00+02:00,31.229906922880787,103.9
2026-05-17 17:00:00+02:00,13.438085282463945,66.93
2026-05-17 17:15:00+02:00,58.778068300696965,91.45
2026-05-17 17:30:00+02:00,102.00562380440628,112.76
2026-05-17 17:45:00+02:00,126.77743362988359,130.12
2026-05-17 18:00:00+02:00,102.22604606818278,108.03
2026-05-17 18:15:00+02:00,121.19973053001176,126.54
2026-05-17 18:30:00+02:00,131.20209071418984,138.18
2026-05-17 18:45:00+02:00,143.02048365650325,144.8
2026-05-17 19:00:00+02:00,119.38730667283914,135.2
2026-05-17 19:15:00+02:00,129.4872376997401,142.23
2026-05-17 19:30:00+02:00,141.67460773791277,146.87
2026-05-17 19:45:00+02:00,156.34819520820673,147.97
2026-05-17 20:00:00+02:00,136.3434593157151,150.83
2026-05-17 20:15:00+02:00,143.0423340100884,158.57
2026-05-17 20:30:00+02:00,151.72991855783908,159.72
2026-05-17 20:45:00+02:00,150.34410463631815,154.08
2026-05-17 21:00:00+02:00,155.51013487441415,164.37
2026-05-17 21:15:00+02:00,144.6136254233083,157.5
2026-05-17 21:30:00+02:00,137.42112867261298,153.23
2026-05-17 21:45:00+02:00,132.2668002528544,151.72
2026-05-17 22:00:00+02:00,146.62930454044275,158.1
2026-05-17 22:15:00+02:00,138.95761142176764,151.0
2026-05-17 22:30:00+02:00,132.11244249392237,149.23
2026-05-17 22:45:00+02:00,124.49129466779755,147.14
2026-05-17 23:00:00+02:00,137.72721192301177,147.82
2026-05-17 23:15:00+02:00,126.81160305191668,143.96
2026-05-17 23:30:00+02:00,122.54740052627797,144.3
2026-05-17 23:45:00+02:00,115.25375662687127,134.22
2026-05-18 00:00:00+02:00,139.44964741634726,146.56
2026-05-18 00:15:00+02:00,132.24377160940168,136.6
2026-05-18 00:30:00+02:00,129.13108745620946,130.07
2026-05-18 00:45:00+02:00,125.1414167760525,125.4
2026-05-18 01:00:00+02:00,127.63693107907858,130.09
2026-05-18 01:15:00+02:00,123.04119547958477,125.15
2026-05-18 01:30:00+02:00,119.67060023078055,124.51
2026-05-18 01:45:00+02:00,116.13597369315274,124.14
2026-05-18 02:00:00+02:00,120.65836719975982,125.05
2026-05-18 02:15:00+02:00,117.06150152142365,126.34
2026-05-18 02:30:00+02:00,116.3244372680962,126.33
2026-05-18 02:45:00+02:00,115.2415488713348,126.27
2026-05-18 03:00:00+02:00,115.13963972761353,126.54
2026-05-18 03:15:00+02:00,116.13850297730235,125.75
2026-05-18 03:30:00+02:00,114.77827444880774,126.55
2026-05-18 03:45:00+02:00,117.11194740119832,126.73
2026-05-18 04:00:00+02:00,113.12365515376534,126.85
2026-05-18 04:15:00+02:00,112.20276118477899,128.42
2026-05-18 04:30:00+02:00,111.70734064646688,128.65
2026-05-18 04:45:00+02:00,115.65007384219713,133.52
2026-05-18 05:00:00+02:00,114.30324914838121,126.21
2026-05-18 05:15:00+02:00,113.35993434758844,134.11
2026-05-18 05:30:00+02:00,121.62154319220897,139.47
2026-05-18 05:45:00+02:00,126.35853685732191,148.3
2026-05-18 06:00:00+02:00,122.14649100991859,144.36
2026-05-18 06:15:00+02:00,125.9227722040562,150.0
2026-05-18 06:30:00+02:00,130.64761294522603,153.7
2026-05-18 06:45:00+02:00,132.03230096939654,162.01
2026-05-18 07:00:00+02:00,136.62961346395656,170.73
2026-05-18 07:15:00+02:00,129.77711572036807,161.72
2026-05-18 07:30:00+02:00,135.6435426997409,159.09
2026-05-18 07:45:00+02:00,129.5447577633318,148.76
2026-05-18 08:00:00+02:00,144.96876874532379,168.97
2026-05-18 08:15:00+02:00,133.5414266134835,160.65
2026-05-18 08:30:00+02:00,116.96943709340346,149.07
2026-05-18 08:45:00+02:00,105.87397695074309,129.73
2026-05-18 09:00:00+02:00,116.14304033407979,141.2
2026-05-18 09:15:00+02:00,112.28561429617226,131.48
2026-05-18 09:30:00+02:00,100.95752523187697,120.03
2026-05-18 09:45:00+02:00,82.01797263969118,110.81
2026-05-18 10:00:00+02:00,100.49323496856437,119.45
2026-05-18 10:15:00+02:00,88.24069841026008,108.66
2026-05-18 10:30:00+02:00,71.13914245148956,106.13
2026-05-18 10:45:00+02:00,44.18575049391212,97.16
2026-05-18 11:00:00+02:00,68.81845802532627,103.11
2026-05-18 11:15:00+02:00,55.051784650026704,100.78
2026-05-18 11:30:00+02:00,44.251890451328066,98.3
2026-05-18 11:45:00+02:00,38.70675211818334,98.02
2026-05-18 12:00:00+02:00,37.688086427073685,101.0
2026-05-18 12:15:00+02:00,32.93422576656847,95.67
2026-05-18 12:30:00+02:00,31.36401367440647,93.05
2026-05-18 12:45:00+02:00,34.18803741989389,89.86
2026-05-18 13:00:00+02:00,32.84266225048417,94.96
2026-05-18 13:15:00+02:00,33.30479384163426,95.34
2026-05-18 13:30:00+02:00,34.02995494347131,97.6
2026-05-18 13:45:00+02:00,33.85570049614737,92.01
2026-05-18 14:00:00+02:00,35.391167055561866,87.87
2026-05-18 14:15:00+02:00,33.668537351891025,94.73
2026-05-18 14:30:00+02:00,45.4475127601771,100.89
2026-05-18 14:45:00+02:00,61.75541115053562,103.59
2026-05-18 15:00:00+02:00,66.0458652164616,90.0
2026-05-18 15:15:00+02:00,75.2922235444669,102.33
2026-05-18 15:30:00+02:00,69.07258108272957,106.96
2026-05-18 15:45:00+02:00,93.21158968787076,110.33
2026-05-18 16:00:00+02:00,77.44044277846126,102.93
2026-05-18 16:15:00+02:00,87.42626195525304,108.09
2026-05-18 16:30:00+02:00,104.4348282609061,116.88
2026-05-18 16:45:00+02:00,128.33115187451176,127.96
2026-05-18 17:00:00+02:00,99.58591792663276,117.96
2026-05-18 17:15:00+02:00,114.96343579465061,125.35
2026-05-18 17:30:00+02:00,122.03443065605305,138.93
2026-05-18 17:45:00+02:00,132.90678348362292,154.02
2026-05-18 18:00:00+02:00,119.5104885421993,133.01
2026-05-18 18:15:00+02:00,129.7879875204922,142.66
2026-05-18 18:30:00+02:00,145.5797344624053,153.3
2026-05-18 18:45:00+02:00,163.38011637044448,179.58
2026-05-18 19:00:00+02:00,142.63014324190658,149.36
2026-05-18 19:15:00+02:00,160.5531675576976,167.24
2026-05-18 19:30:00+02:00,165.56093912825435,194.87
2026-05-18 19:45:00+02:00,174.2706307827993,259.94
2026-05-18 20:00:00+02:00,174.36339609567068,231.64
2026-05-18 20:15:00+02:00,165.01925867694402,246.32
2026-05-18 20:30:00+02:00,157.6610011617482,269.1
2026-05-18 20:45:00+02:00,168.43742407661347,256.53
2026-05-18 21:00:00+02:00,165.0868054895665,278.16
2026-05-18 21:15:00+02:00,158.27741099323222,224.3
2026-05-18 21:30:00+02:00,153.21925790200353,192.96
2026-05-18 21:45:00+02:00,146.84431195384266,161.93
2026-05-18 22:00:00+02:00,158.63079144868624,176.36
2026-05-18 22:15:00+02:00,146.58434404732824,161.01
2026-05-18 22:30:00+02:00,144.65497030281333,155.91
2026-05-18 22:45:00+02:00,138.8121158654018,149.31
2026-05-18 23:00:00+02:00,139.91950680448565,158.17
2026-05-18 23:15:00+02:00,134.24619343091217,148.64
2026-05-18 23:30:00+02:00,133.89912262582365,148.41
2026-05-18 23:45:00+02:00,127.99908965292957,140.36
2026-05-19 00:00:00+02:00,138.86850384065193,159.63
2026-05-19 00:15:00+02:00,134.7902828209444,148.47
2026-05-19 00:30:00+02:00,128.36558072186722,143.89
2026-05-19 00:45:00+02:00,123.97451284037501,141.02
2026-05-19 01:00:00+02:00,130.216751470659,149.05
2026-05-19 01:15:00+02:00,124.74719065191412,140.9
2026-05-19 01:30:00+02:00,123.7765780101606,139.01
2026-05-19 01:45:00+02:00,119.33273144277963,138.81
2026-05-19 02:00:00+02:00,124.68917133917728,140.9
2026-05-19 02:15:00+02:00,122.00376183143175,138.03
2026-05-19 02:30:00+02:00,121.7623067551993,139.31
2026-05-19 02:45:00+02:00,119.19902362203567,139.05
2026-05-19 03:00:00+02:00,119.99197245610685,138.65
2026-05-19 03:15:00+02:00,121.38469621111403,137.03
2026-05-19 03:30:00+02:00,120.15365300676929,138.24
2026-05-19 03:45:00+02:00,122.70137937319495,140.24
2026-05-19 04:00:00+02:00,117.81050934875633,135.64
2026-05-19 04:15:00+02:00,119.84143298361326,136.8
2026-05-19 04:30:00+02:00,120.700444808367,143.79
2026-05-19 04:45:00+02:00,123.72960109086966,150.04
2026-05-19 05:00:00+02:00,121.85692175428744,140.19
2026-05-19 05:15:00+02:00,124.12897466454945,144.05
2026-05-19 05:30:00+02:00,124.11185324350235,149.52
2026-05-19 05:45:00+02:00,138.20320531557635,153.92
2026-05-19 06:00:00+02:00,133.77424424171534,159.86
2026-05-19 06:15:00+02:00,154.3456476143096,172.32
2026-05-19 06:30:00+02:00,156.5732688148443,170.53
2026-05-19 06:45:00+02:00,160.0073275840902,155.13
2026-05-19 07:00:00+02:00,169.42658712161688,174.74
2026-05-19 07:15:00+02:00,150.75185786793446,156.79
2026-05-19 07:30:00+02:00,138.04811453708544,150.56
2026-05-19 07:45:00+02:00,122.17242138644133,133.0
2026-05-19 08:00:00+02:00,156.56264420539935,153.56
2026-05-19 08:15:00+02:00,136.69425016083866,140.35
2026-05-19 08:30:00+02:00,122.89686308286873,125.05
2026-05-19 08:45:00+02:00,108.12019840927337,108.46
2026-05-19 09:00:00+02:00,124.56026903515001,126.01
2026-05-19 09:15:00+02:00,112.98062142707124,116.24
2026-05-19 09:30:00+02:00,101.016178461962,101.28
2026-05-19 09:45:00+02:00,92.09185188405799,91.44
2026-05-19 10:00:00+02:00,103.80150045791311,104.17
2026-05-19 10:15:00+02:00,89.94183034569873,98.53
2026-05-19 10:30:00+02:00,86.37650539546858,90.03
2026-05-19 10:45:00+02:00,64.12115518120874,84.33
2026-05-19 11:00:00+02:00,58.85006734119536,90.03
2026-05-19 11:15:00+02:00,53.72367149328298,84.35
2026-05-19 11:30:00+02:00,50.63935907425352,79.79
2026-05-19 11:45:00+02:00,50.99105345451702,74.17
2026-05-19 12:00:00+02:00,54.20356760422774,76.65
2026-05-19 12:15:00+02:00,60.24782056493524,76.21
2026-05-19 12:30:00+02:00,62.697451769157176,70.33
2026-05-19 12:45:00+02:00,43.30653855007959,69.39
2026-05-19 13:00:00+02:00,63.600813314388944,74.12
2026-05-19 13:15:00+02:00,46.941892689654765,73.65
2026-05-19 13:30:00+02:00,28.98648383177909,74.02
2026-05-19 13:45:00+02:00,27.949114293348945,73.16
2026-05-19 14:00:00+02:00,20.7592498323454,69.07
2026-05-19 14:15:00+02:00,29.702696120628573,78.01
2026-05-19 14:30:00+02:00,36.4118061452503,83.48
2026-05-19 14:45:00+02:00,45.424427190156834,88.68
2026-05-19 15:00:00+02:00,25.665817224988892,77.67
2026-05-19 15:15:00+02:00,49.42196279214531,84.7
2026-05-19 15:30:00+02:00,73.88828727931997,91.25
2026-05-19 15:45:00+02:00,84.25503992451492,96.66
2026-05-19 16:00:00+02:00,68.48133357012176,89.48
2026-05-19 16:15:00+02:00,77.30866020384443,98.42
2026-05-19 16:30:00+02:00,101.36741561989892,105.84
2026-05-19 16:45:00+02:00,115.48769672560461,115.26
2026-05-19 17:00:00+02:00,87.16625156507297,110.09
2026-05-19 17:15:00+02:00,105.58920420137972,118.33
2026-05-19 17:30:00+02:00,115.84844338781357,136.59
2026-05-19 17:45:00+02:00,130.93056865529692,144.16
2026-05-19 18:00:00+02:00,114.26914115353529,129.21
2026-05-19 18:15:00+02:00,126.39776878369932,138.66
2026-05-19 18:30:00+02:00,139.12224209518928,148.74
2026-05-19 18:45:00+02:00,155.3671726724277,163.19
2026-05-19 19:00:00+02:00,137.23715682391017,148.84
2026-05-19 19:15:00+02:00,154.44420015695002,159.35
2026-05-19 19:30:00+02:00,170.0075328315608,172.48
2026-05-19 19:45:00+02:00,169.28819739953707,209.27
2026-05-19 20:00:00+02:00,182.1599932432808,187.34
2026-05-19 20:15:00+02:00,164.98232624308116,183.63
2026-05-19 20:30:00+02:00,164.25136529119362,178.96
2026-05-19 20:45:00+02:00,156.83279585314247,173.68
2026-05-19 21:00:00+02:00,167.20069590261375,187.32
2026-05-19 21:15:00+02:00,148.46910816135127,163.0
2026-05-19 21:30:00+02:00,136.34623641468028,157.85
2026-05-19 21:45:00+02:00,130.28905348332387,146.35
2026-05-19 22:00:00+02:00,144.84380364716617,161.14
2026-05-19 22:15:00+02:00,131.83240934389633,150.89
2026-05-19 22:30:00+02:00,127.5221567077341,141.38
2026-05-19 22:45:00+02:00,122.85125403984557,128.77
2026-05-19 23:00:00+02:00,129.12766222488668,140.89
2026-05-19 23:15:00+02:00,129.1648884527169,133.99
2026-05-19 23:30:00+02:00,121.70271597584579,128.71
2026-05-19 23:45:00+02:00,115.93312575178368,123.62
2026-05-20 00:00:00+02:00,137.04268261364467,135.39
2026-05-20 00:15:00+02:00,130.67042920233578,127.9
2026-05-20 00:30:00+02:00,124.59291135659556,118.67
2026-05-20 00:45:00+02:00,120.81375621045501,112.96
2026-05-20 01:00:00+02:00,124.74610770278997,120.11
2026-05-20 01:15:00+02:00,118.62998073518744,115.7
2026-05-20 01:30:00+02:00,115.58212340802541,113.69
2026-05-20 01:45:00+02:00,115.47712597857122,109.04
2026-05-20 02:00:00+02:00,115.6530788065684,111.37
2026-05-20 02:15:00+02:00,115.15819026542083,109.0
2026-05-20 02:30:00+02:00,114.19701960255803,109.2
2026-05-20 02:45:00+02:00,112.74694190242985,109.44
2026-05-20 03:00:00+02:00,115.15958751444869,111.81
2026-05-20 03:15:00+02:00,113.4222260261603,110.12
2026-05-20 03:30:00+02:00,110.66707277231478,109.73
2026-05-20 03:45:00+02:00,110.59811152903566,108.23
2026-05-20 04:00:00+02:00,109.69030085248825,108.69
2026-05-20 04:15:00+02:00,110.82302585936827,109.13
2026-05-20 04:30:00+02:00,111.32509346549821,111.44
2026-05-20 04:45:00+02:00,113.45033952520757,112.38
2026-05-20 05:00:00+02:00,112.89796320106818,111.67
2026-05-20 05:15:00+02:00,113.8445165721477,115.0
2026-05-20 05:30:00+02:00,115.86385049940671,119.34
2026-05-20 05:45:00+02:00,123.43784434208972,130.19
2026-05-20 06:00:00+02:00,118.34418367719242,127.9
2026-05-20 06:15:00+02:00,130.52631525464312,138.73
2026-05-20 06:30:00+02:00,136.2837262158107,139.3
2026-05-20 06:45:00+02:00,142.53895512237278,134.02
2026-05-20 07:00:00+02:00,148.70303909141677,148.4
2026-05-20 07:15:00+02:00,144.83534684092862,143.33
2026-05-20 07:30:00+02:00,144.53843469391674,132.67
2026-05-20 07:45:00+02:00,134.6955814145995,123.5
2026-05-20 08:00:00+02:00,146.56327968309435,139.14
2026-05-20 08:15:00+02:00,135.86547529731146,132.14
2026-05-20 08:30:00+02:00,137.76325397357644,121.57
2026-05-20 08:45:00+02:00,113.6435333350461,109.2
2026-05-20 09:00:00+02:00,128.706284794271,120.27
2026-05-20 09:15:00+02:00,120.3194987006025,110.67
2026-05-20 09:30:00+02:00,114.6025637815079,107.96
2026-05-20 09:45:00+02:00,109.04269176874752,97.34
2026-05-20 10:00:00+02:00,117.32528101042968,95.27
2026-05-20 10:15:00+02:00,106.38441531253406,92.0
2026-05-20 10:30:00+02:00,106.62908005003806,90.0
2026-05-20 10:45:00+02:00,87.02805150617188,81.53
2026-05-20 11:00:00+02:00,102.38302589590862,88.32
2026-05-20 11:15:00+02:00,97.79006356938702,74.06
2026-05-20 11:30:00+02:00,96.74757879422638,75.74
2026-05-20 11:45:00+02:00,80.51834232252921,63.73
2026-05-20 12:00:00+02:00,85.74514703268014,83.58
2026-05-20 12:15:00+02:00,80.43976277101481,66.14
2026-05-20 12:30:00+02:00,71.7008978572317,59.12
2026-05-20 12:45:00+02:00,63.22094706863008,47.18
2026-05-20 13:00:00+02:00,68.34877548245427,60.01
2026-05-20 13:15:00+02:00,57.72140102466194,48.98
2026-05-20 13:30:00+02:00,64.94345007221668,42.01
2026-05-20 13:45:00+02:00,70.15628819283687,28.99
2026-05-20 14:00:00+02:00,63.70708165533699,27.36
2026-05-20 14:15:00+02:00,72.42251714222755,30.07
2026-05-20 14:30:00+02:00,73.90123488115303,35.95
2026-05-20 14:45:00+02:00,74.89849460232803,40.67
2026-05-20 15:00:00+02:00,76.25234296505728,31.59
2026-05-20 15:15:00+02:00,90.45729936184259,38.78
2026-05-20 15:30:00+02:00,101.61465964077541,48.84
2026-05-20 15:45:00+02:00,105.62674351826627,63.43
2026-05-20 16:00:00+02:00,68.7165126684927,18.01
2026-05-20 16:15:00+02:00,101.27512178358074,60.0
2026-05-20 16:30:00+02:00,108.64165923063366,84.72
2026-05-20 16:45:00+02:00,109.36127804652389,97.31
2026-05-20 17:00:00+02:00,104.49118793936896,72.69
2026-05-20 17:15:00+02:00,103.62482502291617,96.22
2026-05-20 17:30:00+02:00,117.64013151007599,106.91
2026-05-20 17:45:00+02:00,124.1603378494217,121.77
2026-05-20 18:00:00+02:00,111.8648807097364,105.75
2026-05-20 18:15:00+02:00,123.85692473230104,122.0
2026-05-20 18:30:00+02:00,133.7521436459266,140.03
2026-05-20 18:45:00+02:00,138.4244874192844,153.07
2026-05-20 19:00:00+02:00,137.32573715663227,127.2
2026-05-20 19:15:00+02:00,143.3919386311603,144.24
2026-05-20 19:30:00+02:00,150.74512204592543,153.0
2026-05-20 19:45:00+02:00,167.35826117304822,173.83
2026-05-20 20:00:00+02:00,151.64703899053856,151.79
2026-05-20 20:15:00+02:00,156.94598950048834,163.47
2026-05-20 20:30:00+02:00,163.3167209131945,172.76
2026-05-20 20:45:00+02:00,162.72868875783465,183.67
2026-05-20 21:00:00+02:00,160.3438973112649,183.03
2026-05-20 21:15:00+02:00,159.0099664370495,170.74
2026-05-20 21:30:00+02:00,158.30658560738445,160.49
2026-05-20 21:45:00+02:00,143.8348058305276,145.74
2026-05-20 22:00:00+02:00,157.64496789534712,168.31
2026-05-20 22:15:00+02:00,149.58839134168025,152.27
2026-05-20 22:30:00+02:00,143.3134330847547,144.45
2026-05-20 22:45:00+02:00,135.21703359821745,135.05
2026-05-20 23:00:00+02:00,139.84061310726415,145.72
2026-05-20 23:15:00+02:00,130.89868102332744,142.56
2026-05-20 23:30:00+02:00,132.21284619244318,136.64
2026-05-20 23:45:00+02:00,123.70704704161652,131.09
2026-05-21 00:00:00+02:00,141.2903701479303,143.41
2026-05-21 00:15:00+02:00,131.24112172055223,136.51
2026-05-21 00:30:00+02:00,126.60260313185434,129.8
2026-05-21 00:45:00+02:00,122.29677156971741,122.39
2026-05-21 01:00:00+02:00,125.46225472355293,129.13
2026-05-21 01:15:00+02:00,119.87821484667923,123.64
2026-05-21 01:30:00+02:00,118.10565997868741,118.58
2026-05-21 01:45:00+02:00,116.49535494015893,115.29
2026-05-21 02:00:00+02:00,121.96245998249356,117.54
2026-05-21 02:15:00+02:00,118.0694478783931,115.3
2026-05-21 02:30:00+02:00,115.9852057775845,115.29
2026-05-21 02:45:00+02:00,115.36176405173069,115.96
2026-05-21 03:00:00+02:00,116.78855145820759,113.16
2026-05-21 03:15:00+02:00,115.70922233547924,112.94
2026-05-21 03:30:00+02:00,113.54033298826472,113.75
2026-05-21 03:45:00+02:00,114.90726787501713,114.35
2026-05-21 04:00:00+02:00,113.89539131219236,110.35
2026-05-21 04:15:00+02:00,112.83284777177968,113.43
2026-05-21 04:30:00+02:00,114.8897209597381,117.68
2026-05-21 04:45:00+02:00,115.01312266762139,122.58
2026-05-21 05:00:00+02:00,116.21779457290133,120.6
2026-05-21 05:15:00+02:00,113.60164925910803,124.72
2026-05-21 05:30:00+02:00,117.69138237046492,132.6
2026-05-21 05:45:00+02:00,125.59084831439888,135.7
2026-05-21 06:00:00+02:00,124.37014861191382,135.49
2026-05-21 06:15:00+02:00,136.11311156362785,144.64
2026-05-21 06:30:00+02:00,135.50360732997845,145.69
2026-05-21 06:45:00+02:00,130.405389308153,145.44
2026-05-21 07:00:00+02:00,140.9664513408584,155.12
2026-05-21 07:15:00+02:00,130.32945386282216,148.25
2026-05-21 07:30:00+02:00,130.06450309207182,141.26
2026-05-21 07:45:00+02:00,127.78603048074666,129.84
2026-05-21 08:00:00+02:00,137.61031874666187,153.0
2026-05-21 08:15:00+02:00,135.56206387561576,134.38
2026-05-21 08:30:00+02:00,111.82779128557071,124.15
2026-05-21 08:45:00+02:00,105.29073344506203,114.02
2026-05-21 09:00:00+02:00,121.46829418817155,118.59
2026-05-21 09:15:00+02:00,104.3819945815525,103.93
2026-05-21 09:30:00+02:00,92.4850480334856,100.82
2026-05-21 09:45:00+02:00,80.34850491966172,93.22
2026-05-21 10:00:00+02:00,89.97070728316763,98.62
2026-05-21 10:15:00+02:00,76.4847695638905,91.92
2026-05-21 10:30:00+02:00,39.75878837105266,79.01
2026-05-21 10:45:00+02:00,36.218604785910735,55.24
2026-05-21 11:00:00+02:00,47.26899330307306,71.73
2026-05-21 11:15:00+02:00,40.220127209268156,54.02
2026-05-21 11:30:00+02:00,39.2842600252402,30.26
2026-05-21 11:45:00+02:00,29.091644510921974,15.0
2026-05-21 12:00:00+02:00,41.0561756499541,15.0
2026-05-21 12:15:00+02:00,36.7812217731407,11.77
2026-05-21 12:30:00+02:00,31.633468619153376,11.77
2026-05-21 12:45:00+02:00,26.66488849895282,10.01
2026-05-21 13:00:00+02:00,33.97845769004404,10.12
2026-05-21 13:15:00+02:00,24.582567307707627,8.45
2026-05-21 13:30:00+02:00,27.423536306701248,6.26
2026-05-21 13:45:00+02:00,28.22131863420188,4.65
2026-05-21 14:00:00+02:00,27.00953249582665,5.0
2026-05-21 14:15:00+02:00,29.352383586048095,9.1
2026-05-21 14:30:00+02:00,29.798895007082244,9.34
2026-05-21 14:45:00+02:00,26.524257977598737,11.81
2026-05-21 15:00:00+02:00,33.94517519962682,9.1
2026-05-21 15:15:00+02:00,34.56335461923524,20.08
2026-05-21 15:30:00+02:00,49.502798283771156,46.72
2026-05-21 15:45:00+02:00,67.78503177640238,64.9
2026-05-21 16:00:00+02:00,38.90645007805453,27.57
2026-05-21 16:15:00+02:00,67.61530001694202,67.33
2026-05-21 16:30:00+02:00,86.87822246945566,90.66
2026-05-21 16:45:00+02:00,104.03021378488793,101.27
2026-05-21 17:00:00+02:00,75.29255182264751,78.07
2026-05-21 17:15:00+02:00,100.43773921816677,100.0
2026-05-21 17:30:00+02:00,115.24842243100444,110.97
2026-05-21 17:45:00+02:00,126.6096029921728,130.94
2026-05-21 18:00:00+02:00,112.90029244142012,113.13
2026-05-21 18:15:00+02:00,124.58663689379756,130.93
2026-05-21 18:30:00+02:00,135.33753021249237,146.45
2026-05-21 18:45:00+02:00,147.09163052705563,153.04
2026-05-21 19:00:00+02:00,131.47194204275985,141.59
2026-05-21 19:15:00+02:00,144.29589505759913,153.0
2026-05-21 19:30:00+02:00,160.46416576739838,164.02
2026-05-21 19:45:00+02:00,161.99344487949,194.81
2026-05-21 20:00:00+02:00,161.69275865221533,176.01
2026-05-21 20:15:00+02:00,164.6135637910822,194.58
2026-05-21 20:30:00+02:00,182.05806558271394,218.71
2026-05-21 20:45:00+02:00,177.26523820933517,229.48
2026-05-21 21:00:00+02:00,182.26627240863456,216.56
2026-05-21 21:15:00+02:00,161.80751424164865,194.74
2026-05-21 21:30:00+02:00,155.7838066507922,179.72
2026-05-21 21:45:00+02:00,150.9237179407836,162.65
2026-05-21 22:00:00+02:00,160.2975491792084,195.75
2026-05-21 22:15:00+02:00,147.8083603721828,164.27
2026-05-21 22:30:00+02:00,144.91996855355956,155.42
2026-05-21 22:45:00+02:00,141.20344529802293,148.7
2026-05-21 23:00:00+02:00,147.06707616198028,153.65
2026-05-21 23:15:00+02:00,141.23773540169924,149.09
2026-05-21 23:30:00+02:00,135.04164798880566,144.01
2026-05-21 23:45:00+02:00,130.22078238550554,138.82
2026-05-22 00:00:00+02:00,141.90187091521472,152.24
2026-05-22 00:15:00+02:00,138.85450443347295,148.44
2026-05-22 00:30:00+02:00,130.70382853030438,140.67
2026-05-22 00:45:00+02:00,127.96638176799,135.91
2026-05-22 01:00:00+02:00,132.5762482245792,148.44
2026-05-22 01:15:00+02:00,126.24241998052699,135.9
2026-05-22 01:30:00+02:00,124.99852470578557,133.16
2026-05-22 01:45:00+02:00,122.91133456686072,130.1
2026-05-22 02:00:00+02:00,127.07381217331321,132.73
2026-05-22 02:15:00+02:00,124.80063344444093,132.0
2026-05-22 02:30:00+02:00,124.87407756279893,130.8
2026-05-22 02:45:00+02:00,124.54981596136996,131.02
2026-05-22 03:00:00+02:00,125.1976653494126,130.62
2026-05-22 03:15:00+02:00,123.42226112626818,129.86
2026-05-22 03:30:00+02:00,125.15454276822328,127.84
2026-05-22 03:45:00+02:00,127.30407041784534,127.48
2026-05-22 04:00:00+02:00,123.5658935564089,127.55
2026-05-22 04:15:00+02:00,127.66757579565495,129.46
2026-05-22 04:30:00+02:00,130.55228477361976,133.94
2026-05-22 04:45:00+02:00,129.66239916832848,135.04
2026-05-22 05:00:00+02:00,127.35783005424003,129.96
2026-05-22 05:15:00+02:00,130.857720574125,134.97
2026-05-22 05:30:00+02:00,130.83380755523248,137.32
2026-05-22 05:45:00+02:00,124.8516621235259,140.62
2026-05-22 06:00:00+02:00,139.47609564389296,142.56
2026-05-22 06:15:00+02:00,150.4090245211518,147.22
2026-05-22 06:30:00+02:00,146.03888727354774,146.15
2026-05-22 06:45:00+02:00,136.65916438944842,141.49
2026-05-22 07:00:00+02:00,145.1344300280593,156.58
2026-05-22 07:15:00+02:00,131.79905657866487,147.15
2026-05-22 07:30:00+02:00,128.90899239827652,134.01
2026-05-22 07:45:00+02:00,109.89088606625694,114.97
2026-05-22 08:00:00+02:00,130.48650359040985,141.0
2026-05-22 08:15:00+02:00,120.50090581568679,130.24
2026-05-22 08:30:00+02:00,107.78681780511823,118.84
2026-05-22 08:45:00+02:00,100.02980780069375,102.46
2026-05-22 09:00:00+02:00,119.26028864333331,130.97
2026-05-22 09:15:00+02:00,97.09309564015092,100.91
2026-05-22 09:30:00+02:00,68.283758502428,80.97
2026-05-22 09:45:00+02:00,44.581948475104994,54.68
2026-05-22 10:00:00+02:00,57.62239156378901,92.82
2026-05-22 10:15:00+02:00,27.91560939343445,60.99
2026-05-22 10:30:00+02:00,18.066640424846824,14.79
2026-05-22 10:45:00+02:00,13.038676904905913,1.32
2026-05-22 11:00:00+02:00,26.721387757809357,13.75
2026-05-22 11:15:00+02:00,14.464605009864307,1.91
2026-05-22 11:30:00+02:00,12.392234553216422,0.09
2026-05-22 11:45:00+02:00,10.342041031244467,0.01
2026-05-22 12:00:00+02:00,1.0378952377163664,0.01
2026-05-22 12:15:00+02:00,3.711370862838291,0.01
2026-05-22 12:30:00+02:00,6.1132795720942825,0.0
2026-05-22 12:45:00+02:00,-1.848500611528948,0.0
2026-05-22 13:00:00+02:00,1.1737090397535397,0.0
2026-05-22 13:15:00+02:00,2.744988690824856,0.0
2026-05-22 13:30:00+02:00,-4.133475076869573,0.0
2026-05-22 13:45:00+02:00,-3.3681001552946275,0.0
2026-05-22 14:00:00+02:00,-2.736502033338734,0.0
2026-05-22 14:15:00+02:00,-0.1675142169260262,0.0
2026-05-22 14:30:00+02:00,-4.2159914290271585,0.09
2026-05-22 14:45:00+02:00,-0.27558698675805626,3.91
2026-05-22 15:00:00+02:00,-2.1670093129122847,1.21
2026-05-22 15:15:00+02:00,8.634653537645928,9.1
2026-05-22 15:30:00+02:00,24.586856498692946,22.37
2026-05-22 15:45:00+02:00,57.84610415388007,48.54
2026-05-22 16:00:00+02:00,24.442269418853343,15.34
2026-05-22 16:15:00+02:00,56.234690699858206,60.42
2026-05-22 16:30:00+02:00,75.46568022062336,91.71
2026-05-22 16:45:00+02:00,87.17950084255607,113.49
2026-05-22 17:00:00+02:00,68.16155227537215,72.07
2026-05-22 17:15:00+02:00,90.96683094077495,91.01
2026-05-22 17:30:00+02:00,112.48878387650358,113.71
2026-05-22 17:45:00+02:00,135.23773378301513,139.99
2026-05-22 18:00:00+02:00,109.21159176859936,109.17
2026-05-22 18:15:00+02:00,123.12689247651254,131.63
2026-05-22 18:30:00+02:00,139.40539356709647,142.34
2026-05-22 18:45:00+02:00,151.57463893533924,156.66
2026-05-22 19:00:00+02:00,135.49481612792144,130.08
2026-05-22 19:15:00+02:00,137.3075957940716,141.97
2026-05-22 19:30:00+02:00,158.94832354461695,162.64
2026-05-22 19:45:00+02:00,171.63264282454548,210.2
2026-05-22 20:00:00+02:00,159.31616914931016,188.88
2026-05-22 20:15:00+02:00,161.64367616335312,205.93
2026-05-22 20:30:00+02:00,177.12423622317542,231.22
2026-05-22 20:45:00+02:00,173.82517706509117,247.68
2026-05-22 21:00:00+02:00,184.9697627392997,230.63
2026-05-22 21:15:00+02:00,156.54192394479753,207.31
2026-05-22 21:30:00+02:00,146.82039195129343,174.97
2026-05-22 21:45:00+02:00,137.66249207540858,161.74
2026-05-22 22:00:00+02:00,154.27628250245797,181.39
2026-05-22 22:15:00+02:00,142.93883309731362,159.0
2026-05-22 22:30:00+02:00,132.45881501587036,145.61
2026-05-22 22:45:00+02:00,127.12743397048267,132.54
2026-05-22 23:00:00+02:00,137.2487057598457,153.0
2026-05-22 23:15:00+02:00,131.65928497680062,144.01
2026-05-22 23:30:00+02:00,128.64410382133352,135.9
2026-05-22 23:45:00+02:00,124.52364928024005,130.03
2026-05-23 00:00:00+02:00,145.47776802684749,158.13
2026-05-23 00:15:00+02:00,141.1059553717159,141.5
2026-05-23 00:30:00+02:00,130.24988799967147,128.37
2026-05-23 00:45:00+02:00,128.94673372844528,119.04
2026-05-23 01:00:00+02:00,132.86183445021766,136.14
2026-05-23 01:15:00+02:00,126.62554729508024,130.04
2026-05-23 01:30:00+02:00,119.02042752915973,130.88
2026-05-23 01:45:00+02:00,120.24329408783828,122.94
2026-05-23 02:00:00+02:00,121.94595084851456,131.69
2026-05-23 02:15:00+02:00,118.78691863949828,128.23
2026-05-23 02:30:00+02:00,119.93744591551845,121.01
2026-05-23 02:45:00+02:00,118.06348873276849,122.54
2026-05-23 03:00:00+02:00,118.98550946115549,126.48
2026-05-23 03:15:00+02:00,118.03453825672807,126.47
2026-05-23 03:30:00+02:00,119.23462960712409,126.45
2026-05-23 03:45:00+02:00,119.71561884399974,122.07
2026-05-23 04:00:00+02:00,120.33787207519373,121.72
2026-05-23 04:15:00+02:00,122.30625766064433,119.87
2026-05-23 04:30:00+02:00,122.4449409592452,121.44
2026-05-23 04:45:00+02:00,123.66625241466397,123.9
2026-05-23 05:00:00+02:00,116.95383807185867,126.47
2026-05-23 05:15:00+02:00,123.6906073484609,121.6
2026-05-23 05:30:00+02:00,119.64847189235698,117.93
2026-05-23 05:45:00+02:00,121.6117015691853,111.04
2026-05-23 06:00:00+02:00,126.70117269886858,130.3
2026-05-23 06:15:00+02:00,121.08837148748223,121.91
2026-05-23 06:30:00+02:00,117.59815801366682,109.98
2026-05-23 06:45:00+02:00,111.58217170643233,103.28
2026-05-23 07:00:00+02:00,122.9634698239072,131.84
2026-05-23 07:15:00+02:00,108.10675708141426,103.94
2026-05-23 07:30:00+02:00,105.23218083777796,90.86
2026-05-23 07:45:00+02:00,90.93493994405328,61.7
2026-05-23 08:00:00+02:00,114.13584710511927,104.14
2026-05-23 08:15:00+02:00,106.54896557848166,63.43
2026-05-23 08:30:00+02:00,79.25288032007003,24.41
2026-05-23 08:45:00+02:00,32.63173109106151,7.47
2026-05-23 09:00:00+02:00,50.13350438047293,5.4
2026-05-23 09:15:00+02:00,28.004121201847425,1.0
2026-05-23 09:30:00+02:00,7.808910178354097,0.0
2026-05-23 09:45:00+02:00,3.026087009299573,0.0
2026-05-23 10:00:00+02:00,14.666301525116126,-0.01
2026-05-23 10:15:00+02:00,4.778753784004834,-0.02
2026-05-23 10:30:00+02:00,-6.049135010251739,-0.3
2026-05-23 10:45:00+02:00,-8.202937274067015,-1.0
2026-05-23 11:00:00+02:00,-6.689819911983584,-2.02
2026-05-23 11:15:00+02:00,-10.430447106417013,-2.11
2026-05-23 11:30:00+02:00,-10.600424940274024,-5.99
2026-05-23 11:45:00+02:00,-15.690770227308278,-5.48
2026-05-23 12:00:00+02:00,-25.73399335582686,-6.01
2026-05-23 12:15:00+02:00,-47.2287275802764,-10.03
2026-05-23 12:30:00+02:00,-47.1650063910442,-13.54
2026-05-23 12:45:00+02:00,-49.29537587360972,-19.99
2026-05-23 13:00:00+02:00,-59.22736426670151,-25.0
2026-05-23 13:15:00+02:00,-58.38712210869593,-30.0
2026-05-23 13:30:00+02:00,-62.019007704499124,-36.65
2026-05-23 13:45:00+02:00,-73.83967882122414,-35.62
2026-05-23 14:00:00+02:00,-58.73050391713563,-27.03
2026-05-23 14:15:00+02:00,-61.19033829627914,-20.06
2026-05-23 14:30:00+02:00,-62.32134016525042,-13.54
2026-05-23 14:45:00+02:00,-67.14465793660025,-13.05
2026-05-23 15:00:00+02:00,-48.47962065784287,-8.67
2026-05-23 15:15:00+02:00,-27.915400652352744,-3.23
2026-05-23 15:30:00+02:00,-11.723697786203154,-2.1
2026-05-23 15:45:00+02:00,-8.126464003187735,-2.0
2026-05-23 16:00:00+02:00,-11.332276495093375,-1.07
2026-05-23 16:15:00+02:00,1.5338962548772912,-0.09
2026-05-23 16:30:00+02:00,4.596543467898002,0.0
2026-05-23 16:45:00+02:00,2.2177784484781142,0.01
2026-05-23 17:00:00+02:00,12.833753309457137,0.1
2026-05-23 17:15:00+02:00,38.06035615014761,3.8
2026-05-23 17:30:00+02:00,79.21889218307942,55.51
2026-05-23 17:45:00+02:00,128.59681845767867,118.38
2026-05-23 18:00:00+02:00,86.28622711200947,82.37
2026-05-23 18:15:00+02:00,108.75896252517333,113.59
2026-05-23 18:30:00+02:00,128.85031834149643,133.0
2026-05-23 18:45:00+02:00,145.6183918300448,154.09
2026-05-23 19:00:00+02:00,111.42864590707629,125.87
2026-05-23 19:15:00+02:00,127.0176763090559,140.19
2026-05-23 19:30:00+02:00,149.2864532571716,154.83
2026-05-23 19:45:00+02:00,173.28088269039728,177.74
2026-05-23 20:00:00+02:00,166.3559565198075,157.5
2026-05-23 20:15:00+02:00,166.23638419817988,165.59
2026-05-23 20:30:00+02:00,177.83680297682912,184.68
2026-05-23 20:45:00+02:00,175.4239429198663,190.31
2026-05-23 21:00:00+02:00,178.77100607371565,180.88
2026-05-23 21:15:00+02:00,154.61136843472696,173.03
2026-05-23 21:30:00+02:00,147.721456675783,167.9
2026-05-23 21:45:00+02:00,138.63132935732614,162.45
2026-05-23 22:00:00+02:00,162.3265185789644,181.05
2026-05-23 22:15:00+02:00,138.11584489237407,158.92
2026-05-23 22:30:00+02:00,130.66452927358802,148.92
2026-05-23 22:45:00+02:00,122.62343888824365,138.77
2026-05-23 23:00:00+02:00,130.57471293207192,153.6
2026-05-23 23:15:00+02:00,129.42422020401867,148.8
2026-05-23 23:30:00+02:00,122.9631528582978,139.27
2026-05-23 23:45:00+02:00,115.27298941969254,136.94
2026-05-24 00:00:00+02:00,147.22601774244717,153.0
2026-05-24 00:15:00+02:00,140.31386500380898,150.07
2026-05-24 00:30:00+02:00,132.11202152876518,136.77
2026-05-24 00:45:00+02:00,128.1755625848893,135.37
2026-05-24 01:00:00+02:00,135.82562364286366,137.14
2026-05-24 01:15:00+02:00,130.72492405190079,136.38
2026-05-24 01:30:00+02:00,125.70333196592982,131.2
2026-05-24 01:45:00+02:00,118.01965909575459,128.79
2026-05-24 02:00:00+02:00,129.74975184424864,142.49
2026-05-24 02:15:00+02:00,121.40039568655085,139.03
2026-05-24 02:30:00+02:00,120.52954130895391,135.29
2026-05-24 02:45:00+02:00,117.79174733439098,130.73
2026-05-24 03:00:00+02:00,120.48389640509109,126.41
2026-05-24 03:15:00+02:00,120.23931697234481,125.79
2026-05-24 03:30:00+02:00,119.54101118436367,125.47
2026-05-24 03:45:00+02:00,120.70001255209466,124.09
2026-05-24 04:00:00+02:00,116.9680976427185,121.3
2026-05-24 04:15:00+02:00,117.77191648099446,121.15
2026-05-24 04:30:00+02:00,120.69475695416432,125.0
2026-05-24 04:45:00+02:00,127.29877034580711,124.11
2026-05-24 05:00:00+02:00,124.4356782461193,124.69
2026-05-24 05:15:00+02:00,124.37200498895567,120.33
2026-05-24 05:30:00+02:00,121.3186222878891,115.47
2026-05-24 05:45:00+02:00,114.56174680772975,110.4
2026-05-24 06:00:00+02:00,127.7712869317672,119.52
2026-05-24 06:15:00+02:00,124.35734212564246,113.0
2026-05-24 06:30:00+02:00,117.33370669301996,103.89
2026-05-24 06:45:00+02:00,112.8661147966401,98.77
2026-05-24 07:00:00+02:00,132.53370931111098,123.75
2026-05-24 07:15:00+02:00,112.78294671732068,97.76
2026-05-24 07:30:00+02:00,109.1905054146232,84.7
2026-05-24 07:45:00+02:00,83.00055548116805,47.64
2026-05-24 08:00:00+02:00,120.55880551552214,57.02
2026-05-24 08:15:00+02:00,98.45632937860516,7.96
2026-05-24 08:30:00+02:00,74.08637488713234,0.49
2026-05-24 08:45:00+02:00,57.310200457793464,0.0
2026-05-24 09:00:00+02:00,87.8401038908353,0.01
2026-05-24 09:15:00+02:00,47.3118444123126,0.0
2026-05-24 09:30:00+02:00,34.4683873555465,-0.01
2026-05-24 09:45:00+02:00,31.86272757801899,-0.11
2026-05-24 10:00:00+02:00,36.292865138034045,-0.11
2026-05-24 10:15:00+02:00,33.98428082148714,-0.9
2026-05-24 10:30:00+02:00,10.548667270870652,-3.0
2026-05-24 10:45:00+02:00,-3.4095016446682465,-6.0
2026-05-24 11:00:00+02:00,-1.2187668359827981,-6.0
2026-05-24 11:15:00+02:00,-13.182964239752188,-11.3
2026-05-24 11:30:00+02:00,-15.456158116425836,-14.4
2026-05-24 11:45:00+02:00,-22.24574891283219,-23.63
2026-05-24 12:00:00+02:00,-25.196998463544034,-19.6
2026-05-24 12:15:00+02:00,-26.993242157612112,-29.99
2026-05-24 12:30:00+02:00,-23.87967161544985,-42.07
2026-05-24 12:45:00+02:00,-30.41982261792264,-58.79
2026-05-24 13:00:00+02:00,-36.186981310652854,-60.03
2026-05-24 13:15:00+02:00,-47.51004990598168,-72.01
2026-05-24 13:30:00+02:00,-57.52609618229245,-85.0
2026-05-24 13:45:00+02:00,-44.94136631887687,-86.71
2026-05-24 14:00:00+02:00,-48.98196154683397,-77.91
2026-05-24 14:15:00+02:00,-40.97781639584547,-70.01
2026-05-24 14:30:00+02:00,-27.11247199908292,-59.0
2026-05-24 14:45:00+02:00,-19.977623133481742,-40.09
2026-05-24 15:00:00+02:00,-18.298960120812623,-46.33
2026-05-24 15:15:00+02:00,-4.847838959791442,-27.27
2026-05-24 15:30:00+02:00,-7.412891861205466,-14.37
2026-05-24 15:45:00+02:00,-10.163815525311485,-6.0
2026-05-24 16:00:00+02:00,-11.145220226250025,-6.0
2026-05-24 16:15:00+02:00,-5.186612462068723,-1.52
2026-05-24 16:30:00+02:00,-1.7458353136265998,-0.27
2026-05-24 16:45:00+02:00,0.13720876431378315,-0.04
2026-05-24 17:00:00+02:00,7.191183222670887,-0.01
2026-05-24 17:15:00+02:00,19.206537740998286,0.0
2026-05-24 17:30:00+02:00,63.37624137375905,1.96
2026-05-24 17:45:00+02:00,120.04577082707954,55.55
2026-05-24 18:00:00+02:00,85.06391021500208,22.69
2026-05-24 18:15:00+02:00,113.74954040932731,89.78
2026-05-24 18:30:00+02:00,120.45771662781544,130.46
2026-05-24 18:45:00+02:00,130.97727420138912,142.58
2026-05-24 19:00:00+02:00,115.23187257578073,120.26
2026-05-24 19:15:00+02:00,127.92749410826768,126.09
2026-05-24 19:30:00+02:00,143.18288934434312,134.39
2026-05-24 19:45:00+02:00,173.56322981188023,152.13
2026-05-24 20:00:00+02:00,154.74546213612788,133.12
2026-05-24 20:15:00+02:00,161.76128859707933,147.84
2026-05-24 20:30:00+02:00,162.21464138224684,159.96
2026-05-24 20:45:00+02:00,162.69564309726107,163.15
2026-05-24 21:00:00+02:00,177.48556118506255,161.01
2026-05-24 21:15:00+02:00,158.31300797463408,159.13
2026-05-24 21:30:00+02:00,153.169465512632,151.62
2026-05-24 21:45:00+02:00,141.92079934456362,141.15
2026-05-24 22:00:00+02:00,161.9099611169041,157.72
2026-05-24 22:15:00+02:00,142.55072027408897,149.99
2026-05-24 22:30:00+02:00,141.59135330502883,139.38
2026-05-24 22:45:00+02:00,130.88632166148213,130.59
2026-05-24 23:00:00+02:00,139.84084592690724,138.39
2026-05-24 23:15:00+02:00,138.6670022946475,132.96
2026-05-24 23:30:00+02:00,132.89625349985,129.7
2026-05-24 23:45:00+02:00,127.89567441343013,127.35
2026-05-25 00:00:00+02:00,141.99558172099776,136.13
2026-05-25 00:15:00+02:00,131.04290005840195,130.02
2026-05-25 00:30:00+02:00,126.59788290015477,131.76
2026-05-25 00:45:00+02:00,124.62732874088827,125.56
2026-05-25 01:00:00+02:00,127.89821427017642,131.17
2026-05-25 01:15:00+02:00,125.16919747762573,125.52
2026-05-25 01:30:00+02:00,123.83180498813827,123.01
2026-05-25 01:45:00+02:00,118.92706041710768,124.23
2026-05-25 02:00:00+02:00,125.46047579981939,125.68
2026-05-25 02:15:00+02:00,122.37263519380048,125.58
2026-05-25 02:30:00+02:00,122.32765578431231,125.0
2026-05-25 02:45:00+02:00,119.68240665057988,124.7
2026-05-25 03:00:00+02:00,120.71793204990848,120.93
2026-05-25 03:15:00+02:00,119.52255468397999,123.96
2026-05-25 03:30:00+02:00,119.16349701428527,127.15
2026-05-25 03:45:00+02:00,118.34486786221457,132.01
2026-05-25 04:00:00+02:00,117.26364331336887,124.79
2026-05-25 04:15:00+02:00,118.65277774409827,128.98
2026-05-25 04:30:00+02:00,120.12477263075613,129.17
2026-05-25 04:45:00+02:00,125.93778447819969,134.31
2026-05-25 05:00:00+02:00,117.14060135101684,128.55
2026-05-25 05:15:00+02:00,123.28218281486039,130.71
2026-05-25 05:30:00+02:00,122.70043954837197,133.76
2026-05-25 05:45:00+02:00,125.6264115038971,134.96
2026-05-25 06:00:00+02:00,131.14454475208717,137.89
2026-05-25 06:15:00+02:00,132.53224822904363,134.96
2026-05-25 06:30:00+02:00,131.59671688317746,129.13
2026-05-25 06:45:00+02:00,127.14681054676194,118.8
2026-05-25 07:00:00+02:00,136.64852762087116,138.41
2026-05-25 07:15:00+02:00,131.76381617175736,126.44
2026-05-25 07:30:00+02:00,121.329645689822,114.0
2026-05-25 07:45:00+02:00,103.40669636458642,92.66
2026-05-25 08:00:00+02:00,126.94245649805843,134.96
2026-05-25 08:15:00+02:00,119.08409866099949,103.51
2026-05-25 08:30:00+02:00,82.01387751208654,65.57
2026-05-25 08:45:00+02:00,69.14270076201375,6.68
2026-05-25 09:00:00+02:00,113.02199677790036,16.73
2026-05-25 09:15:00+02:00,85.4550804501963,3.08
2026-05-25 09:30:00+02:00,60.651854476630554,0.19
2026-05-25 09:45:00+02:00,27.584729512706133,0.0
2026-05-25 10:00:00+02:00,48.06877483315468,0.0
2026-05-25 10:15:00+02:00,38.84182848210513,-0.02
2026-05-25 10:30:00+02:00,17.142632163649814,-0.07
2026-05-25 10:45:00+02:00,-7.524086752105589,-0.58
2026-05-25 11:00:00+02:00,-7.899455569777778,-2.01
2026-05-25 11:15:00+02:00,-16.655322622274124,-3.04
2026-05-25 11:30:00+02:00,-21.143266165633815,-6.01
2026-05-25 11:45:00+02:00,-28.57031322199652,-9.99
2026-05-25 12:00:00+02:00,-23.84723892119203,-10.67
2026-05-25 12:15:00+02:00,-53.88162793091773,-11.33
2026-05-25 12:30:00+02:00,-50.42611529174643,-13.06
2026-05-25 12:45:00+02:00,-77.96857468499017,-15.79
2026-05-25 13:00:00+02:00,-69.78789604763844,-22.07
2026-05-25 13:15:00+02:00,-82.2203981907671,-27.45
2026-05-25 13:30:00+02:00,-96.21101757864209,-32.66
2026-05-25 13:45:00+02:00,-119.7125657131099,-35.0
2026-05-25 14:00:00+02:00,-114.79650209521714,-32.36
2026-05-25 14:15:00+02:00,-93.12820582939304,-30.0
2026-05-25 14:30:00+02:00,-114.46295670916516,-25.01
2026-05-25 14:45:00+02:00,-110.16825598332332,-21.36
2026-05-25 15:00:00+02:00,-96.38785069935466,-17.13
2026-05-25 15:15:00+02:00,-70.56571105939213,-10.77
2026-05-25 15:30:00+02:00,-37.07871816250506,-7.3
2026-05-25 15:45:00+02:00,-24.310697902064874,-5.0
2026-05-25 16:00:00+02:00,-11.903091317992459,-3.67
2026-05-25 16:15:00+02:00,2.4247646804962173,-2.94
2026-05-25 16:30:00+02:00,15.10122754930103,-4.95
2026-05-25 16:45:00+02:00,34.580434057614966,-0.1
2026-05-25 17:00:00+02:00,18.105829689754238,0.0
2026-05-25 17:15:00+02:00,23.008835416834543,1.34
2026-05-25 17:30:00+02:00,50.77217144047316,17.15
2026-05-25 17:45:00+02:00,114.18434879538121,109.31
2026-05-25 18:00:00+02:00,71.63587252876209,70.98
2026-05-25 18:15:00+02:00,102.98015992310484,105.58
2026-05-25 18:30:00+02:00,133.6341644127375,140.97
2026-05-25 18:45:00+02:00,155.36520695537797,157.76
2026-05-25 19:00:00+02:00,122.35122723417385,128.55
2026-05-25 19:15:00+02:00,135.18019312258767,142.68
2026-05-25 19:30:00+02:00,150.76647597808346,151.97
2026-05-25 19:45:00+02:00,202.03522973923114,179.1
2026-05-25 20:00:00+02:00,172.33990635985143,154.32
2026-05-25 20:15:00+02:00,181.57410937786594,168.56
2026-05-25 20:30:00+02:00,221.30307328180163,180.76
2026-05-25 20:45:00+02:00,195.50627369496897,185.1
2026-05-25 21:00:00+02:00,185.09266557415836,185.13
2026-05-25 21:15:00+02:00,168.0998167548905,176.68
2026-05-25 21:30:00+02:00,158.30402142326355,164.59
2026-05-25 21:45:00+02:00,150.02321229380593,154.6
2026-05-25 22:00:00+02:00,170.5907072455652,178.47
2026-05-25 22:15:00+02:00,150.4801849166112,161.73
2026-05-25 22:30:00+02:00,142.96507204294966,148.28
2026-05-25 22:45:00+02:00,131.81040886948068,140.85
2026-05-25 23:00:00+02:00,143.45237319522084,149.1
2026-05-25 23:15:00+02:00,136.2658749717235,142.5
2026-05-25 23:30:00+02:00,131.6241820150412,140.99
2026-05-25 23:45:00+02:00,127.08244473483404,131.51
2026-05-26 00:00:00+02:00,137.36751074213578,152.99
2026-05-26 00:15:00+02:00,131.89894530964946,140.11
2026-05-26 00:30:00+02:00,129.1986542949009,130.16
2026-05-26 00:45:00+02:00,125.3420291669789,122.18
2026-05-26 01:00:00+02:00,132.70385858500225,134.23
2026-05-26 01:15:00+02:00,127.12197793444774,126.6
2026-05-26 01:30:00+02:00,119.42523954727824,122.83
2026-05-26 01:45:00+02:00,122.79429022324109,118.93
2026-05-26 02:00:00+02:00,124.86731279780875,124.03
2026-05-26 02:15:00+02:00,120.51436253071176,121.08
2026-05-26 02:30:00+02:00,121.67236225044962,120.14
2026-05-26 02:45:00+02:00,121.59526794361315,117.33
2026-05-26 03:00:00+02:00,121.29638774107096,122.82
2026-05-26 03:15:00+02:00,119.14489740965047,121.05
2026-05-26 03:30:00+02:00,124.11948017730073,120.99
2026-05-26 03:45:00+02:00,125.28108287287961,119.86
2026-05-26 04:00:00+02:00,121.055139162833,117.53
2026-05-26 04:15:00+02:00,123.5921533655785,117.84
2026-05-26 04:30:00+02:00,125.33277435536027,120.04
2026-05-26 04:45:00+02:00,124.19715589265235,122.71
2026-05-26 05:00:00+02:00,126.8281530997915,122.11
2026-05-26 05:15:00+02:00,125.99335501040542,124.83
2026-05-26 05:30:00+02:00,129.33413136257386,131.01
2026-05-26 05:45:00+02:00,137.35999005385506,137.69
2026-05-26 06:00:00+02:00,134.27676310270996,138.73
2026-05-26 06:15:00+02:00,141.8608439861,146.91
2026-05-26 06:30:00+02:00,152.0482661650389,143.59
2026-05-26 06:45:00+02:00,143.27620710916523,143.19
2026-05-26 07:00:00+02:00,150.53000400035762,161.79
2026-05-26 07:15:00+02:00,139.2252486700277,145.25
2026-05-26 07:30:00+02:00,131.09348879681338,139.8
2026-05-26 07:45:00+02:00,108.56752670701736,119.32
2026-05-26 08:00:00+02:00,144.54935372953648,159.3
2026-05-26 08:15:00+02:00,129.5600240428925,130.33
2026-05-26 08:30:00+02:00,111.83139386328233,108.86
2026-05-26 08:45:00+02:00,72.20057182723578,89.69
2026-05-26 09:00:00+02:00,120.23464896543145,137.05
2026-05-26 09:15:00+02:00,83.25033307641853,92.61
2026-05-26 09:30:00+02:00,48.50005474510688,70.01
2026-05-26 09:45:00+02:00,10.403265889009262,15.53
2026-05-26 10:00:00+02:00,15.585681120078746,22.24
2026-05-26 10:15:00+02:00,20.29575884495491,3.8
2026-05-26 10:30:00+02:00,8.843100187802484,0.06
2026-05-26 10:45:00+02:00,3.1610625719553234,-0.02
2026-05-26 11:00:00+02:00,10.361130240517273,0.0
2026-05-26 11:15:00+02:00,2.504211372174467,0.0
2026-05-26 11:30:00+02:00,0.11153978950806653,-0.01
2026-05-26 11:45:00+02:00,-4.581704309579587,-0.02
2026-05-26 12:00:00+02:00,-10.101336879701273,-0.58
2026-05-26 12:15:00+02:00,-7.741277072206029,-1.19
2026-05-26 12:30:00+02:00,-11.46595400647744,-2.07
2026-05-26 12:45:00+02:00,-18.538025400070037,-3.46
2026-05-26 13:00:00+02:00,-13.38423592232388,-2.01
2026-05-26 13:15:00+02:00,-21.903117941880677,-2.02
2026-05-26 13:30:00+02:00,-19.079878993144266,-2.97
2026-05-26 13:45:00+02:00,-21.333497126503516,-3.0
2026-05-26 14:00:00+02:00,-22.710335896266617,-1.26
2026-05-26 14:15:00+02:00,-20.071490924237768,-1.01
2026-05-26 14:30:00+02:00,-22.56761348720273,-0.94
2026-05-26 14:45:00+02:00,-15.636807045767554,-0.13
2026-05-26 15:00:00+02:00,-16.765758425053544,-0.04
2026-05-26 15:15:00+02:00,-8.034130126439958,-0.01
2026-05-26 15:30:00+02:00,-3.0010141484939297,-0.01
2026-05-26 15:45:00+02:00,-2.292007787453187,0.0
2026-05-26 16:00:00+02:00,-4.3694511982936,-0.01
2026-05-26 16:15:00+02:00,-7.4210207552892555,0.96
2026-05-26 16:30:00+02:00,-4.2944274148217545,5.79
2026-05-26 16:45:00+02:00,32.35774280001921,45.72
2026-05-26 17:00:00+02:00,10.959696475537491,9.1
2026-05-26 17:15:00+02:00,35.26074702082914,83.86
2026-05-26 17:30:00+02:00,66.67682717087519,126.47
2026-05-26 17:45:00+02:00,115.4883586186709,139.31
2026-05-26 18:00:00+02:00,79.64919646122168,92.62
2026-05-26 18:15:00+02:00,110.10750495884021,122.96
2026-05-26 18:30:00+02:00,132.80294154835306,146.0
2026-05-26 18:45:00+02:00,152.0755723985792,177.57
2026-05-26 19:00:00+02:00,128.28052569576144,127.97
2026-05-26 19:15:00+02:00,140.43947998009764,152.99
2026-05-26 19:30:00+02:00,154.7020233157569,187.28
2026-05-26 19:45:00+02:00,206.02250549177953,272.17
2026-05-26 20:00:00+02:00,175.5483154063407,199.18
2026-05-26 20:15:00+02:00,188.47801685306058,226.87
2026-05-26 20:30:00+02:00,170.02246148859933,230.09
2026-05-26 20:45:00+02:00,159.15404406178982,215.65
2026-05-26 21:00:00+02:00,184.21001650136864,223.62
2026-05-26 21:15:00+02:00,161.80076586732898,189.04
2026-05-26 21:30:00+02:00,152.2523609068246,173.64
2026-05-26 21:45:00+02:00,134.7822892842055,152.84
2026-05-26 22:00:00+02:00,154.35501964029686,181.15
2026-05-26 22:15:00+02:00,140.29327408745186,154.19
2026-05-26 22:30:00+02:00,133.42333317268378,147.6
2026-05-26 22:45:00+02:00,126.81578112012879,132.16
2026-05-26 23:00:00+02:00,131.88542999280136,141.88
2026-05-26 23:15:00+02:00,123.74010044978131,137.06
2026-05-26 23:30:00+02:00,116.86348656250446,128.48
2026-05-26 23:45:00+02:00,116.31709719575127,114.71
2026-05-27 00:00:00+02:00,138.39167652329172,140.12
2026-05-27 00:15:00+02:00,134.40324586733135,135.31
2026-05-27 00:30:00+02:00,124.92513685578703,133.53
2026-05-27 00:45:00+02:00,120.3574318795743,130.19
2026-05-27 01:00:00+02:00,122.70163935782199,133.49
2026-05-27 01:15:00+02:00,122.09844858337553,128.1
2026-05-27 01:30:00+02:00,116.62757173354987,126.88
2026-05-27 01:45:00+02:00,114.55239605201184,121.6
2026-05-27 02:00:00+02:00,118.57654960898716,122.66
2026-05-27 02:15:00+02:00,116.29989391573767,121.04
2026-05-27 02:30:00+02:00,114.10112358847219,120.07
2026-05-27 02:45:00+02:00,112.30453774212555,118.4
2026-05-27 03:00:00+02:00,112.8597346064386,119.29
2026-05-27 03:15:00+02:00,110.72872423052205,118.85
2026-05-27 03:30:00+02:00,111.49835715504366,118.88
2026-05-27 03:45:00+02:00,111.29000893992553,118.46
2026-05-27 04:00:00+02:00,107.64261239958483,116.35
2026-05-27 04:15:00+02:00,110.63265552483753,118.94
2026-05-27 04:30:00+02:00,112.10838816460841,119.54
2026-05-27 04:45:00+02:00,112.22658540638251,121.36
2026-05-27 05:00:00+02:00,111.72555446005025,115.67
2026-05-27 05:15:00+02:00,111.21138084119634,117.02
2026-05-27 05:30:00+02:00,113.20894351172129,123.3
2026-05-27 05:45:00+02:00,123.21710899049789,128.95
2026-05-27 06:00:00+02:00,122.9481032290821,129.59
2026-05-27 06:15:00+02:00,129.39621029447724,138.1
2026-05-27 06:30:00+02:00,129.70958585459564,137.54
2026-05-27 06:45:00+02:00,124.19603362261161,131.57
2026-05-27 07:00:00+02:00,138.30507994143565,147.7
2026-05-27 07:15:00+02:00,125.85597868267605,138.96
2026-05-27 07:30:00+02:00,123.1855594379398,126.03
2026-05-27 07:45:00+02:00,106.80949316456528,111.71
2026-05-27 08:00:00+02:00,131.96777533425177,142.81
2026-05-27 08:15:00+02:00,121.43362524500603,114.69
2026-05-27 08:30:00+02:00,108.52033021578688,98.32
2026-05-27 08:45:00+02:00,65.69016764424009,69.99
2026-05-27 09:00:00+02:00,119.01764185109052,104.0
2026-05-27 09:15:00+02:00,78.35531473070539,67.98
2026-05-27 09:30:00+02:00,39.50472718960993,17.27
2026-05-27 09:45:00+02:00,16.112386784586676,3.69
2026-05-27 10:00:00+02:00,23.897806302809556,11.0
2026-05-27 10:15:00+02:00,15.167923073132727,2.65
2026-05-27 10:30:00+02:00,4.80860774188946,0.07
2026-05-27 10:45:00+02:00,-0.5634619732601109,-0.02
2026-05-27 11:00:00+02:00,2.849182214455741,0.0
2026-05-27 11:15:00+02:00,-1.5464936655859862,-0.03
2026-05-27 11:30:00+02:00,-6.5086689630225685,-0.28
2026-05-27 11:45:00+02:00,-11.022695620478231,-0.77
2026-05-27 12:00:00+02:00,-9.759775684763728,-0.78
2026-05-27 12:15:00+02:00,-9.414256663943398,-1.0
2026-05-27 12:30:00+02:00,-10.869436458189094,-1.21
2026-05-27 12:45:00+02:00,-19.220464347568537,-1.21
2026-05-27 13:00:00+02:00,-20.49525244076755,-1.17
2026-05-27 13:15:00+02:00,-21.824086642741914,-1.37
2026-05-27 13:30:00+02:00,-26.78183803056814,-2.0
2026-05-27 13:45:00+02:00,-36.20121404361563,-2.0
2026-05-27 14:00:00+02:00,-26.096109560387085,-1.91
2026-05-27 14:15:00+02:00,-22.035512150267348,-1.28
2026-05-27 14:30:00+02:00,-21.13387027887138,-1.62
2026-05-27 14:45:00+02:00,-4.8281525455870025,-1.77
2026-05-27 15:00:00+02:00,-20.787286475967807,-1.8
2026-05-27 15:15:00+02:00,-12.292360342209285,-2.02
2026-05-27 15:30:00+02:00,-3.827835634248654,-1.9
2026-05-27 15:45:00+02:00,-1.963375151539875,-1.09
2026-05-27 16:00:00+02:00,-6.8764129480220895,-1.88
2026-05-27 16:15:00+02:00,-2.7546224595100313,-0.09
2026-05-27 16:30:00+02:00,-6.938256616341235,-0.01
2026-05-27 16:45:00+02:00,-0.23641305421746495,0.29
2026-05-27 17:00:00+02:00,-2.5057201588506075,2.0
2026-05-27 17:15:00+02:00,14.270321775405563,5.0
2026-05-27 17:30:00+02:00,53.511687962611994,39.17
2026-05-27 17:45:00+02:00,97.60295633642626,82.66
2026-05-27 18:00:00+02:00,65.0466400562553,38.62
2026-05-27 18:15:00+02:00,105.89919629447624,88.05
2026-05-27 18:30:00+02:00,127.76598922150012,121.37
2026-05-27 18:45:00+02:00,138.18461021034472,143.35
2026-05-27 19:00:00+02:00,121.08438949615638,113.08
2026-05-27 19:15:00+02:00,135.13951482541154,134.51
2026-05-27 19:30:00+02:00,131.2582232761389,145.49
2026-05-27 19:45:00+02:00,151.54647950262213,152.99
2026-05-27 20:00:00+02:00,137.72677618235315,140.99
2026-05-27 20:15:00+02:00,149.53976990477062,149.55
2026-05-27 20:30:00+02:00,154.83755404436042,164.87
2026-05-27 20:45:00+02:00,176.64093732989807,171.3
2026-05-27 21:00:00+02:00,162.69489053377438,168.96
2026-05-27 21:15:00+02:00,158.90022382339103,161.88
2026-05-27 21:30:00+02:00,145.98962442130656,154.84
2026-05-27 21:45:00+02:00,123.46087498013142,144.44
2026-05-27 22:00:00+02:00,147.32641271439513,154.4
2026-05-27 22:15:00+02:00,127.94858057177825,145.69
2026-05-27 22:30:00+02:00,119.6933627238754,141.3
2026-05-27 22:45:00+02:00,115.18409265851544,135.25
2026-05-27 23:00:00+02:00,122.23748782283178,140.32
2026-05-27 23:15:00+02:00,114.9774131861757,134.31
2026-05-27 23:30:00+02:00,111.58409294493484,130.27
2026-05-27 23:45:00+02:00,108.86544971360959,128.92
2026-05-28 00:00:00+02:00,141.78866433640331,138.6
2026-05-28 00:15:00+02:00,131.7453452422442,132.54
2026-05-28 00:30:00+02:00,129.51171414164335,130.61
2026-05-28 00:45:00+02:00,124.20363070537502,130.03
2026-05-28 01:00:00+02:00,129.1817191824677,136.0
2026-05-28 01:15:00+02:00,126.39297902331714,128.58
2026-05-28 01:30:00+02:00,125.12095129347107,127.85
2026-05-28 01:45:00+02:00,124.44141800010865,125.72
2026-05-28 02:00:00+02:00,126.4087912056207,128.08
2026-05-28 02:15:00+02:00,126.65213244544623,125.79
2026-05-28 02:30:00+02:00,125.66379478382889,127.78
2026-05-28 02:45:00+02:00,124.82565234680136,127.3
2026-05-28 03:00:00+02:00,123.95088180612701,127.04
2026-05-28 03:15:00+02:00,124.11186658965394,127.27
2026-05-28 03:30:00+02:00,125.42554681187997,127.6
2026-05-28 03:45:00+02:00,127.91040321297653,127.54
2026-05-28 04:00:00+02:00,123.09386972301687,126.09
2026-05-28 04:15:00+02:00,126.554156725345,127.96
2026-05-28 04:30:00+02:00,128.03560902925437,130.81
2026-05-28 04:45:00+02:00,132.63559806782658,135.5
2026-05-28 05:00:00+02:00,126.84226912965978,131.16
2026-05-28 05:15:00+02:00,129.11107188364105,134.81
2026-05-28 05:30:00+02:00,136.46546329424734,138.47
2026-05-28 05:45:00+02:00,141.84982417007495,137.57
2026-05-28 06:00:00+02:00,136.99178642375887,146.72
2026-05-28 06:15:00+02:00,147.87366677511812,152.08
2026-05-28 06:30:00+02:00,144.7689044366752,148.81
2026-05-28 06:45:00+02:00,143.87405489391267,146.2
2026-05-28 07:00:00+02:00,164.75331652782023,152.69
2026-05-28 07:15:00+02:00,145.17152538395507,145.41
2026-05-28 07:30:00+02:00,134.72296683509526,136.7
2026-05-28 07:45:00+02:00,115.20661460275947,117.82
2026-05-28 08:00:00+02:00,144.18352992434072,143.89
2026-05-28 08:15:00+02:00,128.94540194561827,131.71
2026-05-28 08:30:00+02:00,109.78479955716935,120.74
2026-05-28 08:45:00+02:00,79.50399888690708,97.27
2026-05-28 09:00:00+02:00,129.1014971900804,123.88
2026-05-28 09:15:00+02:00,87.75901075567492,94.45
2026-05-28 09:30:00+02:00,63.388874504224795,77.76
2026-05-28 09:45:00+02:00,15.488398345267726,54.08
2026-05-28 10:00:00+02:00,44.01536175215171,51.39
2026-05-28 10:15:00+02:00,2.5221594815971287,17.01
2026-05-28 10:30:00+02:00,-2.261668760254828,6.32
2026-05-28 10:45:00+02:00,0.6503918140275182,2.51
2026-05-28 11:00:00+02:00,-2.6314354922984435,1.56
2026-05-28 11:15:00+02:00,-3.4969594523904295,0.7
2026-05-28 11:30:00+02:00,-2.068348371796084,0.01
2026-05-28 11:45:00+02:00,-2.503706638468513,0.0
2026-05-28 12:00:00+02:00,-4.257023137934164,0.03
2026-05-28 12:15:00+02:00,-5.459346196001477,0.0
2026-05-28 12:30:00+02:00,-5.313723938432192,-0.01
2026-05-28 12:45:00+02:00,-2.3628358843845585,-0.01
2026-05-28 13:00:00+02:00,-5.012520187142655,0.0
2026-05-28 13:15:00+02:00,-2.754670014328452,-0.01
2026-05-28 13:30:00+02:00,-5.020663512727612,-0.01
2026-05-28 13:45:00+02:00,-4.809626286272666,-0.03
2026-05-28 14:00:00+02:00,-3.597217939436197,-0.02
2026-05-28 14:15:00+02:00,-4.52271906796233,0.0
2026-05-28 14:30:00+02:00,-4.390565698246618,0.0
2026-05-28 14:45:00+02:00,-1.0643539636247565,0.02
2026-05-28 15:00:00+02:00,-2.4799820726983546,0.0
2026-05-28 15:15:00+02:00,0.09477027687578765,0.01
2026-05-28 15:30:00+02:00,-1.8878662783745455,0.84
2026-05-28 15:45:00+02:00,-2.5615762324762983,4.34
2026-05-28 16:00:00+02:00,-4.2813644939833,2.84
2026-05-28 16:15:00+02:00,-1.3473447203626776,10.0
2026-05-28 16:30:00+02:00,10.71198044027777,52.31
2026-05-28 16:45:00+02:00,19.760987235618572,93.43
2026-05-28 17:00:00+02:00,2.895329985530097,65.43
2026-05-28 17:15:00+02:00,66.77742655728386,92.56
2026-05-28 17:30:00+02:00,105.16016937256366,111.01
2026-05-28 17:45:00+02:00,124.86441744261916,136.03
2026-05-28 18:00:00+02:00,82.70013552792874,110.33
2026-05-28 18:15:00+02:00,118.48487173880568,130.09
2026-05-28 18:30:00+02:00,151.66482139735356,147.28
2026-05-28 18:45:00+02:00,166.1143739673542,165.3
2026-05-28 19:00:00+02:00,130.83331859063256,154.47
2026-05-28 19:15:00+02:00,156.18316960624807,170.65
2026-05-28 19:30:00+02:00,182.1886143416993,204.46
2026-05-28 19:45:00+02:00,226.100031699992,340.83
2026-05-28 20:00:00+02:00,200.77032101536668,266.94
2026-05-28 20:15:00+02:00,220.16465789853945,373.45
2026-05-28 20:30:00+02:00,215.5430161255453,468.31
2026-05-28 20:45:00+02:00,208.07131299873294,467.04
2026-05-28 21:00:00+02:00,219.63112178870824,434.98
2026-05-28 21:15:00+02:00,194.84042414376378,442.02
2026-05-28 21:30:00+02:00,166.09049537921118,361.81
2026-05-28 21:45:00+02:00,154.6096443374871,233.26
2026-05-28 22:00:00+02:00,179.28009377462666,321.71
2026-05-28 22:15:00+02:00,158.4474855040559,211.88
2026-05-28 22:30:00+02:00,150.00138455876996,171.13
2026-05-28 22:45:00+02:00,143.28422415031477,158.28
2026-05-28 23:00:00+02:00,146.49167603799057,174.39
2026-05-28 23:15:00+02:00,145.13805960738057,165.5
2026-05-28 23:30:00+02:00,138.5341071347324,155.42
2026-05-28 23:45:00+02:00,130.96526383605953,143.88
2026-05-29 00:00:00+02:00,144.96868303147912,162.14
2026-05-29 00:15:00+02:00,138.72725466123939,151.73
2026-05-29 00:30:00+02:00,131.015320442857,137.0
2026-05-29 00:45:00+02:00,125.65795549875045,126.9
2026-05-29 01:00:00+02:00,134.41639796403177,144.99
2026-05-29 01:15:00+02:00,126.48225770095068,137.01
2026-05-29 01:30:00+02:00,121.25491348109817,129.76
2026-05-29 01:45:00+02:00,118.41625932983487,123.95
2026-05-29 02:00:00+02:00,121.73249811123469,129.43
2026-05-29 02:15:00+02:00,118.13720617251549,128.08
2026-05-29 02:30:00+02:00,117.50666028835337,127.83
2026-05-29 02:45:00+02:00,114.95858596071328,126.56
2026-05-29 03:00:00+02:00,119.90855875660608,128.05
2026-05-29 03:15:00+02:00,121.09719395921775,127.0
2026-05-29 03:30:00+02:00,120.99467692509046,126.0
2026-05-29 03:45:00+02:00,119.49482766761125,123.72
2026-05-29 04:00:00+02:00,119.3997982045206,124.3
2026-05-29 04:15:00+02:00,119.36811333861522,125.0
2026-05-29 04:30:00+02:00,119.4860383812106,125.4
2026-05-29 04:45:00+02:00,121.93754536789463,126.41
2026-05-29 05:00:00+02:00,120.36885945741744,125.07
2026-05-29 05:15:00+02:00,120.43427522238105,124.7
2026-05-29 05:30:00+02:00,125.92974846157168,124.4
2026-05-29 05:45:00+02:00,131.73350885409513,127.81
2026-05-29 06:00:00+02:00,130.94912077766318,131.65
2026-05-29 06:15:00+02:00,134.55714589268655,137.04
2026-05-29 06:30:00+02:00,131.84550246132466,132.49
2026-05-29 06:45:00+02:00,122.14310888444109,126.36
2026-05-29 07:00:00+02:00,140.81551105896517,136.96
2026-05-29 07:15:00+02:00,128.48654213138923,130.1
2026-05-29 07:30:00+02:00,120.75609278400604,124.97
2026-05-29 07:45:00+02:00,102.08381656864688,111.95
2026-05-29 08:00:00+02:00,135.97054213870814,135.21
2026-05-29 08:15:00+02:00,105.71611765364585,120.54
2026-05-29 08:30:00+02:00,84.78163121390331,107.0
2026-05-29 08:45:00+02:00,49.09468548564887,91.51
2026-05-29 09:00:00+02:00,95.5710847867778,108.14
2026-05-29 09:15:00+02:00,59.45332132926185,87.32
2026-05-29 09:30:00+02:00,40.11424091354359,61.63
2026-05-29 09:45:00+02:00,17.953388750341,30.54
2026-05-29 10:00:00+02:00,18.349106473851563,39.0
2026-05-29 10:15:00+02:00,5.7492138719733035,16.92
2026-05-29 10:30:00+02:00,-1.0821776044903118,8.34
2026-05-29 10:45:00+02:00,1.3462999289803363,3.85
2026-05-29 11:00:00+02:00,-0.5878481043050421,1.36
2026-05-29 11:15:00+02:00,1.3023392518338444,0.0
2026-05-29 11:30:00+02:00,-2.751956930492282,-0.05
2026-05-29 11:45:00+02:00,0.27672726363139777,-0.15
2026-05-29 12:00:00+02:00,-1.50387550352673,-0.04
2026-05-29 12:15:00+02:00,-3.824028664973519,-0.04
2026-05-29 12:30:00+02:00,-7.39235515488391,-0.07
2026-05-29 12:45:00+02:00,-9.451778676410063,-0.07
2026-05-29 13:00:00+02:00,-8.944678887197396,-0.09
2026-05-29 13:15:00+02:00,-8.286939040953829,-0.04
2026-05-29 13:30:00+02:00,-8.258975712819787,-0.01
2026-05-29 13:45:00+02:00,-12.496952923337297,0.0
2026-05-29 14:00:00+02:00,-9.489064214279221,-0.21
2026-05-29 14:15:00+02:00,-10.497931500090464,-0.09
2026-05-29 14:30:00+02:00,-4.7203853344784665,0.0
2026-05-29 14:45:00+02:00,-7.0429676433711705,0.3
2026-05-29 15:00:00+02:00,-4.512259901346824,0.84
2026-05-29 15:15:00+02:00,-3.2455145758508053,2.11
2026-05-29 15:30:00+02:00,-3.9543224955492455,9.1
2026-05-29 15:45:00+02:00,3.4512534526149636,25.59
2026-05-29 16:00:00+02:00,-0.608671960497496,5.27
2026-05-29 16:15:00+02:00,-1.2471141543864945,29.31
2026-05-29 16:30:00+02:00,8.730970007032688,70.0
2026-05-29 16:45:00+02:00,19.12305794490706,101.86
2026-05-29 17:00:00+02:00,13.077286900842289,73.14
2026-05-29 17:15:00+02:00,27.224872679822866,90.63
2026-05-29 17:30:00+02:00,80.21186381964303,111.68
2026-05-29 17:45:00+02:00,125.66384078609553,138.18
2026-05-29 18:00:00+02:00,80.30213835511474,112.36
2026-05-29 18:15:00+02:00,111.37065320228119,129.06
2026-05-29 18:30:00+02:00,131.6713556032316,145.24
2026-05-29 18:45:00+02:00,159.62571257728493,161.28
2026-05-29 19:00:00+02:00,118.32162809656086,146.17
2026-05-29 19:15:00+02:00,136.42439220915045,163.69
2026-05-29 19:30:00+02:00,165.80222887689462,184.34
2026-05-29 19:45:00+02:00,223.8010883671335,205.59
2026-05-29 20:00:00+02:00,172.9895092962633,212.39
2026-05-29 20:15:00+02:00,189.49836023447216,237.21
2026-05-29 20:30:00+02:00,196.72151743265127,251.66
2026-05-29 20:45:00+02:00,194.63000849098518,261.18
2026-05-29 21:00:00+02:00,197.67057045146396,237.99
2026-05-29 21:15:00+02:00,175.66524087555936,207.39
2026-05-29 21:30:00+02:00,165.14154787261933,192.35
2026-05-29 21:45:00+02:00,153.10518700493995,167.89
2026-05-29 22:00:00+02:00,177.86278486542665,182.99
2026-05-29 22:15:00+02:00,152.94486823352764,164.8
2026-05-29 22:30:00+02:00,137.62587499584015,155.27
2026-05-29 22:45:00+02:00,128.40398437376516,143.74
2026-05-29 23:00:00+02:00,140.56158677429406,152.99
2026-05-29 23:15:00+02:00,139.03506459408152,150.71
2026-05-29 23:30:00+02:00,127.9060579530394,142.76
2026-05-29 23:45:00+02:00,121.41126393500859,134.31
2026-05-30 00:00:00+02:00,152.594735522642,145.0
2026-05-30 00:15:00+02:00,143.7776296960548,136.85
2026-05-30 00:30:00+02:00,132.98643905619534,132.43
2026-05-30 00:45:00+02:00,125.60453622162417,127.78
2026-05-30 01:00:00+02:00,135.58786612371597,133.39
2026-05-30 01:15:00+02:00,128.27075807762873,129.2
2026-05-30 01:30:00+02:00,123.63709304407875,126.54
2026-05-30 01:45:00+02:00,120.90797329755816,124.67
2026-05-30 02:00:00+02:00,128.4114958238738,125.01
2026-05-30 02:15:00+02:00,125.23829939906832,123.65
2026-05-30 02:30:00+02:00,122.08305881750977,124.0
2026-05-30 02:45:00+02:00,120.55646045735804,122.43
2026-05-30 03:00:00+02:00,120.18676483378587,122.23
2026-05-30 03:15:00+02:00,119.93744138810887,120.07
2026-05-30 03:30:00+02:00,116.95136575249315,120.86
2026-05-30 03:45:00+02:00,115.84766962611798,121.18
2026-05-30 04:00:00+02:00,116.06642812865549,122.77
2026-05-30 04:15:00+02:00,115.18917185410733,124.33
2026-05-30 04:30:00+02:00,116.61076945820092,126.26
2026-05-30 04:45:00+02:00,120.46535857035124,128.07
2026-05-30 05:00:00+02:00,118.29816844351984,128.62
2026-05-30 05:15:00+02:00,115.85081718174139,125.87
2026-05-30 05:30:00+02:00,116.67834901575547,124.0
2026-05-30 05:45:00+02:00,115.32384589967687,121.69
2026-05-30 06:00:00+02:00,122.77119282004577,123.56
2026-05-30 06:15:00+02:00,119.83643589360294,120.3
2026-05-30 06:30:00+02:00,115.76140189466089,119.64
2026-05-30 06:45:00+02:00,109.1062040820221,112.47
2026-05-30 07:00:00+02:00,124.77654521771758,120.53
2026-05-30 07:15:00+02:00,114.72351780270358,114.24
2026-05-30 07:30:00+02:00,111.2550414202454,108.48
2026-05-30 07:45:00+02:00,100.89527470850553,93.13
2026-05-30 08:00:00+02:00,113.44961421123097,117.09
2026-05-30 08:15:00+02:00,102.79832111199417,96.74
2026-05-30 08:30:00+02:00,99.49233608998165,79.31
2026-05-30 08:45:00+02:00,63.85858622010781,62.33
2026-05-30 09:00:00+02:00,107.17637646800267,75.59
2026-05-30 09:15:00+02:00,65.71872326844883,46.95
2026-05-30 09:30:00+02:00,16.15387575195149,16.59
2026-05-30 09:45:00+02:00,11.864580608743289,7.6
2026-05-30 10:00:00+02:00,25.00176159695058,9.99
2026-05-30 10:15:00+02:00,19.586409915159727,1.75
2026-05-30 10:30:00+02:00,13.333804737650292,0.1
2026-05-30 10:45:00+02:00,9.071215541994121,0.0
2026-05-30 11:00:00+02:00,14.390390578205496,0.0
2026-05-30 11:15:00+02:00,4.821442223661681,0.0
2026-05-30 11:30:00+02:00,-0.23970107192252987,-0.01
2026-05-30 11:45:00+02:00,-1.74299285752558,-0.01
2026-05-30 12:00:00+02:00,-5.166373898448251,-0.01
2026-05-30 12:15:00+02:00,-16.327715155127056,-0.05
2026-05-30 12:30:00+02:00,-17.378333957863482,-0.05
2026-05-30 12:45:00+02:00,-20.096671043518846,-0.1
2026-05-30 13:00:00+02:00,-21.596325451007814,-1.01
2026-05-30 13:15:00+02:00,-17.261263257313797,-1.29
2026-05-30 13:30:00+02:00,-10.304988660959417,-1.44
2026-05-30 13:45:00+02:00,-17.674605869466646,-2.03
2026-05-30 14:00:00+02:00,-16.06370469464153,-1.08
2026-05-30 14:15:00+02:00,-18.4987202937459,-1.0
2026-05-30 14:30:00+02:00,-28.94850765873819,-0.71
2026-05-30 14:45:00+02:00,-19.469487812254005,-0.2
2026-05-30 15:00:00+02:00,-17.983065269186064,-0.02
2026-05-30 15:15:00+02:00,-15.096748716446157,-0.01
2026-05-30 15:30:00+02:00,-0.2879903114463005,-0.01
2026-05-30 15:45:00+02:00,10.877714590052381,0.0
2026-05-30 16:00:00+02:00,7.557816079810949,0.0
2026-05-30 16:15:00+02:00,15.447867982263183,0.0
2026-05-30 16:30:00+02:00,45.18826962833074,0.51
2026-05-30 16:45:00+02:00,50.8751914709452,11.52
2026-05-30 17:00:00+02:00,27.639305154535776,8.44
2026-05-30 17:15:00+02:00,47.92642110216864,49.08
2026-05-30 17:30:00+02:00,79.88856759785871,87.48
2026-05-30 17:45:00+02:00,109.40140219058307,105.0
2026-05-30 18:00:00+02:00,79.70142468087643,78.97
2026-05-30 18:15:00+02:00,103.7086688527706,102.19
2026-05-30 18:30:00+02:00,130.48984040088115,119.58
2026-05-30 18:45:00+02:00,143.74532898356557,127.29
2026-05-30 19:00:00+02:00,126.22581166598118,125.3
2026-05-30 19:15:00+02:00,135.31930082511582,132.4
2026-05-30 19:30:00+02:00,140.73493320175717,146.21
2026-05-30 19:45:00+02:00,169.1639316551892,155.58
2026-05-30 20:00:00+02:00,136.47482741953468,142.31
2026-05-30 20:15:00+02:00,169.28583426824537,155.2
2026-05-30 20:30:00+02:00,178.1543872314202,168.14
2026-05-30 20:45:00+02:00,188.75242301273977,176.45
2026-05-30 21:00:00+02:00,177.7292372924573,172.21
2026-05-30 21:15:00+02:00,174.00666654748852,170.38
2026-05-30 21:30:00+02:00,161.22788230655053,176.28
2026-05-30 21:45:00+02:00,153.89710274489056,168.51
2026-05-30 22:00:00+02:00,173.94738458360388,173.86
2026-05-30 22:15:00+02:00,151.73385293810045,160.92
2026-05-30 22:30:00+02:00,148.31743682420037,156.0
2026-05-30 22:45:00+02:00,136.4797562192041,146.83
2026-05-30 23:00:00+02:00,147.95637724309182,150.13
2026-05-30 23:15:00+02:00,137.57576426945832,142.71
2026-05-30 23:30:00+02:00,132.20461829089317,140.61
2026-05-30 23:45:00+02:00,131.22494442911466,138.71
2026-05-31 00:00:00+02:00,146.72133801560503,146.56
2026-05-31 00:15:00+02:00,141.21768848854856,139.0
2026-05-31 00:30:00+02:00,132.60515998350286,134.18
2026-05-31 00:45:00+02:00,128.1394857126989,125.91
2026-05-31 01:00:00+02:00,132.60666488927177,132.55
2026-05-31 01:15:00+02:00,127.49184655581786,129.61
2026-05-31 01:30:00+02:00,125.48527219779663,128.09
2026-05-31 01:45:00+02:00,123.18619479643212,126.17
2026-05-31 02:00:00+02:00,126.4110830400104,127.54
2026-05-31 02:15:00+02:00,125.84849095208817,126.55
2026-05-31 02:30:00+02:00,126.38904233598909,126.31
2026-05-31 02:45:00+02:00,125.20161672580164,123.26
2026-05-31 03:00:00+02:00,121.84209447976805,124.98
2026-05-31 03:15:00+02:00,121.49303163107268,124.08
2026-05-31 03:30:00+02:00,122.90589659111905,125.16
2026-05-31 03:45:00+02:00,123.37204922626532,126.57
2026-05-31 04:00:00+02:00,119.63456204510463,127.8
2026-05-31 04:15:00+02:00,120.31883091591368,127.6
2026-05-31 04:30:00+02:00,120.74561819929208,127.8
2026-05-31 04:45:00+02:00,121.29547027582566,124.6
2026-05-31 05:00:00+02:00,123.71347696999734,128.99
2026-05-31 05:15:00+02:00,120.65773983886248,124.68
2026-05-31 05:30:00+02:00,120.0309720464434,122.76
2026-05-31 05:45:00+02:00,117.7158107247473,117.0
2026-05-31 06:00:00+02:00,125.74241186318156,123.04
2026-05-31 06:15:00+02:00,116.34329654880621,119.82
2026-05-31 06:30:00+02:00,109.76407813305448,112.08
2026-05-31 06:45:00+02:00,101.96378468723378,105.07
2026-05-31 07:00:00+02:00,124.2213521200489,111.87
2026-05-31 07:15:00+02:00,106.95423461892814,105.72
2026-05-31 07:30:00+02:00,98.65772363752106,99.24
2026-05-31 07:45:00+02:00,93.04697279311955,85.41
2026-05-31 08:00:00+02:00,111.0487783108876,104.68
2026-05-31 08:15:00+02:00,92.55342368544125,94.56
2026-05-31 08:30:00+02:00,88.72452420716925,84.13
2026-05-31 08:45:00+02:00,47.89730591541539,78.38
2026-05-31 09:00:00+02:00,89.13333692490625,77.89
2026-05-31 09:15:00+02:00,42.65684134933617,62.52
2026-05-31 09:30:00+02:00,19.853462603457693,51.11
2026-05-31 09:45:00+02:00,8.795746123849028,33.64
2026-05-31 10:00:00+02:00,11.372847248012121,26.2
2026-05-31 10:15:00+02:00,9.164056960825974,4.06
2026-05-31 10:30:00+02:00,9.457475750697775,0.01
2026-05-31 10:45:00+02:00,7.048932893679191,0.0
2026-05-31 11:00:00+02:00,9.281591289099953,0.0
2026-05-31 11:15:00+02:00,10.326400936576006,0.0
2026-05-31 11:30:00+02:00,16.31590323366399,0.0
2026-05-31 11:45:00+02:00,3.922611976339727,0.0
2026-05-31 12:00:00+02:00,9.474952055465973,0.0
2026-05-31 12:15:00+02:00,3.414243508195133,0.0
2026-05-31 12:30:00+02:00,1.7998797868033602,-0.01
2026-05-31 12:45:00+02:00,3.7710731311925345,-0.01
2026-05-31 13:00:00+02:00,2.867105812360152,-0.01
2026-05-31 13:15:00+02:00,6.5590552587860715,-0.01
2026-05-31 13:30:00+02:00,7.386815268008848,-0.01
2026-05-31 13:45:00+02:00,4.844257978626171,-0.01
2026-05-31 14:00:00+02:00,6.264606020183569,-0.01
2026-05-31 14:15:00+02:00,6.357309827648433,-0.01
2026-05-31 14:30:00+02:00,0.8350734455444093,-0.01
2026-05-31 14:45:00+02:00,2.7715252366492167,-0.01
2026-05-31 15:00:00+02:00,2.2830658042504997,-0.01
2026-05-31 15:15:00+02:00,2.176013956910252,0.0
2026-05-31 15:30:00+02:00,5.92966360676764,0.0
2026-05-31 15:45:00+02:00,13.321461551800594,0.01
2026-05-31 16:00:00+02:00,13.224182055355511,7.73
2026-05-31 16:15:00+02:00,18.211539493670323,38.06
2026-05-31 16:30:00+02:00,41.8909709060315,63.88
2026-05-31 16:45:00+02:00,61.868781436472084,86.34
2026-05-31 17:00:00+02:00,44.738448778019276,65.94
2026-05-31 17:15:00+02:00,84.58344958951196,89.41
2026-05-31 17:30:00+02:00,103.2355818880882,104.0
2026-05-31 17:45:00+02:00,119.97602140001108,124.35
2026-05-31 18:00:00+02:00,104.54541707931632,104.0
2026-05-31 18:15:00+02:00,114.46123283991616,119.02
2026-05-31 18:30:00+02:00,124.87602527436236,136.47
2026-05-31 18:45:00+02:00,132.38964547887215,149.57
2026-05-31 19:00:00+02:00,123.26316119340096,131.77
2026-05-31 19:15:00+02:00,133.71058042809284,137.98
2026-05-31 19:30:00+02:00,135.4760162334531,145.22
2026-05-31 19:45:00+02:00,141.8969190398061,150.51
2026-05-31 20:00:00+02:00,137.84796357633127,144.07
2026-05-31 20:15:00+02:00,134.35953675878494,147.98
2026-05-31 20:30:00+02:00,142.9432347932641,157.35
2026-05-31 20:45:00+02:00,153.9140271806232,161.65
2026-05-31 21:00:00+02:00,152.13678484568842,158.51
2026-05-31 21:15:00+02:00,153.41728632276542,155.56
2026-05-31 21:30:00+02:00,148.61021427025673,154.78
2026-05-31 21:45:00+02:00,140.14240394066982,155.29
2026-05-31 22:00:00+02:00,152.92307347064624,162.16
2026-05-31 22:15:00+02:00,144.8677178298065,154.86
2026-05-31 22:30:00+02:00,138.16072395499245,150.94
2026-05-31 22:45:00+02:00,138.45612908745787,144.55
2026-05-31 23:00:00+02:00,141.57104010293727,151.52
2026-05-31 23:15:00+02:00,135.0420588692003,146.95
2026-05-31 23:30:00+02:00,132.13361878900855,142.99
2026-05-31 23:45:00+02:00,123.70120678377144,139.93
2026-06-01 00:00:00+02:00,148.1835381104223,151.03
2026-06-01 00:15:00+02:00,141.5272666968653,138.97
2026-06-01 00:30:00+02:00,134.75159230407075,140.84
2026-06-01 00:45:00+02:00,128.5513921462942,133.19
2026-06-01 01:00:00+02:00,135.86211365704955,138.53
2026-06-01 01:15:00+02:00,129.02036031381763,129.39
2026-06-01 01:30:00+02:00,126.71844430403549,124.37
2026-06-01 01:45:00+02:00,124.37399061214526,120.73
2026-06-01 02:00:00+02:00,128.26729122997585,121.29
2026-06-01 02:15:00+02:00,127.16927054349728,125.7
2026-06-01 02:30:00+02:00,127.08773251535854,124.02
2026-06-01 02:45:00+02:00,125.0705198854911,121.54
2026-06-01 03:00:00+02:00,124.03251880268394,120.12
2026-06-01 03:15:00+02:00,124.40698753413096,120.14
2026-06-01 03:30:00+02:00,124.61382517679759,120.27
2026-06-01 03:45:00+02:00,126.75044901095617,120.65
2026-06-01 04:00:00+02:00,123.18250639270411,120.77
2026-06-01 04:15:00+02:00,128.01801354648086,121.49
2026-06-01 04:30:00+02:00,130.69743585487265,125.99
2026-06-01 04:45:00+02:00,133.53566941156237,129.7
2026-06-01 05:00:00+02:00,130.57806890063705,124.65
2026-06-01 05:15:00+02:00,131.58807178467237,130.16
2026-06-01 05:30:00+02:00,137.08019060920594,138.23
2026-06-01 05:45:00+02:00,140.58957785023665,147.33
2026-06-01 06:00:00+02:00,142.05668086677179,159.76
2026-06-01 06:15:00+02:00,144.26496050337357,172.17
2026-06-01 06:30:00+02:00,145.39673166710196,162.83
2026-06-01 06:45:00+02:00,148.34468222364038,161.36
2026-06-01 07:00:00+02:00,155.74294636695177,174.07
2026-06-01 07:15:00+02:00,154.78697971817857,161.15
2026-06-01 07:30:00+02:00,153.8408122250932,155.0
2026-06-01 07:45:00+02:00,138.52987850922906,149.78
2026-06-01 08:00:00+02:00,165.23324240468563,176.53
2026-06-01 08:15:00+02:00,145.7918108981574,165.41
2026-06-01 08:30:00+02:00,137.5073977743432,141.68
2026-06-01 08:45:00+02:00,111.5279542700083,123.24
2026-06-01 09:00:00+02:00,131.09307062420464,162.51
2026-06-01 09:15:00+02:00,114.8660623234999,138.13
2026-06-01 09:30:00+02:00,109.41808023417862,120.74
2026-06-01 09:45:00+02:00,98.10902233576789,111.42
2026-06-01 10:00:00+02:00,108.04566516463086,129.91
2026-06-01 10:15:00+02:00,99.60326139064617,115.9
2026-06-01 10:30:00+02:00,89.0618273022651,113.69
2026-06-01 10:45:00+02:00,58.43105569839399,111.14
2026-06-01 11:00:00+02:00,70.1853459548605,116.31
2026-06-01 11:15:00+02:00,73.02605417718134,111.36
2026-06-01 11:30:00+02:00,62.36883415841687,106.79
2026-06-01 11:45:00+02:00,63.96113872150404,98.11
2026-06-01 12:00:00+02:00,52.45866241107922,100.01
2026-06-01 12:15:00+02:00,65.86887190458155,93.33
2026-06-01 12:30:00+02:00,63.36294074714577,91.81
2026-06-01 12:45:00+02:00,52.83938692859994,87.18
2026-06-01 13:00:00+02:00,61.3665100907433,92.62
2026-06-01 13:15:00+02:00,55.48572002775528,92.21
2026-06-01 13:30:00+02:00,47.01854854230798,88.45
2026-06-01 13:45:00+02:00,43.646921261034905,86.35
2026-06-01 14:00:00+02:00,39.270659679054745,86.35
2026-06-01 14:15:00+02:00,40.777513183297536,86.95
2026-06-01 14:30:00+02:00,47.763677782451936,86.61
2026-06-01 14:45:00+02:00,46.74925723258759,89.88
2026-06-01 15:00:00+02:00,42.006277501398635,86.0
2026-06-01 15:15:00+02:00,44.34522107809844,92.59
2026-06-01 15:30:00+02:00,62.66018802866297,95.5
2026-06-01 15:45:00+02:00,80.47748284264412,106.3
2026-06-01 16:00:00+02:00,54.88513556085024,88.99
2026-06-01 16:15:00+02:00,72.94714009833727,99.53
2026-06-01 16:30:00+02:00,106.3608821968358,111.32
2026-06-01 16:45:00+02:00,127.7005659728596,127.1
2026-06-01 17:00:00+02:00,100.01653560738966,105.54
2026-06-01 17:15:00+02:00,113.52822340500724,113.63
2026-06-01 17:30:00+02:00,124.504074590843,131.0
2026-06-01 17:45:00+02:00,143.64245076077245,150.8
2026-06-01 18:00:00+02:00,125.71818589406513,112.73
2026-06-01 18:15:00+02:00,142.64609627410144,128.46
2026-06-01 18:30:00+02:00,149.03601792350196,147.76
2026-06-01 18:45:00+02:00,174.50096685200356,176.88
2026-06-01 19:00:00+02:00,151.68554348904843,163.94
2026-06-01 19:15:00+02:00,167.86275346434056,186.99
2026-06-01 19:30:00+02:00,192.0309995633997,230.0
2026-06-01 19:45:00+02:00,223.46182632055368,325.52
2026-06-01 20:00:00+02:00,217.23518320381467,278.25
2026-06-01 20:15:00+02:00,217.97804296199013,340.48
2026-06-01 20:30:00+02:00,219.67380109061966,380.0
2026-06-01 20:45:00+02:00,216.9313871942536,422.28
2026-06-01 21:00:00+02:00,205.55137648461258,399.91
2026-06-01 21:15:00+02:00,189.2123880930016,358.57
2026-06-01 21:30:00+02:00,172.75475524173675,311.36
2026-06-01 21:45:00+02:00,159.77796736580115,263.63
2026-06-01 22:00:00+02:00,181.1105221788132,311.97
2026-06-01 22:15:00+02:00,164.08858615517153,231.97
2026-06-01 22:30:00+02:00,153.72741148340253,186.32
2026-06-01 22:45:00+02:00,141.7242259792428,159.75
2026-06-01 23:00:00+02:00,158.2101981923574,175.44
2026-06-01 23:15:00+02:00,149.67507951842725,164.6
2026-06-01 23:30:00+02:00,142.14998761441012,156.98
2026-06-01 23:45:00+02:00,132.58149406405892,147.08
2026-06-02 00:00:00+02:00,148.50893744353718,151.73
2026-06-02 00:15:00+02:00,139.87465680341717,142.16
2026-06-02 00:30:00+02:00,133.0786498185777,142.01
2026-06-02 00:45:00+02:00,126.87974769339176,132.36
2026-06-02 01:00:00+02:00,135.93130990374448,144.81
2026-06-02 01:15:00+02:00,127.78868614483652,131.77
2026-06-02 01:30:00+02:00,120.7677658675621,127.61
2026-06-02 01:45:00+02:00,118.51582664424268,122.7
2026-06-02 02:00:00+02:00,120.62397945724328,128.94
2026-06-02 02:15:00+02:00,118.05852616106206,124.98
2026-06-02 02:30:00+02:00,119.58085953941881,124.61
2026-06-02 02:45:00+02:00,113.8472414806105,121.81
2026-06-02 03:00:00+02:00,116.73184366049665,123.69
2026-06-02 03:15:00+02:00,115.81849859155511,120.71
2026-06-02 03:30:00+02:00,115.85616475459224,120.2
2026-06-02 03:45:00+02:00,117.43753702383135,119.06
2026-06-02 04:00:00+02:00,114.28814458730548,118.81
2026-06-02 04:15:00+02:00,117.49462348697709,119.01
2026-06-02 04:30:00+02:00,116.58046941988215,120.72
2026-06-02 04:45:00+02:00,121.36322662699064,123.97
2026-06-02 05:00:00+02:00,117.04218358261296,121.56
2026-06-02 05:15:00+02:00,119.57080116577194,122.36
2026-06-02 05:30:00+02:00,126.08180446985735,125.0
2026-06-02 05:45:00+02:00,132.87409406343133,127.94
2026-06-02 06:00:00+02:00,126.63377524751934,128.96
2026-06-02 06:15:00+02:00,141.01514990685416,135.76
2026-06-02 06:30:00+02:00,136.50309975354713,134.0
2026-06-02 06:45:00+02:00,133.97453509101194,125.39
2026-06-02 07:00:00+02:00,147.24023598333784,139.08
2026-06-02 07:15:00+02:00,143.95983133614345,132.96
2026-06-02 07:30:00+02:00,136.05162164805546,130.42
2026-06-02 07:45:00+02:00,119.83916438699556,124.72
2026-06-02 08:00:00+02:00,142.7404754754423,130.23
2026-06-02 08:15:00+02:00,136.01328536929162,127.02
2026-06-02 08:30:00+02:00,119.7645957750418,118.72
2026-06-02 08:45:00+02:00,112.60128061397725,108.36
2026-06-02 09:00:00+02:00,112.69636723627174,121.93
2026-06-02 09:15:00+02:00,108.33672634260051,108.09
2026-06-02 09:30:00+02:00,100.7717858547832,97.54
2026-06-02 09:45:00+02:00,90.41999055575182,94.08
2026-06-02 10:00:00+02:00,95.84402656756866,98.93
2026-06-02 10:15:00+02:00,85.13962783580958,93.24
2026-06-02 10:30:00+02:00,49.110021356238406,89.46
2026-06-02 10:45:00+02:00,47.75469968140199,80.43
2026-06-02 11:00:00+02:00,59.35286439385936,89.82
2026-06-02 11:15:00+02:00,35.46476419909117,86.05
2026-06-02 11:30:00+02:00,39.12081821844054,82.77
2026-06-02 11:45:00+02:00,28.549274575451566,80.16
2026-06-02 12:00:00+02:00,24.43108929870686,79.76
2026-06-02 12:15:00+02:00,22.040179162200634,78.86
2026-06-02 12:30:00+02:00,24.85347203235015,79.41
2026-06-02 12:45:00+02:00,29.107602118585685,83.14
2026-06-02 13:00:00+02:00,26.950975512186123,80.09
2026-06-02 13:15:00+02:00,34.317811882594384,85.6
2026-06-02 13:30:00+02:00,35.15886847514538,86.52
2026-06-02 13:45:00+02:00,36.903225695592454,87.62
2026-06-02 14:00:00+02:00,31.84549159419824,84.91
2026-06-02 14:15:00+02:00,32.24374753706837,89.21
2026-06-02 14:30:00+02:00,25.646029137431693,92.5
2026-06-02 14:45:00+02:00,34.68664594451904,96.51
2026-06-02 15:00:00+02:00,30.04675291909215,91.88
2026-06-02 15:15:00+02:00,38.27642726045354,96.5
2026-06-02 15:30:00+02:00,63.09815627557198,101.83
2026-06-02 15:45:00+02:00,92.07719687772274,108.74
2026-06-02 16:00:00+02:00,70.13900650289152,101.25
2026-06-02 16:15:00+02:00,88.029411394071,107.34
2026-06-02 16:30:00+02:00,99.55817359121724,114.32
2026-06-02 16:45:00+02:00,115.02467957109936,126.08
2026-06-02 17:00:00+02:00,104.16238218863589,120.58
2026-06-02 17:15:00+02:00,108.10266841893485,126.28
2026-06-02 17:30:00+02:00,121.42978157639568,134.06
2026-06-02 17:45:00+02:00,130.88421658210726,143.63
2026-06-02 18:00:00+02:00,122.22479059850006,135.46
2026-06-02 18:15:00+02:00,136.11533579845775,142.77
2026-06-02 18:30:00+02:00,152.1389458404655,148.72
2026-06-02 18:45:00+02:00,162.4230055908808,160.96
2026-06-02 19:00:00+02:00,148.70047325302232,156.0
2026-06-02 19:15:00+02:00,157.75943110317445,162.95
2026-06-02 19:30:00+02:00,168.534041310847,175.18
2026-06-02 19:45:00+02:00,194.83160320570985,177.62
2026-06-02 20:00:00+02:00,190.86906751864416,176.93
2026-06-02 20:15:00+02:00,190.29799735442984,166.94
2026-06-02 20:30:00+02:00,200.72883366785135,164.29
2026-06-02 20:45:00+02:00,191.4553563045348,160.93
2026-06-02 21:00:00+02:00,194.84404157701005,165.28
2026-06-02 21:15:00+02:00,190.73285652627925,156.0
2026-06-02 21:30:00+02:00,176.1869990418078,149.03
2026-06-02 21:45:00+02:00,151.13844424795371,138.99
2026-06-02 22:00:00+02:00,173.5920929058908,146.13
2026-06-02 22:15:00+02:00,149.2087991727734,142.67
2026-06-02 22:30:00+02:00,140.92463039132053,137.94
2026-06-02 22:45:00+02:00,124.5730907352528,135.0
2026-06-02 23:00:00+02:00,131.00802814141477,137.09
2026-06-02 23:15:00+02:00,121.1614628479309,126.03
2026-06-02 23:30:00+02:00,114.01995994358218,124.79
2026-06-02 23:45:00+02:00,114.82283820418704,113.04
2026-06-03 00:00:00+02:00,129.40463098459628,119.1
2026-06-03 00:15:00+02:00,126.65109304592379,118.1
2026-06-03 00:30:00+02:00,122.44864276574688,115.01
2026-06-03 00:45:00+02:00,121.14335138566489,112.99
2026-06-03 01:00:00+02:00,120.84592694820205,115.01
2026-06-03 01:15:00+02:00,120.72258830942758,113.2
2026-06-03 01:30:00+02:00,117.55338966983919,111.1
2026-06-03 01:45:00+02:00,115.69173467713856,108.27
2026-06-03 02:00:00+02:00,117.00996323681024,109.75
2026-06-03 02:15:00+02:00,118.41202216377317,107.68
2026-06-03 02:30:00+02:00,114.25579886142793,107.76
2026-06-03 02:45:00+02:00,113.45313067609749,106.88
2026-06-03 03:00:00+02:00,113.97799364480494,107.5
2026-06-03 03:15:00+02:00,114.32045823653301,106.63
2026-06-03 03:30:00+02:00,113.50583375403758,106.73
2026-06-03 03:45:00+02:00,112.46382549103504,108.34
2026-06-03 04:00:00+02:00,110.77756914161947,106.52
2026-06-03 04:15:00+02:00,112.49150481981331,106.42
2026-06-03 04:30:00+02:00,114.11676540698363,107.68
2026-06-03 04:45:00+02:00,115.76230675328691,108.14
2026-06-03 05:00:00+02:00,110.68915239037537,108.29
2026-06-03 05:15:00+02:00,117.6959494111421,109.84
2026-06-03 05:30:00+02:00,126.67972331184056,113.69
2026-06-03 05:45:00+02:00,131.63560257411334,121.28
2026-06-03 06:00:00+02:00,134.3941793227218,127.34
2026-06-03 06:15:00+02:00,144.81310638132433,130.18
2026-06-03 06:30:00+02:00,142.05717616022747,132.23
2026-06-03 06:45:00+02:00,147.7903093306396,133.2
2026-06-03 07:00:00+02:00,145.96929345920168,144.42
2026-06-03 07:15:00+02:00,150.31182688893858,139.54
2026-06-03 07:30:00+02:00,147.63945434112244,134.02
2026-06-03 07:45:00+02:00,133.0814530488009,129.34
2026-06-03 08:00:00+02:00,159.06409734802662,146.41
2026-06-03 08:15:00+02:00,146.77013116380277,135.32
2026-06-03 08:30:00+02:00,128.6233026489573,129.27
2026-06-03 08:45:00+02:00,107.50044006062215,113.31
2026-06-03 09:00:00+02:00,134.1326530725355,133.27
2026-06-03 09:15:00+02:00,114.69866051432444,116.89
2026-06-03 09:30:00+02:00,99.1755096185651,106.27
2026-06-03 09:45:00+02:00,89.22962761155311,92.16
2026-06-03 10:00:00+02:00,105.40244813621412,103.2
2026-06-03 10:15:00+02:00,94.31098278046002,94.48
2026-06-03 10:30:00+02:00,45.99304601293582,92.93
2026-06-03 10:45:00+02:00,42.58501466528281,85.76
2026-06-03 11:00:00+02:00,59.338495285032806,89.95
2026-06-03 11:15:00+02:00,63.33856013663587,82.4
2026-06-03 11:30:00+02:00,56.06287457228553,82.04
2026-06-03 11:45:00+02:00,41.525324203642995,66.6
2026-06-03 12:00:00+02:00,51.920638831594836,77.52
2026-06-03 12:15:00+02:00,38.02718584646152,65.0
2026-06-03 12:30:00+02:00,30.448701721474194,52.37
2026-06-03 12:45:00+02:00,36.16919567726684,37.79
2026-06-03 13:00:00+02:00,36.56236108115065,50.09
2026-06-03 13:15:00+02:00,37.25490404970226,40.0
2026-06-03 13:30:00+02:00,35.036491183555555,35.35
2026-06-03 13:45:00+02:00,27.773696272838986,25.89
2026-06-03 14:00:00+02:00,25.784507303224554,29.21
2026-06-03 14:15:00+02:00,32.65962298785393,36.06
2026-06-03 14:30:00+02:00,36.12471586044162,37.88
2026-06-03 14:45:00+02:00,39.87455255761327,49.02
2026-06-03 15:00:00+02:00,33.26863249843131,29.38
2026-06-03 15:15:00+02:00,41.03306257367948,44.81
2026-06-03 15:30:00+02:00,53.78401275868885,48.75
2026-06-03 15:45:00+02:00,65.75537568823293,65.46
2026-06-03 16:00:00+02:00,35.388456097665134,44.72
2026-06-03 16:15:00+02:00,53.98169415712016,70.98
2026-06-03 16:30:00+02:00,81.11802978778826,84.14
2026-06-03 16:45:00+02:00,104.82241987260366,107.76
2026-06-03 17:00:00+02:00,81.07552612676994,67.87
2026-06-03 17:15:00+02:00,97.66545560821659,85.98
2026-06-03 17:30:00+02:00,109.00553349176381,106.37
2026-06-03 17:45:00+02:00,127.51241121222557,121.91
2026-06-03 18:00:00+02:00,111.18381107153489,103.26
2026-06-03 18:15:00+02:00,127.12089133433966,115.96
2026-06-03 18:30:00+02:00,139.74835755381744,130.81
2026-06-03 18:45:00+02:00,158.16709399347914,138.72
2026-06-03 19:00:00+02:00,147.54599231316425,125.93
2026-06-03 19:15:00+02:00,156.96653635960817,131.81
2026-06-03 19:30:00+02:00,171.89314419816822,141.58
2026-06-03 19:45:00+02:00,180.27354775393587,154.15
2026-06-03 20:00:00+02:00,184.6371662005256,146.5
2026-06-03 20:15:00+02:00,163.10137052523123,147.84
2026-06-03 20:30:00+02:00,180.91742972724253,145.29
2026-06-03 20:45:00+02:00,177.83849172478847,145.32
2026-06-03 21:00:00+02:00,191.5407429160175,149.96
2026-06-03 21:15:00+02:00,178.96963235581478,137.08
2026-06-03 21:30:00+02:00,174.53587425121322,127.64
2026-06-03 21:45:00+02:00,150.92796903266952,119.0
2026-06-03 22:00:00+02:00,166.61930807938805,136.0
2026-06-03 22:15:00+02:00,151.25436456137956,124.67
2026-06-03 22:30:00+02:00,143.1206760591648,117.73
2026-06-03 22:45:00+02:00,131.50519454063175,105.41
2026-06-03 23:00:00+02:00,137.39428944593527,113.09
2026-06-03 23:15:00+02:00,133.12119926783237,103.13
2026-06-03 23:30:00+02:00,128.71458912323416,99.0
2026-06-03 23:45:00+02:00,118.37920004998409,82.41
2026-06-04 00:00:00+02:00,119.39711500404535,100.55
2026-06-04 00:15:00+02:00,109.01037173830635,90.2
2026-06-04 00:30:00+02:00,94.2119128053817,85.64
2026-06-04 00:45:00+02:00,93.80862510487093,68.43
2026-06-04 01:00:00+02:00,100.34356180661611,80.46
2026-06-04 01:15:00+02:00,95.33703533325765,79.81
2026-06-04 01:30:00+02:00,91.6432340443602,73.25
2026-06-04 01:45:00+02:00,92.11745022450239,68.43
2026-06-04 02:00:00+02:00,92.23130274740242,68.67
2026-06-04 02:15:00+02:00,85.25088239123278,68.7
2026-06-04 02:30:00+02:00,87.43995282259603,67.06
2026-06-04 02:45:00+02:00,85.45643872195458,63.25
2026-06-04 03:00:00+02:00,82.52294839332487,68.4
2026-06-04 03:15:00+02:00,82.3019657862387,65.82
2026-06-04 03:30:00+02:00,79.77354679134288,66.98
2026-06-04 03:45:00+02:00,73.4714565452658,68.69
2026-06-04 04:00:00+02:00,77.98079839025284,66.49
2026-06-04 04:15:00+02:00,85.95270584386651,66.2
2026-06-04 04:30:00+02:00,84.5652046689376,66.17
2026-06-04 04:45:00+02:00,93.01366712767519,74.31
2026-06-04 05:00:00+02:00,75.35048869643111,68.61
2026-06-04 05:15:00+02:00,78.38897770381782,69.99
2026-06-04 05:30:00+02:00,98.08696998291467,74.14
2026-06-04 05:45:00+02:00,101.091415597221,72.0
2026-06-04 06:00:00+02:00,102.74467185369872,71.72
2026-06-04 06:15:00+02:00,105.82967957477,75.89
2026-06-04 06:30:00+02:00,107.57961686128033,76.75
2026-06-04 06:45:00+02:00,111.18825011165008,71.52
2026-06-04 07:00:00+02:00,107.60763108399908,94.03
2026-06-04 07:15:00+02:00,104.03301929803592,91.05
2026-06-04 07:30:00+02:00,105.55569880194777,84.51
2026-06-04 07:45:00+02:00,100.5712843360685,78.73
2026-06-04 08:00:00+02:00,116.78295640191024,102.37
2026-06-04 08:15:00+02:00,111.83017902429117,85.14
2026-06-04 08:30:00+02:00,109.86132585797773,69.15
2026-06-04 08:45:00+02:00,85.68168168699987,45.82
2026-06-04 09:00:00+02:00,107.5861314751644,62.4
2026-06-04 09:15:00+02:00,84.71875852790956,43.8
2026-06-04 09:30:00+02:00,61.72330354751744,20.54
2026-06-04 09:45:00+02:00,30.759984997880746,9.76
2026-06-04 10:00:00+02:00,37.8883380929311,14.14
2026-06-04 10:15:00+02:00,29.426348897416553,5.0
2026-06-04 10:30:00+02:00,25.249782604924263,0.02
2026-06-04 10:45:00+02:00,20.575705407736294,0.0
2026-06-04 11:00:00+02:00,22.95412395998634,0.0
2026-06-04 11:15:00+02:00,23.512054253318507,0.0
2026-06-04 11:30:00+02:00,20.59944316048302,0.0
2026-06-04 11:45:00+02:00,14.330479583875846,-0.01
2026-06-04 12:00:00+02:00,14.957499527220056,-0.01
2026-06-04 12:15:00+02:00,7.736340013132886,-0.03
2026-06-04 12:30:00+02:00,5.624156936441015,-0.03
2026-06-04 12:45:00+02:00,5.623310166511996,-0.03
2026-06-04 13:00:00+02:00,11.034029621993753,-0.03
2026-06-04 13:15:00+02:00,9.852860243944908,-0.05
2026-06-04 13:30:00+02:00,15.919646879597169,-0.03
2026-06-04 13:45:00+02:00,12.884631261187733,-0.08
2026-06-04 14:00:00+02:00,15.784545287698853,-0.04
2026-06-04 14:15:00+02:00,8.519432472097566,-0.05
2026-06-04 14:30:00+02:00,4.612445388895714,-0.04
2026-06-04 14:45:00+02:00,2.4488160689464435,-0.01
2026-06-04 15:00:00+02:00,8.270834399593257,-0.01
2026-06-04 15:15:00+02:00,1.3371419943304366,0.0
2026-06-04 15:30:00+02:00,6.53615980548878,0.03
2026-06-04 15:45:00+02:00,15.03115881301562,6.45
2026-06-04 16:00:00+02:00,10.65314186701,6.3
2026-06-04 16:15:00+02:00,23.3062762552265,14.67
2026-06-04 16:30:00+02:00,44.16453054589158,34.98
2026-06-04 16:45:00+02:00,66.93691433808327,58.6
2026-06-04 17:00:00+02:00,45.752825715533206,37.06
2026-06-04 17:15:00+02:00,71.21375695130473,60.69
2026-06-04 17:30:00+02:00,95.1240480838424,84.13
2026-06-04 17:45:00+02:00,108.11154005350312,98.73
2026-06-04 18:00:00+02:00,83.72121687746936,74.4
2026-06-04 18:15:00+02:00,81.89198723078196,96.81
2026-06-04 18:30:00+02:00,98.97004865964807,117.51
2026-06-04 18:45:00+02:00,96.52601301715552,117.29
2026-06-04 19:00:00+02:00,99.09133853738608,105.01
2026-06-04 19:15:00+02:00,112.90563932292683,112.28
2026-06-04 19:30:00+02:00,125.61824987643325,117.62
2026-06-04 19:45:00+02:00,130.72566230138585,121.75
2026-06-04 20:00:00+02:00,120.91135020313635,114.27
2026-06-04 20:15:00+02:00,111.00603488343117,117.46
2026-06-04 20:30:00+02:00,144.5337598697043,119.56
2026-06-04 20:45:00+02:00,148.10308566869114,120.56
2026-06-04 21:00:00+02:00,147.47594156598342,115.92
2026-06-04 21:15:00+02:00,152.00997386825946,116.36
2026-06-04 21:30:00+02:00,132.7796987550787,115.6
2026-06-04 21:45:00+02:00,119.96498243857664,113.61
2026-06-04 22:00:00+02:00,130.244948014478,115.96
2026-06-04 22:15:00+02:00,120.0453406834673,112.12
2026-06-04 22:30:00+02:00,103.3088845181075,111.68
2026-06-04 22:45:00+02:00,86.81633023300282,107.0
2026-06-04 23:00:00+02:00,107.9127033870974,107.24
2026-06-04 23:15:00+02:00,93.43693516116176,103.44
2026-06-04 23:30:00+02:00,87.20832832084213,99.31
2026-06-04 23:45:00+02:00,84.98012885632176,90.21
2026-06-05 00:00:00+02:00,96.39731817087343,93.68
2026-06-05 00:15:00+02:00,80.05351510958516,80.73
2026-06-05 00:30:00+02:00,79.39628056401796,75.07
2026-06-05 00:45:00+02:00,77.01855979967752,73.3
2026-06-05 01:00:00+02:00,87.24986535698724,82.11
2026-06-05 01:15:00+02:00,78.75955179758476,79.21
2026-06-05 01:30:00+02:00,78.6072059647284,80.74
2026-06-05 01:45:00+02:00,78.33228930087868,75.73
2026-06-05 02:00:00+02:00,76.84094349918665,72.52
2026-06-05 02:15:00+02:00,78.92834570333679,83.38
2026-06-05 02:30:00+02:00,81.83168159231522,86.5
2026-06-05 02:45:00+02:00,77.07852209837121,91.39
2026-06-05 03:00:00+02:00,80.14832288167818,92.14
2026-06-05 03:15:00+02:00,76.15420827749267,84.15
2026-06-05 03:30:00+02:00,76.43483188483428,82.8
2026-06-05 03:45:00+02:00,75.84985656231387,81.01
2026-06-05 04:00:00+02:00,71.2851745364247,80.9
2026-06-05 04:15:00+02:00,72.75739965257239,86.8
2026-06-05 04:30:00+02:00,74.72932000167145,91.81
2026-06-05 04:45:00+02:00,81.3334738819141,99.82
2026-06-05 05:00:00+02:00,70.19758183488076,90.54
2026-06-05 05:15:00+02:00,78.21389578055886,93.1
2026-06-05 05:30:00+02:00,82.25334533513671,96.86
2026-06-05 05:45:00+02:00,94.39421335999063,108.53
2026-06-05 06:00:00+02:00,89.68675175481376,113.46
2026-06-05 06:15:00+02:00,106.81229637200333,115.75
2026-06-05 06:30:00+02:00,114.50975334578625,115.26
2026-06-05 06:45:00+02:00,112.32129624889254,115.12
2026-06-05 07:00:00+02:00,116.6658458983425,126.11
2026-06-05 07:15:00+02:00,112.16354094073387,119.28
2026-06-05 07:30:00+02:00,114.87401013334348,116.72
2026-06-05 07:45:00+02:00,112.53639782006984,112.36
2026-06-05 08:00:00+02:00,123.31706762224158,121.68
2026-06-05 08:15:00+02:00,120.86292930970819,114.66
2026-06-05 08:30:00+02:00,94.07190853379768,113.24
2026-06-05 08:45:00+02:00,57.323930126612275,105.69
2026-06-05 09:00:00+02:00,81.87877070430676,117.16
2026-06-05 09:15:00+02:00,54.023374481414486,110.51
2026-06-05 09:30:00+02:00,47.41410939294448,92.0
2026-06-05 09:45:00+02:00,32.68282894957621,73.53
2026-06-05 10:00:00+02:00,34.136128445369216,105.08
2026-06-05 10:15:00+02:00,15.635254776772207,92.64
2026-06-05 10:30:00+02:00,14.142816918378387,75.66
2026-06-05 10:45:00+02:00,10.53115208975354,71.08
2026-06-05 11:00:00+02:00,7.675036541833725,81.91
2026-06-05 11:15:00+02:00,9.32303665914974,77.47
2026-06-05 11:30:00+02:00,15.59421722261998,64.78
2026-06-05 11:45:00+02:00,12.638342261683135,59.14
2026-06-05 12:00:00+02:00,13.853507160708567,59.03
2026-06-05 12:15:00+02:00,4.547380097089286,45.78
2026-06-05 12:30:00+02:00,10.27364471066222,40.03
2026-06-05 12:45:00+02:00,3.6077345591949053,35.98
2026-06-05 13:00:00+02:00,3.195678175512988,42.04
2026-06-05 13:15:00+02:00,6.527683059917629,36.35
2026-06-05 13:30:00+02:00,12.733318371095585,33.73
2026-06-05 13:45:00+02:00,14.730358876334437,24.59
2026-06-05 14:00:00+02:00,4.556055624693279,25.47
2026-06-05 14:15:00+02:00,-1.8973609247787246,24.71
2026-06-05 14:30:00+02:00,-4.500420269042026,27.23
2026-06-05 14:45:00+02:00,-6.989329712242451,31.39
2026-06-05 15:00:00+02:00,-5.0366475765611725,16.0
2026-06-05 15:15:00+02:00,2.928430261754415,27.6
2026-06-05 15:30:00+02:00,13.836680900764922,44.96
2026-06-05 15:45:00+02:00,23.783865361002665,63.48
2026-06-05 16:00:00+02:00,18.13405690599188,45.97
2026-06-05 16:15:00+02:00,31.368591000263905,61.26
2026-06-05 16:30:00+02:00,68.93468769266657,79.43
2026-06-05 16:45:00+02:00,86.27129155917456,103.56
2026-06-05 17:00:00+02:00,55.05896937326376,72.27
2026-06-05 17:15:00+02:00,89.99659688787645,97.16
2026-06-05 17:30:00+02:00,101.68568553677885,114.99
2026-06-05 17:45:00+02:00,116.46996093381514,132.59
2026-06-05 18:00:00+02:00,99.95248620357225,100.54
2026-06-05 18:15:00+02:00,114.02779691147572,120.66
2026-06-05 18:30:00+02:00,138.51756076777409,137.23
2026-06-05 18:45:00+02:00,160.85972378676402,157.18
2026-06-05 19:00:00+02:00,128.8339407581009,127.08
2026-06-05 19:15:00+02:00,150.41320638907018,144.3
2026-06-05 19:30:00+02:00,167.98441730514983,158.07
2026-06-05 19:45:00+02:00,181.66193156722483,172.54
2026-06-05 20:00:00+02:00,187.44227025983062,164.88
2026-06-05 20:15:00+02:00,197.80058576192144,172.4
2026-06-05 20:30:00+02:00,214.87217042780696,189.02
2026-06-05 20:45:00+02:00,212.13587590750228,190.01
2026-06-05 21:00:00+02:00,196.24889163423268,194.72
2026-06-05 21:15:00+02:00,214.95973638702867,192.47
2026-06-05 21:30:00+02:00,182.74697380526317,189.89
2026-06-05 21:45:00+02:00,154.87771133026598,180.34
2026-06-05 22:00:00+02:00,184.6061649270044,182.58
2026-06-05 22:15:00+02:00,167.0912649344065,170.99
2026-06-05 22:30:00+02:00,146.52428313599512,164.24
2026-06-05 22:45:00+02:00,139.11936187413886,158.73
2026-06-05 23:00:00+02:00,150.95642066404505,163.75
2026-06-05 23:15:00+02:00,144.67871090173705,153.92
2026-06-05 23:30:00+02:00,139.44387578237723,148.58
2026-06-05 23:45:00+02:00,135.34417953683948,141.99
2026-06-06 00:00:00+02:00,143.64422815953986,164.04
2026-06-06 00:15:00+02:00,135.90535994887287,151.18
2026-06-06 00:30:00+02:00,130.51355064049952,144.01
2026-06-06 00:45:00+02:00,125.12801184002242,133.74
2026-06-06 01:00:00+02:00,130.75236647728275,139.9
2026-06-06 01:15:00+02:00,126.0430997545553,136.51
2026-06-06 01:30:00+02:00,119.85577880193458,134.8
2026-06-06 01:45:00+02:00,115.7469679649295,137.51
2026-06-06 02:00:00+02:00,122.20513077387564,139.42
2026-06-06 02:15:00+02:00,117.76078530651766,137.01
2026-06-06 02:30:00+02:00,119.8930765003771,131.54
2026-06-06 02:45:00+02:00,116.13172315959427,131.19
2026-06-06 03:00:00+02:00,114.6445040613365,118.94
2026-06-06 03:15:00+02:00,112.9281673071127,116.17
2026-06-06 03:30:00+02:00,114.42899934906144,115.39
2026-06-06 03:45:00+02:00,114.48257021572712,114.17
2026-06-06 04:00:00+02:00,111.49145793109223,129.47
2026-06-06 04:15:00+02:00,111.45514479986007,130.76
2026-06-06 04:30:00+02:00,115.96158533350226,130.55
2026-06-06 04:45:00+02:00,118.11001395629918,129.95
2026-06-06 05:00:00+02:00,113.63849936289803,133.54
2026-06-06 05:15:00+02:00,117.97256425889317,127.2
2026-06-06 05:30:00+02:00,116.92593656709037,123.49
2026-06-06 05:45:00+02:00,106.11561497930063,119.91
2026-06-06 06:00:00+02:00,118.40414323039033,124.73
2026-06-06 06:15:00+02:00,106.36910022954662,121.26
2026-06-06 06:30:00+02:00,96.07711866239651,116.52
2026-06-06 06:45:00+02:00,89.09412370752855,108.25
2026-06-06 07:00:00+02:00,106.09346979931382,122.79
2026-06-06 07:15:00+02:00,98.08645451173746,112.3
2026-06-06 07:30:00+02:00,92.48258908333652,97.37
2026-06-06 07:45:00+02:00,84.98698326876051,76.8
2026-06-06 08:00:00+02:00,101.22574357100743,105.97
2026-06-06 08:15:00+02:00,93.0047556278682,92.21
2026-06-06 08:30:00+02:00,88.28785589033313,72.06
2026-06-06 08:45:00+02:00,64.13084700494942,53.83
2026-06-06 09:00:00+02:00,90.89143895165421,69.14
2026-06-06 09:15:00+02:00,71.20902853938583,52.81
2026-06-06 09:30:00+02:00,38.75402864554144,52.14
2026-06-06 09:45:00+02:00,12.122887119338287,25.91
2026-06-06 10:00:00+02:00,31.38770951112918,31.42
2026-06-06 10:15:00+02:00,12.23019838591059,18.43
2026-06-06 10:30:00+02:00,11.334254503565127,9.11
2026-06-06 10:45:00+02:00,13.630080296697535,0.01
2026-06-06 11:00:00+02:00,11.799064528445625,0.07
2026-06-06 11:15:00+02:00,6.182876672434862,0.03
2026-06-06 11:30:00+02:00,1.5770655470838912,0.03
2026-06-06 11:45:00+02:00,6.355819663760817,0.0
2026-06-06 12:00:00+02:00,7.042230775216735,0.0
2026-06-06 12:15:00+02:00,11.856940163728982,-0.03
2026-06-06 12:30:00+02:00,12.211502987888835,-0.03
2026-06-06 12:45:00+02:00,8.064660793787638,-0.06
2026-06-06 13:00:00+02:00,8.429617919178087,-0.01
2026-06-06 13:15:00+02:00,7.335820541659636,-0.02
2026-06-06 13:30:00+02:00,6.9031191168528,-0.04
2026-06-06 13:45:00+02:00,3.703514989337055,-0.03
2026-06-06 14:00:00+02:00,2.0639560925505656,-0.03
2026-06-06 14:15:00+02:00,6.4041812311734825,0.0
2026-06-06 14:30:00+02:00,17.973451657768557,0.03
2026-06-06 14:45:00+02:00,16.337639583806432,0.09
2026-06-06 15:00:00+02:00,20.183514455579974,1.79
2026-06-06 15:15:00+02:00,19.784463029533114,6.42
2026-06-06 15:30:00+02:00,32.20235815360211,8.94
2026-06-06 15:45:00+02:00,42.601741753988165,20.89
2026-06-06 16:00:00+02:00,29.000598194644297,12.21
2026-06-06 16:15:00+02:00,51.20583570176589,42.0
2026-06-06 16:30:00+02:00,73.98633023393846,57.41
2026-06-06 16:45:00+02:00,92.91508754014484,72.8
2026-06-06 17:00:00+02:00,64.04014594470989,63.72
2026-06-06 17:15:00+02:00,89.157003285261,82.05
2026-06-06 17:30:00+02:00,98.14512696867848,102.37
2026-06-06 17:45:00+02:00,123.89571221899155,124.99
2026-06-06 18:00:00+02:00,101.39218148714225,110.99
2026-06-06 18:15:00+02:00,116.23589102274735,119.7
2026-06-06 18:30:00+02:00,130.13042101814176,129.43
2026-06-06 18:45:00+02:00,154.1484255559414,127.03
2026-06-06 19:00:00+02:00,129.1334346047468,122.95
2026-06-06 19:15:00+02:00,128.23642966915924,130.67
2026-06-06 19:30:00+02:00,140.60292560262977,134.25
2026-06-06 19:45:00+02:00,164.7040977125326,147.53
2026-06-06 20:00:00+02:00,145.5806161360168,145.67
2026-06-06 20:15:00+02:00,157.28377369674206,148.98
2026-06-06 20:30:00+02:00,164.34893714886329,156.97
2026-06-06 20:45:00+02:00,154.06059222988512,158.11
2026-06-06 21:00:00+02:00,166.73807942252174,162.35
2026-06-06 21:15:00+02:00,147.12309774445,154.29
2026-06-06 21:30:00+02:00,142.83996072543042,145.11
2026-06-06 21:45:00+02:00,139.12536411822498,141.94
2026-06-06 22:00:00+02:00,140.40964709423756,147.03
2026-06-06 22:15:00+02:00,143.6839102539278,136.95
2026-06-06 22:30:00+02:00,135.19495397255386,130.78
2026-06-06 22:45:00+02:00,133.80009983062234,122.55
2026-06-06 23:00:00+02:00,140.4469973814208,127.47
2026-06-06 23:15:00+02:00,130.72846312481875,124.34
2026-06-06 23:30:00+02:00,127.17001291352823,120.07
2026-06-06 23:45:00+02:00,118.6782558878574,114.29
2026-06-07 00:00:00+02:00,130.4911282329961,120.63
2026-06-07 00:15:00+02:00,122.96718433265862,109.22
2026-06-07 00:30:00+02:00,119.27240325814054,107.6
2026-06-07 00:45:00+02:00,117.05215850331285,105.35
2026-06-07 01:00:00+02:00,121.34504420661133,105.73
2026-06-07 01:15:00+02:00,118.07570497820805,101.59
2026-06-07 01:30:00+02:00,114.57906751941125,98.78
2026-06-07 01:45:00+02:00,114.51994766904977,91.95
2026-06-07 02:00:00+02:00,116.25217631791725,99.52
2026-06-07 02:15:00+02:00,115.73090573896495,93.24
2026-06-07 02:30:00+02:00,113.98818892710547,92.05
2026-06-07 02:45:00+02:00,111.06599913287978,84.02
2026-06-07 03:00:00+02:00,110.66879446089666,91.73
2026-06-07 03:15:00+02:00,110.37156258697902,83.25
2026-06-07 03:30:00+02:00,108.87111257972984,79.8
2026-06-07 03:45:00+02:00,108.56787668859344,70.88
2026-06-07 04:00:00+02:00,107.97604126021199,75.03
2026-06-07 04:15:00+02:00,107.23192672804912,69.81
2026-06-07 04:30:00+02:00,106.01007680753348,65.21
2026-06-07 04:45:00+02:00,103.10997472678555,58.0
2026-06-07 05:00:00+02:00,106.23902508767698,60.74
2026-06-07 05:15:00+02:00,102.98555473367313,47.92
2026-06-07 05:30:00+02:00,100.79602321405747,36.9
2026-06-07 05:45:00+02:00,102.14010066243571,11.28
2026-06-07 06:00:00+02:00,90.91253946342822,8.55
2026-06-07 06:15:00+02:00,98.28621923705948,5.11
2026-06-07 06:30:00+02:00,98.17797142779892,4.43
2026-06-07 06:45:00+02:00,92.86011460061687,2.1
2026-06-07 07:00:00+02:00,108.12992478393554,1.84
2026-06-07 07:15:00+02:00,103.95321552188862,0.01
2026-06-07 07:30:00+02:00,88.70442825426741,0.0
2026-06-07 07:45:00+02:00,78.32599741509755,-0.01
2026-06-07 08:00:00+02:00,81.85405016338724,-0.01
2026-06-07 08:15:00+02:00,58.200832148725226,-0.05
2026-06-07 08:30:00+02:00,57.39392181492599,-0.11
2026-06-07 08:45:00+02:00,35.606474851901545,-2.04
2026-06-07 09:00:00+02:00,57.01331235445764,-1.3
2026-06-07 09:15:00+02:00,22.065179803624744,-3.4
2026-06-07 09:30:00+02:00,4.659054885031878,-5.5
2026-06-07 09:45:00+02:00,4.519932771026738,-10.0
2026-06-07 10:00:00+02:00,3.0757055454702,-4.99
2026-06-07 10:15:00+02:00,4.57189943082863,-5.46
2026-06-07 10:30:00+02:00,1.041068215020644,-9.88
2026-06-07 10:45:00+02:00,-2.6638341553634426,-11.67
2026-06-07 11:00:00+02:00,1.753945779787509,-12.74
2026-06-07 11:15:00+02:00,-3.676062004666588,-14.6
2026-06-07 11:30:00+02:00,-9.257248546396553,-14.3
2026-06-07 11:45:00+02:00,-11.803840197123883,-14.57
2026-06-07 12:00:00+02:00,-13.707234850708446,-14.99
2026-06-07 12:15:00+02:00,-18.369530190240404,-19.0
2026-06-07 12:30:00+02:00,-19.40708680610627,-19.0
2026-06-07 12:45:00+02:00,-24.027195134212626,-20.06
2026-06-07 13:00:00+02:00,-21.24905740179579,-23.4
2026-06-07 13:15:00+02:00,-25.34610572636404,-29.99
2026-06-07 13:30:00+02:00,-26.67154120436912,-40.11
2026-06-07 13:45:00+02:00,-27.22313944222822,-50.25
2026-06-07 14:00:00+02:00,-24.472467594152867,-44.03
2026-06-07 14:15:00+02:00,-31.789915856226404,-45.43
2026-06-07 14:30:00+02:00,-31.687493573774375,-44.45
2026-06-07 14:45:00+02:00,-33.50232107515253,-45.04
2026-06-07 15:00:00+02:00,-26.85208877475667,-50.07
2026-06-07 15:15:00+02:00,-19.927706566939534,-40.16
2026-06-07 15:30:00+02:00,-7.345930584054304,-31.78
2026-06-07 15:45:00+02:00,-2.072003843516889,-23.87
2026-06-07 16:00:00+02:00,1.2877879766194678,-28.06
2026-06-07 16:15:00+02:00,5.975258182866149,-17.95
2026-06-07 16:30:00+02:00,7.231895203481599,-12.79
2026-06-07 16:45:00+02:00,20.045596007975533,-5.04
2026-06-07 17:00:00+02:00,10.001256261937236,-3.42
2026-06-07 17:15:00+02:00,43.690993561956454,-1.0
2026-06-07 17:30:00+02:00,82.6923168320075,-0.11
2026-06-07 17:45:00+02:00,92.56094018134407,-0.01
2026-06-07 18:00:00+02:00,67.34737262591176,0.05
2026-06-07 18:15:00+02:00,83.85186037410824,21.29
2026-06-07 18:30:00+02:00,106.08187596676339,77.19
2026-06-07 18:45:00+02:00,114.34365647919677,115.97
2026-06-07 19:00:00+02:00,104.61783786958046,78.62
2026-06-07 19:15:00+02:00,106.35180581618673,107.43
2026-06-07 19:30:00+02:00,119.95108274035624,120.23
2026-06-07 19:45:00+02:00,126.16298241883393,125.73
2026-06-07 20:00:00+02:00,118.27868755950828,123.11
2026-06-07 20:15:00+02:00,115.22968809383991,125.62
2026-06-07 20:30:00+02:00,122.62539412475675,129.28
2026-06-07 20:45:00+02:00,133.76549787904588,135.06
2026-06-07 21:00:00+02:00,134.53025825061783,133.35
2026-06-07 21:15:00+02:00,136.61921339412575,134.88
2026-06-07 21:30:00+02:00,131.53761010793707,139.38
2026-06-07 21:45:00+02:00,143.91944607986724,140.94
2026-06-07 22:00:00+02:00,138.69850710420968,146.12
2026-06-07 22:15:00+02:00,141.3984613532199,143.25
2026-06-07 22:30:00+02:00,136.2802412608522,138.78
2026-06-07 22:45:00+02:00,140.97876050489936,136.6
2026-06-07 23:00:00+02:00,131.17257315781566,148.73
2026-06-07 23:15:00+02:00,130.48216109243222,137.92
2026-06-07 23:30:00+02:00,131.99196383940748,135.47
2026-06-07 23:45:00+02:00,125.26532605969464,139.25
2026-06-08 00:00:00+02:00,139.85584560447757,152.12
2026-06-08 00:15:00+02:00,136.0467699750314,139.2
2026-06-08 00:30:00+02:00,131.07198123733346,136.32
2026-06-08 00:45:00+02:00,125.19906761347177,134.08
2026-06-08 01:00:00+02:00,130.82185300354567,140.09
2026-06-08 01:15:00+02:00,128.14655769319253,134.23
2026-06-08 01:30:00+02:00,122.84702337706838,132.69
2026-06-08 01:45:00+02:00,122.0227914863906,129.94
2026-06-08 02:00:00+02:00,128.21073192442446,134.52
2026-06-08 02:15:00+02:00,125.59728620661902,131.97
2026-06-08 02:30:00+02:00,124.04989279394472,131.93
2026-06-08 02:45:00+02:00,119.16650476785951,132.42
2026-06-08 03:00:00+02:00,116.5985547299751,128.87
2026-06-08 03:15:00+02:00,115.07899883712099,127.73
2026-06-08 03:30:00+02:00,115.67357379515461,126.34
2026-06-08 03:45:00+02:00,116.21673801561717,127.74
2026-06-08 04:00:00+02:00,119.08385107986777,129.23
2026-06-08 04:15:00+02:00,120.41498653858669,129.0
2026-06-08 04:30:00+02:00,122.57320175931758,129.0
2026-06-08 04:45:00+02:00,123.85435268016279,133.47
2026-06-08 05:00:00+02:00,122.4251364199358,131.9
2026-06-08 05:15:00+02:00,121.59674930690113,133.49
2026-06-08 05:30:00+02:00,123.18419809464851,141.09
2026-06-08 05:45:00+02:00,124.31724401013905,147.77
2026-06-08 06:00:00+02:00,126.47062655095078,152.24
2026-06-08 06:15:00+02:00,118.64152404475347,153.8
2026-06-08 06:30:00+02:00,111.0481268865166,152.07
2026-06-08 06:45:00+02:00,104.99660591310271,144.59
2026-06-08 07:00:00+02:00,115.46027362944393,165.74
2026-06-08 07:15:00+02:00,107.69419270963925,147.88
2026-06-08 07:30:00+02:00,106.90957176444012,140.5
2026-06-08 07:45:00+02:00,90.68813479664308,128.58
2026-06-08 08:00:00+02:00,109.50054015853584,144.92
2026-06-08 08:15:00+02:00,106.37333323231454,130.06
2026-06-08 08:30:00+02:00,79.2528671396192,119.11
2026-06-08 08:45:00+02:00,49.79610204098162,105.41
2026-06-08 09:00:00+02:00,78.57777424235803,117.05
2026-06-08 09:15:00+02:00,48.3211394705134,106.56
2026-06-08 09:30:00+02:00,42.0080832365701,97.93
2026-06-08 09:45:00+02:00,31.36917132952627,82.07
2026-06-08 10:00:00+02:00,47.04726802964019,95.08
2026-06-08 10:15:00+02:00,23.353769647080128,82.99
2026-06-08 10:30:00+02:00,13.06644227515555,69.55
2026-06-08 10:45:00+02:00,6.983276216255876,56.04
2026-06-08 11:00:00+02:00,11.210614293855123,68.38
2026-06-08 11:15:00+02:00,12.831833055989437,60.43
2026-06-08 11:30:00+02:00,7.696493394160772,50.06
2026-06-08 11:45:00+02:00,4.94155877825001,43.7
2026-06-08 12:00:00+02:00,0.5068261578628529,59.69
2026-06-08 12:15:00+02:00,3.4065035819427814,54.85
2026-06-08 12:30:00+02:00,5.423701109000311,52.22
2026-06-08 12:45:00+02:00,7.8535615752466885,51.17
2026-06-08 13:00:00+02:00,1.7800041088601106,55.1
2026-06-08 13:15:00+02:00,3.8173513876829643,54.67
2026-06-08 13:30:00+02:00,-1.9534241310769576,54.84
2026-06-08 13:45:00+02:00,-1.291834373313396,56.26
2026-06-08 14:00:00+02:00,-3.0243619342519725,52.17
2026-06-08 14:15:00+02:00,-1.7555942938796587,62.51
2026-06-08 14:30:00+02:00,6.244092062097903,77.46
2026-06-08 14:45:00+02:00,7.047558533697317,82.54
2026-06-08 15:00:00+02:00,4.949673395366859,75.29
2026-06-08 15:15:00+02:00,6.713085132412884,81.81
2026-06-08 15:30:00+02:00,20.309505223332568,91.3
2026-06-08 15:45:00+02:00,32.996642416795524,107.01
2026-06-08 16:00:00+02:00,13.686801158545713,86.11
2026-06-08 16:15:00+02:00,41.37285112604148,98.68
2026-06-08 16:30:00+02:00,60.4296349377534,107.51
2026-06-08 16:45:00+02:00,76.98024504697314,118.02
2026-06-08 17:00:00+02:00,61.13641495589954,109.67
2026-06-08 17:15:00+02:00,83.0432132198473,119.72
2026-06-08 17:30:00+02:00,106.35396609713453,131.9
2026-06-08 17:45:00+02:00,135.78280604660463,154.21
2026-06-08 18:00:00+02:00,99.7035408603662,129.18
2026-06-08 18:15:00+02:00,122.11999242819635,138.97
2026-06-08 18:30:00+02:00,141.41783429143183,155.26
2026-06-08 18:45:00+02:00,144.87276886636627,181.91
2026-06-08 19:00:00+02:00,125.82766384541753,171.13
2026-06-08 19:15:00+02:00,142.1772765414354,190.3
2026-06-08 19:30:00+02:00,151.30979540057402,208.56
2026-06-08 19:45:00+02:00,154.18371570287022,227.3
2026-06-08 20:00:00+02:00,167.10676284436025,207.71
2026-06-08 20:15:00+02:00,164.17289546679166,207.39
2026-06-08 20:30:00+02:00,173.29013079399965,211.54
2026-06-08 20:45:00+02:00,165.53788377794166,208.97
2026-06-08 21:00:00+02:00,168.0008718428386,217.86
2026-06-08 21:15:00+02:00,161.3752103419375,195.25
2026-06-08 21:30:00+02:00,151.1023906175656,175.82
2026-06-08 21:45:00+02:00,143.61711365622955,154.07
2026-06-08 22:00:00+02:00,151.27248497006065,179.14
2026-06-08 22:15:00+02:00,144.4714617235586,157.01
2026-06-08 22:30:00+02:00,135.26325305275452,139.49
2026-06-08 22:45:00+02:00,125.380427617334,133.83
2026-06-08 23:00:00+02:00,137.34789544613002,136.51
2026-06-08 23:15:00+02:00,128.87808207984506,128.01
2026-06-08 23:30:00+02:00,121.27909377245656,127.25
2026-06-08 23:45:00+02:00,116.0459147259486,121.05
2026-06-09 00:00:00+02:00,137.94770468430747,142.87
2026-06-09 00:15:00+02:00,126.83256671342379,129.99
2026-06-09 00:30:00+02:00,123.7172156125632,124.63
2026-06-09 00:45:00+02:00,120.66360241601151,118.56
2026-06-09 01:00:00+02:00,123.60085082633653,125.38
2026-06-09 01:15:00+02:00,117.37164375060364,122.62
2026-06-09 01:30:00+02:00,116.61487322911535,121.18
2026-06-09 01:45:00+02:00,113.69210920462938,119.45
2026-06-09 02:00:00+02:00,112.05126961060184,118.08
2026-06-09 02:15:00+02:00,111.82852376327524,114.99
2026-06-09 02:30:00+02:00,107.61535606903857,116.7
2026-06-09 02:45:00+02:00,105.62821744202861,112.23
2026-06-09 03:00:00+02:00,107.46887516491168,114.2
2026-06-09 03:15:00+02:00,104.26884013266175,111.15
2026-06-09 03:30:00+02:00,100.61299872407606,110.72
2026-06-09 03:45:00+02:00,98.82965204609604,108.8
2026-06-09 04:00:00+02:00,101.94103678135237,111.5
2026-06-09 04:15:00+02:00,94.94745084436218,110.41
2026-06-09 04:30:00+02:00,98.65065810663063,109.99
2026-06-09 04:45:00+02:00,97.24770265766506,110.0
2026-06-09 05:00:00+02:00,101.1796090122243,113.4
2026-06-09 05:15:00+02:00,97.8762700093315,114.24
2026-06-09 05:30:00+02:00,107.77131075646638,115.35
2026-06-09 05:45:00+02:00,121.32836586861691,120.38
2026-06-09 06:00:00+02:00,109.63598791277543,124.84
2026-06-09 06:15:00+02:00,118.4205124183859,131.09
2026-06-09 06:30:00+02:00,131.96454909936628,133.35
2026-06-09 06:45:00+02:00,126.06487474933058,131.33
2026-06-09 07:00:00+02:00,143.14198812047096,141.69
2026-06-09 07:15:00+02:00,143.81224705689516,135.26
2026-06-09 07:30:00+02:00,130.45610973344816,134.09
2026-06-09 07:45:00+02:00,124.19946343108556,127.49
2026-06-09 08:00:00+02:00,136.0231849092101,138.32
2026-06-09 08:15:00+02:00,124.66834235782248,129.26
2026-06-09 08:30:00+02:00,125.11911161731366,125.11
2026-06-09 08:45:00+02:00,118.15155579813265,114.87
2026-06-09 09:00:00+02:00,127.27759761774674,127.06
2026-06-09 09:15:00+02:00,111.9032687951779,109.58
2026-06-09 09:30:00+02:00,99.17025060175554,102.66
2026-06-09 09:45:00+02:00,86.22289343855445,88.7
2026-06-09 10:00:00+02:00,99.04369399552478,100.01
2026-06-09 10:15:00+02:00,93.89694485581106,85.9
2026-06-09 10:30:00+02:00,61.63951475202751,78.9
2026-06-09 10:45:00+02:00,45.08152914797351,64.53
2026-06-09 11:00:00+02:00,54.828132118570316,82.23
2026-06-09 11:15:00+02:00,52.535623772869336,65.41
2026-06-09 11:30:00+02:00,53.41524681932333,55.81
2026-06-09 11:45:00+02:00,45.89221456865417,40.15
2026-06-09 12:00:00+02:00,51.24428077382812,50.63
2026-06-09 12:15:00+02:00,46.09299839730321,28.44
2026-06-09 12:30:00+02:00,44.01204483011443,15.1
2026-06-09 12:45:00+02:00,42.202879455389045,6.69
2026-06-09 13:00:00+02:00,43.324216750676584,8.1
2026-06-09 13:15:00+02:00,35.55045927523276,3.83
2026-06-09 13:30:00+02:00,34.626301437020324,2.1
2026-06-09 13:45:00+02:00,32.06262911913402,0.1
2026-06-09 14:00:00+02:00,29.6981695165634,0.1
2026-06-09 14:15:00+02:00,28.602939116261844,0.3
2026-06-09 14:30:00+02:00,29.145081812713734,0.09
2026-06-09 14:45:00+02:00,32.882581299021446,0.09
2026-06-09 15:00:00+02:00,37.549301115258736,0.09
2026-06-09 15:15:00+02:00,37.35185682254348,0.38
2026-06-09 15:30:00+02:00,44.71555672085976,1.11
2026-06-09 15:45:00+02:00,64.77647689195622,4.5
2026-06-09 16:00:00+02:00,34.100730416086826,3.39
2026-06-09 16:15:00+02:00,65.01089173553501,13.01
2026-06-09 16:30:00+02:00,90.72378504703502,40.66
2026-06-09 16:45:00+02:00,99.52947919477194,65.28
2026-06-09 17:00:00+02:00,83.0311973384025,30.02
2026-06-09 17:15:00+02:00,94.0348825277324,71.85
2026-06-09 17:30:00+02:00,104.27240887964523,93.49
2026-06-09 17:45:00+02:00,123.27158934613902,107.55
2026-06-09 18:00:00+02:00,103.54580344421635,93.88
2026-06-09 18:15:00+02:00,126.32719452301907,111.99
2026-06-09 18:30:00+02:00,131.1842205809723,128.27
2026-06-09 18:45:00+02:00,140.85332268805857,140.05
2026-06-09 19:00:00+02:00,129.4906327280497,121.6
2026-06-09 19:15:00+02:00,144.33427604741254,137.96
2026-06-09 19:30:00+02:00,153.9162020618138,144.01
2026-06-09 19:45:00+02:00,175.91989102827642,145.63
2026-06-09 20:00:00+02:00,163.60086350841058,145.18
2026-06-09 20:15:00+02:00,162.2506282126633,150.2
2026-06-09 20:30:00+02:00,163.90455144060104,157.02
2026-06-09 20:45:00+02:00,163.39919114970422,162.52
2026-06-09 21:00:00+02:00,169.99990204921068,157.61
2026-06-09 21:15:00+02:00,173.84111207395475,158.32
2026-06-09 21:30:00+02:00,170.378871576864,157.7
2026-06-09 21:45:00+02:00,157.42731844672505,151.47
2026-06-09 22:00:00+02:00,158.67499952061593,152.66
2026-06-09 22:15:00+02:00,158.28571084526737,149.99
2026-06-09 22:30:00+02:00,142.8436593144902,143.95
2026-06-09 22:45:00+02:00,136.88565713852702,133.37
2026-06-09 23:00:00+02:00,140.80166159535833,141.76
2026-06-09 23:15:00+02:00,137.3187127112136,132.09
2026-06-09 23:30:00+02:00,134.7161921730453,129.38
2026-06-09 23:45:00+02:00,131.22571685783757,122.0
2026-06-10 00:00:00+02:00,137.49377520072983,129.9
2026-06-10 00:15:00+02:00,130.76887971447417,126.58
2026-06-10 00:30:00+02:00,128.26307449736402,123.99
2026-06-10 00:45:00+02:00,122.3275677108288,119.18
2026-06-10 01:00:00+02:00,127.98979016555036,122.96
2026-06-10 01:15:00+02:00,123.17795058346921,118.4
2026-06-10 01:30:00+02:00,120.1996893117764,115.29
2026-06-10 01:45:00+02:00,117.12596494654947,110.96
2026-06-10 02:00:00+02:00,117.80292157148789,114.25
2026-06-10 02:15:00+02:00,114.43504709905528,110.27
2026-06-10 02:30:00+02:00,117.42006770291127,111.03
2026-06-10 02:45:00+02:00,116.45148424994669,108.96
2026-06-10 03:00:00+02:00,119.07652714950076,110.81
2026-06-10 03:15:00+02:00,116.36058018700565,111.24
2026-06-10 03:30:00+02:00,115.60420657326405,111.16
2026-06-10 03:45:00+02:00,114.56610033408731,112.02
2026-06-10 04:00:00+02:00,115.54038692450469,108.82
2026-06-10 04:15:00+02:00,116.57319423449592,111.12
2026-06-10 04:30:00+02:00,115.03206107890877,115.03
2026-06-10 04:45:00+02:00,114.96124420545445,117.99
2026-06-10 05:00:00+02:00,116.57789061830444,113.42
2026-06-10 05:15:00+02:00,118.03169129490263,117.25
2026-06-10 05:30:00+02:00,120.14344147549656,118.43
2026-06-10 05:45:00+02:00,130.59117267398247,125.91
2026-06-10 06:00:00+02:00,126.71856130285501,128.02
2026-06-10 06:15:00+02:00,142.25515751664324,134.26
2026-06-10 06:30:00+02:00,142.2086291372018,134.09
2026-06-10 06:45:00+02:00,138.83053617348608,131.2
2026-06-10 07:00:00+02:00,149.48888848068646,140.11
2026-06-10 07:15:00+02:00,146.50068277920144,138.02
2026-06-10 07:30:00+02:00,141.37936383976958,135.4
2026-06-10 07:45:00+02:00,132.17519988440256,133.7
2026-06-10 08:00:00+02:00,154.8147894181118,141.21
2026-06-10 08:15:00+02:00,139.29135815371168,132.74
2026-06-10 08:30:00+02:00,124.07273071929146,126.51
2026-06-10 08:45:00+02:00,108.70281721203567,106.15
2026-06-10 09:00:00+02:00,128.3037780359273,124.13
2026-06-10 09:15:00+02:00,111.82059751415768,108.38
2026-06-10 09:30:00+02:00,102.78282870821894,95.0
2026-06-10 09:45:00+02:00,93.3744601752808,90.9
2026-06-10 10:00:00+02:00,106.70580333106543,99.1
2026-06-10 10:15:00+02:00,83.41286414985424,88.26
2026-06-10 10:30:00+02:00,89.19963887687986,86.87
2026-06-10 10:45:00+02:00,66.00153639320197,72.0
2026-06-10 11:00:00+02:00,83.44970463723135,82.25
2026-06-10 11:15:00+02:00,64.22219226610798,75.99
2026-06-10 11:30:00+02:00,52.086840048766,69.99
2026-06-10 11:45:00+02:00,52.764376990482106,64.0
2026-06-10 12:00:00+02:00,55.184887153123164,69.93
2026-06-10 12:15:00+02:00,54.69408875314105,64.48
2026-06-10 12:30:00+02:00,47.611290025459866,69.22
2026-06-10 12:45:00+02:00,50.188164240556866,71.08
2026-06-10 13:00:00+02:00,47.124041105145785,72.37
2026-06-10 13:15:00+02:00,50.56842730929384,72.07
2026-06-10 13:30:00+02:00,56.639772063752815,71.91
2026-06-10 13:45:00+02:00,48.27829598255791,69.92
2026-06-10 14:00:00+02:00,45.742366382884256,70.04
2026-06-10 14:15:00+02:00,44.565982014619074,72.04
2026-06-10 14:30:00+02:00,45.05070764166385,79.02
2026-06-10 14:45:00+02:00,46.68912049199166,90.2
2026-06-10 15:00:00+02:00,41.6518090029589,71.31
2026-06-10 15:15:00+02:00,56.5154426323566,87.05
2026-06-10 15:30:00+02:00,69.98721327893115,88.78
2026-06-10 15:45:00+02:00,79.04300560368696,99.36
2026-06-10 16:00:00+02:00,68.2637174092078,85.53
2026-06-10 16:15:00+02:00,80.24122339434803,96.31
2026-06-10 16:30:00+02:00,102.6230233433468,108.64
2026-06-10 16:45:00+02:00,109.80288058496922,123.33
2026-06-10 17:00:00+02:00,100.73061400226038,105.53
2026-06-10 17:15:00+02:00,112.54627892492931,119.26
2026-06-10 17:30:00+02:00,118.12355913004296,131.9
2026-06-10 17:45:00+02:00,123.56968840969935,144.91
2026-06-10 18:00:00+02:00,116.17694996039509,123.75
2026-06-10 18:15:00+02:00,123.57462403782816,139.17
2026-06-10 18:30:00+02:00,140.2684650550092,147.66
2026-06-10 18:45:00+02:00,158.06620162094325,151.52
2026-06-10 19:00:00+02:00,138.5081264135419,145.05
2026-06-10 19:15:00+02:00,150.2530884333051,158.68
2026-06-10 19:30:00+02:00,162.1540938361114,177.37
2026-06-10 19:45:00+02:00,184.97657381330245,202.77
2026-06-10 20:00:00+02:00,174.17567164448909,186.58
2026-06-10 20:15:00+02:00,170.35876369939706,203.54
2026-06-10 20:30:00+02:00,179.2122623932145,226.12
2026-06-10 20:45:00+02:00,181.85681690358837,239.68
2026-06-10 21:00:00+02:00,195.6395672780376,226.06
2026-06-10 21:15:00+02:00,183.04442841826844,209.8
2026-06-10 21:30:00+02:00,170.95498550252165,196.35
2026-06-10 21:45:00+02:00,152.62514713574626,187.78
2026-06-10 22:00:00+02:00,159.2157142997374,189.2
2026-06-10 22:15:00+02:00,152.22619051795806,176.19
2026-06-10 22:30:00+02:00,146.57493565949358,162.06
2026-06-10 22:45:00+02:00,139.57746806060265,147.09
2026-06-10 23:00:00+02:00,146.7575737216778,169.8
2026-06-10 23:15:00+02:00,137.60641098660395,149.99
2026-06-10 23:30:00+02:00,131.53947888813013,146.65
2026-06-10 23:45:00+02:00,131.49280575860544,140.56
2026-06-11 00:00:00+02:00,154.20137798802594,147.22
2026-06-11 00:15:00+02:00,144.65359750317737,140.88
2026-06-11 00:30:00+02:00,137.24545636514486,141.48
2026-06-11 00:45:00+02:00,129.7750672594463,133.35
2026-06-11 01:00:00+02:00,141.25695293006444,138.53
2026-06-11 01:15:00+02:00,132.4431036944958,134.95
2026-06-11 01:30:00+02:00,129.3033693917008,131.42
2026-06-11 01:45:00+02:00,124.65842847421551,129.05
2026-06-11 02:00:00+02:00,127.2697661451596,130.2
2026-06-11 02:15:00+02:00,126.43082451756457,126.5
2026-06-11 02:30:00+02:00,127.4004472322265,124.57
2026-06-11 02:45:00+02:00,125.17066066206841,123.51
2026-06-11 03:00:00+02:00,124.31918933902621,128.26
2026-06-11 03:15:00+02:00,121.7652593730673,125.13
2026-06-11 03:30:00+02:00,120.38254975169545,125.65
2026-06-11 03:45:00+02:00,118.3477396987713,123.99
2026-06-11 04:00:00+02:00,121.95176350714851,125.23
2026-06-11 04:15:00+02:00,125.46280352363539,125.5
2026-06-11 04:30:00+02:00,124.72884095212568,126.02
2026-06-11 04:45:00+02:00,127.89748032190711,127.43
2026-06-11 05:00:00+02:00,124.90131456995235,123.99
2026-06-11 05:15:00+02:00,124.21842464443361,123.86
2026-06-11 05:30:00+02:00,122.70452301823045,127.62
2026-06-11 05:45:00+02:00,130.34622911146403,131.18
2026-06-11 06:00:00+02:00,135.27485829486423,135.19
2026-06-11 06:15:00+02:00,141.1444004347657,139.53
2026-06-11 06:30:00+02:00,150.0197257936727,140.0
2026-06-11 06:45:00+02:00,140.6049530370264,138.6
2026-06-11 07:00:00+02:00,154.2449802171609,154.08
2026-06-11 07:15:00+02:00,140.0986009051129,139.93
2026-06-11 07:30:00+02:00,135.34876530150984,134.88
2026-06-11 07:45:00+02:00,127.4759427981597,126.3
2026-06-11 08:00:00+02:00,144.8229416933107,142.42
2026-06-11 08:15:00+02:00,137.99495602297057,134.02
2026-06-11 08:30:00+02:00,131.69991401317395,122.79
2026-06-11 08:45:00+02:00,112.139368880524,107.33
2026-06-11 09:00:00+02:00,127.83098327582293,119.28
2026-06-11 09:15:00+02:00,116.28110246758102,106.67
2026-06-11 09:30:00+02:00,100.07966709948951,99.31
2026-06-11 09:45:00+02:00,87.71682491779654,89.93
2026-06-11 10:00:00+02:00,107.45330725072435,105.49
2026-06-11 10:15:00+02:00,85.17738943784227,93.17
2026-06-11 10:30:00+02:00,68.1661962022225,83.72
2026-06-11 10:45:00+02:00,50.9620197098619,79.79
2026-06-11 11:00:00+02:00,77.22933462055101,89.69
2026-06-11 11:15:00+02:00,56.77899453748557,78.99
2026-06-11 11:30:00+02:00,47.29272208441303,73.61
2026-06-11 11:45:00+02:00,36.121037967586794,65.6
2026-06-11 12:00:00+02:00,59.28884536568689,67.03
2026-06-11 12:15:00+02:00,46.003519897964104,61.78
2026-06-11 12:30:00+02:00,31.875798106426426,58.62
2026-06-11 12:45:00+02:00,28.947998786318845,53.66
2026-06-11 13:00:00+02:00,29.152761641605192,59.34
2026-06-11 13:15:00+02:00,30.434535318273483,49.35
2026-06-11 13:30:00+02:00,26.189524635729875,42.21
2026-06-11 13:45:00+02:00,21.285386953888885,30.34
2026-06-11 14:00:00+02:00,17.290136878576234,33.92
2026-06-11 14:15:00+02:00,20.860037331828252,32.3
2026-06-11 14:30:00+02:00,32.966312487082554,30.07
2026-06-11 14:45:00+02:00,39.07040988660845,30.03
2026-06-11 15:00:00+02:00,30.144323644798735,39.94
2026-06-11 15:15:00+02:00,34.25073250447949,46.02
2026-06-11 15:30:00+02:00,29.639837659925043,51.78
2026-06-11 15:45:00+02:00,47.877287286358616,66.36
2026-06-11 16:00:00+02:00,28.183541276574072,52.8
2026-06-11 16:15:00+02:00,47.51808841970062,71.97
2026-06-11 16:30:00+02:00,71.45243005415442,85.02
2026-06-11 16:45:00+02:00,94.3960050571239,104.08
2026-06-11 17:00:00+02:00,61.424676163460845,77.87
2026-06-11 17:15:00+02:00,93.151242878247,100.0
2026-06-11 17:30:00+02:00,115.22090909622494,107.77
2026-06-11 17:45:00+02:00,130.93123654380722,120.75
2026-06-11 18:00:00+02:00,105.13494510921753,110.54
2026-06-11 18:15:00+02:00,120.92420014954662,118.11
2026-06-11 18:30:00+02:00,130.5287153063203,133.28
2026-06-11 18:45:00+02:00,137.46116310947215,149.99
2026-06-11 19:00:00+02:00,130.127262443953,126.37
2026-06-11 19:15:00+02:00,137.6814612332692,139.34
2026-06-11 19:30:00+02:00,144.6305835983692,150.06
2026-06-11 19:45:00+02:00,152.12695195944158,169.17
2026-06-11 20:00:00+02:00,155.85832619517225,159.4
2026-06-11 20:15:00+02:00,159.47049921654806,168.88
2026-06-11 20:30:00+02:00,167.63051532699478,183.74
2026-06-11 20:45:00+02:00,177.46793030570416,187.41
2026-06-11 21:00:00+02:00,181.0944449582346,183.29
2026-06-11 21:15:00+02:00,163.78542166991332,172.46
2026-06-11 21:30:00+02:00,159.70849727484295,161.2
2026-06-11 21:45:00+02:00,145.6849726306959,142.82
2026-06-11 22:00:00+02:00,155.9130445535487,152.66
2026-06-11 22:15:00+02:00,148.63059236754674,143.04
2026-06-11 22:30:00+02:00,135.0728886307945,131.98
2026-06-11 22:45:00+02:00,127.50322323972937,121.25
2026-06-11 23:00:00+02:00,132.55069233093718,128.03
2026-06-11 23:15:00+02:00,126.14748935403567,119.99
2026-06-11 23:30:00+02:00,122.53229182723277,114.37
2026-06-11 23:45:00+02:00,122.18468501521846,101.86
2026-06-12 00:00:00+02:00,114.8082588172639,128.14
2026-06-12 00:15:00+02:00,110.85069571708844,119.99
2026-06-12 00:30:00+02:00,111.33655532425101,113.8
2026-06-12 00:45:00+02:00,105.00219159047556,105.65
2026-06-12 01:00:00+02:00,109.28834553000709,112.92
2026-06-12 01:15:00+02:00,106.24011383795444,107.02
2026-06-12 01:30:00+02:00,105.74380040117951,99.11
2026-06-12 01:45:00+02:00,100.42521217509837,89.0
2026-06-12 02:00:00+02:00,103.65723686871657,101.48
2026-06-12 02:15:00+02:00,102.62906208032784,96.28
2026-06-12 02:30:00+02:00,104.5078221645779,93.9
2026-06-12 02:45:00+02:00,102.7247051599916,86.36
2026-06-12 03:00:00+02:00,107.10276597018049,94.59
2026-06-12 03:15:00+02:00,104.89911239491653,92.01
2026-06-12 03:30:00+02:00,107.50508714874245,90.68
2026-06-12 03:45:00+02:00,107.07674103850103,90.93
2026-06-12 04:00:00+02:00,104.18907924109821,90.27
2026-06-12 04:15:00+02:00,105.6073660954379,91.85
2026-06-12 04:30:00+02:00,109.12797718533358,93.38
2026-06-12 04:45:00+02:00,111.86165458270723,96.69
2026-06-12 05:00:00+02:00,108.91219930263146,88.54
2026-06-12 05:15:00+02:00,112.83308932636348,91.92
2026-06-12 05:30:00+02:00,112.93999279481744,97.39
2026-06-12 05:45:00+02:00,116.63161356866684,106.46
2026-06-12 06:00:00+02:00,113.6590431531445,105.96
2026-06-12 06:15:00+02:00,126.89344961296138,119.24
2026-06-12 06:30:00+02:00,130.18159146221652,121.37
2026-06-12 06:45:00+02:00,124.36363920720082,124.46
2026-06-12 07:00:00+02:00,134.87259611263502,125.69
2026-06-12 07:15:00+02:00,134.05217129261848,125.53
2026-06-12 07:30:00+02:00,137.60220911212758,120.69
2026-06-12 07:45:00+02:00,126.83611242377555,118.71
2026-06-12 08:00:00+02:00,143.54879067883402,134.49
2026-06-12 08:15:00+02:00,133.5923795294316,129.37
2026-06-12 08:30:00+02:00,123.52538626142169,124.34
2026-06-12 08:45:00+02:00,110.75008388289068,121.16
2026-06-12 09:00:00+02:00,137.17196500913013,123.77
2026-06-12 09:15:00+02:00,118.26466686244717,120.0
2026-06-12 09:30:00+02:00,110.7502918074291,114.56
2026-06-12 09:45:00+02:00,86.85635384663172,111.29
2026-06-12 10:00:00+02:00,111.54687186617635,111.04
2026-06-12 10:15:00+02:00,95.13738148606123,104.18
2026-06-12 10:30:00+02:00,77.24960438305108,98.36
2026-06-12 10:45:00+02:00,52.103894246608185,94.82
2026-06-12 11:00:00+02:00,70.3894823709488,95.48
2026-06-12 11:15:00+02:00,50.13171354870765,91.74
2026-06-12 11:30:00+02:00,41.937515240730875,89.78
2026-06-12 11:45:00+02:00,29.838474749272745,85.04
2026-06-12 12:00:00+02:00,36.1737087785358,83.17
2026-06-12 12:15:00+02:00,37.54712841800089,78.97
2026-06-12 12:30:00+02:00,41.64603761074656,82.44
2026-06-12 12:45:00+02:00,37.351423010067506,79.44
2026-06-12 13:00:00+02:00,38.44967886610371,73.33
2026-06-12 13:15:00+02:00,35.18771071066742,72.13
2026-06-12 13:30:00+02:00,37.11425004129464,69.9
2026-06-12 13:45:00+02:00,44.29717973259575,65.17
2026-06-12 14:00:00+02:00,37.68858787284676,59.34
2026-06-12 14:15:00+02:00,43.810361946304,59.14
2026-06-12 14:30:00+02:00,52.02133705495538,60.51
2026-06-12 14:45:00+02:00,56.67291742889938,62.49
2026-06-12 15:00:00+02:00,45.965640787014515,52.51
2026-06-12 15:15:00+02:00,51.64077663101266,51.26
2026-06-12 15:30:00+02:00,55.37281737579704,57.94
2026-06-12 15:45:00+02:00,60.10086077659842,62.48
2026-06-12 16:00:00+02:00,41.46964340658128,53.76
2026-06-12 16:15:00+02:00,48.740636153874945,63.48
2026-06-12 16:30:00+02:00,60.52979360334439,71.66
2026-06-12 16:45:00+02:00,77.25982861595588,84.17
2026-06-12 17:00:00+02:00,63.098033788518286,61.29
2026-06-12 17:15:00+02:00,95.1707023462294,75.02
2026-06-12 17:30:00+02:00,105.6259386002981,83.54
2026-06-12 17:45:00+02:00,115.98898606630726,95.64
2026-06-12 18:00:00+02:00,103.48996762512941,86.73
2026-06-12 18:15:00+02:00,120.01981751863815,97.01
2026-06-12 18:30:00+02:00,123.93617100423798,112.92
2026-06-12 18:45:00+02:00,133.93631837582416,117.94
2026-06-12 19:00:00+02:00,127.92417163965153,109.59
2026-06-12 19:15:00+02:00,130.58748000003473,115.62
2026-06-12 19:30:00+02:00,133.3984564670089,119.31
2026-06-12 19:45:00+02:00,150.1834936062334,118.97
2026-06-12 20:00:00+02:00,133.6624002027019,114.24
2026-06-12 20:15:00+02:00,127.18378535913881,111.49
2026-06-12 20:30:00+02:00,134.8136952966497,107.74
2026-06-12 20:45:00+02:00,120.72509823502224,109.19
2026-06-12 21:00:00+02:00,143.5010073719231,110.75
2026-06-12 21:15:00+02:00,126.47708920757643,110.23
2026-06-12 21:30:00+02:00,122.64881861264956,110.12
2026-06-12 21:45:00+02:00,118.49008259712127,108.14
2026-06-12 22:00:00+02:00,127.09628829793694,113.43
2026-06-12 22:15:00+02:00,117.75134028178412,112.51
2026-06-12 22:30:00+02:00,112.08575167775875,112.25
2026-06-12 22:45:00+02:00,104.22594515306245,106.3
2026-06-12 23:00:00+02:00,109.63967786018067,108.06
2026-06-12 23:15:00+02:00,103.31367398871484,101.83
2026-06-12 23:30:00+02:00,102.34627713708086,100.1
2026-06-12 23:45:00+02:00,97.7771696614351,93.6
2026-06-13 00:00:00+02:00,81.56976795066987,108.97
2026-06-13 00:15:00+02:00,79.53086276158109,89.5
2026-06-13 00:30:00+02:00,80.65373560696179,78.71
2026-06-13 00:45:00+02:00,78.80884138505655,71.16
2026-06-13 01:00:00+02:00,84.51295405469241,85.86
2026-06-13 01:15:00+02:00,80.17298140358943,77.33
2026-06-13 01:30:00+02:00,78.44651746490584,71.47
2026-06-13 01:45:00+02:00,75.60953370224739,61.52
2026-06-13 02:00:00+02:00,76.57565333540882,71.15
2026-06-13 02:15:00+02:00,75.6290567843436,64.66
2026-06-13 02:30:00+02:00,75.80671161053607,64.66
2026-06-13 02:45:00+02:00,72.17451500575532,62.94
2026-06-13 03:00:00+02:00,76.64925058001884,69.24
2026-06-13 03:15:00+02:00,64.51062606661972,64.51
2026-06-13 03:30:00+02:00,62.64791851258462,63.37
2026-06-13 03:45:00+02:00,56.74850637987523,58.22
2026-06-13 04:00:00+02:00,55.69585823184386,72.16
2026-06-13 04:15:00+02:00,55.262102358725656,67.64
2026-06-13 04:30:00+02:00,60.11821907478131,62.43
2026-06-13 04:45:00+02:00,57.07782664102072,60.0
2026-06-13 05:00:00+02:00,51.00048175591704,72.68
2026-06-13 05:15:00+02:00,49.99922434204727,60.04
2026-06-13 05:30:00+02:00,52.99053642370727,45.8
2026-06-13 05:45:00+02:00,57.08816144539588,36.66
2026-06-13 06:00:00+02:00,58.14746544378946,49.65
2026-06-13 06:15:00+02:00,60.794606346928745,34.72
2026-06-13 06:30:00+02:00,54.92690807777096,26.79
2026-06-13 06:45:00+02:00,41.71159034157222,15.36
2026-06-13 07:00:00+02:00,60.75130972563851,30.68
2026-06-13 07:15:00+02:00,49.202801276545216,14.84
2026-06-13 07:30:00+02:00,35.96021866997879,7.0
2026-06-13 07:45:00+02:00,30.232980993554364,2.1
2026-06-13 08:00:00+02:00,29.983167605185244,1.4
2026-06-13 08:15:00+02:00,29.68233535357554,0.0
2026-06-13 08:30:00+02:00,28.748517154761657,-0.01
2026-06-13 08:45:00+02:00,19.028118671104593,-0.08
2026-06-13 09:00:00+02:00,33.249185804423604,-0.08
2026-06-13 09:15:00+02:00,14.186705001930903,-0.28
2026-06-13 09:30:00+02:00,0.3424990936600665,-2.0
2026-06-13 09:45:00+02:00,4.0019710661535015,-2.07
2026-06-13 10:00:00+02:00,7.638126437952991,-2.01
2026-06-13 10:15:00+02:00,10.023506173667307,-3.24
2026-06-13 10:30:00+02:00,-1.867824918645855,-5.01
2026-06-13 10:45:00+02:00,-0.8535450476646531,-9.41
2026-06-13 11:00:00+02:00,-0.8286085462660076,-9.98
2026-06-13 11:15:00+02:00,-4.260878046908949,-14.9
2026-06-13 11:30:00+02:00,-13.849164715864534,-17.9
2026-06-13 11:45:00+02:00,-16.62598090841325,-20.0
2026-06-13 12:00:00+02:00,-18.90993970582182,-19.94
2026-06-13 12:15:00+02:00,-23.448991323204805,-24.81
2026-06-13 12:30:00+02:00,-25.318560561197028,-29.94
2026-06-13 12:45:00+02:00,-31.832595576260193,-35.0
2026-06-13 13:00:00+02:00,-29.464133364892213,-35.49
2026-06-13 13:15:00+02:00,-29.646219331825055,-45.01
2026-06-13 13:30:00+02:00,-37.90424251188189,-49.98
2026-06-13 13:45:00+02:00,-36.61255697629062,-52.99
2026-06-13 14:00:00+02:00,-40.121065897602854,-46.52
2026-06-13 14:15:00+02:00,-35.04100976989119,-46.52
2026-06-13 14:30:00+02:00,-40.85118150895038,-45.0
2026-06-13 14:45:00+02:00,-43.47835095305697,-41.95
2026-06-13 15:00:00+02:00,-37.55027389905004,-36.82
2026-06-13 15:15:00+02:00,-33.45188590655452,-34.0
2026-06-13 15:30:00+02:00,-26.941406177211643,-30.0
2026-06-13 15:45:00+02:00,-22.014438860820267,-25.34
2026-06-13 16:00:00+02:00,-29.05211784752767,-25.0
2026-06-13 16:15:00+02:00,-19.82028617102442,-19.99
2026-06-13 16:30:00+02:00,-2.6159512450220035,-18.01
2026-06-13 16:45:00+02:00,0.16634687628976508,-13.68
2026-06-13 17:00:00+02:00,0.46289537253207413,-9.01
2026-06-13 17:15:00+02:00,21.78403477121219,-4.79
2026-06-13 17:30:00+02:00,43.77523425696967,-1.98
2026-06-13 17:45:00+02:00,43.02178531947034,-1.08
2026-06-13 18:00:00+02:00,26.98096302545828,-0.85
2026-06-13 18:15:00+02:00,37.07770679488878,-1.34
2026-06-13 18:30:00+02:00,71.48890310481215,-0.09
2026-06-13 18:45:00+02:00,96.88377119211017,0.09
2026-06-13 19:00:00+02:00,75.27214741598887,3.03
2026-06-13 19:15:00+02:00,86.87302375484421,20.2
2026-06-13 19:30:00+02:00,105.73418132524549,48.7
2026-06-13 19:45:00+02:00,118.67862775648578,61.71
2026-06-13 20:00:00+02:00,110.93060952890431,45.77
2026-06-13 20:15:00+02:00,109.36064699521862,72.65
2026-06-13 20:30:00+02:00,121.89267682077525,82.26
2026-06-13 20:45:00+02:00,123.6822515091754,88.34
2026-06-13 21:00:00+02:00,124.86872451546495,82.23
2026-06-13 21:15:00+02:00,125.62313767412297,85.9
2026-06-13 21:30:00+02:00,120.67582244226116,88.01
2026-06-13 21:45:00+02:00,105.59696206354633,92.5
2026-06-13 22:00:00+02:00,115.91124592540825,110.49
2026-06-13 22:15:00+02:00,104.6883116767656,103.77
2026-06-13 22:30:00+02:00,105.43829618879145,103.01
2026-06-13 22:45:00+02:00,95.18728129718357,92.67
2026-06-13 23:00:00+02:00,95.41635411263083,97.89
2026-06-13 23:15:00+02:00,87.92969992328362,89.98
2026-06-13 23:30:00+02:00,90.54614030162247,85.79
2026-06-13 23:45:00+02:00,80.56364545670516,78.34
2026-06-14 00:00:00+02:00,85.22668209597937,87.34
2026-06-14 00:15:00+02:00,72.54982617462645,75.89
2026-06-14 00:30:00+02:00,70.86293020497502,62.31
2026-06-14 00:45:00+02:00,68.26762724025323,45.61
2026-06-14 01:00:00+02:00,72.86036159795177,60.43
2026-06-14 01:15:00+02:00,73.46053932629522,52.57
2026-06-14 01:30:00+02:00,71.67386238476436,46.39
2026-06-14 01:45:00+02:00,60.70888066182,38.37
2026-06-14 02:00:00+02:00,68.06059033833941,45.0
2026-06-14 02:15:00+02:00,62.91432766083827,34.22
2026-06-14 02:30:00+02:00,64.49039720660546,28.14
2026-06-14 02:45:00+02:00,62.49269910100206,28.95
2026-06-14 03:00:00+02:00,67.7382226507045,29.72
2026-06-14 03:15:00+02:00,69.01497309340508,26.3
2026-06-14 03:30:00+02:00,65.53508011808321,28.73
2026-06-14 03:45:00+02:00,63.68075040404847,27.54
2026-06-14 04:00:00+02:00,65.91782548012903,25.74
2026-06-14 04:15:00+02:00,68.0255537917018,25.05
2026-06-14 04:30:00+02:00,63.901286864990844,27.09
2026-06-14 04:45:00+02:00,66.00557947745466,28.41
2026-06-14 05:00:00+02:00,73.90094482844054,24.98
2026-06-14 05:15:00+02:00,72.99893850704395,20.31
2026-06-14 05:30:00+02:00,61.33682987365016,21.62
2026-06-14 05:45:00+02:00,56.75326736595727,18.56
2026-06-14 06:00:00+02:00,59.259841490957356,13.8
2026-06-14 06:15:00+02:00,44.37603177985038,9.9
2026-06-14 06:30:00+02:00,37.906296993150036,5.48
2026-06-14 06:45:00+02:00,31.966243100140474,1.78
2026-06-14 07:00:00+02:00,44.40757494669131,1.88
2026-06-14 07:15:00+02:00,39.73708521910278,0.0
2026-06-14 07:30:00+02:00,26.14145297060149,-0.01
2026-06-14 07:45:00+02:00,28.69763449841635,-0.03
2026-06-14 08:00:00+02:00,24.385053111883465,-0.01
2026-06-14 08:15:00+02:00,19.23382983508678,-0.09
2026-06-14 08:30:00+02:00,15.797537187702858,-0.19
2026-06-14 08:45:00+02:00,19.98704674180398,-1.1
2026-06-14 09:00:00+02:00,23.514485458727236,-1.27
2026-06-14 09:15:00+02:00,28.57384579912285,-2.01
2026-06-14 09:30:00+02:00,4.89207380471511,-3.05
2026-06-14 09:45:00+02:00,0.08395338419269649,-5.0
2026-06-14 10:00:00+02:00,5.740454864838767,-3.47
2026-06-14 10:15:00+02:00,-12.376556107461894,-5.0
2026-06-14 10:30:00+02:00,-6.157770666599678,-7.01
2026-06-14 10:45:00+02:00,-10.063468771457533,-10.0
2026-06-14 11:00:00+02:00,-18.971784893841843,-7.3
2026-06-14 11:15:00+02:00,-21.558825294784732,-8.01
2026-06-14 11:30:00+02:00,-39.72203673358664,-10.01
2026-06-14 11:45:00+02:00,-49.75962495997865,-11.83
2026-06-14 12:00:00+02:00,-34.5876065455518,-11.87
2026-06-14 12:15:00+02:00,-54.17253075353743,-14.1
2026-06-14 12:30:00+02:00,-54.881642576546724,-15.0
2026-06-14 12:45:00+02:00,-62.24701760320189,-19.0
2026-06-14 13:00:00+02:00,-67.31756354758814,-17.01
2026-06-14 13:15:00+02:00,-76.43584640714676,-20.02
2026-06-14 13:30:00+02:00,-79.81866251530806,-26.7
2026-06-14 13:45:00+02:00,-87.35707710224206,-29.96
2026-06-14 14:00:00+02:00,-78.12354093401882,-26.08
2026-06-14 14:15:00+02:00,-78.8100133940573,-25.82
2026-06-14 14:30:00+02:00,-77.1952981334918,-24.1
2026-06-14 14:45:00+02:00,-82.1735945514189,-24.0
2026-06-14 15:00:00+02:00,-75.41050934313016,-21.98
2026-06-14 15:15:00+02:00,-75.88317654623674,-20.0
2026-06-14 15:30:00+02:00,-53.58106984487789,-19.92
2026-06-14 15:45:00+02:00,-29.45550004827138,-18.1
2026-06-14 16:00:00+02:00,-27.494664884076435,-14.91
2026-06-14 16:15:00+02:00,-6.975081460002649,-10.09
2026-06-14 16:30:00+02:00,-9.607340166634344,-7.47
2026-06-14 16:45:00+02:00,-1.664017529148694,-4.34
2026-06-14 17:00:00+02:00,4.919113847533744,-4.9
2026-06-14 17:15:00+02:00,13.821339967481407,-1.31
2026-06-14 17:30:00+02:00,30.956070769538186,-0.12
2026-06-14 17:45:00+02:00,41.353267188774566,-0.65
2026-06-14 18:00:00+02:00,9.118917935469781,-0.77
2026-06-14 18:15:00+02:00,29.570802259179615,-0.04
2026-06-14 18:30:00+02:00,51.3622925290193,3.75
2026-06-14 18:45:00+02:00,58.96805203572623,18.18
2026-06-14 19:00:00+02:00,68.66202128177878,21.35
2026-06-14 19:15:00+02:00,85.91261555248965,43.34
2026-06-14 19:30:00+02:00,84.11956797073206,83.91
2026-06-14 19:45:00+02:00,102.58162296141785,99.73
2026-06-14 20:00:00+02:00,89.30723635682659,83.71
2026-06-14 20:15:00+02:00,98.6677725993064,90.8
2026-06-14 20:30:00+02:00,116.59086607898422,100.01
2026-06-14 20:45:00+02:00,127.22595133660218,105.0
2026-06-14 21:00:00+02:00,117.78790305614727,103.59
2026-06-14 21:15:00+02:00,127.81609043180237,103.94
2026-06-14 21:30:00+02:00,117.61146397083174,100.98
2026-06-14 21:45:00+02:00,114.3084113818793,102.0
2026-06-14 22:00:00+02:00,125.41909105993413,120.05
2026-06-14 22:15:00+02:00,109.04465254458931,115.48
2026-06-14 22:30:00+02:00,102.58234215222242,108.01
2026-06-14 22:45:00+02:00,87.99565290231328,105.58
2026-06-14 23:00:00+02:00,98.21672554054885,109.15
2026-06-14 23:15:00+02:00,89.95325340902315,102.01
2026-06-14 23:30:00+02:00,84.83052637638633,101.14
2026-06-14 23:45:00+02:00,77.50981770500731,101.28
2026-06-15 00:00:00+02:00,89.04077660379565,115.02
2026-06-15 00:15:00+02:00,81.18121988812135,104.7
2026-06-15 00:30:00+02:00,79.20958390125,99.02
2026-06-15 00:45:00+02:00,79.27487449979583,86.99
2026-06-15 01:00:00+02:00,74.22973266056727,102.18
2026-06-15 01:15:00+02:00,75.21800860013133,96.49
2026-06-15 01:30:00+02:00,79.65108685082839,91.16
2026-06-15 01:45:00+02:00,78.696391069121,81.81
2026-06-15 02:00:00+02:00,78.68012229039076,88.38
2026-06-15 02:15:00+02:00,75.12395516096433,80.8
2026-06-15 02:30:00+02:00,75.43175631397447,87.59
2026-06-15 02:45:00+02:00,75.52143925873342,84.73
2026-06-15 03:00:00+02:00,77.7733484441612,87.51
2026-06-15 03:15:00+02:00,74.63764103127278,84.88
2026-06-15 03:30:00+02:00,73.1712214770923,83.15
2026-06-15 03:45:00+02:00,76.35870229589987,79.45
2026-06-15 04:00:00+02:00,70.28752689712913,80.8
2026-06-15 04:15:00+02:00,75.99626650311643,80.81
2026-06-15 04:30:00+02:00,80.20665446969846,84.88
2026-06-15 04:45:00+02:00,82.38391733415119,91.06
2026-06-15 05:00:00+02:00,71.09861467150981,81.1
2026-06-15 05:15:00+02:00,67.68269643633823,90.81
2026-06-15 05:30:00+02:00,79.70528840766238,92.28
2026-06-15 05:45:00+02:00,80.87491931417225,101.43
2026-06-15 06:00:00+02:00,80.49954705552487,99.27
2026-06-15 06:15:00+02:00,76.58461548148784,106.45
2026-06-15 06:30:00+02:00,84.0231279301007,108.99
2026-06-15 06:45:00+02:00,80.8077731174777,108.06
2026-06-15 07:00:00+02:00,103.70321324641456,121.73
2026-06-15 07:15:00+02:00,79.59999632389214,108.93
2026-06-15 07:30:00+02:00,75.39691167801874,104.85
2026-06-15 07:45:00+02:00,88.9842378257598,94.06
2026-06-15 08:00:00+02:00,83.85428105316895,108.33
2026-06-15 08:15:00+02:00,83.6409913231231,100.99
2026-06-15 08:30:00+02:00,77.74422779269459,88.37
2026-06-15 08:45:00+02:00,74.93768090370551,68.07
2026-06-15 09:00:00+02:00,85.31049997335464,95.75
2026-06-15 09:15:00+02:00,66.71293094259283,76.94
2026-06-15 09:30:00+02:00,64.57110811651603,55.37
2026-06-15 09:45:00+02:00,41.111712483621616,26.55
2026-06-15 10:00:00+02:00,75.44389278936725,52.29
2026-06-15 10:15:00+02:00,43.54216939127956,24.14
2026-06-15 10:30:00+02:00,33.05176083954177,9.7
2026-06-15 10:45:00+02:00,14.737541283612282,0.1
2026-06-15 11:00:00+02:00,24.607946414071513,4.05
2026-06-15 11:15:00+02:00,13.954957700211414,0.0
2026-06-15 11:30:00+02:00,0.7035242266270015,0.0
2026-06-15 11:45:00+02:00,-10.85571581536223,-0.02
2026-06-15 12:00:00+02:00,-14.451642097658517,0.0
2026-06-15 12:15:00+02:00,-28.995591495374093,-0.01
2026-06-15 12:30:00+02:00,-28.41624331256233,-0.04
2026-06-15 12:45:00+02:00,-39.00731134351579,-0.06
2026-06-15 13:00:00+02:00,-43.52135716671677,-1.02
2026-06-15 13:15:00+02:00,-48.33690624689616,-1.09
2026-06-15 13:30:00+02:00,-46.927328308638614,-1.81
2026-06-15 13:45:00+02:00,-68.74448750868208,-2.01
2026-06-15 14:00:00+02:00,-56.32656017684532,-2.65
2026-06-15 14:15:00+02:00,-50.84348407392275,-2.97
2026-06-15 14:30:00+02:00,-50.13777433675474,-3.0
2026-06-15 14:45:00+02:00,-59.81749095586961,-2.99
2026-06-15 15:00:00+02:00,-44.72521752784559,-1.1
2026-06-15 15:15:00+02:00,-29.764951601488995,-1.02
2026-06-15 15:30:00+02:00,-30.342814428875258,-0.86
2026-06-15 15:45:00+02:00,-16.98672084194882,-0.75
2026-06-15 16:00:00+02:00,-6.870413410861142,-0.06
2026-06-15 16:15:00+02:00,-6.661100079952597,-0.01
2026-06-15 16:30:00+02:00,-6.8397591110093,0.0
2026-06-15 16:45:00+02:00,41.28815944291309,0.01
2026-06-15 17:00:00+02:00,14.856512300317114,8.44
2026-06-15 17:15:00+02:00,64.00058943890726,31.22
2026-06-15 17:30:00+02:00,80.79501430817683,49.98
2026-06-15 17:45:00+02:00,82.36991753044572,85.07
2026-06-15 18:00:00+02:00,67.03353022293891,47.45
2026-06-15 18:15:00+02:00,81.3999947585986,77.5
2026-06-15 18:30:00+02:00,101.76373960420204,107.67
2026-06-15 18:45:00+02:00,122.39834390536343,133.19
2026-06-15 19:00:00+02:00,105.5416316133583,107.51
2026-06-15 19:15:00+02:00,118.58605276716868,121.95
2026-06-15 19:30:00+02:00,118.43508291853396,136.87
2026-06-15 19:45:00+02:00,133.57989955583884,150.0
2026-06-15 20:00:00+02:00,121.23381404153156,131.1
2026-06-15 20:15:00+02:00,120.12113226098418,137.59
2026-06-15 20:30:00+02:00,131.73756292091446,153.92
2026-06-15 20:45:00+02:00,134.808954829789,172.17
2026-06-15 21:00:00+02:00,142.17247549904536,154.93
2026-06-15 21:15:00+02:00,138.11714184336697,157.62
2026-06-15 21:30:00+02:00,132.1137904900468,159.88
2026-06-15 21:45:00+02:00,126.31007944922852,152.61
2026-06-15 22:00:00+02:00,135.83867142225435,162.7
2026-06-15 22:15:00+02:00,133.2011150724064,155.89
2026-06-15 22:30:00+02:00,130.3936346779763,155.08
2026-06-15 22:45:00+02:00,123.0953875310813,141.5
2026-06-15 23:00:00+02:00,135.82383170067052,147.05
2026-06-15 23:15:00+02:00,124.44889429588832,133.32
2026-06-15 23:30:00+02:00,123.85812137607172,131.36
2026-06-15 23:45:00+02:00,117.56414364614484,127.29
2026-06-16 00:00:00+02:00,143.19138375670988,131.85
2026-06-16 00:15:00+02:00,132.66684396829686,126.99
2026-06-16 00:30:00+02:00,129.06251000219746,118.46
2026-06-16 00:45:00+02:00,123.87937941398438,114.01
2026-06-16 01:00:00+02:00,126.26401934961915,120.7
2026-06-16 01:15:00+02:00,125.84197167524877,117.21
2026-06-16 01:30:00+02:00,125.37257803898099,116.34
2026-06-16 01:45:00+02:00,124.48566123264943,115.02
2026-06-16 02:00:00+02:00,126.211067401019,116.34
2026-06-16 02:15:00+02:00,123.60509714124419,114.93
2026-06-16 02:30:00+02:00,125.14458773974492,113.43
2026-06-16 02:45:00+02:00,122.07611889435452,110.4
2026-06-16 03:00:00+02:00,120.31812758914639,113.01
2026-06-16 03:15:00+02:00,118.60979715859806,112.65
2026-06-16 03:30:00+02:00,120.62648268757349,108.67
2026-06-16 03:45:00+02:00,119.85401224806657,109.64
2026-06-16 04:00:00+02:00,120.4721320952152,110.4
2026-06-16 04:15:00+02:00,122.01111154941569,110.33
2026-06-16 04:30:00+02:00,124.81343299516189,111.44
2026-06-16 04:45:00+02:00,126.40720060426031,112.79
2026-06-16 05:00:00+02:00,125.25115753613838,112.01
2026-06-16 05:15:00+02:00,124.30975792263366,112.79
2026-06-16 05:30:00+02:00,130.92580851969598,116.79
2026-06-16 05:45:00+02:00,133.836922900416,118.9
2026-06-16 06:00:00+02:00,139.09899918505326,125.0
2026-06-16 06:15:00+02:00,148.48819536924708,127.7
2026-06-16 06:30:00+02:00,150.07916971626986,129.27
2026-06-16 06:45:00+02:00,156.34637238568237,130.0
2026-06-16 07:00:00+02:00,162.96015681449984,138.99
2026-06-16 07:15:00+02:00,156.06732827576877,133.31
2026-06-16 07:30:00+02:00,152.63059529576094,131.48
2026-06-16 07:45:00+02:00,139.56516240945453,123.0
2026-06-16 08:00:00+02:00,160.126433087105,139.77
2026-06-16 08:15:00+02:00,149.0866113798016,127.58
2026-06-16 08:30:00+02:00,131.97581303734154,122.52
2026-06-16 08:45:00+02:00,107.87542470785155,115.39
2026-06-16 09:00:00+02:00,127.3612055701215,118.93
2026-06-16 09:15:00+02:00,111.31584382040893,113.66
2026-06-16 09:30:00+02:00,104.07648925004813,105.42
2026-06-16 09:45:00+02:00,91.3322863070079,100.0
2026-06-16 10:00:00+02:00,108.24547171012067,95.33
2026-06-16 10:15:00+02:00,92.09681579269574,90.69
2026-06-16 10:30:00+02:00,81.55224017829994,85.9
2026-06-16 10:45:00+02:00,76.68325817216873,72.0
2026-06-16 11:00:00+02:00,80.9906182208023,94.25
2026-06-16 11:15:00+02:00,72.1253170655439,85.14
2026-06-16 11:30:00+02:00,67.41821695833264,76.5
2026-06-16 11:45:00+02:00,63.65332640182829,66.26
2026-06-16 12:00:00+02:00,71.96813451487316,76.01
2026-06-16 12:15:00+02:00,63.36494012971498,67.74
2026-06-16 12:30:00+02:00,56.96869054096991,63.35
2026-06-16 12:45:00+02:00,57.85647379696404,58.89
2026-06-16 13:00:00+02:00,61.29574761093705,65.34
2026-06-16 13:15:00+02:00,59.60933417789256,60.0
2026-06-16 13:30:00+02:00,64.39070284364159,51.01
2026-06-16 13:45:00+02:00,37.85561672995102,40.67
2026-06-16 14:00:00+02:00,49.40026111498572,47.94
2026-06-16 14:15:00+02:00,45.89539137942671,48.63
2026-06-16 14:30:00+02:00,46.56335398861422,50.51
2026-06-16 14:45:00+02:00,48.59215963509674,55.85
2026-06-16 15:00:00+02:00,31.879737619898634,50.49
2026-06-16 15:15:00+02:00,32.29388911805442,57.89
2026-06-16 15:30:00+02:00,38.82913568239778,61.41
2026-06-16 15:45:00+02:00,43.536929372636976,71.09
2026-06-16 16:00:00+02:00,32.50206839812427,60.43
2026-06-16 16:15:00+02:00,60.59936601094477,73.3
2026-06-16 16:30:00+02:00,73.56411710364567,90.53
2026-06-16 16:45:00+02:00,97.41382664328054,101.57
2026-06-16 17:00:00+02:00,78.99616667973731,94.18
2026-06-16 17:15:00+02:00,107.65078154175237,104.24
2026-06-16 17:30:00+02:00,124.62795648815671,115.15
2026-06-16 17:45:00+02:00,138.0242322304488,125.32
2026-06-16 18:00:00+02:00,120.61855490900166,114.01
2026-06-16 18:15:00+02:00,130.915934804156,122.81
2026-06-16 18:30:00+02:00,149.99963384376764,128.89
2026-06-16 18:45:00+02:00,169.5458854129538,142.73
2026-06-16 19:00:00+02:00,140.68736527436408,126.98
2026-06-16 19:15:00+02:00,163.1395487216643,141.39
2026-06-16 19:30:00+02:00,182.75930559546387,154.11
2026-06-16 19:45:00+02:00,214.47284573814355,169.99
2026-06-16 20:00:00+02:00,206.9997942865925,150.54
2026-06-16 20:15:00+02:00,205.8991526694876,169.37
2026-06-16 20:30:00+02:00,197.77828003395513,180.63
2026-06-16 20:45:00+02:00,181.6499102428093,195.87
2026-06-16 21:00:00+02:00,221.7036228547223,186.36
2026-06-16 21:15:00+02:00,181.01467045566034,192.51
2026-06-16 21:30:00+02:00,182.55424220593673,182.16
2026-06-16 21:45:00+02:00,175.71931648956752,164.65
2026-06-16 22:00:00+02:00,159.2169188922162,191.46
2026-06-16 22:15:00+02:00,169.41183905190624,162.79
2026-06-16 22:30:00+02:00,158.75483047748904,153.99
2026-06-16 22:45:00+02:00,145.01999921323704,147.2
2026-06-16 23:00:00+02:00,153.92515954798324,152.53
2026-06-16 23:15:00+02:00,139.80353061019255,145.78
2026-06-16 23:30:00+02:00,137.43802256769766,140.07
2026-06-16 23:45:00+02:00,134.68695367200723,134.05
2026-06-17 00:00:00+02:00,144.24637054882237,148.96
2026-06-17 00:15:00+02:00,137.3064611297975,143.15
2026-06-17 00:30:00+02:00,130.25709606837322,139.0
2026-06-17 00:45:00+02:00,128.0443563790363,133.81
2026-06-17 01:00:00+02:00,133.27010646939243,144.03
2026-06-17 01:15:00+02:00,129.39136061675285,134.35
2026-06-17 01:30:00+02:00,129.20949617338042,133.14
2026-06-17 01:45:00+02:00,122.73094154691788,130.05
2026-06-17 02:00:00+02:00,126.54464445524061,131.79
2026-06-17 02:15:00+02:00,123.43773657428717,128.74
2026-06-17 02:30:00+02:00,124.45771416709034,128.7
2026-06-17 02:45:00+02:00,118.84364615410793,128.09
2026-06-17 03:00:00+02:00,121.03366098681948,128.42
2026-06-17 03:15:00+02:00,120.46853714139418,127.16
2026-06-17 03:30:00+02:00,118.34579182992728,127.81
2026-06-17 03:45:00+02:00,118.01863438907907,126.77
2026-06-17 04:00:00+02:00,119.94608418133511,125.94
2026-06-17 04:15:00+02:00,121.32741150142711,127.04
2026-06-17 04:30:00+02:00,117.5470046591119,127.61
2026-06-17 04:45:00+02:00,120.18589065252621,129.07
2026-06-17 05:00:00+02:00,117.79598378504272,126.19
2026-06-17 05:15:00+02:00,119.03614452145194,126.42
2026-06-17 05:30:00+02:00,125.31123018117117,128.4
2026-06-17 05:45:00+02:00,131.23714460083465,131.17
2026-06-17 06:00:00+02:00,134.64811937374816,138.52
2026-06-17 06:15:00+02:00,137.02539691753168,143.3
2026-06-17 06:30:00+02:00,140.28435439200166,143.76
2026-06-17 06:45:00+02:00,143.25292846003268,135.48
2026-06-17 07:00:00+02:00,150.441142051783,149.27
2026-06-17 07:15:00+02:00,145.53843274088516,138.27
2026-06-17 07:30:00+02:00,141.46434455969091,135.48
2026-06-17 07:45:00+02:00,127.42961200165159,123.68
2026-06-17 08:00:00+02:00,145.70050090571812,133.09
2026-06-17 08:15:00+02:00,137.58023688828982,125.92
2026-06-17 08:30:00+02:00,123.2604444668473,117.58
2026-06-17 08:45:00+02:00,115.77236813549214,110.43
2026-06-17 09:00:00+02:00,120.24577795404707,119.3
2026-06-17 09:15:00+02:00,114.17722361871064,105.9
2026-06-17 09:30:00+02:00,112.35444728638018,102.79
2026-06-17 09:45:00+02:00,101.96449431669203,95.19
2026-06-17 10:00:00+02:00,103.93148623369925,102.55
2026-06-17 10:15:00+02:00,105.3871737712202,92.03
2026-06-17 10:30:00+02:00,95.37836746353312,84.65
2026-06-17 10:45:00+02:00,77.42240203319807,73.75
2026-06-17 11:00:00+02:00,80.3610858553412,90.77
2026-06-17 11:15:00+02:00,65.07829351679261,80.0
2026-06-17 11:30:00+02:00,65.29497226447296,72.87
2026-06-17 11:45:00+02:00,69.49753248652043,70.31
2026-06-17 12:00:00+02:00,69.94825041293394,78.95
2026-06-17 12:15:00+02:00,67.85909694924251,72.66
2026-06-17 12:30:00+02:00,70.25388323620864,70.47
2026-06-17 12:45:00+02:00,69.11591224455896,66.84
2026-06-17 13:00:00+02:00,72.71160563192498,69.99
2026-06-17 13:15:00+02:00,66.06764919564414,65.22
2026-06-17 13:30:00+02:00,61.58566053780556,60.25
2026-06-17 13:45:00+02:00,61.3153909964885,55.71
2026-06-17 14:00:00+02:00,60.276525607811095,62.0
2026-06-17 14:15:00+02:00,61.221069488790064,65.18
2026-06-17 14:30:00+02:00,64.42161482740723,65.86
2026-06-17 14:45:00+02:00,71.90594191588002,71.99
2026-06-17 15:00:00+02:00,62.759185967524914,67.66
2026-06-17 15:15:00+02:00,72.4272193835814,73.02
2026-06-17 15:30:00+02:00,76.43285102029009,78.97
2026-06-17 15:45:00+02:00,76.02345210396388,84.25
2026-06-17 16:00:00+02:00,71.75098768721676,74.94
2026-06-17 16:15:00+02:00,85.32047487677023,82.48
2026-06-17 16:30:00+02:00,90.43052505310149,94.03
2026-06-17 16:45:00+02:00,109.72838775366841,100.92
2026-06-17 17:00:00+02:00,90.13384012764773,87.59
2026-06-17 17:15:00+02:00,113.37762463191922,105.0
2026-06-17 17:30:00+02:00,120.72290280695498,112.68
2026-06-17 17:45:00+02:00,132.9090064872603,120.43
2026-06-17 18:00:00+02:00,117.61778615569544,110.08
2026-06-17 18:15:00+02:00,125.09451363105539,115.19
2026-06-17 18:30:00+02:00,142.31257666417278,124.96
2026-06-17 18:45:00+02:00,144.23733804475214,132.72
2026-06-17 19:00:00+02:00,135.3683969370003,129.68
2026-06-17 19:15:00+02:00,149.44377958203975,136.42
2026-06-17 19:30:00+02:00,161.07976164046747,148.13
2026-06-17 19:45:00+02:00,160.11377462445427,156.0
2026-06-17 20:00:00+02:00,160.79659475592848,146.82
2026-06-17 20:15:00+02:00,160.243441713222,155.12
2026-06-17 20:30:00+02:00,174.74546114771502,172.75
2026-06-17 20:45:00+02:00,182.79892813447591,174.87
2026-06-17 21:00:00+02:00,191.30126347928126,173.55
2026-06-17 21:15:00+02:00,175.76569282735613,169.1
2026-06-17 21:30:00+02:00,179.85066306818396,161.2
2026-06-17 21:45:00+02:00,168.69543157348363,152.61
2026-06-17 22:00:00+02:00,173.81889290480964,172.96
2026-06-17 22:15:00+02:00,161.20316203217345,160.01
2026-06-17 22:30:00+02:00,154.26362313090195,154.54
2026-06-17 22:45:00+02:00,141.1958238780146,146.93
2026-06-17 23:00:00+02:00,153.3060299726243,152.02
2026-06-17 23:15:00+02:00,141.62330001148163,145.42
2026-06-17 23:30:00+02:00,135.8644397340589,138.98
2026-06-17 23:45:00+02:00,129.34994205222353,134.53
2026-06-18 00:00:00+02:00,146.02954477719447,143.06
2026-06-18 00:15:00+02:00,138.13177095188144,135.06
2026-06-18 00:30:00+02:00,135.69750874476537,134.15
2026-06-18 00:45:00+02:00,127.49860676175535,128.76
2026-06-18 01:00:00+02:00,139.83986835784802,129.56
2026-06-18 01:15:00+02:00,131.42736579865235,126.55
2026-06-18 01:30:00+02:00,129.5268704027515,124.29
2026-06-18 01:45:00+02:00,126.021182143562,122.51
2026-06-18 02:00:00+02:00,126.6611291578464,123.33
2026-06-18 02:15:00+02:00,126.92206117328328,121.85
2026-06-18 02:30:00+02:00,126.59459523956343,121.45
2026-06-18 02:45:00+02:00,124.33748481821232,120.82
2026-06-18 03:00:00+02:00,127.66660762950326,120.73
2026-06-18 03:15:00+02:00,125.31585148736418,119.15
2026-06-18 03:30:00+02:00,123.43124061919445,119.33
2026-06-18 03:45:00+02:00,123.78638629982213,119.53
2026-06-18 04:00:00+02:00,122.22510935767207,117.66
2026-06-18 04:15:00+02:00,124.92278100905139,118.61
2026-06-18 04:30:00+02:00,124.0211865308391,119.97
2026-06-18 04:45:00+02:00,128.52530522529833,121.01
2026-06-18 05:00:00+02:00,123.50501223612783,124.26
2026-06-18 05:15:00+02:00,125.32496769303246,124.96
2026-06-18 05:30:00+02:00,127.10952266419518,128.0
2026-06-18 05:45:00+02:00,132.33126299057582,131.14
2026-06-18 06:00:00+02:00,139.4497173769335,133.81
2026-06-18 06:15:00+02:00,136.79646929342263,137.58
2026-06-18 06:30:00+02:00,137.89748537192827,135.95
2026-06-18 06:45:00+02:00,137.37127580496025,133.86
2026-06-18 07:00:00+02:00,148.0057623014862,143.99
2026-06-18 07:15:00+02:00,140.3893604212211,137.46
2026-06-18 07:30:00+02:00,137.17469720190437,136.26
2026-06-18 07:45:00+02:00,120.92175055238938,123.35
2026-06-18 08:00:00+02:00,145.33938266671433,131.0
2026-06-18 08:15:00+02:00,132.14820364168014,123.6
2026-06-18 08:30:00+02:00,118.82741237758937,117.4
2026-06-18 08:45:00+02:00,109.17319741837464,102.93
2026-06-18 09:00:00+02:00,121.16245724047882,117.0
2026-06-18 09:15:00+02:00,113.3917028135531,104.99
2026-06-18 09:30:00+02:00,104.83403686578933,98.81
2026-06-18 09:45:00+02:00,96.27929235951046,86.06
2026-06-18 10:00:00+02:00,108.002137488362,99.42
2026-06-18 10:15:00+02:00,90.27959761002003,83.45
2026-06-18 10:30:00+02:00,73.90710440563845,71.2
2026-06-18 10:45:00+02:00,64.0293876929187,46.47
2026-06-18 11:00:00+02:00,77.87724762042954,65.16
2026-06-18 11:15:00+02:00,71.42492033692365,50.6
2026-06-18 11:30:00+02:00,55.72575940379592,35.25
2026-06-18 11:45:00+02:00,42.47571779760856,25.1
2026-06-18 12:00:00+02:00,45.683549212964515,39.95
2026-06-18 12:15:00+02:00,38.32452313498347,28.68
2026-06-18 12:30:00+02:00,37.69352471897454,24.99
2026-06-18 12:45:00+02:00,38.528836886432444,19.37
2026-06-18 13:00:00+02:00,46.513641203223514,26.27
2026-06-18 13:15:00+02:00,36.068774602130226,21.89
2026-06-18 13:30:00+02:00,32.766509341822214,15.51
2026-06-18 13:45:00+02:00,22.949122795259598,11.01
2026-06-18 14:00:00+02:00,24.859495427982285,21.13
2026-06-18 14:15:00+02:00,23.86510771391844,23.76
2026-06-18 14:30:00+02:00,22.883578715214817,26.27
2026-06-18 14:45:00+02:00,28.2464967327014,32.44
2026-06-18 15:00:00+02:00,18.310397779623145,25.0
2026-06-18 15:15:00+02:00,28.95286440139792,42.0
2026-06-18 15:30:00+02:00,44.14760625914613,54.1
2026-06-18 15:45:00+02:00,64.00736745796722,71.29
2026-06-18 16:00:00+02:00,37.590924331389374,46.78
2026-06-18 16:15:00+02:00,58.66773031306755,74.96
2026-06-18 16:30:00+02:00,98.98451920772638,89.98
2026-06-18 16:45:00+02:00,102.3901072798699,104.52
2026-06-18 17:00:00+02:00,79.57503581295278,80.84
2026-06-18 17:15:00+02:00,96.36036155924445,100.22
2026-06-18 17:30:00+02:00,115.67910130463291,114.27
2026-06-18 17:45:00+02:00,133.23587941090722,126.73
2026-06-18 18:00:00+02:00,113.1339796683532,102.06
2026-06-18 18:15:00+02:00,126.86902772682495,127.02
2026-06-18 18:30:00+02:00,141.8877924749099,144.51
2026-06-18 18:45:00+02:00,154.53451033176256,169.24
2026-06-18 19:00:00+02:00,145.38750539101366,148.14
2026-06-18 19:15:00+02:00,160.26724179004015,174.46
2026-06-18 19:30:00+02:00,178.18088039361794,277.52
2026-06-18 19:45:00+02:00,199.36346331234677,413.45
2026-06-18 20:00:00+02:00,182.0209968312925,319.25
2026-06-18 20:15:00+02:00,191.28549790706558,382.0
2026-06-18 20:30:00+02:00,220.5243188861836,494.27
2026-06-18 20:45:00+02:00,217.794830934532,544.75
2026-06-18 21:00:00+02:00,205.42061658182672,529.97
2026-06-18 21:15:00+02:00,213.0606188066323,501.04
2026-06-18 21:30:00+02:00,194.9642166261257,390.01
2026-06-18 21:45:00+02:00,182.57682750390103,346.64
2026-06-18 22:00:00+02:00,200.0701606148479,400.01
2026-06-18 22:15:00+02:00,175.78655583194205,296.43
2026-06-18 22:30:00+02:00,154.58415796525287,196.85
2026-06-18 22:45:00+02:00,141.35923414547284,163.99
2026-06-18 23:00:00+02:00,153.58046340648983,187.55
2026-06-18 23:15:00+02:00,145.97650420217244,163.09
2026-06-18 23:30:00+02:00,139.43285424300396,155.16
2026-06-18 23:45:00+02:00,132.42533401478593,146.27
2026-06-19 00:00:00+02:00,143.2206479289672,154.26
2026-06-19 00:15:00+02:00,139.28883288400027,148.21
2026-06-19 00:30:00+02:00,127.80282719114929,143.99
2026-06-19 00:45:00+02:00,119.8653473968745,140.11
2026-06-19 01:00:00+02:00,130.59176017096647,142.05
2026-06-19 01:15:00+02:00,126.59116899946403,135.79
2026-06-19 01:30:00+02:00,123.85109283292533,128.43
2026-06-19 01:45:00+02:00,119.99807398107237,123.78
2026-06-19 02:00:00+02:00,124.53093092736115,130.43
2026-06-19 02:15:00+02:00,120.41867481622646,124.13
2026-06-19 02:30:00+02:00,120.77207134323362,122.95
2026-06-19 02:45:00+02:00,114.61064698823128,121.78
2026-06-19 03:00:00+02:00,118.75289710883682,121.78
2026-06-19 03:15:00+02:00,114.82016751718969,121.06
2026-06-19 03:30:00+02:00,114.27578436490299,120.0
2026-06-19 03:45:00+02:00,113.85517081735773,119.0
2026-06-19 04:00:00+02:00,113.79412406232052,117.83
2026-06-19 04:15:00+02:00,112.69702866301667,118.51
2026-06-19 04:30:00+02:00,114.01511332613742,118.45
2026-06-19 04:45:00+02:00,112.80993838639968,119.08
2026-06-19 05:00:00+02:00,116.67986238286858,118.0
2026-06-19 05:15:00+02:00,112.64664960441986,119.24
2026-06-19 05:30:00+02:00,119.6727493642433,120.93
2026-06-19 05:45:00+02:00,124.05704601336117,124.21
2026-06-19 06:00:00+02:00,124.85269090949308,142.55
2026-06-19 06:15:00+02:00,130.85027995629602,141.33
2026-06-19 06:30:00+02:00,131.47702716199046,140.23
2026-06-19 06:45:00+02:00,121.71337500372903,130.76
2026-06-19 07:00:00+02:00,138.09886386866356,139.73
2026-06-19 07:15:00+02:00,117.48539218884294,136.16
2026-06-19 07:30:00+02:00,104.97784383944143,123.12
2026-06-19 07:45:00+02:00,102.48286510753904,110.48
2026-06-19 08:00:00+02:00,114.00507047955819,123.05
2026-06-19 08:15:00+02:00,98.8862851342761,114.71
2026-06-19 08:30:00+02:00,95.76421316141419,109.69
2026-06-19 08:45:00+02:00,82.11925197701417,100.38
2026-06-19 09:00:00+02:00,104.9014061804124,112.4
2026-06-19 09:15:00+02:00,88.7538634978008,103.72
2026-06-19 09:30:00+02:00,83.55990287488636,89.7
2026-06-19 09:45:00+02:00,37.837708677261496,75.76
2026-06-19 10:00:00+02:00,59.19995914647173,90.08
2026-06-19 10:15:00+02:00,32.265639033655034,80.07
2026-06-19 10:30:00+02:00,14.476953207568215,65.07
2026-06-19 10:45:00+02:00,2.747111402416447,44.41
2026-06-19 11:00:00+02:00,10.637334760307922,53.93
2026-06-19 11:15:00+02:00,9.293465926617865,38.6
2026-06-19 11:30:00+02:00,6.334990988152924,24.83
2026-06-19 11:45:00+02:00,7.666369683890073,11.0
2026-06-19 12:00:00+02:00,5.05923157707625,21.8
2026-06-19 12:15:00+02:00,-0.8426231507654899,14.01
2026-06-19 12:30:00+02:00,-2.322632854773253,14.2
2026-06-19 12:45:00+02:00,-8.933164266944443,9.99
2026-06-19 13:00:00+02:00,-15.291952563245449,12.97
2026-06-19 13:15:00+02:00,-7.207057893699732,10.31
2026-06-19 13:30:00+02:00,-15.927244289569026,12.03
2026-06-19 13:45:00+02:00,-7.707744368743835,9.63
2026-06-19 14:00:00+02:00,-6.82737807601539,10.44
2026-06-19 14:15:00+02:00,-1.4997651544244646,13.59
2026-06-19 14:30:00+02:00,4.535452613171275,16.1
2026-06-19 14:45:00+02:00,3.454229430045366,25.09
2026-06-19 15:00:00+02:00,2.271441413641833,18.74
2026-06-19 15:15:00+02:00,4.6426421413350605,32.31
2026-06-19 15:30:00+02:00,6.103308222203587,49.48
2026-06-19 15:45:00+02:00,0.7488231334044748,70.88
2026-06-19 16:00:00+02:00,-4.4110725800082236,50.72
2026-06-19 16:15:00+02:00,-1.176685645784076,78.37
2026-06-19 16:30:00+02:00,18.950281917385112,89.28
2026-06-19 16:45:00+02:00,28.837578106036375,104.37
2026-06-19 17:00:00+02:00,35.886283318252424,90.57
2026-06-19 17:15:00+02:00,51.849017173060744,106.85
2026-06-19 17:30:00+02:00,95.6354692506275,114.13
2026-06-19 17:45:00+02:00,121.41992906621341,121.74
2026-06-19 18:00:00+02:00,83.49861629822968,110.65
2026-06-19 18:15:00+02:00,106.15921292401603,121.31
2026-06-19 18:30:00+02:00,135.89141875477702,135.37
2026-06-19 18:45:00+02:00,150.11778227044616,151.48
2026-06-19 19:00:00+02:00,122.98557750076257,143.8
2026-06-19 19:15:00+02:00,147.28649148993767,153.85
2026-06-19 19:30:00+02:00,157.23703354162552,179.84
2026-06-19 19:45:00+02:00,178.146340932576,205.65
2026-06-19 20:00:00+02:00,166.9964647675207,186.52
2026-06-19 20:15:00+02:00,170.2289415637713,199.16
2026-06-19 20:30:00+02:00,169.09275736547605,207.14
2026-06-19 20:45:00+02:00,157.20073822093633,212.62
2026-06-19 21:00:00+02:00,163.46446907507647,201.62
2026-06-19 21:15:00+02:00,149.19134341881158,195.7
2026-06-19 21:30:00+02:00,138.89343371453495,183.88
2026-06-19 21:45:00+02:00,132.83254657706485,160.93
2026-06-19 22:00:00+02:00,149.0827292264869,173.33
2026-06-19 22:15:00+02:00,133.55749757254867,162.4
2026-06-19 22:30:00+02:00,133.27974639385656,150.07
2026-06-19 22:45:00+02:00,121.84732889102479,145.65
2026-06-19 23:00:00+02:00,129.35748271124214,148.51
2026-06-19 23:15:00+02:00,126.47673017805657,142.16
2026-06-19 23:30:00+02:00,121.17968055952119,133.86
2026-06-19 23:45:00+02:00,113.42854803741795,126.6
2026-06-20 00:00:00+02:00,147.69017778164613,142.77
2026-06-20 00:15:00+02:00,138.952214715024,133.14
2026-06-20 00:30:00+02:00,130.28079840666447,123.94
2026-06-20 00:45:00+02:00,123.50042522776732,121.55
2026-06-20 01:00:00+02:00,132.51594388093844,123.6
2026-06-20 01:15:00+02:00,125.14915758513436,120.16
2026-06-20 01:30:00+02:00,124.69028416813435,120.12
2026-06-20 01:45:00+02:00,121.78255871492071,120.6
2026-06-20 02:00:00+02:00,120.84477865355389,120.55
2026-06-20 02:15:00+02:00,118.70780484740798,119.45
2026-06-20 02:30:00+02:00,118.7112881933601,117.95
2026-06-20 02:45:00+02:00,119.72507656020733,116.45
2026-06-20 03:00:00+02:00,119.60764631393168,118.61
2026-06-20 03:15:00+02:00,120.46386925059105,116.81
2026-06-20 03:30:00+02:00,119.07356483249765,116.62
2026-06-20 03:45:00+02:00,117.9285227874385,115.01
2026-06-20 04:00:00+02:00,116.71880566600981,113.88
2026-06-20 04:15:00+02:00,119.16704774608236,114.95
2026-06-20 04:30:00+02:00,114.98084928609012,114.76
2026-06-20 04:45:00+02:00,113.98915999001021,115.6
2026-06-20 05:00:00+02:00,115.0763718716787,116.33
2026-06-20 05:15:00+02:00,117.98616482816442,115.99
2026-06-20 05:30:00+02:00,122.08139757517657,113.75
2026-06-20 05:45:00+02:00,125.8126600447428,111.9
2026-06-20 06:00:00+02:00,125.44483072394083,116.96
2026-06-20 06:15:00+02:00,120.0740757861938,112.4
2026-06-20 06:30:00+02:00,112.4354531797714,109.54
2026-06-20 06:45:00+02:00,106.53236043315087,100.01
2026-06-20 07:00:00+02:00,121.5995228240937,114.3
2026-06-20 07:15:00+02:00,106.31593503133024,108.42
2026-06-20 07:30:00+02:00,106.7932175280794,98.67
2026-06-20 07:45:00+02:00,104.26992591305526,85.32
2026-06-20 08:00:00+02:00,112.57686014473451,115.0
2026-06-20 08:15:00+02:00,96.32732623073078,99.2
2026-06-20 08:30:00+02:00,90.8602529572147,82.55
2026-06-20 08:45:00+02:00,85.0048548550167,63.2
2026-06-20 09:00:00+02:00,105.079819145128,83.83
2026-06-20 09:15:00+02:00,82.08331612568465,53.82
2026-06-20 09:30:00+02:00,45.17090627846954,23.46
2026-06-20 09:45:00+02:00,16.805346698545634,4.23
2026-06-20 10:00:00+02:00,19.950949355879132,11.79
2026-06-20 10:15:00+02:00,4.728283966987178,3.99
2026-06-20 10:30:00+02:00,-0.8884553905863228,0.71
2026-06-20 10:45:00+02:00,-3.6637323705052403,0.01
2026-06-20 11:00:00+02:00,3.834232380833363,0.0
2026-06-20 11:15:00+02:00,2.5103584565667667,0.0
2026-06-20 11:30:00+02:00,-0.9581220723164421,0.0
2026-06-20 11:45:00+02:00,-5.664258917698494,-0.01
2026-06-20 12:00:00+02:00,-6.6996136851680035,-0.01
2026-06-20 12:15:00+02:00,-8.41079393700705,-0.01
2026-06-20 12:30:00+02:00,-12.79942398719515,-0.01
2026-06-20 12:45:00+02:00,-18.04246873710503,-0.02
2026-06-20 13:00:00+02:00,-19.052744732672412,-0.01
2026-06-20 13:15:00+02:00,-13.039829753822264,-0.02
2026-06-20 13:30:00+02:00,-7.66527231003012,-0.02
2026-06-20 13:45:00+02:00,-4.053497255127641,-0.02
2026-06-20 14:00:00+02:00,-5.8027685925107155,-0.02
2026-06-20 14:15:00+02:00,-4.566061022589242,-0.01
2026-06-20 14:30:00+02:00,-1.3738984119279423,-0.01
2026-06-20 14:45:00+02:00,-3.2921903438958773,-0.01
2026-06-20 15:00:00+02:00,0.42304547823934424,0.0
2026-06-20 15:15:00+02:00,-6.9624346599837805,0.0
2026-06-20 15:30:00+02:00,-6.447042742257448,0.0
2026-06-20 15:45:00+02:00,-6.919832439470774,1.0
2026-06-20 16:00:00+02:00,-9.012582688455225,0.15
2026-06-20 16:15:00+02:00,-4.329855918532672,5.11
2026-06-20 16:30:00+02:00,8.698498198964849,16.18
2026-06-20 16:45:00+02:00,39.346757942999375,51.79
2026-06-20 17:00:00+02:00,1.4393772563854839,14.0
2026-06-20 17:15:00+02:00,56.63560823589601,82.87
2026-06-20 17:30:00+02:00,89.31711778665627,107.79
2026-06-20 17:45:00+02:00,125.62182231442529,132.22
2026-06-20 18:00:00+02:00,85.02260209696038,101.29
2026-06-20 18:15:00+02:00,111.84181512327726,117.45
2026-06-20 18:30:00+02:00,137.0730261775835,125.49
2026-06-20 18:45:00+02:00,155.52828606825722,134.9
2026-06-20 19:00:00+02:00,129.63821478424964,123.08
2026-06-20 19:15:00+02:00,141.15556821176028,142.11
2026-06-20 19:30:00+02:00,151.01967804458334,152.61
2026-06-20 19:45:00+02:00,174.960964309109,171.79
2026-06-20 20:00:00+02:00,147.6550817541773,150.75
2026-06-20 20:15:00+02:00,158.47276780475624,164.14
2026-06-20 20:30:00+02:00,170.2613763140592,178.89
2026-06-20 20:45:00+02:00,176.91636149961343,194.17
2026-06-20 21:00:00+02:00,168.532446882284,183.51
2026-06-20 21:15:00+02:00,168.0670126229511,180.25
2026-06-20 21:30:00+02:00,169.47158650813418,187.83
2026-06-20 21:45:00+02:00,164.19107919796733,178.61
2026-06-20 22:00:00+02:00,179.83853009420557,183.89
2026-06-20 22:15:00+02:00,164.1617524751037,164.82
2026-06-20 22:30:00+02:00,151.58206557896585,161.56
2026-06-20 22:45:00+02:00,139.8574352999504,150.0
2026-06-20 23:00:00+02:00,150.4745794264625,157.28
2026-06-20 23:15:00+02:00,145.89786398522222,150.02
2026-06-20 23:30:00+02:00,139.03029548011176,143.05
2026-06-20 23:45:00+02:00,136.02550922957053,136.88
2026-06-21 00:00:00+02:00,149.70960545049513,148.17
2026-06-21 00:15:00+02:00,140.52649635899476,138.76
2026-06-21 00:30:00+02:00,133.38323004534183,134.02
2026-06-21 00:45:00+02:00,126.67457948410438,130.71
2026-06-21 01:00:00+02:00,134.56606990503258,131.6
2026-06-21 01:15:00+02:00,131.01712635107495,129.38
2026-06-21 01:30:00+02:00,128.76958278128217,127.65
2026-06-21 01:45:00+02:00,126.43901171252416,125.63
2026-06-21 02:00:00+02:00,130.14109918569267,129.18
2026-06-21 02:15:00+02:00,127.63379013723774,125.92
2026-06-21 02:30:00+02:00,126.12356895324915,125.65
2026-06-21 02:45:00+02:00,124.5205543561334,124.91
2026-06-21 03:00:00+02:00,120.71728950603983,124.99
2026-06-21 03:15:00+02:00,120.2846211727376,124.95
2026-06-21 03:30:00+02:00,120.9616589394438,123.94
2026-06-21 03:45:00+02:00,119.19661643707471,122.8
2026-06-21 04:00:00+02:00,121.28257947924038,122.79
2026-06-21 04:15:00+02:00,121.77758911808678,122.51
2026-06-21 04:30:00+02:00,124.04569896735761,122.18
2026-06-21 04:45:00+02:00,122.38354889273646,122.25
2026-06-21 05:00:00+02:00,125.61426510586581,124.34
2026-06-21 05:15:00+02:00,124.02902429626914,120.23
2026-06-21 05:30:00+02:00,120.44061863061798,119.66
2026-06-21 05:45:00+02:00,115.69367145058831,114.12
2026-06-21 06:00:00+02:00,118.43503934686007,120.01
2026-06-21 06:15:00+02:00,108.26972559624625,113.45
2026-06-21 06:30:00+02:00,99.02411364727479,110.18
2026-06-21 06:45:00+02:00,90.78012359145941,104.76
2026-06-21 07:00:00+02:00,103.22549958625743,118.1
2026-06-21 07:15:00+02:00,94.99741362230779,110.11
2026-06-21 07:30:00+02:00,90.42923765832899,98.3
2026-06-21 07:45:00+02:00,80.26393758966739,82.91
2026-06-21 08:00:00+02:00,107.27960028966035,109.94
2026-06-21 08:15:00+02:00,92.17582762457931,84.68
2026-06-21 08:30:00+02:00,75.80798794894058,60.0
2026-06-21 08:45:00+02:00,51.42327735677313,28.64
2026-06-21 09:00:00+02:00,63.91629334504176,53.06
2026-06-21 09:15:00+02:00,38.44733190383502,35.25
2026-06-21 09:30:00+02:00,11.83443920495246,12.54
2026-06-21 09:45:00+02:00,8.97470855967088,3.08
2026-06-21 10:00:00+02:00,2.247166879052827,4.1
2026-06-21 10:15:00+02:00,-4.816406091985783,1.31
2026-06-21 10:30:00+02:00,-1.9703900801474816,0.04
2026-06-21 10:45:00+02:00,-7.533721186680232,0.0
2026-06-21 11:00:00+02:00,-13.354110761402204,0.0
2026-06-21 11:15:00+02:00,-20.489927529709817,0.0
2026-06-21 11:30:00+02:00,-22.43980956702559,0.0
2026-06-21 11:45:00+02:00,-19.409461612048712,-0.01
2026-06-21 12:00:00+02:00,-20.26209294525573,0.0
2026-06-21 12:15:00+02:00,-18.44464053739139,-0.01
2026-06-21 12:30:00+02:00,-20.693675946655016,-0.01
2026-06-21 12:45:00+02:00,-21.247164695194396,-0.01
2026-06-21 13:00:00+02:00,-26.311777735746087,-0.01
2026-06-21 13:15:00+02:00,-31.481216376562717,-0.01
2026-06-21 13:30:00+02:00,-30.607927411046305,-0.01
2026-06-21 13:45:00+02:00,-21.031530306066134,-0.01
2026-06-21 14:00:00+02:00,-22.20198469868516,-0.01
2026-06-21 14:15:00+02:00,-21.166534671952125,-0.01
2026-06-21 14:30:00+02:00,-16.74735808891393,0.0
2026-06-21 14:45:00+02:00,-15.649931037547363,0.0
2026-06-21 15:00:00+02:00,-11.192886088211704,0.0
2026-06-21 15:15:00+02:00,-10.513867926589203,0.0
2026-06-21 15:30:00+02:00,-17.84766424122342,0.0
2026-06-21 15:45:00+02:00,-16.359428109892463,0.03
2026-06-21 16:00:00+02:00,-12.08569548377196,0.11
2026-06-21 16:15:00+02:00,4.777361662202587,2.05
2026-06-21 16:30:00+02:00,15.949138497380062,6.85
2026-06-21 16:45:00+02:00,51.36899399306556,42.04
2026-06-21 17:00:00+02:00,11.306230488236494,20.05
2026-06-21 17:15:00+02:00,72.95268234792574,71.81
2026-06-21 17:30:00+02:00,96.34459569044192,95.84
2026-06-21 17:45:00+02:00,116.52831386866289,123.18
2026-06-21 18:00:00+02:00,90.83232186068196,100.07
2026-06-21 18:15:00+02:00,113.08031766597584,111.62
2026-06-21 18:30:00+02:00,126.37597654349406,117.94
2026-06-21 18:45:00+02:00,146.10682656927113,132.83
2026-06-21 19:00:00+02:00,122.36280082008878,118.38
2026-06-21 19:15:00+02:00,131.85792566674104,134.57
2026-06-21 19:30:00+02:00,147.31857078067495,140.02
2026-06-21 19:45:00+02:00,178.83811639893497,142.71
2026-06-21 20:00:00+02:00,149.72330006103033,142.87
2026-06-21 20:15:00+02:00,167.62572007530878,149.57
2026-06-21 20:30:00+02:00,180.76546251783472,153.13
2026-06-21 20:45:00+02:00,193.72080652127624,154.44
2026-06-21 21:00:00+02:00,191.76525934368746,152.23
2026-06-21 21:15:00+02:00,183.80596426930117,150.92
2026-06-21 21:30:00+02:00,178.57190039103534,150.0
2026-06-21 21:45:00+02:00,155.80400050423677,147.91
2026-06-21 22:00:00+02:00,184.43240691030013,150.27
2026-06-21 22:15:00+02:00,155.083616652345,149.64
2026-06-21 22:30:00+02:00,140.33221325106962,145.73
2026-06-21 22:45:00+02:00,129.4130197141592,138.76
2026-06-21 23:00:00+02:00,140.61939355071712,144.46
2026-06-21 23:15:00+02:00,137.74118296445914,136.22
2026-06-21 23:30:00+02:00,128.51171548015324,132.61
2026-06-21 23:45:00+02:00,121.91858812694201,122.68
2026-06-22 00:00:00+02:00,144.3070617244724,138.16
2026-06-22 00:15:00+02:00,133.932679623476,129.33
2026-06-22 00:30:00+02:00,129.79477676237204,124.27
2026-06-22 00:45:00+02:00,125.89197409499891,121.75
2026-06-22 01:00:00+02:00,130.3956260125043,122.77
2026-06-22 01:15:00+02:00,123.90655269077678,121.19
2026-06-22 01:30:00+02:00,122.02604046539832,118.97
2026-06-22 01:45:00+02:00,119.09368562669093,117.56
2026-06-22 02:00:00+02:00,122.11978618671723,119.42
2026-06-22 02:15:00+02:00,121.04008678356622,114.98
2026-06-22 02:30:00+02:00,119.83169929552072,113.15
2026-06-22 02:45:00+02:00,120.61252746591342,112.3
2026-06-22 03:00:00+02:00,118.14165427555791,114.64
2026-06-22 03:15:00+02:00,120.97129910657209,114.8
2026-06-22 03:30:00+02:00,121.54508020702009,115.01
2026-06-22 03:45:00+02:00,124.17160538493417,116.45
2026-06-22 04:00:00+02:00,117.66984361136812,114.4
2026-06-22 04:15:00+02:00,121.86145280524707,116.23
2026-06-22 04:30:00+02:00,122.55493868186342,117.82
2026-06-22 04:45:00+02:00,123.17601430399483,120.07
2026-06-22 05:00:00+02:00,122.87167388817406,118.61
2026-06-22 05:15:00+02:00,123.12164747459141,121.36
2026-06-22 05:30:00+02:00,126.96172039926653,123.07
2026-06-22 05:45:00+02:00,132.29811141218534,132.52
2026-06-22 06:00:00+02:00,140.44038288860799,136.17
2026-06-22 06:15:00+02:00,143.96481622676572,140.91
2026-06-22 06:30:00+02:00,140.13753602495004,142.09
2026-06-22 06:45:00+02:00,140.36117131034723,142.2
2026-06-22 07:00:00+02:00,152.19542681418613,153.56
2026-06-22 07:15:00+02:00,141.85921460771178,148.75
2026-06-22 07:30:00+02:00,138.99162053411402,146.84
2026-06-22 07:45:00+02:00,126.65322631606072,135.0
2026-06-22 08:00:00+02:00,145.73432027120703,147.33
2026-06-22 08:15:00+02:00,134.2544259497985,134.3
2026-06-22 08:30:00+02:00,123.05858573876984,125.31
2026-06-22 08:45:00+02:00,101.41471605410106,108.35
2026-06-22 09:00:00+02:00,122.30545626303307,123.2
2026-06-22 09:15:00+02:00,105.20855560877082,113.52
2026-06-22 09:30:00+02:00,96.62328267965076,101.22
2026-06-22 09:45:00+02:00,91.27401511439227,90.71
2026-06-22 10:00:00+02:00,101.70725966772463,104.95
2026-06-22 10:15:00+02:00,84.97050664861723,88.13
2026-06-22 10:30:00+02:00,80.38965768830911,80.51
2026-06-22 10:45:00+02:00,51.292201057763194,65.0
2026-06-22 11:00:00+02:00,67.89352730117828,71.01
2026-06-22 11:15:00+02:00,57.429379104960226,61.2
2026-06-22 11:30:00+02:00,35.05677367653534,51.0
2026-06-22 11:45:00+02:00,18.078220216862164,46.0
2026-06-22 12:00:00+02:00,25.607519277916918,49.66
2026-06-22 12:15:00+02:00,21.780846558533582,40.5
2026-06-22 12:30:00+02:00,15.276808435636921,37.9
2026-06-22 12:45:00+02:00,13.782030128004457,30.01
2026-06-22 13:00:00+02:00,19.306466304636988,35.68
2026-06-22 13:15:00+02:00,12.028800201185263,33.19
2026-06-22 13:30:00+02:00,8.235884557079753,30.24
2026-06-22 13:45:00+02:00,12.269297899277248,30.25
2026-06-22 14:00:00+02:00,12.600979349045893,29.71
2026-06-22 14:15:00+02:00,13.181073907599542,39.61
2026-06-22 14:30:00+02:00,25.05999044375469,44.94
2026-06-22 14:45:00+02:00,35.07601588270433,52.96
2026-06-22 15:00:00+02:00,27.35634974061858,48.38
2026-06-22 15:15:00+02:00,34.22245829216619,59.06
2026-06-22 15:30:00+02:00,49.77170942016872,65.51
2026-06-22 15:45:00+02:00,55.46564294540674,81.12
2026-06-22 16:00:00+02:00,42.39877909714393,72.3
2026-06-22 16:15:00+02:00,60.08072665799628,84.33
2026-06-22 16:30:00+02:00,83.51016219489652,94.04
2026-06-22 16:45:00+02:00,97.1461427646852,112.92
2026-06-22 17:00:00+02:00,76.59181635176856,92.65
2026-06-22 17:15:00+02:00,97.95829350177088,111.91
2026-06-22 17:30:00+02:00,110.61233832629767,120.11
2026-06-22 17:45:00+02:00,128.85111932965762,131.61
2026-06-22 18:00:00+02:00,104.47919892614816,119.94
2026-06-22 18:15:00+02:00,118.33759556747464,131.55
2026-06-22 18:30:00+02:00,127.04758928571994,149.23
2026-06-22 18:45:00+02:00,142.78787261128795,181.62
2026-06-22 19:00:00+02:00,128.32380923807108,150.06
2026-06-22 19:15:00+02:00,150.26665335517686,165.89
2026-06-22 19:30:00+02:00,167.32576073307052,208.69
2026-06-22 19:45:00+02:00,200.51275650871213,269.39
2026-06-22 20:00:00+02:00,192.47352682230803,222.38
2026-06-22 20:15:00+02:00,192.7664923476978,263.67
2026-06-22 20:30:00+02:00,189.8756522946106,293.0
2026-06-22 20:45:00+02:00,213.91161843118886,308.06
2026-06-22 21:00:00+02:00,206.03405009613203,287.12
2026-06-22 21:15:00+02:00,201.81675954205772,270.1
2026-06-22 21:30:00+02:00,202.44267292456647,241.87
2026-06-22 21:45:00+02:00,173.85723424593328,202.73
2026-06-22 22:00:00+02:00,199.9905900097496,229.3
2026-06-22 22:15:00+02:00,169.62642822446472,204.92
2026-06-22 22:30:00+02:00,155.20499355075845,170.6
2026-06-22 22:45:00+02:00,140.76373806765,153.46
2026-06-22 23:00:00+02:00,153.98568675682702,164.0
2026-06-22 23:15:00+02:00,145.4493964245074,159.86
2026-06-22 23:30:00+02:00,142.69828438901564,153.49
2026-06-22 23:45:00+02:00,135.76679791757624,146.66
2026-06-23 00:00:00+02:00,151.24144740668032,154.13
2026-06-23 00:15:00+02:00,144.12855255097375,148.58
2026-06-23 00:30:00+02:00,138.18096966043666,143.09
2026-06-23 00:45:00+02:00,133.36483347763033,138.44
2026-06-23 01:00:00+02:00,138.68049931609022,143.71
2026-06-23 01:15:00+02:00,131.28709307275597,139.12
2026-06-23 01:30:00+02:00,130.52394248679033,137.82
2026-06-23 01:45:00+02:00,127.00822000802589,135.85
2026-06-23 02:00:00+02:00,128.86469830184265,136.68
2026-06-23 02:15:00+02:00,128.40391494612638,135.01
2026-06-23 02:30:00+02:00,128.6783843304519,133.83
2026-06-23 02:45:00+02:00,125.85118136181916,134.52
2026-06-23 03:00:00+02:00,125.69402025294893,134.9
2026-06-23 03:15:00+02:00,124.73558939612906,136.35
2026-06-23 03:30:00+02:00,124.19493413085698,135.47
2026-06-23 03:45:00+02:00,123.4198870881434,136.57
2026-06-23 04:00:00+02:00,124.07190888380512,136.49
2026-06-23 04:15:00+02:00,125.5735572792163,136.12
2026-06-23 04:30:00+02:00,123.99571128769936,137.43
2026-06-23 04:45:00+02:00,125.6755210467844,142.2
2026-06-23 05:00:00+02:00,127.16191740653205,135.54
2026-06-23 05:15:00+02:00,123.76124262777799,136.66
2026-06-23 05:30:00+02:00,125.53128760423006,143.23
2026-06-23 05:45:00+02:00,127.73463792710778,153.77
2026-06-23 06:00:00+02:00,134.76215244697934,152.95
2026-06-23 06:15:00+02:00,132.2032443038102,163.3
2026-06-23 06:30:00+02:00,128.5695459047976,167.98
2026-06-23 06:45:00+02:00,121.94063611498888,172.65
2026-06-23 07:00:00+02:00,134.34853474214069,181.9
2026-06-23 07:15:00+02:00,127.87178668609356,167.7
2026-06-23 07:30:00+02:00,118.46679764014469,154.13
2026-06-23 07:45:00+02:00,106.36552379974957,136.8
2026-06-23 08:00:00+02:00,132.11487129631854,158.07
2026-06-23 08:15:00+02:00,113.53678812552698,141.51
2026-06-23 08:30:00+02:00,95.18233639680582,123.0
2026-06-23 08:45:00+02:00,73.02651960795474,112.57
2026-06-23 09:00:00+02:00,103.75072554756409,124.07
2026-06-23 09:15:00+02:00,63.85202450941605,115.8
2026-06-23 09:30:00+02:00,47.11305383053311,108.01
2026-06-23 09:45:00+02:00,25.164530892852405,100.59
2026-06-23 10:00:00+02:00,22.580567065423992,113.1
2026-06-23 10:15:00+02:00,24.98549605717414,99.87
2026-06-23 10:30:00+02:00,4.651086713490436,89.95
2026-06-23 10:45:00+02:00,-5.264773692672449,82.33
2026-06-23 11:00:00+02:00,-3.587733391806143,86.57
2026-06-23 11:15:00+02:00,-6.813581453961099,79.48
2026-06-23 11:30:00+02:00,-8.278882691845329,70.89
2026-06-23 11:45:00+02:00,-7.387360705044415,69.14
2026-06-23 12:00:00+02:00,-6.056437790240171,76.72
2026-06-23 12:15:00+02:00,-6.775824605327857,67.63
2026-06-23 12:30:00+02:00,-4.339261143164624,63.67
2026-06-23 12:45:00+02:00,-3.253449856076795,60.56
2026-06-23 13:00:00+02:00,-7.982672033797971,62.71
2026-06-23 13:15:00+02:00,-2.8169617098985626,62.14
2026-06-23 13:30:00+02:00,-0.15982050648743168,59.2
2026-06-23 13:45:00+02:00,-0.06691464932182586,57.33
2026-06-23 14:00:00+02:00,-2.956063225299321,57.39
2026-06-23 14:15:00+02:00,-2.9574298173303033,63.46
2026-06-23 14:30:00+02:00,-3.5256735704020605,71.7
2026-06-23 14:45:00+02:00,-1.6055041392654734,78.06
2026-06-23 15:00:00+02:00,-2.8802351530576003,68.4
2026-06-23 15:15:00+02:00,-9.967329060170542,75.32
2026-06-23 15:30:00+02:00,4.085044621460774,88.73
2026-06-23 15:45:00+02:00,15.806579668027126,92.96
2026-06-23 16:00:00+02:00,1.1682056325183279,80.96
2026-06-23 16:15:00+02:00,20.72773302483807,95.79
2026-06-23 16:30:00+02:00,36.98048387501369,107.51
2026-06-23 16:45:00+02:00,79.43052718242258,120.0
2026-06-23 17:00:00+02:00,46.78521895088629,103.3
2026-06-23 17:15:00+02:00,80.04122068576805,117.33
2026-06-23 17:30:00+02:00,107.71109173086512,124.07
2026-06-23 17:45:00+02:00,123.27246327013312,142.13
2026-06-23 18:00:00+02:00,103.77509589325744,119.87
2026-06-23 18:15:00+02:00,123.18550793320739,147.23
2026-06-23 18:30:00+02:00,132.017000507747,178.52
2026-06-23 18:45:00+02:00,149.54361108963246,233.11
2026-06-23 19:00:00+02:00,130.76743484182714,180.97
2026-06-23 19:15:00+02:00,147.6477634049462,243.87
2026-06-23 19:30:00+02:00,156.39366031048942,423.37
2026-06-23 19:45:00+02:00,170.72053712776128,514.61
2026-06-23 20:00:00+02:00,159.03399854683792,458.7
2026-06-23 20:15:00+02:00,181.72626514312137,529.61
2026-06-23 20:30:00+02:00,218.08497821907991,578.69
2026-06-23 20:45:00+02:00,243.3595837974702,615.02
2026-06-23 21:00:00+02:00,202.35621859390443,565.74
2026-06-23 21:15:00+02:00,224.6035883032808,555.28
2026-06-23 21:30:00+02:00,204.91447157726685,546.71
2026-06-23 21:45:00+02:00,176.83429950714645,447.22
2026-06-23 22:00:00+02:00,212.77264741413904,462.55
2026-06-23 22:15:00+02:00,177.0760638264759,419.71
2026-06-23 22:30:00+02:00,162.91173738165787,265.68
2026-06-23 22:45:00+02:00,142.5685939799654,192.53
2026-06-23 23:00:00+02:00,157.0244888376489,218.47
2026-06-23 23:15:00+02:00,145.43026788429734,222.47
2026-06-23 23:30:00+02:00,140.70719200377627,187.3
2026-06-23 23:45:00+02:00,132.231250719955,169.35
2026-06-24 00:00:00+02:00,150.37628653478788,214.52
2026-06-24 00:15:00+02:00,143.7377886695178,179.78
2026-06-24 00:30:00+02:00,135.25324295196856,165.0
2026-06-24 00:45:00+02:00,130.9815035956536,155.91
2026-06-24 01:00:00+02:00,139.45200895116497,179.63
2026-06-24 01:15:00+02:00,134.23399412129675,164.26
2026-06-24 01:30:00+02:00,130.35446087612786,156.72
2026-06-24 01:45:00+02:00,127.82232618858743,150.01
2026-06-24 02:00:00+02:00,131.32939900071216,151.74
2026-06-24 02:15:00+02:00,129.2901123968497,148.08
2026-06-24 02:30:00+02:00,128.12372884188676,147.39
2026-06-24 02:45:00+02:00,128.1256785679298,144.81
2026-06-24 03:00:00+02:00,127.20718293070422,144.5
2026-06-24 03:15:00+02:00,128.4702305958603,143.98
2026-06-24 03:30:00+02:00,128.1661384328755,143.93
2026-06-24 03:45:00+02:00,128.94299825660823,143.79
2026-06-24 04:00:00+02:00,124.73481943642443,144.02
2026-06-24 04:15:00+02:00,125.45624033263229,144.55
2026-06-24 04:30:00+02:00,127.32426444908673,144.18
2026-06-24 04:45:00+02:00,130.12526677788645,145.09
2026-06-24 05:00:00+02:00,126.91516124126477,145.16
2026-06-24 05:15:00+02:00,129.63533053371899,148.81
2026-06-24 05:30:00+02:00,126.52359156048668,154.62
2026-06-24 05:45:00+02:00,135.06124887324228,157.88
2026-06-24 06:00:00+02:00,136.7785220105495,169.51
2026-06-24 06:15:00+02:00,142.81698581605204,169.78
2026-06-24 06:30:00+02:00,146.52263180363124,180.88
2026-06-24 06:45:00+02:00,145.34870036483687,192.5
2026-06-24 07:00:00+02:00,152.22962158111014,210.74
2026-06-24 07:15:00+02:00,144.8367785078458,178.78
2026-06-24 07:30:00+02:00,138.60602541318795,159.81
2026-06-24 07:45:00+02:00,122.16313981496721,141.11
2026-06-24 08:00:00+02:00,143.75592346938373,190.76
2026-06-24 08:15:00+02:00,126.43291666723019,150.91
2026-06-24 08:30:00+02:00,114.04206520712555,140.75
2026-06-24 08:45:00+02:00,97.50768751759338,114.97
2026-06-24 09:00:00+02:00,115.79357783868521,138.9
2026-06-24 09:15:00+02:00,101.79889069610938,124.82
2026-06-24 09:30:00+02:00,84.3410854665321,110.39
2026-06-24 09:45:00+02:00,75.67206115909083,103.14
2026-06-24 10:00:00+02:00,90.46837483382845,120.91
2026-06-24 10:15:00+02:00,79.59602575667918,109.51
2026-06-24 10:30:00+02:00,62.651937606086975,100.16
2026-06-24 10:45:00+02:00,39.78514950667865,79.07
2026-06-24 11:00:00+02:00,48.34740191188713,100.31
2026-06-24 11:15:00+02:00,34.786612401027156,89.99
2026-06-24 11:30:00+02:00,31.84121282382578,78.99
2026-06-24 11:45:00+02:00,27.20393096067445,68.79
2026-06-24 12:00:00+02:00,26.100121347081092,86.04
2026-06-24 12:15:00+02:00,25.293030331434018,72.67
2026-06-24 12:30:00+02:00,23.4576320134576,71.08
2026-06-24 12:45:00+02:00,15.163164394127387,64.25
2026-06-24 13:00:00+02:00,17.46646846910761,75.06
2026-06-24 13:15:00+02:00,16.203737016717,70.52
2026-06-24 13:30:00+02:00,18.776787789893927,70.06
2026-06-24 13:45:00+02:00,16.9756599369521,68.29
2026-06-24 14:00:00+02:00,17.42119386999836,66.88
2026-06-24 14:15:00+02:00,30.0063948130089,73.18
2026-06-24 14:30:00+02:00,34.39445382808774,74.28
2026-06-24 14:45:00+02:00,35.72748177571364,83.72
2026-06-24 15:00:00+02:00,28.35132794792668,65.47
2026-06-24 15:15:00+02:00,32.619669674526605,85.94
2026-06-24 15:30:00+02:00,43.29213822411194,97.54
2026-06-24 15:45:00+02:00,60.93699625871419,108.44
2026-06-24 16:00:00+02:00,37.74482074244806,96.25
2026-06-24 16:15:00+02:00,72.1409695300141,107.07
2026-06-24 16:30:00+02:00,92.42450288577352,110.89
2026-06-24 16:45:00+02:00,97.13348655592438,123.29
2026-06-24 17:00:00+02:00,93.97619735610036,109.43
2026-06-24 17:15:00+02:00,91.86959504406437,120.77
2026-06-24 17:30:00+02:00,114.78391988329999,137.0
2026-06-24 17:45:00+02:00,129.40117218898425,151.44
2026-06-24 18:00:00+02:00,104.34135106932504,137.94
2026-06-24 18:15:00+02:00,124.03405071718744,154.72
2026-06-24 18:30:00+02:00,135.89080401809866,205.26
2026-06-24 18:45:00+02:00,153.76458029134108,289.22
2026-06-24 19:00:00+02:00,139.82288898898375,240.0
2026-06-24 19:15:00+02:00,162.64503615109933,314.99
2026-06-24 19:30:00+02:00,216.61827764016246,565.56
2026-06-24 19:45:00+02:00,273.6578591495444,700.0
2026-06-24 20:00:00+02:00,260.66455773758923,566.18
2026-06-24 20:15:00+02:00,301.5352052472026,650.01
2026-06-24 20:30:00+02:00,344.22366852540864,699.99
2026-06-24 20:45:00+02:00,383.9078030028635,747.1
2026-06-24 21:00:00+02:00,377.0634636933274,693.47
2026-06-24 21:15:00+02:00,376.16893975190374,681.95
2026-06-24 21:30:00+02:00,276.17410298277997,650.01
2026-06-24 21:45:00+02:00,280.93916701182485,615.2
2026-06-24 22:00:00+02:00,312.97861361618936,630.25
2026-06-24 22:15:00+02:00,254.60976837292213,509.11
2026-06-24 22:30:00+02:00,189.1911735037247,408.47
2026-06-24 22:45:00+02:00,153.51129056893973,305.18
2026-06-24 23:00:00+02:00,166.98769367708434,352.34
2026-06-24 23:15:00+02:00,158.89342272050715,283.37
2026-06-24 23:30:00+02:00,147.10118223004193,233.36
2026-06-24 23:45:00+02:00,137.7562322975719,185.37
2026-06-25 00:00:00+02:00,160.0200834368811,200.1
2026-06-25 00:15:00+02:00,150.89555559658442,171.0
2026-06-25 00:30:00+02:00,143.67717150728333,154.03
2026-06-25 00:45:00+02:00,140.92630513761554,153.14
2026-06-25 01:00:00+02:00,149.05672893389817,165.17
2026-06-25 01:15:00+02:00,139.80605372466434,157.72
2026-06-25 01:30:00+02:00,137.8107417962429,151.9
2026-06-25 01:45:00+02:00,131.07956543169274,144.95
2026-06-25 02:00:00+02:00,136.95567145854454,154.0
2026-06-25 02:15:00+02:00,135.18121280619224,144.32
2026-06-25 02:30:00+02:00,135.74221418625578,142.5
2026-06-25 02:45:00+02:00,134.6571775985993,140.72
2026-06-25 03:00:00+02:00,133.75016522798816,146.44
2026-06-25 03:15:00+02:00,132.89366406923727,143.04
2026-06-25 03:30:00+02:00,133.7926933847505,141.21
2026-06-25 03:45:00+02:00,132.75572021553862,141.2
2026-06-25 04:00:00+02:00,130.25701577875117,139.55
2026-06-25 04:15:00+02:00,129.12219202509172,143.57
2026-06-25 04:30:00+02:00,136.14425670600878,142.9
2026-06-25 04:45:00+02:00,133.84967333633833,141.61
2026-06-25 05:00:00+02:00,131.39379101076992,142.02
2026-06-25 05:15:00+02:00,129.048000620608,141.22
2026-06-25 05:30:00+02:00,133.80554838879766,144.96
2026-06-25 05:45:00+02:00,140.63159865971326,150.09
2026-06-25 06:00:00+02:00,141.11960774080546,161.34
2026-06-25 06:15:00+02:00,151.1570186661695,169.19
2026-06-25 06:30:00+02:00,153.78152779304986,161.4
2026-06-25 06:45:00+02:00,148.08566780862054,153.39
2026-06-25 07:00:00+02:00,156.98824277494046,178.0
2026-06-25 07:15:00+02:00,147.9140623176644,157.34
2026-06-25 07:30:00+02:00,145.9214188209495,141.4
2026-06-25 07:45:00+02:00,131.64202813149913,116.93
2026-06-25 08:00:00+02:00,164.83527656871405,141.16
2026-06-25 08:15:00+02:00,139.22085837585354,124.79
2026-06-25 08:30:00+02:00,133.49071007841863,112.5
2026-06-25 08:45:00+02:00,108.85146915658163,97.94
2026-06-25 09:00:00+02:00,130.72385893062537,121.26
2026-06-25 09:15:00+02:00,118.18212194029535,112.25
2026-06-25 09:30:00+02:00,105.88622999001493,103.77
2026-06-25 09:45:00+02:00,96.99386806088424,82.75
2026-06-25 10:00:00+02:00,106.70138566537275,106.37
2026-06-25 10:15:00+02:00,94.92112362150596,95.6
2026-06-25 10:30:00+02:00,80.30328513911338,80.01
2026-06-25 10:45:00+02:00,59.31006282806319,57.0
2026-06-25 11:00:00+02:00,73.25197403271122,92.83
2026-06-25 11:15:00+02:00,53.58748118294335,72.1
2026-06-25 11:30:00+02:00,61.978395763695524,56.48
2026-06-25 11:45:00+02:00,61.05409609406314,46.96
2026-06-25 12:00:00+02:00,65.29860898071077,53.74
2026-06-25 12:15:00+02:00,59.82145785355168,45.35
2026-06-25 12:30:00+02:00,48.72760801356063,41.06
2026-06-25 12:45:00+02:00,31.627549328677514,30.65
2026-06-25 13:00:00+02:00,45.26162412292818,45.0
2026-06-25 13:15:00+02:00,34.72587798938982,36.16
2026-06-25 13:30:00+02:00,26.856132732968565,28.67
2026-06-25 13:45:00+02:00,19.042521958814042,26.01
2026-06-25 14:00:00+02:00,26.08152687308999,23.39
2026-06-25 14:15:00+02:00,29.49111399123881,26.14
2026-06-25 14:30:00+02:00,38.46804302441464,44.42
2026-06-25 14:45:00+02:00,46.27156916263854,55.11
2026-06-25 15:00:00+02:00,29.34861785650889,41.52
2026-06-25 15:15:00+02:00,50.81053834025446,61.73
2026-06-25 15:30:00+02:00,65.2329852622787,77.02
2026-06-25 15:45:00+02:00,82.85693750944655,90.96
2026-06-25 16:00:00+02:00,43.07559410997254,65.14
2026-06-25 16:15:00+02:00,84.52558938479874,80.54
2026-06-25 16:30:00+02:00,92.04788192770748,94.4
2026-06-25 16:45:00+02:00,101.91643325043505,113.09
2026-06-25 17:00:00+02:00,90.69310055879858,78.47
2026-06-25 17:15:00+02:00,103.56113333340306,107.13
2026-06-25 17:30:00+02:00,117.21988753644477,115.8
2026-06-25 17:45:00+02:00,128.22154485925677,125.0
2026-06-25 18:00:00+02:00,114.24211778599647,91.39
2026-06-25 18:15:00+02:00,129.00417863694244,114.88
2026-06-25 18:30:00+02:00,139.06566115473646,142.45
2026-06-25 18:45:00+02:00,159.12269369149774,192.2
2026-06-25 19:00:00+02:00,136.6340174872442,138.01
2026-06-25 19:15:00+02:00,167.1975645024629,171.26
2026-06-25 19:30:00+02:00,181.80994390104968,210.25
2026-06-25 19:45:00+02:00,252.6562901361816,293.74
2026-06-25 20:00:00+02:00,184.66606560458348,238.34
2026-06-25 20:15:00+02:00,239.60386176487447,286.5
2026-06-25 20:30:00+02:00,236.57409883213006,308.06
2026-06-25 20:45:00+02:00,278.013729994476,310.19
2026-06-25 21:00:00+02:00,248.40532396059965,363.0
2026-06-25 21:15:00+02:00,248.2344891846402,301.08
2026-06-25 21:30:00+02:00,239.6261688003476,248.0
2026-06-25 21:45:00+02:00,186.6915246665094,194.38
2026-06-25 22:00:00+02:00,221.3373191047545,217.11
2026-06-25 22:15:00+02:00,196.85221738568032,197.25
2026-06-25 22:30:00+02:00,166.5407829869161,172.75
2026-06-25 22:45:00+02:00,143.71621068584122,159.44
2026-06-25 23:00:00+02:00,155.67009748149758,172.06
2026-06-25 23:15:00+02:00,144.0353385400986,159.81
2026-06-25 23:30:00+02:00,138.42530541632905,146.28
2026-06-25 23:45:00+02:00,125.99911946410775,144.83
2026-06-26 00:00:00+02:00,169.87249387804692,152.76
2026-06-26 00:15:00+02:00,149.8903171701996,150.24
2026-06-26 00:30:00+02:00,141.8558621912117,142.54
2026-06-26 00:45:00+02:00,133.06038534412198,133.26
2026-06-26 01:00:00+02:00,145.2838861535769,137.99
2026-06-26 01:15:00+02:00,138.2238508570714,132.07
2026-06-26 01:30:00+02:00,136.19719768891042,129.89
2026-06-26 01:45:00+02:00,124.93557507370477,122.95
2026-06-26 02:00:00+02:00,133.3416526395158,125.81
2026-06-26 02:15:00+02:00,126.57927316285587,122.05
2026-06-26 02:30:00+02:00,126.07917233554721,121.06
2026-06-26 02:45:00+02:00,124.25150281009222,121.01
2026-06-26 03:00:00+02:00,127.10417043716367,124.67
2026-06-26 03:15:00+02:00,125.49965100657293,119.99
2026-06-26 03:30:00+02:00,122.89982813117057,118.93
2026-06-26 03:45:00+02:00,117.00628366103152,120.14
2026-06-26 04:00:00+02:00,122.20451534878494,123.44
2026-06-26 04:15:00+02:00,122.49708891013042,123.09
2026-06-26 04:30:00+02:00,121.40029506125614,120.32
2026-06-26 04:45:00+02:00,128.30308530613803,123.57
2026-06-26 05:00:00+02:00,116.95853393193671,127.31
2026-06-26 05:15:00+02:00,127.58219710043817,125.88
2026-06-26 05:30:00+02:00,130.870195121625,130.06
2026-06-26 05:45:00+02:00,138.77937546610266,134.94
2026-06-26 06:00:00+02:00,138.8948752451493,144.37
2026-06-26 06:15:00+02:00,148.43959181451964,150.21
2026-06-26 06:30:00+02:00,150.85299106620712,149.4
2026-06-26 06:45:00+02:00,153.3992588701021,140.14
2026-06-26 07:00:00+02:00,164.24176647712804,158.05
2026-06-26 07:15:00+02:00,151.92923137382576,147.52
2026-06-26 07:30:00+02:00,145.21673934581838,127.11
2026-06-26 07:45:00+02:00,132.8791474621312,119.2
2026-06-26 08:00:00+02:00,160.87121965408994,137.7
2026-06-26 08:15:00+02:00,135.61188618349343,122.17
2026-06-26 08:30:00+02:00,125.46796389590732,114.16
2026-06-26 08:45:00+02:00,107.35922517220399,105.19
2026-06-26 09:00:00+02:00,130.36813394262958,118.18
2026-06-26 09:15:00+02:00,115.13554429894504,116.0
2026-06-26 09:30:00+02:00,104.18484829713161,103.98
2026-06-26 09:45:00+02:00,86.31608755434749,94.93
2026-06-26 10:00:00+02:00,98.49814851720909,111.75
2026-06-26 10:15:00+02:00,93.59738682066804,103.87
2026-06-26 10:30:00+02:00,84.07006682041214,87.67
2026-06-26 10:45:00+02:00,61.52275821893356,69.68
2026-06-26 11:00:00+02:00,83.94753067430342,89.5
2026-06-26 11:15:00+02:00,68.98013876200481,73.69
2026-06-26 11:30:00+02:00,64.8478860843046,60.3
2026-06-26 11:45:00+02:00,53.61429845262333,47.33
2026-06-26 12:00:00+02:00,50.87860131438412,61.72
2026-06-26 12:15:00+02:00,45.3302195568543,50.2
2026-06-26 12:30:00+02:00,49.032225562650886,48.06
2026-06-26 12:45:00+02:00,41.746081156360965,37.98
2026-06-26 13:00:00+02:00,44.64177569061107,43.35
2026-06-26 13:15:00+02:00,42.9464233300882,39.24
2026-06-26 13:30:00+02:00,39.49046487196023,36.0
2026-06-26 13:45:00+02:00,32.615702616836174,35.41
2026-06-26 14:00:00+02:00,38.21131329797812,28.54
2026-06-26 14:15:00+02:00,52.73466295368255,31.4
2026-06-26 14:30:00+02:00,62.84628101442081,43.21
2026-06-26 14:45:00+02:00,66.29553550031456,56.85
2026-06-26 15:00:00+02:00,58.780154039176296,44.82
2026-06-26 15:15:00+02:00,66.59334952719377,60.02
2026-06-26 15:30:00+02:00,79.02713272626453,79.51
2026-06-26 15:45:00+02:00,82.9438724158799,91.58
2026-06-26 16:00:00+02:00,66.54752140493859,68.95
2026-06-26 16:15:00+02:00,81.59543380104094,83.3
2026-06-26 16:30:00+02:00,96.43619492747732,100.54
2026-06-26 16:45:00+02:00,99.83684718110064,119.69
2026-06-26 17:00:00+02:00,89.3218129838445,85.5
2026-06-26 17:15:00+02:00,105.48471213196875,108.47
2026-06-26 17:30:00+02:00,123.6032639546136,116.91
2026-06-26 17:45:00+02:00,137.4106498557267,133.09
2026-06-26 18:00:00+02:00,108.0517365884681,93.65
2026-06-26 18:15:00+02:00,127.90518177344318,135.03
2026-06-26 18:30:00+02:00,146.4572127326814,160.49
2026-06-26 18:45:00+02:00,190.68644449643466,212.21
2026-06-26 19:00:00+02:00,141.962919116159,159.88
2026-06-26 19:15:00+02:00,171.1524003900605,193.03
2026-06-26 19:30:00+02:00,203.1716390386963,249.18
2026-06-26 19:45:00+02:00,281.2218809807701,372.09
2026-06-26 20:00:00+02:00,229.48867576636053,258.64
2026-06-26 20:15:00+02:00,265.2195447562542,337.04
2026-06-26 20:30:00+02:00,288.28831350958967,399.99
2026-06-26 20:45:00+02:00,307.3473217160867,406.17
2026-06-26 21:00:00+02:00,314.46944245914756,405.09
2026-06-26 21:15:00+02:00,264.6174026908252,335.04
2026-06-26 21:30:00+02:00,237.7621405058643,248.24
2026-06-26 21:45:00+02:00,199.29265294230927,194.74
2026-06-26 22:00:00+02:00,211.54087899358157,258.42
2026-06-26 22:15:00+02:00,193.75322186530747,205.87
2026-06-26 22:30:00+02:00,173.84115470015138,185.01
2026-06-26 22:45:00+02:00,157.76685850387213,161.32
2026-06-26 23:00:00+02:00,164.30504664046194,176.48
2026-06-26 23:15:00+02:00,152.87679651765328,157.47
2026-06-26 23:30:00+02:00,141.3004025652242,145.87
2026-06-26 23:45:00+02:00,138.1680194895086,139.62
2026-06-27 00:00:00+02:00,152.34315842123928,145.51
2026-06-27 00:15:00+02:00,144.85050738878115,133.67
2026-06-27 00:30:00+02:00,138.55170954845286,127.53
2026-06-27 00:45:00+02:00,133.50184153912306,121.47
2026-06-27 01:00:00+02:00,135.3603911703143,130.5
2026-06-27 01:15:00+02:00,131.10357891903087,125.93
2026-06-27 01:30:00+02:00,130.57476675600606,122.53
2026-06-27 01:45:00+02:00,126.45824957955188,119.04
2026-06-27 02:00:00+02:00,125.51518046816759,120.07
2026-06-27 02:15:00+02:00,124.74363956240421,119.02
2026-06-27 02:30:00+02:00,121.21410924568255,116.31
2026-06-27 02:45:00+02:00,121.15914164591813,116.58
2026-06-27 03:00:00+02:00,125.24548446079915,117.89
2026-06-27 03:15:00+02:00,124.63789722240642,114.32
2026-06-27 03:30:00+02:00,125.94582664460596,116.11
2026-06-27 03:45:00+02:00,125.79485535428915,115.0
2026-06-27 04:00:00+02:00,124.95082484549599,114.77
2026-06-27 04:15:00+02:00,125.870528506971,116.11
2026-06-27 04:30:00+02:00,128.25087669185174,116.1
2026-06-27 04:45:00+02:00,128.20727546720772,114.32
2026-06-27 05:00:00+02:00,127.72903486886085,115.4
2026-06-27 05:15:00+02:00,126.00132390301907,113.85
2026-06-27 05:30:00+02:00,127.35597216245229,113.84
2026-06-27 05:45:00+02:00,131.02859022569965,112.91
2026-06-27 06:00:00+02:00,135.17070542513042,115.01
2026-06-27 06:15:00+02:00,136.02658483481937,112.91
2026-06-27 06:30:00+02:00,131.78315239478977,112.01
2026-06-27 06:45:00+02:00,126.24315410092655,110.97
2026-06-27 07:00:00+02:00,141.56503742396947,115.33
2026-06-27 07:15:00+02:00,135.560141593261,113.84
2026-06-27 07:30:00+02:00,126.06354365556336,112.91
2026-06-27 07:45:00+02:00,116.16439077801833,95.01
2026-06-27 08:00:00+02:00,134.07286168569618,118.85
2026-06-27 08:15:00+02:00,117.77263799398244,112.61
2026-06-27 08:30:00+02:00,112.89597702240562,99.9
2026-06-27 08:45:00+02:00,101.42686620264614,80.11
2026-06-27 09:00:00+02:00,119.93018390888675,109.87
2026-06-27 09:15:00+02:00,100.29979851777084,84.49
2026-06-27 09:30:00+02:00,88.6839806687289,67.13
2026-06-27 09:45:00+02:00,60.46657457556834,32.78
2026-06-27 10:00:00+02:00,89.7975288501929,64.42
2026-06-27 10:15:00+02:00,64.63631000897934,42.82
2026-06-27 10:30:00+02:00,34.220165052647566,22.43
2026-06-27 10:45:00+02:00,22.56334804610496,14.43
2026-06-27 11:00:00+02:00,32.36410208016194,19.53
2026-06-27 11:15:00+02:00,22.842216058726464,11.28
2026-06-27 11:30:00+02:00,13.773947500308857,4.68
2026-06-27 11:45:00+02:00,15.812763544968238,3.18
2026-06-27 12:00:00+02:00,12.268228211685809,2.11
2026-06-27 12:15:00+02:00,15.72499517802938,0.0
2026-06-27 12:30:00+02:00,16.315929559351364,0.0
2026-06-27 12:45:00+02:00,13.007185462233506,-0.01
2026-06-27 13:00:00+02:00,18.088624538779825,0.1
2026-06-27 13:15:00+02:00,14.133677821541703,0.01
2026-06-27 13:30:00+02:00,15.225935287640757,0.0
2026-06-27 13:45:00+02:00,13.352006765136723,0.0
2026-06-27 14:00:00+02:00,15.786116344266492,0.1
2026-06-27 14:15:00+02:00,15.623023432469742,1.4
2026-06-27 14:30:00+02:00,17.643092504987536,4.08
2026-06-27 14:45:00+02:00,26.403846161039795,7.99
2026-06-27 15:00:00+02:00,23.613345774312776,2.14
2026-06-27 15:15:00+02:00,26.049405363456444,4.0
2026-06-27 15:30:00+02:00,38.50526309307118,12.86
2026-06-27 15:45:00+02:00,39.98103357691227,32.07
2026-06-27 16:00:00+02:00,27.00766617476271,9.1
2026-06-27 16:15:00+02:00,50.84474029724781,35.0
2026-06-27 16:30:00+02:00,67.73670944440286,66.07
2026-06-27 16:45:00+02:00,96.70218170279479,93.83
2026-06-27 17:00:00+02:00,69.4483828943014,61.97
2026-06-27 17:15:00+02:00,92.8742799677032,98.97
2026-06-27 17:30:00+02:00,112.38508224117784,112.08
2026-06-27 17:45:00+02:00,129.7797040088025,129.4
2026-06-27 18:00:00+02:00,102.88598772548548,107.84
2026-06-27 18:15:00+02:00,125.12662675569582,117.19
2026-06-27 18:30:00+02:00,138.97558856047436,134.05
2026-06-27 18:45:00+02:00,162.506726504009,149.45
2026-06-27 19:00:00+02:00,141.49103699655296,133.91
2026-06-27 19:15:00+02:00,166.74085916290989,149.95
2026-06-27 19:30:00+02:00,163.94409654789567,182.04
2026-06-27 19:45:00+02:00,221.51616183380773,221.12
2026-06-27 20:00:00+02:00,167.94886606851253,198.63
2026-06-27 20:15:00+02:00,199.16699400864925,207.14
2026-06-27 20:30:00+02:00,252.91344215738394,226.89
2026-06-27 20:45:00+02:00,265.5837328502271,252.34
2026-06-27 21:00:00+02:00,255.23127743597942,223.72
2026-06-27 21:15:00+02:00,237.5794856865046,212.47
2026-06-27 21:30:00+02:00,237.50260899467605,210.3
2026-06-27 21:45:00+02:00,211.40696572695578,210.74
2026-06-27 22:00:00+02:00,232.35520707897558,204.92
2026-06-27 22:15:00+02:00,204.11051939597556,173.25
2026-06-27 22:30:00+02:00,181.97471497351424,167.64
2026-06-27 22:45:00+02:00,157.85261600195116,154.18
2026-06-27 23:00:00+02:00,173.32288720081118,157.99
2026-06-27 23:15:00+02:00,162.92220623772286,145.23
2026-06-27 23:30:00+02:00,150.19520119950548,139.08
2026-06-27 23:45:00+02:00,147.5645804192476,136.08
2026-06-28 00:00:00+02:00,148.795292195596,145.13
2026-06-28 00:15:00+02:00,138.27038687489008,140.9
2026-06-28 00:30:00+02:00,134.35183215569086,135.19
2026-06-28 00:45:00+02:00,128.12427464602692,124.62
2026-06-28 01:00:00+02:00,136.16906757029497,130.47
2026-06-28 01:15:00+02:00,132.03381210307631,128.55
2026-06-28 01:30:00+02:00,129.77174643858842,124.47
2026-06-28 01:45:00+02:00,122.25153234677414,120.63
2026-06-28 02:00:00+02:00,128.76226103807628,122.79
2026-06-28 02:15:00+02:00,124.98996859694819,120.62
2026-06-28 02:30:00+02:00,125.15640431301316,118.82
2026-06-28 02:45:00+02:00,126.05530944809051,116.5
2026-06-28 03:00:00+02:00,126.33045225746784,116.18
2026-06-28 03:15:00+02:00,123.65343469313791,115.59
2026-06-28 03:30:00+02:00,121.96588589603033,115.98
2026-06-28 03:45:00+02:00,118.64374327225094,115.0
2026-06-28 04:00:00+02:00,123.28587083366436,114.6
2026-06-28 04:15:00+02:00,121.67686680386133,114.57
2026-06-28 04:30:00+02:00,120.03111823855187,115.0
2026-06-28 04:45:00+02:00,123.46231863635546,114.77
2026-06-28 05:00:00+02:00,123.60747100604173,115.54
2026-06-28 05:15:00+02:00,120.98649910951085,115.09
2026-06-28 05:30:00+02:00,118.98140378181964,115.0
2026-06-28 05:45:00+02:00,113.01418700545483,114.86
2026-06-28 06:00:00+02:00,123.83693106477749,116.0
2026-06-28 06:15:00+02:00,109.78618177484469,115.0
2026-06-28 06:30:00+02:00,106.38826264365386,110.69
2026-06-28 06:45:00+02:00,95.95529394949455,106.56
2026-06-28 07:00:00+02:00,122.48885780181243,114.6
2026-06-28 07:15:00+02:00,102.38256572113178,112.36
2026-06-28 07:30:00+02:00,91.81883422214776,104.86
2026-06-28 07:45:00+02:00,87.20285122992053,85.9
2026-06-28 08:00:00+02:00,112.16881053185237,108.47
2026-06-28 08:15:00+02:00,80.70259697718004,82.99
2026-06-28 08:30:00+02:00,79.98501812150299,70.44
2026-06-28 08:45:00+02:00,65.96230288543617,44.84
2026-06-28 09:00:00+02:00,81.52060123988326,67.55
2026-06-28 09:15:00+02:00,62.53511808802714,37.96
2026-06-28 09:30:00+02:00,40.714812520594045,18.08
2026-06-28 09:45:00+02:00,29.93980132672537,7.66
2026-06-28 10:00:00+02:00,42.031581627788185,14.43
2026-06-28 10:15:00+02:00,27.15258897383776,4.99
2026-06-28 10:30:00+02:00,-0.732512970439096,0.84
2026-06-28 10:45:00+02:00,1.8487408445673736,0.35
2026-06-28 11:00:00+02:00,9.000708884650322,0.54
2026-06-28 11:15:00+02:00,14.910131735203517,0.01
2026-06-28 11:30:00+02:00,19.949868506103112,0.0
2026-06-28 11:45:00+02:00,20.310356795137768,-0.07
2026-06-28 12:00:00+02:00,15.01363292698083,0.0
2026-06-28 12:15:00+02:00,15.722928830987783,0.0
2026-06-28 12:30:00+02:00,14.638328822236673,-0.02
2026-06-28 12:45:00+02:00,13.7135022501071,-0.07
2026-06-28 13:00:00+02:00,9.961036147858826,-0.92
2026-06-28 13:15:00+02:00,3.8097386551528287,-0.91
2026-06-28 13:30:00+02:00,-0.4284281308068246,-0.9
2026-06-28 13:45:00+02:00,-3.873860564289452,-0.89
2026-06-28 14:00:00+02:00,-1.8275663278725776,-0.1
2026-06-28 14:15:00+02:00,-0.7352936048846781,-0.01
2026-06-28 14:30:00+02:00,4.450052229423972,0.0
2026-06-28 14:45:00+02:00,6.2131047091595315,0.0
2026-06-28 15:00:00+02:00,10.938000000708794,0.0
2026-06-28 15:15:00+02:00,8.30319165220747,0.01
2026-06-28 15:30:00+02:00,15.528906232744522,0.99
2026-06-28 15:45:00+02:00,31.369601909036064,5.48
2026-06-28 16:00:00+02:00,14.929005386001597,0.45
2026-06-28 16:15:00+02:00,32.85044183413517,8.43
2026-06-28 16:30:00+02:00,64.05910374439738,29.74
2026-06-28 16:45:00+02:00,82.95132494759265,72.04
2026-06-28 17:00:00+02:00,52.24116074585168,27.73
2026-06-28 17:15:00+02:00,69.32228525952728,78.25
2026-06-28 17:30:00+02:00,83.51536290443607,107.13
2026-06-28 17:45:00+02:00,117.69623667305572,125.46
2026-06-28 18:00:00+02:00,94.3732887188127,105.26
2026-06-28 18:15:00+02:00,119.40657167565361,111.58
2026-06-28 18:30:00+02:00,134.27249724054394,115.79
2026-06-28 18:45:00+02:00,160.07522288820726,125.41
2026-06-28 19:00:00+02:00,128.43619642961417,115.3
2026-06-28 19:15:00+02:00,140.42881047816644,136.65
2026-06-28 19:30:00+02:00,166.97687560532827,143.02
2026-06-28 19:45:00+02:00,199.7957470096311,156.98
2026-06-28 20:00:00+02:00,163.71213629998923,147.61
2026-06-28 20:15:00+02:00,181.77258563978904,152.39
2026-06-28 20:30:00+02:00,177.61327761046653,155.98
2026-06-28 20:45:00+02:00,177.54411496537347,156.73
2026-06-28 21:00:00+02:00,192.01635600488618,161.9
2026-06-28 21:15:00+02:00,171.33531477624757,159.65
2026-06-28 21:30:00+02:00,175.6053834582611,155.89
2026-06-28 21:45:00+02:00,176.7735054070821,166.72
2026-06-28 22:00:00+02:00,175.11697756305173,161.67
2026-06-28 22:15:00+02:00,164.8070067196117,161.61
2026-06-28 22:30:00+02:00,160.90235718869621,154.34
2026-06-28 22:45:00+02:00,147.42617153111146,151.56
2026-06-28 23:00:00+02:00,157.13918443141952,152.08
2026-06-28 23:15:00+02:00,143.24075323316387,145.0
2026-06-28 23:30:00+02:00,139.98259216692583,142.97
2026-06-28 23:45:00+02:00,138.20185606530532,136.41
2026-06-29 00:00:00+02:00,146.670196761754,132.75
2026-06-29 00:15:00+02:00,141.2993148183983,125.89
2026-06-29 00:30:00+02:00,134.8022729413863,119.83
2026-06-29 00:45:00+02:00,127.66602117983591,114.0
2026-06-29 01:00:00+02:00,135.56275858077223,115.99
2026-06-29 01:15:00+02:00,128.9809673558632,113.24
2026-06-29 01:30:00+02:00,123.94733152912266,114.0
2026-06-29 01:45:00+02:00,120.39117884406596,111.43
2026-06-29 02:00:00+02:00,125.49730076432522,115.5
2026-06-29 02:15:00+02:00,121.16105654759086,114.0
2026-06-29 02:30:00+02:00,122.9590094728077,111.97
2026-06-29 02:45:00+02:00,121.10488184043275,110.63
2026-06-29 03:00:00+02:00,120.15982932537636,110.0
2026-06-29 03:15:00+02:00,122.31141398468534,109.81
2026-06-29 03:30:00+02:00,122.51032974820617,109.59
2026-06-29 03:45:00+02:00,120.18366327456938,109.64
2026-06-29 04:00:00+02:00,119.69724198861657,111.5
2026-06-29 04:15:00+02:00,119.23635467315373,111.54
2026-06-29 04:30:00+02:00,127.12702461245051,115.94
2026-06-29 04:45:00+02:00,125.20608466126122,120.5
2026-06-29 05:00:00+02:00,123.52240049591876,118.73
2026-06-29 05:15:00+02:00,126.66812258806712,125.15
2026-06-29 05:30:00+02:00,129.97365291220262,130.53
2026-06-29 05:45:00+02:00,134.3968047858968,134.96
2026-06-29 06:00:00+02:00,137.3502999067522,148.93
2026-06-29 06:15:00+02:00,140.239276956627,152.45
2026-06-29 06:30:00+02:00,146.4385045657673,150.27
2026-06-29 06:45:00+02:00,149.06649418655064,147.3
2026-06-29 07:00:00+02:00,158.4678260910085,159.79
2026-06-29 07:15:00+02:00,159.61442224718104,154.1
2026-06-29 07:30:00+02:00,150.9839102780947,152.13
2026-06-29 07:45:00+02:00,141.3483833785738,142.63
2026-06-29 08:00:00+02:00,149.15235760387083,161.31
2026-06-29 08:15:00+02:00,145.00809998854288,150.26
2026-06-29 08:30:00+02:00,137.79984776019683,139.6
2026-06-29 08:45:00+02:00,123.40611734077928,122.0
2026-06-29 09:00:00+02:00,136.75893444398105,132.0
2026-06-29 09:15:00+02:00,122.40804584764216,124.7
2026-06-29 09:30:00+02:00,112.14911629406319,117.06
2026-06-29 09:45:00+02:00,109.32176418091409,110.03
2026-06-29 10:00:00+02:00,114.07267314020339,117.05
2026-06-29 10:15:00+02:00,105.08645643158344,108.98
2026-06-29 10:30:00+02:00,106.77561826659337,104.21
2026-06-29 10:45:00+02:00,96.320149925805,97.46
2026-06-29 11:00:00+02:00,111.84669487248266,108.63
2026-06-29 11:15:00+02:00,101.7115550687743,99.86
2026-06-29 11:30:00+02:00,90.73833259825635,97.45
2026-06-29 11:45:00+02:00,76.10956343704174,90.46
2026-06-29 12:00:00+02:00,95.14981037533059,93.0
2026-06-29 12:15:00+02:00,77.89710237100977,92.22
2026-06-29 12:30:00+02:00,73.65732670676572,90.0
2026-06-29 12:45:00+02:00,64.4914837780237,82.81
2026-06-29 13:00:00+02:00,69.58939122104397,89.0
2026-06-29 13:15:00+02:00,64.92338735927635,82.77
2026-06-29 13:30:00+02:00,59.00428543003435,79.08
2026-06-29 13:45:00+02:00,54.26651537239822,77.26
2026-06-29 14:00:00+02:00,61.649828390761066,81.0
2026-06-29 14:15:00+02:00,68.10007751864697,84.99
2026-06-29 14:30:00+02:00,66.60336947812678,88.0
2026-06-29 14:45:00+02:00,74.95016492243685,91.55
2026-06-29 15:00:00+02:00,63.899905682749484,88.8
2026-06-29 15:15:00+02:00,74.63887220156897,92.6
2026-06-29 15:30:00+02:00,79.75512581697285,98.88
2026-06-29 15:45:00+02:00,85.57407336360393,106.84
2026-06-29 16:00:00+02:00,77.4622148849242,93.5
2026-06-29 16:15:00+02:00,83.93654170984783,101.89
2026-06-29 16:30:00+02:00,99.21598741036118,107.05
2026-06-29 16:45:00+02:00,114.24781729950742,112.49
2026-06-29 17:00:00+02:00,94.1066801519847,89.61
2026-06-29 17:15:00+02:00,111.37820105707408,106.93
2026-06-29 17:30:00+02:00,119.5692127579068,125.75
2026-06-29 17:45:00+02:00,131.1985941046328,138.01
2026-06-29 18:00:00+02:00,116.75078022317412,99.85
2026-06-29 18:15:00+02:00,123.34094130690825,120.4
2026-06-29 18:30:00+02:00,138.74782722783434,138.58
2026-06-29 18:45:00+02:00,154.8530889246667,180.81
2026-06-29 19:00:00+02:00,136.4262586490545,144.99
2026-06-29 19:15:00+02:00,153.9180631356143,171.42
2026-06-29 19:30:00+02:00,168.2954832470635,202.97
2026-06-29 19:45:00+02:00,179.91855238829004,271.22
2026-06-29 20:00:00+02:00,180.77067587043487,211.52
2026-06-29 20:15:00+02:00,179.3188876081298,265.82
2026-06-29 20:30:00+02:00,198.09625813523024,318.19
2026-06-29 20:45:00+02:00,211.1104746967895,341.8
2026-06-29 21:00:00+02:00,220.0054533559211,319.07
2026-06-29 21:15:00+02:00,209.83931684958546,310.2
2026-06-29 21:30:00+02:00,197.99234521386168,306.09
2026-06-29 21:45:00+02:00,183.94254600952144,270.1
2026-06-29 22:00:00+02:00,197.85260897737206,293.07
2026-06-29 22:15:00+02:00,188.93296081966744,251.99
2026-06-29 22:30:00+02:00,172.70538689789961,208.21
2026-06-29 22:45:00+02:00,160.928362140463,170.29
2026-06-29 23:00:00+02:00,176.57795620937605,200.6
2026-06-29 23:15:00+02:00,161.7748863167759,160.91
2026-06-29 23:30:00+02:00,153.0014230172238,166.44
2026-06-29 23:45:00+02:00,139.12831172534428,152.05
2026-06-30 00:00:00+02:00,150.37536218314077,176.39
2026-06-30 00:15:00+02:00,142.1429068078411,161.09
2026-06-30 00:30:00+02:00,134.8120850032856,156.31
2026-06-30 00:45:00+02:00,130.33831258211856,153.15
2026-06-30 01:00:00+02:00,134.31609866900135,156.66
2026-06-30 01:15:00+02:00,128.89200451690098,148.17
2026-06-30 01:30:00+02:00,124.95028309179222,139.84
2026-06-30 01:45:00+02:00,119.62057769698283,136.81
2026-06-30 02:00:00+02:00,125.96417706360424,142.23
2026-06-30 02:15:00+02:00,124.90909654910573,139.44
2026-06-30 02:30:00+02:00,121.56636094843205,139.96
2026-06-30 02:45:00+02:00,121.63841713031294,139.19
2026-06-30 03:00:00+02:00,120.12730317849211,144.99
2026-06-30 03:15:00+02:00,121.98841634389706,140.47
2026-06-30 03:30:00+02:00,121.70902951387536,139.03
2026-06-30 03:45:00+02:00,120.6482092969449,138.4
2026-06-30 04:00:00+02:00,123.15880177817493,143.22
2026-06-30 04:15:00+02:00,120.03408024598858,139.44
2026-06-30 04:30:00+02:00,125.6719162557627,140.62
2026-06-30 04:45:00+02:00,127.01062234789708,142.19
2026-06-30 05:00:00+02:00,123.51487944310398,141.77
2026-06-30 05:15:00+02:00,130.3893782897259,149.11
2026-06-30 05:30:00+02:00,133.48427140064325,151.71
2026-06-30 05:45:00+02:00,138.59299747155575,163.43
2026-06-30 06:00:00+02:00,145.65619683511662,173.22
2026-06-30 06:15:00+02:00,148.04056766207464,188.35
2026-06-30 06:30:00+02:00,145.95488844959414,189.42
2026-06-30 06:45:00+02:00,149.62475409062202,195.63
2026-06-30 07:00:00+02:00,164.60354630255318,211.84
2026-06-30 07:15:00+02:00,150.86023950729748,195.02
2026-06-30 07:30:00+02:00,146.5471813838192,185.24
2026-06-30 07:45:00+02:00,137.10990024237154,165.14
2026-06-30 08:00:00+02:00,155.60251043568226,197.12
2026-06-30 08:15:00+02:00,145.18634311475725,168.11
2026-06-30 08:30:00+02:00,135.50993972207573,141.44
2026-06-30 08:45:00+02:00,116.3639218096593,117.4
2026-06-30 09:00:00+02:00,128.21587242106798,152.4
2026-06-30 09:15:00+02:00,119.62420291430138,121.87
2026-06-30 09:30:00+02:00,115.97878113290739,111.01
2026-06-30 09:45:00+02:00,108.07987840871994,105.1
2026-06-30 10:00:00+02:00,117.41248577073713,118.1
2026-06-30 10:15:00+02:00,106.04641111890979,109.57
2026-06-30 10:30:00+02:00,104.35186876067546,107.8
2026-06-30 10:45:00+02:00,90.50995036853298,100.0
2026-06-30 11:00:00+02:00,103.47841429006232,110.48
2026-06-30 11:15:00+02:00,98.08215135912509,105.95
2026-06-30 11:30:00+02:00,95.08182824918183,99.4
2026-06-30 11:45:00+02:00,85.90878210732372,91.35
2026-06-30 12:00:00+02:00,92.06977508807152,99.71
2026-06-30 12:15:00+02:00,85.07233816031562,98.9
2026-06-30 12:30:00+02:00,83.92759926838242,99.28
2026-06-30 12:45:00+02:00,78.26341025928285,98.41
2026-06-30 13:00:00+02:00,87.84302313869378,97.43
2026-06-30 13:15:00+02:00,85.57527987130368,100.41
2026-06-30 13:30:00+02:00,81.93234752699699,100.51
2026-06-30 13:45:00+02:00,82.92034452177747,99.33
2026-06-30 14:00:00+02:00,83.65585067232625,93.55
2026-06-30 14:15:00+02:00,86.255309946121,101.98
2026-06-30 14:30:00+02:00,87.37182804074797,105.26
2026-06-30 14:45:00+02:00,96.64419658851035,110.77
2026-06-30 15:00:00+02:00,89.25114546278401,107.35
2026-06-30 15:15:00+02:00,95.5439108005667,115.76
2026-06-30 15:30:00+02:00,102.31920632354434,121.37
2026-06-30 15:45:00+02:00,111.35688192971682,119.94
2026-06-30 16:00:00+02:00,105.4556915569037,115.05
2026-06-30 16:15:00+02:00,108.16685808946464,120.21
2026-06-30 16:30:00+02:00,110.05183700556535,127.82
2026-06-30 16:45:00+02:00,121.42434344328326,146.52
2026-06-30 17:00:00+02:00,110.12007754968714,118.59
2026-06-30 17:15:00+02:00,119.8083883024671,128.23
2026-06-30 17:30:00+02:00,130.74928409174257,153.0
2026-06-30 17:45:00+02:00,138.53688041923735,205.11
2026-06-30 18:00:00+02:00,120.01867207309188,155.27
2026-06-30 18:15:00+02:00,128.0109838119845,181.63
2026-06-30 18:30:00+02:00,142.42508666611994,264.01
2026-06-30 18:45:00+02:00,171.08839645598545,381.0
2026-06-30 19:00:00+02:00,150.5131222445462,358.76
2026-06-30 19:15:00+02:00,165.7336658688038,444.19
2026-06-30 19:30:00+02:00,216.7510848638808,471.19
2026-06-30 19:45:00+02:00,244.94466648546472,532.18
2026-06-30 20:00:00+02:00,237.28079809521876,464.99
2026-06-30 20:15:00+02:00,227.25343111969414,487.11
2026-06-30 20:30:00+02:00,226.24694017939964,530.25
2026-06-30 20:45:00+02:00,232.6312874782508,536.72
2026-06-30 21:00:00+02:00,232.7660442694269,465.31
2026-06-30 21:15:00+02:00,239.08543363294152,427.03
2026-06-30 21:30:00+02:00,216.95216625132002,389.57
2026-06-30 21:45:00+02:00,214.15569863191942,301.06
2026-06-30 22:00:00+02:00,205.15139465605776,349.15
2026-06-30 22:15:00+02:00,190.91134290408493,285.01
2026-06-30 22:30:00+02:00,180.42647153971873,233.59
2026-06-30 22:45:00+02:00,167.38791161117217,226.38
2026-06-30 23:00:00+02:00,178.71641482632032,202.79
2026-06-30 23:15:00+02:00,154.37304191206968,186.85
2026-06-30 23:30:00+02:00,151.9050304999846,179.53
2026-06-30 23:45:00+02:00,139.48515175347524,160.75
2026-07-01 00:00:00+02:00,164.64283538662065,183.66
2026-07-01 00:15:00+02:00,149.08167591233507,166.3
2026-07-01 00:30:00+02:00,138.4612211175392,159.4
2026-07-01 00:45:00+02:00,132.74438434473697,150.24
2026-07-01 01:00:00+02:00,142.09834348651896,161.57
2026-07-01 01:15:00+02:00,133.59601790454667,152.86
2026-07-01 01:30:00+02:00,129.1138760007006,144.99
2026-07-01 01:45:00+02:00,123.28465567943492,141.81
2026-07-01 02:00:00+02:00,127.5602427106827,145.5
2026-07-01 02:15:00+02:00,124.22614850203438,147.07
2026-07-01 02:30:00+02:00,126.51854966905616,149.01
2026-07-01 02:45:00+02:00,124.43245076421101,145.54
2026-07-01 03:00:00+02:00,130.5432471950476,149.0
2026-07-01 03:15:00+02:00,125.80066267913097,149.68
2026-07-01 03:30:00+02:00,126.19250266001808,147.08
2026-07-01 03:45:00+02:00,121.10364555260793,142.22
2026-07-01 04:00:00+02:00,125.09432479935636,147.92
2026-07-01 04:15:00+02:00,123.78475672494348,151.21
2026-07-01 04:30:00+02:00,125.1466811473571,151.12
2026-07-01 04:45:00+02:00,124.71858521332848,153.9
2026-07-01 05:00:00+02:00,126.68903552534434,154.79
2026-07-01 05:15:00+02:00,128.8936606495996,157.0
2026-07-01 05:30:00+02:00,136.2915481400268,162.61
2026-07-01 05:45:00+02:00,144.6344607899361,167.02
2026-07-01 06:00:00+02:00,155.46038712473367,189.66
2026-07-01 06:15:00+02:00,149.86503831645405,197.4
2026-07-01 06:30:00+02:00,152.59067299448577,199.89
2026-07-01 06:45:00+02:00,159.59524487247512,198.36
2026-07-01 07:00:00+02:00,166.5540417278014,207.14
2026-07-01 07:15:00+02:00,161.3264151124287,205.91
2026-07-01 07:30:00+02:00,147.75703718579047,198.5
2026-07-01 07:45:00+02:00,141.0497538513511,201.64
2026-07-01 08:00:00+02:00,149.98517386046836,198.54
2026-07-01 08:15:00+02:00,138.89309393505582,197.92
2026-07-01 08:30:00+02:00,134.39281293492064,174.39
2026-07-01 08:45:00+02:00,118.61203567674853,150.12
2026-07-01 09:00:00+02:00,132.50652836320594,178.08
2026-07-01 09:15:00+02:00,123.29981290950589,152.99
2026-07-01 09:30:00+02:00,114.84634774079053,131.12
2026-07-01 09:45:00+02:00,108.90701075895839,120.61
2026-07-01 10:00:00+02:00,119.42693073195362,140.53
2026-07-01 10:15:00+02:00,111.47054059578358,125.43
2026-07-01 10:30:00+02:00,101.55172721140455,120.51
2026-07-01 10:45:00+02:00,81.73127102261722,115.17
2026-07-01 11:00:00+02:00,100.16134623503758,128.02
2026-07-01 11:15:00+02:00,81.33250694205803,117.99
2026-07-01 11:30:00+02:00,76.34650833500399,115.85
2026-07-01 11:45:00+02:00,76.02967787037693,115.93
2026-07-01 12:00:00+02:00,72.86813024122691,120.22
2026-07-01 12:15:00+02:00,67.23355539588529,115.58
2026-07-01 12:30:00+02:00,73.45618237970791,114.69
2026-07-01 12:45:00+02:00,66.15531774455471,112.94
2026-07-01 13:00:00+02:00,67.62735572279148,113.85
2026-07-01 13:15:00+02:00,64.60076098856467,112.06
2026-07-01 13:30:00+02:00,58.128335877042566,109.96
2026-07-01 13:45:00+02:00,58.18503496777662,105.7
2026-07-01 14:00:00+02:00,57.42649855721441,101.61
2026-07-01 14:15:00+02:00,62.175708550087116,100.69
2026-07-01 14:30:00+02:00,67.7896817734019,98.04
2026-07-01 14:45:00+02:00,76.75981013642254,98.52
2026-07-01 15:00:00+02:00,77.51717368892079,95.02
2026-07-01 15:15:00+02:00,87.4908721876649,94.82
2026-07-01 15:30:00+02:00,84.13323471583635,98.46
2026-07-01 15:45:00+02:00,99.9225498499923,100.8
2026-07-01 16:00:00+02:00,78.31390721237358,92.71
2026-07-01 16:15:00+02:00,101.11968704262318,92.93
2026-07-01 16:30:00+02:00,99.95070485464707,103.0
2026-07-01 16:45:00+02:00,113.91748805755674,108.92
2026-07-01 17:00:00+02:00,92.7694837112476,90.39
2026-07-01 17:15:00+02:00,109.71659099581393,103.5
2026-07-01 17:30:00+02:00,120.62799574967633,102.38
2026-07-01 17:45:00+02:00,138.58953546511134,109.37
2026-07-01 18:00:00+02:00,108.41219226986212,105.12
2026-07-01 18:15:00+02:00,131.72499756950322,107.94
2026-07-01 18:30:00+02:00,152.85835313559792,130.03
2026-07-01 18:45:00+02:00,198.2826582829505,137.99
2026-07-01 19:00:00+02:00,168.34452946485203,122.96
2026-07-01 19:15:00+02:00,210.34614609228794,153.11
2026-07-01 19:30:00+02:00,248.95209695054842,185.23
2026-07-01 19:45:00+02:00,262.6642933879647,210.69
2026-07-01 20:00:00+02:00,245.77768799582879,181.22
2026-07-01 20:15:00+02:00,279.1150885375109,214.96
2026-07-01 20:30:00+02:00,307.1157975579285,242.28
2026-07-01 20:45:00+02:00,340.206539555184,288.28
2026-07-01 21:00:00+02:00,327.6531794216469,250.94
2026-07-01 21:15:00+02:00,326.1745773385343,253.69
2026-07-01 21:30:00+02:00,320.0868572766314,252.96
2026-07-01 21:45:00+02:00,292.7218600395475,216.23
2026-07-01 22:00:00+02:00,307.02982130887426,245.45
2026-07-01 22:15:00+02:00,277.4634035836764,206.55
2026-07-01 22:30:00+02:00,220.5868862263271,179.1
2026-07-01 22:45:00+02:00,189.38664827560393,166.76
2026-07-01 23:00:00+02:00,209.16175547125286,183.3
2026-07-01 23:15:00+02:00,176.98880789658293,164.36
2026-07-01 23:30:00+02:00,169.01130584763186,144.99
2026-07-01 23:45:00+02:00,147.63412013724357,134.01
2026-07-02 00:00:00+02:00,157.79933328178765,166.6
2026-07-02 00:15:00+02:00,146.56451999306336,163.16
2026-07-02 00:30:00+02:00,139.3406024312457,160.7
2026-07-02 00:45:00+02:00,132.9116308446703,150.2
2026-07-02 01:00:00+02:00,142.82960898622522,162.5
2026-07-02 01:15:00+02:00,136.74552496768945,145.88
2026-07-02 01:30:00+02:00,128.32128071757907,134.49
2026-07-02 01:45:00+02:00,124.66957218258757,130.77
2026-07-02 02:00:00+02:00,128.0834505943784,135.9
2026-07-02 02:15:00+02:00,123.53735896136945,129.89
2026-07-02 02:30:00+02:00,125.14231066919434,129.14
2026-07-02 02:45:00+02:00,119.37996725172164,126.5
2026-07-02 03:00:00+02:00,125.82998137394308,125.0
2026-07-02 03:15:00+02:00,123.86600717244939,122.52
2026-07-02 03:30:00+02:00,125.23918903108877,118.61
2026-07-02 03:45:00+02:00,120.89353917188794,115.18
2026-07-02 04:00:00+02:00,122.66109588692953,116.1
2026-07-02 04:15:00+02:00,116.38282008402481,114.9
2026-07-02 04:30:00+02:00,123.12779308202037,112.89
2026-07-02 04:45:00+02:00,123.40638514441129,112.48
2026-07-02 05:00:00+02:00,124.27056524905674,112.75
2026-07-02 05:15:00+02:00,124.49714550432786,113.0
2026-07-02 05:30:00+02:00,125.98369702287285,115.06
2026-07-02 05:45:00+02:00,122.02462065413656,117.0
2026-07-02 06:00:00+02:00,124.99630948591772,129.18
2026-07-02 06:15:00+02:00,130.44961781144013,124.88
2026-07-02 06:30:00+02:00,132.8921625800493,119.07
2026-07-02 06:45:00+02:00,131.97589574367768,111.13
2026-07-02 07:00:00+02:00,139.72274162429702,130.57
2026-07-02 07:15:00+02:00,129.97254454331144,119.25
2026-07-02 07:30:00+02:00,127.73821554384206,108.87
2026-07-02 07:45:00+02:00,121.36270631347213,93.02
2026-07-02 08:00:00+02:00,137.40070448325167,118.89
2026-07-02 08:15:00+02:00,127.8906376273656,106.68
2026-07-02 08:30:00+02:00,111.79011857263235,93.8
2026-07-02 08:45:00+02:00,90.38634944304228,45.89
2026-07-02 09:00:00+02:00,121.96857112245739,86.52
2026-07-02 09:15:00+02:00,90.12388003648691,68.74
2026-07-02 09:30:00+02:00,66.46701635490922,25.05
2026-07-02 09:45:00+02:00,34.110152495136525,0.06
2026-07-02 10:00:00+02:00,60.61467345085049,17.58
2026-07-02 10:15:00+02:00,46.364684574599806,4.5
2026-07-02 10:30:00+02:00,28.513697396709688,0.06
2026-07-02 10:45:00+02:00,23.69433001823103,0.0
2026-07-02 11:00:00+02:00,20.45829658887134,0.0
2026-07-02 11:15:00+02:00,18.209284567077457,-0.01
2026-07-02 11:30:00+02:00,14.689685962525132,-0.09
2026-07-02 11:45:00+02:00,12.679129422324976,-0.19
2026-07-02 12:00:00+02:00,14.379403256623469,-1.37
2026-07-02 12:15:00+02:00,12.948296061085387,-1.19
2026-07-02 12:30:00+02:00,15.06397275859954,-2.01
2026-07-02 12:45:00+02:00,23.08007367108406,-2.02
2026-07-02 13:00:00+02:00,18.87559846955059,-1.99
2026-07-02 13:15:00+02:00,25.799924241518525,-1.84
2026-07-02 13:30:00+02:00,23.70148216604034,-2.01
2026-07-02 13:45:00+02:00,26.129979692121598,-2.02
2026-07-02 14:00:00+02:00,27.144186262976834,-2.32
2026-07-02 14:15:00+02:00,19.502547764255297,-2.02
2026-07-02 14:30:00+02:00,20.62353374543367,-3.38
2026-07-02 14:45:00+02:00,20.156572032091564,-4.29
2026-07-02 15:00:00+02:00,21.430998359631108,-2.02
2026-07-02 15:15:00+02:00,18.888356979904685,-2.07
2026-07-02 15:30:00+02:00,21.701745910799936,-1.99
2026-07-02 15:45:00+02:00,35.941661638399935,-1.91
2026-07-02 16:00:00+02:00,26.60817633150677,-1.01
2026-07-02 16:15:00+02:00,43.472940818411104,-0.93
2026-07-02 16:30:00+02:00,50.7464643093635,-0.08
2026-07-02 16:45:00+02:00,68.51570119304053,0.0
2026-07-02 17:00:00+02:00,51.0040948591884,0.0
2026-07-02 17:15:00+02:00,85.97002536196497,0.05
2026-07-02 17:30:00+02:00,96.31012913507868,1.53
2026-07-02 17:45:00+02:00,108.87093856317932,10.0
2026-07-02 18:00:00+02:00,98.79274675497028,14.01
2026-07-02 18:15:00+02:00,111.04003932595026,24.25
2026-07-02 18:30:00+02:00,106.50709482448204,64.17
2026-07-02 18:45:00+02:00,124.62815059624931,84.92
2026-07-02 19:00:00+02:00,115.67354102247474,66.22
2026-07-02 19:15:00+02:00,122.77818491133849,87.45
2026-07-02 19:30:00+02:00,130.0486506346611,95.08
2026-07-02 19:45:00+02:00,144.81189665481702,113.09
2026-07-02 20:00:00+02:00,129.67831253089514,88.99
2026-07-02 20:15:00+02:00,124.57787546903054,100.27
2026-07-02 20:30:00+02:00,139.6865485035135,114.18
2026-07-02 20:45:00+02:00,146.05701241367942,125.57
2026-07-02 21:00:00+02:00,146.70601411417346,106.43
2026-07-02 21:15:00+02:00,148.3426320813358,112.1
2026-07-02 21:30:00+02:00,157.9674759671913,124.56
2026-07-02 21:45:00+02:00,152.05079535989776,128.6
2026-07-02 22:00:00+02:00,146.94932966588456,131.49
2026-07-02 22:15:00+02:00,149.64791563267028,127.99
2026-07-02 22:30:00+02:00,139.14225187105012,132.45
2026-07-02 22:45:00+02:00,131.55383462476436,115.67
2026-07-02 23:00:00+02:00,133.49604854378967,126.69
2026-07-02 23:15:00+02:00,117.91080138389317,113.32
2026-07-02 23:30:00+02:00,116.90555695344199,119.34
2026-07-02 23:45:00+02:00,105.3677880344116,111.08
2026-07-03 00:00:00+02:00,111.8566572054402,95.01
2026-07-03 00:15:00+02:00,104.13780890021816,90.85
2026-07-03 00:30:00+02:00,97.29542547618402,89.99
2026-07-03 00:45:00+02:00,87.63748462656915,89.2
2026-07-03 01:00:00+02:00,99.26816730960299,87.85
2026-07-03 01:15:00+02:00,95.41426442813078,86.76
2026-07-03 01:30:00+02:00,86.3643128044508,88.08
2026-07-03 01:45:00+02:00,82.7804775469886,85.29
2026-07-03 02:00:00+02:00,86.20016660963685,84.83
2026-07-03 02:15:00+02:00,83.61215937104502,82.04
2026-07-03 02:30:00+02:00,83.89611404771156,82.86
2026-07-03 02:45:00+02:00,81.86533342134028,81.0
2026-07-03 03:00:00+02:00,85.74134583087181,88.18
2026-07-03 03:15:00+02:00,80.75894217179285,86.35
2026-07-03 03:30:00+02:00,74.9760489966653,86.35
2026-07-03 03:45:00+02:00,73.48678305691347,82.76
2026-07-03 04:00:00+02:00,73.46477199352027,86.67
2026-07-03 04:15:00+02:00,73.0421250516376,84.64
2026-07-03 04:30:00+02:00,70.49582183543879,81.46
2026-07-03 04:45:00+02:00,77.24995218025693,85.06
2026-07-03 05:00:00+02:00,75.53403406232539,84.25
2026-07-03 05:15:00+02:00,73.86649193344718,83.23
2026-07-03 05:30:00+02:00,69.8012310066849,87.0
2026-07-03 05:45:00+02:00,66.13760352110258,92.8
2026-07-03 06:00:00+02:00,68.87134456856154,94.64
2026-07-03 06:15:00+02:00,70.12367633774346,101.99
2026-07-03 06:30:00+02:00,73.40730517977498,103.18
2026-07-03 06:45:00+02:00,72.67153799682389,98.16
2026-07-03 07:00:00+02:00,96.31591366083461,125.97
2026-07-03 07:15:00+02:00,87.05924278875773,110.63
2026-07-03 07:30:00+02:00,82.00847592268377,101.81
2026-07-03 07:45:00+02:00,85.15971107877095,79.46
2026-07-03 08:00:00+02:00,93.68467000282435,97.69
2026-07-03 08:15:00+02:00,82.00992391624378,82.14
2026-07-03 08:30:00+02:00,77.55709745992672,56.0
2026-07-03 08:45:00+02:00,60.36764347179082,16.28
2026-07-03 09:00:00+02:00,87.10282974612505,33.75
2026-07-03 09:15:00+02:00,58.937332848788955,4.5
2026-07-03 09:30:00+02:00,49.580006619461116,0.01
2026-07-03 09:45:00+02:00,21.07658846188871,0.0
2026-07-03 10:00:00+02:00,33.25539605458015,0.01
2026-07-03 10:15:00+02:00,7.889184378016282,0.0
2026-07-03 10:30:00+02:00,3.0222267304231423,-0.02
2026-07-03 10:45:00+02:00,-0.141083737323612,-0.39
2026-07-03 11:00:00+02:00,-1.0351779151100011,-0.7
2026-07-03 11:15:00+02:00,-3.5157474279041843,-1.0
2026-07-03 11:30:00+02:00,-1.3314518385875829,-1.03
2026-07-03 11:45:00+02:00,-0.2039816480221308,-1.49
2026-07-03 12:00:00+02:00,-0.12517681398376723,-1.68
2026-07-03 12:15:00+02:00,1.2965648575463629,-1.92
2026-07-03 12:30:00+02:00,4.981184151248534,-1.88
2026-07-03 12:45:00+02:00,5.117229961062257,-2.06
2026-07-03 13:00:00+02:00,4.965326398749979,-2.61
2026-07-03 13:15:00+02:00,2.696253345661486,-3.0
2026-07-03 13:30:00+02:00,-6.164473327153861,-3.63
2026-07-03 13:45:00+02:00,-15.269556108447553,-4.77
2026-07-03 14:00:00+02:00,-14.376597182761754,-4.51
2026-07-03 14:15:00+02:00,-5.067980000003812,-4.81
2026-07-03 14:30:00+02:00,-2.91228907501287,-4.68
2026-07-03 14:45:00+02:00,-0.03325465301595809,-5.95
2026-07-03 15:00:00+02:00,1.5449551916937023,-5.22
2026-07-03 15:15:00+02:00,-3.3996509645507755,-5.32
2026-07-03 15:30:00+02:00,-4.797764799948769,-2.02
2026-07-03 15:45:00+02:00,-4.728238695435543,-3.66
2026-07-03 16:00:00+02:00,-6.818906787521122,-1.2
2026-07-03 16:15:00+02:00,0.09099316702332771,-2.25
2026-07-03 16:30:00+02:00,-2.1885685837300883,-4.96
2026-07-03 16:45:00+02:00,5.075893468363276,-2.01
2026-07-03 17:00:00+02:00,8.808135035687123,-1.16
2026-07-03 17:15:00+02:00,16.717139471160806,-0.08
2026-07-03 17:30:00+02:00,27.794202526694548,0.0
2026-07-03 17:45:00+02:00,49.56767594303005,1.05
2026-07-03 18:00:00+02:00,21.162859071348066,1.0
2026-07-03 18:15:00+02:00,36.52649475383731,12.68
2026-07-03 18:30:00+02:00,76.90607821274008,51.86
2026-07-03 18:45:00+02:00,122.49415955002922,76.0
2026-07-03 19:00:00+02:00,80.62528522079381,71.05
2026-07-03 19:15:00+02:00,95.85819264712367,97.03
2026-07-03 19:30:00+02:00,115.22298857837654,117.37
2026-07-03 19:45:00+02:00,150.69614697363676,125.13
2026-07-03 20:00:00+02:00,115.84327520502285,110.48
2026-07-03 20:15:00+02:00,135.3443793486232,118.1
2026-07-03 20:30:00+02:00,154.73881215551592,127.0
2026-07-03 20:45:00+02:00,161.1631089250046,142.19
2026-07-03 21:00:00+02:00,160.86336722228052,122.9
2026-07-03 21:15:00+02:00,156.09946883462553,129.04
2026-07-03 21:30:00+02:00,145.4985706940541,133.85
2026-07-03 21:45:00+02:00,138.48157276951463,134.32
2026-07-03 22:00:00+02:00,157.2206204386976,141.36
2026-07-03 22:15:00+02:00,141.67555793245003,137.7
2026-07-03 22:30:00+02:00,136.05649189517496,134.96
2026-07-03 22:45:00+02:00,125.17432889270832,129.2
2026-07-03 23:00:00+02:00,132.4695475985162,128.69
2026-07-03 23:15:00+02:00,117.65949600262661,125.48
2026-07-03 23:30:00+02:00,118.98304783610159,124.59
2026-07-03 23:45:00+02:00,113.67622498684604,118.34
2026-07-04 00:00:00+02:00,119.80141936202531,137.1
2026-07-04 00:15:00+02:00,114.11320536440411,126.5
2026-07-04 00:30:00+02:00,109.89864044478668,121.85
2026-07-04 00:45:00+02:00,117.71520593987555,114.55
2026-07-04 01:00:00+02:00,111.45584483052667,128.58
2026-07-04 01:15:00+02:00,111.01152021718487,119.57
2026-07-04 01:30:00+02:00,114.45319717426246,116.7
2026-07-04 01:45:00+02:00,116.31314091567256,115.5
2026-07-04 02:00:00+02:00,111.65216634435848,117.14
2026-07-04 02:15:00+02:00,107.16822806572777,116.05
2026-07-04 02:30:00+02:00,104.2188372836961,116.83
2026-07-04 02:45:00+02:00,102.52484456247485,115.72
2026-07-04 03:00:00+02:00,102.3686326526796,117.14
2026-07-04 03:15:00+02:00,105.2239749584428,115.08
2026-07-04 03:30:00+02:00,102.39132991404867,112.56
2026-07-04 03:45:00+02:00,105.03359480509287,110.51
2026-07-04 04:00:00+02:00,102.24823634878346,107.42
2026-07-04 04:15:00+02:00,98.97490245872721,107.41
2026-07-04 04:30:00+02:00,97.91387162073043,105.31
2026-07-04 04:45:00+02:00,97.6561431968098,105.21
2026-07-04 05:00:00+02:00,95.5793166689148,103.42
2026-07-04 05:15:00+02:00,96.90845551237973,103.92
2026-07-04 05:30:00+02:00,96.15902328423633,98.97
2026-07-04 05:45:00+02:00,94.07824054454467,92.38
2026-07-04 06:00:00+02:00,100.45457440062923,105.0
2026-07-04 06:15:00+02:00,98.54708641062047,100.51
2026-07-04 06:30:00+02:00,94.81026514182085,89.33
2026-07-04 06:45:00+02:00,80.70452478650662,74.16
2026-07-04 07:00:00+02:00,104.0805135079327,101.72
2026-07-04 07:15:00+02:00,90.77090471288676,83.07
2026-07-04 07:30:00+02:00,71.50867975568302,61.06
2026-07-04 07:45:00+02:00,48.24506173360551,44.76
2026-07-04 08:00:00+02:00,88.24037695450764,63.4
2026-07-04 08:15:00+02:00,66.53141228343398,32.9
2026-07-04 08:30:00+02:00,56.73020940785975,14.63
2026-07-04 08:45:00+02:00,32.94522284032952,4.79
2026-07-04 09:00:00+02:00,53.2824285339549,3.91
2026-07-04 09:15:00+02:00,45.71676564160672,0.06
2026-07-04 09:30:00+02:00,11.803109842046581,0.0
2026-07-04 09:45:00+02:00,9.387537319869274,0.0
2026-07-04 10:00:00+02:00,12.843824083967675,0.0
2026-07-04 10:15:00+02:00,5.097247739526097,0.0
2026-07-04 10:30:00+02:00,10.31512220582573,-0.01
2026-07-04 10:45:00+02:00,4.297588225741389,-0.03
2026-07-04 11:00:00+02:00,6.1647885832743015,-0.12
2026-07-04 11:15:00+02:00,3.861792450439566,-0.13
2026-07-04 11:30:00+02:00,3.357375495512656,-1.01
2026-07-04 11:45:00+02:00,-1.8955639830584818,-1.94
2026-07-04 12:00:00+02:00,0.46134581131841834,-1.65
2026-07-04 12:15:00+02:00,-2.52304320669308,-2.35
2026-07-04 12:30:00+02:00,-4.979377909427089,-3.42
2026-07-04 12:45:00+02:00,-5.699549454317134,-4.99
2026-07-04 13:00:00+02:00,-7.638689770529915,-6.41
2026-07-04 13:15:00+02:00,-11.341648664708297,-7.91
2026-07-04 13:30:00+02:00,-18.068469297518302,-8.67
2026-07-04 13:45:00+02:00,-20.316556586496677,-10.01
2026-07-04 14:00:00+02:00,-18.691311618299785,-11.8
2026-07-04 14:15:00+02:00,-17.762663040984666,-10.81
2026-07-04 14:30:00+02:00,-13.794570690283656,-9.99
2026-07-04 14:45:00+02:00,-9.00050722545567,-8.64
2026-07-04 15:00:00+02:00,-6.889197404921653,-5.98
2026-07-04 15:15:00+02:00,-8.056620337386597,-4.99
2026-07-04 15:30:00+02:00,5.798217615207296,-3.69
2026-07-04 15:45:00+02:00,-0.255722016802828,-2.4
2026-07-04 16:00:00+02:00,5.991531671284687,-1.01
2026-07-04 16:15:00+02:00,3.3867539314284087,-0.14
2026-07-04 16:30:00+02:00,12.861672107722448,-0.12
2026-07-04 16:45:00+02:00,-3.377421906208795,-0.09
2026-07-04 17:00:00+02:00,-3.2976130030681503,-0.09
2026-07-04 17:15:00+02:00,13.697011398627524,0.0
2026-07-04 17:30:00+02:00,21.76050543228432,0.08
2026-07-04 17:45:00+02:00,26.746603155458956,17.18
2026-07-04 18:00:00+02:00,15.006142031113171,11.44
2026-07-04 18:15:00+02:00,43.6637833187623,49.97
2026-07-04 18:30:00+02:00,83.79174519069488,74.74
2026-07-04 18:45:00+02:00,82.87105561094472,94.78
2026-07-04 19:00:00+02:00,84.16330259968025,83.56
2026-07-04 19:15:00+02:00,109.26942302264449,98.57
2026-07-04 19:30:00+02:00,109.0764532526153,120.89
2026-07-04 19:45:00+02:00,113.61388637373213,125.75
2026-07-04 20:00:00+02:00,104.6882464036812,116.79
2026-07-04 20:15:00+02:00,112.03880408468271,120.84
2026-07-04 20:30:00+02:00,114.41509732639722,127.45
2026-07-04 20:45:00+02:00,123.75997383678882,137.48
2026-07-04 21:00:00+02:00,107.6757122345869,128.97
2026-07-04 21:15:00+02:00,110.52826599338599,130.19
2026-07-04 21:30:00+02:00,109.51835750745033,133.51
2026-07-04 21:45:00+02:00,112.45323031800913,131.45
2026-07-04 22:00:00+02:00,119.75135822718644,136.51
2026-07-04 22:15:00+02:00,120.33942494887876,128.68
2026-07-04 22:30:00+02:00,125.37668204352481,127.84
2026-07-04 22:45:00+02:00,114.8041811689376,119.08
2026-07-04 23:00:00+02:00,118.26797232835557,126.46
2026-07-04 23:15:00+02:00,110.16408563482379,117.93
2026-07-04 23:30:00+02:00,113.94502549873738,115.85
2026-07-04 23:45:00+02:00,102.85245348337611,114.24
2026-07-05 00:00:00+02:00,112.6799654431801,134.57
2026-07-05 00:15:00+02:00,104.94494157842686,129.55
2026-07-05 00:30:00+02:00,100.32560926608895,117.65
2026-07-05 00:45:00+02:00,96.39057618871034,109.72
2026-07-05 01:00:00+02:00,95.36681294527486,135.0
2026-07-05 01:15:00+02:00,94.32389766414369,115.8
2026-07-05 01:30:00+02:00,90.72714427876114,110.04
2026-07-05 01:45:00+02:00,84.78743674433935,102.85
2026-07-05 02:00:00+02:00,89.06227714955385,116.64
2026-07-05 02:15:00+02:00,89.52636688566501,112.81
2026-07-05 02:30:00+02:00,88.17934178717618,109.36
2026-07-05 02:45:00+02:00,85.03349598965133,103.18
2026-07-05 03:00:00+02:00,86.9290930373015,108.99
2026-07-05 03:15:00+02:00,86.21136517066958,107.44
2026-07-05 03:30:00+02:00,88.47422674799283,105.54
2026-07-05 03:45:00+02:00,81.73475491526305,101.84
2026-07-05 04:00:00+02:00,83.08637349493438,103.24
2026-07-05 04:15:00+02:00,79.5249131137993,101.42
2026-07-05 04:30:00+02:00,80.05858714664723,101.47
2026-07-05 04:45:00+02:00,90.22973329995592,99.51
2026-07-05 05:00:00+02:00,78.58760734675307,103.14
2026-07-05 05:15:00+02:00,79.40348807892863,103.1
2026-07-05 05:30:00+02:00,80.2677307209286,96.95
2026-07-05 05:45:00+02:00,83.62557722662524,85.17
2026-07-05 06:00:00+02:00,85.07956490297113,108.44
2026-07-05 06:15:00+02:00,84.2044119674056,96.96
2026-07-05 06:30:00+02:00,77.23724163242221,77.93
2026-07-05 06:45:00+02:00,64.04601937178226,56.68
2026-07-05 07:00:00+02:00,81.08763113895324,76.36
2026-07-05 07:15:00+02:00,68.40862733664805,47.4
2026-07-05 07:30:00+02:00,54.4590320622294,31.58
2026-07-05 07:45:00+02:00,40.832184496364064,21.31
2026-07-05 08:00:00+02:00,60.0290093469159,31.17
2026-07-05 08:15:00+02:00,37.547564557497836,16.55
2026-07-05 08:30:00+02:00,17.49467372146036,7.24
2026-07-05 08:45:00+02:00,9.323115063982627,4.22
2026-07-05 09:00:00+02:00,25.428937967375276,4.25
2026-07-05 09:15:00+02:00,9.725875693085314,1.26
2026-07-05 09:30:00+02:00,21.335983787441208,0.02
2026-07-05 09:45:00+02:00,9.399609887663537,0.0
2026-07-05 10:00:00+02:00,24.013311951134327,0.0
2026-07-05 10:15:00+02:00,12.369804995100552,0.0
2026-07-05 10:30:00+02:00,1.9941307577825427,-0.01
2026-07-05 10:45:00+02:00,-8.42030594754549,-0.02
2026-07-05 11:00:00+02:00,-6.348884518949209,-0.03
2026-07-05 11:15:00+02:00,-12.603104780875878,-0.02
2026-07-05 11:30:00+02:00,-11.138554542602993,-0.03
2026-07-05 11:45:00+02:00,-13.72963291461841,-0.04
2026-07-05 12:00:00+02:00,-10.227710065917574,-0.09
2026-07-05 12:15:00+02:00,-13.506658378084193,-0.1
2026-07-05 12:30:00+02:00,-16.893375464198762,-0.11
2026-07-05 12:45:00+02:00,-18.983684361039636,-0.12
2026-07-05 13:00:00+02:00,-19.618069202459587,-0.17
2026-07-05 13:15:00+02:00,-20.227472214167634,-0.21
2026-07-05 13:30:00+02:00,-22.067991777784712,-1.01
2026-07-05 13:45:00+02:00,-31.441028133443073,-1.08
2026-07-05 14:00:00+02:00,-27.825388575960396,-1.31
2026-07-05 14:15:00+02:00,-23.700678404840748,-1.2
2026-07-05 14:30:00+02:00,-23.97470212837579,-1.1
2026-07-05 14:45:00+02:00,-26.303739351884563,-1.05
2026-07-05 15:00:00+02:00,-25.256486401482523,-1.02
2026-07-05 15:15:00+02:00,-24.677304286097925,-1.05
2026-07-05 15:30:00+02:00,-26.564760412648376,-1.02
2026-07-05 15:45:00+02:00,-18.28885922979581,-1.0
2026-07-05 16:00:00+02:00,-17.50581287255888,-0.09
2026-07-05 16:15:00+02:00,-8.519170706038466,-0.08
2026-07-05 16:30:00+02:00,-12.644130311250535,-0.07
2026-07-05 16:45:00+02:00,-9.618124603666857,0.0
2026-07-05 17:00:00+02:00,-4.431837094117199,-0.01
2026-07-05 17:15:00+02:00,4.388773126196824,0.14
2026-07-05 17:30:00+02:00,8.620171818538367,3.78
2026-07-05 17:45:00+02:00,31.60647500649665,15.69
2026-07-05 18:00:00+02:00,28.279945829945916,20.06
2026-07-05 18:15:00+02:00,50.058978310704134,41.94
2026-07-05 18:30:00+02:00,73.87825610483443,82.04
2026-07-05 18:45:00+02:00,90.47236746945708,111.96
2026-07-05 19:00:00+02:00,83.21015546194012,69.67
2026-07-05 19:15:00+02:00,103.92571943578619,100.28
2026-07-05 19:30:00+02:00,117.07348787178509,125.07
2026-07-05 19:45:00+02:00,123.75874335377893,135.0
2026-07-05 20:00:00+02:00,117.71028724065812,115.65
2026-07-05 20:15:00+02:00,121.35533232364946,122.54
2026-07-05 20:30:00+02:00,130.9724181439965,134.01
2026-07-05 20:45:00+02:00,137.9332856862293,144.99
2026-07-05 21:00:00+02:00,129.4598859832651,129.95
2026-07-05 21:15:00+02:00,135.78366454608687,133.15
2026-07-05 21:30:00+02:00,134.6303376204321,136.63
2026-07-05 21:45:00+02:00,130.91200334360525,146.43
2026-07-05 22:00:00+02:00,140.7957200923591,144.99
2026-07-05 22:15:00+02:00,134.3605991070616,143.59
2026-07-05 22:30:00+02:00,126.13032414237799,137.68
2026-07-05 22:45:00+02:00,124.35407920928765,133.31
2026-07-05 23:00:00+02:00,126.13667065054491,134.51
2026-07-05 23:15:00+02:00,122.86049006912236,124.6
2026-07-05 23:30:00+02:00,118.76097361467178,129.06
2026-07-05 23:45:00+02:00,115.5073935862128,123.41
2026-07-06 00:00:00+02:00,132.84939534674893,149.55
2026-07-06 00:15:00+02:00,123.48090157132555,145.0
2026-07-06 00:30:00+02:00,120.18536818645501,136.0
2026-07-06 00:45:00+02:00,118.21042068189742,123.67
2026-07-06 01:00:00+02:00,121.50442266560425,130.57
2026-07-06 01:15:00+02:00,115.44708483345971,124.75
2026-07-06 01:30:00+02:00,115.82735527668433,122.84
2026-07-06 01:45:00+02:00,117.14797024805529,119.99
2026-07-06 02:00:00+02:00,118.64613686759593,124.91
2026-07-06 02:15:00+02:00,116.11688079333297,119.57
2026-07-06 02:30:00+02:00,115.32978904193445,118.21
2026-07-06 02:45:00+02:00,112.8281168937112,116.36
2026-07-06 03:00:00+02:00,113.75628022976278,115.42
2026-07-06 03:15:00+02:00,111.96957994386909,114.72
2026-07-06 03:30:00+02:00,109.61208730550236,115.95
2026-07-06 03:45:00+02:00,108.34528371345219,116.11
2026-07-06 04:00:00+02:00,108.52667982720439,114.39
2026-07-06 04:15:00+02:00,105.86058827524327,114.13
2026-07-06 04:30:00+02:00,103.01774338119006,117.9
2026-07-06 04:45:00+02:00,103.64474626645861,117.28
2026-07-06 05:00:00+02:00,104.15927774091472,116.41
2026-07-06 05:15:00+02:00,105.65299471841094,117.05
2026-07-06 05:30:00+02:00,106.67767144767309,120.0
2026-07-06 05:45:00+02:00,99.37941984868664,129.98
2026-07-06 06:00:00+02:00,111.23991821413529,129.64
2026-07-06 06:15:00+02:00,114.12244240791469,138.53
2026-07-06 06:30:00+02:00,116.91913403752277,139.33
2026-07-06 06:45:00+02:00,126.02988179811632,136.63
2026-07-06 07:00:00+02:00,125.57091075899831,148.93
2026-07-06 07:15:00+02:00,121.93400511988955,143.75
2026-07-06 07:30:00+02:00,111.54946836308561,133.79
2026-07-06 07:45:00+02:00,99.28392256810604,131.77
2026-07-06 08:00:00+02:00,131.63293421587858,155.93
2026-07-06 08:15:00+02:00,116.13335022844255,135.18
2026-07-06 08:30:00+02:00,101.09810278452355,127.45
2026-07-06 08:45:00+02:00,71.74204493555783,116.9
2026-07-06 09:00:00+02:00,100.1818860286908,127.87
2026-07-06 09:15:00+02:00,81.26257102924139,115.55
2026-07-06 09:30:00+02:00,53.39454408119181,105.08
2026-07-06 09:45:00+02:00,51.85147638600121,93.96
2026-07-06 10:00:00+02:00,73.51556508821449,114.77
2026-07-06 10:15:00+02:00,59.88631031454323,94.99
2026-07-06 10:30:00+02:00,53.98556407991405,81.4
2026-07-06 10:45:00+02:00,44.72026883454873,69.94
2026-07-06 11:00:00+02:00,54.931317556590386,87.0
2026-07-06 11:15:00+02:00,45.491043720968904,79.52
2026-07-06 11:30:00+02:00,31.264807378787594,64.74
2026-07-06 11:45:00+02:00,12.850250703024717,57.0
2026-07-06 12:00:00+02:00,15.465715806276123,59.95
2026-07-06 12:15:00+02:00,9.541960009858574,47.22
2026-07-06 12:30:00+02:00,9.942314972743505,38.33
2026-07-06 12:45:00+02:00,7.969937867129989,26.56
2026-07-06 13:00:00+02:00,5.365092752539766,39.51
2026-07-06 13:15:00+02:00,7.710706831295613,25.02
2026-07-06 13:30:00+02:00,3.3826012874849294,14.16
2026-07-06 13:45:00+02:00,1.2526683424221805,3.09
2026-07-06 14:00:00+02:00,1.639101481653059,19.2
2026-07-06 14:15:00+02:00,3.005213007273275,10.24
2026-07-06 14:30:00+02:00,1.2737465022052863,8.76
2026-07-06 14:45:00+02:00,-1.9898201513202523,1.03
2026-07-06 15:00:00+02:00,0.23701032565956615,4.51
2026-07-06 15:15:00+02:00,8.959879390155592,2.86
2026-07-06 15:30:00+02:00,6.1168175175271635,4.99
2026-07-06 15:45:00+02:00,5.727489348704381,7.64
2026-07-06 16:00:00+02:00,12.211093097172846,2.46
2026-07-06 16:15:00+02:00,6.328908480288838,11.06
2026-07-06 16:30:00+02:00,1.4250198173593276,26.52
2026-07-06 16:45:00+02:00,-0.9415538574835551,42.0
2026-07-06 17:00:00+02:00,4.529244149737252,28.86
2026-07-06 17:15:00+02:00,3.6880250404965125,64.14
2026-07-06 17:30:00+02:00,2.8371674609809645,81.21
2026-07-06 17:45:00+02:00,33.802569538643766,92.12
2026-07-06 18:00:00+02:00,24.5133337121284,79.74
2026-07-06 18:15:00+02:00,40.21141849100252,92.6
2026-07-06 18:30:00+02:00,86.0016147901173,108.23
2026-07-06 18:45:00+02:00,107.04898273228925,116.78
2026-07-06 19:00:00+02:00,82.69107485749387,101.23
2026-07-06 19:15:00+02:00,98.81758933686996,111.12
2026-07-06 19:30:00+02:00,120.4735252106517,125.26
2026-07-06 19:45:00+02:00,128.65176537908994,133.85
2026-07-06 20:00:00+02:00,113.51041711246262,124.27
2026-07-06 20:15:00+02:00,118.53900807172352,135.21
2026-07-06 20:30:00+02:00,125.75160080090475,140.83
2026-07-06 20:45:00+02:00,138.46399776902615,153.01
2026-07-06 21:00:00+02:00,125.1375827743922,151.64
2026-07-06 21:15:00+02:00,122.43953683137286,155.18
2026-07-06 21:30:00+02:00,123.71996567974317,153.19
2026-07-06 21:45:00+02:00,121.36983220865379,144.8
2026-07-06 22:00:00+02:00,127.64972187152496,152.61
2026-07-06 22:15:00+02:00,124.24582509479723,143.82
2026-07-06 22:30:00+02:00,122.66874781737742,150.67
2026-07-06 22:45:00+02:00,115.56191381693364,141.52
2026-07-06 23:00:00+02:00,118.09603591763933,145.38
2026-07-06 23:15:00+02:00,110.4342386966033,135.27
2026-07-06 23:30:00+02:00,106.92545709283306,132.58
2026-07-06 23:45:00+02:00,103.21378558503746,126.77
2026-07-07 00:00:00+02:00,140.56915488944557,129.03
2026-07-07 00:15:00+02:00,137.03182764949858,127.28
2026-07-07 00:30:00+02:00,127.78629452522928,116.08
2026-07-07 00:45:00+02:00,118.50385491698998,111.53
2026-07-07 01:00:00+02:00,128.30281354703968,121.75
2026-07-07 01:15:00+02:00,121.91540286680676,114.02
2026-07-07 01:30:00+02:00,118.70857524703162,112.85
2026-07-07 01:45:00+02:00,115.24962017903388,109.99
2026-07-07 02:00:00+02:00,116.5006055167261,113.0
2026-07-07 02:15:00+02:00,110.97365781855672,109.28
2026-07-07 02:30:00+02:00,108.52554304209409,106.29
2026-07-07 02:45:00+02:00,106.61655087457382,103.38
2026-07-07 03:00:00+02:00,109.92765966171159,103.36
2026-07-07 03:15:00+02:00,106.1867258639337,100.07
2026-07-07 03:30:00+02:00,103.93563793216514,101.0
2026-07-07 03:45:00+02:00,100.04797711692665,99.58
2026-07-07 04:00:00+02:00,103.56732740847957,98.9
2026-07-07 04:15:00+02:00,97.05231484039635,97.27
2026-07-07 04:30:00+02:00,98.65050744021472,98.19
2026-07-07 04:45:00+02:00,100.23267442198421,99.17
2026-07-07 05:00:00+02:00,105.3615997510413,100.0
2026-07-07 05:15:00+02:00,102.31964423272596,100.57
2026-07-07 05:30:00+02:00,108.11565873525265,102.72
2026-07-07 05:45:00+02:00,99.12666272170495,106.34
2026-07-07 06:00:00+02:00,97.74585347682563,111.14
2026-07-07 06:15:00+02:00,103.11831901807273,117.33
2026-07-07 06:30:00+02:00,104.37717561925365,116.82
2026-07-07 06:45:00+02:00,94.88954802250511,117.11
2026-07-07 07:00:00+02:00,116.70664257990708,124.01
2026-07-07 07:15:00+02:00,108.0061347097606,121.0
2026-07-07 07:30:00+02:00,97.82974560578081,117.95
2026-07-07 07:45:00+02:00,91.01848183859019,111.61
2026-07-07 08:00:00+02:00,110.05258198726838,128.69
2026-07-07 08:15:00+02:00,99.34578346359854,114.3
2026-07-07 08:30:00+02:00,77.03865245665168,112.34
2026-07-07 08:45:00+02:00,37.0257772554889,104.23
2026-07-07 09:00:00+02:00,81.55629021629828,121.97
2026-07-07 09:15:00+02:00,48.8151122739837,106.62
2026-07-07 09:30:00+02:00,38.112780005925536,89.96
2026-07-07 09:45:00+02:00,28.31439529397864,60.04
2026-07-07 10:00:00+02:00,32.25276606673317,82.67
2026-07-07 10:15:00+02:00,22.25980281423123,54.52
2026-07-07 10:30:00+02:00,19.811350359003526,32.22
2026-07-07 10:45:00+02:00,16.664062009070033,4.15
2026-07-07 11:00:00+02:00,13.393843516514771,18.22
2026-07-07 11:15:00+02:00,10.60380346421438,1.48
2026-07-07 11:30:00+02:00,9.752193833990763,0.0
2026-07-07 11:45:00+02:00,8.176379876489616,-0.01
2026-07-07 12:00:00+02:00,9.578149842066708,-0.02
2026-07-07 12:15:00+02:00,5.769993883295377,-0.33
2026-07-07 12:30:00+02:00,3.3510209767168853,-1.1
2026-07-07 12:45:00+02:00,1.2554217090002702,-1.87
2026-07-07 13:00:00+02:00,2.169203924151967,-3.65
2026-07-07 13:15:00+02:00,2.472844564500698,-2.02
2026-07-07 13:30:00+02:00,0.3065735636607978,-2.17
2026-07-07 13:45:00+02:00,1.9923507144309662,-2.98
2026-07-07 14:00:00+02:00,-1.0920413729391196,-3.02
2026-07-07 14:15:00+02:00,-1.2868311509761412,-2.71
2026-07-07 14:30:00+02:00,-0.883613281481531,-3.07
2026-07-07 14:45:00+02:00,-2.7646225215253217,-2.54
2026-07-07 15:00:00+02:00,-1.6951461748095253,-1.77
2026-07-07 15:15:00+02:00,1.9632798810295986,-1.63
2026-07-07 15:30:00+02:00,1.9369102443277377,-1.33
2026-07-07 15:45:00+02:00,5.659193212956097,-1.21
2026-07-07 16:00:00+02:00,9.75954213459578,-1.02
2026-07-07 16:15:00+02:00,13.388157398534027,-1.0
2026-07-07 16:30:00+02:00,6.2556887331704445,-0.05
2026-07-07 16:45:00+02:00,12.546782503093212,-0.01
2026-07-07 17:00:00+02:00,11.414732377041013,0.0
2026-07-07 17:15:00+02:00,6.059766197905475,0.01
2026-07-07 17:30:00+02:00,34.72918211950662,7.85
2026-07-07 17:45:00+02:00,66.18438590426635,20.21
2026-07-07 18:00:00+02:00,49.283488165691175,25.18
2026-07-07 18:15:00+02:00,59.114917421820344,58.86
2026-07-07 18:30:00+02:00,79.55145739559867,71.01
2026-07-07 18:45:00+02:00,93.63520220108998,87.8
2026-07-07 19:00:00+02:00,78.02367967546272,67.53
2026-07-07 19:15:00+02:00,97.4024476265763,84.19
2026-07-07 19:30:00+02:00,119.6450814063484,92.01
2026-07-07 19:45:00+02:00,127.70578278533631,101.0
2026-07-07 20:00:00+02:00,110.86160544815155,102.91
2026-07-07 20:15:00+02:00,125.87216404268608,104.17
2026-07-07 20:30:00+02:00,129.04736371472262,112.9
2026-07-07 20:45:00+02:00,138.7583627500319,111.91
2026-07-07 21:00:00+02:00,134.92006295668835,118.09
2026-07-07 21:15:00+02:00,135.5117880023432,117.0
2026-07-07 21:30:00+02:00,145.47614587476022,118.88
2026-07-07 21:45:00+02:00,143.70721532612515,119.64
2026-07-07 22:00:00+02:00,145.15394564856274,124.54
2026-07-07 22:15:00+02:00,137.6802955722473,122.0
2026-07-07 22:30:00+02:00,140.78470554175502,121.03
2026-07-07 22:45:00+02:00,128.93061526480597,115.45
2026-07-07 23:00:00+02:00,136.76361643503336,121.24
2026-07-07 23:15:00+02:00,122.17879495555236,118.8
2026-07-07 23:30:00+02:00,120.16451104991377,115.36
2026-07-07 23:45:00+02:00,118.42419024321103,112.93
2026-07-08 00:00:00+02:00,104.22671327619659,119.71
2026-07-08 00:15:00+02:00,98.18048646275008,116.96
2026-07-08 00:30:00+02:00,93.01636224152836,112.03
2026-07-08 00:45:00+02:00,93.45795491758467,110.99
2026-07-08 01:00:00+02:00,96.3474382809608,120.96
2026-07-08 01:15:00+02:00,89.31869762089292,116.9
2026-07-08 01:30:00+02:00,90.97773963465285,115.3
2026-07-08 01:45:00+02:00,86.16339749412816,110.22
2026-07-08 02:00:00+02:00,89.73293753005424,116.05
2026-07-08 02:15:00+02:00,88.31453874172396,111.3
2026-07-08 02:30:00+02:00,90.4874772794953,111.07
2026-07-08 02:45:00+02:00,86.68390709726572,108.61
2026-07-08 03:00:00+02:00,95.25884288668898,107.31
2026-07-08 03:15:00+02:00,94.53200313129108,109.0
2026-07-08 03:30:00+02:00,93.69294886080473,107.18
2026-07-08 03:45:00+02:00,95.21502888882395,109.19
2026-07-08 04:00:00+02:00,94.87298646258446,107.84
2026-07-08 04:15:00+02:00,95.99788655698505,113.32
2026-07-08 04:30:00+02:00,99.36203219584934,115.14
2026-07-08 04:45:00+02:00,100.33011835023382,118.03
2026-07-08 05:00:00+02:00,93.69053569622429,115.22
2026-07-08 05:15:00+02:00,103.04359578273446,118.91
2026-07-08 05:30:00+02:00,102.25850887612712,121.19
2026-07-08 05:45:00+02:00,116.3635231258562,123.5
2026-07-08 06:00:00+02:00,112.3211705947117,125.23
2026-07-08 06:15:00+02:00,130.30012713888718,131.6
2026-07-08 06:30:00+02:00,134.79492867698124,132.5
2026-07-08 06:45:00+02:00,135.8896994202759,133.67
2026-07-08 07:00:00+02:00,142.85884245673302,136.17
2026-07-08 07:15:00+02:00,139.81493369203403,134.45
2026-07-08 07:30:00+02:00,129.11166287506774,132.02
2026-07-08 07:45:00+02:00,113.58152344318549,125.0
2026-07-08 08:00:00+02:00,147.72462792694918,139.68
2026-07-08 08:15:00+02:00,123.35691064490682,130.92
2026-07-08 08:30:00+02:00,111.4804265355407,121.17
2026-07-08 08:45:00+02:00,86.31098303266721,111.4
2026-07-08 09:00:00+02:00,115.1270928990562,122.91
2026-07-08 09:15:00+02:00,79.06311734606321,110.85
2026-07-08 09:30:00+02:00,43.39352164737992,89.22
2026-07-08 09:45:00+02:00,12.668258897759735,78.71
2026-07-08 10:00:00+02:00,22.9372733399871,90.05
2026-07-08 10:15:00+02:00,18.6238891866699,79.47
2026-07-08 10:30:00+02:00,15.265372128678443,78.8
2026-07-08 10:45:00+02:00,15.231932592244764,70.01
2026-07-08 11:00:00+02:00,22.68832160253517,85.0
2026-07-08 11:15:00+02:00,22.954279679810206,74.26
2026-07-08 11:30:00+02:00,10.95434132941173,71.2
2026-07-08 11:45:00+02:00,6.201948791344977,53.84
2026-07-08 12:00:00+02:00,10.783551306826446,56.9
2026-07-08 12:15:00+02:00,6.5713567254150975,56.19
2026-07-08 12:30:00+02:00,6.591301245529681,47.95
2026-07-08 12:45:00+02:00,4.376203796519741,34.99
2026-07-08 13:00:00+02:00,4.7814885262166555,30.73
2026-07-08 13:15:00+02:00,-0.06933148799324229,20.06
2026-07-08 13:30:00+02:00,-5.301152885814448,9.87
2026-07-08 13:45:00+02:00,-6.131479694580022,8.32
2026-07-08 14:00:00+02:00,-6.557622673977368,6.86
2026-07-08 14:15:00+02:00,-4.872522499763363,8.25
2026-07-08 14:30:00+02:00,-9.452975570999342,8.89
2026-07-08 14:45:00+02:00,-10.339322737406519,7.61
2026-07-08 15:00:00+02:00,-5.652732814883638,5.72
2026-07-08 15:15:00+02:00,-5.778178381784785,4.62
2026-07-08 15:30:00+02:00,-1.321077813944651,10.0
2026-07-08 15:45:00+02:00,-1.2030650638728346,18.82
2026-07-08 16:00:00+02:00,-6.136683618318031,8.21
2026-07-08 16:15:00+02:00,-3.241039574289047,16.45
2026-07-08 16:30:00+02:00,-1.6376378247544778,47.32
2026-07-08 16:45:00+02:00,14.122619695655786,68.1
2026-07-08 17:00:00+02:00,5.949910924026035,60.43
2026-07-08 17:15:00+02:00,7.428986761861694,79.42
2026-07-08 17:30:00+02:00,51.456122886479584,82.16
2026-07-08 17:45:00+02:00,61.29681605264942,87.22
2026-07-08 18:00:00+02:00,36.02976059337202,85.09
2026-07-08 18:15:00+02:00,52.88294309964439,91.76
2026-07-08 18:30:00+02:00,98.35011007319005,112.88
2026-07-08 18:45:00+02:00,105.9142827575763,127.99
2026-07-08 19:00:00+02:00,89.32923143131288,120.1
2026-07-08 19:15:00+02:00,107.01441111654552,133.01
2026-07-08 19:30:00+02:00,118.92873116536033,137.08
2026-07-08 19:45:00+02:00,147.12214224748743,150.0
2026-07-08 20:00:00+02:00,116.92978401763023,133.1
2026-07-08 20:15:00+02:00,132.10084195058442,146.12
2026-07-08 20:30:00+02:00,150.65577432292224,155.06
2026-07-08 20:45:00+02:00,157.23586515952314,169.11
2026-07-08 21:00:00+02:00,159.2834430007848,161.19
2026-07-08 21:15:00+02:00,140.8709860915003,161.05
2026-07-08 21:30:00+02:00,147.97991113944204,163.14
2026-07-08 21:45:00+02:00,155.12696387091756,157.1
2026-07-08 22:00:00+02:00,149.2319070766284,167.11
2026-07-08 22:15:00+02:00,148.31772324527498,163.15
2026-07-08 22:30:00+02:00,147.13959867588557,159.44
2026-07-08 22:45:00+02:00,142.95176802737316,147.1
2026-07-08 23:00:00+02:00,141.36035578201634,153.65
2026-07-08 23:15:00+02:00,138.88744328486115,144.99
2026-07-08 23:30:00+02:00,134.2440320857364,144.01
2026-07-08 23:45:00+02:00,130.15715433048138,137.54
2026-07-09 00:00:00+02:00,140.12690997599762,149.97
2026-07-09 00:15:00+02:00,136.72966040286198,143.98
2026-07-09 00:30:00+02:00,130.49695415973397,136.93
2026-07-09 00:45:00+02:00,125.6924413873656,130.43
2026-07-09 01:00:00+02:00,127.13455810070954,140.32
2026-07-09 01:15:00+02:00,123.733708515259,133.19
2026-07-09 01:30:00+02:00,121.19098421520121,130.89
2026-07-09 01:45:00+02:00,121.94210822813582,128.43
2026-07-09 02:00:00+02:00,119.96458326540824,128.44
2026-07-09 02:15:00+02:00,117.45116307482037,127.48
2026-07-09 02:30:00+02:00,117.8397981481855,127.0
2026-07-09 02:45:00+02:00,116.87568462747586,126.37
2026-07-09 03:00:00+02:00,119.22846181950113,124.96
2026-07-09 03:15:00+02:00,115.6640448691476,124.85
2026-07-09 03:30:00+02:00,114.41630891163334,124.61
2026-07-09 03:45:00+02:00,117.03610563794173,124.97
2026-07-09 04:00:00+02:00,114.2751623195662,121.12
2026-07-09 04:15:00+02:00,117.83636204889615,124.01
2026-07-09 04:30:00+02:00,117.65394927056579,126.59
2026-07-09 04:45:00+02:00,116.31667211393184,130.05
2026-07-09 05:00:00+02:00,116.99744050196192,127.86
2026-07-09 05:15:00+02:00,117.72107916339178,131.66
2026-07-09 05:30:00+02:00,125.45124437935505,135.0
2026-07-09 05:45:00+02:00,131.04950595567135,141.3
2026-07-09 06:00:00+02:00,133.49811515678098,142.51
2026-07-09 06:15:00+02:00,145.62584393210494,152.43
2026-07-09 06:30:00+02:00,142.43225465288378,153.73
2026-07-09 06:45:00+02:00,140.0268726276429,147.93
2026-07-09 07:00:00+02:00,150.66769608531575,164.44
2026-07-09 07:15:00+02:00,144.6442549904961,151.41
2026-07-09 07:30:00+02:00,136.256212199626,143.06
2026-07-09 07:45:00+02:00,132.07557757442487,131.73
2026-07-09 08:00:00+02:00,146.7373595753134,154.08
2026-07-09 08:15:00+02:00,133.06902294414806,140.0
2026-07-09 08:30:00+02:00,130.60529112488118,134.92
2026-07-09 08:45:00+02:00,110.12762596545916,124.19
2026-07-09 09:00:00+02:00,125.53702680930134,132.6
2026-07-09 09:15:00+02:00,111.0758558640277,120.33
2026-07-09 09:30:00+02:00,100.42425441928042,113.25
2026-07-09 09:45:00+02:00,105.28228132262107,105.94
2026-07-09 10:00:00+02:00,110.3694021663895,109.06
2026-07-09 10:15:00+02:00,104.31508451690127,104.01
2026-07-09 10:30:00+02:00,98.23119867911096,98.51
2026-07-09 10:45:00+02:00,79.0454411879743,86.94
2026-07-09 11:00:00+02:00,98.0840237882718,100.0
2026-07-09 11:15:00+02:00,87.59651360007197,90.1
2026-07-09 11:30:00+02:00,73.22194331297331,81.76
2026-07-09 11:45:00+02:00,59.33186693482596,75.46
2026-07-09 12:00:00+02:00,69.40104505993486,82.36
2026-07-09 12:15:00+02:00,61.25454994575854,69.09
2026-07-09 12:30:00+02:00,52.9777755476386,61.0
2026-07-09 12:45:00+02:00,40.96331861687434,54.31
2026-07-09 13:00:00+02:00,54.658901367164766,58.7
2026-07-09 13:15:00+02:00,39.570713592984525,51.67
2026-07-09 13:30:00+02:00,36.90345023798078,39.06
2026-07-09 13:45:00+02:00,28.21590193867605,25.07
2026-07-09 14:00:00+02:00,31.99034398066973,33.61
2026-07-09 14:15:00+02:00,30.20044964443958,35.94
2026-07-09 14:30:00+02:00,36.9670084603071,38.9
2026-07-09 14:45:00+02:00,44.94634516275234,43.57
2026-07-09 15:00:00+02:00,35.524439967841474,33.37
2026-07-09 15:15:00+02:00,48.90846949816231,43.22
2026-07-09 15:30:00+02:00,69.17177102762352,55.16
2026-07-09 15:45:00+02:00,92.03918636402709,72.41
2026-07-09 16:00:00+02:00,50.819585699387474,62.14
2026-07-09 16:15:00+02:00,85.35466007388786,77.0
2026-07-09 16:30:00+02:00,104.4761002915649,86.53
2026-07-09 16:45:00+02:00,110.93523458438833,98.37
2026-07-09 17:00:00+02:00,87.14588227534583,85.15
2026-07-09 17:15:00+02:00,104.19594799155176,104.06
2026-07-09 17:30:00+02:00,118.7537152743125,114.41
2026-07-09 17:45:00+02:00,127.52048886936227,130.03
2026-07-09 18:00:00+02:00,102.07577034282988,114.4
2026-07-09 18:15:00+02:00,125.0340162536109,123.36
2026-07-09 18:30:00+02:00,139.02348195367517,136.05
2026-07-09 18:45:00+02:00,153.6841865419979,147.82
2026-07-09 19:00:00+02:00,133.4129427037202,142.83
2026-07-09 19:15:00+02:00,154.63545840799026,152.09
2026-07-09 19:30:00+02:00,202.12540804210107,170.16
2026-07-09 19:45:00+02:00,296.06283603312136,200.92
2026-07-09 20:00:00+02:00,238.76968646956783,185.06
2026-07-09 20:15:00+02:00,271.53887053878765,199.67
2026-07-09 20:30:00+02:00,245.48166503834267,223.16
2026-07-09 20:45:00+02:00,244.78244669796283,234.91
2026-07-09 21:00:00+02:00,258.57634456904617,231.36
2026-07-09 21:15:00+02:00,222.74454567964762,223.78
2026-07-09 21:30:00+02:00,199.18734839304503,206.85
2026-07-09 21:45:00+02:00,204.14305980459648,191.26
2026-07-09 22:00:00+02:00,227.82977170979757,208.4
2026-07-09 22:15:00+02:00,208.00593810136763,187.95
2026-07-09 22:30:00+02:00,177.7045594524866,174.8
2026-07-09 22:45:00+02:00,151.31959939083652,164.71
2026-07-09 23:00:00+02:00,166.16471951778425,172.66
2026-07-09 23:15:00+02:00,153.13396508416886,165.09
2026-07-09 23:30:00+02:00,152.04760106770107,156.21
2026-07-09 23:45:00+02:00,140.1484541384269,157.02
2026-07-10 00:00:00+02:00,161.73596995892083,167.73
2026-07-10 00:15:00+02:00,143.07191879394244,154.65
2026-07-10 00:30:00+02:00,142.8223635533523,149.56
2026-07-10 00:45:00+02:00,135.8354524530514,142.29
2026-07-10 01:00:00+02:00,145.5961787566407,149.61
2026-07-10 01:15:00+02:00,140.5951315317274,143.85
2026-07-10 01:30:00+02:00,136.8289788821119,142.3
2026-07-10 01:45:00+02:00,134.13531115786003,137.97
2026-07-10 02:00:00+02:00,136.5363704841021,141.98
2026-07-10 02:15:00+02:00,132.98194094007206,141.16
2026-07-10 02:30:00+02:00,132.61874852205955,137.71
2026-07-10 02:45:00+02:00,133.03957038446399,137.95
2026-07-10 03:00:00+02:00,133.01348097239185,138.55
2026-07-10 03:15:00+02:00,132.36167620623542,137.87
2026-07-10 03:30:00+02:00,130.52895969254436,137.7
2026-07-10 03:45:00+02:00,131.09256876160933,137.59
2026-07-10 04:00:00+02:00,130.516488646064,137.37
2026-07-10 04:15:00+02:00,132.54712468533862,138.0
2026-07-10 04:30:00+02:00,136.84784362053009,137.71
2026-07-10 04:45:00+02:00,137.11050623419655,140.0
2026-07-10 05:00:00+02:00,133.0945866370186,140.01
2026-07-10 05:15:00+02:00,139.31639363491414,141.61
2026-07-10 05:30:00+02:00,142.6058920850883,142.43
2026-07-10 05:45:00+02:00,146.50531860169986,145.76
2026-07-10 06:00:00+02:00,152.39928849227258,146.74
2026-07-10 06:15:00+02:00,164.33319974314244,155.45
2026-07-10 06:30:00+02:00,160.59318239188053,152.29
2026-07-10 06:45:00+02:00,150.7171999592622,150.08
2026-07-10 07:00:00+02:00,168.73157749896137,160.54
2026-07-10 07:15:00+02:00,153.75242533126652,153.35
2026-07-10 07:30:00+02:00,141.13889486225727,144.96
2026-07-10 07:45:00+02:00,127.5851101846906,131.92
2026-07-10 08:00:00+02:00,147.9815791379494,154.77
2026-07-10 08:15:00+02:00,130.6577216434372,141.08
2026-07-10 08:30:00+02:00,125.19082622975543,131.42
2026-07-10 08:45:00+02:00,109.59709603725182,112.34
2026-07-10 09:00:00+02:00,132.57692023946157,138.13
2026-07-10 09:15:00+02:00,114.48715935316368,130.77
2026-07-10 09:30:00+02:00,101.2772673101597,115.23
2026-07-10 09:45:00+02:00,97.38288535250243,103.77
2026-07-10 10:00:00+02:00,104.62453127153242,112.71
2026-07-10 10:15:00+02:00,92.31497776162135,108.28
2026-07-10 10:30:00+02:00,75.10213784391561,94.0
2026-07-10 10:45:00+02:00,58.900167253951345,84.59
2026-07-10 11:00:00+02:00,75.64937694374655,89.7
2026-07-10 11:15:00+02:00,67.24408543989608,82.55
2026-07-10 11:30:00+02:00,56.551545942141516,75.0
2026-07-10 11:45:00+02:00,53.05949938236155,65.99
2026-07-10 12:00:00+02:00,57.01634201312402,69.94
2026-07-10 12:15:00+02:00,52.02783477619751,64.54
2026-07-10 12:30:00+02:00,41.07373006549,52.74
2026-07-10 12:45:00+02:00,33.94231455483876,40.0
2026-07-10 13:00:00+02:00,40.192951362736366,43.44
2026-07-10 13:15:00+02:00,33.442498755939596,39.0
2026-07-10 13:30:00+02:00,27.145009525392723,37.0
2026-07-10 13:45:00+02:00,14.420033921008606,30.0
2026-07-10 14:00:00+02:00,26.900976269299857,38.9
2026-07-10 14:15:00+02:00,32.674453190142366,40.0
2026-07-10 14:30:00+02:00,29.549844427979064,42.91
2026-07-10 14:45:00+02:00,33.97459426115846,41.99
2026-07-10 15:00:00+02:00,30.621306924055887,46.23
2026-07-10 15:15:00+02:00,40.50527875865292,55.83
2026-07-10 15:30:00+02:00,54.30084600130855,65.81
2026-07-10 15:45:00+02:00,73.6901909510919,80.53
2026-07-10 16:00:00+02:00,51.38766484536548,61.2
2026-07-10 16:15:00+02:00,84.2908347890385,83.11
2026-07-10 16:30:00+02:00,93.94088920631,97.1
2026-07-10 16:45:00+02:00,100.76834577620454,112.24
2026-07-10 17:00:00+02:00,87.8433113737803,103.63
2026-07-10 17:15:00+02:00,104.70647270006668,106.17
2026-07-10 17:30:00+02:00,115.62725934040081,117.19
2026-07-10 17:45:00+02:00,125.77649612359252,128.29
2026-07-10 18:00:00+02:00,103.67368501432725,108.97
2026-07-10 18:15:00+02:00,124.76312201125873,120.83
2026-07-10 18:30:00+02:00,139.40136448663165,138.66
2026-07-10 18:45:00+02:00,174.7053237498925,145.28
2026-07-10 19:00:00+02:00,135.8512839129172,142.95
2026-07-10 19:15:00+02:00,157.1760391902605,150.82
2026-07-10 19:30:00+02:00,186.02289915834623,174.69
2026-07-10 19:45:00+02:00,249.05662018494797,191.62
2026-07-10 20:00:00+02:00,190.06684595203131,176.0
2026-07-10 20:15:00+02:00,217.91790167995987,183.49
2026-07-10 20:30:00+02:00,243.34274679984972,192.63
2026-07-10 20:45:00+02:00,265.02985374807247,194.59
2026-07-10 21:00:00+02:00,245.88034614568667,189.88
2026-07-10 21:15:00+02:00,256.4002570580879,179.1
2026-07-10 21:30:00+02:00,204.20064429715592,170.0
2026-07-10 21:45:00+02:00,173.0423243313922,168.56
2026-07-10 22:00:00+02:00,215.03492377780412,172.7
2026-07-10 22:15:00+02:00,187.37809169331058,169.16
2026-07-10 22:30:00+02:00,166.11348998715346,168.55
2026-07-10 22:45:00+02:00,152.12245024301956,161.59
2026-07-10 23:00:00+02:00,164.50724263488488,162.26
2026-07-10 23:15:00+02:00,161.53676626243708,156.32
2026-07-10 23:30:00+02:00,149.6413949905156,153.37
2026-07-10 23:45:00+02:00,145.75636509317178,145.9
2026-07-11 00:00:00+02:00,153.63953292808114,160.31
2026-07-11 00:15:00+02:00,143.32125140052864,153.81
2026-07-11 00:30:00+02:00,139.2228503611845,146.24
2026-07-11 00:45:00+02:00,131.67663341943123,141.63
2026-07-11 01:00:00+02:00,139.83774830895797,145.41
2026-07-11 01:15:00+02:00,134.4024251725894,145.0
2026-07-11 01:30:00+02:00,131.71996833672807,144.98
2026-07-11 01:45:00+02:00,134.28518060447848,140.41
2026-07-11 02:00:00+02:00,132.9212700711248,143.42
2026-07-11 02:15:00+02:00,133.41923920538835,140.71
2026-07-11 02:30:00+02:00,127.41492590172948,140.0
2026-07-11 02:45:00+02:00,129.8699392625553,140.3
2026-07-11 03:00:00+02:00,129.20690800246902,141.15
2026-07-11 03:15:00+02:00,129.2893056045954,141.88
2026-07-11 03:30:00+02:00,127.05748463293092,140.8
2026-07-11 03:45:00+02:00,128.36815744665017,138.86
2026-07-11 04:00:00+02:00,129.27443269959525,142.48
2026-07-11 04:15:00+02:00,130.0603356911902,144.68
2026-07-11 04:30:00+02:00,128.6513373141578,137.61
2026-07-11 04:45:00+02:00,131.7431576364137,137.08
2026-07-11 05:00:00+02:00,131.27545324047432,141.4
2026-07-11 05:15:00+02:00,125.72276257516123,138.6
2026-07-11 05:30:00+02:00,125.74517612023155,139.82
2026-07-11 05:45:00+02:00,126.74769407734149,135.63
2026-07-11 06:00:00+02:00,134.08244240103198,146.42
2026-07-11 06:15:00+02:00,140.0724542336068,141.11
2026-07-11 06:30:00+02:00,135.58605544078475,131.6
2026-07-11 06:45:00+02:00,133.1448968291062,126.21
2026-07-11 07:00:00+02:00,141.81027555942788,131.69
2026-07-11 07:15:00+02:00,138.77507296480155,126.93
2026-07-11 07:30:00+02:00,123.07048630386129,122.13
2026-07-11 07:45:00+02:00,103.16124452694288,116.38
2026-07-11 08:00:00+02:00,132.63250463903879,142.16
2026-07-11 08:15:00+02:00,122.31551528528334,123.95
2026-07-11 08:30:00+02:00,105.7175847977071,105.75
2026-07-11 08:45:00+02:00,81.27156946399725,89.55
2026-07-11 09:00:00+02:00,111.02560610056189,107.07
2026-07-11 09:15:00+02:00,87.78311177959887,91.35
2026-07-11 09:30:00+02:00,52.36710745541859,67.51
2026-07-11 09:45:00+02:00,21.10466321776162,29.51
2026-07-11 10:00:00+02:00,30.38613264375489,40.0
2026-07-11 10:15:00+02:00,4.3886469617745405,18.09
2026-07-11 10:30:00+02:00,4.744321297149824,5.18
2026-07-11 10:45:00+02:00,8.77092878773859,1.08
2026-07-11 11:00:00+02:00,7.747550647907332,1.0
2026-07-11 11:15:00+02:00,14.193856679877776,0.29
2026-07-11 11:30:00+02:00,9.464955488321785,0.02
2026-07-11 11:45:00+02:00,4.158444510950506,0.0
2026-07-11 12:00:00+02:00,11.4123125581633,0.0
2026-07-11 12:15:00+02:00,2.6241809341753957,0.0
2026-07-11 12:30:00+02:00,3.8462106383365224,-0.01
2026-07-11 12:45:00+02:00,-0.7605399464793496,-0.02
2026-07-11 13:00:00+02:00,3.4870024880091783,-0.07
2026-07-11 13:15:00+02:00,-2.5987977184228974,-0.8
2026-07-11 13:30:00+02:00,-8.731056448844466,-0.9
2026-07-11 13:45:00+02:00,-6.7198464857022815,-1.01
2026-07-11 14:00:00+02:00,-3.7854102109998973,-1.01
2026-07-11 14:15:00+02:00,-1.826746907536986,-1.01
2026-07-11 14:30:00+02:00,0.5542860306463471,-1.0
2026-07-11 14:45:00+02:00,-2.621852091477736,-0.88
2026-07-11 15:00:00+02:00,-0.9109474173347731,-0.92
2026-07-11 15:15:00+02:00,-4.851692798977183,-0.53
2026-07-11 15:30:00+02:00,1.1153038980771726,-0.11
2026-07-11 15:45:00+02:00,4.955427961755042,-0.45
2026-07-11 16:00:00+02:00,4.854142599044142,-0.04
2026-07-11 16:15:00+02:00,15.640734184866375,-0.04
2026-07-11 16:30:00+02:00,9.33800113688119,0.01
2026-07-11 16:45:00+02:00,29.979057602683554,24.76
2026-07-11 17:00:00+02:00,13.221823265046908,14.58
2026-07-11 17:15:00+02:00,40.93448354956157,66.85
2026-07-11 17:30:00+02:00,77.61756491308451,94.19
2026-07-11 17:45:00+02:00,93.04256336514442,123.16
2026-07-11 18:00:00+02:00,68.0190496693655,97.43
2026-07-11 18:15:00+02:00,102.01473297888471,113.36
2026-07-11 18:30:00+02:00,128.11027465359976,130.99
2026-07-11 18:45:00+02:00,142.09638392377659,139.63
2026-07-11 19:00:00+02:00,122.8361285101823,130.04
2026-07-11 19:15:00+02:00,137.256337617916,140.92
2026-07-11 19:30:00+02:00,146.81075976099734,144.1
2026-07-11 19:45:00+02:00,164.3737775583404,148.94
2026-07-11 20:00:00+02:00,151.807368251787,148.14
2026-07-11 20:15:00+02:00,164.12564916902883,151.26
2026-07-11 20:30:00+02:00,172.18591190268353,153.35
2026-07-11 20:45:00+02:00,186.60488946255893,154.53
2026-07-11 21:00:00+02:00,173.48543862950183,156.38
2026-07-11 21:15:00+02:00,175.17773586119313,154.63
2026-07-11 21:30:00+02:00,175.62303271042816,157.95
2026-07-11 21:45:00+02:00,158.10755517314252,156.54
2026-07-11 22:00:00+02:00,187.0253285077334,160.01
2026-07-11 22:15:00+02:00,161.01374414781932,155.31
2026-07-11 22:30:00+02:00,145.87085939176205,155.28
2026-07-11 22:45:00+02:00,139.04732537400923,148.95
2026-07-11 23:00:00+02:00,143.0103775170306,151.35
2026-07-11 23:15:00+02:00,139.62521707988418,145.2
2026-07-11 23:30:00+02:00,128.50309860252963,145.0
2026-07-11 23:45:00+02:00,118.40350267161429,140.78
2026-07-12 00:00:00+02:00,149.38199860999745,140.51
2026-07-12 00:15:00+02:00,139.71389837415802,140.0
2026-07-12 00:30:00+02:00,136.1021699397349,138.76
2026-07-12 00:45:00+02:00,128.14465616933518,130.5
2026-07-12 01:00:00+02:00,136.01571003169937,135.2
2026-07-12 01:15:00+02:00,127.52595260541054,135.0
2026-07-12 01:30:00+02:00,126.56842625002602,131.34
2026-07-12 01:45:00+02:00,123.4440496982394,126.0
2026-07-12 02:00:00+02:00,124.20561241139815,127.94
2026-07-12 02:15:00+02:00,123.0137610761773,126.04
2026-07-12 02:30:00+02:00,122.63171741832096,124.8
2026-07-12 02:45:00+02:00,122.73377577501937,123.5
2026-07-12 03:00:00+02:00,123.74504568785213,127.93
2026-07-12 03:15:00+02:00,120.57741309607891,127.92
2026-07-12 03:30:00+02:00,120.3327052850846,122.85
2026-07-12 03:45:00+02:00,120.26159439818133,121.7
2026-07-12 04:00:00+02:00,117.8558755719202,127.0
2026-07-12 04:15:00+02:00,116.32100763590395,123.23
2026-07-12 04:30:00+02:00,117.1043944370788,121.11
2026-07-12 04:45:00+02:00,119.4543111679427,120.19
2026-07-12 05:00:00+02:00,123.11340406102029,124.0
2026-07-12 05:15:00+02:00,121.45141191716355,122.18
2026-07-12 05:30:00+02:00,112.74893427026007,120.54
2026-07-12 05:45:00+02:00,104.91673792892774,112.94
2026-07-12 06:00:00+02:00,114.36270654881466,118.64
2026-07-12 06:15:00+02:00,107.36048345603156,112.33
2026-07-12 06:30:00+02:00,99.69863606981426,110.0
2026-07-12 06:45:00+02:00,92.15930465311638,105.48
2026-07-12 07:00:00+02:00,110.68188829467746,112.31
2026-07-12 07:15:00+02:00,92.21994958831871,108.3
2026-07-12 07:30:00+02:00,81.12513355454986,101.21
2026-07-12 07:45:00+02:00,60.02891383366306,77.28
2026-07-12 08:00:00+02:00,80.62550474068397,103.56
2026-07-12 08:15:00+02:00,42.850951545015576,79.42
2026-07-12 08:30:00+02:00,22.53024091507369,52.3
2026-07-12 08:45:00+02:00,20.012007678607944,13.19
2026-07-12 09:00:00+02:00,35.24969926539623,20.0
2026-07-12 09:15:00+02:00,-2.2934008973035844,1.54
2026-07-12 09:30:00+02:00,3.3546027744442597,0.0
2026-07-12 09:45:00+02:00,7.663491669094398,0.0
2026-07-12 10:00:00+02:00,6.9349167424202705,-0.01
2026-07-12 10:15:00+02:00,9.246121123268892,-0.01
2026-07-12 10:30:00+02:00,1.618549722994743,-0.05
2026-07-12 10:45:00+02:00,-4.076820126437198,-0.11
2026-07-12 11:00:00+02:00,-5.152921262490025,-1.01
2026-07-12 11:15:00+02:00,-4.537127081171313,-1.68
2026-07-12 11:30:00+02:00,-4.141536552964197,-2.33
2026-07-12 11:45:00+02:00,-7.205693930076514,-3.64
2026-07-12 12:00:00+02:00,-4.9343853338584935,-5.0
2026-07-12 12:15:00+02:00,-5.749195554646896,-6.35
2026-07-12 12:30:00+02:00,-9.843736916801696,-8.0
2026-07-12 12:45:00+02:00,-11.23311949136565,-9.28
2026-07-12 13:00:00+02:00,-11.781896124084767,-9.5
2026-07-12 13:15:00+02:00,-17.334513312326624,-10.01
2026-07-12 13:30:00+02:00,-30.45821634409643,-11.51
2026-07-12 13:45:00+02:00,-29.543716439237556,-11.83
2026-07-12 14:00:00+02:00,-22.04678737582651,-10.4
2026-07-12 14:15:00+02:00,-22.377440212926302,-10.19
2026-07-12 14:30:00+02:00,-19.258776713284604,-9.99
2026-07-12 14:45:00+02:00,-16.053566463706225,-9.64
2026-07-12 15:00:00+02:00,-13.167237113062388,-8.72
2026-07-12 15:15:00+02:00,-9.329775582557502,-6.39
2026-07-12 15:30:00+02:00,-5.858312081553073,-4.99
2026-07-12 15:45:00+02:00,-6.645365253185069,-3.53
2026-07-12 16:00:00+02:00,-2.6366738252408695,-2.02
2026-07-12 16:15:00+02:00,-6.596952304107482,-1.89
2026-07-12 16:30:00+02:00,-9.005730762934903,-2.01
2026-07-12 16:45:00+02:00,7.593929310088527,-4.85
2026-07-12 17:00:00+02:00,5.714078132911709,-1.61
2026-07-12 17:15:00+02:00,32.76635063901685,-1.2
2026-07-12 17:30:00+02:00,46.167121109365894,-0.01
2026-07-12 17:45:00+02:00,110.58804602735742,33.34
2026-07-12 18:00:00+02:00,69.61917368724289,25.33
2026-07-12 18:15:00+02:00,106.30170301354796,99.54
2026-07-12 18:30:00+02:00,124.24473367696287,116.25
2026-07-12 18:45:00+02:00,140.3631976153849,132.61
2026-07-12 19:00:00+02:00,124.19852936632756,111.51
2026-07-12 19:15:00+02:00,133.74033460495278,133.75
2026-07-12 19:30:00+02:00,143.3656747616485,136.97
2026-07-12 19:45:00+02:00,149.75559350136166,145.0
2026-07-12 20:00:00+02:00,144.5280510428869,137.21
2026-07-12 20:15:00+02:00,152.1705802332566,140.89
2026-07-12 20:30:00+02:00,161.46801354300968,141.37
2026-07-12 20:45:00+02:00,166.09276736782923,144.12
2026-07-12 21:00:00+02:00,167.27448283547244,140.1
2026-07-12 21:15:00+02:00,164.92231858246603,144.94
2026-07-12 21:30:00+02:00,164.04995495758135,145.93
2026-07-12 21:45:00+02:00,158.87427097291396,146.98
2026-07-12 22:00:00+02:00,168.02117777120583,149.7
2026-07-12 22:15:00+02:00,163.2641657476118,145.0
2026-07-12 22:30:00+02:00,154.2182734495235,144.94
2026-07-12 22:45:00+02:00,141.13681437649618,140.08
2026-07-12 23:00:00+02:00,151.94521956380666,144.97
2026-07-12 23:15:00+02:00,143.45029022721633,137.9
2026-07-12 23:30:00+02:00,136.20032094479012,138.47
2026-07-12 23:45:00+02:00,138.8648149351268,135.93
2026-07-13 00:00:00+02:00,142.25954618317334,131.94
2026-07-13 00:15:00+02:00,133.30128774159738,130.0
2026-07-13 00:30:00+02:00,129.08021102756183,129.41
2026-07-13 00:45:00+02:00,126.03686327725046,127.57
2026-07-13 01:00:00+02:00,131.59615014220927,128.42
2026-07-13 01:15:00+02:00,125.39327025382529,124.17
2026-07-13 01:30:00+02:00,120.53212720650077,123.7
2026-07-13 01:45:00+02:00,118.91426468293739,122.13
2026-07-13 02:00:00+02:00,120.0846722270668,122.93
2026-07-13 02:15:00+02:00,117.33065533405198,119.39
2026-07-13 02:30:00+02:00,117.64287759059003,119.45
2026-07-13 02:45:00+02:00,115.32421429232717,120.5
2026-07-13 03:00:00+02:00,118.35491892538718,120.0
2026-07-13 03:15:00+02:00,116.07270677945918,120.3
2026-07-13 03:30:00+02:00,114.56817851953375,121.92
2026-07-13 03:45:00+02:00,116.02073890431497,123.68
2026-07-13 04:00:00+02:00,116.50518769660498,118.68
2026-07-13 04:15:00+02:00,117.74541815654548,122.74
2026-07-13 04:30:00+02:00,116.99412174290441,125.75
2026-07-13 04:45:00+02:00,119.32774547717442,127.0
2026-07-13 05:00:00+02:00,118.53741216487748,126.51
2026-07-13 05:15:00+02:00,122.6337656228983,130.46
2026-07-13 05:30:00+02:00,129.50736298774453,137.14
2026-07-13 05:45:00+02:00,140.27122922972515,142.86
2026-07-13 06:00:00+02:00,136.19001137849864,145.27
2026-07-13 06:15:00+02:00,150.41553365429658,152.18
2026-07-13 06:30:00+02:00,145.6685691106497,151.4
2026-07-13 06:45:00+02:00,146.8674168241136,150.52
2026-07-13 07:00:00+02:00,155.56573165329152,171.08
2026-07-13 07:15:00+02:00,150.3333520127869,166.72
2026-07-13 07:30:00+02:00,145.34060355869448,154.33
2026-07-13 07:45:00+02:00,138.70311427701313,145.59
2026-07-13 08:00:00+02:00,154.1537211446238,151.81
2026-07-13 08:15:00+02:00,134.63500311882444,146.22
2026-07-13 08:30:00+02:00,128.4824871010759,130.86
2026-07-13 08:45:00+02:00,113.29423441921264,127.06
2026-07-13 09:00:00+02:00,137.5087321543052,142.94
2026-07-13 09:15:00+02:00,123.29113494897376,130.01
2026-07-13 09:30:00+02:00,108.98373724963919,114.41
2026-07-13 09:45:00+02:00,105.74114148280941,103.07
2026-07-13 10:00:00+02:00,110.4981577063784,119.03
2026-07-13 10:15:00+02:00,106.19417499268909,103.92
2026-07-13 10:30:00+02:00,94.58708456108609,95.83
2026-07-13 10:45:00+02:00,92.2812705884152,81.29
2026-07-13 11:00:00+02:00,93.71216070842291,87.38
2026-07-13 11:15:00+02:00,85.39420641213592,78.66
2026-07-13 11:30:00+02:00,77.44271038706178,70.0
2026-07-13 11:45:00+02:00,65.30469024313516,60.45
2026-07-13 12:00:00+02:00,71.15304188454441,63.97
2026-07-13 12:15:00+02:00,67.64299446180141,52.2
2026-07-13 12:30:00+02:00,55.81134146599118,45.01
2026-07-13 12:45:00+02:00,43.545830651242596,41.31
2026-07-13 13:00:00+02:00,51.09908755269885,40.45
2026-07-13 13:15:00+02:00,46.82225504054881,34.67
2026-07-13 13:30:00+02:00,46.78927008887635,33.63
2026-07-13 13:45:00+02:00,50.44942826773158,22.85
2026-07-13 14:00:00+02:00,46.13183339664759,34.08
2026-07-13 14:15:00+02:00,53.295451876598584,34.23
2026-07-13 14:30:00+02:00,67.55012343040767,40.72
2026-07-13 14:45:00+02:00,74.66927200715425,45.12
2026-07-13 15:00:00+02:00,67.08941405879273,45.0
2026-07-13 15:15:00+02:00,82.62513364938688,56.1
2026-07-13 15:30:00+02:00,87.43055766019542,68.79
2026-07-13 15:45:00+02:00,93.55575212034856,86.01
2026-07-13 16:00:00+02:00,78.90208723937656,68.8
2026-07-13 16:15:00+02:00,90.2526995943567,91.85
2026-07-13 16:30:00+02:00,97.61409088279538,95.69
2026-07-13 16:45:00+02:00,108.55084724789052,107.46
2026-07-13 17:00:00+02:00,95.62857093693799,98.37
2026-07-13 17:15:00+02:00,113.2456718250022,115.87
2026-07-13 17:30:00+02:00,118.17049683379418,132.69
2026-07-13 17:45:00+02:00,126.9465259047808,139.18
2026-07-13 18:00:00+02:00,103.7810097315949,125.68
2026-07-13 18:15:00+02:00,123.27708240419535,137.75
2026-07-13 18:30:00+02:00,138.12180597302958,144.06
2026-07-13 18:45:00+02:00,153.88942504948673,152.51
2026-07-13 19:00:00+02:00,136.00993876742362,149.92
2026-07-13 19:15:00+02:00,143.74748804611693,153.0
2026-07-13 19:30:00+02:00,152.43307040315963,166.0
2026-07-13 19:45:00+02:00,185.57787237041413,194.93
2026-07-13 20:00:00+02:00,168.91163493392526,184.53
2026-07-13 20:15:00+02:00,171.81715816883724,184.98
2026-07-13 20:30:00+02:00,165.22337987958463,182.22
2026-07-13 20:45:00+02:00,172.8907324147682,180.26
2026-07-13 21:00:00+02:00,167.26884402323637,181.44
2026-07-13 21:15:00+02:00,155.66221414410813,177.45
2026-07-13 21:30:00+02:00,157.16026115004968,163.0
2026-07-13 21:45:00+02:00,150.077040249303,153.31
2026-07-13 22:00:00+02:00,162.7542358197668,172.84
2026-07-13 22:15:00+02:00,152.94163512210585,155.98
2026-07-13 22:30:00+02:00,145.32212217195152,157.0
2026-07-13 22:45:00+02:00,135.1276646487938,150.47
2026-07-13 23:00:00+02:00,142.77469045583098,149.9
2026-07-13 23:15:00+02:00,128.87933764912074,144.58
2026-07-13 23:30:00+02:00,127.91937440518294,142.81
2026-07-13 23:45:00+02:00,118.74941049583038,138.99
2026-07-14 00:00:00+02:00,144.9960609357136,148.37
2026-07-14 00:15:00+02:00,135.15154327122536,141.21
2026-07-14 00:30:00+02:00,133.0769324077378,137.07
2026-07-14 00:45:00+02:00,129.10669467579,131.91
2026-07-14 01:00:00+02:00,132.818316555069,138.79
2026-07-14 01:15:00+02:00,128.14644805675476,134.5
2026-07-14 01:30:00+02:00,125.1506611260554,132.99
2026-07-14 01:45:00+02:00,121.03795046369828,129.27
2026-07-14 02:00:00+02:00,123.30326173051479,129.55
2026-07-14 02:15:00+02:00,122.82275391880185,126.71
2026-07-14 02:30:00+02:00,121.60476045204122,127.44
2026-07-14 02:45:00+02:00,121.15924644333677,125.7
2026-07-14 03:00:00+02:00,119.5991819542948,128.0
2026-07-14 03:15:00+02:00,118.98876527478296,127.28
2026-07-14 03:30:00+02:00,121.63092773614862,127.09
2026-07-14 03:45:00+02:00,120.5447680489152,126.5
2026-07-14 04:00:00+02:00,118.66447603783331,125.62
2026-07-14 04:15:00+02:00,120.69417427128676,125.87
2026-07-14 04:30:00+02:00,120.9577821724205,128.23
2026-07-14 04:45:00+02:00,121.33517154156006,130.88
2026-07-14 05:00:00+02:00,120.14701165447192,130.27
2026-07-14 05:15:00+02:00,122.2795364951679,133.28
2026-07-14 05:30:00+02:00,127.69387974790621,136.93
2026-07-14 05:45:00+02:00,133.24203201623135,139.6
2026-07-14 06:00:00+02:00,137.2652183592528,144.85
2026-07-14 06:15:00+02:00,147.81024574997988,142.87
2026-07-14 06:30:00+02:00,146.2577669458849,148.51
2026-07-14 06:45:00+02:00,145.56822702162853,146.99
2026-07-14 07:00:00+02:00,161.39164499300955,153.8
2026-07-14 07:15:00+02:00,150.84029779058721,152.35
2026-07-14 07:30:00+02:00,145.84020068128584,154.96
2026-07-14 07:45:00+02:00,138.37762192982694,147.95
2026-07-14 08:00:00+02:00,151.85422801244817,148.37
2026-07-14 08:15:00+02:00,143.87285167430497,140.6
2026-07-14 08:30:00+02:00,136.34922064231952,132.15
2026-07-14 08:45:00+02:00,116.74106524952185,121.56
2026-07-14 09:00:00+02:00,132.37835326139754,135.28
2026-07-14 09:15:00+02:00,123.66474031632507,125.01
2026-07-14 09:30:00+02:00,110.15465863642024,116.41
2026-07-14 09:45:00+02:00,105.7903348889734,110.87
2026-07-14 10:00:00+02:00,114.02777910453274,123.34
2026-07-14 10:15:00+02:00,106.0899863502776,107.29
2026-07-14 10:30:00+02:00,100.18102343107779,103.67
2026-07-14 10:45:00+02:00,95.71418409366302,95.61
2026-07-14 11:00:00+02:00,97.08578666268005,101.59
2026-07-14 11:15:00+02:00,92.12628822582695,97.38
2026-07-14 11:30:00+02:00,85.94896853323156,94.0
2026-07-14 11:45:00+02:00,77.71621630647344,73.78
2026-07-14 12:00:00+02:00,80.0435544004898,82.29
2026-07-14 12:15:00+02:00,71.97919971302667,65.78
2026-07-14 12:30:00+02:00,63.39050668857681,58.1
2026-07-14 12:45:00+02:00,50.56397902071804,50.0
2026-07-14 13:00:00+02:00,59.71102322338632,55.72
2026-07-14 13:15:00+02:00,50.88542599760693,54.04
2026-07-14 13:30:00+02:00,48.029755431262345,52.53
2026-07-14 13:45:00+02:00,41.66313933274944,45.01
2026-07-14 14:00:00+02:00,44.48768425075187,48.17
2026-07-14 14:15:00+02:00,45.19921050253136,55.0
2026-07-14 14:30:00+02:00,50.6428058104284,59.89
2026-07-14 14:45:00+02:00,58.63039149710676,67.86
2026-07-14 15:00:00+02:00,51.2958538793078,54.18
2026-07-14 15:15:00+02:00,67.47160685739524,64.87
2026-07-14 15:30:00+02:00,72.87158075432572,75.37
2026-07-14 15:45:00+02:00,93.21767718884576,85.58
2026-07-14 16:00:00+02:00,72.04108098784818,69.4
2026-07-14 16:15:00+02:00,88.9311241243341,91.8
2026-07-14 16:30:00+02:00,96.32694261740306,104.3
2026-07-14 16:45:00+02:00,108.98562110841318,107.53
2026-07-14 17:00:00+02:00,89.2337232745464,105.48
2026-07-14 17:15:00+02:00,109.44229799028412,109.99
2026-07-14 17:30:00+02:00,126.12643924873623,124.12
2026-07-14 17:45:00+02:00,135.6180613138959,130.17
2026-07-14 18:00:00+02:00,113.24054962660983,123.56
2026-07-14 18:15:00+02:00,127.45803941945367,131.59
2026-07-14 18:30:00+02:00,137.2149829303753,142.04
2026-07-14 18:45:00+02:00,156.18316847023212,156.0
2026-07-14 19:00:00+02:00,133.23999790990794,143.92
2026-07-14 19:15:00+02:00,156.37557346190698,152.08
2026-07-14 19:30:00+02:00,166.53283959522855,161.92
2026-07-14 19:45:00+02:00,180.4841811449981,178.1
2026-07-14 20:00:00+02:00,168.04593629864704,177.95
2026-07-14 20:15:00+02:00,174.65009265249586,181.72
2026-07-14 20:30:00+02:00,176.92178906311085,184.75
2026-07-14 20:45:00+02:00,180.60342429320863,185.5
2026-07-14 21:00:00+02:00,178.23297387157965,180.96
2026-07-14 21:15:00+02:00,170.040159707895,174.32
2026-07-14 21:30:00+02:00,162.81823067556493,174.02
2026-07-14 21:45:00+02:00,159.12893375748666,171.96
2026-07-14 22:00:00+02:00,170.72259961738203,178.44
2026-07-14 22:15:00+02:00,161.73207132934044,170.58
2026-07-14 22:30:00+02:00,159.03567328552202,167.11
2026-07-14 22:45:00+02:00,150.76836050016695,158.93
2026-07-14 23:00:00+02:00,158.703254585966,158.51
2026-07-14 23:15:00+02:00,149.79677090083484,153.0
2026-07-14 23:30:00+02:00,142.09135690238367,150.31
2026-07-14 23:45:00+02:00,132.18637893994236,144.26
2026-07-15 00:00:00+02:00,154.1247307797115,158.34
2026-07-15 00:15:00+02:00,148.94575573504682,154.5
2026-07-15 00:30:00+02:00,145.57376634823774,154.43
2026-07-15 00:45:00+02:00,136.42908057508984,146.8
2026-07-15 01:00:00+02:00,139.83534160933388,150.45
2026-07-15 01:15:00+02:00,138.46290987773654,145.0
2026-07-15 01:30:00+02:00,133.67057306821835,142.9
2026-07-15 01:45:00+02:00,127.88170317593124,139.44
2026-07-15 02:00:00+02:00,127.06041358059429,141.39
2026-07-15 02:15:00+02:00,129.50669882567357,138.28
2026-07-15 02:30:00+02:00,125.47178910965384,138.73
2026-07-15 02:45:00+02:00,126.3566941991738,137.75
2026-07-15 03:00:00+02:00,132.7228961146035,136.5
2026-07-15 03:15:00+02:00,129.98409489738768,137.63
2026-07-15 03:30:00+02:00,126.44855060310329,135.94
2026-07-15 03:45:00+02:00,126.76300386902652,136.4
2026-07-15 04:00:00+02:00,125.86254277421105,136.5
2026-07-15 04:15:00+02:00,125.20330435843607,138.93
2026-07-15 04:30:00+02:00,129.3299814224336,141.98
2026-07-15 04:45:00+02:00,134.16618389317975,146.05
2026-07-15 05:00:00+02:00,130.90253910110744,142.19
2026-07-15 05:15:00+02:00,132.7073413658801,148.59
2026-07-15 05:30:00+02:00,140.33386701715327,151.16
2026-07-15 05:45:00+02:00,148.20090208644837,159.19
2026-07-15 06:00:00+02:00,152.5009688218993,165.87
2026-07-15 06:15:00+02:00,162.48074791585694,171.16
2026-07-15 06:30:00+02:00,162.03255013140154,166.34
2026-07-15 06:45:00+02:00,159.53627414177228,163.4
2026-07-15 07:00:00+02:00,169.8208034874391,173.09
2026-07-15 07:15:00+02:00,161.313690749569,167.0
2026-07-15 07:30:00+02:00,155.92838063187753,164.39
2026-07-15 07:45:00+02:00,147.9038863621983,159.04
2026-07-15 08:00:00+02:00,168.34703125677157,167.28
2026-07-15 08:15:00+02:00,154.78984936111115,163.43
2026-07-15 08:30:00+02:00,139.7717772258233,153.01
2026-07-15 08:45:00+02:00,121.80659714407372,140.01
2026-07-15 09:00:00+02:00,143.88090260794093,150.0
2026-07-15 09:15:00+02:00,128.26375874735243,139.62
2026-07-15 09:30:00+02:00,113.52386812958572,130.36
2026-07-15 09:45:00+02:00,107.64348068536924,120.43
2026-07-15 10:00:00+02:00,117.24270730216445,130.15
2026-07-15 10:15:00+02:00,102.50245678218141,115.44
2026-07-15 10:30:00+02:00,104.5622991603368,102.0
2026-07-15 10:45:00+02:00,94.8747891790466,98.08
2026-07-15 11:00:00+02:00,95.00978644995187,105.23
2026-07-15 11:15:00+02:00,89.64264067287729,101.0
2026-07-15 11:30:00+02:00,87.00226469480339,97.04
2026-07-15 11:45:00+02:00,72.92989671509677,81.74
2026-07-15 12:00:00+02:00,76.8694599057676,89.39
2026-07-15 12:15:00+02:00,65.72413581359768,75.14
2026-07-15 12:30:00+02:00,56.38137193565363,68.17
2026-07-15 12:45:00+02:00,49.06544176264416,64.68
2026-07-15 13:00:00+02:00,51.61807676129398,67.27
2026-07-15 13:15:00+02:00,50.366505662895506,67.24
2026-07-15 13:30:00+02:00,49.75833713834152,60.9
2026-07-15 13:45:00+02:00,52.31702235591739,58.98
2026-07-15 14:00:00+02:00,50.76382728221028,61.06
2026-07-15 14:15:00+02:00,55.59145229993056,60.24
2026-07-15 14:30:00+02:00,63.513885926330474,63.12
2026-07-15 14:45:00+02:00,68.35934527882323,67.25
2026-07-15 15:00:00+02:00,65.118064525198,60.77
2026-07-15 15:15:00+02:00,73.53916441324708,66.93
2026-07-15 15:30:00+02:00,83.26719676749406,76.82
2026-07-15 15:45:00+02:00,96.82459454588377,87.78
2026-07-15 16:00:00+02:00,82.76763826003719,80.34
2026-07-15 16:15:00+02:00,93.35033829983524,89.58
2026-07-15 16:30:00+02:00,102.17160656830217,105.29
2026-07-15 16:45:00+02:00,115.11589787301655,113.38
2026-07-15 17:00:00+02:00,110.85054129813432,101.0
2026-07-15 17:15:00+02:00,111.53416513003872,108.54
2026-07-15 17:30:00+02:00,119.51178756409422,123.63
2026-07-15 17:45:00+02:00,128.9169158777308,139.56
2026-07-15 18:00:00+02:00,110.85718509342946,128.64
2026-07-15 18:15:00+02:00,122.32267441967647,142.01
2026-07-15 18:30:00+02:00,140.3997640011411,147.58
2026-07-15 18:45:00+02:00,153.47863568421604,164.02
2026-07-15 19:00:00+02:00,137.55676079446403,147.92
2026-07-15 19:15:00+02:00,159.26392274675933,163.77
2026-07-15 19:30:00+02:00,174.89871848428203,183.98
2026-07-15 19:45:00+02:00,198.71502656932506,207.88
2026-07-15 20:00:00+02:00,186.2119102202521,197.96
2026-07-15 20:15:00+02:00,212.94719715598643,199.64
2026-07-15 20:30:00+02:00,245.01028806768574,208.25
2026-07-15 20:45:00+02:00,280.820050449688,218.05
2026-07-15 21:00:00+02:00,250.8564443720818,221.06
2026-07-15 21:15:00+02:00,250.5601424087174,196.12
2026-07-15 21:30:00+02:00,230.82713539482086,197.13
2026-07-15 21:45:00+02:00,211.8221793042046,192.29
2026-07-15 22:00:00+02:00,222.14797223736323,199.99
2026-07-15 22:15:00+02:00,184.01626362094737,190.0
2026-07-15 22:30:00+02:00,175.66654304376945,187.9
2026-07-15 22:45:00+02:00,165.38635940078683,175.63
2026-07-15 23:00:00+02:00,171.10520983644284,179.14
2026-07-15 23:15:00+02:00,160.64173388746553,171.94
2026-07-15 23:30:00+02:00,152.33578287316433,169.62
2026-07-15 23:45:00+02:00,147.62061520374434,164.96
2026-07-16 00:00:00+02:00,169.19976114730113,173.58
2026-07-16 00:15:00+02:00,151.66280095565483,169.04
2026-07-16 00:30:00+02:00,148.45679020488154,163.51
2026-07-16 00:45:00+02:00,146.9868810115996,158.0
2026-07-16 01:00:00+02:00,150.5244415306635,162.03
2026-07-16 01:15:00+02:00,143.03427519713944,158.0
2026-07-16 01:30:00+02:00,141.3433011746535,158.97
2026-07-16 01:45:00+02:00,135.07074649438994,157.8
2026-07-16 02:00:00+02:00,135.01550641891393,157.62
2026-07-16 02:15:00+02:00,127.134721235011,154.67
2026-07-16 02:30:00+02:00,129.4985346890504,150.92
2026-07-16 02:45:00+02:00,128.41865446220578,148.42
2026-07-16 03:00:00+02:00,133.54367208075362,152.09
2026-07-16 03:15:00+02:00,135.99434598091838,147.56
2026-07-16 03:30:00+02:00,131.489624662298,148.08
2026-07-16 03:45:00+02:00,131.43682858893098,148.18
2026-07-16 04:00:00+02:00,132.01724272571968,148.9
2026-07-16 04:15:00+02:00,129.13929855114543,150.4
2026-07-16 04:30:00+02:00,134.69967938013227,154.25
2026-07-16 04:45:00+02:00,133.07347468201445,155.2
2026-07-16 05:00:00+02:00,135.53966490916147,156.76
2026-07-16 05:15:00+02:00,141.88632904409639,159.44
2026-07-16 05:30:00+02:00,145.92564929236494,160.3
2026-07-16 05:45:00+02:00,151.5885001107776,163.28
2026-07-16 06:00:00+02:00,164.66953943785776,175.0
2026-07-16 06:15:00+02:00,170.3897208841649,175.68
2026-07-16 06:30:00+02:00,172.21030903515745,176.35
2026-07-16 06:45:00+02:00,177.270968252811,174.77
2026-07-16 07:00:00+02:00,192.1070985522911,180.58
2026-07-16 07:15:00+02:00,171.1249559132046,177.84
2026-07-16 07:30:00+02:00,162.48847344462212,171.47
2026-07-16 07:45:00+02:00,151.8176675498013,161.15
2026-07-16 08:00:00+02:00,178.62918354987696,169.65
2026-07-16 08:15:00+02:00,156.10053945577192,166.12
2026-07-16 08:30:00+02:00,137.00893615642025,159.55
2026-07-16 08:45:00+02:00,122.11590197525486,138.73
2026-07-16 09:00:00+02:00,147.31381408870243,152.98
2026-07-16 09:15:00+02:00,129.2513398551813,138.29
2026-07-16 09:30:00+02:00,117.67880433055139,133.08
2026-07-16 09:45:00+02:00,114.50529362719935,124.22
2026-07-16 10:00:00+02:00,124.73405835853424,140.04
2026-07-16 10:15:00+02:00,115.41775180939082,122.66
2026-07-16 10:30:00+02:00,109.74200166004802,110.32
2026-07-16 10:45:00+02:00,101.16197019979788,100.21
2026-07-16 11:00:00+02:00,112.48365202595173,113.34
2026-07-16 11:15:00+02:00,94.5607087947852,109.25
2026-07-16 11:30:00+02:00,90.90462417720127,105.98
2026-07-16 11:45:00+02:00,82.02988559318105,100.36
2026-07-16 12:00:00+02:00,95.1597298591688,100.35
2026-07-16 12:15:00+02:00,92.52372986253397,93.84
2026-07-16 12:30:00+02:00,74.31299451297625,93.02
2026-07-16 12:45:00+02:00,80.63628231118999,91.55
2026-07-16 13:00:00+02:00,79.18745444533941,92.38
2026-07-16 13:15:00+02:00,74.52536059706323,91.74
2026-07-16 13:30:00+02:00,70.28989765642093,83.79
2026-07-16 13:45:00+02:00,68.17999204237394,81.99
2026-07-16 14:00:00+02:00,66.80480630722063,91.77
2026-07-16 14:15:00+02:00,66.21593666060663,94.01
2026-07-16 14:30:00+02:00,74.7676178224579,97.05
2026-07-16 14:45:00+02:00,86.06314452844269,103.01
2026-07-16 15:00:00+02:00,72.98443429790886,105.43
2026-07-16 15:15:00+02:00,93.86738824394372,108.71
2026-07-16 15:30:00+02:00,97.64981619239482,109.36
2026-07-16 15:45:00+02:00,107.91291293996525,114.91
2026-07-16 16:00:00+02:00,90.19704243232948,105.78
2026-07-16 16:15:00+02:00,97.64946827762856,112.67
2026-07-16 16:30:00+02:00,107.61569399443738,127.74
2026-07-16 16:45:00+02:00,118.60666501321298,132.36
2026-07-16 17:00:00+02:00,99.20179587669483,124.5
2026-07-16 17:15:00+02:00,112.02712507802053,135.4
2026-07-16 17:30:00+02:00,125.66280170049306,143.19
2026-07-16 17:45:00+02:00,144.50427212293118,156.65
2026-07-16 18:00:00+02:00,125.01991570755987,146.38
2026-07-16 18:15:00+02:00,142.07778588825215,176.08
2026-07-16 18:30:00+02:00,170.7154701593508,181.59
2026-07-16 18:45:00+02:00,207.39738060621374,206.74
2026-07-16 19:00:00+02:00,179.04325707485813,184.35
2026-07-16 19:15:00+02:00,205.40966129644366,217.92
2026-07-16 19:30:00+02:00,250.03104476181187,257.87
2026-07-16 19:45:00+02:00,298.43371913243794,304.27
2026-07-16 20:00:00+02:00,270.7126490080881,284.85
2026-07-16 20:15:00+02:00,276.5076551264075,304.44
2026-07-16 20:30:00+02:00,311.98367796682373,329.15
2026-07-16 20:45:00+02:00,323.17312972979573,328.3
2026-07-16 21:00:00+02:00,304.12888973335623,339.65
2026-07-16 21:15:00+02:00,287.0372046968048,277.83
2026-07-16 21:30:00+02:00,276.2267236500508,229.17
2026-07-16 21:45:00+02:00,225.7088991799473,203.75
2026-07-16 22:00:00+02:00,263.2236452370753,228.77
2026-07-16 22:15:00+02:00,223.20760017255958,203.75
2026-07-16 22:30:00+02:00,201.25908750351357,205.0
2026-07-16 22:45:00+02:00,189.98070880851822,189.84
2026-07-16 23:00:00+02:00,191.25257093481196,196.03
2026-07-16 23:15:00+02:00,173.1808748935197,180.6
2026-07-16 23:30:00+02:00,158.11965422295788,175.1
2026-07-16 23:45:00+02:00,149.0191175368013,169.52
2026-07-17 00:00:00+02:00,175.20279067501482,175.0
2026-07-17 00:15:00+02:00,163.30341551413136,171.31
2026-07-17 00:30:00+02:00,156.55727064524913,169.45
2026-07-17 00:45:00+02:00,148.97085018704075,166.5
2026-07-17 01:00:00+02:00,159.2144436084102,167.0
2026-07-17 01:15:00+02:00,152.09197555200578,162.88
2026-07-17 01:30:00+02:00,145.7291421853765,160.64
2026-07-17 01:45:00+02:00,142.3699417543332,155.28
2026-07-17 02:00:00+02:00,146.83527550109142,156.97
2026-07-17 02:15:00+02:00,143.8998989606278,153.0
2026-07-17 02:30:00+02:00,142.93726231120206,151.91
2026-07-17 02:45:00+02:00,138.6017088288403,146.02
2026-07-17 03:00:00+02:00,140.22783671522075,148.0
2026-07-17 03:15:00+02:00,134.3045473039967,145.0
2026-07-17 03:30:00+02:00,132.58177287748586,142.0
2026-07-17 03:45:00+02:00,132.6498326128865,140.76
2026-07-17 04:00:00+02:00,140.75056095645581,141.04
2026-07-17 04:15:00+02:00,143.89882903361743,142.2
2026-07-17 04:30:00+02:00,143.58796925767828,142.35
2026-07-17 04:45:00+02:00,136.40818643326514,146.01
2026-07-17 05:00:00+02:00,144.20101148621004,150.92
2026-07-17 05:15:00+02:00,144.46328075349157,151.2
2026-07-17 05:30:00+02:00,146.59478247360218,153.03
2026-07-17 05:45:00+02:00,153.46604208818306,158.8
2026-07-17 06:00:00+02:00,152.3556388865323,162.67
2026-07-17 06:15:00+02:00,149.55372059562947,168.5
2026-07-17 06:30:00+02:00,149.57374966266104,167.88
2026-07-17 06:45:00+02:00,160.5043655648528,161.39
2026-07-17 07:00:00+02:00,162.2007059497562,176.95
2026-07-17 07:15:00+02:00,165.6876482202884,171.42
2026-07-17 07:30:00+02:00,155.33613481505006,163.68
2026-07-17 07:45:00+02:00,140.56975867155677,150.96
2026-07-17 08:00:00+02:00,156.34412871089194,174.77
2026-07-17 08:15:00+02:00,138.84747836919672,165.12
2026-07-17 08:30:00+02:00,132.67082613018147,154.73
2026-07-17 08:45:00+02:00,117.53488167680624,133.8
2026-07-17 09:00:00+02:00,143.58266322170712,150.0
2026-07-17 09:15:00+02:00,126.55686726028624,138.62
2026-07-17 09:30:00+02:00,103.69978043887743,134.25
2026-07-17 09:45:00+02:00,89.63049242290658,118.81
2026-07-17 10:00:00+02:00,102.75202516384003,148.62
2026-07-17 10:15:00+02:00,96.52304123612427,130.95
2026-07-17 10:30:00+02:00,89.15232877114562,118.61
2026-07-17 10:45:00+02:00,83.65322443553173,111.63
2026-07-17 11:00:00+02:00,86.7640283087038,120.7
2026-07-17 11:15:00+02:00,78.4428633763788,112.02
2026-07-17 11:30:00+02:00,69.3753902650574,111.61
2026-07-17 11:45:00+02:00,60.533301948072236,110.8
2026-07-17 12:00:00+02:00,74.44992363531362,112.25
2026-07-17 12:15:00+02:00,59.30213762298341,105.0
2026-07-17 12:30:00+02:00,52.72651660429487,100.0
2026-07-17 12:45:00+02:00,48.41822508928504,98.3
2026-07-17 13:00:00+02:00,51.895654362570056,98.96
2026-07-17 13:15:00+02:00,40.839036399444176,98.35
2026-07-17 13:30:00+02:00,32.31430814791556,97.81
2026-07-17 13:45:00+02:00,29.172653910200463,97.68
2026-07-17 14:00:00+02:00,34.24903033184626,97.94
2026-07-17 14:15:00+02:00,31.50529857741808,98.09
2026-07-17 14:30:00+02:00,41.26224063935394,98.41
2026-07-17 14:45:00+02:00,40.43506637045013,99.27
2026-07-17 15:00:00+02:00,44.32119550208901,99.7
2026-07-17 15:15:00+02:00,44.189090322179794,105.3
2026-07-17 15:30:00+02:00,58.88061405191673,108.98
2026-07-17 15:45:00+02:00,64.47009861549475,109.94
2026-07-17 16:00:00+02:00,40.56943846428854,105.0
2026-07-17 16:15:00+02:00,68.19558687064294,111.5
2026-07-17 16:30:00+02:00,82.44740888583662,116.86
2026-07-17 16:45:00+02:00,103.22964736316626,125.44
2026-07-17 17:00:00+02:00,75.0598305248453,114.66
2026-07-17 17:15:00+02:00,110.26350240184934,122.57
2026-07-17 17:30:00+02:00,122.72450488962676,130.51
2026-07-17 17:45:00+02:00,129.40259422240646,141.96
2026-07-17 18:00:00+02:00,115.04485466009774,122.92
2026-07-17 18:15:00+02:00,120.77717934797506,137.9
2026-07-17 18:30:00+02:00,128.22106641770569,141.12
2026-07-17 18:45:00+02:00,138.6838783038929,148.38
2026-07-17 19:00:00+02:00,128.98349233608056,144.82
2026-07-17 19:15:00+02:00,137.24995042918036,152.97
2026-07-17 19:30:00+02:00,154.97266307330807,151.79
2026-07-17 19:45:00+02:00,174.40032238245516,154.55
2026-07-17 20:00:00+02:00,153.5645944172846,148.35
2026-07-17 20:15:00+02:00,156.81552643933605,155.75
2026-07-17 20:30:00+02:00,157.22691057406047,161.92
2026-07-17 20:45:00+02:00,169.5904226239903,170.24
2026-07-17 21:00:00+02:00,157.8468247825106,165.0
2026-07-17 21:15:00+02:00,154.65921064312198,165.36
2026-07-17 21:30:00+02:00,158.7826035209671,168.84
2026-07-17 21:45:00+02:00,150.49940483579985,168.25
2026-07-17 22:00:00+02:00,160.02030940639426,168.71
2026-07-17 22:15:00+02:00,158.15085428722887,165.47
2026-07-17 22:30:00+02:00,160.10338102588457,164.55
2026-07-17 22:45:00+02:00,150.76738255510165,159.97
2026-07-17 23:00:00+02:00,157.39891587489382,162.97
2026-07-17 23:15:00+02:00,150.12760270571894,160.71
2026-07-17 23:30:00+02:00,135.42450991675153,159.04
2026-07-17 23:45:00+02:00,145.06491355152122,150.48
2026-07-18 00:00:00+02:00,151.95512242805563,168.41
2026-07-18 00:15:00+02:00,142.09666034247297,160.15
2026-07-18 00:30:00+02:00,137.83025916377034,151.24
2026-07-18 00:45:00+02:00,129.5263284217091,145.0
2026-07-18 01:00:00+02:00,142.7677501602681,152.94
2026-07-18 01:15:00+02:00,131.15227931767575,146.81
2026-07-18 01:30:00+02:00,128.30432275783537,143.38
2026-07-18 01:45:00+02:00,124.65323930361474,138.39
2026-07-18 02:00:00+02:00,121.6260416501168,146.13
2026-07-18 02:15:00+02:00,120.58586566615881,142.61
2026-07-18 02:30:00+02:00,123.5129314196175,139.09
2026-07-18 02:45:00+02:00,116.7096245563272,140.17
2026-07-18 03:00:00+02:00,117.27155194179684,137.21
2026-07-18 03:15:00+02:00,115.31637265062555,135.55
2026-07-18 03:30:00+02:00,114.90355084325581,135.0
2026-07-18 03:45:00+02:00,113.7289844102607,133.44
2026-07-18 04:00:00+02:00,114.66189929868429,137.22
2026-07-18 04:15:00+02:00,112.80011915002865,136.92
2026-07-18 04:30:00+02:00,109.12189147824672,134.72
2026-07-18 04:45:00+02:00,111.54314576491063,130.38
2026-07-18 05:00:00+02:00,113.96707245212885,141.07
2026-07-18 05:15:00+02:00,110.04126962659045,134.01
2026-07-18 05:30:00+02:00,113.42778104219683,130.45
2026-07-18 05:45:00+02:00,101.86359432319243,123.41
2026-07-18 06:00:00+02:00,112.30861620162617,131.63
2026-07-18 06:15:00+02:00,103.96863685358878,129.26
2026-07-18 06:30:00+02:00,93.54379913330064,127.13
2026-07-18 06:45:00+02:00,79.15540198559631,118.01
2026-07-18 07:00:00+02:00,104.02979184147625,150.08
2026-07-18 07:15:00+02:00,87.76417944574834,120.72
2026-07-18 07:30:00+02:00,82.10230632822595,109.52
2026-07-18 07:45:00+02:00,58.96303633276686,96.88
2026-07-18 08:00:00+02:00,93.08889239800524,119.62
2026-07-18 08:15:00+02:00,68.3858028928529,106.87
2026-07-18 08:30:00+02:00,52.27965004924009,91.03
2026-07-18 08:45:00+02:00,37.01022244795412,72.65
2026-07-18 09:00:00+02:00,45.85242333667934,82.67
2026-07-18 09:15:00+02:00,36.86145710477422,58.07
2026-07-18 09:30:00+02:00,9.053401767572112,27.97
2026-07-18 09:45:00+02:00,11.38674545109346,11.0
2026-07-18 10:00:00+02:00,18.92554443286663,21.82
2026-07-18 10:15:00+02:00,0.9395300091353818,11.96
2026-07-18 10:30:00+02:00,10.214776935809276,4.99
2026-07-18 10:45:00+02:00,9.982018131451333,1.1
2026-07-18 11:00:00+02:00,8.091323907584346,0.06
2026-07-18 11:15:00+02:00,9.132319176176416,0.0
2026-07-18 11:30:00+02:00,8.142319958956563,-0.01
2026-07-18 11:45:00+02:00,5.242005582420379,-0.07
2026-07-18 12:00:00+02:00,7.712750953446154,-0.04
2026-07-18 12:15:00+02:00,5.82383288410001,-0.07
2026-07-18 12:30:00+02:00,1.2656181152304278,-0.1
2026-07-18 12:45:00+02:00,2.726100734214082,-0.29
2026-07-18 13:00:00+02:00,4.0959165524255265,-0.96
2026-07-18 13:15:00+02:00,4.690242355330955,-1.0
2026-07-18 13:30:00+02:00,4.31977987451929,-1.09
2026-07-18 13:45:00+02:00,-6.27601226953045,-1.61
2026-07-18 14:00:00+02:00,2.110846885192238,-1.86
2026-07-18 14:15:00+02:00,1.07528667480892,-2.01
2026-07-18 14:30:00+02:00,3.7054893095349755,-2.01
2026-07-18 14:45:00+02:00,-3.88062363296223,-2.09
2026-07-18 15:00:00+02:00,-4.559517119141127,-2.02
2026-07-18 15:15:00+02:00,-3.007819762852929,-2.24
2026-07-18 15:30:00+02:00,1.2731143172331372,-2.66
2026-07-18 15:45:00+02:00,2.208690863887689,-4.87
2026-07-18 16:00:00+02:00,-2.250306087360272,-2.01
2026-07-18 16:15:00+02:00,2.673603349334691,-2.02
2026-07-18 16:30:00+02:00,20.254164351682483,-1.91
2026-07-18 16:45:00+02:00,20.59470951881937,-1.1
2026-07-18 17:00:00+02:00,14.85276602896375,-0.45
2026-07-18 17:15:00+02:00,12.420949314024256,-0.01
2026-07-18 17:30:00+02:00,35.22090922821572,0.0
2026-07-18 17:45:00+02:00,21.61271640086352,2.19
2026-07-18 18:00:00+02:00,39.36587727702033,1.38
2026-07-18 18:15:00+02:00,46.57594950018061,39.69
2026-07-18 18:30:00+02:00,69.16886302576499,82.52
2026-07-18 18:45:00+02:00,87.66248886629985,100.1
2026-07-18 19:00:00+02:00,82.84081453351831,87.96
2026-07-18 19:15:00+02:00,100.57594371387327,110.59
2026-07-18 19:30:00+02:00,114.96788154424453,117.24
2026-07-18 19:45:00+02:00,121.7978050125032,125.01
2026-07-18 20:00:00+02:00,113.32462538973935,120.49
2026-07-18 20:15:00+02:00,117.48903932584784,129.99
2026-07-18 20:30:00+02:00,128.4710494385181,135.66
2026-07-18 20:45:00+02:00,141.4931259701581,142.54
2026-07-18 21:00:00+02:00,124.93090582099504,143.14
2026-07-18 21:15:00+02:00,130.88678201684743,142.73
2026-07-18 21:30:00+02:00,144.07135795616603,145.49
2026-07-18 21:45:00+02:00,139.1968850019011,152.44
2026-07-18 22:00:00+02:00,145.7216127217146,153.58
2026-07-18 22:15:00+02:00,135.4055420032827,153.09
2026-07-18 22:30:00+02:00,133.54688881749482,152.97
2026-07-18 22:45:00+02:00,129.12240425820377,150.21
2026-07-18 23:00:00+02:00,131.61763764377088,150.41
2026-07-18 23:15:00+02:00,128.21610612452267,148.79
2026-07-18 23:30:00+02:00,124.09839648842409,146.79
2026-07-18 23:45:00+02:00,123.31931338087183,137.06
2026-07-19 00:00:00+02:00,141.67652838732403,145.59
2026-07-19 00:15:00+02:00,136.20084000699933,142.6
2026-07-19 00:30:00+02:00,134.53088135340474,135.63
2026-07-19 00:45:00+02:00,127.71651113386147,130.97
2026-07-19 01:00:00+02:00,131.26802070009592,135.0
2026-07-19 01:15:00+02:00,127.04210354028777,132.23
2026-07-19 01:30:00+02:00,125.77173404648725,130.06
2026-07-19 01:45:00+02:00,121.92436430197736,125.68
2026-07-19 02:00:00+02:00,124.2186084724518,127.55
2026-07-19 02:15:00+02:00,123.10391810263204,122.31
2026-07-19 02:30:00+02:00,120.77170832690071,120.85
2026-07-19 02:45:00+02:00,118.89042851217337,116.89
2026-07-19 03:00:00+02:00,118.9658742798586,121.07
2026-07-19 03:15:00+02:00,117.96703606719414,120.09
2026-07-19 03:30:00+02:00,117.24143573375862,118.93
2026-07-19 03:45:00+02:00,118.20450562618286,115.5
2026-07-19 04:00:00+02:00,121.21305148793711,119.53
2026-07-19 04:15:00+02:00,119.35678785937344,116.11
2026-07-19 04:30:00+02:00,119.0314274408359,113.85
2026-07-19 04:45:00+02:00,116.47405996938332,111.61
2026-07-19 05:00:00+02:00,120.93147241692726,113.18
2026-07-19 05:15:00+02:00,117.21198497191712,110.1
2026-07-19 05:30:00+02:00,116.48939342548904,108.94
2026-07-19 05:45:00+02:00,102.30676184136772,105.45
2026-07-19 06:00:00+02:00,116.64182345112492,109.53
2026-07-19 06:15:00+02:00,101.96149391873237,103.79
2026-07-19 06:30:00+02:00,93.47084976027631,101.23
2026-07-19 06:45:00+02:00,86.71579333090484,92.84
2026-07-19 07:00:00+02:00,99.68680498566374,100.73
2026-07-19 07:15:00+02:00,89.51925213434433,92.07
2026-07-19 07:30:00+02:00,85.95206484833828,88.25
2026-07-19 07:45:00+02:00,76.48706293500166,72.79
2026-07-19 08:00:00+02:00,83.29860657531023,74.18
2026-07-19 08:15:00+02:00,63.956736136120284,57.66
2026-07-19 08:30:00+02:00,54.537655794746854,30.29
2026-07-19 08:45:00+02:00,36.10815009065213,10.5
2026-07-19 09:00:00+02:00,30.322379241689944,10.51
2026-07-19 09:15:00+02:00,20.75067949104377,4.43
2026-07-19 09:30:00+02:00,5.000158405764978,1.45
2026-07-19 09:45:00+02:00,8.890388071278721,0.27
2026-07-19 10:00:00+02:00,26.11982980878537,0.06
2026-07-19 10:15:00+02:00,21.050159062200798,0.0
2026-07-19 10:30:00+02:00,17.182058627219988,0.0
2026-07-19 10:45:00+02:00,10.542690199480276,0.0
2026-07-19 11:00:00+02:00,8.735694661170783,-0.01
2026-07-19 11:15:00+02:00,4.622569708236604,-0.02
2026-07-19 11:30:00+02:00,5.27629573349585,-0.04
2026-07-19 11:45:00+02:00,5.593031886438403,-0.11
2026-07-19 12:00:00+02:00,4.336435412445063,-0.44
2026-07-19 12:15:00+02:00,4.866139375576751,-0.73
2026-07-19 12:30:00+02:00,0.6880293593050304,-0.8
2026-07-19 12:45:00+02:00,0.7706347571604137,-1.0
2026-07-19 13:00:00+02:00,-1.1345887302345865,-1.19
2026-07-19 13:15:00+02:00,-2.6234286822660557,-2.36
2026-07-19 13:30:00+02:00,-8.967587473278794,-3.09
2026-07-19 13:45:00+02:00,-12.367701507569873,-4.07
2026-07-19 14:00:00+02:00,-7.731386395079211,-4.62
2026-07-19 14:15:00+02:00,-6.994442751743337,-5.0
2026-07-19 14:30:00+02:00,-7.2676814313842915,-5.0
2026-07-19 14:45:00+02:00,-5.053897188320647,-5.37
2026-07-19 15:00:00+02:00,-6.890506405061894,-5.69
2026-07-19 15:15:00+02:00,-5.968612905943843,-5.29
2026-07-19 15:30:00+02:00,-4.260587593612634,-4.83
2026-07-19 15:45:00+02:00,-7.515882820461357,-4.01
2026-07-19 16:00:00+02:00,-1.0243909793375323,-2.31
2026-07-19 16:15:00+02:00,6.251912069180719,-2.84
2026-07-19 16:30:00+02:00,-0.321527820608992,-3.4
2026-07-19 16:45:00+02:00,5.81290214523888,-1.2
2026-07-19 17:00:00+02:00,-2.939927677760636,-1.2
2026-07-19 17:15:00+02:00,24.442843925934355,-0.97
2026-07-19 17:30:00+02:00,46.384908558221916,-0.01
2026-07-19 17:45:00+02:00,15.217445139760812,0.6
2026-07-19 18:00:00+02:00,24.369852378444378,0.68
2026-07-19 18:15:00+02:00,59.221706636853845,29.42
2026-07-19 18:30:00+02:00,84.48991714355796,62.58
2026-07-19 18:45:00+02:00,120.09203090229246,98.69
2026-07-19 19:00:00+02:00,82.0156935016945,87.8
2026-07-19 19:15:00+02:00,110.64744533991372,109.62
2026-07-19 19:30:00+02:00,124.20578259463495,131.67
2026-07-19 19:45:00+02:00,131.3063561636212,139.55
2026-07-19 20:00:00+02:00,123.13562104590508,128.5
2026-07-19 20:15:00+02:00,127.46407276872158,140.1
2026-07-19 20:30:00+02:00,131.1624223869521,150.91
2026-07-19 20:45:00+02:00,136.88491202527825,156.98
2026-07-19 21:00:00+02:00,138.8497740098319,152.54
2026-07-19 21:15:00+02:00,137.10057288055447,150.38
2026-07-19 21:30:00+02:00,138.825191491502,149.65
2026-07-19 21:45:00+02:00,138.94188818736038,146.15
2026-07-19 22:00:00+02:00,139.71802625730405,159.18
2026-07-19 22:15:00+02:00,135.17946493110725,150.91
2026-07-19 22:30:00+02:00,136.12205139744032,148.2
2026-07-19 22:45:00+02:00,124.9930164800119,140.34
2026-07-19 23:00:00+02:00,140.04967426910508,151.71
2026-07-19 23:15:00+02:00,130.9094490158219,137.02
2026-07-19 23:30:00+02:00,129.3646914985542,135.65
2026-07-19 23:45:00+02:00,125.42653291584188,128.43
2026-07-20 00:00:00+02:00,130.66825258568804,167.33
2026-07-20 00:15:00+02:00,134.79048310759063,150.11
2026-07-20 00:30:00+02:00,129.34162675943588,140.74
2026-07-20 00:45:00+02:00,119.68649007183359,131.63
2026-07-20 01:00:00+02:00,127.5451469033149,148.25
2026-07-20 01:15:00+02:00,125.00880229013947,140.01
2026-07-20 01:30:00+02:00,123.03383448921984,135.68
2026-07-20 01:45:00+02:00,118.29153844233382,129.99
2026-07-20 02:00:00+02:00,121.35838605410443,132.41
2026-07-20 02:15:00+02:00,117.5672346833923,128.37
2026-07-20 02:30:00+02:00,116.34551593734447,128.49
2026-07-20 02:45:00+02:00,114.74818296043664,126.15
2026-07-20 03:00:00+02:00,116.19453118786929,126.92
2026-07-20 03:15:00+02:00,114.22863942671106,122.69
2026-07-20 03:30:00+02:00,111.14599289479753,122.69
2026-07-20 03:45:00+02:00,104.03056122166744,121.82
2026-07-20 04:00:00+02:00,110.23148205411367,125.04
2026-07-20 04:15:00+02:00,110.63044102544687,130.26
2026-07-20 04:30:00+02:00,110.22531337087528,133.62
2026-07-20 04:45:00+02:00,111.87726755105636,136.16
2026-07-20 05:00:00+02:00,113.59756032191152,132.84
2026-07-20 05:15:00+02:00,108.96744984523826,138.22
2026-07-20 05:30:00+02:00,112.96469804838034,139.35
2026-07-20 05:45:00+02:00,114.00228487003149,144.75
2026-07-20 06:00:00+02:00,108.98575452056602,147.63
2026-07-20 06:15:00+02:00,117.45038567673573,150.01
2026-07-20 06:30:00+02:00,116.20255135567191,150.41
2026-07-20 06:45:00+02:00,119.07190517063798,149.19
2026-07-20 07:00:00+02:00,130.39036339036963,159.92
2026-07-20 07:15:00+02:00,129.75379105043254,152.96
2026-07-20 07:30:00+02:00,126.83469088695698,148.99
2026-07-20 07:45:00+02:00,121.188736642362,140.24
2026-07-20 08:00:00+02:00,128.3890058232011,159.0
2026-07-20 08:15:00+02:00,120.59836715531662,140.0
2026-07-20 08:30:00+02:00,115.56375827977507,120.7
2026-07-20 08:45:00+02:00,95.47063415653092,104.29
2026-07-20 09:00:00+02:00,112.99391972132541,113.72
2026-07-20 09:15:00+02:00,92.32716385337112,102.0
2026-07-20 09:30:00+02:00,84.78146710129396,89.33
2026-07-20 09:45:00+02:00,57.86395972033665,65.82
2026-07-20 10:00:00+02:00,73.28857365345465,83.1
2026-07-20 10:15:00+02:00,41.00883163919716,73.36
2026-07-20 10:30:00+02:00,37.211114594109546,58.47
2026-07-20 10:45:00+02:00,24.37237134526331,26.16
2026-07-20 11:00:00+02:00,31.229686758032045,31.71
2026-07-20 11:15:00+02:00,26.219540386005576,19.47
2026-07-20 11:30:00+02:00,30.853803083504936,10.0
2026-07-20 11:45:00+02:00,21.445288130545563,1.97
2026-07-20 12:00:00+02:00,22.695954036000792,16.21
2026-07-20 12:15:00+02:00,22.335191227860808,4.12
2026-07-20 12:30:00+02:00,22.154498217003457,6.98
2026-07-20 12:45:00+02:00,15.49187499507621,3.34
2026-07-20 13:00:00+02:00,21.81376788687445,0.05
2026-07-20 13:15:00+02:00,13.32777353690801,0.01
2026-07-20 13:30:00+02:00,5.775806454763285,0.0
2026-07-20 13:45:00+02:00,1.1398201175173739,0.0
2026-07-20 14:00:00+02:00,3.6955020834131718,0.0
2026-07-20 14:15:00+02:00,1.646363513460324,0.0
2026-07-20 14:30:00+02:00,0.6254178395579366,0.02
2026-07-20 14:45:00+02:00,0.1139597049535297,0.01
2026-07-20 15:00:00+02:00,-0.24513579203364877,0.01
2026-07-20 15:15:00+02:00,1.8812459526766165,0.03
2026-07-20 15:30:00+02:00,3.170734985904314,0.07
2026-07-20 15:45:00+02:00,6.301624264966534,3.72
2026-07-20 16:00:00+02:00,5.3719380967167165,0.03
2026-07-20 16:15:00+02:00,4.207016922393194,0.09
2026-07-20 16:30:00+02:00,20.26396429409474,14.9
2026-07-20 16:45:00+02:00,31.98050497929073,45.4
2026-07-20 17:00:00+02:00,21.264331434214306,23.43
2026-07-20 17:15:00+02:00,62.658312764014646,79.41
2026-07-20 17:30:00+02:00,86.0603148238952,90.1
2026-07-20 17:45:00+02:00,106.455221929381,106.11
2026-07-20 18:00:00+02:00,86.26634969757701,95.51
2026-07-20 18:15:00+02:00,100.98248104132355,106.67
2026-07-20 18:30:00+02:00,117.80943119152754,127.06
2026-07-20 18:45:00+02:00,130.7203756891585,144.41
2026-07-20 19:00:00+02:00,121.92828070624529,142.32
2026-07-20 19:15:00+02:00,134.07318064882432,152.87
2026-07-20 19:30:00+02:00,139.99880471529403,161.99
2026-07-20 19:45:00+02:00,154.98677094150912,177.87
2026-07-20 20:00:00+02:00,137.62262683003556,165.17
2026-07-20 20:15:00+02:00,144.39800639398027,171.39
2026-07-20 20:30:00+02:00,152.91235750432875,181.65
2026-07-20 20:45:00+02:00,159.4113318354574,194.77
2026-07-20 21:00:00+02:00,156.21232027349888,180.53
2026-07-20 21:15:00+02:00,156.0994925600006,180.47
2026-07-20 21:30:00+02:00,155.52326577599422,179.92
2026-07-20 21:45:00+02:00,147.64787228158033,178.0
2026-07-20 22:00:00+02:00,155.01896471249395,186.34
2026-07-20 22:15:00+02:00,151.73550625453947,175.98
2026-07-20 22:30:00+02:00,145.81269066346732,171.94
2026-07-20 22:45:00+02:00,134.1767745620457,165.0
2026-07-20 23:00:00+02:00,145.2082355775214,168.33
2026-07-20 23:15:00+02:00,132.5065420848353,161.96
2026-07-20 23:30:00+02:00,129.97046926450173,158.28
2026-07-20 23:45:00+02:00,125.7988952017902,149.3
2026-07-21 00:00:00+02:00,173.3406828961286,153.81
2026-07-21 00:15:00+02:00,158.9291023152426,150.03
2026-07-21 00:30:00+02:00,148.03475269182255,146.26
2026-07-21 00:45:00+02:00,141.8712025565269,145.01
2026-07-21 01:00:00+02:00,148.34427370839256,151.84
2026-07-21 01:15:00+02:00,140.6077819224167,150.56
2026-07-21 01:30:00+02:00,135.92642343890182,149.25
2026-07-21 01:45:00+02:00,130.23001747341954,146.43
2026-07-21 02:00:00+02:00,135.90155039922158,146.63
2026-07-21 02:15:00+02:00,136.38859473090088,144.03
2026-07-21 02:30:00+02:00,134.13012390917504,142.98
2026-07-21 02:45:00+02:00,134.14207222136915,139.92
2026-07-21 03:00:00+02:00,134.5505486864115,140.27
2026-07-21 03:15:00+02:00,132.5916813675297,138.09
2026-07-21 03:30:00+02:00,130.25792891354422,138.18
2026-07-21 03:45:00+02:00,128.2115878857183,138.93
2026-07-21 04:00:00+02:00,128.68699404100568,135.03
2026-07-21 04:15:00+02:00,129.35580156884706,137.3
2026-07-21 04:30:00+02:00,130.51179509062055,140.95
2026-07-21 04:45:00+02:00,134.6849847025402,143.73
2026-07-21 05:00:00+02:00,135.0214697720528,140.34
2026-07-21 05:15:00+02:00,135.47915046989323,143.19
2026-07-21 05:30:00+02:00,136.3993414936465,146.91
2026-07-21 05:45:00+02:00,138.7089054219468,149.21
2026-07-21 06:00:00+02:00,144.62055662497326,155.0
2026-07-21 06:15:00+02:00,148.85503945891003,159.33
2026-07-21 06:30:00+02:00,149.8942157224354,159.79
2026-07-21 06:45:00+02:00,149.33177682929326,156.48
2026-07-21 07:00:00+02:00,162.0185863523419,167.0
2026-07-21 07:15:00+02:00,158.2742474836436,159.35
2026-07-21 07:30:00+02:00,157.62784949852906,155.01
2026-07-21 07:45:00+02:00,142.470403136019,136.35
2026-07-21 08:00:00+02:00,157.70584068491831,164.78
2026-07-21 08:15:00+02:00,143.0800192354574,149.0
2026-07-21 08:30:00+02:00,134.47217894591878,142.16
2026-07-21 08:45:00+02:00,117.43556098013278,125.57
2026-07-21 09:00:00+02:00,136.82895615601555,153.01
2026-07-21 09:15:00+02:00,125.1007643130716,120.16
2026-07-21 09:30:00+02:00,116.89238060490487,107.37
2026-07-21 09:45:00+02:00,107.71838917436594,79.27
2026-07-21 10:00:00+02:00,123.22493254323248,103.18
2026-07-21 10:15:00+02:00,112.43218022718752,86.15
2026-07-21 10:30:00+02:00,102.96188570004732,79.37
2026-07-21 10:45:00+02:00,94.53841962034352,66.06
2026-07-21 11:00:00+02:00,96.44624227520049,66.11
2026-07-21 11:15:00+02:00,92.14608150035838,59.09
2026-07-21 11:30:00+02:00,79.46055485336933,36.89
2026-07-21 11:45:00+02:00,68.17114566761242,12.46
2026-07-21 12:00:00+02:00,78.43510888620108,16.31
2026-07-21 12:15:00+02:00,66.34961552699663,5.46
2026-07-21 12:30:00+02:00,57.1670889750816,3.85
2026-07-21 12:45:00+02:00,51.14911997427431,2.59
2026-07-21 13:00:00+02:00,61.1332113898837,2.52
2026-07-21 13:15:00+02:00,54.70412071647033,1.44
2026-07-21 13:30:00+02:00,51.02204689901437,0.08
2026-07-21 13:45:00+02:00,40.11002125279174,0.0
2026-07-21 14:00:00+02:00,48.24531472886091,0.04
2026-07-21 14:15:00+02:00,52.236673597195676,0.09
2026-07-21 14:30:00+02:00,51.76935744715463,0.1
2026-07-21 14:45:00+02:00,55.43931945985119,3.78
2026-07-21 15:00:00+02:00,51.953931098825954,3.3
2026-07-21 15:15:00+02:00,62.205410069270485,6.49
2026-07-21 15:30:00+02:00,81.16133162178019,11.51
2026-07-21 15:45:00+02:00,91.98777576913662,33.38
2026-07-21 16:00:00+02:00,69.12160278155346,30.47
2026-07-21 16:15:00+02:00,94.10383267013265,64.0
2026-07-21 16:30:00+02:00,86.83382858368911,71.46
2026-07-21 16:45:00+02:00,99.90750182520667,83.0
2026-07-21 17:00:00+02:00,86.55894158438191,77.06
2026-07-21 17:15:00+02:00,117.89054784725413,94.26
2026-07-21 17:30:00+02:00,128.3571172640157,112.0
2026-07-21 17:45:00+02:00,130.8519590517295,126.94
2026-07-21 18:00:00+02:00,119.0976543647583,113.81
2026-07-21 18:15:00+02:00,132.21146376064377,130.62
2026-07-21 18:30:00+02:00,143.25043228497137,142.99
2026-07-21 18:45:00+02:00,149.90015788340415,154.04
2026-07-21 19:00:00+02:00,142.10217524663898,140.91
2026-07-21 19:15:00+02:00,149.14534214491655,150.92
2026-07-21 19:30:00+02:00,160.21304285662168,158.07
2026-07-21 19:45:00+02:00,170.24382731019392,164.54
2026-07-21 20:00:00+02:00,162.149657677378,166.51
2026-07-21 20:15:00+02:00,166.46563042916492,172.0
2026-07-21 20:30:00+02:00,173.32141972548524,174.59
2026-07-21 20:45:00+02:00,177.382111923235,174.9
2026-07-21 21:00:00+02:00,175.8128582690305,177.29
2026-07-21 21:15:00+02:00,168.6588120724728,177.19
2026-07-21 21:30:00+02:00,163.7738597384058,174.6
2026-07-21 21:45:00+02:00,163.0528323164037,169.17
2026-07-21 22:00:00+02:00,169.8423940371878,175.9
2026-07-21 22:15:00+02:00,162.46758429446356,168.57
2026-07-21 22:30:00+02:00,157.38178848318796,170.06
2026-07-21 22:45:00+02:00,153.238658585065,158.74
2026-07-21 23:00:00+02:00,151.19807228613934,165.16
2026-07-21 23:15:00+02:00,150.0709593990013,156.09
2026-07-21 23:30:00+02:00,144.86474896048264,153.42
2026-07-21 23:45:00+02:00,134.6759047474454,146.08
2026-07-22 00:00:00+02:00,161.8575923778729,156.4
2026-07-22 00:15:00+02:00,155.63884275853798,155.25
2026-07-22 00:30:00+02:00,150.13103292175978,151.39
2026-07-22 00:45:00+02:00,142.2676330508875,145.72
2026-07-22 01:00:00+02:00,151.4302897882609,156.37
2026-07-22 01:15:00+02:00,142.0435964550067,148.57
2026-07-22 01:30:00+02:00,138.52717970356477,145.66
2026-07-22 01:45:00+02:00,134.9253021663426,142.55
2026-07-22 02:00:00+02:00,140.96486424164718,146.94
2026-07-22 02:15:00+02:00,134.89108343323105,144.88
2026-07-22 02:30:00+02:00,133.80127559369276,143.04
2026-07-22 02:45:00+02:00,133.1721649931358,138.07
2026-07-22 03:00:00+02:00,127.6465683364996,142.08
2026-07-22 03:15:00+02:00,124.89147127121963,134.75
2026-07-22 03:30:00+02:00,123.77852508520233,132.02
2026-07-22 03:45:00+02:00,120.93547562737069,130.8
2026-07-22 04:00:00+02:00,125.78099674506387,130.3
2026-07-22 04:15:00+02:00,125.45204135905806,129.8
2026-07-22 04:30:00+02:00,123.19481704203352,131.0
2026-07-22 04:45:00+02:00,123.66655472282751,131.56
2026-07-22 05:00:00+02:00,125.2733422645728,128.24
2026-07-22 05:15:00+02:00,124.94934130750579,132.75
2026-07-22 05:30:00+02:00,128.69478726539776,138.93
2026-07-22 05:45:00+02:00,128.85790165236793,143.91
2026-07-22 06:00:00+02:00,136.89978731535564,144.26
2026-07-22 06:15:00+02:00,137.7013080256943,150.01
2026-07-22 06:30:00+02:00,134.8719553730756,156.08
2026-07-22 06:45:00+02:00,129.28147202889383,147.29
2026-07-22 07:00:00+02:00,145.54070998401494,156.89
2026-07-22 07:15:00+02:00,137.984344934402,150.03
2026-07-22 07:30:00+02:00,129.35285678962745,145.16
2026-07-22 07:45:00+02:00,116.80572737111855,129.3
2026-07-22 08:00:00+02:00,144.9053752055261,158.11
2026-07-22 08:15:00+02:00,129.56269325256346,141.28
2026-07-22 08:30:00+02:00,119.24132985695401,121.54
2026-07-22 08:45:00+02:00,111.09357951158273,107.0
2026-07-22 09:00:00+02:00,126.39378719683222,114.48
2026-07-22 09:15:00+02:00,109.82444448192142,102.42
2026-07-22 09:30:00+02:00,86.33716054642683,86.34
2026-07-22 09:45:00+02:00,60.252959390803966,60.53
2026-07-22 10:00:00+02:00,77.86848859898484,92.11
2026-07-22 10:15:00+02:00,65.49933289623837,68.71
2026-07-22 10:30:00+02:00,52.6798030980335,57.8
2026-07-22 10:45:00+02:00,39.82564761000688,45.99
2026-07-22 11:00:00+02:00,45.91735230811047,49.24
2026-07-22 11:15:00+02:00,41.94319084027411,37.27
2026-07-22 11:30:00+02:00,32.81239389930488,21.69
2026-07-22 11:45:00+02:00,24.18725099516421,15.54
2026-07-22 12:00:00+02:00,27.943739812317126,21.08
2026-07-22 12:15:00+02:00,21.17277153008257,9.99
2026-07-22 12:30:00+02:00,19.94482996745751,6.94
2026-07-22 12:45:00+02:00,13.562092165131766,3.53
2026-07-22 13:00:00+02:00,14.346188797946942,3.99
2026-07-22 13:15:00+02:00,7.803830522245919,0.99
2026-07-22 13:30:00+02:00,3.8343554217051583,0.15
2026-07-22 13:45:00+02:00,1.0824711505377316,0.03
2026-07-22 14:00:00+02:00,5.710963125399837,0.03
2026-07-22 14:15:00+02:00,3.5479511711159346,0.08
2026-07-22 14:30:00+02:00,1.1751567353489083,0.03
2026-07-22 14:45:00+02:00,-0.8106390665365062,0.01
2026-07-22 15:00:00+02:00,-0.32247393673672065,0.05
2026-07-22 15:15:00+02:00,-0.755005077930778,0.09
2026-07-22 15:30:00+02:00,1.2515303292332955,0.77
2026-07-22 15:45:00+02:00,7.298244074200468,1.08
2026-07-22 16:00:00+02:00,0.3786851243041731,1.9
2026-07-22 16:15:00+02:00,11.101635373304049,5.44
2026-07-22 16:30:00+02:00,20.23073984384149,6.89
2026-07-22 16:45:00+02:00,31.791370781600463,22.37
2026-07-22 17:00:00+02:00,29.573692953576426,24.99
2026-07-22 17:15:00+02:00,44.715116893329245,59.6
2026-07-22 17:30:00+02:00,51.93751785834085,68.63
2026-07-22 17:45:00+02:00,72.94825041790111,99.62
2026-07-22 18:00:00+02:00,61.196729057267824,82.67
2026-07-22 18:15:00+02:00,76.00029191888959,102.38
2026-07-22 18:30:00+02:00,82.65684297832028,114.93
2026-07-22 18:45:00+02:00,94.80640418563465,132.42
2026-07-22 19:00:00+02:00,85.0172091883845,122.97
2026-07-22 19:15:00+02:00,97.1796300252968,134.85
2026-07-22 19:30:00+02:00,111.29753633163831,144.48
2026-07-22 19:45:00+02:00,126.96774067419054,149.01
2026-07-22 20:00:00+02:00,114.2858190278169,151.37
2026-07-22 20:15:00+02:00,128.59268732140836,154.68
2026-07-22 20:30:00+02:00,133.29706152426076,158.27
2026-07-22 20:45:00+02:00,150.92965159805016,163.72
2026-07-22 21:00:00+02:00,134.07330527219892,166.36
2026-07-22 21:15:00+02:00,138.497357479402,162.43
2026-07-22 21:30:00+02:00,145.77480626921522,161.95
2026-07-22 21:45:00+02:00,135.1882063628143,156.3
2026-07-22 22:00:00+02:00,151.63843300272737,167.24
2026-07-22 22:15:00+02:00,137.76250206397708,159.44
2026-07-22 22:30:00+02:00,144.95165000952525,155.94
2026-07-22 22:45:00+02:00,135.7930249928493,147.82
2026-07-22 23:00:00+02:00,138.02831430553707,153.17
2026-07-22 23:15:00+02:00,129.74582312036483,143.94
2026-07-22 23:30:00+02:00,132.32754268785757,140.56
2026-07-22 23:45:00+02:00,125.27550504951196,136.5
2026-07-23 00:00:00+02:00,151.86637347424806,153.4
2026-07-23 00:15:00+02:00,149.01446989769389,147.31
2026-07-23 00:30:00+02:00,141.79731869795037,139.23
2026-07-23 00:45:00+02:00,137.71774474564913,131.08
2026-07-23 01:00:00+02:00,148.53114776099608,142.47
2026-07-23 01:15:00+02:00,142.05861395564568,137.83
2026-07-23 01:30:00+02:00,137.4690235079093,136.34
2026-07-23 01:45:00+02:00,133.17465543800466,132.74
2026-07-23 02:00:00+02:00,138.4386696747684,135.04
2026-07-23 02:15:00+02:00,135.8342462777165,133.28
2026-07-23 02:30:00+02:00,135.93879370622332,133.78
2026-07-23 02:45:00+02:00,132.9824420080331,132.54
2026-07-23 03:00:00+02:00,134.17845608680972,132.42
2026-07-23 03:15:00+02:00,132.38691624941015,134.73
2026-07-23 03:30:00+02:00,132.43381577031226,132.35
2026-07-23 03:45:00+02:00,130.1003818705682,132.36
2026-07-23 04:00:00+02:00,125.0867963496638,133.0
2026-07-23 04:15:00+02:00,128.80030293583474,133.54
2026-07-23 04:30:00+02:00,133.18375010342945,137.38
2026-07-23 04:45:00+02:00,136.6963282554952,141.04
2026-07-23 05:00:00+02:00,134.37742726583699,132.23
2026-07-23 05:15:00+02:00,142.02142865326087,138.07
2026-07-23 05:30:00+02:00,137.957830035327,147.78
2026-07-23 05:45:00+02:00,139.99295999844657,154.1
2026-07-23 06:00:00+02:00,141.1683987545827,148.92
2026-07-23 06:15:00+02:00,150.2560913899265,162.15
2026-07-23 06:30:00+02:00,158.66742162230418,161.64
2026-07-23 06:45:00+02:00,150.04292580604147,164.01
2026-07-23 07:00:00+02:00,161.58664135540712,172.95
2026-07-23 07:15:00+02:00,154.25240194909023,173.72
2026-07-23 07:30:00+02:00,151.96491118407286,163.82
2026-07-23 07:45:00+02:00,144.84205664555003,161.0
2026-07-23 08:00:00+02:00,160.04073876963548,174.01
2026-07-23 08:15:00+02:00,143.43265812822204,162.8
2026-07-23 08:30:00+02:00,128.6521554717304,159.96
2026-07-23 08:45:00+02:00,113.44679904186333,143.04
2026-07-23 09:00:00+02:00,127.33361982356284,162.67
2026-07-23 09:15:00+02:00,113.64464140004387,144.64
2026-07-23 09:30:00+02:00,90.02778931241318,119.0
2026-07-23 09:45:00+02:00,82.02718448218792,111.0
2026-07-23 10:00:00+02:00,103.20174010414516,117.29
2026-07-23 10:15:00+02:00,88.40562756782123,107.38
2026-07-23 10:30:00+02:00,81.3199816945808,99.74
2026-07-23 10:45:00+02:00,73.6327544923949,83.51
2026-07-23 11:00:00+02:00,85.6895212520748,96.47
2026-07-23 11:15:00+02:00,67.93224134161014,84.74
2026-07-23 11:30:00+02:00,58.2802419028133,77.53
2026-07-23 11:45:00+02:00,30.933133888504926,59.42
2026-07-23 12:00:00+02:00,42.01891864641832,60.42
2026-07-23 12:15:00+02:00,31.6400705349162,35.99
2026-07-23 12:30:00+02:00,25.528278276636627,20.66
2026-07-23 12:45:00+02:00,15.552529754047097,7.3
2026-07-23 13:00:00+02:00,11.73163256539596,11.37
2026-07-23 13:15:00+02:00,9.291851273453357,4.84
2026-07-23 13:30:00+02:00,8.506723916595679,1.0
2026-07-23 13:45:00+02:00,1.7228024671962956,0.0
2026-07-23 14:00:00+02:00,6.113335257995255,0.0
2026-07-23 14:15:00+02:00,2.691256882421533,0.0
2026-07-23 14:30:00+02:00,1.0273022326305128,0.0
2026-07-23 14:45:00+02:00,0.8829126160904806,0.0
2026-07-23 15:00:00+02:00,2.883553950001112,0.0
2026-07-23 15:15:00+02:00,2.7609995550800788,0.0
2026-07-23 15:30:00+02:00,2.6360887852492763,0.03
2026-07-23 15:45:00+02:00,11.829071116125103,0.09
2026-07-23 16:00:00+02:00,13.52614817591136,0.0
2026-07-23 16:15:00+02:00,5.246768793003696,3.11
2026-07-23 16:30:00+02:00,24.221156401273277,24.79
2026-07-23 16:45:00+02:00,41.43963225483391,60.09
2026-07-23 17:00:00+02:00,31.047210410561057,52.99
2026-07-23 17:15:00+02:00,64.76693256685297,94.82
2026-07-23 17:30:00+02:00,68.18501500604857,113.51
2026-07-23 17:45:00+02:00,97.57761823059616,125.5
2026-07-23 18:00:00+02:00,80.24197165371108,111.39
2026-07-23 18:15:00+02:00,95.27003573223367,139.21
2026-07-23 18:30:00+02:00,122.98635382430643,154.96
2026-07-23 18:45:00+02:00,143.28207974362394,165.0
2026-07-23 19:00:00+02:00,132.8378326376859,152.77
2026-07-23 19:15:00+02:00,144.6846747694405,164.67
2026-07-23 19:30:00+02:00,155.47035890376856,168.27
2026-07-23 19:45:00+02:00,170.63837387604127,178.69
2026-07-23 20:00:00+02:00,153.31403310014363,172.79
2026-07-23 20:15:00+02:00,169.80669017835217,184.29
2026-07-23 20:30:00+02:00,176.88758584080614,185.48
2026-07-23 20:45:00+02:00,183.75854544412823,197.5
2026-07-23 21:00:00+02:00,179.71028715580582,192.84
2026-07-23 21:15:00+02:00,175.44706912232343,191.79
2026-07-23 21:30:00+02:00,169.28456921549937,189.7
2026-07-23 21:45:00+02:00,169.49138002381022,185.67
2026-07-23 22:00:00+02:00,179.12243392886836,195.92
2026-07-23 22:15:00+02:00,164.9332517113366,188.96
2026-07-23 22:30:00+02:00,164.22783412558363,184.29
2026-07-23 22:45:00+02:00,155.97759063878615,177.0
2026-07-23 23:00:00+02:00,160.41052466811453,181.68
2026-07-23 23:15:00+02:00,154.688836602819,170.66
2026-07-23 23:30:00+02:00,147.50723324163275,166.94
2026-07-23 23:45:00+02:00,140.23425516727804,162.4
2026-07-24 00:00:00+02:00,163.08022873279882,168.22
2026-07-24 00:15:00+02:00,159.8050504296391,163.65
2026-07-24 00:30:00+02:00,152.3657064534741,160.58
2026-07-24 00:45:00+02:00,150.70076511049817,151.56
2026-07-24 01:00:00+02:00,152.79112004777724,162.69
2026-07-24 01:15:00+02:00,147.93384176080917,158.03
2026-07-24 01:30:00+02:00,144.86537493514206,155.89
2026-07-24 01:45:00+02:00,140.43287361733468,151.94
2026-07-24 02:00:00+02:00,145.64959058776677,155.26
2026-07-24 02:15:00+02:00,140.2930672298582,151.69
2026-07-24 02:30:00+02:00,140.97382896239836,150.67
2026-07-24 02:45:00+02:00,137.48888006702472,149.63
2026-07-24 03:00:00+02:00,141.36270143947462,156.19
2026-07-24 03:15:00+02:00,140.82482052468967,153.21
2026-07-24 03:30:00+02:00,141.06054925739625,151.78
2026-07-24 03:45:00+02:00,141.34103122170785,152.13
2026-07-24 04:00:00+02:00,137.385575717533,150.58
2026-07-24 04:15:00+02:00,139.92180224283354,152.91
2026-07-24 04:30:00+02:00,141.0107425001922,153.93
2026-07-24 04:45:00+02:00,145.27867144202406,165.22
2026-07-24 05:00:00+02:00,141.77645995601418,152.92
2026-07-24 05:15:00+02:00,144.44712370129784,158.44
2026-07-24 05:30:00+02:00,149.83738754991376,164.71
2026-07-24 05:45:00+02:00,152.44247789562996,168.6
2026-07-24 06:00:00+02:00,160.54159878500374,167.75
2026-07-24 06:15:00+02:00,163.11629347406256,176.4
2026-07-24 06:30:00+02:00,164.96664655801555,174.67
2026-07-24 06:45:00+02:00,166.56523316078648,171.34
2026-07-24 07:00:00+02:00,171.73138185671465,177.93
2026-07-24 07:15:00+02:00,165.02103893132912,172.09
2026-07-24 07:30:00+02:00,160.60338488255553,167.0
2026-07-24 07:45:00+02:00,143.8090291408755,152.53
2026-07-24 08:00:00+02:00,165.78444070890603,174.0
2026-07-24 08:15:00+02:00,151.80228545412982,166.76
2026-07-24 08:30:00+02:00,137.0624468670684,159.3
2026-07-24 08:45:00+02:00,120.42180693595012,139.93
2026-07-24 09:00:00+02:00,142.53355997255505,169.66
2026-07-24 09:15:00+02:00,127.60082716343156,133.6
2026-07-24 09:30:00+02:00,116.14046174767806,116.06
2026-07-24 09:45:00+02:00,98.67940186457392,111.09
2026-07-24 10:00:00+02:00,115.29576612198893,116.41
2026-07-24 10:15:00+02:00,104.24488923537047,106.02
2026-07-24 10:30:00+02:00,93.47622636444095,98.58
2026-07-24 10:45:00+02:00,85.44571863859426,88.25
2026-07-24 11:00:00+02:00,88.2785848039177,86.08
2026-07-24 11:15:00+02:00,77.56389965017605,77.2
2026-07-24 11:30:00+02:00,60.66050771758552,74.12
2026-07-24 11:45:00+02:00,43.472442836751256,65.25
2026-07-24 12:00:00+02:00,52.57963992716596,65.15
2026-07-24 12:15:00+02:00,38.17218383842116,50.97
2026-07-24 12:30:00+02:00,26.161310101169665,37.8
2026-07-24 12:45:00+02:00,16.3001130435093,25.05
2026-07-24 13:00:00+02:00,18.246348266269763,36.1
2026-07-24 13:15:00+02:00,12.738382633807461,22.9
2026-07-24 13:30:00+02:00,14.044721201310367,16.89
2026-07-24 13:45:00+02:00,8.059314572241817,8.21
2026-07-24 14:00:00+02:00,8.698880060814542,6.01
2026-07-24 14:15:00+02:00,9.312791231109404,5.2
2026-07-24 14:30:00+02:00,1.890323131284648,5.85
2026-07-24 14:45:00+02:00,7.823499907898824,8.88
2026-07-24 15:00:00+02:00,10.81411873394915,3.23
2026-07-24 15:15:00+02:00,18.424013266765833,4.7
2026-07-24 15:30:00+02:00,24.113373385070656,17.13
2026-07-24 15:45:00+02:00,46.83565375675454,32.1
2026-07-24 16:00:00+02:00,31.714609373115117,32.07
2026-07-24 16:15:00+02:00,69.23649151793157,60.07
2026-07-24 16:30:00+02:00,91.12377323413342,81.52
2026-07-24 16:45:00+02:00,111.52514043951956,102.2
2026-07-24 17:00:00+02:00,92.65223836476635,77.07
2026-07-24 17:15:00+02:00,105.38059557295371,112.18
2026-07-24 17:30:00+02:00,127.85937471348498,125.2
2026-07-24 17:45:00+02:00,141.26701512613738,141.62
2026-07-24 18:00:00+02:00,118.90222026172466,127.09
2026-07-24 18:15:00+02:00,136.46113998996628,147.56
2026-07-24 18:30:00+02:00,161.9443284225117,163.05
2026-07-24 18:45:00+02:00,173.22095536656502,180.96
2026-07-24 19:00:00+02:00,158.30985534967076,149.16
2026-07-24 19:15:00+02:00,172.82743392500058,176.2
2026-07-24 19:30:00+02:00,195.28960261179793,190.23
2026-07-24 19:45:00+02:00,264.5657319379501,204.95
2026-07-24 20:00:00+02:00,233.7168016303207,188.24
2026-07-24 20:15:00+02:00,275.67924362220896,194.07
2026-07-24 20:30:00+02:00,316.8178870324989,205.89
2026-07-24 20:45:00+02:00,336.3640310898663,211.97
2026-07-24 21:00:00+02:00,301.1728925783051,209.26
2026-07-24 21:15:00+02:00,313.9717160425063,206.84
2026-07-24 21:30:00+02:00,236.50807658892944,201.25
2026-07-24 21:45:00+02:00,233.21139851235762,195.34
2026-07-24 22:00:00+02:00,267.4413741076472,207.44
2026-07-24 22:15:00+02:00,224.8372759227189,197.49
2026-07-24 22:30:00+02:00,196.70894852248298,188.64
2026-07-24 22:45:00+02:00,179.4594976701735,184.5
2026-07-24 23:00:00+02:00,191.33419033273216,185.48
2026-07-24 23:15:00+02:00,171.08094235329253,183.0
2026-07-24 23:30:00+02:00,157.243261219672,181.31
2026-07-24 23:45:00+02:00,153.00239098564367,170.67
2026-07-25 00:00:00+02:00,173.44726897086176,175.92
2026-07-25 00:15:00+02:00,161.11322052579055,168.63
2026-07-25 00:30:00+02:00,156.25749269359434,165.98
2026-07-25 00:45:00+02:00,148.65402119745,158.01
2026-07-25 01:00:00+02:00,155.92781903093905,170.01
2026-07-25 01:15:00+02:00,152.22942688282484,156.79
2026-07-25 01:30:00+02:00,148.9048800911167,161.32
2026-07-25 01:45:00+02:00,143.9164208114595,158.32
2026-07-25 02:00:00+02:00,150.50788845277702,162.0
2026-07-25 02:15:00+02:00,145.74099668810237,158.72
2026-07-25 02:30:00+02:00,143.54352838941915,162.25
2026-07-25 02:45:00+02:00,140.98892607185485,158.74
2026-07-25 03:00:00+02:00,143.0822836441753,162.0
2026-07-25 03:15:00+02:00,143.08878041014026,161.32
2026-07-25 03:30:00+02:00,140.42698614208126,160.98
2026-07-25 03:45:00+02:00,137.54229096247147,155.11
2026-07-25 04:00:00+02:00,141.82702213198783,156.89
2026-07-25 04:15:00+02:00,140.94914260070405,151.99
2026-07-25 04:30:00+02:00,139.28279278334875,149.4
2026-07-25 04:45:00+02:00,137.4620674689338,149.77
2026-07-25 05:00:00+02:00,144.78780439559915,150.12
2026-07-25 05:15:00+02:00,137.44150588168634,147.0
2026-07-25 05:30:00+02:00,129.0453863086115,147.84
2026-07-25 05:45:00+02:00,131.564004325582,140.05
2026-07-25 06:00:00+02:00,133.91240484645706,157.71
2026-07-25 06:15:00+02:00,132.3449210804315,136.12
2026-07-25 06:30:00+02:00,129.0476553252283,130.01
2026-07-25 06:45:00+02:00,122.91063452008225,117.68
2026-07-25 07:00:00+02:00,139.56009916213054,136.39
2026-07-25 07:15:00+02:00,126.11990830444401,119.99
2026-07-25 07:30:00+02:00,126.82078727223413,107.52
2026-07-25 07:45:00+02:00,102.3928553240105,97.32
2026-07-25 08:00:00+02:00,138.59780760672243,122.67
2026-07-25 08:15:00+02:00,128.70092599280318,102.71
2026-07-25 08:30:00+02:00,105.18586921008097,79.93
2026-07-25 08:45:00+02:00,80.28107156846816,28.73
2026-07-25 09:00:00+02:00,105.5614707249552,39.61
2026-07-25 09:15:00+02:00,80.86018377883839,5.05
2026-07-25 09:30:00+02:00,33.801937425598844,0.01
2026-07-25 09:45:00+02:00,12.80753697301924,0.0
2026-07-25 10:00:00+02:00,20.47905893636316,0.0
2026-07-25 10:15:00+02:00,6.790484829492996,-0.01
2026-07-25 10:30:00+02:00,4.1144086791425,-0.07
2026-07-25 10:45:00+02:00,5.5881038137722925,-0.39
2026-07-25 11:00:00+02:00,6.549167193535425,-0.82
2026-07-25 11:15:00+02:00,7.868287496158345,-1.19
2026-07-25 11:30:00+02:00,9.603941694621714,-3.41
2026-07-25 11:45:00+02:00,10.096388116972062,-5.01
2026-07-25 12:00:00+02:00,5.083793274681771,-4.82
2026-07-25 12:15:00+02:00,4.5439025330700105,-5.0
2026-07-25 12:30:00+02:00,-2.018869486265027,-5.54
2026-07-25 12:45:00+02:00,-1.4801786121246243,-8.46
2026-07-25 13:00:00+02:00,0.12881561181414547,-7.99
2026-07-25 13:15:00+02:00,-3.024085265275751,-9.98
2026-07-25 13:30:00+02:00,-4.33104654206816,-10.44
2026-07-25 13:45:00+02:00,-1.4188551160526504,-11.38
2026-07-25 14:00:00+02:00,-3.451744424946873,-15.01
2026-07-25 14:15:00+02:00,-3.732208136167696,-14.31
2026-07-25 14:30:00+02:00,-1.592551905361273,-11.81
2026-07-25 14:45:00+02:00,-0.34916374653456517,-7.99
2026-07-25 15:00:00+02:00,-2.898946685389597,-6.47
2026-07-25 15:15:00+02:00,-3.2942187705142993,-3.72
2026-07-25 15:30:00+02:00,-2.9463609012169893,-2.01
2026-07-25 15:45:00+02:00,5.322270983486867,-1.21
2026-07-25 16:00:00+02:00,-2.8803583941798756,-1.06
2026-07-25 16:15:00+02:00,3.483865150211429,-0.12
2026-07-25 16:30:00+02:00,-0.10529266838153717,-0.09
2026-07-25 16:45:00+02:00,0.2264988340178462,-0.01
2026-07-25 17:00:00+02:00,4.744776299711944,-0.01
2026-07-25 17:15:00+02:00,36.28012174209501,0.0
2026-07-25 17:30:00+02:00,67.33039031196367,2.59
2026-07-25 17:45:00+02:00,107.49747139577626,42.42
2026-07-25 18:00:00+02:00,78.22818451887997,21.95
2026-07-25 18:15:00+02:00,104.78837565168716,99.1
2026-07-25 18:30:00+02:00,122.45855165425097,119.75
2026-07-25 18:45:00+02:00,132.67183000517701,139.98
2026-07-25 19:00:00+02:00,113.63151262386991,138.92
2026-07-25 19:15:00+02:00,128.1407152783127,150.0
2026-07-25 19:30:00+02:00,134.36058394981953,163.89
2026-07-25 19:45:00+02:00,148.0503348670494,176.87
2026-07-25 20:00:00+02:00,138.20553609599006,163.01
2026-07-25 20:15:00+02:00,148.29121412285062,172.99
2026-07-25 20:30:00+02:00,150.70638846171158,173.49
2026-07-25 20:45:00+02:00,153.64848654601664,171.75
2026-07-25 21:00:00+02:00,153.45528046593878,174.48
2026-07-25 21:15:00+02:00,151.83618168686394,171.54
2026-07-25 21:30:00+02:00,147.29217817468012,165.5
2026-07-25 21:45:00+02:00,153.86290857679572,164.78
2026-07-25 22:00:00+02:00,152.97575006611922,173.22
2026-07-25 22:15:00+02:00,155.43294165521473,165.16
2026-07-25 22:30:00+02:00,151.1495544573919,164.99
2026-07-25 22:45:00+02:00,150.7429637017469,158.56
2026-07-25 23:00:00+02:00,149.05471399493246,166.84
2026-07-25 23:15:00+02:00,147.42114070632633,160.33
2026-07-25 23:30:00+02:00,142.7651006107078,160.64
2026-07-25 23:45:00+02:00,139.3016818096544,152.19
2026-07-26 00:00:00+02:00,150.452548154333,148.59
2026-07-26 00:15:00+02:00,144.93886381237007,154.88
2026-07-26 00:30:00+02:00,139.69314578152668,154.92
2026-07-26 00:45:00+02:00,131.650734047523,153.73
2026-07-26 01:00:00+02:00,135.76243339729618,150.01
2026-07-26 01:15:00+02:00,135.28207576185346,148.82
2026-07-26 01:30:00+02:00,134.66222118675412,143.68
2026-07-26 01:45:00+02:00,131.24325984660675,143.31
2026-07-26 02:00:00+02:00,137.40455405350698,145.58
2026-07-26 02:15:00+02:00,134.3838507569055,147.15
2026-07-26 02:30:00+02:00,132.2513729620984,148.84
2026-07-26 02:45:00+02:00,130.14889259975928,150.53
2026-07-26 03:00:00+02:00,128.9031810528966,149.01
2026-07-26 03:15:00+02:00,123.76281023004132,156.83
2026-07-26 03:30:00+02:00,122.34653230238098,155.54
2026-07-26 03:45:00+02:00,119.68278161315698,152.99
2026-07-26 04:00:00+02:00,128.86110100388524,154.24
2026-07-26 04:15:00+02:00,127.18465488555479,146.32
2026-07-26 04:30:00+02:00,124.02909068597928,144.84
2026-07-26 04:45:00+02:00,125.2911018274457,142.92
2026-07-26 05:00:00+02:00,127.95536538384255,139.91
2026-07-26 05:15:00+02:00,123.9662473628092,139.83
2026-07-26 05:30:00+02:00,123.4319785685493,137.98
2026-07-26 05:45:00+02:00,115.40009904455536,134.25
2026-07-26 06:00:00+02:00,127.42914338327346,134.87
2026-07-26 06:15:00+02:00,116.9038248689462,127.87
2026-07-26 06:30:00+02:00,112.00625185797213,122.77
2026-07-26 06:45:00+02:00,105.64699079498922,113.94
2026-07-26 07:00:00+02:00,114.00038992550068,120.34
2026-07-26 07:15:00+02:00,107.88141407359251,114.25
2026-07-26 07:30:00+02:00,96.64524454050982,107.52
2026-07-26 07:45:00+02:00,75.73210839121396,98.6
2026-07-26 08:00:00+02:00,105.52328722751128,111.17
2026-07-26 08:15:00+02:00,75.09142113452268,102.28
2026-07-26 08:30:00+02:00,49.47783677867487,89.05
2026-07-26 08:45:00+02:00,50.937049041139105,72.54
2026-07-26 09:00:00+02:00,39.923141300826885,95.05
2026-07-26 09:15:00+02:00,14.536964569421244,71.77
2026-07-26 09:30:00+02:00,12.22787614156097,43.87
2026-07-26 09:45:00+02:00,6.967294567282849,10.04
2026-07-26 10:00:00+02:00,11.771374588362761,22.85
2026-07-26 10:15:00+02:00,5.129578246076974,5.64
2026-07-26 10:30:00+02:00,2.54760288406888,0.07
2026-07-26 10:45:00+02:00,1.312218841454687,0.0
2026-07-26 11:00:00+02:00,-1.5136178100343471,0.0
2026-07-26 11:15:00+02:00,-1.6729814863132475,0.0
2026-07-26 11:30:00+02:00,-0.1509979668676209,-0.01
2026-07-26 11:45:00+02:00,-0.48943730312980627,-0.01
2026-07-26 12:00:00+02:00,0.6226883727833972,-0.05
2026-07-26 12:15:00+02:00,0.16900269655984523,-0.06
2026-07-26 12:30:00+02:00,2.458471264253129,-0.08
2026-07-26 12:45:00+02:00,2.4120082941068235,-0.11
2026-07-26 13:00:00+02:00,1.6082656015190597,-0.12
2026-07-26 13:15:00+02:00,-0.45602712959280467,-0.12
2026-07-26 13:30:00+02:00,-1.6755620110338831,-0.12
2026-07-26 13:45:00+02:00,-2.086723643624232,-0.71
2026-07-26 14:00:00+02:00,-1.3976677727143745,-0.7
2026-07-26 14:15:00+02:00,-0.9885205753574736,-0.66
2026-07-26 14:30:00+02:00,-1.2798286518210604,-0.66
2026-07-26 14:45:00+02:00,-2.822891720827872,-0.66
2026-07-26 15:00:00+02:00,-3.00839016595197,-0.82
2026-07-26 15:15:00+02:00,-2.3225947295133933,-0.85
2026-07-26 15:30:00+02:00,-1.0470704569538452,-0.89
2026-07-26 15:45:00+02:00,2.0709617746914795,-0.88
2026-07-26 16:00:00+02:00,2.6250685004529046,-0.07
2026-07-26 16:15:00+02:00,9.950614700334032,-0.01
2026-07-26 16:30:00+02:00,7.211048669192536,0.0
2026-07-26 16:45:00+02:00,7.326919534934461,3.53
2026-07-26 17:00:00+02:00,13.968310957048061,5.25
2026-07-26 17:15:00+02:00,19.739403809964827,35.76
2026-07-26 17:30:00+02:00,22.713410075255,62.92
2026-07-26 17:45:00+02:00,46.731095229024575,103.36
2026-07-26 18:00:00+02:00,15.60920839274766,79.45
2026-07-26 18:15:00+02:00,55.54417658958412,110.7
2026-07-26 18:30:00+02:00,94.48695903013818,119.87
2026-07-26 18:45:00+02:00,130.70032031150677,126.98
2026-07-26 19:00:00+02:00,96.63298545127553,130.39
2026-07-26 19:15:00+02:00,121.30644282429839,138.36
2026-07-26 19:30:00+02:00,131.58794764002394,141.97
2026-07-26 19:45:00+02:00,150.40127282625969,146.44
2026-07-26 20:00:00+02:00,135.8656673041363,144.94
2026-07-26 20:15:00+02:00,145.35788442838887,152.74
2026-07-26 20:30:00+02:00,154.1757759641717,152.82
2026-07-26 20:45:00+02:00,150.47478911870832,156.23
2026-07-26 21:00:00+02:00,154.506171401961,156.05
2026-07-26 21:15:00+02:00,149.3286615565181,152.17
2026-07-26 21:30:00+02:00,151.19384685658372,148.6
2026-07-26 21:45:00+02:00,145.0567840074764,146.95
2026-07-26 22:00:00+02:00,159.85439017395385,154.96
2026-07-26 22:15:00+02:00,148.79291120306465,149.21
2026-07-26 22:30:00+02:00,146.527764449133,147.98
2026-07-26 22:45:00+02:00,140.40576599205872,139.84
2026-07-26 23:00:00+02:00,145.45469998692465,145.35
2026-07-26 23:15:00+02:00,136.96121327527933,138.09
2026-07-26 23:30:00+02:00,135.2432072769313,136.73
2026-07-26 23:45:00+02:00,131.02829475380548,127.01
2026-07-27 00:00:00+02:00,127.17751096270764,84.26
2026-07-27 00:15:00+02:00,123.4493071140822,88.77
2026-07-27 00:30:00+02:00,110.8629150088912,86.68
2026-07-27 00:45:00+02:00,106.4398364992015,84.46
2026-07-27 01:00:00+02:00,117.91233720749904,82.4
2026-07-27 01:15:00+02:00,108.10476947960045,75.45
2026-07-27 01:30:00+02:00,111.14276130216936,68.95
2026-07-27 01:45:00+02:00,106.93974127876945,55.83
2026-07-27 02:00:00+02:00,102.33433419259835,60.82
2026-07-27 02:15:00+02:00,99.6165298918656,50.8
2026-07-27 02:30:00+02:00,102.08301732855145,72.21
2026-07-27 02:45:00+02:00,95.3085413637213,62.97
2026-07-27 03:00:00+02:00,101.26763687249093,69.26
2026-07-27 03:15:00+02:00,96.33090693052269,60.42
2026-07-27 03:30:00+02:00,98.8267410203942,59.72
2026-07-27 03:45:00+02:00,96.28291607639865,61.15
2026-07-27 04:00:00+02:00,101.38516497507396,66.38
2026-07-27 04:15:00+02:00,96.14414739225953,66.52
2026-07-27 04:30:00+02:00,93.17477530556062,66.8
2026-07-27 04:45:00+02:00,92.53702611605927,85.0
2026-07-27 05:00:00+02:00,103.83413676549222,60.43
2026-07-27 05:15:00+02:00,94.79623520142519,86.66
2026-07-27 05:30:00+02:00,92.06872260697236,100.99
2026-07-27 05:45:00+02:00,89.05209076292053,116.0
2026-07-27 06:00:00+02:00,110.30172561383313,102.69
2026-07-27 06:15:00+02:00,100.34791750607077,116.63
2026-07-27 06:30:00+02:00,101.1559470696174,121.24
2026-07-27 06:45:00+02:00,92.71573647688058,129.67
2026-07-27 07:00:00+02:00,113.75465067645824,133.85
2026-07-27 07:15:00+02:00,105.46842830918344,132.87
2026-07-27 07:30:00+02:00,94.65396621783316,125.74
2026-07-27 07:45:00+02:00,80.97311153731106,123.44
2026-07-27 08:00:00+02:00,109.70724384210892,141.48
2026-07-27 08:15:00+02:00,102.07854436635799,130.69
2026-07-27 08:30:00+02:00,79.27485478625665,111.85
2026-07-27 08:45:00+02:00,70.40953101457231,91.88
2026-07-27 09:00:00+02:00,88.97112809813262,107.83
2026-07-27 09:15:00+02:00,62.056742580031795,87.45
2026-07-27 09:30:00+02:00,41.11417019878208,72.2
2026-07-27 09:45:00+02:00,22.58648586908889,32.26
2026-07-27 10:00:00+02:00,38.052041235848456,55.3
2026-07-27 10:15:00+02:00,21.38280448244155,19.75
2026-07-27 10:30:00+02:00,15.124511424139492,15.16
2026-07-27 10:45:00+02:00,6.323951282888409,4.94
2026-07-27 11:00:00+02:00,11.32678411449863,3.45
2026-07-27 11:15:00+02:00,7.901537246605514,0.45
2026-07-27 11:30:00+02:00,14.948020510962795,0.02
2026-07-27 11:45:00+02:00,9.877280513292643,0.0
2026-07-27 12:00:00+02:00,4.99132507987315,0.0
2026-07-27 12:15:00+02:00,4.266350509298723,-0.01
2026-07-27 12:30:00+02:00,8.461105026935488,-0.01
2026-07-27 12:45:00+02:00,7.538669876786177,-0.02
2026-07-27 13:00:00+02:00,7.042497180635591,-0.01
2026-07-27 13:15:00+02:00,5.184366131293119,-0.03
2026-07-27 13:30:00+02:00,2.387469273174016,-0.07
2026-07-27 13:45:00+02:00,2.968967459271636,-0.48
2026-07-27 14:00:00+02:00,3.529341619594221,-0.87
2026-07-27 14:15:00+02:00,2.9845502506426604,-1.0
2026-07-27 14:30:00+02:00,1.6237154509112361,-0.7
2026-07-27 14:45:00+02:00,0.9574843311867345,-0.25
2026-07-27 15:00:00+02:00,0.6456491576085619,-0.12
2026-07-27 15:15:00+02:00,0.27190374136840845,-0.09
2026-07-27 15:30:00+02:00,-1.4614595016577727,-0.05
2026-07-27 15:45:00+02:00,-3.296141944115611,-0.06
2026-07-27 16:00:00+02:00,-1.9124627610634821,-0.04
2026-07-27 16:15:00+02:00,-0.17956665947379236,-0.01
2026-07-27 16:30:00+02:00,5.718551857347883,-0.01
2026-07-27 16:45:00+02:00,6.394997007554878,0.01
2026-07-27 17:00:00+02:00,4.315381984652092,0.01
2026-07-27 17:15:00+02:00,18.54748392459274,2.88
2026-07-27 17:30:00+02:00,35.55391588518154,10.1
2026-07-27 17:45:00+02:00,82.70289821335349,44.62
2026-07-27 18:00:00+02:00,34.38233154217602,50.37
2026-07-27 18:15:00+02:00,78.29649659905112,91.19
2026-07-27 18:30:00+02:00,117.70278002784669,113.61
2026-07-27 18:45:00+02:00,140.91364683411837,133.99
2026-07-27 19:00:00+02:00,109.59582641464641,120.01
2026-07-27 19:15:00+02:00,127.02780197991713,147.93
2026-07-27 19:30:00+02:00,146.2048467645481,154.58
2026-07-27 19:45:00+02:00,161.25981951266138,174.0
2026-07-27 20:00:00+02:00,140.6665545432806,155.6
2026-07-27 20:15:00+02:00,153.38977119037466,172.2
2026-07-27 20:30:00+02:00,151.78342425374913,180.04
2026-07-27 20:45:00+02:00,160.73196087244983,187.05
2026-07-27 21:00:00+02:00,151.18957813701238,183.1
2026-07-27 21:15:00+02:00,150.40306966915378,181.08
2026-07-27 21:30:00+02:00,162.04883598890112,178.93
2026-07-27 21:45:00+02:00,163.01757994787562,172.87
2026-07-27 22:00:00+02:00,172.49498464661363,180.23
2026-07-27 22:15:00+02:00,162.4585075297412,173.14
2026-07-27 22:30:00+02:00,159.48120700277326,174.5
2026-07-27 22:45:00+02:00,153.6333983606555,156.56
2026-07-27 23:00:00+02:00,159.2531455478342,161.31
2026-07-27 23:15:00+02:00,148.06429087449686,161.03
2026-07-27 23:30:00+02:00,144.27948035107855,160.83
2026-07-27 23:45:00+02:00,139.55619611442032,148.78
2026-07-28 00:00:00+02:00,156.1503052596306,178.01
2026-07-28 00:15:00+02:00,149.82413204190865,169.91
2026-07-28 00:30:00+02:00,141.91576254781467,152.34
2026-07-28 00:45:00+02:00,137.2934309904381,143.75
2026-07-28 01:00:00+02:00,143.33044413617606,154.96
2026-07-28 01:15:00+02:00,139.4412829043328,149.56
2026-07-28 01:30:00+02:00,137.49290433286595,145.28
2026-07-28 01:45:00+02:00,135.17632281762607,143.43
2026-07-28 02:00:00+02:00,139.23437039727133,147.09
2026-07-28 02:15:00+02:00,137.09028663921137,141.52
2026-07-28 02:30:00+02:00,137.5660593312023,138.91
2026-07-28 02:45:00+02:00,134.0886399949192,137.8
2026-07-28 03:00:00+02:00,135.93402287752866,136.5
2026-07-28 03:15:00+02:00,134.4904314295623,136.25
2026-07-28 03:30:00+02:00,136.85752492306304,135.16
2026-07-28 03:45:00+02:00,137.01764235202978,135.57
2026-07-28 04:00:00+02:00,131.2822747714787,133.25
2026-07-28 04:15:00+02:00,132.47652427105055,135.87
2026-07-28 04:30:00+02:00,136.36192314200608,141.35
2026-07-28 04:45:00+02:00,137.7331800930547,149.27
2026-07-28 05:00:00+02:00,136.7316675590863,140.53
2026-07-28 05:15:00+02:00,139.84392905592227,143.75
2026-07-28 05:30:00+02:00,139.98330960025322,154.19
2026-07-28 05:45:00+02:00,147.92553168215466,160.5
2026-07-28 06:00:00+02:00,150.84618491825486,165.45
2026-07-28 06:15:00+02:00,160.97642901805847,174.29
2026-07-28 06:30:00+02:00,153.26457132566915,170.33
2026-07-28 06:45:00+02:00,153.4196698297334,160.15
2026-07-28 07:00:00+02:00,159.0689110769819,177.04
2026-07-28 07:15:00+02:00,154.5263323920416,167.39
2026-07-28 07:30:00+02:00,147.1609055118546,156.72
2026-07-28 07:45:00+02:00,125.18135971330038,147.95
2026-07-28 08:00:00+02:00,161.7649205994382,165.67
2026-07-28 08:15:00+02:00,140.07443410409726,152.28
2026-07-28 08:30:00+02:00,129.6502454868547,143.43
2026-07-28 08:45:00+02:00,115.16176296382214,115.26
2026-07-28 09:00:00+02:00,145.91953082716716,160.11
2026-07-28 09:15:00+02:00,112.82563270871606,115.62
2026-07-28 09:30:00+02:00,105.73431078366141,94.8
2026-07-28 09:45:00+02:00,98.04696139961004,65.56
2026-07-28 10:00:00+02:00,108.2965566186952,85.32
2026-07-28 10:15:00+02:00,99.58259822226626,41.74
2026-07-28 10:30:00+02:00,84.88265486820215,15.06
2026-07-28 10:45:00+02:00,68.57188200273461,4.95
2026-07-28 11:00:00+02:00,71.02194221702585,7.61
2026-07-28 11:15:00+02:00,63.60716747653798,4.45
2026-07-28 11:30:00+02:00,50.37037496334751,1.66
2026-07-28 11:45:00+02:00,34.03912528877342,0.0
2026-07-28 12:00:00+02:00,36.67352628866044,0.0
2026-07-28 12:15:00+02:00,26.788013999876945,-0.01
2026-07-28 12:30:00+02:00,22.49306480051949,-0.01
2026-07-28 12:45:00+02:00,17.288537304911635,-0.03
2026-07-28 13:00:00+02:00,21.052471869041764,-0.01
2026-07-28 13:15:00+02:00,18.858001249968893,-0.05
2026-07-28 13:30:00+02:00,18.449372851548112,-0.1
2026-07-28 13:45:00+02:00,14.329722897225624,-0.19
2026-07-28 14:00:00+02:00,11.833959429820137,-0.09
2026-07-28 14:15:00+02:00,14.862143402913928,-0.03
2026-07-28 14:30:00+02:00,15.98372206042189,0.0
2026-07-28 14:45:00+02:00,14.51001115903881,0.0
2026-07-28 15:00:00+02:00,6.344316496028447,0.0
2026-07-28 15:15:00+02:00,13.853256536993618,0.91
2026-07-28 15:30:00+02:00,21.56241802623058,2.66
2026-07-28 15:45:00+02:00,37.77751845540115,10.04
2026-07-28 16:00:00+02:00,26.795329912787146,4.26
2026-07-28 16:15:00+02:00,53.011757769688145,15.48
2026-07-28 16:30:00+02:00,82.367700111466,61.68
2026-07-28 16:45:00+02:00,93.15236013911957,97.54
2026-07-28 17:00:00+02:00,77.27392389943427,60.03
2026-07-28 17:15:00+02:00,99.8324114394578,101.86
2026-07-28 17:30:00+02:00,119.38037490708312,120.25
2026-07-28 17:45:00+02:00,141.1069188864223,148.37
2026-07-28 18:00:00+02:00,98.88085348165797,125.01
2026-07-28 18:15:00+02:00,128.77759436319508,156.96
2026-07-28 18:30:00+02:00,145.08738630099452,167.25
2026-07-28 18:45:00+02:00,157.8018474395659,178.67
2026-07-28 19:00:00+02:00,149.25255530779842,174.9
2026-07-28 19:15:00+02:00,166.65020855470092,187.15
2026-07-28 19:30:00+02:00,191.4944666567713,202.71
2026-07-28 19:45:00+02:00,228.50732382168152,230.67
2026-07-28 20:00:00+02:00,218.06402083032935,200.87
2026-07-28 20:15:00+02:00,225.70323963207952,208.01
2026-07-28 20:30:00+02:00,222.2521612284056,219.85
2026-07-28 20:45:00+02:00,219.2389009471392,238.29
2026-07-28 21:00:00+02:00,237.10779597229546,219.99
2026-07-28 21:15:00+02:00,218.2805297680194,213.91
2026-07-28 21:30:00+02:00,184.63140394552016,205.71
2026-07-28 21:45:00+02:00,189.6491047250387,200.1
2026-07-28 22:00:00+02:00,194.58918509223236,210.79
2026-07-28 22:15:00+02:00,175.46089506375841,197.06
2026-07-28 22:30:00+02:00,176.48097471566214,187.55
2026-07-28 22:45:00+02:00,169.58346256361287,180.43
2026-07-28 23:00:00+02:00,171.9829448185194,188.33
2026-07-28 23:15:00+02:00,165.69123442988794,173.99
2026-07-28 23:30:00+02:00,162.80048770528438,165.95
2026-07-28 23:45:00+02:00,155.11918093583074,160.78
2026-07-29 00:00:00+02:00,167.72921618293987,170.39
2026-07-29 00:15:00+02:00,162.2971777260922,158.08
2026-07-29 00:30:00+02:00,156.82894820198257,154.26
2026-07-29 00:45:00+02:00,152.37441946535841,144.3
2026-07-29 01:00:00+02:00,159.44290971411152,155.48
2026-07-29 01:15:00+02:00,153.2539076143649,150.5
2026-07-29 01:30:00+02:00,151.78647445150665,146.95
2026-07-29 01:45:00+02:00,147.57534565917,140.87
2026-07-29 02:00:00+02:00,150.77701916154217,140.9
2026-07-29 02:15:00+02:00,148.62349225650618,138.32
2026-07-29 02:30:00+02:00,146.13239120360305,135.71
2026-07-29 02:45:00+02:00,144.24671286477175,133.9
2026-07-29 03:00:00+02:00,148.856395183786,135.01
2026-07-29 03:15:00+02:00,142.48885455221662,135.15
2026-07-29 03:30:00+02:00,139.84830361065127,135.03
2026-07-29 03:45:00+02:00,139.18386021213047,134.82
2026-07-29 04:00:00+02:00,139.4558392660399,134.22
2026-07-29 04:15:00+02:00,138.0702548323926,138.11
2026-07-29 04:30:00+02:00,142.96029000125023,141.35
2026-07-29 04:45:00+02:00,147.40657505012902,147.63
2026-07-29 05:00:00+02:00,142.96578355774784,137.93
2026-07-29 05:15:00+02:00,146.65525733562527,142.48
2026-07-29 05:30:00+02:00,152.43419925603428,151.3
2026-07-29 05:45:00+02:00,151.90931894897392,162.33
2026-07-29 06:00:00+02:00,160.34779288125114,160.56
2026-07-29 06:15:00+02:00,169.18584048543437,171.28
2026-07-29 06:30:00+02:00,162.66914419262613,171.75
2026-07-29 06:45:00+02:00,151.3078874674861,170.7
2026-07-29 07:00:00+02:00,167.44843997920785,172.87
2026-07-29 07:15:00+02:00,159.07103709588893,170.7
2026-07-29 07:30:00+02:00,149.59677388696875,158.97
2026-07-29 07:45:00+02:00,135.64090850613044,141.84
2026-07-29 08:00:00+02:00,165.1192318273262,166.9
2026-07-29 08:15:00+02:00,151.1221182978833,151.19
2026-07-29 08:30:00+02:00,137.57284287186977,143.42
2026-07-29 08:45:00+02:00,118.30493522168697,123.18
2026-07-29 09:00:00+02:00,154.71388521337627,153.33
2026-07-29 09:15:00+02:00,121.445661524282,124.78
2026-07-29 09:30:00+02:00,105.90794521545676,109.69
2026-07-29 09:45:00+02:00,88.34515931795539,100.64
2026-07-29 10:00:00+02:00,105.67153346896143,109.94
2026-07-29 10:15:00+02:00,94.8053446507552,101.6
2026-07-29 10:30:00+02:00,82.05633248860494,79.51
2026-07-29 10:45:00+02:00,71.73738468396472,50.1
2026-07-29 11:00:00+02:00,84.24783099534046,62.23
2026-07-29 11:15:00+02:00,70.23657250981154,32.8
2026-07-29 11:30:00+02:00,60.923816381459616,12.68
2026-07-29 11:45:00+02:00,47.821786616153105,8.43
2026-07-29 12:00:00+02:00,52.786218437081615,5.02
2026-07-29 12:15:00+02:00,44.623264356778655,0.0
2026-07-29 12:30:00+02:00,34.172350880068564,-0.01
2026-07-29 12:45:00+02:00,24.333962650148784,-0.06
2026-07-29 13:00:00+02:00,32.57485859080259,-0.01
2026-07-29 13:15:00+02:00,30.686536441750818,-0.01
2026-07-29 13:30:00+02:00,24.376408784342505,-0.05
2026-07-29 13:45:00+02:00,18.218841559771207,-0.1
2026-07-29 14:00:00+02:00,27.3809821711071,-0.04
2026-07-29 14:15:00+02:00,22.57119082481868,-0.04
2026-07-29 14:30:00+02:00,34.15520815272753,-0.01
2026-07-29 14:45:00+02:00,35.13563246631577,0.0
2026-07-29 15:00:00+02:00,24.471819954820436,0.0
2026-07-29 15:15:00+02:00,26.911876325001973,0.74
2026-07-29 15:30:00+02:00,41.05636809104038,6.01
2026-07-29 15:45:00+02:00,64.49993026957046,22.75
2026-07-29 16:00:00+02:00,47.28390345432442,24.99
2026-07-29 16:15:00+02:00,71.76945367656168,73.59
2026-07-29 16:30:00+02:00,89.42596035304267,97.26
2026-07-29 16:45:00+02:00,111.21509513688213,109.56
2026-07-29 17:00:00+02:00,90.19923685810326,100.3
2026-07-29 17:15:00+02:00,102.54828414981223,115.38
2026-07-29 17:30:00+02:00,119.68046806690467,134.72
2026-07-29 17:45:00+02:00,138.65591094538445,150.97
2026-07-29 18:00:00+02:00,107.06117976544363,127.72
2026-07-29 18:15:00+02:00,137.78508063199374,148.84
2026-07-29 18:30:00+02:00,150.95197902265133,170.2
2026-07-29 18:45:00+02:00,173.81465736646226,202.5
2026-07-29 19:00:00+02:00,170.27242583739434,172.69
2026-07-29 19:15:00+02:00,196.42825826994167,204.82
2026-07-29 19:30:00+02:00,207.15319199080125,247.71
2026-07-29 19:45:00+02:00,269.6574903858971,352.36
2026-07-29 20:00:00+02:00,216.66589724124282,251.36
2026-07-29 20:15:00+02:00,246.12025951136673,265.97
2026-07-29 20:30:00+02:00,261.38785518182453,275.9
2026-07-29 20:45:00+02:00,270.3702786417248,261.36
2026-07-29 21:00:00+02:00,271.4206644543186,254.43
2026-07-29 21:15:00+02:00,235.49336689560772,225.09
2026-07-29 21:30:00+02:00,210.2253987041088,217.3
2026-07-29 21:45:00+02:00,200.37369306593098,202.0
2026-07-29 22:00:00+02:00,219.008913440261,206.99
2026-07-29 22:15:00+02:00,200.09348646415228,198.3
2026-07-29 22:30:00+02:00,189.45403490543032,190.39
2026-07-29 22:45:00+02:00,180.40336081933032,176.02
2026-07-29 23:00:00+02:00,184.54374866465224,179.05
2026-07-29 23:15:00+02:00,180.67979444289875,173.72
2026-07-29 23:30:00+02:00,164.75050595740396,170.38
2026-07-29 23:45:00+02:00,157.55969883770734,146.1
2026-07-30 00:00:00+02:00,175.94352052167446,162.16
2026-07-30 00:15:00+02:00,162.80117460050465,152.0
2026-07-30 00:30:00+02:00,159.22618865227574,142.66
2026-07-30 00:45:00+02:00,150.08152122537743,142.2
2026-07-30 01:00:00+02:00,160.50402613736168,144.05
2026-07-30 01:15:00+02:00,150.99939547082093,141.88
2026-07-30 01:30:00+02:00,147.97756747401948,145.61
2026-07-30 01:45:00+02:00,141.28702336440304,138.0
2026-07-30 02:00:00+02:00,142.5805173908176,143.0
2026-07-30 02:15:00+02:00,140.24005458052153,142.63
2026-07-30 02:30:00+02:00,139.92368411538558,137.99
2026-07-30 02:45:00+02:00,135.30265753865677,136.37
2026-07-30 03:00:00+02:00,138.2021492375052,135.94
2026-07-30 03:15:00+02:00,133.81375264476299,135.0
2026-07-30 03:30:00+02:00,132.44929081499026,134.66
2026-07-30 03:45:00+02:00,130.10163192042788,136.52
2026-07-30 04:00:00+02:00,135.27826496802405,132.03
2026-07-30 04:15:00+02:00,134.65246692152658,132.36
2026-07-30 04:30:00+02:00,137.65774364807706,132.96
2026-07-30 04:45:00+02:00,141.29836812884216,133.54
2026-07-30 05:00:00+02:00,132.97001923355361,133.51
2026-07-30 05:15:00+02:00,137.29836148332615,133.85
2026-07-30 05:30:00+02:00,149.39013745970192,139.53
2026-07-30 05:45:00+02:00,154.90976697603082,143.54
2026-07-30 06:00:00+02:00,161.84296838669886,143.34
2026-07-30 06:15:00+02:00,158.0778095081662,151.75
2026-07-30 06:30:00+02:00,161.50357659026662,150.6
2026-07-30 06:45:00+02:00,162.44509812223782,148.15
2026-07-30 07:00:00+02:00,169.65638410662137,166.47
2026-07-30 07:15:00+02:00,174.76412489413056,153.95
2026-07-30 07:30:00+02:00,159.20156928710077,142.6
2026-07-30 07:45:00+02:00,145.62111518413744,127.96
2026-07-30 08:00:00+02:00,167.6795478164457,163.38
2026-07-30 08:15:00+02:00,147.65276335853017,146.05
2026-07-30 08:30:00+02:00,132.16376141101702,131.04
2026-07-30 08:45:00+02:00,106.6858116161555,115.71
2026-07-30 09:00:00+02:00,134.9051657846932,139.67
2026-07-30 09:15:00+02:00,104.73247135624663,122.81
2026-07-30 09:30:00+02:00,70.99577525650665,110.54
2026-07-30 09:45:00+02:00,57.075286938982146,99.44
2026-07-30 10:00:00+02:00,61.31176692250868,109.01
2026-07-30 10:15:00+02:00,57.114123355431886,94.27
2026-07-30 10:30:00+02:00,59.541428064026725,80.88
2026-07-30 10:45:00+02:00,33.01254277728839,55.84
2026-07-30 11:00:00+02:00,45.51970748158959,70.3
2026-07-30 11:15:00+02:00,30.42774224218673,35.96
2026-07-30 11:30:00+02:00,15.756177702892794,19.81
2026-07-30 11:45:00+02:00,10.0041877682945,12.33
2026-07-30 12:00:00+02:00,15.200624728773558,8.97
2026-07-30 12:15:00+02:00,7.153333841463258,8.0
2026-07-30 12:30:00+02:00,5.8852740436215045,4.5
2026-07-30 12:45:00+02:00,3.370219391585155,3.94
2026-07-30 13:00:00+02:00,4.573473011858434,4.56
2026-07-30 13:15:00+02:00,1.5639018944092755,2.31
2026-07-30 13:30:00+02:00,1.3179092892575317,1.38
2026-07-30 13:45:00+02:00,2.2758564794846707,2.43
2026-07-30 14:00:00+02:00,3.5553024399063236,4.18
2026-07-30 14:15:00+02:00,3.6123925677675155,6.19
2026-07-30 14:30:00+02:00,3.3813990749254854,16.36
2026-07-30 14:45:00+02:00,0.6517194186997745,32.96
2026-07-30 15:00:00+02:00,0.8334819707694529,40.04
2026-07-30 15:15:00+02:00,-0.04295098448927703,57.45
2026-07-30 15:30:00+02:00,1.892232010166902,69.11
2026-07-30 15:45:00+02:00,5.771601229035538,83.13
2026-07-30 16:00:00+02:00,4.630248328076458,73.54
2026-07-30 16:15:00+02:00,15.23709676847795,87.66
2026-07-30 16:30:00+02:00,32.226114872365685,106.5
2026-07-30 16:45:00+02:00,72.11635004732113,124.91
2026-07-30 17:00:00+02:00,38.70892647270087,105.84
2026-07-30 17:15:00+02:00,100.63278941059978,115.01
2026-07-30 17:30:00+02:00,115.208408803933,131.76
2026-07-30 17:45:00+02:00,114.72256886302961,154.6
2026-07-30 18:00:00+02:00,104.54175067078702,130.34
2026-07-30 18:15:00+02:00,116.8175895318694,145.71
2026-07-30 18:30:00+02:00,149.11015547963893,160.56
2026-07-30 18:45:00+02:00,169.2911016358352,160.5
2026-07-30 19:00:00+02:00,141.9704322882291,149.9
2026-07-30 19:15:00+02:00,169.7288245941188,172.61
2026-07-30 19:30:00+02:00,178.32464361752915,181.2
2026-07-30 19:45:00+02:00,192.39207314548864,191.37
2026-07-30 20:00:00+02:00,179.8629653040231,183.7
2026-07-30 20:15:00+02:00,190.8195386390885,188.39
2026-07-30 20:30:00+02:00,194.43573935903208,199.44
2026-07-30 20:45:00+02:00,211.65332821690566,221.71
2026-07-30 21:00:00+02:00,196.8106391144997,218.14
2026-07-30 21:15:00+02:00,192.56883292346572,212.28
2026-07-30 21:30:00+02:00,188.92456174304647,203.9
2026-07-30 21:45:00+02:00,189.9587354306916,193.8
2026-07-30 22:00:00+02:00,189.68804475470827,201.3
2026-07-30 22:15:00+02:00,176.96646979739532,194.09
2026-07-30 22:30:00+02:00,178.28446944422748,187.25
2026-07-30 22:45:00+02:00,174.5333903760545,178.55
2026-07-30 23:00:00+02:00,171.18079037369637,181.29
2026-07-30 23:15:00+02:00,169.25293658568899,172.65
2026-07-30 23:30:00+02:00,166.09199517189165,169.78
2026-07-30 23:45:00+02:00,158.27203099287067,159.6
2026-07-31 00:00:00+02:00,167.78157484436022,177.28
2026-07-31 00:15:00+02:00,159.9263492876048,170.09
2026-07-31 00:30:00+02:00,157.15142293688214,164.6
2026-07-31 00:45:00+02:00,151.7651582755511,160.87
2026-07-31 01:00:00+02:00,156.18505493818208,172.99
2026-07-31 01:15:00+02:00,153.3816154442994,167.17
2026-07-31 01:30:00+02:00,152.70993432907107,157.61
2026-07-31 01:45:00+02:00,149.47425529793847,154.04
2026-07-31 02:00:00+02:00,152.83405707962453,157.15
2026-07-31 02:15:00+02:00,149.30195747056365,154.5
2026-07-31 02:30:00+02:00,146.26917909062203,154.05
2026-07-31 02:45:00+02:00,143.58952568153433,154.94
2026-07-31 03:00:00+02:00,147.3085541849723,153.96
2026-07-31 03:15:00+02:00,143.2364347137209,154.65
2026-07-31 03:30:00+02:00,140.96317217968195,154.01
2026-07-31 03:45:00+02:00,139.7052763344691,154.07
2026-07-31 04:00:00+02:00,140.73234924484905,154.91
2026-07-31 04:15:00+02:00,142.80964859392114,152.67
2026-07-31 04:30:00+02:00,144.413729162541,156.78
2026-07-31 04:45:00+02:00,147.94301783401957,165.0
2026-07-31 05:00:00+02:00,142.6082926805145,154.3
2026-07-31 05:15:00+02:00,147.72676379355858,159.22
2026-07-31 05:30:00+02:00,155.65508071078946,173.89
2026-07-31 05:45:00+02:00,155.1280049278798,174.64
2026-07-31 06:00:00+02:00,166.24581372644403,172.04
2026-07-31 06:15:00+02:00,175.88924810679447,182.29
2026-07-31 06:30:00+02:00,172.3115607555804,183.6
2026-07-31 06:45:00+02:00,163.74538736816615,178.42
2026-07-31 07:00:00+02:00,178.1376790258647,187.3
2026-07-31 07:15:00+02:00,171.17943825919895,180.0
2026-07-31 07:30:00+02:00,162.43691165239096,172.61
2026-07-31 07:45:00+02:00,147.62603548430616,150.2
2026-07-31 08:00:00+02:00,170.87401613120377,182.6
2026-07-31 08:15:00+02:00,155.91393103772577,170.72
2026-07-31 08:30:00+02:00,144.2306483699757,153.29
2026-07-31 08:45:00+02:00,125.47399249305907,129.7
2026-07-31 09:00:00+02:00,154.17126393744843,159.97
2026-07-31 09:15:00+02:00,129.5875746653318,144.3
2026-07-31 09:30:00+02:00,118.24767809264745,129.15
2026-07-31 09:45:00+02:00,110.56894997838063,124.13
2026-07-31 10:00:00+02:00,117.54979084777736,135.42
2026-07-31 10:15:00+02:00,108.05281510339756,128.59
2026-07-31 10:30:00+02:00,102.16065076098874,112.6
2026-07-31 10:45:00+02:00,92.49625712719158,101.81
2026-07-31 11:00:00+02:00,103.50757521011684,113.8
2026-07-31 11:15:00+02:00,89.13228176341329,99.94
2026-07-31 11:30:00+02:00,77.80209140013136,98.75
2026-07-31 11:45:00+02:00,79.96323425340913,92.19
2026-07-31 12:00:00+02:00,86.10223263887423,97.71
2026-07-31 12:15:00+02:00,73.59927963134945,95.74
2026-07-31 12:30:00+02:00,80.95805489296191,96.03
2026-07-31 12:45:00+02:00,76.91497669233814,86.99
2026-07-31 13:00:00+02:00,83.69390073421765,85.01
2026-07-31 13:15:00+02:00,79.09410528756128,84.46
2026-07-31 13:30:00+02:00,69.7527525658909,82.25
2026-07-31 13:45:00+02:00,71.43629118992175,81.35
2026-07-31 14:00:00+02:00,75.1200915861964,80.4
2026-07-31 14:15:00+02:00,64.38201142596253,81.99
2026-07-31 14:30:00+02:00,73.89459590430894,87.81
2026-07-31 14:45:00+02:00,75.1986321548937,94.94
2026-07-31 15:00:00+02:00,80.21398120360631,90.11
2026-07-31 15:15:00+02:00,77.78519325585707,98.77
2026-07-31 15:30:00+02:00,75.67286535451083,104.72
2026-07-31 15:45:00+02:00,102.90915717593556,118.94
2026-07-31 16:00:00+02:00,92.0457562668817,110.0
2026-07-31 16:15:00+02:00,112.33259062219253,113.67
2026-07-31 16:30:00+02:00,112.18724148202494,123.8
2026-07-31 16:45:00+02:00,123.42420016736902,135.99
2026-07-31 17:00:00+02:00,107.91188646020973,123.97
2026-07-31 17:15:00+02:00,119.28640766053148,135.07
2026-07-31 17:30:00+02:00,136.52681049934654,164.01
2026-07-31 17:45:00+02:00,156.0751146490693,166.92
2026-07-31 18:00:00+02:00,135.92062916937414,140.45
2026-07-31 18:15:00+02:00,154.75813438480134,160.29
2026-07-31 18:30:00+02:00,165.00713520542445,168.14
2026-07-31 18:45:00+02:00,193.78193341689044,180.35
2026-07-31 19:00:00+02:00,184.79121564822964,165.01
2026-07-31 19:15:00+02:00,210.13157711534183,177.8
2026-07-31 19:30:00+02:00,230.21099243487208,192.93
2026-07-31 19:45:00+02:00,255.22367067546423,203.8
2026-07-31 20:00:00+02:00,242.88327372872504,184.96
2026-07-31 20:15:00+02:00,245.9612614572253,190.66
2026-07-31 20:30:00+02:00,258.79387470602046,196.27
2026-07-31 20:45:00+02:00,281.89197083756375,199.07
2026-07-31 21:00:00+02:00,265.4073289902273,192.09
2026-07-31 21:15:00+02:00,258.5390776230964,193.75
2026-07-31 21:30:00+02:00,243.06967535599895,197.33
2026-07-31 21:45:00+02:00,236.0844526850007,199.39
2026-07-31 22:00:00+02:00,251.92000696282662,204.05
2026-07-31 22:15:00+02:00,219.6187304836538,201.34
2026-07-31 22:30:00+02:00,210.1453443552699,184.12
2026-07-31 22:45:00+02:00,192.32551651165994,175.01
2026-07-31 23:00:00+02:00,200.13544945590775,178.22
2026-07-31 23:15:00+02:00,181.97696643563387,169.88
2026-07-31 23:30:00+02:00,175.85184986801275,167.36
2026-07-31 23:45:00+02:00,164.19239568879587,165.13
