timestamp,Load_Model_MW,Load_Actual_MW
2026-02-01 00:00:00+01:00,53185.928112514375,52361.73642
2026-02-01 00:15:00+01:00,52310.15580304409,51551.42418
2026-02-01 00:30:00+01:00,51504.55506603538,50973.85818
2026-02-01 00:45:00+01:00,51465.278790096134,50494.94134
2026-02-01 01:00:00+01:00,51404.31640592868,49788.87341
2026-02-01 01:15:00+01:00,51193.18880198362,49225.23758
2026-02-01 01:30:00+01:00,50704.05120783921,49097.7761
2026-02-01 01:45:00+01:00,50487.43400777297,48870.0529
2026-02-01 02:00:00+01:00,50370.36687875076,48635.14116
2026-02-01 02:15:00+01:00,50253.59070480214,48254.35076
2026-02-01 02:30:00+01:00,50128.68685703219,48264.22011
2026-02-01 02:45:00+01:00,50074.32057250462,48334.85814
2026-02-01 03:00:00+01:00,49996.21364120014,48143.41936
2026-02-01 03:15:00+01:00,49996.21364120014,47915.55758
2026-02-01 03:30:00+01:00,50057.2805304971,47716.86578
2026-02-01 03:45:00+01:00,50076.83273159462,47831.82631
2026-02-01 04:00:00+01:00,49728.18645082141,47935.36672
2026-02-01 04:15:00+01:00,49728.18645082141,47909.90658
2026-02-01 04:30:00+01:00,49743.02746645282,48019.6989
2026-02-01 04:45:00+01:00,49668.47789200186,47908.62212
2026-02-01 05:00:00+01:00,49823.44264809862,48260.62
2026-02-01 05:15:00+01:00,49739.92055601908,48216.50851
2026-02-01 05:30:00+01:00,49902.14244666191,48029.73732
2026-02-01 05:45:00+01:00,49945.06978716834,48013.1979
2026-02-01 06:00:00+01:00,50119.86219287047,48669.17773
2026-02-01 06:15:00+01:00,50153.09448431462,48797.08478
2026-02-01 06:30:00+01:00,50292.26190674745,48801.2625
2026-02-01 06:45:00+01:00,50583.15420028444,49099.24434
2026-02-01 07:00:00+01:00,50945.137580012975,49741.96971
2026-02-01 07:15:00+01:00,51691.993003952906,50113.15176
2026-02-01 07:30:00+01:00,52342.49988315101,51092.34751
2026-02-01 07:45:00+01:00,52795.04426525399,51912.94046
2026-02-01 08:00:00+01:00,55269.84643350038,53212.7742
2026-02-01 08:15:00+01:00,57051.24417190832,53933.64893
2026-02-01 08:30:00+01:00,56852.190827109924,54714.04224
2026-02-01 08:45:00+01:00,57156.52665954998,55689.28739
2026-02-01 09:00:00+01:00,58017.226424910405,56706.35446
2026-02-01 09:15:00+01:00,58320.51034149453,57438.21301
2026-02-01 09:30:00+01:00,58516.65133675802,58084.98234
2026-02-01 09:45:00+01:00,59471.10889554573,58766.63758
2026-02-01 10:00:00+01:00,59975.61210125043,59572.87173
2026-02-01 10:15:00+01:00,60568.69666522449,59889.44592
2026-02-01 10:30:00+01:00,60933.48595724001,60360.0618
2026-02-01 10:45:00+01:00,61299.412903192715,60999.94668
2026-02-01 11:00:00+01:00,61409.63695379442,61043.62803
2026-02-01 11:15:00+01:00,61553.8792328035,61667.03077
2026-02-01 11:30:00+01:00,62010.58446051171,61799.33977
2026-02-01 11:45:00+01:00,62010.58446051171,61829.88245
2026-02-01 12:00:00+01:00,61444.14782263506,61779.99805
2026-02-01 12:15:00+01:00,61352.47662147738,61691.56238
2026-02-01 12:30:00+01:00,61218.68315067299,61263.75106
2026-02-01 12:45:00+01:00,61043.702522888154,60815.13958
2026-02-01 13:00:00+01:00,60842.60762554465,60488.89562
2026-02-01 13:15:00+01:00,60454.39241531325,60053.24287
2026-02-01 13:30:00+01:00,59985.09602851801,59764.75511
2026-02-01 13:45:00+01:00,59634.961617769455,59293.3148
2026-02-01 14:00:00+01:00,59559.4090978724,59168.87033
2026-02-01 14:15:00+01:00,59416.11475681826,58888.36826
2026-02-01 14:30:00+01:00,59034.88820273808,58860.47713
2026-02-01 14:45:00+01:00,59020.62503479069,58444.68556
2026-02-01 15:00:00+01:00,59251.261023209416,58760.08336
2026-02-01 15:15:00+01:00,59309.28508422157,58867.68915
2026-02-01 15:30:00+01:00,59468.45359703209,58803.79123
2026-02-01 15:45:00+01:00,59577.43252961687,59077.8585
2026-02-01 16:00:00+01:00,60365.694008094426,59475.10999
2026-02-01 16:15:00+01:00,60591.7686617547,59867.46995
2026-02-01 16:30:00+01:00,60894.270862944126,60390.60106
2026-02-01 16:45:00+01:00,61917.10350485955,61564.52534
2026-02-01 17:00:00+01:00,63422.01442177689,62285.72164
2026-02-01 17:15:00+01:00,64242.06291849828,63578.26552
2026-02-01 17:30:00+01:00,66381.47635803725,64472.62953
2026-02-01 17:45:00+01:00,66378.57687048157,65361.88496
2026-02-01 18:00:00+01:00,66613.56838616569,65666.26616
2026-02-01 18:15:00+01:00,66559.87144480908,65537.70893
2026-02-01 18:30:00+01:00,66522.13748223826,65482.84935
2026-02-01 18:45:00+01:00,66471.8595726483,65506.50614
2026-02-01 19:00:00+01:00,66435.07636580875,65109.45648
2026-02-01 19:15:00+01:00,64104.95131076252,64677.10209
2026-02-01 19:30:00+01:00,63415.112241338116,64221.67403
2026-02-01 19:45:00+01:00,63281.633078975676,63901.33562
2026-02-01 20:00:00+01:00,62791.60311963069,63222.61562
2026-02-01 20:15:00+01:00,61732.71807783172,62774.16953
2026-02-01 20:30:00+01:00,60827.99728382144,61939.72105
2026-02-01 20:45:00+01:00,60446.73653034585,61039.70395
2026-02-01 21:00:00+01:00,59999.66919183768,60574.26664
2026-02-01 21:15:00+01:00,59776.451382927204,60016.05193
2026-02-01 21:30:00+01:00,59426.409928218396,59260.21837
2026-02-01 21:45:00+01:00,59488.75914061153,59101.06456
2026-02-01 22:00:00+01:00,59456.60416828559,59063.10519
2026-02-01 22:15:00+01:00,59289.49174364286,58614.77655
2026-02-01 22:30:00+01:00,58771.73613053111,57821.99069
2026-02-01 22:45:00+01:00,57822.27428287276,56855.63691
2026-02-01 23:00:00+01:00,57208.270152527504,56461.4864
2026-02-01 23:15:00+01:00,56715.92401473461,55955.9349
2026-02-01 23:30:00+01:00,55828.68681914963,55149.05938
2026-02-01 23:45:00+01:00,55359.07912002512,54610.92338
2026-02-02 00:00:00+01:00,56831.099042656344,53241.30236
2026-02-02 00:15:00+01:00,55741.981051791445,52738.7165
2026-02-02 00:30:00+01:00,55232.83109059629,52447.85899
2026-02-02 00:45:00+01:00,54613.09389808458,51916.13516
2026-02-02 01:00:00+01:00,53288.74739484074,51654.28103
2026-02-02 01:15:00+01:00,53204.18232271875,51617.06281
2026-02-02 01:30:00+01:00,52782.672916751515,51087.43305
2026-02-02 01:45:00+01:00,53000.26315961252,50920.84551
2026-02-02 02:00:00+01:00,52956.40594791804,50633.95691
2026-02-02 02:15:00+01:00,52950.17975535941,50882.03291
2026-02-02 02:30:00+01:00,52941.73294591033,50864.92724
2026-02-02 02:45:00+01:00,52941.53769596156,50875.07632
2026-02-02 03:00:00+01:00,52931.22119709266,51027.71781
2026-02-02 03:15:00+01:00,52858.90880562299,51262.82622
2026-02-02 03:30:00+01:00,52858.90880562299,51490.08758
2026-02-02 03:45:00+01:00,52854.91613694282,51608.35004
2026-02-02 04:00:00+01:00,53281.40902014025,52185.24421
2026-02-02 04:15:00+01:00,53427.7605622231,52633.75063
2026-02-02 04:30:00+01:00,54396.965721104796,53083.13103
2026-02-02 04:45:00+01:00,55384.05370168289,53605.02446
2026-02-02 05:00:00+01:00,57416.98514814457,55375.31979
2026-02-02 05:15:00+01:00,59108.68553381822,56025.62723
2026-02-02 05:30:00+01:00,59652.39157209809,57395.79027
2026-02-02 05:45:00+01:00,61575.4081352935,58923.29475
2026-02-02 06:00:00+01:00,65736.4654981931,62044.2938
2026-02-02 06:15:00+01:00,67787.71862768225,64325.24917
2026-02-02 06:30:00+01:00,68999.39358199587,66209.9526
2026-02-02 06:45:00+01:00,70429.7105906354,68217.13209
2026-02-02 07:00:00+01:00,72376.07996210549,69831.04163
2026-02-02 07:15:00+01:00,74042.10020796671,70901.92958
2026-02-02 07:30:00+01:00,74526.68858076097,71830.36114
2026-02-02 07:45:00+01:00,74777.10099443201,72673.74588
2026-02-02 08:00:00+01:00,75504.0294221208,73679.01283
2026-02-02 08:15:00+01:00,75636.64494915027,74119.22778
2026-02-02 08:30:00+01:00,76237.1623038648,74694.90294
2026-02-02 08:45:00+01:00,76301.55954291283,75073.28861
2026-02-02 09:00:00+01:00,76258.25007018885,74900.57372
2026-02-02 09:15:00+01:00,76258.25007018885,75000.40326
2026-02-02 09:30:00+01:00,76237.74440526804,75259.45063
2026-02-02 09:45:00+01:00,76272.60866823191,75480.26111
2026-02-02 10:00:00+01:00,76212.02022391322,75685.7452
2026-02-02 10:15:00+01:00,76191.14513163416,75814.66002
2026-02-02 10:30:00+01:00,76197.01122288604,75735.81544
2026-02-02 10:45:00+01:00,76217.26588768311,75362.82315
2026-02-02 11:00:00+01:00,75689.3391743127,75089.13667
2026-02-02 11:15:00+01:00,75668.65872997802,75232.42669
2026-02-02 11:30:00+01:00,75640.75487884627,74903.72695
2026-02-02 11:45:00+01:00,75637.31346529607,74685.77556
2026-02-02 12:00:00+01:00,75083.3176785311,74507.33591
2026-02-02 12:15:00+01:00,75078.20797761601,74139.64021
2026-02-02 12:30:00+01:00,75072.02014707116,74065.08869
2026-02-02 12:45:00+01:00,75058.64463545209,73786.89315
2026-02-02 13:00:00+01:00,74724.81842942405,74201.56376
2026-02-02 13:15:00+01:00,74708.3709398391,73969.9004
2026-02-02 13:30:00+01:00,74485.44093666389,73688.37629
2026-02-02 13:45:00+01:00,74134.37774750906,73023.53126
2026-02-02 14:00:00+01:00,73999.2828223973,72890.99823
2026-02-02 14:15:00+01:00,73770.97609137544,72753.35381
2026-02-02 14:30:00+01:00,73769.14423280487,72470.52526
2026-02-02 14:45:00+01:00,73419.7535231098,72493.73411
2026-02-02 15:00:00+01:00,73609.45133565106,72406.65405
2026-02-02 15:15:00+01:00,73597.17525245532,72084.19733
2026-02-02 15:30:00+01:00,73586.32042499704,72498.62603
2026-02-02 15:45:00+01:00,73451.82717450784,72439.33643
2026-02-02 16:00:00+01:00,74086.46357099629,72684.64121
2026-02-02 16:15:00+01:00,74295.21834676445,72888.39271
2026-02-02 16:30:00+01:00,74576.42920071176,73119.29656
2026-02-02 16:45:00+01:00,74688.34789485298,73172.69995
2026-02-02 17:00:00+01:00,75710.69518130185,73842.47563
2026-02-02 17:15:00+01:00,76408.60065766102,74712.35712
2026-02-02 17:30:00+01:00,76555.14196114185,75886.15879
2026-02-02 17:45:00+01:00,76568.85730732662,76671.5941
2026-02-02 18:00:00+01:00,76606.72145757244,76724.88785
2026-02-02 18:15:00+01:00,76480.36264183397,76491.28043
2026-02-02 18:30:00+01:00,76483.40915438932,76347.09021
2026-02-02 18:45:00+01:00,76477.3387222798,76288.54656
2026-02-02 19:00:00+01:00,76348.15637403585,76018.6448
2026-02-02 19:15:00+01:00,75509.44065343039,75692.94986
2026-02-02 19:30:00+01:00,75296.35182719644,75170.69441
2026-02-02 19:45:00+01:00,74796.79972801905,74371.37662
2026-02-02 20:00:00+01:00,73868.77550573992,73450.98373
2026-02-02 20:15:00+01:00,72785.24298586146,72394.89976
2026-02-02 20:30:00+01:00,71792.9344186863,71261.25012
2026-02-02 20:45:00+01:00,71191.23722275722,70732.21303
2026-02-02 21:00:00+01:00,69897.9618965377,69965.74485
2026-02-02 21:15:00+01:00,69284.47471217316,69216.60467
2026-02-02 21:30:00+01:00,68288.7007587325,68216.06921
2026-02-02 21:45:00+01:00,67766.91184981207,67109.00827
2026-02-02 22:00:00+01:00,67676.89593592199,66310.53744
2026-02-02 22:15:00+01:00,67381.35271083613,65536.22453
2026-02-02 22:30:00+01:00,65805.93026883034,64596.01252
2026-02-02 22:45:00+01:00,65001.664269640896,63570.31216
2026-02-02 23:00:00+01:00,62972.22946812163,62324.49442
2026-02-02 23:15:00+01:00,62000.59865443077,61406.49992
2026-02-02 23:30:00+01:00,61093.449823429975,60682.03693
2026-02-02 23:45:00+01:00,60702.15933029712,59996.49461
2026-02-03 00:00:00+01:00,58197.45777636805,59144.33419
2026-02-03 00:15:00+01:00,58056.75013308285,58456.26863
2026-02-03 00:30:00+01:00,56972.16925587228,57983.00632
2026-02-03 00:45:00+01:00,56969.74843867552,57575.44201
2026-02-03 01:00:00+01:00,56296.53824787212,57282.37009
2026-02-03 01:15:00+01:00,55918.06415724356,57017.47145
2026-02-03 01:30:00+01:00,55323.53183743247,56368.3532
2026-02-03 01:45:00+01:00,55043.04591552012,56222.61733
2026-02-03 02:00:00+01:00,54532.088136789025,55758.18377
2026-02-03 02:15:00+01:00,54416.646709391425,55402.29345
2026-02-03 02:30:00+01:00,54141.084286648445,55556.80102
2026-02-03 02:45:00+01:00,54141.084286648445,55763.59646
2026-02-03 03:00:00+01:00,54402.167564761505,56057.89801
2026-02-03 03:15:00+01:00,54383.48408620684,56131.86619
2026-02-03 03:30:00+01:00,54880.74229137973,56376.38832
2026-02-03 03:45:00+01:00,54880.74229137973,56618.85029
2026-02-03 04:00:00+01:00,55213.06832756226,57096.49742
2026-02-03 04:15:00+01:00,55576.542960752166,57398.43741
2026-02-03 04:30:00+01:00,55926.879279003544,57694.24423
2026-02-03 04:45:00+01:00,56134.28462509893,58311.5488
2026-02-03 05:00:00+01:00,57527.83988793159,59665.74761
2026-02-03 05:15:00+01:00,57806.28090450904,60271.23375
2026-02-03 05:30:00+01:00,58541.163721915924,61375.70571
2026-02-03 05:45:00+01:00,59514.61920997585,62750.94275
2026-02-03 06:00:00+01:00,62396.93917888678,65703.218
2026-02-03 06:15:00+01:00,64909.45259125276,67570.65356
2026-02-03 06:30:00+01:00,66943.35988112807,69302.65639
2026-02-03 06:45:00+01:00,69540.32087586686,71178.47532
2026-02-03 07:00:00+01:00,71630.77164078518,73260.08303
2026-02-03 07:15:00+01:00,72352.44905731904,73701.21581
2026-02-03 07:30:00+01:00,72944.27478237354,74828.1256
2026-02-03 07:45:00+01:00,73173.8459486866,75622.7813
2026-02-03 08:00:00+01:00,73884.19843437165,76634.40161
2026-02-03 08:15:00+01:00,74356.93309729281,77224.01475
2026-02-03 08:30:00+01:00,74422.20096927443,77439.28926
2026-02-03 08:45:00+01:00,74569.8745869466,77573.41953
2026-02-03 09:00:00+01:00,74550.82458567049,77153.3273
2026-02-03 09:15:00+01:00,74762.90828355099,77246.91415
2026-02-03 09:30:00+01:00,74860.21731277941,77549.19586
2026-02-03 09:45:00+01:00,74840.56965240138,77476.2572
2026-02-03 10:00:00+01:00,74791.68058747656,77178.07469
2026-02-03 10:15:00+01:00,74749.46297776328,77240.44832
2026-02-03 10:30:00+01:00,75242.93174234561,77042.5648
2026-02-03 10:45:00+01:00,75377.42719308227,77150.09017
2026-02-03 11:00:00+01:00,74508.65183994864,76977.39723
2026-02-03 11:15:00+01:00,74519.8089777297,77273.8866
2026-02-03 11:30:00+01:00,74588.64149185775,76901.59134
2026-02-03 11:45:00+01:00,74586.98525191464,76695.03926
2026-02-03 12:00:00+01:00,73940.58348053019,77018.36988
2026-02-03 12:15:00+01:00,73496.45976595812,76995.35773
2026-02-03 12:30:00+01:00,73631.68404796481,76928.49966
2026-02-03 12:45:00+01:00,73482.99071051854,76820.48568
2026-02-03 13:00:00+01:00,73000.76710198747,76787.56385
2026-02-03 13:15:00+01:00,72733.79851581455,76283.60573
2026-02-03 13:30:00+01:00,72524.40830382155,75793.47074
2026-02-03 13:45:00+01:00,72149.32837456965,75565.70371
2026-02-03 14:00:00+01:00,72623.04217703248,75374.12902
2026-02-03 14:15:00+01:00,72549.15710074501,75257.71321
2026-02-03 14:30:00+01:00,72518.8840138278,74809.43552
2026-02-03 14:45:00+01:00,72392.64037221507,74483.88935
2026-02-03 15:00:00+01:00,72615.0852596333,74834.93816
2026-02-03 15:15:00+01:00,72390.07693146018,74592.1861
2026-02-03 15:30:00+01:00,72369.47171850935,74263.04251
2026-02-03 15:45:00+01:00,72713.9598680929,74332.98683
2026-02-03 16:00:00+01:00,73184.79212217974,74717.53987
2026-02-03 16:15:00+01:00,73245.95550076045,74866.2339
2026-02-03 16:30:00+01:00,73444.6379667491,75231.45182
2026-02-03 16:45:00+01:00,73954.71177270728,75913.47775
2026-02-03 17:00:00+01:00,74728.02770601242,76775.21592
2026-02-03 17:15:00+01:00,75106.1571967062,77446.33049
2026-02-03 17:30:00+01:00,75293.1246119455,78641.86165
2026-02-03 17:45:00+01:00,75301.86754326912,79115.38964
2026-02-03 18:00:00+01:00,75311.07017040778,78715.63272
2026-02-03 18:15:00+01:00,75166.09120795758,78349.04239
2026-02-03 18:30:00+01:00,75150.90205321666,78130.50049
2026-02-03 18:45:00+01:00,75092.87715198062,78125.97805
2026-02-03 19:00:00+01:00,74855.05514450913,77579.15782
2026-02-03 19:15:00+01:00,74269.80910582242,76694.97962
2026-02-03 19:30:00+01:00,73897.55316138538,76075.10131
2026-02-03 19:45:00+01:00,73699.99837842403,75527.39335
2026-02-03 20:00:00+01:00,73042.9264824541,74360.82572
2026-02-03 20:15:00+01:00,72612.07364725306,73252.18035
2026-02-03 20:30:00+01:00,70975.12094967732,71994.43913
2026-02-03 20:45:00+01:00,70261.73367818168,71222.67308
2026-02-03 21:00:00+01:00,69749.32569022798,70282.95959
2026-02-03 21:15:00+01:00,67454.78880645912,69457.02722
2026-02-03 21:30:00+01:00,66745.26095348338,68470.84175
2026-02-03 21:45:00+01:00,65084.17423015599,67451.04126
2026-02-03 22:00:00+01:00,64472.40481305097,66912.30378
2026-02-03 22:15:00+01:00,63252.1345682509,66154.07803
2026-02-03 22:30:00+01:00,62157.10029340177,65216.17559
2026-02-03 22:45:00+01:00,61534.43070672373,64090.42975
2026-02-03 23:00:00+01:00,60264.62665291449,62996.75395
2026-02-03 23:15:00+01:00,59943.60477152333,62083.44933
2026-02-03 23:30:00+01:00,59320.19341006447,61086.96817
2026-02-03 23:45:00+01:00,58545.37649668945,60363.84282
2026-02-04 00:00:00+01:00,60470.92409121469,59362.42518
2026-02-04 00:15:00+01:00,60237.2480624179,58671.04361
2026-02-04 00:30:00+01:00,59065.08022026203,58237.96899
2026-02-04 00:45:00+01:00,58286.03081015369,58148.69293
2026-02-04 01:00:00+01:00,57826.298966713366,57563.18878
2026-02-04 01:15:00+01:00,56885.4608684587,57206.71491
2026-02-04 01:30:00+01:00,56803.026436772496,56862.57143
2026-02-04 01:45:00+01:00,56795.145830991816,56645.74074
2026-02-04 02:00:00+01:00,56709.29715058304,56819.75638
2026-02-04 02:15:00+01:00,56115.236075885136,56882.45593
2026-02-04 02:30:00+01:00,56727.46794115019,56729.16244
2026-02-04 02:45:00+01:00,56670.4289497084,56434.68159
2026-02-04 03:00:00+01:00,56794.33115055765,56268.05575
2026-02-04 03:15:00+01:00,56851.37014199944,56023.96668
2026-02-04 03:30:00+01:00,56878.89217652502,56152.9618
2026-02-04 03:45:00+01:00,56878.89217652502,56114.52624
2026-02-04 04:00:00+01:00,57604.2884286645,56801.30125
2026-02-04 04:15:00+01:00,58220.31366094689,57106.54312
2026-02-04 04:30:00+01:00,58905.19563660272,57347.46169
2026-02-04 04:45:00+01:00,59278.31539920369,57897.82318
2026-02-04 05:00:00+01:00,60342.208782951435,58948.17618
2026-02-04 05:15:00+01:00,60537.35462208237,59570.40439
2026-02-04 05:30:00+01:00,61639.4850799869,60470.30997
2026-02-04 05:45:00+01:00,63740.74806056895,61924.32702
2026-02-04 06:00:00+01:00,67923.35723683593,64955.00164
2026-02-04 06:15:00+01:00,68887.14564701766,66911.5927
2026-02-04 06:30:00+01:00,70155.7735885371,68672.19477
2026-02-04 06:45:00+01:00,71220.95343140751,70123.15865
2026-02-04 07:00:00+01:00,73240.07838596603,71387.40089
2026-02-04 07:15:00+01:00,73789.48604568376,72795.03439
2026-02-04 07:30:00+01:00,74653.64484112238,73365.74341
2026-02-04 07:45:00+01:00,75321.42895270548,74130.65041
2026-02-04 08:00:00+01:00,75637.5561549542,74831.7183
2026-02-04 08:15:00+01:00,75865.92259745786,75288.1476
2026-02-04 08:30:00+01:00,75885.98168476671,75532.22632
2026-02-04 08:45:00+01:00,75961.36424204381,75655.72468
2026-02-04 09:00:00+01:00,75889.98593070131,75194.55291
2026-02-04 09:15:00+01:00,75893.40866063077,75897.61623
2026-02-04 09:30:00+01:00,75893.40866063077,75829.08515
2026-02-04 09:45:00+01:00,75916.0805018525,75457.4315
2026-02-04 10:00:00+01:00,75727.3417430352,75357.42602
2026-02-04 10:15:00+01:00,75727.3417430352,75038.47898
2026-02-04 10:30:00+01:00,75721.75502807935,74978.07526
2026-02-04 10:45:00+01:00,75650.80510248682,74872.49477
2026-02-04 11:00:00+01:00,75314.36328842975,74626.42168
2026-02-04 11:15:00+01:00,75349.5377882829,74414.26052
2026-02-04 11:30:00+01:00,75357.94572605359,74686.59567
2026-02-04 11:45:00+01:00,75337.492705378,74553.67855
2026-02-04 12:00:00+01:00,74756.91605651398,74236.79286
2026-02-04 12:15:00+01:00,74728.21096090427,74377.06829
2026-02-04 12:30:00+01:00,74713.59179530725,74061.99015
2026-02-04 12:45:00+01:00,74661.80271299608,73875.10635
2026-02-04 13:00:00+01:00,73987.81817836211,73834.54379
2026-02-04 13:15:00+01:00,73603.33377170184,73878.6234
2026-02-04 13:30:00+01:00,73340.05266452626,73859.22893
2026-02-04 13:45:00+01:00,73087.3642318797,72851.71416
2026-02-04 14:00:00+01:00,73144.94729391931,72182.02252
2026-02-04 14:15:00+01:00,73240.74176863054,72234.47576
2026-02-04 14:30:00+01:00,73034.29796550986,72317.14401
2026-02-04 14:45:00+01:00,73065.39548598067,72113.68481
2026-02-04 15:00:00+01:00,73512.64918694801,72454.84289
2026-02-04 15:15:00+01:00,73267.44604772858,72497.74067
2026-02-04 15:30:00+01:00,73413.15600213944,72578.87806
2026-02-04 15:45:00+01:00,73382.05848166863,72566.18427
2026-02-04 16:00:00+01:00,75005.00682059435,72437.9467
2026-02-04 16:15:00+01:00,75070.82700788559,72785.37763
2026-02-04 16:30:00+01:00,75048.11375698297,73175.68817
2026-02-04 16:45:00+01:00,75029.82918756302,73529.65741
2026-02-04 17:00:00+01:00,75996.52029780523,73983.01701
2026-02-04 17:15:00+01:00,76420.91828888092,74907.31669
2026-02-04 17:30:00+01:00,76479.82616110747,76031.93612
2026-02-04 17:45:00+01:00,76479.82616110747,76849.44957
2026-02-04 18:00:00+01:00,76457.55834545322,76722.10011
2026-02-04 18:15:00+01:00,76445.14860832362,76652.04077
2026-02-04 18:30:00+01:00,76432.44451668712,76456.54108
2026-02-04 18:45:00+01:00,76200.1461565182,76368.63237
2026-02-04 19:00:00+01:00,75874.70612984663,75884.30849
2026-02-04 19:15:00+01:00,75616.88661815424,75316.87825
2026-02-04 19:30:00+01:00,75397.65378371395,75063.79246
2026-02-04 19:45:00+01:00,75078.77134828627,74499.42034
2026-02-04 20:00:00+01:00,74148.35452294652,73546.76939
2026-02-04 20:15:00+01:00,73685.72949258176,72369.59355
2026-02-04 20:30:00+01:00,72904.97568318044,71074.14255
2026-02-04 20:45:00+01:00,72537.41541944939,70469.12489
2026-02-04 21:00:00+01:00,70854.50036855285,69169.24898
2026-02-04 21:15:00+01:00,70539.90448046594,68333.6196
2026-02-04 21:30:00+01:00,70446.69474642733,67208.35824
2026-02-04 21:45:00+01:00,69016.04914200195,66240.00923
2026-02-04 22:00:00+01:00,67926.08684312768,65644.02476
2026-02-04 22:15:00+01:00,66583.68656373542,64603.57421
2026-02-04 22:30:00+01:00,66359.67318715193,63573.25099
2026-02-04 22:45:00+01:00,64976.494683403376,62542.15284
2026-02-04 23:00:00+01:00,63537.94216948934,61773.67163
2026-02-04 23:15:00+01:00,62142.61667135434,60751.42157
2026-02-04 23:30:00+01:00,61755.15066397731,60117.36623
2026-02-04 23:45:00+01:00,60987.23219553837,59301.92275
2026-02-05 00:00:00+01:00,59248.31003295485,58323.71948
2026-02-05 00:15:00+01:00,58913.54242470315,57835.42645
2026-02-05 00:30:00+01:00,58747.32930236861,57528.25666
2026-02-05 00:45:00+01:00,58525.77529030615,57193.70217
2026-02-05 01:00:00+01:00,57375.72693845237,56869.94716
2026-02-05 01:15:00+01:00,57308.687847047455,56795.81584
2026-02-05 01:30:00+01:00,56687.614197475676,56475.75987
2026-02-05 01:45:00+01:00,56563.79921445773,56345.68352
2026-02-05 02:00:00+01:00,56558.07904105664,55580.13335
2026-02-05 02:15:00+01:00,56318.64619306737,55395.03433
2026-02-05 02:30:00+01:00,55924.049168730795,55478.78429
2026-02-05 02:45:00+01:00,56032.60092066459,55720.53886
2026-02-05 03:00:00+01:00,56466.011598417244,55824.5007
2026-02-05 03:15:00+01:00,56437.71935524618,55691.32097
2026-02-05 03:30:00+01:00,56337.02328403721,55756.54438
2026-02-05 03:45:00+01:00,56656.10160143071,55750.11411
2026-02-05 04:00:00+01:00,57066.40013322473,56032.70093
2026-02-05 04:15:00+01:00,57417.1828410139,56383.26893
2026-02-05 04:30:00+01:00,57622.589653504896,56874.55617
2026-02-05 04:45:00+01:00,58229.85224997086,57496.6813
2026-02-05 05:00:00+01:00,60371.822376385644,58739.29701
2026-02-05 05:15:00+01:00,61778.78979302125,59401.60618
2026-02-05 05:30:00+01:00,62312.63547387296,60393.32096
2026-02-05 05:45:00+01:00,63690.903667478,61945.09931
2026-02-05 06:00:00+01:00,66118.74749685402,65006.64957
2026-02-05 06:15:00+01:00,68639.96527103793,67001.36609
2026-02-05 06:30:00+01:00,70170.93777031393,69042.79471
2026-02-05 06:45:00+01:00,72059.74582700587,70446.01261
2026-02-05 07:00:00+01:00,73001.5955447864,72287.60739
2026-02-05 07:15:00+01:00,73717.2278273933,73458.05487
2026-02-05 07:30:00+01:00,74445.56505671036,74386.99139
2026-02-05 07:45:00+01:00,75025.41700581493,75080.21379
2026-02-05 08:00:00+01:00,75803.44972597163,75633.34182
2026-02-05 08:15:00+01:00,76184.37394126019,76193.75531
2026-02-05 08:30:00+01:00,76346.35391275719,76713.73015
2026-02-05 08:45:00+01:00,76556.8922650092,76773.53873
2026-02-05 09:00:00+01:00,76658.72576412658,76548.58714
2026-02-05 09:15:00+01:00,76658.72576412658,76915.05436
2026-02-05 09:30:00+01:00,76671.46320721989,77166.85967
2026-02-05 09:45:00+01:00,76680.0314147895,77205.59568
2026-02-05 10:00:00+01:00,76425.62385676548,76185.33058
2026-02-05 10:15:00+01:00,76444.67339776577,76103.95662
2026-02-05 10:30:00+01:00,76528.01429149663,76237.43729
2026-02-05 10:45:00+01:00,76588.88057288414,76385.98055
2026-02-05 11:00:00+01:00,76575.36339589041,76029.40488
2026-02-05 11:15:00+01:00,76565.39688575137,76211.46568
2026-02-05 11:30:00+01:00,76566.70206544275,76137.90061
2026-02-05 11:45:00+01:00,76507.68851431394,75831.67325
2026-02-05 12:00:00+01:00,76304.13359718374,76106.98256
2026-02-05 12:15:00+01:00,76168.38657018858,75441.81797
2026-02-05 12:30:00+01:00,76115.25977289196,75311.44168
2026-02-05 12:45:00+01:00,76178.88914128588,74804.92848
2026-02-05 13:00:00+01:00,75979.27716224975,74632.66833
2026-02-05 13:15:00+01:00,75750.2624070492,74297.09317
2026-02-05 13:30:00+01:00,75676.30501944761,73760.4417
2026-02-05 13:45:00+01:00,75606.93928099996,73106.051
2026-02-05 14:00:00+01:00,75334.24415551714,72729.52419
2026-02-05 14:15:00+01:00,75183.71106597505,72730.26892
2026-02-05 14:30:00+01:00,75172.31767014915,72179.32847
2026-02-05 14:45:00+01:00,75157.3706541949,71818.8685
2026-02-05 15:00:00+01:00,75307.12062927366,71615.33542
2026-02-05 15:15:00+01:00,75259.00661867353,71231.48678
2026-02-05 15:30:00+01:00,75300.06184448588,71095.83868
2026-02-05 15:45:00+01:00,75167.9956114416,71300.77428
2026-02-05 16:00:00+01:00,75362.8420327744,71787.94948
2026-02-05 16:15:00+01:00,75524.29012802597,71789.04874
2026-02-05 16:30:00+01:00,75614.86491116788,72147.89034
2026-02-05 16:45:00+01:00,75687.68103236923,72267.35084
2026-02-05 17:00:00+01:00,76239.30678249363,73397.35648
2026-02-05 17:15:00+01:00,76640.55145451317,74051.35057
2026-02-05 17:30:00+01:00,76779.99451625296,75307.43419
2026-02-05 17:45:00+01:00,76779.99451625296,75900.12908
2026-02-05 18:00:00+01:00,76582.63434595737,75671.17401
2026-02-05 18:15:00+01:00,76555.88179770665,75888.39715
2026-02-05 18:30:00+01:00,76493.85042914543,75682.64164
2026-02-05 18:45:00+01:00,76438.15094912134,75515.65845
2026-02-05 19:00:00+01:00,76083.32706828268,75152.87428
2026-02-05 19:15:00+01:00,75704.49250588747,74550.93361
2026-02-05 19:30:00+01:00,75449.37237043162,74149.83318
2026-02-05 19:45:00+01:00,74820.21553493099,73631.39998
2026-02-05 20:00:00+01:00,74086.48084960146,72293.85605
2026-02-05 20:15:00+01:00,73043.79213134134,71123.15104
2026-02-05 20:30:00+01:00,72785.29450352746,69985.9889
2026-02-05 20:45:00+01:00,72209.0660227075,69069.81712
2026-02-05 21:00:00+01:00,70582.09559952603,68315.57089
2026-02-05 21:15:00+01:00,70033.91592811326,67448.98256
2026-02-05 21:30:00+01:00,69217.28612020148,66955.05631
2026-02-05 21:45:00+01:00,68354.4915683037,65816.92179
2026-02-05 22:00:00+01:00,67161.08303655045,65067.72433
2026-02-05 22:15:00+01:00,66318.11711468085,64325.86864
2026-02-05 22:30:00+01:00,65106.953538810456,63527.84352
2026-02-05 22:45:00+01:00,64931.36677398231,62563.15137
2026-02-05 23:00:00+01:00,62510.675438922524,60919.35082
2026-02-05 23:15:00+01:00,61648.15495108892,60317.42009
2026-02-05 23:30:00+01:00,61514.89733992745,59483.18802
2026-02-05 23:45:00+01:00,60498.740724362266,59273.58013
2026-02-06 00:00:00+01:00,58793.22111795583,58097.60622
2026-02-06 00:15:00+01:00,58128.67966267632,57398.27725
2026-02-06 00:30:00+01:00,57632.31215141384,56770.45272
2026-02-06 00:45:00+01:00,56724.724600758265,56115.36714
2026-02-06 01:00:00+01:00,56356.34592719929,55746.22961
2026-02-06 01:15:00+01:00,55399.26424535316,55170.83584
2026-02-06 01:30:00+01:00,55301.98166312862,54951.83245
2026-02-06 01:45:00+01:00,55282.04881693137,54651.25773
2026-02-06 02:00:00+01:00,54774.04484982664,54392.73054
2026-02-06 02:15:00+01:00,54776.15795985381,54236.66543
2026-02-06 02:30:00+01:00,54776.40665704261,53958.8775
2026-02-06 02:45:00+01:00,54774.94876976214,53795.59037
2026-02-06 03:00:00+01:00,54880.48484500135,54082.65418
2026-02-06 03:15:00+01:00,54458.5882950308,53892.21665
2026-02-06 03:30:00+01:00,54687.83805311025,54151.46629
2026-02-06 03:45:00+01:00,55116.15316411365,54300.48082
2026-02-06 04:00:00+01:00,55423.169814603876,54726.0267
2026-02-06 04:15:00+01:00,55922.69459941881,55124.01503
2026-02-06 04:30:00+01:00,56816.227518652755,55711.73905
2026-02-06 04:45:00+01:00,57158.37915767943,56087.75454
2026-02-06 05:00:00+01:00,58262.259527438204,57716.3521
2026-02-06 05:15:00+01:00,58943.16261033134,58299.16913
2026-02-06 05:30:00+01:00,59713.0204558705,59167.76438
2026-02-06 05:45:00+01:00,60696.92890223016,60702.14253
2026-02-06 06:00:00+01:00,64541.26575746615,63327.7271
2026-02-06 06:15:00+01:00,66941.55914574584,65361.93343
2026-02-06 06:30:00+01:00,68858.77783676685,66965.36102
2026-02-06 06:45:00+01:00,69950.22847702756,68008.31625
2026-02-06 07:00:00+01:00,72291.01939677227,70233.66985
2026-02-06 07:15:00+01:00,73272.12727248223,71395.36825
2026-02-06 07:30:00+01:00,74080.27805354612,72158.49246
2026-02-06 07:45:00+01:00,74979.37733990073,72232.61708
2026-02-06 08:00:00+01:00,75204.43521716048,73410.73925
2026-02-06 08:15:00+01:00,75633.25849381831,73949.83622
2026-02-06 08:30:00+01:00,75740.75129669515,74341.50928
2026-02-06 08:45:00+01:00,75753.71482478725,74062.13804
2026-02-06 09:00:00+01:00,75842.85800991596,74304.63973
2026-02-06 09:15:00+01:00,75767.94868097629,74388.7093
2026-02-06 09:30:00+01:00,75822.88816671714,74664.63486
2026-02-06 09:45:00+01:00,75857.56761595108,74390.54892
2026-02-06 10:00:00+01:00,75889.15101178351,74381.86352
2026-02-06 10:15:00+01:00,75896.17199503686,74200.11905
2026-02-06 10:30:00+01:00,75962.15341414,74238.60745
2026-02-06 10:45:00+01:00,75995.99682549652,74224.67889
2026-02-06 11:00:00+01:00,75899.67150807146,73978.67455
2026-02-06 11:15:00+01:00,75864.07287551326,73970.37684
2026-02-06 11:30:00+01:00,75776.88248475973,73696.99093
2026-02-06 11:45:00+01:00,75762.8424342244,73661.01832
2026-02-06 12:00:00+01:00,75039.25375389507,73491.06105
2026-02-06 12:15:00+01:00,74847.14050120325,73209.18266
2026-02-06 12:30:00+01:00,74587.18102791918,72815.73974
2026-02-06 12:45:00+01:00,74519.28572555284,72518.22608
2026-02-06 13:00:00+01:00,74237.98944306234,72151.54815
2026-02-06 13:15:00+01:00,74024.00197306831,71515.37342
2026-02-06 13:30:00+01:00,73706.24947802773,70921.83096
2026-02-06 13:45:00+01:00,73482.9636925782,70409.7146
2026-02-06 14:00:00+01:00,73611.45901426826,70121.5767
2026-02-06 14:15:00+01:00,73336.08432610544,69926.93115
2026-02-06 14:30:00+01:00,72892.79928656782,69786.5059
2026-02-06 14:45:00+01:00,72828.06201755918,69502.2901
2026-02-06 15:00:00+01:00,72873.87936579401,69779.9429
2026-02-06 15:15:00+01:00,72873.87936579401,69412.61658
2026-02-06 15:30:00+01:00,72896.71098740332,69629.64202
2026-02-06 15:45:00+01:00,72895.4275326252,69706.34688
2026-02-06 16:00:00+01:00,72964.36267011684,69727.58834
2026-02-06 16:15:00+01:00,72995.85686893297,69752.36449
2026-02-06 16:30:00+01:00,73470.4010239147,70083.89886
2026-02-06 16:45:00+01:00,73527.96601425608,70460.39447
2026-02-06 17:00:00+01:00,74137.72835477935,70916.60881
2026-02-06 17:15:00+01:00,74714.0869772725,71609.34882
2026-02-06 17:30:00+01:00,74992.9239726298,72385.86694
2026-02-06 17:45:00+01:00,75040.95960190632,72864.4934
2026-02-06 18:00:00+01:00,74744.77688176668,72861.8725
2026-02-06 18:15:00+01:00,74716.63667330977,72736.03614
2026-02-06 18:30:00+01:00,74685.01789052317,72534.31163
2026-02-06 18:45:00+01:00,74609.79524657912,72293.78226
2026-02-06 19:00:00+01:00,73901.17273953417,71648.81562
2026-02-06 19:15:00+01:00,73571.28411547013,71019.84232
2026-02-06 19:30:00+01:00,73004.57200080031,70444.99769
2026-02-06 19:45:00+01:00,72188.0553433915,70102.14447
2026-02-06 20:00:00+01:00,71021.53634549356,68424.00055
2026-02-06 20:15:00+01:00,69072.52829897778,67031.4508
2026-02-06 20:30:00+01:00,68192.70343880092,66339.23773
2026-02-06 20:45:00+01:00,67419.8949367961,65517.39798
2026-02-06 21:00:00+01:00,65762.15956468978,64514.39885
2026-02-06 21:15:00+01:00,64263.766108235715,63780.60955
2026-02-06 21:30:00+01:00,63136.032305762405,63098.74455
2026-02-06 21:45:00+01:00,63036.88711886583,62135.78966
2026-02-06 22:00:00+01:00,61919.908197565324,61706.95371
2026-02-06 22:15:00+01:00,61128.55203020674,60902.62507
2026-02-06 22:30:00+01:00,60765.943469099126,59751.48144
2026-02-06 22:45:00+01:00,59685.46074991274,58889.20679
2026-02-06 23:00:00+01:00,58928.255145003866,57967.33479
2026-02-06 23:15:00+01:00,58155.88660131919,56858.73683
2026-02-06 23:30:00+01:00,57165.97831130395,56150.3658
2026-02-06 23:45:00+01:00,56533.94069478368,55420.83196
2026-02-07 00:00:00+01:00,53291.273862565016,54354.71124
2026-02-07 00:15:00+01:00,52945.90992897853,53613.13579
2026-02-07 00:30:00+01:00,52797.073281545876,53004.56818
2026-02-07 00:45:00+01:00,52181.95796281301,52716.84158
2026-02-07 01:00:00+01:00,52043.21736620005,52212.9764
2026-02-07 01:15:00+01:00,51513.522216063015,51488.04589
2026-02-07 01:30:00+01:00,51290.26913663773,51303.33002
2026-02-07 01:45:00+01:00,50944.07323214286,51145.8269
2026-02-07 02:00:00+01:00,50296.349107144684,50691.12703
2026-02-07 02:15:00+01:00,50170.606389741384,50093.50708
2026-02-07 02:30:00+01:00,49845.89252058493,50205.93723
2026-02-07 02:45:00+01:00,49850.17931571935,50149.52453
2026-02-07 03:00:00+01:00,49526.89324115256,49878.51475
2026-02-07 03:15:00+01:00,49482.50748673604,49555.21436
2026-02-07 03:30:00+01:00,49482.50748673604,49791.28459
2026-02-07 03:45:00+01:00,49514.7503256632,49910.50547
2026-02-07 04:00:00+01:00,49599.642252081125,49912.50925
2026-02-07 04:15:00+01:00,49599.642252081125,49875.2723
2026-02-07 04:30:00+01:00,49644.1579310335,49787.67116
2026-02-07 04:45:00+01:00,49799.08334876531,50132.13815
2026-02-07 05:00:00+01:00,50184.009189995326,50261.24308
2026-02-07 05:15:00+01:00,50196.02395042686,49682.66824
2026-02-07 05:30:00+01:00,50019.944799640114,50160.79034
2026-02-07 05:45:00+01:00,50311.324857158506,50359.65761
2026-02-07 06:00:00+01:00,50957.68920196173,51183.79354
2026-02-07 06:15:00+01:00,51970.93318727605,51637.0473
2026-02-07 06:30:00+01:00,52555.52986478323,52204.96285
2026-02-07 06:45:00+01:00,53040.43774980593,52483.15628
2026-02-07 07:00:00+01:00,53742.17510685342,53132.46665
2026-02-07 07:15:00+01:00,54308.98804101544,54179.68398
2026-02-07 07:30:00+01:00,55537.137693685836,55073.33644
2026-02-07 07:45:00+01:00,55915.797166187665,55775.19866
2026-02-07 08:00:00+01:00,56922.82215456247,56589.36008
2026-02-07 08:15:00+01:00,57453.822577935454,57435.58322
2026-02-07 08:30:00+01:00,58037.908781091326,58229.74721
2026-02-07 08:45:00+01:00,58451.90653714187,58924.86905
2026-02-07 09:00:00+01:00,58810.757820379724,59687.3084
2026-02-07 09:15:00+01:00,59270.81474961681,60474.42089
2026-02-07 09:30:00+01:00,60544.826721882266,60592.24171
2026-02-07 09:45:00+01:00,60629.327410062564,60570.91872
2026-02-07 10:00:00+01:00,60547.742472476464,61184.24451
2026-02-07 10:15:00+01:00,60724.521253773055,61510.25374
2026-02-07 10:30:00+01:00,60960.44991155634,61458.23508
2026-02-07 10:45:00+01:00,61012.26916527118,61473.81455
2026-02-07 11:00:00+01:00,61445.10021828218,61485.15055
2026-02-07 11:15:00+01:00,61660.214359380596,61625.08059
2026-02-07 11:30:00+01:00,61725.55606397042,61607.70841
2026-02-07 11:45:00+01:00,61560.682027692164,61367.72882
2026-02-07 12:00:00+01:00,61389.35247485181,60883.02979
2026-02-07 12:15:00+01:00,61373.35826842238,60789.76642
2026-02-07 12:30:00+01:00,61317.37981860401,60321.57544
2026-02-07 12:45:00+01:00,60202.09969344637,59753.04878
2026-02-07 13:00:00+01:00,60248.1106496351,59251.62472
2026-02-07 13:15:00+01:00,59895.951381535524,58727.64481
2026-02-07 13:30:00+01:00,59243.060529855735,58101.45453
2026-02-07 13:45:00+01:00,58992.75998056734,57735.92049
2026-02-07 14:00:00+01:00,59007.75466940597,57837.07452
2026-02-07 14:15:00+01:00,58807.034795358435,57435.4405
2026-02-07 14:30:00+01:00,58755.856089142995,57198.54827
2026-02-07 14:45:00+01:00,58667.765915311684,56896.64036
2026-02-07 15:00:00+01:00,58674.32674597864,57351.12896
2026-02-07 15:15:00+01:00,58758.50923774212,57491.64701
2026-02-07 15:30:00+01:00,58891.739754398855,57390.2011
2026-02-07 15:45:00+01:00,58994.29489962635,57314.87805
2026-02-07 16:00:00+01:00,59423.446075344465,58003.06596
2026-02-07 16:15:00+01:00,59784.09256777353,58090.60774
2026-02-07 16:30:00+01:00,60549.90045579592,58719.5665
2026-02-07 16:45:00+01:00,60881.197938079225,59023.89191
2026-02-07 17:00:00+01:00,61636.68333993666,60008.89113
2026-02-07 17:15:00+01:00,62685.87717085012,60933.48608
2026-02-07 17:30:00+01:00,63773.10898004396,62173.58768
2026-02-07 17:45:00+01:00,63773.10898004396,62943.70858
2026-02-07 18:00:00+01:00,63627.379532897125,63580.92994
2026-02-07 18:15:00+01:00,63616.39924401086,63655.49136
2026-02-07 18:30:00+01:00,63573.037682120026,63603.40788
2026-02-07 18:45:00+01:00,63571.12418120192,63428.8983
2026-02-07 19:00:00+01:00,62977.645215467535,62880.97821
2026-02-07 19:15:00+01:00,61595.94269996333,62349.91675
2026-02-07 19:30:00+01:00,60942.821109018885,61923.15056
2026-02-07 19:45:00+01:00,60230.337229712546,61822.14017
2026-02-07 20:00:00+01:00,59660.03246143494,60732.88498
2026-02-07 20:15:00+01:00,58035.22754764505,59577.22685
2026-02-07 20:30:00+01:00,57606.70454408312,58437.20805
2026-02-07 20:45:00+01:00,57355.04411590147,57839.18826
2026-02-07 21:00:00+01:00,56854.275969884664,57473.14119
2026-02-07 21:15:00+01:00,56607.128146691204,56856.87925
2026-02-07 21:30:00+01:00,56458.21633671768,56238.36467
2026-02-07 21:45:00+01:00,56216.26416741399,55940.04628
2026-02-07 22:00:00+01:00,56332.65126373546,55773.37679
2026-02-07 22:15:00+01:00,55876.57591658219,55075.18417
2026-02-07 22:30:00+01:00,55736.64582976299,54263.18558
2026-02-07 22:45:00+01:00,55349.66705035318,53889.16066
2026-02-07 23:00:00+01:00,54185.71270728119,53235.40397
2026-02-07 23:15:00+01:00,53596.11204337489,52480.89169
2026-02-07 23:30:00+01:00,52564.767995263515,51366.49436
2026-02-07 23:45:00+01:00,51780.38052210512,50727.8532
2026-02-08 00:00:00+01:00,50329.21950212401,49940.90383
2026-02-08 00:15:00+01:00,49876.860357180136,49506.22416
2026-02-08 00:30:00+01:00,49205.57468762977,48823.31838
2026-02-08 00:45:00+01:00,49111.87490645279,48323.91071
2026-02-08 01:00:00+01:00,48782.818231732526,47808.26021
2026-02-08 01:15:00+01:00,48297.84925303692,47329.95674
2026-02-08 01:30:00+01:00,47668.936427436,47114.41465
2026-02-08 01:45:00+01:00,47470.34744139163,47179.35796
2026-02-08 02:00:00+01:00,47091.95006343174,46580.43486
2026-02-08 02:15:00+01:00,46817.950359207694,46490.83834
2026-02-08 02:30:00+01:00,46626.05099220566,46394.66156
2026-02-08 02:45:00+01:00,46752.86652119991,46049.79894
2026-02-08 03:00:00+01:00,46594.830355288315,46086.29893
2026-02-08 03:15:00+01:00,46438.2270058801,45989.00703
2026-02-08 03:30:00+01:00,46569.92104356769,45888.09427
2026-02-08 03:45:00+01:00,46538.984645120436,45859.85179
2026-02-08 04:00:00+01:00,46656.50050334098,46172.94291
2026-02-08 04:15:00+01:00,46656.845502504184,46309.64595
2026-02-08 04:30:00+01:00,46626.55962104818,46409.38147
2026-02-08 04:45:00+01:00,46625.68006590292,46354.53431
2026-02-08 05:00:00+01:00,46640.03104631372,46509.77072
2026-02-08 05:15:00+01:00,46648.78807736119,46320.3521
2026-02-08 05:30:00+01:00,46656.434221151154,46401.99624
2026-02-08 05:45:00+01:00,46719.29609438218,46464.47842
2026-02-08 06:00:00+01:00,46892.98035347234,46837.09342
2026-02-08 06:15:00+01:00,47458.171807476094,46790.59808
2026-02-08 06:30:00+01:00,47493.24167534468,47032.11789
2026-02-08 06:45:00+01:00,47612.57560134017,47442.39067
2026-02-08 07:00:00+01:00,48612.950016343566,48290.33563
2026-02-08 07:15:00+01:00,49173.91284619743,48612.6559
2026-02-08 07:30:00+01:00,49795.4037367659,49364.00449
2026-02-08 07:45:00+01:00,51122.42563761588,49988.18339
2026-02-08 08:00:00+01:00,52278.663096820586,50999.47844
2026-02-08 08:15:00+01:00,53159.81426722167,51622.68058
2026-02-08 08:30:00+01:00,54072.9662240399,52971.15141
2026-02-08 08:45:00+01:00,54937.73815015211,53925.72309
2026-02-08 09:00:00+01:00,56162.16348688077,54508.29847
2026-02-08 09:15:00+01:00,56618.016710392294,54648.25876
2026-02-08 09:30:00+01:00,56709.159453169246,56218.33732
2026-02-08 09:45:00+01:00,57698.64659036989,56282.79169
2026-02-08 10:00:00+01:00,58359.33589357912,56733.33146
2026-02-08 10:15:00+01:00,58500.329094971254,56819.32246
2026-02-08 10:30:00+01:00,59089.32281586026,57177.02353
2026-02-08 10:45:00+01:00,59262.41236445672,57698.72737
2026-02-08 11:00:00+01:00,59098.79591413997,58037.93736
2026-02-08 11:15:00+01:00,59441.12192079143,58915.40357
2026-02-08 11:30:00+01:00,59550.5203620284,59116.70008
2026-02-08 11:45:00+01:00,59550.5203620284,58512.31959
2026-02-08 12:00:00+01:00,59686.2091699503,58301.57391
2026-02-08 12:15:00+01:00,59524.82082829069,58699.07372
2026-02-08 12:30:00+01:00,59382.0094573033,58390.77456
2026-02-08 12:45:00+01:00,58851.40569553816,57987.53538
2026-02-08 13:00:00+01:00,58588.70437038742,57702.66583
2026-02-08 13:15:00+01:00,58082.432673003146,57324.55662
2026-02-08 13:30:00+01:00,57825.38575238293,57075.03747
2026-02-08 13:45:00+01:00,57537.29713928424,56690.34366
2026-02-08 14:00:00+01:00,57381.64073815935,56253.23207
2026-02-08 14:15:00+01:00,57040.85132028352,56076.12423
2026-02-08 14:30:00+01:00,57015.28757377044,55650.59186
2026-02-08 14:45:00+01:00,57007.274645503,55466.7703
2026-02-08 15:00:00+01:00,57201.60794341131,55639.90767
2026-02-08 15:15:00+01:00,57196.974192486625,55558.68665
2026-02-08 15:30:00+01:00,57172.93872724325,55503.79354
2026-02-08 15:45:00+01:00,57350.89009652277,55602.59464
2026-02-08 16:00:00+01:00,57715.99338490042,56350.79892
2026-02-08 16:15:00+01:00,58070.1899775738,56574.29511
2026-02-08 16:30:00+01:00,58642.054310346386,57026.43247
2026-02-08 16:45:00+01:00,59219.14156917615,57839.61167
2026-02-08 17:00:00+01:00,60184.720764442325,58923.80951
2026-02-08 17:15:00+01:00,62119.363293535505,60024.23424
2026-02-08 17:30:00+01:00,62074.37969037083,61513.53014
2026-02-08 17:45:00+01:00,62681.898354351004,62501.7925
2026-02-08 18:00:00+01:00,62622.987838661706,63302.44471
2026-02-08 18:15:00+01:00,62531.30390570076,63583.65781
2026-02-08 18:30:00+01:00,62519.30667708055,63378.53306
2026-02-08 18:45:00+01:00,62515.71134693981,63315.80352
2026-02-08 19:00:00+01:00,61827.33109231768,62734.83021
2026-02-08 19:15:00+01:00,61459.00198082009,62654.83111
2026-02-08 19:30:00+01:00,61045.35274741918,62239.05768
2026-02-08 19:45:00+01:00,60861.393275818395,61760.93285
2026-02-08 20:00:00+01:00,59848.072192206455,61124.69131
2026-02-08 20:15:00+01:00,58702.943136216425,60645.26591
2026-02-08 20:30:00+01:00,58294.51083255102,59920.14771
2026-02-08 20:45:00+01:00,58071.54925208582,59158.48692
2026-02-08 21:00:00+01:00,57773.59831345341,59000.67941
2026-02-08 21:15:00+01:00,57085.47820583225,58268.10267
2026-02-08 21:30:00+01:00,56968.67084099519,57887.6209
2026-02-08 21:45:00+01:00,56866.39140440129,57730.57145
2026-02-08 22:00:00+01:00,56962.34760396711,57584.1832
2026-02-08 22:15:00+01:00,56364.24687195032,56735.1129
2026-02-08 22:30:00+01:00,55611.83310278475,55976.91434
2026-02-08 22:45:00+01:00,55184.229230987214,55478.54099
2026-02-08 23:00:00+01:00,54537.06738141458,54607.20055
2026-02-08 23:15:00+01:00,53671.495341020964,53728.77025
2026-02-08 23:30:00+01:00,53192.14428383935,52561.88824
2026-02-08 23:45:00+01:00,52720.20911980522,51965.08151
2026-02-09 00:00:00+01:00,52411.617483323855,51383.84361
2026-02-09 00:15:00+01:00,51138.20610757634,50496.97436
2026-02-09 00:30:00+01:00,51084.382427320495,49861.62833
2026-02-09 00:45:00+01:00,50257.63736217411,49948.14572
2026-02-09 01:00:00+01:00,49854.21632502964,49410.19527
2026-02-09 01:15:00+01:00,49721.605133062345,49100.30813
2026-02-09 01:30:00+01:00,49038.32579590238,48887.65578
2026-02-09 01:45:00+01:00,48996.29336248151,49044.77656
2026-02-09 02:00:00+01:00,48994.62189738644,48500.5693
2026-02-09 02:15:00+01:00,48988.92946987162,48363.23668
2026-02-09 02:30:00+01:00,48986.921386970454,48077.92784
2026-02-09 02:45:00+01:00,48981.98786379481,48314.32675
2026-02-09 03:00:00+01:00,49005.06548048467,48498.65584
2026-02-09 03:15:00+01:00,49171.75336497153,48235.83319
2026-02-09 03:30:00+01:00,49649.99464255892,48180.68696
2026-02-09 03:45:00+01:00,49649.99464255892,48604.42252
2026-02-09 04:00:00+01:00,49938.09644624786,49072.90033
2026-02-09 04:15:00+01:00,50220.658737680846,49358.09654
2026-02-09 04:30:00+01:00,51150.915400308295,49468.96151
2026-02-09 04:45:00+01:00,51857.99819004828,50261.98011
2026-02-09 05:00:00+01:00,54252.037291738765,51886.06071
2026-02-09 05:15:00+01:00,55083.48113090781,52665.3288
2026-02-09 05:30:00+01:00,56274.99243888652,54092.22346
2026-02-09 05:45:00+01:00,57502.827019028344,56509.97261
2026-02-09 06:00:00+01:00,60173.756484995356,59028.95061
2026-02-09 06:15:00+01:00,62505.83384524104,61210.37852
2026-02-09 06:30:00+01:00,65000.929318478564,63467.68964
2026-02-09 06:45:00+01:00,67153.56652013687,64965.95953
2026-02-09 07:00:00+01:00,68859.64123323554,66684.18683
2026-02-09 07:15:00+01:00,70269.172355957,67632.64373
2026-02-09 07:30:00+01:00,71243.07051103686,68501.07876
2026-02-09 07:45:00+01:00,71752.21415595702,69066.24864
2026-02-09 08:00:00+01:00,72593.43584170815,70050.28889
2026-02-09 08:15:00+01:00,72940.73110489578,70555.94177
2026-02-09 08:30:00+01:00,73159.05313398517,71346.92594
2026-02-09 08:45:00+01:00,73359.61916602454,71546.02516
2026-02-09 09:00:00+01:00,73466.07242397418,71027.6259
2026-02-09 09:15:00+01:00,73579.58227437598,71080.11261
2026-02-09 09:30:00+01:00,73686.63158999103,71271.3789
2026-02-09 09:45:00+01:00,73766.43129616111,71452.07921
2026-02-09 10:00:00+01:00,72773.16499209205,71091.86493
2026-02-09 10:15:00+01:00,72847.21202919689,71035.05973
2026-02-09 10:30:00+01:00,72961.22969700402,71129.68887
2026-02-09 10:45:00+01:00,73035.6248623299,70775.4513
2026-02-09 11:00:00+01:00,72538.8513222555,70916.87665
2026-02-09 11:15:00+01:00,72575.71521263488,70844.66753
2026-02-09 11:30:00+01:00,72594.47091882688,70801.87031
2026-02-09 11:45:00+01:00,72579.20020758863,70543.00751
2026-02-09 12:00:00+01:00,72391.1752636807,70642.93694
2026-02-09 12:15:00+01:00,72374.46285425383,70663.24843
2026-02-09 12:30:00+01:00,72337.37981885915,70259.55032
2026-02-09 12:45:00+01:00,72223.74108647782,70197.24026
2026-02-09 13:00:00+01:00,71608.53777063535,69875.93984
2026-02-09 13:15:00+01:00,71455.70192176239,69470.27477
2026-02-09 13:30:00+01:00,71364.96660410942,69225.2712
2026-02-09 13:45:00+01:00,70939.12561510423,68813.94642
2026-02-09 14:00:00+01:00,70812.46922256853,68607.9975
2026-02-09 14:15:00+01:00,70570.90472023984,68331.55319
2026-02-09 14:30:00+01:00,70363.49581734756,68127.91856
2026-02-09 14:45:00+01:00,70332.51958680348,67955.70357
2026-02-09 15:00:00+01:00,70375.14554115124,68067.51872
2026-02-09 15:15:00+01:00,70346.8496196229,68012.22601
2026-02-09 15:30:00+01:00,70336.967999037,68062.22309
2026-02-09 15:45:00+01:00,70159.83543787799,67792.27202
2026-02-09 16:00:00+01:00,70339.94604319887,67507.15021
2026-02-09 16:15:00+01:00,70411.12615789144,67360.5433
2026-02-09 16:30:00+01:00,70502.02150953887,67499.51647
2026-02-09 16:45:00+01:00,70745.24763314828,68252.37835
2026-02-09 17:00:00+01:00,71742.30032593431,68660.24231
2026-02-09 17:15:00+01:00,72159.91369376272,69378.39631
2026-02-09 17:30:00+01:00,72305.77790098857,70617.64163
2026-02-09 17:45:00+01:00,72305.77790098857,71205.88625
2026-02-09 18:00:00+01:00,72922.28889908854,71605.29947
2026-02-09 18:15:00+01:00,72905.581287699,71710.8433
2026-02-09 18:30:00+01:00,72879.94653221009,71677.77864
2026-02-09 18:45:00+01:00,72773.99117248418,71520.84787
2026-02-09 19:00:00+01:00,72586.07539928034,71385.84995
2026-02-09 19:15:00+01:00,72234.45170947076,70409.26654
2026-02-09 19:30:00+01:00,72078.97398134385,70089.51265
2026-02-09 19:45:00+01:00,71780.48284586378,69570.81335
2026-02-09 20:00:00+01:00,70708.02967673395,68035.55765
2026-02-09 20:15:00+01:00,69918.18013112286,66811.50117
2026-02-09 20:30:00+01:00,68931.61070098061,66112.92055
2026-02-09 20:45:00+01:00,68707.00948543439,65665.16262
2026-02-09 21:00:00+01:00,67691.8919947555,64807.85746
2026-02-09 21:15:00+01:00,67081.26462586861,64037.74208
2026-02-09 21:30:00+01:00,66600.83303545561,62801.1567
2026-02-09 21:45:00+01:00,65843.42898495568,61927.93804
2026-02-09 22:00:00+01:00,64991.18386148845,61466.55517
2026-02-09 22:15:00+01:00,63796.661284728034,60948.42839
2026-02-09 22:30:00+01:00,61768.66558581006,59832.65408
2026-02-09 22:45:00+01:00,61604.05507448279,59068.96729
2026-02-09 23:00:00+01:00,59250.830295157844,57894.42605
2026-02-09 23:15:00+01:00,59083.2778326259,57432.00613
2026-02-09 23:30:00+01:00,58829.801210379796,56315.41516
2026-02-09 23:45:00+01:00,58359.79609481035,55819.82068
2026-02-10 00:00:00+01:00,56790.90841924517,54361.04531
2026-02-10 00:15:00+01:00,56275.006251518855,54004.79124
2026-02-10 00:30:00+01:00,55387.85089550839,53407.53147
2026-02-10 00:45:00+01:00,55259.43392914156,52965.95151
2026-02-10 01:00:00+01:00,55263.57541233091,52315.77689
2026-02-10 01:15:00+01:00,54959.01661873436,51926.78559
2026-02-10 01:30:00+01:00,54517.69338759376,51648.08467
2026-02-10 01:45:00+01:00,53914.34839227404,51281.10988
2026-02-10 02:00:00+01:00,53223.11261217352,50893.84129
2026-02-10 02:15:00+01:00,52973.2711258584,51003.63972
2026-02-10 02:30:00+01:00,52841.89870204984,51036.49727
2026-02-10 02:45:00+01:00,52841.89870204984,51095.17193
2026-02-10 03:00:00+01:00,53245.61432828595,51243.88429
2026-02-10 03:15:00+01:00,53539.86089767985,51167.80797
2026-02-10 03:30:00+01:00,54487.08017368878,51326.14066
2026-02-10 03:45:00+01:00,54739.45113294125,51533.94798
2026-02-10 04:00:00+01:00,54952.85203862143,51945.17214
2026-02-10 04:15:00+01:00,54952.85203862143,52118.814
2026-02-10 04:30:00+01:00,55153.3338966478,52127.04901
2026-02-10 04:45:00+01:00,55759.93153269213,52693.50057
2026-02-10 05:00:00+01:00,57069.828645527785,54006.7398
2026-02-10 05:15:00+01:00,57437.317783737446,54390.59133
2026-02-10 05:30:00+01:00,58217.42774899395,55956.86282
2026-02-10 05:45:00+01:00,59295.950373477375,57646.44832
2026-02-10 06:00:00+01:00,62837.85300631371,60509.47496
2026-02-10 06:15:00+01:00,66359.59638547382,62514.36351
2026-02-10 06:30:00+01:00,66915.19445896553,64159.18993
2026-02-10 06:45:00+01:00,68796.28169043687,65447.08803
2026-02-10 07:00:00+01:00,70295.04602663573,67443.93804
2026-02-10 07:15:00+01:00,70852.17690389328,68624.29687
2026-02-10 07:30:00+01:00,71423.8647125499,69363.23616
2026-02-10 07:45:00+01:00,71969.171699644,69675.49978
2026-02-10 08:00:00+01:00,72643.73358427298,70516.31207
2026-02-10 08:15:00+01:00,72906.15083653966,70889.20401
2026-02-10 08:30:00+01:00,72921.60740552953,70998.27641
2026-02-10 08:45:00+01:00,72949.24977122662,70801.86343
2026-02-10 09:00:00+01:00,72896.14114467507,70511.09591
2026-02-10 09:15:00+01:00,73115.80145695656,70960.34609
2026-02-10 09:30:00+01:00,73116.49765205444,70916.34219
2026-02-10 09:45:00+01:00,73178.86221356734,70827.21963
2026-02-10 10:00:00+01:00,72723.69398626847,70540.52775
2026-02-10 10:15:00+01:00,72738.71926275537,70797.96788
2026-02-10 10:30:00+01:00,72843.83611727734,71054.36287
2026-02-10 10:45:00+01:00,72920.50269310737,71405.14317
2026-02-10 11:00:00+01:00,73008.68735749637,70898.26062
2026-02-10 11:15:00+01:00,72937.47346306292,71335.10684
2026-02-10 11:30:00+01:00,72931.628856939,71263.36141
2026-02-10 11:45:00+01:00,72916.79024903775,70897.60924
2026-02-10 12:00:00+01:00,72656.28780384555,71043.83299
2026-02-10 12:15:00+01:00,72626.29920663385,70740.45544
2026-02-10 12:30:00+01:00,72633.41774076645,70186.18952
2026-02-10 12:45:00+01:00,72583.98767322671,69672.53177
2026-02-10 13:00:00+01:00,72194.1577077028,69726.45047
2026-02-10 13:15:00+01:00,71965.14591240825,69314.03048
2026-02-10 13:30:00+01:00,71698.96834538179,68970.51461
2026-02-10 13:45:00+01:00,71435.89813099254,68119.57315
2026-02-10 14:00:00+01:00,71253.69595649296,68422.82906
2026-02-10 14:15:00+01:00,70908.36567479349,68222.01424
2026-02-10 14:30:00+01:00,70823.12790105677,68088.66804
2026-02-10 14:45:00+01:00,70591.33860757551,67996.19426
2026-02-10 15:00:00+01:00,70974.24737896219,68243.65462
2026-02-10 15:15:00+01:00,70919.50533934083,68174.69891
2026-02-10 15:30:00+01:00,70750.58322588903,67810.34307
2026-02-10 15:45:00+01:00,70750.3746213139,67536.62187
2026-02-10 16:00:00+01:00,71506.9643746464,67924.93372
2026-02-10 16:15:00+01:00,71557.56867844674,67355.60329
2026-02-10 16:30:00+01:00,71504.14124567075,67829.15766
2026-02-10 16:45:00+01:00,71730.05524383651,68458.48585
2026-02-10 17:00:00+01:00,72940.65937939407,68680.57638
2026-02-10 17:15:00+01:00,73251.00160729456,69570.494
2026-02-10 17:30:00+01:00,73437.98372043528,70525.55358
2026-02-10 17:45:00+01:00,73447.1931963536,71384.66008
2026-02-10 18:00:00+01:00,73567.13080331837,71233.76426
2026-02-10 18:15:00+01:00,73469.47147473077,71257.38049
2026-02-10 18:30:00+01:00,73418.74965333736,71435.90129
2026-02-10 18:45:00+01:00,73338.76226934252,71482.21961
2026-02-10 19:00:00+01:00,72663.15311562757,70690.25732
2026-02-10 19:15:00+01:00,72529.43869863459,69634.09063
2026-02-10 19:30:00+01:00,72278.53775142391,69779.16516
2026-02-10 19:45:00+01:00,71878.09332042126,69190.13948
2026-02-10 20:00:00+01:00,71116.25797519497,67938.36826
2026-02-10 20:15:00+01:00,70483.28448799274,66716.34203
2026-02-10 20:30:00+01:00,70002.72701884208,65698.37078
2026-02-10 20:45:00+01:00,68873.77936238806,65122.71331
2026-02-10 21:00:00+01:00,68009.93936687431,64182.59015
2026-02-10 21:15:00+01:00,66738.54463334457,63412.61471
2026-02-10 21:30:00+01:00,66315.01065905193,62598.19125
2026-02-10 21:45:00+01:00,66164.25473315739,61532.51888
2026-02-10 22:00:00+01:00,64666.138879144186,60728.51255
2026-02-10 22:15:00+01:00,64608.022051040905,60113.70715
2026-02-10 22:30:00+01:00,62671.13195716501,59086.34489
2026-02-10 22:45:00+01:00,61067.10040701838,58133.08212
2026-02-10 23:00:00+01:00,59901.021786037236,57022.16095
2026-02-10 23:15:00+01:00,58914.758554172775,56033.71505
2026-02-10 23:30:00+01:00,58518.8155866425,55150.31366
2026-02-10 23:45:00+01:00,58010.97262135504,54435.61986
2026-02-11 00:00:00+01:00,55168.97510084732,53676.29466
2026-02-11 00:15:00+01:00,54350.56615811695,53049.27139
2026-02-11 00:30:00+01:00,53868.35269292808,52212.16186
2026-02-11 00:45:00+01:00,53201.78620126476,51433.97719
2026-02-11 01:00:00+01:00,52976.41672677994,51227.71822
2026-02-11 01:15:00+01:00,52905.65678462674,50768.0357
2026-02-11 01:30:00+01:00,52696.24739414314,50118.0758
2026-02-11 01:45:00+01:00,52551.20146872695,50094.35396
2026-02-11 02:00:00+01:00,52895.995480976395,49704.87543
2026-02-11 02:15:00+01:00,52945.53435742259,49721.09035
2026-02-11 02:30:00+01:00,52905.76003580828,49808.04209
2026-02-11 02:45:00+01:00,52905.76003580828,49926.00921
2026-02-11 03:00:00+01:00,52715.87696266471,49888.7648
2026-02-11 03:15:00+01:00,52433.72032794176,50283.26113
2026-02-11 03:30:00+01:00,52666.74216076049,50498.33687
2026-02-11 03:45:00+01:00,52558.433472424826,50772.6065
2026-02-11 04:00:00+01:00,53533.55181889699,50266.23794
2026-02-11 04:15:00+01:00,53416.141366799195,50516.74034
2026-02-11 04:30:00+01:00,53671.9080531448,50809.17763
2026-02-11 04:45:00+01:00,54003.08898136298,51510.99916
2026-02-11 05:00:00+01:00,55546.77264315899,53035.44997
2026-02-11 05:15:00+01:00,56479.03722156598,53754.50232
2026-02-11 05:30:00+01:00,57793.34361995366,54885.02747
2026-02-11 05:45:00+01:00,58632.22218933957,56625.84319
2026-02-11 06:00:00+01:00,62566.631098205406,59224.15871
2026-02-11 06:15:00+01:00,63880.21906903324,61609.16856
2026-02-11 06:30:00+01:00,65712.0469059346,63718.17004
2026-02-11 06:45:00+01:00,67271.97211301353,65468.62885
2026-02-11 07:00:00+01:00,68244.56628397651,67515.73718
2026-02-11 07:15:00+01:00,69350.27576149299,68408.16835
2026-02-11 07:30:00+01:00,69771.48107004384,68975.38067
2026-02-11 07:45:00+01:00,70267.20878397214,69530.51693
2026-02-11 08:00:00+01:00,70439.44733996558,70500.31841
2026-02-11 08:15:00+01:00,70610.89144388576,70988.42474
2026-02-11 08:30:00+01:00,71546.16676978103,71013.08035
2026-02-11 08:45:00+01:00,71861.75948444963,71234.32692
2026-02-11 09:00:00+01:00,71712.38600376245,71254.21734
2026-02-11 09:15:00+01:00,71805.62527331652,71632.66519
2026-02-11 09:30:00+01:00,71916.26956791367,71668.22424
2026-02-11 09:45:00+01:00,72057.1117753483,71882.88784
2026-02-11 10:00:00+01:00,71991.0419567934,71590.5525
2026-02-11 10:15:00+01:00,72035.95911053245,71732.85874
2026-02-11 10:30:00+01:00,72189.06434974083,72140.27841
2026-02-11 10:45:00+01:00,72252.2985177404,72411.9848
2026-02-11 11:00:00+01:00,72245.83917213947,72428.04599
2026-02-11 11:15:00+01:00,72233.00448596358,72306.01369
2026-02-11 11:30:00+01:00,72322.70917056358,72205.4585
2026-02-11 11:45:00+01:00,72201.75324625347,71744.39044
2026-02-11 12:00:00+01:00,72273.1778074491,71227.1862
2026-02-11 12:15:00+01:00,72236.72557610678,71295.13218
2026-02-11 12:30:00+01:00,72166.39427662123,71633.95329
2026-02-11 12:45:00+01:00,72042.73035929518,70989.66531
2026-02-11 13:00:00+01:00,71903.94915051293,70155.38275
2026-02-11 13:15:00+01:00,71841.44653697188,69843.70481
2026-02-11 13:30:00+01:00,71601.78618274638,69574.36284
2026-02-11 13:45:00+01:00,71203.78125193267,68926.99023
2026-02-11 14:00:00+01:00,70908.94126520203,68855.62359
2026-02-11 14:15:00+01:00,70902.67150594157,69121.16508
2026-02-11 14:30:00+01:00,70777.48361021126,68576.56962
2026-02-11 14:45:00+01:00,70410.48624751031,68593.74449
2026-02-11 15:00:00+01:00,70596.81217284201,68917.85274
2026-02-11 15:15:00+01:00,70596.81217284201,68597.83621
2026-02-11 15:30:00+01:00,70621.01653608691,68399.80834
2026-02-11 15:45:00+01:00,70621.01653608691,68483.60732
2026-02-11 16:00:00+01:00,70493.69363625033,68422.39239
2026-02-11 16:15:00+01:00,70807.89074659387,68562.98851
2026-02-11 16:30:00+01:00,70955.1655654198,68772.04648
2026-02-11 16:45:00+01:00,71217.79614831391,69065.70783
2026-02-11 17:00:00+01:00,71556.74474828201,69790.07501
2026-02-11 17:15:00+01:00,72009.17842446921,70195.66275
2026-02-11 17:30:00+01:00,72167.86128446786,71216.12884
2026-02-11 17:45:00+01:00,72167.86128446786,72099.67095
2026-02-11 18:00:00+01:00,72023.99609117737,72208.59257
2026-02-11 18:15:00+01:00,72024.23691272594,72317.7945
2026-02-11 18:30:00+01:00,72016.42517094423,72364.05068
2026-02-11 18:45:00+01:00,71946.98554437915,72040.81312
2026-02-11 19:00:00+01:00,71545.10285822382,71550.92894
2026-02-11 19:15:00+01:00,71164.52689465147,71019.05675
2026-02-11 19:30:00+01:00,71022.31086383677,70394.26929
2026-02-11 19:45:00+01:00,70688.00597612213,69596.10747
2026-02-11 20:00:00+01:00,69846.60679655477,68333.23294
2026-02-11 20:15:00+01:00,69349.71231278827,67510.47065
2026-02-11 20:30:00+01:00,68181.27050537149,66781.79724
2026-02-11 20:45:00+01:00,67749.93315351008,65649.71857
2026-02-11 21:00:00+01:00,66226.69385909778,65205.28546
2026-02-11 21:15:00+01:00,65485.75025977468,64389.41467
2026-02-11 21:30:00+01:00,64510.23971884413,63391.14494
2026-02-11 21:45:00+01:00,63984.113694416345,62255.43022
2026-02-11 22:00:00+01:00,63525.294157105294,61523.17225
2026-02-11 22:15:00+01:00,62822.13856454555,60853.47728
2026-02-11 22:30:00+01:00,61894.80348008995,60016.40564
2026-02-11 22:45:00+01:00,60646.87824960295,58774.60868
2026-02-11 23:00:00+01:00,59645.66677219545,57734.55999
2026-02-11 23:15:00+01:00,59008.87974845001,56282.26354
2026-02-11 23:30:00+01:00,58149.17365747847,55460.02529
2026-02-11 23:45:00+01:00,57905.83581009391,54610.71508
2026-02-12 00:00:00+01:00,55044.636742004805,53591.16108
2026-02-12 00:15:00+01:00,54211.90509623933,52660.47832
2026-02-12 00:30:00+01:00,53854.09453371915,52115.85787
2026-02-12 00:45:00+01:00,53765.36318424216,51675.6674
2026-02-12 01:00:00+01:00,53159.9550319216,51030.20351
2026-02-12 01:15:00+01:00,52693.56991891576,50663.41104
2026-02-12 01:30:00+01:00,52608.60818070493,50321.4467
2026-02-12 01:45:00+01:00,52361.306636898655,50221.71239
2026-02-12 02:00:00+01:00,52020.732133657104,49963.72624
2026-02-12 02:15:00+01:00,51882.436986914865,50104.9454
2026-02-12 02:30:00+01:00,51919.14382138857,50185.87292
2026-02-12 02:45:00+01:00,51919.14382138857,50278.32934
2026-02-12 03:00:00+01:00,52267.85385639648,50384.12768
2026-02-12 03:15:00+01:00,52267.85385639648,50626.00374
2026-02-12 03:30:00+01:00,52173.376670886864,50805.41278
2026-02-12 03:45:00+01:00,52291.620803455044,51154.18359
2026-02-12 04:00:00+01:00,52719.509420486705,51613.25469
2026-02-12 04:15:00+01:00,53354.49097164357,51886.04826
2026-02-12 04:30:00+01:00,53379.42375599376,52288.05292
2026-02-12 04:45:00+01:00,53825.212818144806,52935.81035
2026-02-12 05:00:00+01:00,55406.42668505549,54105.93834
2026-02-12 05:15:00+01:00,56682.392617988866,54866.50331
2026-02-12 05:30:00+01:00,57967.66725555375,56248.303
2026-02-12 05:45:00+01:00,58597.09476526877,57945.8224
2026-02-12 06:00:00+01:00,62494.6187893585,60902.59117
2026-02-12 06:15:00+01:00,64231.40992221693,63158.79084
2026-02-12 06:30:00+01:00,65854.08791050852,64997.20271
2026-02-12 06:45:00+01:00,67245.5754896921,66583.06849
2026-02-12 07:00:00+01:00,68759.74051452805,68221.9296
2026-02-12 07:15:00+01:00,69007.29287456132,69567.1934
2026-02-12 07:30:00+01:00,69799.12902017105,70046.61072
2026-02-12 07:45:00+01:00,70548.217883104,70682.52574
2026-02-12 08:00:00+01:00,71009.04789722787,71539.63123
2026-02-12 08:15:00+01:00,71276.74916812824,72050.90177
2026-02-12 08:30:00+01:00,71291.05279241063,71988.98141
2026-02-12 08:45:00+01:00,71513.45403125213,71918.59399
2026-02-12 09:00:00+01:00,71482.19402818827,71806.02146
2026-02-12 09:15:00+01:00,71479.54706371033,72029.99601
2026-02-12 09:30:00+01:00,71484.08397687247,72816.25876
2026-02-12 09:45:00+01:00,71560.56702497577,72945.8394
2026-02-12 10:00:00+01:00,71567.02846544904,72452.06171
2026-02-12 10:15:00+01:00,71647.85656707169,71830.1449
2026-02-12 10:30:00+01:00,71841.77836870891,71463.28747
2026-02-12 10:45:00+01:00,71926.2141526357,71555.37209
2026-02-12 11:00:00+01:00,71917.80143286978,71667.42353
2026-02-12 11:15:00+01:00,71956.3038126311,71777.40165
2026-02-12 11:30:00+01:00,71959.12523295288,71945.39946
2026-02-12 11:45:00+01:00,71879.55875450364,71942.4532
2026-02-12 12:00:00+01:00,71356.96328838968,71425.19229
2026-02-12 12:15:00+01:00,71299.88447994062,71125.31849
2026-02-12 12:30:00+01:00,71238.26359681199,71530.32164
2026-02-12 12:45:00+01:00,71097.1984016579,71978.59833
2026-02-12 13:00:00+01:00,71049.81841345337,71494.021
2026-02-12 13:15:00+01:00,70845.34995760967,71333.10591
2026-02-12 13:30:00+01:00,70730.45102429335,71139.83288
2026-02-12 13:45:00+01:00,70280.61664928611,70560.78825
2026-02-12 14:00:00+01:00,70206.53987227795,70259.34448
2026-02-12 14:15:00+01:00,70108.6878405769,70232.87364
2026-02-12 14:30:00+01:00,69887.63521450307,69993.42652
2026-02-12 14:45:00+01:00,69488.64784174124,69592.95706
2026-02-12 15:00:00+01:00,69367.66185101059,70304.734
2026-02-12 15:15:00+01:00,69336.97659536518,69872.7535
2026-02-12 15:30:00+01:00,69335.44780805426,69609.5019
2026-02-12 15:45:00+01:00,69284.74278224578,69383.25075
2026-02-12 16:00:00+01:00,69380.0110808349,69614.77965
2026-02-12 16:15:00+01:00,69417.23424249282,69619.6468
2026-02-12 16:30:00+01:00,69939.7721106486,69588.42955
2026-02-12 16:45:00+01:00,70099.93450095742,70134.2237
2026-02-12 17:00:00+01:00,70419.96557579875,70679.63005
2026-02-12 17:15:00+01:00,71051.41149050121,71409.69608
2026-02-12 17:30:00+01:00,71414.12338394726,72249.70554
2026-02-12 17:45:00+01:00,71467.78151769916,73103.78131
2026-02-12 18:00:00+01:00,71501.11876847345,73295.32076
2026-02-12 18:15:00+01:00,71501.11876847345,73364.47825
2026-02-12 18:30:00+01:00,71483.74420956842,73308.6503
2026-02-12 18:45:00+01:00,71396.32672846725,73007.91103
2026-02-12 19:00:00+01:00,70862.28419088123,72283.7488
2026-02-12 19:15:00+01:00,70470.4870516946,71887.70628
2026-02-12 19:30:00+01:00,70145.10175382222,71627.66552
2026-02-12 19:45:00+01:00,69505.71035714452,71127.82648
2026-02-12 20:00:00+01:00,68982.60727424003,69729.61562
2026-02-12 20:15:00+01:00,67783.86632642207,68570.69764
2026-02-12 20:30:00+01:00,66907.59412485716,67848.2369
2026-02-12 20:45:00+01:00,65411.95567054908,67053.01225
2026-02-12 21:00:00+01:00,64801.466582775865,65959.3742
2026-02-12 21:15:00+01:00,64699.4527770754,64610.09967
2026-02-12 21:30:00+01:00,63180.97594033574,63495.08078
2026-02-12 21:45:00+01:00,62908.34593313556,62769.59142
2026-02-12 22:00:00+01:00,62087.54510524354,61407.2099
2026-02-12 22:15:00+01:00,60874.25224821145,61051.98692
2026-02-12 22:30:00+01:00,60392.52172718266,60095.01991
2026-02-12 22:45:00+01:00,59566.70453284816,59661.19431
2026-02-12 23:00:00+01:00,58005.72337516315,58287.91884
2026-02-12 23:15:00+01:00,57775.84927300307,57639.71184
2026-02-12 23:30:00+01:00,57000.35200049198,56690.03481
2026-02-12 23:45:00+01:00,56290.1427745116,55835.88007
2026-02-13 00:00:00+01:00,53637.59850812344,54420.32187
2026-02-13 00:15:00+01:00,53500.255679227026,53907.81126
2026-02-13 00:30:00+01:00,53252.48975270055,53525.96612
2026-02-13 00:45:00+01:00,52187.59198802307,52731.13435
2026-02-13 01:00:00+01:00,51273.41495206089,52106.15931
2026-02-13 01:15:00+01:00,50662.680487869955,51520.73291
2026-02-13 01:30:00+01:00,50105.06252186491,51037.51194
2026-02-13 01:45:00+01:00,50039.29215405787,50885.66804
2026-02-13 02:00:00+01:00,49703.68292560515,50658.69464
2026-02-13 02:15:00+01:00,49571.885980034574,50193.71919
2026-02-13 02:30:00+01:00,49571.885980034574,50234.25626
2026-02-13 02:45:00+01:00,49534.26159608741,49997.54869
2026-02-13 03:00:00+01:00,49567.49539979759,50560.89269
2026-02-13 03:15:00+01:00,49264.01457855695,50408.68333
2026-02-13 03:30:00+01:00,49658.757818002254,50459.23383
2026-02-13 03:45:00+01:00,49803.67325398233,50854.52648
2026-02-13 04:00:00+01:00,50230.216091551694,51208.37836
2026-02-13 04:15:00+01:00,50289.00924616254,51390.03408
2026-02-13 04:30:00+01:00,50965.07307764969,51896.8156
2026-02-13 04:45:00+01:00,51317.42385118915,52174.44979
2026-02-13 05:00:00+01:00,52888.88261949925,53658.98722
2026-02-13 05:15:00+01:00,53815.41390784598,54357.82922
2026-02-13 05:30:00+01:00,54826.556945446246,55594.16896
2026-02-13 05:45:00+01:00,57559.688402809195,57124.10433
2026-02-13 06:00:00+01:00,59959.30692442177,60305.28863
2026-02-13 06:15:00+01:00,62389.63162326009,62371.80871
2026-02-13 06:30:00+01:00,63588.317114369995,64254.82616
2026-02-13 06:45:00+01:00,65412.13215322844,65678.55675
2026-02-13 07:00:00+01:00,67681.31505519526,67318.15841
2026-02-13 07:15:00+01:00,68476.4269519834,68212.17715
2026-02-13 07:30:00+01:00,69453.18521006906,68912.74584
2026-02-13 07:45:00+01:00,70183.06282385183,69596.13772
2026-02-13 08:00:00+01:00,70758.96327071915,70694.16746
2026-02-13 08:15:00+01:00,71248.02908585014,71030.73204
2026-02-13 08:30:00+01:00,71369.72688215981,71358.87332
2026-02-13 08:45:00+01:00,71376.25857566572,70999.13062
2026-02-13 09:00:00+01:00,71355.82723055659,71235.43426
2026-02-13 09:15:00+01:00,71657.99623239823,71192.07681
2026-02-13 09:30:00+01:00,71641.12879488911,71477.18022
2026-02-13 09:45:00+01:00,71680.63546631481,71736.02067
2026-02-13 10:00:00+01:00,71759.43705462567,71854.05667
2026-02-13 10:15:00+01:00,71640.9236918943,72108.28702
2026-02-13 10:30:00+01:00,71872.46830607127,71868.09697
2026-02-13 10:45:00+01:00,71969.33803026647,71634.73635
2026-02-13 11:00:00+01:00,71943.01532786516,71069.91466
2026-02-13 11:15:00+01:00,71962.08753851542,71080.41456
2026-02-13 11:30:00+01:00,71759.55953578776,71567.29676
2026-02-13 11:45:00+01:00,71759.55953578776,71172.51302
2026-02-13 12:00:00+01:00,71402.78474304086,70818.59582
2026-02-13 12:15:00+01:00,71223.5467534838,70502.35229
2026-02-13 12:30:00+01:00,71110.35303690145,69972.43299
2026-02-13 12:45:00+01:00,71051.7969755825,69794.02686
2026-02-13 13:00:00+01:00,70648.38790618179,69369.20765
2026-02-13 13:15:00+01:00,69853.67116822707,68533.74192
2026-02-13 13:30:00+01:00,69335.8170158241,67873.40281
2026-02-13 13:45:00+01:00,68748.99465202291,67366.43819
2026-02-13 14:00:00+01:00,68284.59460728633,67003.54054
2026-02-13 14:15:00+01:00,67824.09740589527,67159.54575
2026-02-13 14:30:00+01:00,67743.80165591092,67224.39081
2026-02-13 14:45:00+01:00,67453.47877624488,66745.35529
2026-02-13 15:00:00+01:00,67744.03354183046,66561.59957
2026-02-13 15:15:00+01:00,67298.8890198556,66047.8855
2026-02-13 15:30:00+01:00,67383.8746873356,66373.61222
2026-02-13 15:45:00+01:00,67633.3447687789,66285.43834
2026-02-13 16:00:00+01:00,67862.65977703845,66599.08072
2026-02-13 16:15:00+01:00,67970.15069279782,66679.02262
2026-02-13 16:30:00+01:00,68280.08194195153,66903.80085
2026-02-13 16:45:00+01:00,68298.71250265196,67570.88912
2026-02-13 17:00:00+01:00,69757.88565954752,68015.45294
2026-02-13 17:15:00+01:00,70240.43866151718,68499.46886
2026-02-13 17:30:00+01:00,71216.93142071179,69135.74055
2026-02-13 17:45:00+01:00,71308.85021965203,69722.66539
2026-02-13 18:00:00+01:00,71258.82895454612,70040.60298
2026-02-13 18:15:00+01:00,71258.14599247863,69987.97081
2026-02-13 18:30:00+01:00,71246.43336008528,69918.13242
2026-02-13 18:45:00+01:00,71170.5147350971,69722.93719
2026-02-13 19:00:00+01:00,70313.67026841009,69311.92899
2026-02-13 19:15:00+01:00,69732.29803152058,68812.43169
2026-02-13 19:30:00+01:00,69135.977463219,68236.09372
2026-02-13 19:45:00+01:00,68793.29511085086,67594.35098
2026-02-13 20:00:00+01:00,66873.4949984985,66267.28502
2026-02-13 20:15:00+01:00,65441.69302080082,65549.37937
2026-02-13 20:30:00+01:00,64637.59965329923,64751.45382
2026-02-13 20:45:00+01:00,63367.80938377445,63990.06688
2026-02-13 21:00:00+01:00,61328.48157690853,63266.84486
2026-02-13 21:15:00+01:00,61190.540516289766,62666.43815
2026-02-13 21:30:00+01:00,60492.21103213871,61638.4849
2026-02-13 21:45:00+01:00,59618.35259173269,60862.81319
2026-02-13 22:00:00+01:00,59514.95878946537,60064.52333
2026-02-13 22:15:00+01:00,58734.75243777065,59092.72685
2026-02-13 22:30:00+01:00,57919.6516215415,58317.17816
2026-02-13 22:45:00+01:00,57138.30638353266,57439.4514
2026-02-13 23:00:00+01:00,55424.50829289461,56260.2627
2026-02-13 23:15:00+01:00,54404.33619212282,55507.67687
2026-02-13 23:30:00+01:00,54470.58929038239,54695.13601
2026-02-13 23:45:00+01:00,54155.48198382218,53829.04618
2026-02-14 00:00:00+01:00,53451.49478110579,52820.58898
2026-02-14 00:15:00+01:00,52391.64897431508,52035.46282
2026-02-14 00:30:00+01:00,51792.7143368289,51588.45544
2026-02-14 00:45:00+01:00,51382.337874584584,50909.51526
2026-02-14 01:00:00+01:00,50928.498990519205,50102.24105
2026-02-14 01:15:00+01:00,50237.95682587193,49548.26243
2026-02-14 01:30:00+01:00,50111.91241737158,49302.37675
2026-02-14 01:45:00+01:00,49794.24953929559,48980.76367
2026-02-14 02:00:00+01:00,49344.93169795716,48395.44613
2026-02-14 02:15:00+01:00,49065.216681834754,48440.83412
2026-02-14 02:30:00+01:00,49137.284655015676,48336.58391
2026-02-14 02:45:00+01:00,49137.284655015676,48183.98727
2026-02-14 03:00:00+01:00,49034.43696715541,48123.44073
2026-02-14 03:15:00+01:00,48951.99394066318,48119.80684
2026-02-14 03:30:00+01:00,48951.99394066318,47859.24636
2026-02-14 03:45:00+01:00,49077.76017391973,47966.38476
2026-02-14 04:00:00+01:00,49118.84538973554,48040.70953
2026-02-14 04:15:00+01:00,49118.84538973554,48240.39757
2026-02-14 04:30:00+01:00,49065.016658936096,48178.91411
2026-02-14 04:45:00+01:00,49256.41850512642,48148.35489
2026-02-14 05:00:00+01:00,49309.9847822433,48677.98768
2026-02-14 05:15:00+01:00,48852.04017081578,48909.16302
2026-02-14 05:30:00+01:00,49095.87327553808,48760.60479
2026-02-14 05:45:00+01:00,49358.11853194962,48887.71556
2026-02-14 06:00:00+01:00,49800.313069841905,49187.83916
2026-02-14 06:15:00+01:00,50609.13361508702,49901.28243
2026-02-14 06:30:00+01:00,51354.977883569736,50304.08399
2026-02-14 06:45:00+01:00,51651.644881705826,50927.76972
2026-02-14 07:00:00+01:00,52373.48662569271,52000.35373
2026-02-14 07:15:00+01:00,53484.306777983555,52676.58222
2026-02-14 07:30:00+01:00,54049.133083602035,53233.38607
2026-02-14 07:45:00+01:00,54575.49587586298,54151.57945
2026-02-14 08:00:00+01:00,55708.14650084691,55355.27412
2026-02-14 08:15:00+01:00,56147.77801076024,56099.38466
2026-02-14 08:30:00+01:00,57007.48354397186,56826.37645
2026-02-14 08:45:00+01:00,57205.91580693311,57897.44683
2026-02-14 09:00:00+01:00,58860.085085645434,58524.99717
2026-02-14 09:15:00+01:00,59163.853727733695,59410.31893
2026-02-14 09:30:00+01:00,60157.20660622583,59985.538
2026-02-14 09:45:00+01:00,60287.2671175695,60514.25656
2026-02-14 10:00:00+01:00,60536.36710093754,61050.98302
2026-02-14 10:15:00+01:00,60616.37705525853,61620.83519
2026-02-14 10:30:00+01:00,60791.02952876562,61522.33065
2026-02-14 10:45:00+01:00,60909.83917253968,61795.09876
2026-02-14 11:00:00+01:00,61081.48301538069,62010.58582
2026-02-14 11:15:00+01:00,61107.67422085955,62332.89748
2026-02-14 11:30:00+01:00,61100.9082796058,62567.75994
2026-02-14 11:45:00+01:00,61100.9082796058,62450.08809
2026-02-14 12:00:00+01:00,61070.64278195052,62218.42889
2026-02-14 12:15:00+01:00,61070.64278195052,62164.8026
2026-02-14 12:30:00+01:00,60810.43903638101,62006.13484
2026-02-14 12:45:00+01:00,60836.84641122741,61556.08727
2026-02-14 13:00:00+01:00,60871.33999629258,61258.16125
2026-02-14 13:15:00+01:00,59321.36129401719,60615.69425
2026-02-14 13:30:00+01:00,58126.010975367855,60665.33652
2026-02-14 13:45:00+01:00,57269.87649754292,60061.01399
2026-02-14 14:00:00+01:00,57190.19890144028,59510.41063
2026-02-14 14:15:00+01:00,57034.91041350588,59512.38568
2026-02-14 14:30:00+01:00,56907.20491166863,59256.53811
2026-02-14 14:45:00+01:00,56710.662705299284,59413.78991
2026-02-14 15:00:00+01:00,56919.54142267478,59229.5678
2026-02-14 15:15:00+01:00,56919.54142267478,59202.39238
2026-02-14 15:30:00+01:00,57609.51297311057,59287.50586
2026-02-14 15:45:00+01:00,57609.51297311057,59376.63232
2026-02-14 16:00:00+01:00,58476.16319123949,59666.04764
2026-02-14 16:15:00+01:00,58615.27268933318,59879.97904
2026-02-14 16:30:00+01:00,59735.56368239454,60060.53068
2026-02-14 16:45:00+01:00,60052.707427753354,60575.20473
2026-02-14 17:00:00+01:00,60367.94984604538,61302.30699
2026-02-14 17:15:00+01:00,60929.54641815309,61966.73934
2026-02-14 17:30:00+01:00,60948.35151303525,62789.69448
2026-02-14 17:45:00+01:00,61818.99974044189,63740.85571
2026-02-14 18:00:00+01:00,62261.63032056725,64177.58318
2026-02-14 18:15:00+01:00,62256.59444882479,64103.66889
2026-02-14 18:30:00+01:00,62261.579039343924,63942.9044
2026-02-14 18:45:00+01:00,62185.24827954635,63513.24196
2026-02-14 19:00:00+01:00,61541.47640793145,63068.00848
2026-02-14 19:15:00+01:00,60678.12217818683,62539.45997
2026-02-14 19:30:00+01:00,60320.724137269724,62007.52102
2026-02-14 19:45:00+01:00,60214.63373821434,61292.07585
2026-02-14 20:00:00+01:00,59814.21014966109,59863.25878
2026-02-14 20:15:00+01:00,58081.77049062671,58852.97828
2026-02-14 20:30:00+01:00,57412.07180001732,58156.36565
2026-02-14 20:45:00+01:00,56406.23358269293,57261.45024
2026-02-14 21:00:00+01:00,56194.66839160407,56867.07374
2026-02-14 21:15:00+01:00,55810.53677745482,56208.6225
2026-02-14 21:30:00+01:00,55364.16472834512,55562.41013
2026-02-14 21:45:00+01:00,55041.26196057581,55331.3609
2026-02-14 22:00:00+01:00,54951.51701097553,55257.42873
2026-02-14 22:15:00+01:00,54376.73155163503,54935.29487
2026-02-14 22:30:00+01:00,53810.20227231646,54358.72304
2026-02-14 22:45:00+01:00,53513.80891036171,53887.66163
2026-02-14 23:00:00+01:00,52767.51764202516,52808.12145
2026-02-14 23:15:00+01:00,51961.52030158359,52254.57371
2026-02-14 23:30:00+01:00,51050.64646632351,51718.85486
2026-02-14 23:45:00+01:00,50566.64053200502,51110.15472
2026-02-15 00:00:00+01:00,49365.345621946966,49549.76725
2026-02-15 00:15:00+01:00,49185.686470103,49457.39765
2026-02-15 00:30:00+01:00,48646.82411538675,48722.21734
2026-02-15 00:45:00+01:00,48332.28692270317,48470.46565
2026-02-15 01:00:00+01:00,47732.19381763658,47843.76927
2026-02-15 01:15:00+01:00,47857.6792090497,47389.88723
2026-02-15 01:30:00+01:00,47709.61965027388,47164.68509
2026-02-15 01:45:00+01:00,47610.80944158881,46908.07806
2026-02-15 02:00:00+01:00,47583.254353463606,46495.79935
2026-02-15 02:15:00+01:00,47499.5469781993,46451.83555
2026-02-15 02:30:00+01:00,47490.31740604862,46443.63036
2026-02-15 02:45:00+01:00,47472.390036646335,46422.51706
2026-02-15 03:00:00+01:00,47404.15307752713,46242.91168
2026-02-15 03:15:00+01:00,47233.72438040328,46055.17072
2026-02-15 03:30:00+01:00,47211.48789093916,45912.15408
2026-02-15 03:45:00+01:00,47188.779985630754,45859.34199
2026-02-15 04:00:00+01:00,47250.398748825275,45816.84739
2026-02-15 04:15:00+01:00,47154.733178375005,45753.6149
2026-02-15 04:30:00+01:00,47152.8977142925,45908.13826
2026-02-15 04:45:00+01:00,47191.792207322746,45815.24087
2026-02-15 05:00:00+01:00,47139.9288292169,45981.21904
2026-02-15 05:15:00+01:00,47056.46037819851,45929.27261
2026-02-15 05:30:00+01:00,47024.97697784295,45940.85443
2026-02-15 05:45:00+01:00,47064.91254298451,45850.93814
2026-02-15 06:00:00+01:00,47354.75902464615,45976.08103
2026-02-15 06:15:00+01:00,47364.28352850273,46332.39651
2026-02-15 06:30:00+01:00,47393.65843494941,46416.98471
2026-02-15 06:45:00+01:00,47279.15979636118,46570.2574
2026-02-15 07:00:00+01:00,47774.76454369152,47352.18505
2026-02-15 07:15:00+01:00,48173.78960134751,47675.99422
2026-02-15 07:30:00+01:00,49421.05840321228,48387.16591
2026-02-15 07:45:00+01:00,49840.691799066146,49362.79394
2026-02-15 08:00:00+01:00,51358.13358845965,50476.19595
2026-02-15 08:15:00+01:00,52593.461229872584,50997.86195
2026-02-15 08:30:00+01:00,54015.35084125194,51532.76659
2026-02-15 08:45:00+01:00,55359.400212671215,52395.35045
2026-02-15 09:00:00+01:00,56019.45379373901,53197.02348
2026-02-15 09:15:00+01:00,56102.595577767745,53874.7408
2026-02-15 09:30:00+01:00,57056.06087324249,54640.26991
2026-02-15 09:45:00+01:00,57592.07444306979,54990.94453
2026-02-15 10:00:00+01:00,57822.1093489292,55360.4433
2026-02-15 10:15:00+01:00,57969.07890372962,55961.34029
2026-02-15 10:30:00+01:00,58190.51725311006,56364.81688
2026-02-15 10:45:00+01:00,58651.75007673176,56141.27076
2026-02-15 11:00:00+01:00,59140.88256737366,56943.10734
2026-02-15 11:15:00+01:00,60352.934526852914,57767.15183
2026-02-15 11:30:00+01:00,60580.40937257831,57631.56453
2026-02-15 11:45:00+01:00,60070.5982669275,57084.71646
2026-02-15 12:00:00+01:00,60208.29305940675,57226.65544
2026-02-15 12:15:00+01:00,60232.30669351243,56993.30179
2026-02-15 12:30:00+01:00,59611.80736724924,56582.8256
2026-02-15 12:45:00+01:00,58947.492638672105,56085.87025
2026-02-15 13:00:00+01:00,58963.91277365089,55112.58567
2026-02-15 13:15:00+01:00,58690.22469793879,54614.01441
2026-02-15 13:30:00+01:00,58372.03504136726,54064.95511
2026-02-15 13:45:00+01:00,58145.05497616096,53510.77222
2026-02-15 14:00:00+01:00,57837.226249086256,53029.08307
2026-02-15 14:15:00+01:00,57652.485962954415,52571.41174
2026-02-15 14:30:00+01:00,57504.051627673194,52600.35582
2026-02-15 14:45:00+01:00,57493.68667353201,52490.58517
2026-02-15 15:00:00+01:00,57660.62139318566,52936.37834
2026-02-15 15:15:00+01:00,57621.03419211671,53113.87082
2026-02-15 15:30:00+01:00,57571.882620893426,52861.56226
2026-02-15 15:45:00+01:00,57892.50659710279,53339.30861
2026-02-15 16:00:00+01:00,58533.726130103176,54121.45537
2026-02-15 16:15:00+01:00,58968.44711088169,54114.78112
2026-02-15 16:30:00+01:00,59561.37279773195,54650.52215
2026-02-15 16:45:00+01:00,59779.950705280804,55311.37244
2026-02-15 17:00:00+01:00,61841.8830320104,56298.67174
2026-02-15 17:15:00+01:00,63040.679559999146,57065.40982
2026-02-15 17:30:00+01:00,63298.19116147728,58719.25314
2026-02-15 17:45:00+01:00,63669.62351492457,60520.79591
2026-02-15 18:00:00+01:00,64362.97902699429,61643.67311
2026-02-15 18:15:00+01:00,64738.20470735517,62149.66679
2026-02-15 18:30:00+01:00,64505.33997524659,62720.15704
2026-02-15 18:45:00+01:00,64489.75255737588,62604.48464
2026-02-15 19:00:00+01:00,63849.133761657635,62428.66734
2026-02-15 19:15:00+01:00,63653.86910212733,61941.83139
2026-02-15 19:30:00+01:00,63156.940612233404,61562.48723
2026-02-15 19:45:00+01:00,63023.3040562522,61260.23765
2026-02-15 20:00:00+01:00,62729.62006415502,60993.89233
2026-02-15 20:15:00+01:00,61799.268127284304,60877.47209
2026-02-15 20:30:00+01:00,61274.14995880515,60408.61909
2026-02-15 20:45:00+01:00,60115.05586520027,60072.92958
2026-02-15 21:00:00+01:00,59856.46080370514,59893.18131
2026-02-15 21:15:00+01:00,59410.447465171135,59547.46987
2026-02-15 21:30:00+01:00,58956.87051016531,59203.07175
2026-02-15 21:45:00+01:00,59005.55727680688,59253.71566
2026-02-15 22:00:00+01:00,58695.6403574935,59508.26057
2026-02-15 22:15:00+01:00,58418.86293091195,59003.53582
2026-02-15 22:30:00+01:00,57844.51104247235,58353.36394
2026-02-15 22:45:00+01:00,57190.79907426167,58337.92445
2026-02-15 23:00:00+01:00,56501.20791209754,57080.35527
2026-02-15 23:15:00+01:00,56039.74569646252,56292.00909
2026-02-15 23:30:00+01:00,55215.86567839527,55584.13593
2026-02-15 23:45:00+01:00,54410.41925296952,55203.7518
2026-02-16 00:00:00+01:00,53666.30252429746,54377.47605
2026-02-16 00:15:00+01:00,52820.60016444555,54080.68918
2026-02-16 00:30:00+01:00,52636.36593849388,53615.83964
2026-02-16 00:45:00+01:00,52285.188977292484,53249.96112
2026-02-16 01:00:00+01:00,51626.65649891638,52883.37331
2026-02-16 01:15:00+01:00,50834.39250980334,52651.25822
2026-02-16 01:30:00+01:00,50737.476421362386,52611.2745
2026-02-16 01:45:00+01:00,50683.532485267766,52849.0356
2026-02-16 02:00:00+01:00,49999.07722207015,51844.85603
2026-02-16 02:15:00+01:00,49928.14133242122,51764.0944
2026-02-16 02:30:00+01:00,49776.022373980086,51735.23005
2026-02-16 02:45:00+01:00,49871.35186507127,51571.03117
2026-02-16 03:00:00+01:00,49925.15836235946,51895.94339
2026-02-16 03:15:00+01:00,49954.423356444444,51744.23054
2026-02-16 03:30:00+01:00,49787.73992612464,51892.30829
2026-02-16 03:45:00+01:00,49980.9588161625,51815.85037
2026-02-16 04:00:00+01:00,50545.75610228138,52389.4444
2026-02-16 04:15:00+01:00,51126.76970164569,52522.3585
2026-02-16 04:30:00+01:00,51694.9301569971,52769.57701
2026-02-16 04:45:00+01:00,52710.307539131485,53205.46989
2026-02-16 05:00:00+01:00,54203.17764800698,54650.70547
2026-02-16 05:15:00+01:00,55000.193428539664,55263.97985
2026-02-16 05:30:00+01:00,56253.89063270353,56174.85032
2026-02-16 05:45:00+01:00,57412.17210474553,57776.71805
2026-02-16 06:00:00+01:00,60493.69266656032,61081.94228
2026-02-16 06:15:00+01:00,62699.55442587307,63020.29599
2026-02-16 06:30:00+01:00,63971.3044740652,64328.54568
2026-02-16 06:45:00+01:00,65191.42585429182,65918.60327
2026-02-16 07:00:00+01:00,67582.9030953999,67268.23314
2026-02-16 07:15:00+01:00,70059.74047072479,68572.76795
2026-02-16 07:30:00+01:00,70712.13363743157,69553.84368
2026-02-16 07:45:00+01:00,71603.67593855604,70124.21199
2026-02-16 08:00:00+01:00,73425.4855831253,71332.89071
2026-02-16 08:15:00+01:00,74184.60488974575,71854.26907
2026-02-16 08:30:00+01:00,74259.23103097819,72502.90689
2026-02-16 08:45:00+01:00,74456.87496058032,72934.75998
2026-02-16 09:00:00+01:00,74607.09752228661,72748.29784
2026-02-16 09:15:00+01:00,74641.28512494263,72924.41185
2026-02-16 09:30:00+01:00,74688.04767590793,73287.30645
2026-02-16 09:45:00+01:00,74711.97647756264,73188.66549
2026-02-16 10:00:00+01:00,74867.49953724195,73351.50181
2026-02-16 10:15:00+01:00,74873.96352349431,73624.25431
2026-02-16 10:30:00+01:00,74990.36533365908,73249.80756
2026-02-16 10:45:00+01:00,75019.89242887145,73296.33228
2026-02-16 11:00:00+01:00,74706.38000081888,73832.11187
2026-02-16 11:15:00+01:00,74753.44111246191,74011.22238
2026-02-16 11:30:00+01:00,74716.58031328402,73656.55345
2026-02-16 11:45:00+01:00,74574.4898365354,73413.55029
2026-02-16 12:00:00+01:00,74203.24243256613,73004.08006
2026-02-16 12:15:00+01:00,74160.63235268416,72691.48467
2026-02-16 12:30:00+01:00,73673.75449339855,72140.545
2026-02-16 12:45:00+01:00,73516.74058277604,71827.1205
2026-02-16 13:00:00+01:00,72769.3505027919,71138.39176
2026-02-16 13:15:00+01:00,71544.04662242849,71114.13526
2026-02-16 13:30:00+01:00,71437.11319673492,70985.25981
2026-02-16 13:45:00+01:00,71031.78923988472,70188.79049
2026-02-16 14:00:00+01:00,71114.1632900689,69631.69958
2026-02-16 14:15:00+01:00,70619.7159058661,69142.16149
2026-02-16 14:30:00+01:00,70547.6721551949,68837.47725
2026-02-16 14:45:00+01:00,70484.28477336731,68724.25829
2026-02-16 15:00:00+01:00,70820.15942021506,68617.10526
2026-02-16 15:15:00+01:00,70806.39947104304,68313.50789
2026-02-16 15:30:00+01:00,70775.73442740395,68869.74941
2026-02-16 15:45:00+01:00,70696.98346060808,68750.41972
2026-02-16 16:00:00+01:00,70795.54698891929,69059.70872
2026-02-16 16:15:00+01:00,70553.0735541151,69205.08572
2026-02-16 16:30:00+01:00,70533.61825873368,69520.11455
2026-02-16 16:45:00+01:00,70633.37812279008,69727.35168
2026-02-16 17:00:00+01:00,71517.28918373407,70114.75149
2026-02-16 17:15:00+01:00,72064.21837262168,70842.49153
2026-02-16 17:30:00+01:00,73933.17875588899,71646.17456
2026-02-16 17:45:00+01:00,73963.36944868788,72559.72286
2026-02-16 18:00:00+01:00,74063.67778368232,73113.31631
2026-02-16 18:15:00+01:00,74065.53759732081,73112.93058
2026-02-16 18:30:00+01:00,74039.77212928057,73260.64453
2026-02-16 18:45:00+01:00,73993.81486428379,73054.56311
2026-02-16 19:00:00+01:00,73296.48483900464,72698.7274
2026-02-16 19:15:00+01:00,72704.21731983565,71964.40224
2026-02-16 19:30:00+01:00,72317.0775204229,71543.57163
2026-02-16 19:45:00+01:00,71318.14677717528,70690.27536
2026-02-16 20:00:00+01:00,69371.22023384938,69561.81016
2026-02-16 20:15:00+01:00,66799.68311475175,68422.60933
2026-02-16 20:30:00+01:00,66524.23918940662,67472.86403
2026-02-16 20:45:00+01:00,65360.15488964844,66578.61092
2026-02-16 21:00:00+01:00,63407.473148159916,65589.4672
2026-02-16 21:15:00+01:00,62852.81006872354,64670.69518
2026-02-16 21:30:00+01:00,62175.94412067633,63769.56129
2026-02-16 21:45:00+01:00,61357.47707574522,62437.25455
2026-02-16 22:00:00+01:00,61343.806475642086,61983.10706
2026-02-16 22:15:00+01:00,61266.889148867755,60873.46661
2026-02-16 22:30:00+01:00,60431.35633638435,59695.55566
2026-02-16 22:45:00+01:00,59396.56647728168,58676.6207
2026-02-16 23:00:00+01:00,57688.87406396837,58101.58284
2026-02-16 23:15:00+01:00,57464.12331191109,57067.45243
2026-02-16 23:30:00+01:00,56865.43015210536,56164.2619
2026-02-16 23:45:00+01:00,56272.57462222639,55541.95858
2026-02-17 00:00:00+01:00,56326.10881279416,54586.33872
2026-02-17 00:15:00+01:00,56288.261428863225,53472.98601
2026-02-17 00:30:00+01:00,55960.15289268897,53047.57986
2026-02-17 00:45:00+01:00,55700.433848372006,52889.96759
2026-02-17 01:00:00+01:00,54975.88194020065,51917.76528
2026-02-17 01:15:00+01:00,54832.73611509032,51291.852
2026-02-17 01:30:00+01:00,54065.114430882284,51353.55973
2026-02-17 01:45:00+01:00,53720.40407996805,51727.35553
2026-02-17 02:00:00+01:00,53528.97455463056,51231.99713
2026-02-17 02:15:00+01:00,53403.79295795543,50850.02006
2026-02-17 02:30:00+01:00,53389.9026694988,50914.47895
2026-02-17 02:45:00+01:00,53389.9026694988,50869.76658
2026-02-17 03:00:00+01:00,53325.62038432269,50903.66298
2026-02-17 03:15:00+01:00,53527.75899997219,50907.19518
2026-02-17 03:30:00+01:00,53924.16556573711,51329.41886
2026-02-17 03:45:00+01:00,54143.924026034336,51670.76693
2026-02-17 04:00:00+01:00,54463.19384920161,52110.5735
2026-02-17 04:15:00+01:00,54481.30261485976,52219.78022
2026-02-17 04:30:00+01:00,54722.981779951464,52722.19364
2026-02-17 04:45:00+01:00,54609.54075313532,53116.63967
2026-02-17 05:00:00+01:00,55567.78631705818,54245.78041
2026-02-17 05:15:00+01:00,55841.54322166547,54396.43353
2026-02-17 05:30:00+01:00,56988.33691959387,55461.75492
2026-02-17 05:45:00+01:00,58256.685574850664,57042.81693
2026-02-17 06:00:00+01:00,62220.615573979434,60127.40944
2026-02-17 06:15:00+01:00,63362.3280981559,61986.62743
2026-02-17 06:30:00+01:00,65364.55754346905,63620.60113
2026-02-17 06:45:00+01:00,66441.93818452621,65236.15203
2026-02-17 07:00:00+01:00,67775.90039820317,66757.55707
2026-02-17 07:15:00+01:00,68799.27349245433,67426.27276
2026-02-17 07:30:00+01:00,69515.69999867547,68294.51922
2026-02-17 07:45:00+01:00,70314.92442364918,69208.03417
2026-02-17 08:00:00+01:00,71750.93487607081,69810.10667
2026-02-17 08:15:00+01:00,72112.57802935934,70239.69715
2026-02-17 08:30:00+01:00,72193.14749354942,70497.81703
2026-02-17 08:45:00+01:00,72212.94921227157,70758.79301
2026-02-17 09:00:00+01:00,72274.73840755399,70427.35908
2026-02-17 09:15:00+01:00,72541.97252308759,70709.33263
2026-02-17 09:30:00+01:00,72541.36009326667,71160.16631
2026-02-17 09:45:00+01:00,72624.27415232678,71423.20868
2026-02-17 10:00:00+01:00,73023.51110424998,70992.44434
2026-02-17 10:15:00+01:00,73069.37222554386,71070.09322
2026-02-17 10:30:00+01:00,73235.49198010513,71377.3128
2026-02-17 10:45:00+01:00,73340.22144539487,71759.40638
2026-02-17 11:00:00+01:00,73157.83609037488,71502.17918
2026-02-17 11:15:00+01:00,73224.2686059291,71454.21845
2026-02-17 11:30:00+01:00,73217.57643826233,71238.42064
2026-02-17 11:45:00+01:00,73172.54982102624,71261.2395
2026-02-17 12:00:00+01:00,72850.36529727177,70575.26036
2026-02-17 12:15:00+01:00,72815.82824251421,70514.01157
2026-02-17 12:30:00+01:00,72575.354372605,70329.44644
2026-02-17 12:45:00+01:00,71978.13360869401,69960.70512
2026-02-17 13:00:00+01:00,71798.56156539601,69662.50544
2026-02-17 13:15:00+01:00,71243.72354058835,69259.97256
2026-02-17 13:30:00+01:00,71192.2997411838,68957.4442
2026-02-17 13:45:00+01:00,70716.85804491222,69151.74767
2026-02-17 14:00:00+01:00,70550.8116652897,68633.63033
2026-02-17 14:15:00+01:00,70408.50840499815,68633.38017
2026-02-17 14:30:00+01:00,70337.5810660869,68264.4117
2026-02-17 14:45:00+01:00,70160.62010591949,67711.10858
2026-02-17 15:00:00+01:00,70735.98175310089,67591.58959
2026-02-17 15:15:00+01:00,70536.01856631809,67262.03951
2026-02-17 15:30:00+01:00,70536.01856631809,67257.4978
2026-02-17 15:45:00+01:00,70331.89349217227,67405.28281
2026-02-17 16:00:00+01:00,70505.8332681489,67658.83436
2026-02-17 16:15:00+01:00,70267.67078830974,66750.73229
2026-02-17 16:30:00+01:00,70587.35129094015,67035.48139
2026-02-17 16:45:00+01:00,70766.00688139578,67578.42694
2026-02-17 17:00:00+01:00,71644.03224641691,68442.24687
2026-02-17 17:15:00+01:00,72195.86946583797,69071.48639
2026-02-17 17:30:00+01:00,73032.71003267422,69804.90539
2026-02-17 17:45:00+01:00,73207.64739890401,70746.03214
2026-02-17 18:00:00+01:00,73626.24331389481,71560.3294
2026-02-17 18:15:00+01:00,73620.52863253518,72004.57
2026-02-17 18:30:00+01:00,73608.50686877046,72342.52446
2026-02-17 18:45:00+01:00,73559.3582860974,72043.60326
2026-02-17 19:00:00+01:00,73173.72228300133,71704.74219
2026-02-17 19:15:00+01:00,71973.33074091472,71116.41212
2026-02-17 19:30:00+01:00,71642.82687353743,70711.23616
2026-02-17 19:45:00+01:00,71003.31278608763,69788.77818
2026-02-17 20:00:00+01:00,70340.3951600551,68715.77088
2026-02-17 20:15:00+01:00,68634.465857035,67451.65365
2026-02-17 20:30:00+01:00,68408.78838522059,66864.76313
2026-02-17 20:45:00+01:00,67164.62103326517,66208.66068
2026-02-17 21:00:00+01:00,66269.58374252247,65765.4816
2026-02-17 21:15:00+01:00,66111.2446829241,64999.93198
2026-02-17 21:30:00+01:00,64498.24305874129,64140.94192
2026-02-17 21:45:00+01:00,63962.455034221486,63296.72231
2026-02-17 22:00:00+01:00,63687.10852703659,61967.08103
2026-02-17 22:15:00+01:00,63325.692151400006,60933.72395
2026-02-17 22:30:00+01:00,62943.0717067001,59999.22124
2026-02-17 22:45:00+01:00,61649.44744388731,59500.74909
2026-02-17 23:00:00+01:00,61108.02172710476,58118.70773
2026-02-17 23:15:00+01:00,59464.53607283058,57077.1877
2026-02-17 23:30:00+01:00,58514.18068543334,56388.53705
2026-02-17 23:45:00+01:00,58259.94163289105,55656.02908
2026-02-18 00:00:00+01:00,55193.49675749461,54512.01744
2026-02-18 00:15:00+01:00,54523.69442599515,53779.21549
2026-02-18 00:30:00+01:00,53741.36001093506,53904.99653
2026-02-18 00:45:00+01:00,53807.62396069276,53788.16426
2026-02-18 01:00:00+01:00,53266.199972127135,53638.35505
2026-02-18 01:15:00+01:00,52488.601459046746,53082.83107
2026-02-18 01:30:00+01:00,52334.495274434565,52587.24936
2026-02-18 01:45:00+01:00,52300.42637621059,52263.22536
2026-02-18 02:00:00+01:00,52209.86911934931,52325.33995
2026-02-18 02:15:00+01:00,52218.125190598395,52192.75164
2026-02-18 02:30:00+01:00,52198.79535257906,52161.21749
2026-02-18 02:45:00+01:00,52047.07268666476,52384.79973
2026-02-18 03:00:00+01:00,52028.45380702996,52036.72411
2026-02-18 03:15:00+01:00,52090.693283526016,51870.37154
2026-02-18 03:30:00+01:00,52061.174860564985,51972.41248
2026-02-18 03:45:00+01:00,52034.15407672756,52017.45436
2026-02-18 04:00:00+01:00,52906.65155744968,53028.07278
2026-02-18 04:15:00+01:00,52863.7721026741,53141.7682
2026-02-18 04:30:00+01:00,52821.83603412133,53162.70554
2026-02-18 04:45:00+01:00,53426.3941168506,53617.764
2026-02-18 05:00:00+01:00,53828.18154825783,55178.59908
2026-02-18 05:15:00+01:00,54784.55342874519,55886.29394
2026-02-18 05:30:00+01:00,55425.38477489781,57031.32971
2026-02-18 05:45:00+01:00,56515.29080953155,58361.85557
2026-02-18 06:00:00+01:00,60162.272735960214,60710.42728
2026-02-18 06:15:00+01:00,61374.9302319165,62958.35042
2026-02-18 06:30:00+01:00,62766.21609996451,64363.74546
2026-02-18 06:45:00+01:00,64234.33141684844,65588.4477
2026-02-18 07:00:00+01:00,67158.36869953106,67844.762
2026-02-18 07:15:00+01:00,67386.51167708708,68575.20229
2026-02-18 07:30:00+01:00,68115.57070383026,69413.41699
2026-02-18 07:45:00+01:00,69293.16773564008,70257.45682
2026-02-18 08:00:00+01:00,70722.7242003016,71100.04998
2026-02-18 08:15:00+01:00,71491.72435977324,71583.40371
2026-02-18 08:30:00+01:00,71699.02031225243,71992.79205
2026-02-18 08:45:00+01:00,71995.65585087884,71915.75518
2026-02-18 09:00:00+01:00,72275.24605875293,71591.34452
2026-02-18 09:15:00+01:00,72374.52221063677,71817.90325
2026-02-18 09:30:00+01:00,72452.18255820668,71991.90083
2026-02-18 09:45:00+01:00,72819.66976375239,72001.75939
2026-02-18 10:00:00+01:00,72498.23742133136,71852.73877
2026-02-18 10:15:00+01:00,72790.21578046436,71806.38588
2026-02-18 10:30:00+01:00,73186.17667446949,71892.88594
2026-02-18 10:45:00+01:00,73271.97007323701,72326.49829
2026-02-18 11:00:00+01:00,73121.78626380253,71982.35544
2026-02-18 11:15:00+01:00,73107.77578064571,72517.93018
2026-02-18 11:30:00+01:00,73098.68213657085,73043.10933
2026-02-18 11:45:00+01:00,72783.13056943663,72798.56758
2026-02-18 12:00:00+01:00,72242.69086997282,72433.72793
2026-02-18 12:15:00+01:00,72154.90471683601,71648.52797
2026-02-18 12:30:00+01:00,72094.7693436282,71553.95064
2026-02-18 12:45:00+01:00,72032.9161088993,70558.33
2026-02-18 13:00:00+01:00,71060.47634399697,69328.16792
2026-02-18 13:15:00+01:00,70025.80865866132,68837.33545
2026-02-18 13:30:00+01:00,69902.62019238915,68397.1606
2026-02-18 13:45:00+01:00,69057.31977887302,68097.58997
2026-02-18 14:00:00+01:00,69075.08974001477,67770.59571
2026-02-18 14:15:00+01:00,68894.5753955785,67545.70123
2026-02-18 14:30:00+01:00,68638.24497725532,67435.7993
2026-02-18 14:45:00+01:00,68547.28558951114,67449.45022
2026-02-18 15:00:00+01:00,68980.88428314625,67548.2721
2026-02-18 15:15:00+01:00,68703.87755942113,67632.92288
2026-02-18 15:30:00+01:00,68579.4126662819,67157.57236
2026-02-18 15:45:00+01:00,68646.8646963652,67205.80733
2026-02-18 16:00:00+01:00,69162.66037420672,67590.61442
2026-02-18 16:15:00+01:00,69176.70902383677,67660.24115
2026-02-18 16:30:00+01:00,69281.5197151361,67982.47924
2026-02-18 16:45:00+01:00,69348.15995914263,68283.53886
2026-02-18 17:00:00+01:00,70617.2396807377,68987.81294
2026-02-18 17:15:00+01:00,71864.15521947591,69860.56226
2026-02-18 17:30:00+01:00,72577.72905164424,70854.90797
2026-02-18 17:45:00+01:00,73199.65414241466,71500.3769
2026-02-18 18:00:00+01:00,74471.5308355421,72086.90269
2026-02-18 18:15:00+01:00,74462.42338344494,72488.40075
2026-02-18 18:30:00+01:00,74450.07235792838,72731.97998
2026-02-18 18:45:00+01:00,74388.79210242238,72264.8049
2026-02-18 19:00:00+01:00,73571.28512729742,71824.63217
2026-02-18 19:15:00+01:00,73337.46201232901,71295.20674
2026-02-18 19:30:00+01:00,72552.3729721569,70870.64475
2026-02-18 19:45:00+01:00,71305.38093309196,70740.68723
2026-02-18 20:00:00+01:00,69857.54419194405,69116.35371
2026-02-18 20:15:00+01:00,69569.30277372457,68202.35999
2026-02-18 20:30:00+01:00,67597.1807667832,67241.19681
2026-02-18 20:45:00+01:00,67107.28017901671,66141.51307
2026-02-18 21:00:00+01:00,66030.69300611246,64991.93638
2026-02-18 21:15:00+01:00,64778.8854097571,64362.7958
2026-02-18 21:30:00+01:00,64582.51557297949,63546.99144
2026-02-18 21:45:00+01:00,63509.62354038394,62789.72033
2026-02-18 22:00:00+01:00,63348.08666861432,61817.44855
2026-02-18 22:15:00+01:00,63211.007064170706,61394.81233
2026-02-18 22:30:00+01:00,62500.16084413768,60575.89755
2026-02-18 22:45:00+01:00,61071.36314350458,59827.13614
2026-02-18 23:00:00+01:00,58980.63738496728,58310.83697
2026-02-18 23:15:00+01:00,57841.885491868794,57784.75728
2026-02-18 23:30:00+01:00,57549.66035983192,56863.47105
2026-02-18 23:45:00+01:00,57072.52253210151,56312.29615
2026-02-19 00:00:00+01:00,56193.56419180125,54972.27965
2026-02-19 00:15:00+01:00,55622.92842636457,54454.86255
2026-02-19 00:30:00+01:00,54376.65798352078,53921.16566
2026-02-19 00:45:00+01:00,54371.81520221129,53460.98984
2026-02-19 01:00:00+01:00,53962.477174797445,53403.33135
2026-02-19 01:15:00+01:00,53767.71887506058,53249.01165
2026-02-19 01:30:00+01:00,53296.85046561463,53356.21895
2026-02-19 01:45:00+01:00,53286.10645079447,52981.87551
2026-02-19 02:00:00+01:00,53102.93912379685,53044.60591
2026-02-19 02:15:00+01:00,52878.148182992314,53029.10961
2026-02-19 02:30:00+01:00,52878.148182992314,52891.37527
2026-02-19 02:45:00+01:00,53066.67529594499,52978.69974
2026-02-19 03:00:00+01:00,53233.234525567415,52869.41232
2026-02-19 03:15:00+01:00,53261.556118876935,53102.26412
2026-02-19 03:30:00+01:00,53198.2729920245,53477.34793
2026-02-19 03:45:00+01:00,53411.488118855385,53875.85183
2026-02-19 04:00:00+01:00,54095.547473290935,54618.22059
2026-02-19 04:15:00+01:00,54098.5276217759,55121.63441
2026-02-19 04:30:00+01:00,54399.9480927139,55716.90518
2026-02-19 04:45:00+01:00,54954.03071412726,56020.28892
2026-02-19 05:00:00+01:00,57472.593055830504,57268.17611
2026-02-19 05:15:00+01:00,57771.87546282278,57880.71471
2026-02-19 05:30:00+01:00,58482.4365992429,58792.41554
2026-02-19 05:45:00+01:00,60678.988779238614,59994.87838
2026-02-19 06:00:00+01:00,64970.73530586492,62159.04197
2026-02-19 06:15:00+01:00,65669.52798939712,63998.98285
2026-02-19 06:30:00+01:00,67522.97501854009,65657.21918
2026-02-19 06:45:00+01:00,68634.83351945067,67442.40207
2026-02-19 07:00:00+01:00,70001.20799270432,69538.14933
2026-02-19 07:15:00+01:00,71322.50492033781,70752.20303
2026-02-19 07:30:00+01:00,72553.5200872728,72126.44475
2026-02-19 07:45:00+01:00,73476.02821229333,72578.34429
2026-02-19 08:00:00+01:00,73808.8824440925,73540.46589
2026-02-19 08:15:00+01:00,74318.1069822906,73674.89063
2026-02-19 08:30:00+01:00,74417.2346181581,73794.14213
2026-02-19 08:45:00+01:00,74500.56611180678,74057.14151
2026-02-19 09:00:00+01:00,73991.75214307006,73570.47331
2026-02-19 09:15:00+01:00,74215.55415616262,73563.6289
2026-02-19 09:30:00+01:00,74477.8246397892,73885.69456
2026-02-19 09:45:00+01:00,74326.66432368055,73694.51606
2026-02-19 10:00:00+01:00,74488.4395931215,73611.58444
2026-02-19 10:15:00+01:00,74318.40119012655,73546.10032
2026-02-19 10:30:00+01:00,74222.37774073373,73444.76443
2026-02-19 10:45:00+01:00,74260.61310020977,73360.61843
2026-02-19 11:00:00+01:00,74049.34031087699,73410.38873
2026-02-19 11:15:00+01:00,74256.7560223558,73841.75317
2026-02-19 11:30:00+01:00,74446.19798082646,74032.45345
2026-02-19 11:45:00+01:00,74420.95062269433,73700.17277
2026-02-19 12:00:00+01:00,73160.69245641743,73058.1595
2026-02-19 12:15:00+01:00,73067.89771783986,73033.30345
2026-02-19 12:30:00+01:00,72993.44975989772,72860.99039
2026-02-19 12:45:00+01:00,73318.69705141666,73368.4547
2026-02-19 13:00:00+01:00,72636.54973019708,73129.89537
2026-02-19 13:15:00+01:00,72501.95621292795,72905.50386
2026-02-19 13:30:00+01:00,72228.22167882005,72735.14389
2026-02-19 13:45:00+01:00,71817.04938849514,72290.68044
2026-02-19 14:00:00+01:00,71491.46081109178,70798.52887
2026-02-19 14:15:00+01:00,71381.45811821673,70688.97283
2026-02-19 14:30:00+01:00,71231.8000345194,70468.91916
2026-02-19 14:45:00+01:00,70895.28981188558,70258.06615
2026-02-19 15:00:00+01:00,71094.03111080683,70298.33329
2026-02-19 15:15:00+01:00,70747.27078085172,69725.2199
2026-02-19 15:30:00+01:00,70765.72131754163,69711.27249
2026-02-19 15:45:00+01:00,70206.76225174851,69744.22762
2026-02-19 16:00:00+01:00,71332.71177656243,69971.90149
2026-02-19 16:15:00+01:00,71248.49899321795,70148.20311
2026-02-19 16:30:00+01:00,71271.48369800072,70465.90253
2026-02-19 16:45:00+01:00,71564.7394448109,71214.31729
2026-02-19 17:00:00+01:00,72472.46744065513,71793.27489
2026-02-19 17:15:00+01:00,72980.5098173638,72684.04418
2026-02-19 17:30:00+01:00,73559.08701076939,73473.14754
2026-02-19 17:45:00+01:00,73715.58244985997,74033.49942
2026-02-19 18:00:00+01:00,74250.0201557453,74005.9425
2026-02-19 18:15:00+01:00,74234.2839350616,73968.36604
2026-02-19 18:30:00+01:00,74483.15628347345,73995.55115
2026-02-19 18:45:00+01:00,74043.77433631722,74049.77792
2026-02-19 19:00:00+01:00,73928.27017556495,73558.1683
2026-02-19 19:15:00+01:00,73534.49822061583,73149.88255
2026-02-19 19:30:00+01:00,73032.86070232453,72623.42137
2026-02-19 19:45:00+01:00,72613.53954850677,72062.75577
2026-02-19 20:00:00+01:00,71012.04057680881,70561.73585
2026-02-19 20:15:00+01:00,69953.6238847696,69483.55586
2026-02-19 20:30:00+01:00,69340.88285737063,68510.17284
2026-02-19 20:45:00+01:00,68692.35891744334,68006.71114
2026-02-19 21:00:00+01:00,67854.26299765005,66646.60203
2026-02-19 21:15:00+01:00,66624.37517304718,65752.85218
2026-02-19 21:30:00+01:00,66356.14577101705,64504.02789
2026-02-19 21:45:00+01:00,64854.387448221285,63523.27092
2026-02-19 22:00:00+01:00,64600.28764381908,63346.59102
2026-02-19 22:15:00+01:00,64567.89825002961,62474.91544
2026-02-19 22:30:00+01:00,63659.19720375752,61636.61383
2026-02-19 22:45:00+01:00,62704.91657498438,60572.82349
2026-02-19 23:00:00+01:00,61486.39140255495,59824.32997
2026-02-19 23:15:00+01:00,60070.99016040711,58897.08029
2026-02-19 23:30:00+01:00,59613.942090835284,58223.39096
2026-02-19 23:45:00+01:00,57904.38985113281,57760.75999
2026-02-20 00:00:00+01:00,57701.67031486208,56887.81756
2026-02-20 00:15:00+01:00,57395.23784616135,55963.3506
2026-02-20 00:30:00+01:00,56361.02706253704,55657.43876
2026-02-20 00:45:00+01:00,55519.332368149,55196.19247
2026-02-20 01:00:00+01:00,55371.05602605672,55022.06535
2026-02-20 01:15:00+01:00,55247.567888585945,54366.29788
2026-02-20 01:30:00+01:00,54816.95778632659,53760.94034
2026-02-20 01:45:00+01:00,54658.82391107472,53934.11162
2026-02-20 02:00:00+01:00,54557.63887010793,53621.20066
2026-02-20 02:15:00+01:00,54416.98652622611,53279.53173
2026-02-20 02:30:00+01:00,54416.98652622611,53385.91462
2026-02-20 02:45:00+01:00,54726.124618464695,53155.42466
2026-02-20 03:00:00+01:00,54506.86972547173,53240.57661
2026-02-20 03:15:00+01:00,54533.72770125379,53499.61759
2026-02-20 03:30:00+01:00,54548.78275103023,53699.83895
2026-02-20 03:45:00+01:00,54542.99552085968,53691.64492
2026-02-20 04:00:00+01:00,55097.852431031155,54461.56041
2026-02-20 04:15:00+01:00,55155.25239064409,54609.07441
2026-02-20 04:30:00+01:00,55385.468279562665,55081.05905
2026-02-20 04:45:00+01:00,55584.82249580867,55879.93062
2026-02-20 05:00:00+01:00,57629.86586105726,57301.27457
2026-02-20 05:15:00+01:00,58014.32422361721,58043.81593
2026-02-20 05:30:00+01:00,58861.72461606734,59095.40505
2026-02-20 05:45:00+01:00,60383.99623713137,60475.25606
2026-02-20 06:00:00+01:00,64895.6934884739,63369.76064
2026-02-20 06:15:00+01:00,65710.27540946718,65580.3739
2026-02-20 06:30:00+01:00,67570.81123578997,67049.24613
2026-02-20 06:45:00+01:00,68392.48775068457,68145.3838
2026-02-20 07:00:00+01:00,70156.87645927398,69450.44884
2026-02-20 07:15:00+01:00,71064.7646890405,70874.05808
2026-02-20 07:30:00+01:00,71803.38074843484,71511.43482
2026-02-20 07:45:00+01:00,72620.68521412577,71744.15988
2026-02-20 08:00:00+01:00,73445.61656455875,72301.60995
2026-02-20 08:15:00+01:00,73566.32607325686,73111.9564
2026-02-20 08:30:00+01:00,73848.61880929234,73497.68426
2026-02-20 08:45:00+01:00,73802.28670706863,73377.30091
2026-02-20 09:00:00+01:00,73675.26567390205,72975.03689
2026-02-20 09:15:00+01:00,73645.8576829936,73812.06419
2026-02-20 09:30:00+01:00,73731.23637989155,74147.19773
2026-02-20 09:45:00+01:00,73830.05074753077,73740.25397
2026-02-20 10:00:00+01:00,73057.65268146673,73981.37129
2026-02-20 10:15:00+01:00,73094.39452322257,73837.64997
2026-02-20 10:30:00+01:00,73093.94179188139,73715.49295
2026-02-20 10:45:00+01:00,72889.66118299899,73343.07907
2026-02-20 11:00:00+01:00,71808.137425102,73130.17425
2026-02-20 11:15:00+01:00,71826.661764761,73384.96385
2026-02-20 11:30:00+01:00,71704.3369060543,73297.93407
2026-02-20 11:45:00+01:00,71658.0048038306,72810.52062
2026-02-20 12:00:00+01:00,71280.12836682687,72202.64645
2026-02-20 12:15:00+01:00,71244.49252399988,71605.37686
2026-02-20 12:30:00+01:00,70603.99871140403,71449.27591
2026-02-20 12:45:00+01:00,70502.05167980945,71171.51048
2026-02-20 13:00:00+01:00,69952.3518646445,70698.18172
2026-02-20 13:15:00+01:00,69398.57360907181,70451.7037
2026-02-20 13:30:00+01:00,69154.88348264468,70156.70627
2026-02-20 13:45:00+01:00,68995.21066681556,69623.11244
2026-02-20 14:00:00+01:00,68712.90906687142,69603.33653
2026-02-20 14:15:00+01:00,68615.64057918167,69634.07832
2026-02-20 14:30:00+01:00,68586.00569832763,69030.0429
2026-02-20 14:45:00+01:00,68188.1536773292,68923.12609
2026-02-20 15:00:00+01:00,68614.41094506514,69244.50144
2026-02-20 15:15:00+01:00,68539.84646704521,69736.79489
2026-02-20 15:30:00+01:00,68524.7770105781,69687.23974
2026-02-20 15:45:00+01:00,68527.825036355,69716.76778
2026-02-20 16:00:00+01:00,68542.47293911372,69997.90482
2026-02-20 16:15:00+01:00,68495.39336677766,70160.69485
2026-02-20 16:30:00+01:00,68604.01559939634,70258.60934
2026-02-20 16:45:00+01:00,69472.93911917093,70590.68564
2026-02-20 17:00:00+01:00,70382.76657346897,71629.42259
2026-02-20 17:15:00+01:00,70600.4208815041,72505.91163
2026-02-20 17:30:00+01:00,71021.97302627316,73388.54382
2026-02-20 17:45:00+01:00,71654.97296448628,73633.39674
2026-02-20 18:00:00+01:00,72610.153339196,73585.22036
2026-02-20 18:15:00+01:00,72610.153339196,74066.44266
2026-02-20 18:30:00+01:00,72010.70336091738,74065.44494
2026-02-20 18:45:00+01:00,71966.87092376799,73872.44827
2026-02-20 19:00:00+01:00,71503.29003506122,72956.83835
2026-02-20 19:15:00+01:00,71173.83642569167,72100.16115
2026-02-20 19:30:00+01:00,70605.73925233175,71561.89569
2026-02-20 19:45:00+01:00,70383.92537380656,70969.65482
2026-02-20 20:00:00+01:00,68829.07237222066,69320.91809
2026-02-20 20:15:00+01:00,67794.53034578127,68149.24914
2026-02-20 20:30:00+01:00,67000.32682759178,66986.19444
2026-02-20 20:45:00+01:00,66364.86907580135,65955.78499
2026-02-20 21:00:00+01:00,66278.6944910767,64994.04894
2026-02-20 21:15:00+01:00,65857.33318221895,64115.71736
2026-02-20 21:30:00+01:00,65295.224341047266,63110.8906
2026-02-20 21:45:00+01:00,64323.991353866324,62370.30808
2026-02-20 22:00:00+01:00,63435.943757323825,61764.09342
2026-02-20 22:15:00+01:00,62821.27512248227,61010.64808
2026-02-20 22:30:00+01:00,61683.278567456946,60197.86968
2026-02-20 22:45:00+01:00,60534.25331373553,59551.92301
2026-02-20 23:00:00+01:00,59392.41767156677,58809.26804
2026-02-20 23:15:00+01:00,58042.75413443082,57632.72199
2026-02-20 23:30:00+01:00,57190.62792535968,57086.69325
2026-02-20 23:45:00+01:00,56875.71496014168,56344.4524
2026-02-21 00:00:00+01:00,54134.939599820005,55543.67053
2026-02-21 00:15:00+01:00,53861.578192755755,54550.09695
2026-02-21 00:30:00+01:00,53394.990429162885,54231.96919
2026-02-21 00:45:00+01:00,53127.22431918153,53779.68542
2026-02-21 01:00:00+01:00,52772.04655781896,53266.32391
2026-02-21 01:15:00+01:00,52384.22072016076,53162.51671
2026-02-21 01:30:00+01:00,52262.89024211144,52468.89875
2026-02-21 01:45:00+01:00,51913.43921225041,52042.77119
2026-02-21 02:00:00+01:00,51261.3442890675,51547.90027
2026-02-21 02:15:00+01:00,50863.09542613445,51382.20739
2026-02-21 02:30:00+01:00,50960.488913376794,51169.76269
2026-02-21 02:45:00+01:00,50729.12615081704,51022.69958
2026-02-21 03:00:00+01:00,49941.08058139524,50659.8152
2026-02-21 03:15:00+01:00,49529.50678493015,50461.37367
2026-02-21 03:30:00+01:00,49825.14369864101,50612.32275
2026-02-21 03:45:00+01:00,49904.72252929111,50332.16694
2026-02-21 04:00:00+01:00,49971.96189461483,50289.86045
2026-02-21 04:15:00+01:00,49959.75064634829,50452.13394
2026-02-21 04:30:00+01:00,49962.95909741214,50476.66079
2026-02-21 04:45:00+01:00,50103.39232042416,50750.84818
2026-02-21 05:00:00+01:00,50598.18411523363,51237.18931
2026-02-21 05:15:00+01:00,50356.14058834987,51385.54456
2026-02-21 05:30:00+01:00,50527.39551199451,51424.62213
2026-02-21 05:45:00+01:00,50775.61129804501,51584.90106
2026-02-21 06:00:00+01:00,51106.53198595964,52151.47185
2026-02-21 06:15:00+01:00,51392.459837705086,52484.28411
2026-02-21 06:30:00+01:00,51882.80455413321,52879.77567
2026-02-21 06:45:00+01:00,52203.58526994983,53406.30061
2026-02-21 07:00:00+01:00,52680.33715518167,54203.58307
2026-02-21 07:15:00+01:00,54248.85801453507,54449.39221
2026-02-21 07:30:00+01:00,54505.557695798394,55215.51676
2026-02-21 07:45:00+01:00,54755.23891985427,56146.98912
2026-02-21 08:00:00+01:00,56020.04038862381,57582.52145
2026-02-21 08:15:00+01:00,56646.27264144403,58392.70805
2026-02-21 08:30:00+01:00,57844.424503347786,59055.62552
2026-02-21 08:45:00+01:00,58794.5376983219,59524.95941
2026-02-21 09:00:00+01:00,59851.291661098316,59928.50594
2026-02-21 09:15:00+01:00,60622.76473778649,60214.19211
2026-02-21 09:30:00+01:00,60811.31122258465,60676.60995
2026-02-21 09:45:00+01:00,61065.3155818567,61178.75647
2026-02-21 10:00:00+01:00,61649.59490524859,61481.78283
2026-02-21 10:15:00+01:00,62299.553311076656,61630.72322
2026-02-21 10:30:00+01:00,62341.63183971912,62035.46695
2026-02-21 10:45:00+01:00,62560.68550304668,62213.54156
2026-02-21 11:00:00+01:00,62752.16628993011,62292.66121
2026-02-21 11:15:00+01:00,62764.37117661092,62734.30165
2026-02-21 11:30:00+01:00,63295.868464223546,62969.8803
2026-02-21 11:45:00+01:00,62796.09432422172,62537.50917
2026-02-21 12:00:00+01:00,62411.98004503676,62485.52003
2026-02-21 12:15:00+01:00,62413.9860682192,62444.92652
2026-02-21 12:30:00+01:00,62358.6120978936,62074.61779
2026-02-21 12:45:00+01:00,62262.936003309944,62068.89813
2026-02-21 13:00:00+01:00,61459.3941316446,61682.25834
2026-02-21 13:15:00+01:00,60847.69626734914,61276.92611
2026-02-21 13:30:00+01:00,60679.661531266785,60727.88002
2026-02-21 13:45:00+01:00,60223.18706037818,60399.32707
2026-02-21 14:00:00+01:00,59959.687421943716,60590.22073
2026-02-21 14:15:00+01:00,59508.8918106897,60170.97343
2026-02-21 14:30:00+01:00,59413.097880991045,59720.42467
2026-02-21 14:45:00+01:00,59331.488343605284,59233.54972
2026-02-21 15:00:00+01:00,59197.57371472604,59648.14696
2026-02-21 15:15:00+01:00,59162.41229444591,59248.68688
2026-02-21 15:30:00+01:00,59673.98154424744,59287.95715
2026-02-21 15:45:00+01:00,59740.59096549686,59225.48026
2026-02-21 16:00:00+01:00,60132.785073314546,60290.85602
2026-02-21 16:15:00+01:00,60132.77512039581,60271.89367
2026-02-21 16:30:00+01:00,60058.63107278803,60686.36124
2026-02-21 16:45:00+01:00,60311.308252286835,60864.96606
2026-02-21 17:00:00+01:00,61283.36320922387,61813.20265
2026-02-21 17:15:00+01:00,61696.85216087125,62664.80446
2026-02-21 17:30:00+01:00,62603.53628704954,63582.26317
2026-02-21 17:45:00+01:00,63777.4686846964,63997.61835
2026-02-21 18:00:00+01:00,64328.30532693494,64141.17333
2026-02-21 18:15:00+01:00,64320.37273539582,64081.64824
2026-02-21 18:30:00+01:00,64316.05075203894,64115.32789
2026-02-21 18:45:00+01:00,64249.70709070984,63727.56896
2026-02-21 19:00:00+01:00,62344.5830068685,63119.71016
2026-02-21 19:15:00+01:00,62181.117267653164,62213.84032
2026-02-21 19:30:00+01:00,61417.19660568421,61720.90999
2026-02-21 19:45:00+01:00,61083.2431130945,60994.73654
2026-02-21 20:00:00+01:00,60094.82454808722,59723.20095
2026-02-21 20:15:00+01:00,59614.83476939219,58908.09153
2026-02-21 20:30:00+01:00,58454.358841623965,58313.58628
2026-02-21 20:45:00+01:00,57691.62588634695,57263.98567
2026-02-21 21:00:00+01:00,56557.9155670281,56804.06427
2026-02-21 21:15:00+01:00,56004.309771901746,56354.89475
2026-02-21 21:30:00+01:00,55617.9137746792,55908.1539
2026-02-21 21:45:00+01:00,55351.112191425935,55129.20684
2026-02-21 22:00:00+01:00,55296.91527099732,54860.24911
2026-02-21 22:15:00+01:00,55020.79806736365,53933.9253
2026-02-21 22:30:00+01:00,54443.564297313045,52899.32741
2026-02-21 22:45:00+01:00,54353.03929260546,51897.25588
2026-02-21 23:00:00+01:00,52716.89291515808,51133.99171
2026-02-21 23:15:00+01:00,52461.357877227216,49506.88325
2026-02-21 23:30:00+01:00,52249.74649431652,48721.09821
2026-02-21 23:45:00+01:00,51836.01305191785,48297.11923
2026-02-22 00:00:00+01:00,49313.335327625486,46982.02307
2026-02-22 00:15:00+01:00,48779.08325849059,46710.3121
2026-02-22 00:30:00+01:00,48305.56036517622,46187.58478
2026-02-22 00:45:00+01:00,47464.789507309084,45920.79115
2026-02-22 01:00:00+01:00,47187.21421394534,44880.09703
2026-02-22 01:15:00+01:00,46835.78965796102,44353.38036
2026-02-22 01:30:00+01:00,46628.881983332736,43788.56803
2026-02-22 01:45:00+01:00,46612.75810370887,43233.04045
2026-02-22 02:00:00+01:00,46510.87962216064,42624.2496
2026-02-22 02:15:00+01:00,46303.98182015454,42128.9167
2026-02-22 02:30:00+01:00,46204.752738385585,41828.10534
2026-02-22 02:45:00+01:00,46126.70380807623,41921.57738
2026-02-22 03:00:00+01:00,46269.914075697896,41701.01389
2026-02-22 03:15:00+01:00,46239.4235832503,41843.13047
2026-02-22 03:30:00+01:00,46069.77331230605,41812.38247
2026-02-22 03:45:00+01:00,46070.714718546886,41806.95467
2026-02-22 04:00:00+01:00,46298.44661050363,42250.92904
2026-02-22 04:15:00+01:00,46298.44661050363,42208.00245
2026-02-22 04:30:00+01:00,46317.11543864916,42318.04382
2026-02-22 04:45:00+01:00,46271.258884791074,42499.67376
2026-02-22 05:00:00+01:00,47525.01118927148,42665.24373
2026-02-22 05:15:00+01:00,47445.538121537815,42718.26711
2026-02-22 05:30:00+01:00,47463.366193870475,42818.76387
2026-02-22 05:45:00+01:00,47628.541959640526,42991.22953
2026-02-22 06:00:00+01:00,48237.83977960496,42686.67592
2026-02-22 06:15:00+01:00,48400.54819049655,42808.91641
2026-02-22 06:30:00+01:00,48400.54819049655,43064.51258
2026-02-22 06:45:00+01:00,48643.51221201075,43622.09744
2026-02-22 07:00:00+01:00,49329.19426003486,44461.51477
2026-02-22 07:15:00+01:00,49766.28298684238,44715.36155
2026-02-22 07:30:00+01:00,50240.97312443902,44938.54659
2026-02-22 07:45:00+01:00,51753.88768494849,45758.0359
2026-02-22 08:00:00+01:00,52272.20180511507,46924.47746
2026-02-22 08:15:00+01:00,52801.73868439253,47682.36133
2026-02-22 08:30:00+01:00,53014.556196577105,48819.74702
2026-02-22 08:45:00+01:00,53967.44394366939,49615.98113
2026-02-22 09:00:00+01:00,54690.29227216625,50239.40748
2026-02-22 09:15:00+01:00,54724.40365063394,50787.28709
2026-02-22 09:30:00+01:00,55889.94819653108,51793.39669
2026-02-22 09:45:00+01:00,55638.31980876378,52184.78089
2026-02-22 10:00:00+01:00,56138.01618401033,52551.90851
2026-02-22 10:15:00+01:00,56574.928354155054,53108.90778
2026-02-22 10:30:00+01:00,57774.83962929707,53839.36427
2026-02-22 10:45:00+01:00,57269.10514616057,54647.80481
2026-02-22 11:00:00+01:00,58669.54971568313,55023.69506
2026-02-22 11:15:00+01:00,58924.03413650832,56173.78346
2026-02-22 11:30:00+01:00,59376.676182130104,57014.64255
2026-02-22 11:45:00+01:00,59215.88535437565,57335.26894
2026-02-22 12:00:00+01:00,59429.247967564144,56851.90596
2026-02-22 12:15:00+01:00,58938.480386022406,56626.73656
2026-02-22 12:30:00+01:00,58939.28080521742,56424.18057
2026-02-22 12:45:00+01:00,57614.96848486021,56276.34226
2026-02-22 13:00:00+01:00,56936.19173901566,56149.90648
2026-02-22 13:15:00+01:00,57003.09464504868,55948.65899
2026-02-22 13:30:00+01:00,56792.838221233455,55602.18979
2026-02-22 13:45:00+01:00,56665.476920219044,55159.20675
2026-02-22 14:00:00+01:00,56743.15112159894,54605.49934
2026-02-22 14:15:00+01:00,56447.63209600244,54344.38501
2026-02-22 14:30:00+01:00,56356.50043082108,54166.31145
2026-02-22 14:45:00+01:00,56320.74026419514,54136.36937
2026-02-22 15:00:00+01:00,56626.313578353576,54434.63346
2026-02-22 15:15:00+01:00,56648.27916239159,54140.59002
2026-02-22 15:30:00+01:00,56398.710758799156,54151.85636
2026-02-22 15:45:00+01:00,56675.225251355776,54171.35768
2026-02-22 16:00:00+01:00,56890.06741533174,54388.37681
2026-02-22 16:15:00+01:00,56720.97214158607,54619.98096
2026-02-22 16:30:00+01:00,57161.34038170284,55314.72321
2026-02-22 16:45:00+01:00,57279.780672876615,55499.95895
2026-02-22 17:00:00+01:00,59621.29073097731,56573.30927
2026-02-22 17:15:00+01:00,60499.3488532813,57480.60717
2026-02-22 17:30:00+01:00,61595.35094634461,58373.36396
2026-02-22 17:45:00+01:00,61902.721864255254,58707.34897
2026-02-22 18:00:00+01:00,62606.34944989275,58685.8248
2026-02-22 18:15:00+01:00,62606.34944989275,58890.19929
2026-02-22 18:30:00+01:00,63037.498637351244,58941.622
2026-02-22 18:45:00+01:00,62920.55466825109,58983.05341
2026-02-22 19:00:00+01:00,61635.82193737468,58420.16696
2026-02-22 19:15:00+01:00,61389.00353329328,57698.5886
2026-02-22 19:30:00+01:00,61192.966418050826,57218.86787
2026-02-22 19:45:00+01:00,60769.3044494609,56755.82731
2026-02-22 20:00:00+01:00,60417.084583250995,56317.17924
2026-02-22 20:15:00+01:00,60313.35196245613,55534.39448
2026-02-22 20:30:00+01:00,59563.63060781792,54907.67386
2026-02-22 20:45:00+01:00,58822.446830082976,54760.63894
2026-02-22 21:00:00+01:00,58359.56907355311,54569.25428
2026-02-22 21:15:00+01:00,57915.186942545435,54652.27934
2026-02-22 21:30:00+01:00,57771.68449754363,54327.85269
2026-02-22 21:45:00+01:00,57687.59249269752,53985.51935
2026-02-22 22:00:00+01:00,57792.50655651729,53967.6105
2026-02-22 22:15:00+01:00,57696.06065199394,53301.1804
2026-02-22 22:30:00+01:00,57315.08455559297,52852.78354
2026-02-22 22:45:00+01:00,57237.441917471675,52102.72205
2026-02-22 23:00:00+01:00,56380.60733143934,51607.69906
2026-02-22 23:15:00+01:00,55825.10517975071,50851.25824
2026-02-22 23:30:00+01:00,54698.46711090054,50511.0726
2026-02-22 23:45:00+01:00,54339.110116315904,49490.48434
2026-02-23 00:00:00+01:00,49780.68631183454,48382.39237
2026-02-23 00:15:00+01:00,49648.30200463545,47916.71906
2026-02-23 00:30:00+01:00,49241.00220973442,47569.74162
2026-02-23 00:45:00+01:00,48697.225168004064,46692.11676
2026-02-23 01:00:00+01:00,48300.18184183998,46332.70938
2026-02-23 01:15:00+01:00,48196.93769549273,45946.62301
2026-02-23 01:30:00+01:00,47921.37893366789,45924.79783
2026-02-23 01:45:00+01:00,48032.11371032642,46090.88742
2026-02-23 02:00:00+01:00,47482.04793989885,45657.43773
2026-02-23 02:15:00+01:00,47152.850886143366,46033.95467
2026-02-23 02:30:00+01:00,47100.826459634416,45956.15645
2026-02-23 02:45:00+01:00,47033.97529743644,46047.50101
2026-02-23 03:00:00+01:00,47065.99977747438,46365.70705
2026-02-23 03:15:00+01:00,46661.610381332364,46771.86552
2026-02-23 03:30:00+01:00,46843.732570822154,46863.79591
2026-02-23 03:45:00+01:00,47088.28277599946,47380.22253
2026-02-23 04:00:00+01:00,47323.73584929368,48325.27558
2026-02-23 04:15:00+01:00,47330.679431060846,48741.70591
2026-02-23 04:30:00+01:00,47396.96800543949,49201.58526
2026-02-23 04:45:00+01:00,48340.62295320118,49962.32489
2026-02-23 05:00:00+01:00,49374.19568853391,51135.99247
2026-02-23 05:15:00+01:00,50062.41854446702,52143.75059
2026-02-23 05:30:00+01:00,50840.054066147495,53449.40054
2026-02-23 05:45:00+01:00,52363.369993277636,55194.5466
2026-02-23 06:00:00+01:00,56260.15235546042,57924.94978
2026-02-23 06:15:00+01:00,57365.937506211216,60254.67058
2026-02-23 06:30:00+01:00,59002.25387535377,62229.92429
2026-02-23 06:45:00+01:00,61288.07772560783,64031.80319
2026-02-23 07:00:00+01:00,62433.33551698164,65693.40039
2026-02-23 07:15:00+01:00,63987.87344400014,66366.18369
2026-02-23 07:30:00+01:00,64751.48035530934,67155.06298
2026-02-23 07:45:00+01:00,66384.78796100103,67771.74035
2026-02-23 08:00:00+01:00,67704.09909732864,68826.86223
2026-02-23 08:15:00+01:00,68466.95879997313,69043.5803
2026-02-23 08:30:00+01:00,68505.81641231598,69502.70082
2026-02-23 08:45:00+01:00,68616.77441117594,69871.1103
2026-02-23 09:00:00+01:00,69052.17573435073,69361.89086
2026-02-23 09:15:00+01:00,69219.1649006921,69383.52936
2026-02-23 09:30:00+01:00,69613.04287310936,70069.69854
2026-02-23 09:45:00+01:00,69661.0822207641,69908.51512
2026-02-23 10:00:00+01:00,69715.93589717454,69639.38373
2026-02-23 10:15:00+01:00,70167.92201344624,69576.10226
2026-02-23 10:30:00+01:00,69942.82189482555,69728.9362
2026-02-23 10:45:00+01:00,70083.55214471945,70171.2871
2026-02-23 11:00:00+01:00,70109.8984308575,69663.79038
2026-02-23 11:15:00+01:00,70087.47741947087,69668.52166
2026-02-23 11:30:00+01:00,70097.40665709542,69819.21565
2026-02-23 11:45:00+01:00,69910.23439689005,69835.164
2026-02-23 12:00:00+01:00,69570.08563980358,69538.06699
2026-02-23 12:15:00+01:00,69539.04005563333,69498.64277
2026-02-23 12:30:00+01:00,69537.67255576274,69619.90772
2026-02-23 12:45:00+01:00,69477.2729142762,69436.92718
2026-02-23 13:00:00+01:00,68913.60736691824,69610.63816
2026-02-23 13:15:00+01:00,68593.06486647557,69052.21802
2026-02-23 13:30:00+01:00,68398.706059287,68847.7103
2026-02-23 13:45:00+01:00,67464.7034365288,68398.29812
2026-02-23 14:00:00+01:00,67393.04318030346,68173.602
2026-02-23 14:15:00+01:00,67041.8726263563,67770.16851
2026-02-23 14:30:00+01:00,66702.36117567132,67350.97826
2026-02-23 14:45:00+01:00,66554.99193852955,67040.08958
2026-02-23 15:00:00+01:00,66130.14777998847,67481.98033
2026-02-23 15:15:00+01:00,65744.01295580446,66793.25084
2026-02-23 15:30:00+01:00,66081.74896889114,66320.64629
2026-02-23 15:45:00+01:00,66059.21181150252,65991.12313
2026-02-23 16:00:00+01:00,66606.72349598882,66180.60957
2026-02-23 16:15:00+01:00,66610.83479739774,66445.04049
2026-02-23 16:30:00+01:00,66739.87134096496,66799.38441
2026-02-23 16:45:00+01:00,66975.51467440174,67189.07414
2026-02-23 17:00:00+01:00,68235.74258415916,67700.26646
2026-02-23 17:15:00+01:00,69170.05448099523,69070.77168
2026-02-23 17:30:00+01:00,69298.07165996933,70026.16564
2026-02-23 17:45:00+01:00,69908.79595786173,70609.17959
2026-02-23 18:00:00+01:00,69867.1877064503,70308.93081
2026-02-23 18:15:00+01:00,69931.34207165288,70109.57645
2026-02-23 18:30:00+01:00,70160.95243086727,70029.83184
2026-02-23 18:45:00+01:00,69833.3581535014,69893.06407
2026-02-23 19:00:00+01:00,69278.27083992104,69406.01909
2026-02-23 19:15:00+01:00,68992.7278412768,68759.99627
2026-02-23 19:30:00+01:00,68195.38698521025,67845.21926
2026-02-23 19:45:00+01:00,67945.58501561852,66866.44305
2026-02-23 20:00:00+01:00,65674.29147586197,66209.57485
2026-02-23 20:15:00+01:00,64771.841817440996,65076.42548
2026-02-23 20:30:00+01:00,63863.087511406615,64085.58431
2026-02-23 20:45:00+01:00,62504.15877391396,63056.12526
2026-02-23 21:00:00+01:00,61415.93945115195,61809.93612
2026-02-23 21:15:00+01:00,60665.149474456026,61079.14516
2026-02-23 21:30:00+01:00,59710.74540885209,60142.04709
2026-02-23 21:45:00+01:00,58465.16415395238,59609.22447
2026-02-23 22:00:00+01:00,58359.75637475219,58485.45868
2026-02-23 22:15:00+01:00,57929.27645997658,57619.33817
2026-02-23 22:30:00+01:00,57074.27518276996,56502.11567
2026-02-23 22:45:00+01:00,56678.03784870961,55824.7668
2026-02-23 23:00:00+01:00,55441.64507203379,54775.98228
2026-02-23 23:15:00+01:00,54601.39680199736,53783.35571
2026-02-23 23:30:00+01:00,53617.58793883411,53124.56124
2026-02-23 23:45:00+01:00,53294.47310458409,52753.48293
2026-02-24 00:00:00+01:00,52069.10303944581,51702.73047
2026-02-24 00:15:00+01:00,51945.45543953468,50965.11015
2026-02-24 00:30:00+01:00,51387.584793193506,50428.40248
2026-02-24 00:45:00+01:00,50868.45474927898,49820.42477
2026-02-24 01:00:00+01:00,49402.95909281076,49196.8307
2026-02-24 01:15:00+01:00,49071.33163735676,48973.9587
2026-02-24 01:30:00+01:00,49118.97355151891,48534.30336
2026-02-24 01:45:00+01:00,49157.028063254824,48638.80269
2026-02-24 02:00:00+01:00,48684.48083509917,48104.33548
2026-02-24 02:15:00+01:00,48681.708676905524,47924.38105
2026-02-24 02:30:00+01:00,48732.07055074411,47936.48882
2026-02-24 02:45:00+01:00,48719.574562760565,47940.82151
2026-02-24 03:00:00+01:00,48766.4457164007,48111.94074
2026-02-24 03:15:00+01:00,48778.646436769224,47860.3821
2026-02-24 03:30:00+01:00,48914.57338254394,48132.12388
2026-02-24 03:45:00+01:00,49002.48514517507,48426.59433
2026-02-24 04:00:00+01:00,48863.67869505279,48875.24741
2026-02-24 04:15:00+01:00,49004.35612876333,49252.37713
2026-02-24 04:30:00+01:00,49921.01768642212,49963.07396
2026-02-24 04:45:00+01:00,50597.364495581314,50411.16737
2026-02-24 05:00:00+01:00,51771.88115315242,51067.36501
2026-02-24 05:15:00+01:00,51999.619042280196,51641.02312
2026-02-24 05:30:00+01:00,52313.03719023495,52970.89203
2026-02-24 05:45:00+01:00,54311.94381754001,54534.97464
2026-02-24 06:00:00+01:00,56724.81035851999,57449.86914
2026-02-24 06:15:00+01:00,58200.523237585534,59777.50733
2026-02-24 06:30:00+01:00,60132.211403855865,61760.63605
2026-02-24 06:45:00+01:00,61297.46617274994,63493.54795
2026-02-24 07:00:00+01:00,62582.570963991115,64714.68161
2026-02-24 07:15:00+01:00,64283.54218770637,65795.8615
2026-02-24 07:30:00+01:00,64705.31840038048,66371.10119
2026-02-24 07:45:00+01:00,65562.91179086434,66943.68923
2026-02-24 08:00:00+01:00,66241.66790624258,67397.31201
2026-02-24 08:15:00+01:00,66874.9541660282,68030.41138
2026-02-24 08:30:00+01:00,67405.69971461785,68292.18526
2026-02-24 08:45:00+01:00,67460.8484403528,68037.21853
2026-02-24 09:00:00+01:00,66849.96585438623,67367.63369
2026-02-24 09:15:00+01:00,67419.94286661013,67444.97191
2026-02-24 09:30:00+01:00,67628.42519587371,67847.70863
2026-02-24 09:45:00+01:00,67809.71217705912,67805.23015
2026-02-24 10:00:00+01:00,67682.31406229439,67867.04558
2026-02-24 10:15:00+01:00,67983.54574840172,68204.15359
2026-02-24 10:30:00+01:00,68149.51913965786,68329.82804
2026-02-24 10:45:00+01:00,68624.01310605857,68369.73576
2026-02-24 11:00:00+01:00,68268.77328816339,67346.20241
2026-02-24 11:15:00+01:00,68284.05383572669,67510.94475
2026-02-24 11:30:00+01:00,68284.05383572669,67435.37164
2026-02-24 11:45:00+01:00,68395.48280900589,67275.99669
2026-02-24 12:00:00+01:00,68151.90506223985,67353.87558
2026-02-24 12:15:00+01:00,68114.34080026783,67235.77733
2026-02-24 12:30:00+01:00,67627.79328560346,66485.56986
2026-02-24 12:45:00+01:00,67378.21810572912,66664.01782
2026-02-24 13:00:00+01:00,66886.56313410946,66289.7869
2026-02-24 13:15:00+01:00,66363.75119015464,65970.97008
2026-02-24 13:30:00+01:00,65961.10024029558,65603.4668
2026-02-24 13:45:00+01:00,65975.4851094833,65042.6246
2026-02-24 14:00:00+01:00,65555.59146095417,64892.53116
2026-02-24 14:15:00+01:00,65399.75838648108,64485.08787
2026-02-24 14:30:00+01:00,65149.18584410492,64344.63945
2026-02-24 14:45:00+01:00,65088.69840979789,63964.3105
2026-02-24 15:00:00+01:00,65074.26614161248,64290.64891
2026-02-24 15:15:00+01:00,64180.43497769265,63724.50436
2026-02-24 15:30:00+01:00,64180.43497769265,63489.81015
2026-02-24 15:45:00+01:00,65074.26614161248,63557.55269
2026-02-24 16:00:00+01:00,65179.195559686355,63995.12547
2026-02-24 16:15:00+01:00,63685.278586831744,63996.94712
2026-02-24 16:30:00+01:00,64322.26631532839,64169.43753
2026-02-24 16:45:00+01:00,65196.36051888696,64658.03762
2026-02-24 17:00:00+01:00,65756.27142168487,65547.66703
2026-02-24 17:15:00+01:00,66562.29655078401,66344.16404
2026-02-24 17:30:00+01:00,67020.69046529564,67260.10293
2026-02-24 17:45:00+01:00,68054.6532251714,67696.43816
2026-02-24 18:00:00+01:00,68293.37753817008,67871.7755
2026-02-24 18:15:00+01:00,68934.38428494151,68187.13884
2026-02-24 18:30:00+01:00,68924.94329632219,68263.66814
2026-02-24 18:45:00+01:00,68830.87854416382,68161.7581
2026-02-24 19:00:00+01:00,67885.6220430606,67863.59022
2026-02-24 19:15:00+01:00,67670.7658838581,67242.94198
2026-02-24 19:30:00+01:00,67377.18955114634,66671.30868
2026-02-24 19:45:00+01:00,66104.30179798449,65962.72106
2026-02-24 20:00:00+01:00,65092.03632966153,65058.97085
2026-02-24 20:15:00+01:00,64472.18664245079,64015.70359
2026-02-24 20:30:00+01:00,62862.05770331323,62893.31102
2026-02-24 20:45:00+01:00,62603.638887090194,62115.51482
2026-02-24 21:00:00+01:00,62281.69289097473,61209.55974
2026-02-24 21:15:00+01:00,61003.94609647391,60243.84463
2026-02-24 21:30:00+01:00,59511.895517534,59210.24282
2026-02-24 21:45:00+01:00,59006.63605388509,58098.6634
2026-02-24 22:00:00+01:00,58106.286419259,57270.36741
2026-02-24 22:15:00+01:00,57844.70934647863,56377.73874
2026-02-24 22:30:00+01:00,57220.51288345774,55199.26163
2026-02-24 22:45:00+01:00,57053.15262276698,54511.06959
2026-02-24 23:00:00+01:00,55696.49907606183,53430.12894
2026-02-24 23:15:00+01:00,54996.737469746535,52610.51439
2026-02-24 23:30:00+01:00,53606.08542979691,51891.74114
2026-02-24 23:45:00+01:00,53620.541707758435,51358.85533
2026-02-25 00:00:00+01:00,51573.79146300843,50239.86477
2026-02-25 00:15:00+01:00,51070.32119887918,49459.57304
2026-02-25 00:30:00+01:00,50362.55734323014,48945.1019
2026-02-25 00:45:00+01:00,50241.177598165945,48544.85676
2026-02-25 01:00:00+01:00,50063.65664202878,48010.13158
2026-02-25 01:15:00+01:00,48916.376804912645,47440.73238
2026-02-25 01:30:00+01:00,48354.78739070936,47113.61629
2026-02-25 01:45:00+01:00,48240.59684648988,47249.93425
2026-02-25 02:00:00+01:00,47997.86718401938,46809.23645
2026-02-25 02:15:00+01:00,47967.899590528796,47032.9799
2026-02-25 02:30:00+01:00,47988.551991321045,46681.51976
2026-02-25 02:45:00+01:00,48125.88158900087,46966.83922
2026-02-25 03:00:00+01:00,48097.22701802987,46982.48099
2026-02-25 03:15:00+01:00,48310.19921534415,46952.96836
2026-02-25 03:30:00+01:00,48271.8740664671,47099.88802
2026-02-25 03:45:00+01:00,48335.02652477451,47249.31442
2026-02-25 04:00:00+01:00,48401.372630156184,48107.71968
2026-02-25 04:15:00+01:00,48613.77016385818,48591.60934
2026-02-25 04:30:00+01:00,48613.37359267666,49051.65166
2026-02-25 04:45:00+01:00,49701.12886853736,49703.91794
2026-02-25 05:00:00+01:00,50338.48070935394,51057.04858
2026-02-25 05:15:00+01:00,51145.59909138813,51998.14743
2026-02-25 05:30:00+01:00,52118.24942276648,53145.65312
2026-02-25 05:45:00+01:00,54127.04458304919,54835.70858
2026-02-25 06:00:00+01:00,56643.39400685224,57263.63361
2026-02-25 06:15:00+01:00,58463.60195841217,59574.16012
2026-02-25 06:30:00+01:00,59687.19854610499,60992.92795
2026-02-25 06:45:00+01:00,61187.464955012794,62397.14521
2026-02-25 07:00:00+01:00,64159.83974803606,64195.98835
2026-02-25 07:15:00+01:00,64600.76096782065,64716.73148
2026-02-25 07:30:00+01:00,65361.857962564834,65285.60209
2026-02-25 07:45:00+01:00,66592.56249486166,66220.96951
2026-02-25 08:00:00+01:00,67441.7143432748,66441.29767
2026-02-25 08:15:00+01:00,67508.33587665764,66812.32408
2026-02-25 08:30:00+01:00,68025.2584090784,67078.51498
2026-02-25 08:45:00+01:00,68020.08041564518,67372.10229
2026-02-25 09:00:00+01:00,67258.43842650291,66994.37887
2026-02-25 09:15:00+01:00,67809.11235742741,66809.69886
2026-02-25 09:30:00+01:00,67968.54657410072,67021.84084
2026-02-25 09:45:00+01:00,68114.38387419518,67267.78768
2026-02-25 10:00:00+01:00,67647.20958615912,66892.92856
2026-02-25 10:15:00+01:00,67740.1572414897,66665.857
2026-02-25 10:30:00+01:00,67871.58362836523,66743.07391
2026-02-25 10:45:00+01:00,68004.94480728498,66355.14232
2026-02-25 11:00:00+01:00,67900.86643979729,66099.04175
2026-02-25 11:15:00+01:00,67935.21396280192,66160.62765
2026-02-25 11:30:00+01:00,67935.21396280192,65870.10306
2026-02-25 11:45:00+01:00,67930.6002327251,65328.92916
2026-02-25 12:00:00+01:00,67673.72696491906,65054.39317
2026-02-25 12:15:00+01:00,67108.75871858317,64315.49704
2026-02-25 12:30:00+01:00,67078.29745404767,63987.31699
2026-02-25 12:45:00+01:00,66761.4250936428,63960.24011
2026-02-25 13:00:00+01:00,65632.84610721839,62968.67111
2026-02-25 13:15:00+01:00,65220.08859362974,62703.24929
2026-02-25 13:30:00+01:00,64901.933500146144,61985.03954
2026-02-25 13:45:00+01:00,64520.913494808534,61546.95357
2026-02-25 14:00:00+01:00,64412.909562009256,61298.21888
2026-02-25 14:15:00+01:00,64296.98531292721,60992.04581
2026-02-25 14:30:00+01:00,64282.69625970158,60585.66109
2026-02-25 14:45:00+01:00,64271.586086390795,59848.93235
2026-02-25 15:00:00+01:00,64300.31168089808,60100.3575
2026-02-25 15:15:00+01:00,64385.11795078708,60063.74666
2026-02-25 15:30:00+01:00,63470.92212763359,59944.52895
2026-02-25 15:45:00+01:00,63518.81423493456,60185.07046
2026-02-25 16:00:00+01:00,64896.662775095974,60852.59325
2026-02-25 16:15:00+01:00,64991.086433182114,60942.37782
2026-02-25 16:30:00+01:00,64973.29782516527,61519.0186
2026-02-25 16:45:00+01:00,64943.85183284397,62362.28531
2026-02-25 17:00:00+01:00,66037.76834108298,63365.08806
2026-02-25 17:15:00+01:00,66617.76257654886,64264.62057
2026-02-25 17:30:00+01:00,67739.83304147817,65194.66254
2026-02-25 17:45:00+01:00,67796.70888990308,65837.70794
2026-02-25 18:00:00+01:00,69626.10355526,66322.42459
2026-02-25 18:15:00+01:00,69622.73666217555,66645.42227
2026-02-25 18:30:00+01:00,69622.73666217555,67342.92577
2026-02-25 18:45:00+01:00,69432.06930586878,67828.98194
2026-02-25 19:00:00+01:00,69295.12406435069,67684.14636
2026-02-25 19:15:00+01:00,68587.17626488404,67223.46191
2026-02-25 19:30:00+01:00,68392.02506791567,67097.05102
2026-02-25 19:45:00+01:00,68085.87893280303,66659.18462
2026-02-25 20:00:00+01:00,66706.9948812762,65844.73397
2026-02-25 20:15:00+01:00,65882.91060219683,64896.12536
2026-02-25 20:30:00+01:00,64824.01868189839,64510.4626
2026-02-25 20:45:00+01:00,64139.58692016832,63902.25689
2026-02-25 21:00:00+01:00,62757.96432997626,62878.06636
2026-02-25 21:15:00+01:00,61804.36810983222,62512.94223
2026-02-25 21:30:00+01:00,61474.06738081335,61875.73444
2026-02-25 21:45:00+01:00,60551.02181516595,61146.64047
2026-02-25 22:00:00+01:00,59914.860365542554,59571.76961
2026-02-25 22:15:00+01:00,59504.86853081052,58481.95765
2026-02-25 22:30:00+01:00,58993.65424784713,57812.71334
2026-02-25 22:45:00+01:00,58136.2391323339,56916.92445
2026-02-25 23:00:00+01:00,57109.22374492999,55981.99624
2026-02-25 23:15:00+01:00,55417.555382758714,55015.98016
2026-02-25 23:30:00+01:00,54809.95271897018,54169.59995
2026-02-25 23:45:00+01:00,54336.91764517641,53665.84586
2026-02-26 00:00:00+01:00,50475.221507073955,52833.0522
2026-02-26 00:15:00+01:00,49787.552506976346,52559.84027
2026-02-26 00:30:00+01:00,49414.70080554397,51782.1506
2026-02-26 00:45:00+01:00,48993.41204736935,51075.02765
2026-02-26 01:00:00+01:00,48962.79314108588,50366.68319
2026-02-26 01:15:00+01:00,48660.18058481549,50049.44199
2026-02-26 01:30:00+01:00,48738.03911031492,49720.89591
2026-02-26 01:45:00+01:00,48626.97109742105,49269.93844
2026-02-26 02:00:00+01:00,48208.627506381985,48987.34604
2026-02-26 02:15:00+01:00,48492.661275433726,48916.25181
2026-02-26 02:30:00+01:00,48420.39872281956,48973.68456
2026-02-26 02:45:00+01:00,48467.53188855395,48764.54984
2026-02-26 03:00:00+01:00,48363.52931948726,49004.06127
2026-02-26 03:15:00+01:00,48385.54344571194,49170.20203
2026-02-26 03:30:00+01:00,48581.57014750424,49033.69134
2026-02-26 03:45:00+01:00,48829.103126668706,49438.7014
2026-02-26 04:00:00+01:00,49023.37644284284,50555.98192
2026-02-26 04:15:00+01:00,49392.633095357596,50756.6893
2026-02-26 04:30:00+01:00,49638.601402660584,51387.01569
2026-02-26 04:45:00+01:00,49801.938730375,51777.11155
2026-02-26 05:00:00+01:00,50863.32905036481,53060.73126
2026-02-26 05:15:00+01:00,51801.95908650603,54483.58556
2026-02-26 05:30:00+01:00,53019.83961630666,55677.91916
2026-02-26 05:45:00+01:00,55398.71723372657,57035.87293
2026-02-26 06:00:00+01:00,56849.31758473016,59435.42573
2026-02-26 06:15:00+01:00,59017.31722776903,61803.49887
2026-02-26 06:30:00+01:00,61110.53455216032,63409.13113
2026-02-26 06:45:00+01:00,63628.58615072444,64498.46425
2026-02-26 07:00:00+01:00,64817.33960623212,65665.10641
2026-02-26 07:15:00+01:00,66405.6339484129,66721.44393
2026-02-26 07:30:00+01:00,67603.78237318093,67693.2381
2026-02-26 07:45:00+01:00,67823.48589756039,68557.55376
2026-02-26 08:00:00+01:00,68585.30368102156,69109.15341
2026-02-26 08:15:00+01:00,68733.28657460964,69770.96396
2026-02-26 08:30:00+01:00,68962.09289941475,69709.86387
2026-02-26 08:45:00+01:00,69163.80329435642,69661.43912
2026-02-26 09:00:00+01:00,68178.50429524897,69038.51623
2026-02-26 09:15:00+01:00,68210.02300318131,69633.05909
2026-02-26 09:30:00+01:00,68600.56596733582,69397.75221
2026-02-26 09:45:00+01:00,68373.36212152921,69155.04403
2026-02-26 10:00:00+01:00,67398.92880850362,68347.57581
2026-02-26 10:15:00+01:00,67416.2240989755,68213.71303
2026-02-26 10:30:00+01:00,67667.50144988344,68160.03969
2026-02-26 10:45:00+01:00,68128.84761294124,67863.33299
2026-02-26 11:00:00+01:00,67649.9915643942,67150.47604
2026-02-26 11:15:00+01:00,67754.94759610343,66833.27142
2026-02-26 11:30:00+01:00,67798.53148484274,66382.38048
2026-02-26 11:45:00+01:00,67649.62907152325,66041.47271
2026-02-26 12:00:00+01:00,67198.28705607132,65814.97727
2026-02-26 12:15:00+01:00,67165.2676565786,64790.34022
2026-02-26 12:30:00+01:00,67154.7961500475,64425.27321
2026-02-26 12:45:00+01:00,67529.4005910258,63989.18486
2026-02-26 13:00:00+01:00,66993.50462345261,63265.57488
2026-02-26 13:15:00+01:00,66521.30144645348,62268.16002
2026-02-26 13:30:00+01:00,66201.25009630648,61719.28125
2026-02-26 13:45:00+01:00,65910.42622691982,61010.94803
2026-02-26 14:00:00+01:00,65193.16209407903,61348.27501
2026-02-26 14:15:00+01:00,64863.75675202759,60271.96035
2026-02-26 14:30:00+01:00,64667.25633454409,60088.98585
2026-02-26 14:45:00+01:00,64433.524534480115,59910.9719
2026-02-26 15:00:00+01:00,64621.307557756794,60364.11578
2026-02-26 15:15:00+01:00,64353.80490232111,60251.95971
2026-02-26 15:30:00+01:00,64353.80490232111,60089.21194
2026-02-26 15:45:00+01:00,64376.167641388376,60045.9776
2026-02-26 16:00:00+01:00,65077.63521858463,60666.36329
2026-02-26 16:15:00+01:00,65133.77503322526,60981.24159
2026-02-26 16:30:00+01:00,65479.363529986455,61728.16469
2026-02-26 16:45:00+01:00,65787.44906069199,62324.05039
2026-02-26 17:00:00+01:00,67170.15077452226,63536.36979
2026-02-26 17:15:00+01:00,67958.13717715154,64451.13994
2026-02-26 17:30:00+01:00,68627.62576517413,65506.97507
2026-02-26 17:45:00+01:00,68833.88347635994,66158.11311
2026-02-26 18:00:00+01:00,69849.2192262936,67053.54858
2026-02-26 18:15:00+01:00,69847.20452315781,67130.74241
2026-02-26 18:30:00+01:00,69847.20452315781,67227.44997
2026-02-26 18:45:00+01:00,69672.06513493224,67444.2671
2026-02-26 19:00:00+01:00,68765.29617006253,66976.63988
2026-02-26 19:15:00+01:00,68235.46067868725,66473.20325
2026-02-26 19:30:00+01:00,67912.96386292396,66122.22176
2026-02-26 19:45:00+01:00,67630.10298061487,65940.26396
2026-02-26 20:00:00+01:00,66975.84094765277,64776.42214
2026-02-26 20:15:00+01:00,65634.63191602562,63717.5748
2026-02-26 20:30:00+01:00,64963.32758051299,62757.51353
2026-02-26 20:45:00+01:00,64625.93133040725,61615.32393
2026-02-26 21:00:00+01:00,62837.785053980544,60956.85377
2026-02-26 21:15:00+01:00,62666.79871998195,60293.73176
2026-02-26 21:30:00+01:00,59695.664065176396,59395.64086
2026-02-26 21:45:00+01:00,58923.40104768744,58791.98894
2026-02-26 22:00:00+01:00,58334.49070073247,58222.49199
2026-02-26 22:15:00+01:00,57312.648135678435,57774.3912
2026-02-26 22:30:00+01:00,56864.73500838871,56759.34704
2026-02-26 22:45:00+01:00,56632.50763663011,55575.04094
2026-02-26 23:00:00+01:00,55446.230219824225,54668.10799
2026-02-26 23:15:00+01:00,54574.16873946918,53810.85489
2026-02-26 23:30:00+01:00,53702.2769464273,52885.18553
2026-02-26 23:45:00+01:00,53082.880860681544,52090.09738
2026-02-27 00:00:00+01:00,52512.52664859494,51032.41911
2026-02-27 00:15:00+01:00,51794.753125322255,50486.44347
2026-02-27 00:30:00+01:00,51747.53396661565,49788.00557
2026-02-27 00:45:00+01:00,50787.0781119819,49190.96037
2026-02-27 01:00:00+01:00,50649.7686912462,48524.27537
2026-02-27 01:15:00+01:00,49932.89848247471,47920.05343
2026-02-27 01:30:00+01:00,49855.71145528954,47986.34774
2026-02-27 01:45:00+01:00,49833.575245200984,47673.14994
2026-02-27 02:00:00+01:00,49597.269149323365,47422.14084
2026-02-27 02:15:00+01:00,49088.46402819506,47208.49109
2026-02-27 02:30:00+01:00,49084.35791220994,47458.70235
2026-02-27 02:45:00+01:00,49044.21340793213,47584.33314
2026-02-27 03:00:00+01:00,49109.93303882643,47933.59917
2026-02-27 03:15:00+01:00,49044.218714856375,48113.33423
2026-02-27 03:30:00+01:00,49399.18845631514,48461.76196
2026-02-27 03:45:00+01:00,49442.95647492532,48682.58569
2026-02-27 04:00:00+01:00,49628.73197584323,49690.80986
2026-02-27 04:15:00+01:00,49655.682635205325,49729.91466
2026-02-27 04:30:00+01:00,49923.500823121285,50352.71424
2026-02-27 04:45:00+01:00,50320.38429631625,51094.78906
2026-02-27 05:00:00+01:00,51856.73005639981,52075.19094
2026-02-27 05:15:00+01:00,52229.04011949401,52655.27793
2026-02-27 05:30:00+01:00,53924.133902643436,53993.53198
2026-02-27 05:45:00+01:00,55739.678856554565,55658.19763
2026-02-27 06:00:00+01:00,58356.32317983706,58486.97253
2026-02-27 06:15:00+01:00,60453.02330204804,60289.90109
2026-02-27 06:30:00+01:00,62611.288184594225,62024.82068
2026-02-27 06:45:00+01:00,63659.680427774445,63277.39753
2026-02-27 07:00:00+01:00,64426.16757020475,64963.14855
2026-02-27 07:15:00+01:00,66237.57420023388,65782.37308
2026-02-27 07:30:00+01:00,66667.8238036936,66125.84809
2026-02-27 07:45:00+01:00,67051.80157359867,66643.69063
2026-02-27 08:00:00+01:00,68071.23366407615,67621.7006
2026-02-27 08:15:00+01:00,68358.84730687163,67836.15007
2026-02-27 08:30:00+01:00,68648.41543176223,67911.653
2026-02-27 08:45:00+01:00,68648.41543176223,68015.42629
2026-02-27 09:00:00+01:00,67527.10540054404,66884.23831
2026-02-27 09:15:00+01:00,68153.4556288433,66717.13098
2026-02-27 09:30:00+01:00,68250.18797444174,66774.02084
2026-02-27 09:45:00+01:00,68158.56650732184,66544.60381
2026-02-27 10:00:00+01:00,66900.78455251994,66126.66762
2026-02-27 10:15:00+01:00,66881.86289088272,65917.00518
2026-02-27 10:30:00+01:00,66889.91777330542,65833.66479
2026-02-27 10:45:00+01:00,66968.63608669472,65358.65676
2026-02-27 11:00:00+01:00,65802.11805692602,64407.68294
2026-02-27 11:15:00+01:00,66172.7620308487,64206.78545
2026-02-27 11:30:00+01:00,65823.00587958685,63587.145
2026-02-27 11:45:00+01:00,65592.40559286487,62626.51904
2026-02-27 12:00:00+01:00,65480.80728525564,62298.06804
2026-02-27 12:15:00+01:00,64768.63217329334,61214.23233
2026-02-27 12:30:00+01:00,64735.34964026238,60460.80325
2026-02-27 12:45:00+01:00,64708.391851571716,60120.71821
2026-02-27 13:00:00+01:00,64677.31870218752,59862.5448
2026-02-27 13:15:00+01:00,64091.420342875776,59099.88023
2026-02-27 13:30:00+01:00,63820.0976482511,58386.96153
2026-02-27 13:45:00+01:00,63225.59126910871,57706.18351
2026-02-27 14:00:00+01:00,63035.798282816584,58124.58855
2026-02-27 14:15:00+01:00,63002.58709200341,57694.99286
2026-02-27 14:30:00+01:00,62640.73826273812,56861.85855
2026-02-27 14:45:00+01:00,62861.423121729014,56784.08449
2026-02-27 15:00:00+01:00,62486.072405173305,56890.04531
2026-02-27 15:15:00+01:00,62770.15326396533,56880.0465
2026-02-27 15:30:00+01:00,63003.9706508931,56275.99849
2026-02-27 15:45:00+01:00,62967.42297334887,56020.47881
2026-02-27 16:00:00+01:00,64450.823896045236,56926.06189
2026-02-27 16:15:00+01:00,64471.38351366495,57453.89793
2026-02-27 16:30:00+01:00,64473.30640497243,57901.59703
2026-02-27 16:45:00+01:00,64786.53303988181,58466.78408
2026-02-27 17:00:00+01:00,65889.34179883155,60123.40944
2026-02-27 17:15:00+01:00,66795.60804993687,61176.29754
2026-02-27 17:30:00+01:00,67782.47048029317,61838.36986
2026-02-27 17:45:00+01:00,67773.17715541674,62221.18995
2026-02-27 18:00:00+01:00,68392.82280353346,62851.98717
2026-02-27 18:15:00+01:00,68545.0891278511,63457.41812
2026-02-27 18:30:00+01:00,68554.38245272753,64329.13069
2026-02-27 18:45:00+01:00,68315.5624681292,64083.69113
2026-02-27 19:00:00+01:00,67532.23101149051,63312.31576
2026-02-27 19:15:00+01:00,66973.55986259384,62645.60665
2026-02-27 19:30:00+01:00,66272.53859760512,62261.32572
2026-02-27 19:45:00+01:00,65982.88058812909,61667.18837
2026-02-27 20:00:00+01:00,64772.34929861873,60847.39597
2026-02-27 20:15:00+01:00,64004.9610532376,59972.04785
2026-02-27 20:30:00+01:00,62802.62674046331,59186.15358
2026-02-27 20:45:00+01:00,62290.64002035655,58475.40225
2026-02-27 21:00:00+01:00,60994.63741829882,57654.07523
2026-02-27 21:15:00+01:00,59018.693548762254,56592.41218
2026-02-27 21:30:00+01:00,58299.97834447571,55426.23746
2026-02-27 21:45:00+01:00,57515.94364613303,54363.34028
2026-02-27 22:00:00+01:00,56884.030194862826,53536.38317
2026-02-27 22:15:00+01:00,56795.83383510646,52826.54052
2026-02-27 22:30:00+01:00,55862.80868044812,52117.93714
2026-02-27 22:45:00+01:00,55504.73741848769,51405.017
2026-02-27 23:00:00+01:00,54256.42571863644,50765.49221
2026-02-27 23:15:00+01:00,53137.56524356703,49367.77581
2026-02-27 23:30:00+01:00,52678.55375561873,48796.40968
2026-02-27 23:45:00+01:00,52035.5579319046,47644.52754
2026-02-28 00:00:00+01:00,48876.19213896797,46664.36607
2026-02-28 00:15:00+01:00,48024.364991124494,46081.03254
2026-02-28 00:30:00+01:00,47833.26975317763,45359.61134
2026-02-28 00:45:00+01:00,47608.13612303649,44859.34172
2026-02-28 01:00:00+01:00,47025.67901767067,44299.89125
2026-02-28 01:15:00+01:00,46542.34342102818,44174.10788
2026-02-28 01:30:00+01:00,46333.35894996043,44011.98952
2026-02-28 01:45:00+01:00,46077.31760700317,43446.331
2026-02-28 02:00:00+01:00,45782.6101166131,42802.66666
2026-02-28 02:15:00+01:00,45742.84939980576,42458.32168
2026-02-28 02:30:00+01:00,45546.02114805879,42484.99142
2026-02-28 02:45:00+01:00,45517.59622421861,42311.76868
2026-02-28 03:00:00+01:00,45613.96311389145,42100.55672
2026-02-28 03:15:00+01:00,45558.42089962877,41846.00134
2026-02-28 03:30:00+01:00,45613.96311389145,41735.21003
2026-02-28 03:45:00+01:00,45622.058163114285,42154.739
2026-02-28 04:00:00+01:00,45655.29537717303,42513.41958
2026-02-28 04:15:00+01:00,45674.054632388106,42625.53415
2026-02-28 04:30:00+01:00,45436.60298475641,42867.63406
2026-02-28 04:45:00+01:00,45441.61008633605,43096.57635
2026-02-28 05:00:00+01:00,45678.23841192173,43312.29833
2026-02-28 05:15:00+01:00,45983.564242633176,43012.60705
2026-02-28 05:30:00+01:00,46080.93957859713,43026.17774
2026-02-28 05:45:00+01:00,46147.26905004017,43392.96183
2026-02-28 06:00:00+01:00,46980.017805228505,44010.09852
2026-02-28 06:15:00+01:00,47690.342448439624,44075.69005
2026-02-28 06:30:00+01:00,47773.20462508108,44879.13071
2026-02-28 06:45:00+01:00,48313.989538530805,45320.99884
2026-02-28 07:00:00+01:00,49028.575646882884,45899.36727
2026-02-28 07:15:00+01:00,49467.89220128986,46814.73907
2026-02-28 07:30:00+01:00,50260.563883271454,47937.62945
2026-02-28 07:45:00+01:00,50966.957452720584,49009.14826
2026-02-28 08:00:00+01:00,52398.51411538948,50130.93198
2026-02-28 08:15:00+01:00,53137.62312165363,50840.48427
2026-02-28 08:30:00+01:00,54390.842682819246,51708.79428
2026-02-28 08:45:00+01:00,54577.849712184194,52510.39696
2026-02-28 09:00:00+01:00,54145.515672133704,52812.29911
2026-02-28 09:15:00+01:00,54337.08462765582,54258.35473
2026-02-28 09:30:00+01:00,54940.02357939899,54291.91164
2026-02-28 09:45:00+01:00,55472.16143970917,54413.73553
2026-02-28 10:00:00+01:00,55248.4296091499,54260.92197
2026-02-28 10:15:00+01:00,55673.19616166283,54454.53369
2026-02-28 10:30:00+01:00,55719.351411557436,54536.46605
2026-02-28 10:45:00+01:00,55942.88109698189,54628.44515
2026-02-28 11:00:00+01:00,56115.269062443855,54276.47013
2026-02-28 11:15:00+01:00,56834.77873878986,54378.36734
2026-02-28 11:30:00+01:00,56834.77873878986,54477.25297
2026-02-28 11:45:00+01:00,56805.432677035526,54243.34678
2026-02-28 12:00:00+01:00,56723.95771358181,54021.6622
2026-02-28 12:15:00+01:00,56198.23483505994,53648.85342
2026-02-28 12:30:00+01:00,56163.74048896666,53312.05252
2026-02-28 12:45:00+01:00,56089.69154215113,52923.68096
2026-02-28 13:00:00+01:00,55681.78517285059,52473.37508
2026-02-28 13:15:00+01:00,55435.88374916206,51641.85488
2026-02-28 13:30:00+01:00,55236.72493951229,51283.77305
2026-02-28 13:45:00+01:00,54882.92001020976,51026.39679
2026-02-28 14:00:00+01:00,55190.398041666085,51746.23695
2026-02-28 14:15:00+01:00,54727.62296322413,50403.18435
2026-02-28 14:30:00+01:00,54577.51978327517,50208.66342
2026-02-28 14:45:00+01:00,54540.82143570052,50292.21764
2026-02-28 15:00:00+01:00,54992.02193682527,51376.32275
2026-02-28 15:15:00+01:00,54876.4733193777,51922.81558
2026-02-28 15:30:00+01:00,55045.46715511317,51453.89104
2026-02-28 15:45:00+01:00,55051.7269945162,51406.80507
2026-02-28 16:00:00+01:00,55744.653480451525,52045.39693
2026-02-28 16:15:00+01:00,55744.653480451525,52156.51011
2026-02-28 16:30:00+01:00,56233.69892235209,52382.26412
2026-02-28 16:45:00+01:00,56432.21107728525,52847.67778
2026-02-28 17:00:00+01:00,57261.20382477805,53702.79584
2026-02-28 17:15:00+01:00,58127.36372090617,54548.79303
2026-02-28 17:30:00+01:00,59300.70159915563,55549.3218
2026-02-28 17:45:00+01:00,59722.679554845585,56691.95588
2026-02-28 18:00:00+01:00,60340.34252494981,57455.8491
2026-02-28 18:15:00+01:00,60334.584337694025,57951.83732
2026-02-28 18:30:00+01:00,60334.584337694025,57721.054
2026-02-28 18:45:00+01:00,60283.44104806656,57101.49104
2026-02-28 19:00:00+01:00,59448.7192316267,56581.86083
2026-02-28 19:15:00+01:00,58339.0228926939,56074.04081
2026-02-28 19:30:00+01:00,58228.65145825596,55551.91746
2026-02-28 19:45:00+01:00,58303.87995218099,54735.57502
2026-02-28 20:00:00+01:00,56693.77449390165,53984.26368
2026-02-28 20:15:00+01:00,56099.008104944,53104.98969
2026-02-28 20:30:00+01:00,55676.48563527527,53072.61302
2026-02-28 20:45:00+01:00,55613.448973962484,52419.92093
2026-02-28 21:00:00+01:00,55635.02066080247,51955.92275
2026-02-28 21:15:00+01:00,55140.44280703813,51813.77529
2026-02-28 21:30:00+01:00,54472.14898701305,51878.46822
2026-02-28 21:45:00+01:00,54141.54923967308,51407.21339
2026-02-28 22:00:00+01:00,54084.36692191662,51024.10578
2026-02-28 22:15:00+01:00,53583.81744206867,50780.97749
2026-02-28 22:30:00+01:00,52855.68059879231,50149.89024
2026-02-28 22:45:00+01:00,52522.04390382732,49492.24233
2026-02-28 23:00:00+01:00,51643.58383986335,48905.79798
2026-02-28 23:15:00+01:00,51214.80350873075,48325.69233
2026-02-28 23:30:00+01:00,50211.86981585339,47519.07517
2026-02-28 23:45:00+01:00,50140.21065570536,46789.45078
2026-03-01 00:00:00+01:00,45687.75097739078,45830.57725
2026-03-01 00:15:00+01:00,45607.88681518628,45087.03823
2026-03-01 00:30:00+01:00,45376.66571284723,44693.31006
2026-03-01 00:45:00+01:00,44933.53414122496,44408.39228
2026-03-01 01:00:00+01:00,44666.530083962374,43296.65099
2026-03-01 01:15:00+01:00,44238.45001755096,42874.40784
2026-03-01 01:30:00+01:00,44119.54637030431,42347.54239
2026-03-01 01:45:00+01:00,44004.18833574501,42257.77619
2026-03-01 02:00:00+01:00,43269.47477646471,41980.13111
2026-03-01 02:15:00+01:00,43285.79480842309,41335.68909
2026-03-01 02:30:00+01:00,43130.42679403492,40860.62261
2026-03-01 02:45:00+01:00,43230.038553350365,40662.35326
2026-03-01 03:00:00+01:00,43098.03418090888,41009.33399
2026-03-01 03:15:00+01:00,43098.03418090888,40677.39789
2026-03-01 03:30:00+01:00,43108.17361842866,40408.70641
2026-03-01 03:45:00+01:00,43097.52099174432,40194.184
2026-03-01 04:00:00+01:00,42925.936339626984,40244.9622
2026-03-01 04:15:00+01:00,42865.84976347275,40418.2271
2026-03-01 04:30:00+01:00,42839.68275941926,40695.28931
2026-03-01 04:45:00+01:00,42833.29658557192,40946.68697
2026-03-01 05:00:00+01:00,43071.107591934044,41262.53115
2026-03-01 05:15:00+01:00,43198.838538435375,41137.57655
2026-03-01 05:30:00+01:00,43253.651238189916,41375.60654
2026-03-01 05:45:00+01:00,43971.083339657554,41009.80222
2026-03-01 06:00:00+01:00,42113.540185654834,40876.69082
2026-03-01 06:15:00+01:00,42516.72785192937,41176.97626
2026-03-01 06:30:00+01:00,42972.12479052664,41694.24186
2026-03-01 06:45:00+01:00,43057.77654257603,41682.00918
2026-03-01 07:00:00+01:00,43323.6133098062,41989.21962
2026-03-01 07:15:00+01:00,43554.83935182641,42388.13449
2026-03-01 07:30:00+01:00,44128.34568672417,43126.14196
2026-03-01 07:45:00+01:00,44979.45907997181,43856.6277
2026-03-01 08:00:00+01:00,46245.01810045022,44731.68924
2026-03-01 08:15:00+01:00,46993.16413721238,45945.63771
2026-03-01 08:30:00+01:00,47684.98606376661,47029.93462
2026-03-01 08:45:00+01:00,48513.69493100419,47840.45234
2026-03-01 09:00:00+01:00,48935.38861926174,48832.65867
2026-03-01 09:15:00+01:00,49433.96808293444,49541.06522
2026-03-01 09:30:00+01:00,50194.991214024165,50084.18083
2026-03-01 09:45:00+01:00,50432.063596051055,50354.08312
2026-03-01 10:00:00+01:00,50066.82816949579,50231.05417
2026-03-01 10:15:00+01:00,50315.01279073862,50670.37033
2026-03-01 10:30:00+01:00,51022.546456159864,51784.12066
2026-03-01 10:45:00+01:00,51580.90678854845,51309.41672
2026-03-01 11:00:00+01:00,51902.201570232,51085.77661
2026-03-01 11:15:00+01:00,52211.60323705568,51340.07512
2026-03-01 11:30:00+01:00,52912.53120120854,51348.50176
2026-03-01 11:45:00+01:00,53211.73365663206,51604.25019
2026-03-01 12:00:00+01:00,52965.19874202593,51089.54292
2026-03-01 12:15:00+01:00,52907.2806770408,50937.20065
2026-03-01 12:30:00+01:00,52495.84274659334,50448.70761
2026-03-01 12:45:00+01:00,51967.89996851974,50144.92054
2026-03-01 13:00:00+01:00,51560.38524574373,49775.04464
2026-03-01 13:15:00+01:00,50874.46802776079,48926.35208
2026-03-01 13:30:00+01:00,50652.93550973701,48356.82062
2026-03-01 13:45:00+01:00,50220.119195515545,47497.59679
2026-03-01 14:00:00+01:00,49359.759591742375,47250.62068
2026-03-01 14:15:00+01:00,49368.5058262937,46618.28208
2026-03-01 14:30:00+01:00,49360.45846676221,46219.45294
2026-03-01 14:45:00+01:00,49405.90948125771,46042.3053
2026-03-01 15:00:00+01:00,49676.75355019233,47500.99809
2026-03-01 15:15:00+01:00,49924.634041887526,46562.98003
2026-03-01 15:30:00+01:00,49702.02356713914,46663.63979
2026-03-01 15:45:00+01:00,49899.36402494071,46846.34063
2026-03-01 16:00:00+01:00,50230.800997369646,47774.45873
2026-03-01 16:15:00+01:00,50275.500055583565,47604.73635
2026-03-01 16:30:00+01:00,50799.31948784949,48262.42758
2026-03-01 16:45:00+01:00,51349.282560493586,48884.06557
2026-03-01 17:00:00+01:00,52827.70121339899,50154.40893
2026-03-01 17:15:00+01:00,53502.25096482327,51845.97675
2026-03-01 17:30:00+01:00,54112.91214605296,52093.27953
2026-03-01 17:45:00+01:00,55140.45809379654,53022.09573
2026-03-01 18:00:00+01:00,56056.34935030594,53905.87929
2026-03-01 18:15:00+01:00,56056.34935030594,53754.91327
2026-03-01 18:30:00+01:00,56431.36163869605,54283.7468
2026-03-01 18:45:00+01:00,56421.98080088323,54591.46735
2026-03-01 19:00:00+01:00,55673.44343932792,54546.68281
2026-03-01 19:15:00+01:00,55159.2301394311,54448.58143
2026-03-01 19:30:00+01:00,55023.82888176839,53939.76876
2026-03-01 19:45:00+01:00,54675.965066799035,54025.42046
2026-03-01 20:00:00+01:00,54686.60126342676,53781.83578
2026-03-01 20:15:00+01:00,54265.83429005762,52703.42098
2026-03-01 20:30:00+01:00,54098.06781535678,51962.13008
2026-03-01 20:45:00+01:00,54008.36967662334,51495.68223
2026-03-01 21:00:00+01:00,53919.9340335211,51348.39033
2026-03-01 21:15:00+01:00,53602.96546167547,51297.98905
2026-03-01 21:30:00+01:00,53494.871239178,50971.64299
2026-03-01 21:45:00+01:00,53492.66293495399,50215.218
2026-03-01 22:00:00+01:00,53670.82053328796,49999.42039
2026-03-01 22:15:00+01:00,53069.932505902005,49895.73223
2026-03-01 22:30:00+01:00,52796.26207504391,49463.23714
2026-03-01 22:45:00+01:00,52391.47382839015,49006.90132
2026-03-01 23:00:00+01:00,51904.22818500123,47877.64123
2026-03-01 23:15:00+01:00,50980.59384572882,47514.05286
2026-03-01 23:30:00+01:00,50656.88909371281,47098.11701
2026-03-01 23:45:00+01:00,50047.12974381231,46813.52929
2026-03-02 00:00:00+01:00,47342.39968262731,46269.95611
2026-03-02 00:15:00+01:00,47015.01792179595,45961.57421
2026-03-02 00:30:00+01:00,46893.95650155734,45609.39452
2026-03-02 00:45:00+01:00,46220.593171356006,44815.80931
2026-03-02 01:00:00+01:00,45849.3403408703,40047.22231
2026-03-02 01:15:00+01:00,45333.6362787444,43625.59801
2026-03-02 01:30:00+01:00,45279.13237354819,43648.22813
2026-03-02 01:45:00+01:00,45607.33486717919,43617.65364
2026-03-02 02:00:00+01:00,45036.82705467388,43635.88287
2026-03-02 02:15:00+01:00,45397.93079750746,43636.74815
2026-03-02 02:30:00+01:00,44976.064728645295,43804.22535
2026-03-02 02:45:00+01:00,45402.49066338753,43909.68938
2026-03-02 03:00:00+01:00,45101.84227604946,44236.80969
2026-03-02 03:15:00+01:00,45182.017963040715,44246.38838
2026-03-02 03:30:00+01:00,45164.401182944144,44109.31083
2026-03-02 03:45:00+01:00,45535.098446031356,44467.82743
2026-03-02 04:00:00+01:00,46309.52713785737,45483.24625
2026-03-02 04:15:00+01:00,46440.76895293327,45533.36489
2026-03-02 04:30:00+01:00,46594.73626051276,46122.80348
2026-03-02 04:45:00+01:00,47124.46767592898,46635.65513
2026-03-02 05:00:00+01:00,47612.54174305957,48086.96246
2026-03-02 05:15:00+01:00,48588.73744333107,48979.96204
2026-03-02 05:30:00+01:00,49538.96983388009,50128.3712
2026-03-02 05:45:00+01:00,51643.521772664404,51982.30409
2026-03-02 06:00:00+01:00,53709.24870792459,55352.15982
2026-03-02 06:15:00+01:00,55571.59353085908,57752.26806
2026-03-02 06:30:00+01:00,56583.4420408069,59851.64954
2026-03-02 06:45:00+01:00,57765.080609210716,61139.35922
2026-03-02 07:00:00+01:00,60093.760719700746,61870.47652
2026-03-02 07:15:00+01:00,60322.925533093236,62794.19391
2026-03-02 07:30:00+01:00,61206.156907275006,63630.00699
2026-03-02 07:45:00+01:00,61642.504900115826,64631.22096
2026-03-02 08:00:00+01:00,62300.89822152968,65151.91192
2026-03-02 08:15:00+01:00,62476.45168800833,65615.88259
2026-03-02 08:30:00+01:00,62586.03109030055,65765.70929
2026-03-02 08:45:00+01:00,63177.47541296919,66452.95035
2026-03-02 09:00:00+01:00,61775.568109297434,65881.78389
2026-03-02 09:15:00+01:00,61746.134880491125,66056.41434
2026-03-02 09:30:00+01:00,62667.849556581816,66214.29511
2026-03-02 09:45:00+01:00,62371.69227981137,66539.95944
2026-03-02 10:00:00+01:00,60641.45567449306,65749.92546
2026-03-02 10:15:00+01:00,60835.998565218506,64942.589
2026-03-02 10:30:00+01:00,61039.98296009472,64438.72649
2026-03-02 10:45:00+01:00,61742.552187973444,63924.23242
2026-03-02 11:00:00+01:00,60155.488571421396,63283.1112
2026-03-02 11:15:00+01:00,60201.463894585504,63396.43283
2026-03-02 11:30:00+01:00,60370.61124899412,62558.14486
2026-03-02 11:45:00+01:00,60371.882339622985,62137.44529
2026-03-02 12:00:00+01:00,60119.59427014939,61774.08263
2026-03-02 12:15:00+01:00,59875.18978204169,60926.64281
2026-03-02 12:30:00+01:00,59964.11909128589,61162.07956
2026-03-02 12:45:00+01:00,59814.1548508878,61009.1157
2026-03-02 13:00:00+01:00,59054.80097074222,60319.89064
2026-03-02 13:15:00+01:00,58574.31683012077,59520.10756
2026-03-02 13:30:00+01:00,58438.553302102744,59069.28088
2026-03-02 13:45:00+01:00,58160.92274701883,58186.22261
2026-03-02 14:00:00+01:00,58131.916605408405,58621.30141
2026-03-02 14:15:00+01:00,57982.04280048264,57821.44382
2026-03-02 14:30:00+01:00,57610.10381345935,57843.31106
2026-03-02 14:45:00+01:00,57212.7373644398,57468.81656
2026-03-02 15:00:00+01:00,57900.15094555074,57606.61321
2026-03-02 15:15:00+01:00,57515.51705056567,58210.97875
2026-03-02 15:30:00+01:00,57515.51705056567,58103.27699
2026-03-02 15:45:00+01:00,57494.78117414118,57985.43402
2026-03-02 16:00:00+01:00,58095.624109011034,59376.83192
2026-03-02 16:15:00+01:00,58280.374867164435,59321.26676
2026-03-02 16:30:00+01:00,58372.09536564801,59565.45838
2026-03-02 16:45:00+01:00,58820.24215864645,60120.16554
2026-03-02 17:00:00+01:00,59731.331648717074,61374.6137
2026-03-02 17:15:00+01:00,60625.12355700531,62433.97339
2026-03-02 17:30:00+01:00,61402.69831873766,63160.57127
2026-03-02 17:45:00+01:00,61838.39180472556,63546.91442
2026-03-02 18:00:00+01:00,63177.12341248154,63803.46744
2026-03-02 18:15:00+01:00,63197.03854972844,64422.98087
2026-03-02 18:30:00+01:00,63197.03854972844,65468.96623
2026-03-02 18:45:00+01:00,62766.71378785908,65737.43761
2026-03-02 19:00:00+01:00,62320.52816324811,64748.9126
2026-03-02 19:15:00+01:00,61839.46784101357,64400.65653
2026-03-02 19:30:00+01:00,61365.371319517995,64021.38784
2026-03-02 19:45:00+01:00,60421.01256590105,63582.05227
2026-03-02 20:00:00+01:00,59908.01250613612,62013.0429
2026-03-02 20:15:00+01:00,58440.101027754696,61718.85772
2026-03-02 20:30:00+01:00,57448.87331281922,60741.55971
2026-03-02 20:45:00+01:00,56780.46110751156,59883.89336
2026-03-02 21:00:00+01:00,56728.90000153247,59086.47637
2026-03-02 21:15:00+01:00,56645.8656176545,58238.35309
2026-03-02 21:30:00+01:00,56497.74276181451,57666.90814
2026-03-02 21:45:00+01:00,55761.06940245639,56325.0445
2026-03-02 22:00:00+01:00,55662.928376454096,55791.05742
2026-03-02 22:15:00+01:00,54906.45989904313,55519.11359
2026-03-02 22:30:00+01:00,54284.77330678387,54696.59478
2026-03-02 22:45:00+01:00,53257.793260050144,53894.41639
2026-03-02 23:00:00+01:00,52962.458828584524,53197.37772
2026-03-02 23:15:00+01:00,51594.71093041625,52383.50719
2026-03-02 23:30:00+01:00,50528.69589376898,51397.23364
2026-03-02 23:45:00+01:00,50480.101158026744,49967.26843
2026-03-03 00:00:00+01:00,48849.52089215177,48560.28973
2026-03-03 00:15:00+01:00,48495.7012598232,47951.03737
2026-03-03 00:30:00+01:00,47902.90702553311,47485.00508
2026-03-03 00:45:00+01:00,47648.11692609023,46864.29973
2026-03-03 01:00:00+01:00,47111.05010121138,46618.77503
2026-03-03 01:15:00+01:00,47029.49928168044,46427.58951
2026-03-03 01:30:00+01:00,46308.739777352755,45894.98242
2026-03-03 01:45:00+01:00,46232.216557221065,45690.05456
2026-03-03 02:00:00+01:00,46096.00435732092,45325.3809
2026-03-03 02:15:00+01:00,46035.04038826345,45371.46169
2026-03-03 02:30:00+01:00,46035.04038826345,45471.17883
2026-03-03 02:45:00+01:00,46035.04038826345,45453.60591
2026-03-03 03:00:00+01:00,46243.233145020844,45444.59997
2026-03-03 03:15:00+01:00,46159.31725621015,45503.82277
2026-03-03 03:30:00+01:00,46157.81677542077,45934.87689
2026-03-03 03:45:00+01:00,46202.60433349641,46119.49553
2026-03-03 04:00:00+01:00,46845.66029436058,47010.87707
2026-03-03 04:15:00+01:00,46859.95382019127,47465.68892
2026-03-03 04:30:00+01:00,47179.724198942866,47833.55754
2026-03-03 04:45:00+01:00,47469.4583440217,48558.35269
2026-03-03 05:00:00+01:00,48249.9477414,50090.33617
2026-03-03 05:15:00+01:00,48576.31868524098,51068.23215
2026-03-03 05:30:00+01:00,49337.57998267076,52248.99839
2026-03-03 05:45:00+01:00,50890.62848318732,53926.49361
2026-03-03 06:00:00+01:00,54208.6371969383,56343.88548
2026-03-03 06:15:00+01:00,56379.81278192129,58555.49482
2026-03-03 06:30:00+01:00,57524.42848367567,59886.05455
2026-03-03 06:45:00+01:00,59083.56027135074,60973.48939
2026-03-03 07:00:00+01:00,59845.37083659566,62394.00728
2026-03-03 07:15:00+01:00,61459.79374114444,63382.69317
2026-03-03 07:30:00+01:00,61951.721930961314,64119.0164
2026-03-03 07:45:00+01:00,62224.4693147325,64563.2384
2026-03-03 08:00:00+01:00,63217.72976559191,64944.19071
2026-03-03 08:15:00+01:00,63631.02903294726,65681.41181
2026-03-03 08:30:00+01:00,63720.73164523017,66691.45213
2026-03-03 08:45:00+01:00,63809.49527097672,66875.58286
2026-03-03 09:00:00+01:00,62335.649847438195,65759.11533
2026-03-03 09:15:00+01:00,62317.52918148075,66030.25678
2026-03-03 09:30:00+01:00,62638.757598124386,65895.16314
2026-03-03 09:45:00+01:00,62735.296398279,65396.36571
2026-03-03 10:00:00+01:00,60949.1443264049,64497.64713
2026-03-03 10:15:00+01:00,61107.70755848759,64896.90175
2026-03-03 10:30:00+01:00,61233.07512675792,64774.46694
2026-03-03 10:45:00+01:00,61476.09158726324,64057.36349
2026-03-03 11:00:00+01:00,60749.86054771715,63325.67898
2026-03-03 11:15:00+01:00,60947.14425895737,63330.07606
2026-03-03 11:30:00+01:00,60699.893768775815,63409.66752
2026-03-03 11:45:00+01:00,60682.736305716666,63748.9397
2026-03-03 12:00:00+01:00,60229.604299435276,62756.46953
2026-03-03 12:15:00+01:00,60107.69522045329,62240.35789
2026-03-03 12:30:00+01:00,59730.069062664734,61716.067
2026-03-03 12:45:00+01:00,59787.964130446926,61440.54829
2026-03-03 13:00:00+01:00,59049.14158230765,61020.17572
2026-03-03 13:15:00+01:00,58771.76054038516,61116.11125
2026-03-03 13:30:00+01:00,57656.76073093221,60299.08706
2026-03-03 13:45:00+01:00,57033.83329179482,58884.28039
2026-03-03 14:00:00+01:00,57187.71909595413,58937.08343
2026-03-03 14:15:00+01:00,56680.21479709174,58564.624
2026-03-03 14:30:00+01:00,56631.24241601414,58170.53071
2026-03-03 14:45:00+01:00,56550.16801607419,57935.40422
2026-03-03 15:00:00+01:00,56713.75915694144,58965.2338
2026-03-03 15:15:00+01:00,56618.39605756615,58199.47525
2026-03-03 15:30:00+01:00,56654.7490507287,58163.01801
2026-03-03 15:45:00+01:00,56654.7490507287,58659.96289
2026-03-03 16:00:00+01:00,57246.09690709163,59790.1532
2026-03-03 16:15:00+01:00,57290.243993738324,60040.70929
2026-03-03 16:30:00+01:00,57290.243993738324,60560.48657
2026-03-03 16:45:00+01:00,57784.89832560733,60595.95096
2026-03-03 17:00:00+01:00,59372.0756798319,61440.84935
2026-03-03 17:15:00+01:00,60562.43421201695,62566.79753
2026-03-03 17:30:00+01:00,60753.97989617108,63619.71353
2026-03-03 17:45:00+01:00,61084.996470097176,63874.80922
2026-03-03 18:00:00+01:00,63080.88203630326,64752.21656
2026-03-03 18:15:00+01:00,63078.50783477085,64817.61551
2026-03-03 18:30:00+01:00,63092.60364248142,65451.65097
2026-03-03 18:45:00+01:00,63127.29604764237,65844.97083
2026-03-03 19:00:00+01:00,63218.997211934795,65233.06452
2026-03-03 19:15:00+01:00,62574.689600707774,64241.89178
2026-03-03 19:30:00+01:00,61797.01438267974,64273.58898
2026-03-03 19:45:00+01:00,61743.02429865826,63637.70111
2026-03-03 20:00:00+01:00,60421.59695719825,62635.77063
2026-03-03 20:15:00+01:00,59523.664109762954,61855.4806
2026-03-03 20:30:00+01:00,58637.759631207824,60712.73696
2026-03-03 20:45:00+01:00,58040.608697125004,60112.04489
2026-03-03 21:00:00+01:00,57592.90495196831,59042.89415
2026-03-03 21:15:00+01:00,57174.825557394644,57771.22752
2026-03-03 21:30:00+01:00,56731.749945522504,56984.9564
2026-03-03 21:45:00+01:00,55466.47849211504,56311.67594
2026-03-03 22:00:00+01:00,54698.611477458966,55629.1922
2026-03-03 22:15:00+01:00,53897.022503823486,55170.60497
2026-03-03 22:30:00+01:00,52738.02695058724,54696.74991
2026-03-03 22:45:00+01:00,51573.3045486464,53366.23122
2026-03-03 23:00:00+01:00,51018.462248181284,52242.99878
2026-03-03 23:15:00+01:00,50637.416714614206,51307.16521
2026-03-03 23:30:00+01:00,50005.99473049566,50353.31917
2026-03-03 23:45:00+01:00,49578.95623453046,49977.5583
2026-03-04 00:00:00+01:00,48891.98754740131,50125.39348
2026-03-04 00:15:00+01:00,48805.81439693678,49828.48926
2026-03-04 00:30:00+01:00,47954.07652101121,49106.20463
2026-03-04 00:45:00+01:00,47265.130191829376,48838.29969
2026-03-04 01:00:00+01:00,47488.576643450964,48212.80072
2026-03-04 01:15:00+01:00,46875.46428328564,48090.73899
2026-03-04 01:30:00+01:00,46138.391542656,47809.99223
2026-03-04 01:45:00+01:00,46134.05555347761,47665.08053
2026-03-04 02:00:00+01:00,46266.89891089133,47143.75593
2026-03-04 02:15:00+01:00,46265.64012579978,46968.85583
2026-03-04 02:30:00+01:00,46265.64012579978,47393.34091
2026-03-04 02:45:00+01:00,46382.9945094358,47498.77928
2026-03-04 03:00:00+01:00,46455.07792604099,47232.85072
2026-03-04 03:15:00+01:00,46453.14917174533,47286.19809
2026-03-04 03:30:00+01:00,46453.14917174533,47361.62642
2026-03-04 03:45:00+01:00,46525.206884239204,47760.39509
2026-03-04 04:00:00+01:00,46996.16508128572,48688.65603
2026-03-04 04:15:00+01:00,47187.17637686613,49001.17872
2026-03-04 04:30:00+01:00,47721.15446327369,49259.61759
2026-03-04 04:45:00+01:00,48596.710973493886,49719.49893
2026-03-04 05:00:00+01:00,49602.78150167478,50571.81548
2026-03-04 05:15:00+01:00,50221.280866791116,51456.49559
2026-03-04 05:30:00+01:00,50642.8970747561,52517.88989
2026-03-04 05:45:00+01:00,52445.86127638225,54016.49978
2026-03-04 06:00:00+01:00,54704.33277658807,57106.97337
2026-03-04 06:15:00+01:00,56474.00463945128,59255.91156
2026-03-04 06:30:00+01:00,58073.50086624929,60984.52879
2026-03-04 06:45:00+01:00,58332.529845433055,61714.82695
2026-03-04 07:00:00+01:00,59629.467431339486,63006.1519
2026-03-04 07:15:00+01:00,60646.72310088395,64119.60194
2026-03-04 07:30:00+01:00,61397.66210609405,65122.84275
2026-03-04 07:45:00+01:00,62947.479792088634,66061.39008
2026-03-04 08:00:00+01:00,63746.60419948497,65829.39571
2026-03-04 08:15:00+01:00,63862.9940429317,66778.29194
2026-03-04 08:30:00+01:00,64602.73214810339,67658.47221
2026-03-04 08:45:00+01:00,64612.68175006927,68070.38401
2026-03-04 09:00:00+01:00,63969.27944344477,67147.12418
2026-03-04 09:15:00+01:00,63882.1810354542,67067.1284
2026-03-04 09:30:00+01:00,64020.50914487563,66812.61556
2026-03-04 09:45:00+01:00,64663.71267432429,66280.85516
2026-03-04 10:00:00+01:00,61725.463357286295,65051.03796
2026-03-04 10:15:00+01:00,61707.49723976699,65398.52727
2026-03-04 10:30:00+01:00,61789.43115316619,65389.18659
2026-03-04 10:45:00+01:00,61855.35461134739,64923.108
2026-03-04 11:00:00+01:00,60990.26108357062,63944.68162
2026-03-04 11:15:00+01:00,60981.960442141106,63957.83226
2026-03-04 11:30:00+01:00,60981.960442141106,63746.8489
2026-03-04 11:45:00+01:00,59865.48344497694,63347.71141
2026-03-04 12:00:00+01:00,59403.05574246345,62908.31476
2026-03-04 12:15:00+01:00,58149.55116407007,62707.45937
2026-03-04 12:30:00+01:00,58156.77387880217,62885.8417
2026-03-04 12:45:00+01:00,58136.13133541862,62481.84778
2026-03-04 13:00:00+01:00,57498.258491013774,62156.80723
2026-03-04 13:15:00+01:00,57148.08325342617,61425.18561
2026-03-04 13:30:00+01:00,56393.68335976117,60862.94448
2026-03-04 13:45:00+01:00,56309.24888154974,59831.40639
2026-03-04 14:00:00+01:00,56291.206864791246,59009.8866
2026-03-04 14:15:00+01:00,56125.241503543875,58604.94595
2026-03-04 14:30:00+01:00,56082.13309845501,57984.09766
2026-03-04 14:45:00+01:00,55933.003882484605,58257.10842
2026-03-04 15:00:00+01:00,55958.50533311476,58706.58108
2026-03-04 15:15:00+01:00,55852.82570766344,58267.17959
2026-03-04 15:30:00+01:00,55843.04756378247,58990.57428
2026-03-04 15:45:00+01:00,55939.74603139971,58752.04355
2026-03-04 16:00:00+01:00,56642.11897036382,59808.30491
2026-03-04 16:15:00+01:00,56642.11897036382,60106.42939
2026-03-04 16:30:00+01:00,56664.44970246532,60012.97683
2026-03-04 16:45:00+01:00,56683.23715071287,60605.54768
2026-03-04 17:00:00+01:00,58800.44073225861,62211.58204
2026-03-04 17:15:00+01:00,59102.86297233515,63049.05718
2026-03-04 17:30:00+01:00,60230.24715328789,64115.41394
2026-03-04 17:45:00+01:00,61576.84373176523,64434.06166
2026-03-04 18:00:00+01:00,62915.33721508939,64582.26502
2026-03-04 18:15:00+01:00,62912.338000163945,64951.11579
2026-03-04 18:30:00+01:00,63702.187557228004,65049.01076
2026-03-04 18:45:00+01:00,64354.69739014855,65447.87372
2026-03-04 19:00:00+01:00,63496.1414055108,65442.05533
2026-03-04 19:15:00+01:00,63101.38658484415,65215.25108
2026-03-04 19:30:00+01:00,62957.77281941562,64629.91245
2026-03-04 19:45:00+01:00,62148.78543418417,64148.23218
2026-03-04 20:00:00+01:00,61918.77505554358,62914.20733
2026-03-04 20:15:00+01:00,60056.82477786315,62345.12167
2026-03-04 20:30:00+01:00,59347.36431499172,61804.41907
2026-03-04 20:45:00+01:00,58613.748336314784,60392.24449
2026-03-04 21:00:00+01:00,58284.45284820437,59637.37464
2026-03-04 21:15:00+01:00,58215.557102315484,58714.53381
2026-03-04 21:30:00+01:00,57634.23524024823,57897.8322
2026-03-04 21:45:00+01:00,57008.501880761556,57321.21357
2026-03-04 22:00:00+01:00,56045.08925853421,56574.41376
2026-03-04 22:15:00+01:00,55370.5140854278,55218.59762
2026-03-04 22:30:00+01:00,54470.99949510968,54475.47919
2026-03-04 22:45:00+01:00,53789.84090879283,53792.34926
2026-03-04 23:00:00+01:00,52747.011135020366,52471.67828
2026-03-04 23:15:00+01:00,52071.9791386309,52177.35286
2026-03-04 23:30:00+01:00,50997.92236819121,51330.78156
2026-03-04 23:45:00+01:00,50582.134040326586,50526.22465
2026-03-05 00:00:00+01:00,51585.495741957835,49384.37254
2026-03-05 00:15:00+01:00,51115.08265502869,48418.74029
2026-03-05 00:30:00+01:00,50807.75070618616,48012.56794
2026-03-05 00:45:00+01:00,50372.58259536333,47579.13242
2026-03-05 01:00:00+01:00,50139.21563315247,47151.90895
2026-03-05 01:15:00+01:00,49592.985615680846,46291.70745
2026-03-05 01:30:00+01:00,49585.76538237297,46036.23283
2026-03-05 01:45:00+01:00,49056.24064666412,45999.07584
2026-03-05 02:00:00+01:00,48686.80080129636,45928.5758
2026-03-05 02:15:00+01:00,48686.80080129636,45848.31722
2026-03-05 02:30:00+01:00,48650.04039897652,45659.62422
2026-03-05 02:45:00+01:00,48509.93307242854,45778.84188
2026-03-05 03:00:00+01:00,49148.562650937965,45864.53141
2026-03-05 03:15:00+01:00,49255.651620723,46170.78515
2026-03-05 03:30:00+01:00,49518.53658136073,45881.81235
2026-03-05 03:45:00+01:00,50202.561758030635,46195.00059
2026-03-05 04:00:00+01:00,50750.74626744185,47384.67352
2026-03-05 04:15:00+01:00,51196.653165693286,47866.70965
2026-03-05 04:30:00+01:00,51756.15402361727,48377.71794
2026-03-05 04:45:00+01:00,52034.80149353487,48859.23455
2026-03-05 05:00:00+01:00,53001.52602199021,50180.83091
2026-03-05 05:15:00+01:00,54185.95428890855,51482.20409
2026-03-05 05:30:00+01:00,55243.91917796642,52430.48021
2026-03-05 05:45:00+01:00,56917.598648003535,54171.76098
2026-03-05 06:00:00+01:00,59723.36266653039,56548.07521
2026-03-05 06:15:00+01:00,61792.02778441994,58807.12182
2026-03-05 06:30:00+01:00,63606.33561793638,59910.71527
2026-03-05 06:45:00+01:00,64175.032514943654,61020.38441
2026-03-05 07:00:00+01:00,65182.37266967107,62223.27161
2026-03-05 07:15:00+01:00,65695.78019787432,63349.86783
2026-03-05 07:30:00+01:00,66515.74314317241,64291.29172
2026-03-05 07:45:00+01:00,66927.80117851871,65237.75195
2026-03-05 08:00:00+01:00,67541.78850886103,65705.11215
2026-03-05 08:15:00+01:00,67784.23978354054,66232.05148
2026-03-05 08:30:00+01:00,67743.09180516916,66857.86043
2026-03-05 08:45:00+01:00,67737.24479745301,67195.70861
2026-03-05 09:00:00+01:00,65983.02120215354,65768.3502
2026-03-05 09:15:00+01:00,66117.62280410413,66158.51581
2026-03-05 09:30:00+01:00,65963.94359967137,66549.09752
2026-03-05 09:45:00+01:00,65965.90910215893,65945.06015
2026-03-05 10:00:00+01:00,64627.472751037916,64154.46755
2026-03-05 10:15:00+01:00,64646.099022537244,64161.15793
2026-03-05 10:30:00+01:00,64754.107298722854,63839.94225
2026-03-05 10:45:00+01:00,64827.42946318278,63733.07912
2026-03-05 11:00:00+01:00,63520.35543620018,63149.19228
2026-03-05 11:15:00+01:00,63241.93299933312,62799.58648
2026-03-05 11:30:00+01:00,63239.05694859242,62555.06927
2026-03-05 11:45:00+01:00,63166.935385596655,62274.44431
2026-03-05 12:00:00+01:00,62446.512703312335,61284.76009
2026-03-05 12:15:00+01:00,61846.972983890926,60384.17734
2026-03-05 12:30:00+01:00,61476.1246800845,60359.82299
2026-03-05 12:45:00+01:00,61283.91450598155,60264.41128
2026-03-05 13:00:00+01:00,60452.79092706057,60676.43318
2026-03-05 13:15:00+01:00,59544.360878530504,60309.6087
2026-03-05 13:30:00+01:00,59368.24979082507,59783.50462
2026-03-05 13:45:00+01:00,58948.42333214809,59255.92967
2026-03-05 14:00:00+01:00,59064.271382539075,58931.31828
2026-03-05 14:15:00+01:00,58934.418929103536,58513.36488
2026-03-05 14:30:00+01:00,58596.631651519245,58217.8377
2026-03-05 14:45:00+01:00,58576.857899345756,58273.68277
2026-03-05 15:00:00+01:00,59168.49901958683,59087.32343
2026-03-05 15:15:00+01:00,59101.70329362946,58190.69076
2026-03-05 15:30:00+01:00,58818.76178010725,57792.91741
2026-03-05 15:45:00+01:00,58818.76178010725,57954.21531
2026-03-05 16:00:00+01:00,59846.64931122412,58241.24575
2026-03-05 16:15:00+01:00,59636.96028120046,58130.39174
2026-03-05 16:30:00+01:00,59928.04655894318,58530.2891
2026-03-05 16:45:00+01:00,60087.01766936206,59155.14493
2026-03-05 17:00:00+01:00,62245.45182019486,60017.17227
2026-03-05 17:15:00+01:00,62692.52166859205,60641.88423
2026-03-05 17:30:00+01:00,63282.41158943732,61335.22902
2026-03-05 17:45:00+01:00,63448.18914768338,62012.78136
2026-03-05 18:00:00+01:00,65291.999350411,61960.60875
2026-03-05 18:15:00+01:00,65289.78949675131,62495.3266
2026-03-05 18:30:00+01:00,65275.6769566308,63356.92656
2026-03-05 18:45:00+01:00,65559.0500883874,64245.28012
2026-03-05 19:00:00+01:00,65295.04517080049,63886.29524
2026-03-05 19:15:00+01:00,64760.703389250535,63598.84998
2026-03-05 19:30:00+01:00,64611.59141251462,63461.35979
2026-03-05 19:45:00+01:00,64506.26281600082,63167.88184
2026-03-05 20:00:00+01:00,63601.976025215095,62305.81508
2026-03-05 20:15:00+01:00,62890.04517785294,61768.15349
2026-03-05 20:30:00+01:00,61546.56828019169,60789.38363
2026-03-05 20:45:00+01:00,60990.55123140915,59909.13149
2026-03-05 21:00:00+01:00,60503.410438023086,59185.40421
2026-03-05 21:15:00+01:00,59830.34058141374,58422.96939
2026-03-05 21:30:00+01:00,59395.17598154235,57188.84763
2026-03-05 21:45:00+01:00,58764.96969208761,56284.94945
2026-03-05 22:00:00+01:00,58001.40687291895,55646.65772
2026-03-05 22:15:00+01:00,57477.584746169996,54586.32493
2026-03-05 22:30:00+01:00,56471.228528529726,53743.13827
2026-03-05 22:45:00+01:00,55307.7569958364,52634.22702
2026-03-05 23:00:00+01:00,54038.16571578406,51707.95928
2026-03-05 23:15:00+01:00,53570.16830064825,50840.05267
2026-03-05 23:30:00+01:00,52879.31083387577,50241.40261
2026-03-05 23:45:00+01:00,52428.97537791873,49483.30687
2026-03-06 00:00:00+01:00,49284.20676261437,48819.77379
2026-03-06 00:15:00+01:00,48893.746048607194,48151.31871
2026-03-06 00:30:00+01:00,48398.48414082176,47996.35673
2026-03-06 00:45:00+01:00,47974.731148791354,47731.16442
2026-03-06 01:00:00+01:00,47004.75237098695,46880.45846
2026-03-06 01:15:00+01:00,46390.780261732965,46281.89941
2026-03-06 01:30:00+01:00,46255.53888413388,45849.61848
2026-03-06 01:45:00+01:00,46022.66622600114,46141.0703
2026-03-06 02:00:00+01:00,45953.46908917419,45735.75539
2026-03-06 02:15:00+01:00,45595.03724783964,45653.55229
2026-03-06 02:30:00+01:00,45953.854000496074,45397.276
2026-03-06 02:45:00+01:00,45967.157258973864,45344.21861
2026-03-06 03:00:00+01:00,46080.80097538102,46070.71429
2026-03-06 03:15:00+01:00,46256.75842840975,46497.08831
2026-03-06 03:30:00+01:00,46277.65907294135,46625.65955
2026-03-06 03:45:00+01:00,46364.13113086425,46599.83308
2026-03-06 04:00:00+01:00,47791.425953342026,47252.43403
2026-03-06 04:15:00+01:00,47920.681393289604,47871.05384
2026-03-06 04:30:00+01:00,48840.3300819018,48289.80523
2026-03-06 04:45:00+01:00,49401.32508652275,49087.48169
2026-03-06 05:00:00+01:00,50501.065813153815,50663.73157
2026-03-06 05:15:00+01:00,50903.14715778437,51398.70615
2026-03-06 05:30:00+01:00,51969.54319976681,52647.38304
2026-03-06 05:45:00+01:00,53641.9199771535,54579.50362
2026-03-06 06:00:00+01:00,56808.84173775175,57691.31296
2026-03-06 06:15:00+01:00,58345.472862377545,59346.90194
2026-03-06 06:30:00+01:00,59332.89052021197,60505.46083
2026-03-06 06:45:00+01:00,60208.13190889586,61826.79427
2026-03-06 07:00:00+01:00,61232.91750263424,62866.2536
2026-03-06 07:15:00+01:00,62494.419678357306,64092.84637
2026-03-06 07:30:00+01:00,62889.804262881815,65026.50483
2026-03-06 07:45:00+01:00,63186.947642605046,65839.14965
2026-03-06 08:00:00+01:00,64100.27700991315,66090.04546
2026-03-06 08:15:00+01:00,64503.30335291609,66835.79469
2026-03-06 08:30:00+01:00,64556.267464354576,67522.57954
2026-03-06 08:45:00+01:00,64545.15811174117,67431.64658
2026-03-06 09:00:00+01:00,63038.19051605657,65469.6439
2026-03-06 09:15:00+01:00,63045.96357220669,66128.04501
2026-03-06 09:30:00+01:00,63064.81855037085,66091.49994
2026-03-06 09:45:00+01:00,63059.033009086226,65839.04437
2026-03-06 10:00:00+01:00,62388.68364874971,64711.64215
2026-03-06 10:15:00+01:00,62384.309129098714,64801.55707
2026-03-06 10:30:00+01:00,62457.28961027254,64814.37619
2026-03-06 10:45:00+01:00,61724.75470664228,64508.95065
2026-03-06 11:00:00+01:00,59942.97633196734,64114.84269
2026-03-06 11:15:00+01:00,59867.03852813104,64241.09371
2026-03-06 11:30:00+01:00,59888.71428411548,64169.89857
2026-03-06 11:45:00+01:00,59354.543508528775,63604.01079
2026-03-06 12:00:00+01:00,58413.60582373268,62609.17644
2026-03-06 12:15:00+01:00,58373.80960917022,62642.37006
2026-03-06 12:30:00+01:00,58516.938415109566,62432.07125
2026-03-06 12:45:00+01:00,58343.70951978217,61866.51658
2026-03-06 13:00:00+01:00,57886.9435524064,61546.02341
2026-03-06 13:15:00+01:00,57307.75461034551,60740.92384
2026-03-06 13:30:00+01:00,56770.489745172556,59676.29148
2026-03-06 13:45:00+01:00,55865.45287621212,58876.62656
2026-03-06 14:00:00+01:00,55821.629293075915,58034.70954
2026-03-06 14:15:00+01:00,55614.9995413074,57641.58449
2026-03-06 14:30:00+01:00,55213.5270701321,57016.94032
2026-03-06 14:45:00+01:00,55223.94189006255,56868.60411
2026-03-06 15:00:00+01:00,55414.31111694839,56990.21175
2026-03-06 15:15:00+01:00,55414.31111694839,56774.03865
2026-03-06 15:30:00+01:00,54812.69753569336,56711.78163
2026-03-06 15:45:00+01:00,54718.331888944034,56749.21539
2026-03-06 16:00:00+01:00,56035.325942536474,57979.30535
2026-03-06 16:15:00+01:00,56444.59492143521,57239.25304
2026-03-06 16:30:00+01:00,56473.45902967515,57038.43864
2026-03-06 16:45:00+01:00,57126.758270880746,58035.10985
2026-03-06 17:00:00+01:00,58352.46471603765,58937.59157
2026-03-06 17:15:00+01:00,58965.9135510527,59352.51903
2026-03-06 17:30:00+01:00,58979.77451443525,59605.12383
2026-03-06 17:45:00+01:00,58981.587316057696,59845.55824
2026-03-06 18:00:00+01:00,61013.08263320931,61141.83592
2026-03-06 18:15:00+01:00,61588.90062722241,61264.45168
2026-03-06 18:30:00+01:00,61642.8794242012,61481.77228
2026-03-06 18:45:00+01:00,61576.333090574706,61622.81673
2026-03-06 19:00:00+01:00,61325.265986441074,61042.56705
2026-03-06 19:15:00+01:00,60847.39402596962,60598.0967
2026-03-06 19:30:00+01:00,60249.61963793641,60279.552
2026-03-06 19:45:00+01:00,59964.78508534331,59699.12286
2026-03-06 20:00:00+01:00,59298.8762395862,57890.73939
2026-03-06 20:15:00+01:00,58638.96552102742,57478.0724
2026-03-06 20:30:00+01:00,57953.78972493972,56358.30552
2026-03-06 20:45:00+01:00,57278.7814132006,55671.94711
2026-03-06 21:00:00+01:00,56236.74524630098,55369.13205
2026-03-06 21:15:00+01:00,55659.95329473273,54369.04594
2026-03-06 21:30:00+01:00,54134.58158353101,53441.08818
2026-03-06 21:45:00+01:00,52934.492882249855,52755.19412
2026-03-06 22:00:00+01:00,52279.84124724472,52515.77212
2026-03-06 22:15:00+01:00,51905.71888560812,51554.79773
2026-03-06 22:30:00+01:00,51201.48598325717,50648.60992
2026-03-06 22:45:00+01:00,50486.05726695036,49999.24243
2026-03-06 23:00:00+01:00,50385.29630241711,48950.34408
2026-03-06 23:15:00+01:00,50411.688295873544,48468.70642
2026-03-06 23:30:00+01:00,50125.34637823564,48093.16189
2026-03-06 23:45:00+01:00,48655.64103124402,48052.76773
2026-03-07 00:00:00+01:00,47484.358255782965,45916.27306
2026-03-07 00:15:00+01:00,47132.45783153944,45443.23441
2026-03-07 00:30:00+01:00,46339.442516670424,45145.32923
2026-03-07 00:45:00+01:00,45750.28409675071,44475.91137
2026-03-07 01:00:00+01:00,44347.92538248339,44056.87342
2026-03-07 01:15:00+01:00,44123.78172784098,43612.08274
2026-03-07 01:30:00+01:00,43956.01882204612,43359.49898
2026-03-07 01:45:00+01:00,43893.53503353229,43019.04259
2026-03-07 02:00:00+01:00,43400.3032599181,42811.00898
2026-03-07 02:15:00+01:00,43214.79181603982,42404.97206
2026-03-07 02:30:00+01:00,43214.79181603982,42400.11868
2026-03-07 02:45:00+01:00,43201.72378225988,42239.51309
2026-03-07 03:00:00+01:00,42983.42138448076,42508.28214
2026-03-07 03:15:00+01:00,42761.357532239315,42407.79136
2026-03-07 03:30:00+01:00,42755.38038668472,42531.87576
2026-03-07 03:45:00+01:00,42944.039449454314,42463.28415
2026-03-07 04:00:00+01:00,43431.05683178352,42863.81423
2026-03-07 04:15:00+01:00,43440.14502411695,42793.03727
2026-03-07 04:30:00+01:00,43718.17486761943,43078.83567
2026-03-07 04:45:00+01:00,44202.296370018616,43279.90447
2026-03-07 05:00:00+01:00,44382.3513437795,43625.16979
2026-03-07 05:15:00+01:00,44433.88566715478,43532.82933
2026-03-07 05:30:00+01:00,44435.636746120515,43838.87572
2026-03-07 05:45:00+01:00,44488.854061337945,44329.5876
2026-03-07 06:00:00+01:00,45793.50158295591,45149.70407
2026-03-07 06:15:00+01:00,46179.91916941696,45618.33834
2026-03-07 06:30:00+01:00,47060.14921132284,46033.27912
2026-03-07 06:45:00+01:00,47452.99969966926,46507.21171
2026-03-07 07:00:00+01:00,47900.104944095256,47021.93932
2026-03-07 07:15:00+01:00,48310.08917557244,48061.73857
2026-03-07 07:30:00+01:00,48595.28808772207,48931.70938
2026-03-07 07:45:00+01:00,49923.878612689536,50170.43524
2026-03-07 08:00:00+01:00,51580.975696753645,50402.11675
2026-03-07 08:15:00+01:00,51843.07111288223,51238.82593
2026-03-07 08:30:00+01:00,52623.46964951521,52073.29294
2026-03-07 08:45:00+01:00,52672.58630296044,52537.84704
2026-03-07 09:00:00+01:00,52456.6441099307,52357.38451
2026-03-07 09:15:00+01:00,53840.536994184244,53304.83135
2026-03-07 09:30:00+01:00,54099.71528270071,53970.56117
2026-03-07 09:45:00+01:00,54134.16750447758,54528.84137
2026-03-07 10:00:00+01:00,52892.98877565623,54016.16121
2026-03-07 10:15:00+01:00,53480.288699141274,53984.11649
2026-03-07 10:30:00+01:00,53090.02980449943,54021.63729
2026-03-07 10:45:00+01:00,53607.26446601432,53863.80437
2026-03-07 11:00:00+01:00,53221.1412615377,53144.16523
2026-03-07 11:15:00+01:00,53064.637089920245,53089.47108
2026-03-07 11:30:00+01:00,53700.957961829874,52981.24288
2026-03-07 11:45:00+01:00,53050.67501951258,52465.75044
2026-03-07 12:00:00+01:00,52142.083471712824,52172.11229
2026-03-07 12:15:00+01:00,52056.60692154423,51788.80193
2026-03-07 12:30:00+01:00,51637.068045780405,51655.21676
2026-03-07 12:45:00+01:00,50980.79377310015,51177.27943
2026-03-07 13:00:00+01:00,51124.8437113649,50840.99919
2026-03-07 13:15:00+01:00,51798.71464963864,50107.62413
2026-03-07 13:30:00+01:00,51058.96935959951,49923.58876
2026-03-07 13:45:00+01:00,50910.64647590464,49284.10509
2026-03-07 14:00:00+01:00,51110.22433565892,48747.20931
2026-03-07 14:15:00+01:00,50809.18968545256,48106.95734
2026-03-07 14:30:00+01:00,50638.64286939166,47778.18608
2026-03-07 14:45:00+01:00,50630.186931317425,47393.44513
2026-03-07 15:00:00+01:00,51127.76324197016,47345.30115
2026-03-07 15:15:00+01:00,50915.449838592365,47154.52282
2026-03-07 15:30:00+01:00,51282.82196647337,47522.22238
2026-03-07 15:45:00+01:00,51139.32677582642,47815.33026
2026-03-07 16:00:00+01:00,51317.487280857145,48536.95542
2026-03-07 16:15:00+01:00,51329.83959359151,48058.13186
2026-03-07 16:30:00+01:00,50757.893967457996,48296.14755
2026-03-07 16:45:00+01:00,50829.487221132375,49155.92972
2026-03-07 17:00:00+01:00,52072.22234794161,49941.4799
2026-03-07 17:15:00+01:00,52739.59149628675,50690.94273
2026-03-07 17:30:00+01:00,54237.788471798216,51555.80154
2026-03-07 17:45:00+01:00,55076.664910200554,52044.03108
2026-03-07 18:00:00+01:00,56119.50850614498,52942.02168
2026-03-07 18:15:00+01:00,56195.22236339165,53156.32302
2026-03-07 18:30:00+01:00,56119.9812629191,53390.74556
2026-03-07 18:45:00+01:00,56018.44121630948,53472.57875
2026-03-07 19:00:00+01:00,55727.66006283786,52882.83366
2026-03-07 19:15:00+01:00,54329.18440790379,52899.877
2026-03-07 19:30:00+01:00,54133.94450743831,52591.16493
2026-03-07 19:45:00+01:00,52945.071304478515,51658.02898
2026-03-07 20:00:00+01:00,52021.61951125389,50886.48025
2026-03-07 20:15:00+01:00,51491.27796774338,50075.25386
2026-03-07 20:30:00+01:00,50751.96413529912,49336.51674
2026-03-07 20:45:00+01:00,50372.1800198626,48966.00125
2026-03-07 21:00:00+01:00,50280.80471353589,48205.33658
2026-03-07 21:15:00+01:00,50453.68839549606,47891.93341
2026-03-07 21:30:00+01:00,50372.42457519602,47372.37222
2026-03-07 21:45:00+01:00,50002.95087935921,47285.89149
2026-03-07 22:00:00+01:00,49692.587272443954,47156.4641
2026-03-07 22:15:00+01:00,49514.998761889685,46558.01828
2026-03-07 22:30:00+01:00,48952.825334054316,45769.50247
2026-03-07 22:45:00+01:00,48444.23147638279,45450.64381
2026-03-07 23:00:00+01:00,48111.09972100467,44323.10967
2026-03-07 23:15:00+01:00,47113.142366880274,43677.3049
2026-03-07 23:30:00+01:00,46801.897037501505,43019.42934
2026-03-07 23:45:00+01:00,45810.0752539661,42355.45625
2026-03-08 00:00:00+01:00,43862.3400496704,42001.38407
2026-03-08 00:15:00+01:00,43514.25433764655,41427.27052
2026-03-08 00:30:00+01:00,43145.05306450493,41136.43231
2026-03-08 00:45:00+01:00,42903.89597842412,40656.75425
2026-03-08 01:00:00+01:00,42283.26074855979,39638.91621
2026-03-08 01:15:00+01:00,41557.862638149076,40109.90107
2026-03-08 01:30:00+01:00,41352.38540899274,39717.95928
2026-03-08 01:45:00+01:00,41329.8431108052,39636.77372
2026-03-08 02:00:00+01:00,40995.652234688765,39208.49661
2026-03-08 02:15:00+01:00,40767.94835664832,39239.68695
2026-03-08 02:30:00+01:00,40258.97467395805,39055.5549
2026-03-08 02:45:00+01:00,40258.97467395805,39076.94369
2026-03-08 03:00:00+01:00,40151.18696871375,39009.93813
2026-03-08 03:15:00+01:00,40122.34364730237,38618.94248
2026-03-08 03:30:00+01:00,39997.968146698615,38826.25407
2026-03-08 03:45:00+01:00,40020.31447122597,39157.45065
2026-03-08 04:00:00+01:00,40489.09807558578,39325.32121
2026-03-08 04:15:00+01:00,40499.517031466945,39253.18603
2026-03-08 04:30:00+01:00,40626.042004640076,39326.77196
2026-03-08 04:45:00+01:00,40685.01322569665,39550.99802
2026-03-08 05:00:00+01:00,41388.61603776699,39975.53941
2026-03-08 05:15:00+01:00,41536.01451824647,39857.51746
2026-03-08 05:30:00+01:00,41852.28307659904,40074.27992
2026-03-08 05:45:00+01:00,41741.90227280113,40121.63273
2026-03-08 06:00:00+01:00,41560.0723545529,40800.66454
2026-03-08 06:15:00+01:00,42136.02661608232,41151.36968
2026-03-08 06:30:00+01:00,42622.007551481336,41224.66471
2026-03-08 06:45:00+01:00,42676.73130882522,41596.89006
2026-03-08 07:00:00+01:00,43102.13638226089,42156.98211
2026-03-08 07:15:00+01:00,43101.36830803691,42990.90443
2026-03-08 07:30:00+01:00,43894.43995172875,43913.87793
2026-03-08 07:45:00+01:00,44071.08441680165,44513.02283
2026-03-08 08:00:00+01:00,44433.04981104915,44945.14043
2026-03-08 08:15:00+01:00,45120.7839736088,46083.52895
2026-03-08 08:30:00+01:00,46098.49342532124,46353.27516
2026-03-08 08:45:00+01:00,46882.97766575225,47056.02993
2026-03-08 09:00:00+01:00,47680.64597009553,47600.2431
2026-03-08 09:15:00+01:00,48395.80584703677,48674.79445
2026-03-08 09:30:00+01:00,49140.655601066755,49237.28839
2026-03-08 09:45:00+01:00,49432.746540251734,49508.51943
2026-03-08 10:00:00+01:00,49447.301071245354,49424.971
2026-03-08 10:15:00+01:00,49711.4700308732,50010.85035
2026-03-08 10:30:00+01:00,50753.11345285065,50201.19473
2026-03-08 10:45:00+01:00,50586.18189041023,50437.11753
2026-03-08 11:00:00+01:00,50582.88294309274,50525.6203
2026-03-08 11:15:00+01:00,50914.0078660953,50555.74728
2026-03-08 11:30:00+01:00,50626.713990805045,50665.27698
2026-03-08 11:45:00+01:00,50829.42872341219,50121.15414
2026-03-08 12:00:00+01:00,50202.89745728973,49250.48305
2026-03-08 12:15:00+01:00,50166.39192136184,48841.48457
2026-03-08 12:30:00+01:00,50384.93531750935,47950.64407
2026-03-08 12:45:00+01:00,50210.34179142272,47463.38796
2026-03-08 13:00:00+01:00,49941.75157130456,47546.59418
2026-03-08 13:15:00+01:00,48864.12458102915,46812.63318
2026-03-08 13:30:00+01:00,48070.587333204756,46083.32993
2026-03-08 13:45:00+01:00,46966.072568719545,45338.05184
2026-03-08 14:00:00+01:00,46918.44885318268,44643.40933
2026-03-08 14:15:00+01:00,46324.964147384206,43936.34312
2026-03-08 14:30:00+01:00,46200.499222474085,43482.92836
2026-03-08 14:45:00+01:00,46182.08141277246,42895.12192
2026-03-08 15:00:00+01:00,46839.816106305305,42667.13019
2026-03-08 15:15:00+01:00,46293.106364397536,42567.10488
2026-03-08 15:30:00+01:00,46180.63191705818,43172.50887
2026-03-08 15:45:00+01:00,46314.44902562142,43542.87081
2026-03-08 16:00:00+01:00,47534.55628462212,44255.99976
2026-03-08 16:15:00+01:00,47532.53060352627,44465.80478
2026-03-08 16:30:00+01:00,47952.64581800377,44370.83126
2026-03-08 16:45:00+01:00,48992.66974464182,45256.1037
2026-03-08 17:00:00+01:00,49525.819036574954,46589.68418
2026-03-08 17:15:00+01:00,50230.98925727125,47915.15544
2026-03-08 17:30:00+01:00,50635.75467576584,49429.77176
2026-03-08 17:45:00+01:00,51401.37985204045,50033.56343
2026-03-08 18:00:00+01:00,52418.30448594352,51338.20123
2026-03-08 18:15:00+01:00,52662.581538449835,51747.32773
2026-03-08 18:30:00+01:00,52834.32603141655,52033.65411
2026-03-08 18:45:00+01:00,53045.74183426212,52637.29345
2026-03-08 19:00:00+01:00,53020.11783098826,52505.62653
2026-03-08 19:15:00+01:00,52631.3598283957,52080.79895
2026-03-08 19:30:00+01:00,51941.48862934642,51663.93802
2026-03-08 19:45:00+01:00,51807.26274886639,51434.03707
2026-03-08 20:00:00+01:00,51822.439282531726,50880.08713
2026-03-08 20:15:00+01:00,51214.01305229128,50502.71088
2026-03-08 20:30:00+01:00,50665.36549912084,49998.01675
2026-03-08 20:45:00+01:00,50523.81804173416,49439.68652
2026-03-08 21:00:00+01:00,50376.721854248426,49160.88372
2026-03-08 21:15:00+01:00,50383.88692344826,48934.63372
2026-03-08 21:30:00+01:00,50182.974001127266,48498.13614
2026-03-08 21:45:00+01:00,49987.467734197046,48716.54632
2026-03-08 22:00:00+01:00,50146.62829752065,48515.12992
2026-03-08 22:15:00+01:00,49788.289926115554,48293.43491
2026-03-08 22:30:00+01:00,49191.29394759831,47702.6273
2026-03-08 22:45:00+01:00,49011.83059018391,47375.24172
2026-03-08 23:00:00+01:00,48233.64946889471,46341.11624
2026-03-08 23:15:00+01:00,47870.15932294415,45692.98357
2026-03-08 23:30:00+01:00,47137.10212537643,45282.48559
2026-03-08 23:45:00+01:00,46806.65069257954,45392.37636
2026-03-09 00:00:00+01:00,46337.135158099016,44694.60346
2026-03-09 00:15:00+01:00,45812.75082654654,43985.59228
2026-03-09 00:30:00+01:00,45350.49622386733,43539.45156
2026-03-09 00:45:00+01:00,44672.46349272719,43345.92827
2026-03-09 01:00:00+01:00,42276.63652346006,43249.2901
2026-03-09 01:15:00+01:00,43552.25455440669,42868.16443
2026-03-09 01:30:00+01:00,43648.596542453575,42385.21959
2026-03-09 01:45:00+01:00,43670.56995130685,42213.24315
2026-03-09 02:00:00+01:00,43440.8764791063,42039.91286
2026-03-09 02:15:00+01:00,43448.43728990945,42010.97336
2026-03-09 02:30:00+01:00,43443.725561519714,41869.46683
2026-03-09 02:45:00+01:00,43421.86002663684,41665.28818
2026-03-09 03:00:00+01:00,43361.3040167426,41832.32416
2026-03-09 03:15:00+01:00,43430.12731480684,41972.59153
2026-03-09 03:30:00+01:00,43414.16881676021,42258.05128
2026-03-09 03:45:00+01:00,43598.76154603132,42686.0067
2026-03-09 04:00:00+01:00,44278.61732011573,43463.22618
2026-03-09 04:15:00+01:00,44553.46041489505,44171.68613
2026-03-09 04:30:00+01:00,45383.52714120538,44677.77895
2026-03-09 04:45:00+01:00,46020.14269105596,45177.90268
2026-03-09 05:00:00+01:00,47612.704789871495,46466.58106
2026-03-09 05:15:00+01:00,48769.52084253427,47379.95653
2026-03-09 05:30:00+01:00,49173.13762533504,48742.84021
2026-03-09 05:45:00+01:00,50342.417992475144,50465.3187
2026-03-09 06:00:00+01:00,53015.195980150675,53615.24948
2026-03-09 06:15:00+01:00,54838.37478280381,56305.80179
2026-03-09 06:30:00+01:00,57167.967968290075,57665.69983
2026-03-09 06:45:00+01:00,59190.77579101404,58531.34493
2026-03-09 07:00:00+01:00,59637.442440561776,59798.41987
2026-03-09 07:15:00+01:00,60545.55499141098,60882.83767
2026-03-09 07:30:00+01:00,61611.031778645054,62474.34083
2026-03-09 07:45:00+01:00,62416.302283474906,63520.17913
2026-03-09 08:00:00+01:00,63104.07165045879,63241.10027
2026-03-09 08:15:00+01:00,63665.09963872825,64158.16901
2026-03-09 08:30:00+01:00,64243.294017316315,64942.83319
2026-03-09 08:45:00+01:00,64538.45970217957,65055.20861
2026-03-09 09:00:00+01:00,63755.89522553597,65175.57781
2026-03-09 09:15:00+01:00,63859.80345396092,64726.75646
2026-03-09 09:30:00+01:00,64043.32471082798,64880.70093
2026-03-09 09:45:00+01:00,64112.404810055894,64030.42707
2026-03-09 10:00:00+01:00,62796.19280491761,63637.1323
2026-03-09 10:15:00+01:00,61906.82674655792,63243.20846
2026-03-09 10:30:00+01:00,61428.40800745888,62644.71128
2026-03-09 10:45:00+01:00,61265.9646271345,62690.42994
2026-03-09 11:00:00+01:00,60223.16243283985,62716.35447
2026-03-09 11:15:00+01:00,60706.01117613587,62312.19628
2026-03-09 11:30:00+01:00,60101.41421940397,62284.35766
2026-03-09 11:45:00+01:00,59595.71590967948,62006.79274
2026-03-09 12:00:00+01:00,59107.66775267095,62019.67714
2026-03-09 12:15:00+01:00,59032.38597957752,61397.18826
2026-03-09 12:30:00+01:00,58987.60961160494,61060.23584
2026-03-09 12:45:00+01:00,58892.70542716521,61120.82287
2026-03-09 13:00:00+01:00,58349.14924210803,60256.11215
2026-03-09 13:15:00+01:00,57717.81209710895,59587.03405
2026-03-09 13:30:00+01:00,57202.766849554246,58848.25423
2026-03-09 13:45:00+01:00,56521.54926385171,58358.35628
2026-03-09 14:00:00+01:00,56573.374075811866,58948.53599
2026-03-09 14:15:00+01:00,55786.12679643737,58241.9968
2026-03-09 14:30:00+01:00,55695.54763647719,57954.7934
2026-03-09 14:45:00+01:00,55652.14590080689,57656.15664
2026-03-09 15:00:00+01:00,55659.621075415016,57660.92684
2026-03-09 15:15:00+01:00,56244.320722948774,57541.48397
2026-03-09 15:30:00+01:00,55647.656891891835,57674.89995
2026-03-09 15:45:00+01:00,55647.656891891835,57592.03834
2026-03-09 16:00:00+01:00,57459.52534830438,59269.33006
2026-03-09 16:15:00+01:00,57284.603983552355,59065.12552
2026-03-09 16:30:00+01:00,57461.48565465374,59466.71729
2026-03-09 16:45:00+01:00,57542.249273829424,59394.40299
2026-03-09 17:00:00+01:00,58969.12651534399,60721.03438
2026-03-09 17:15:00+01:00,59177.60683454235,61305.85239
2026-03-09 17:30:00+01:00,59808.36034221686,62337.37498
2026-03-09 17:45:00+01:00,60519.84089865788,62722.77791
2026-03-09 18:00:00+01:00,61368.70452869867,63149.43955
2026-03-09 18:15:00+01:00,61716.67138071904,63195.64032
2026-03-09 18:30:00+01:00,62817.79916244502,63895.97434
2026-03-09 18:45:00+01:00,63269.199575730774,64226.59226
2026-03-09 19:00:00+01:00,61963.91799583573,63901.27268
2026-03-09 19:15:00+01:00,61627.18627308566,63477.98774
2026-03-09 19:30:00+01:00,61143.201348350725,63019.41595
2026-03-09 19:45:00+01:00,60851.5256363991,61647.49039
2026-03-09 20:00:00+01:00,59255.06836460134,60333.78939
2026-03-09 20:15:00+01:00,58945.43341965592,59537.32168
2026-03-09 20:30:00+01:00,58447.245707688846,59154.96962
2026-03-09 20:45:00+01:00,57547.33957408638,58124.65728
2026-03-09 21:00:00+01:00,56399.316819254185,57389.22199
2026-03-09 21:15:00+01:00,55315.39626704304,56751.83096
2026-03-09 21:30:00+01:00,54586.10259847105,55695.33193
2026-03-09 21:45:00+01:00,53994.721203093955,54918.69614
2026-03-09 22:00:00+01:00,53548.09095759318,54541.24052
2026-03-09 22:15:00+01:00,52975.063775894065,53375.57225
2026-03-09 22:30:00+01:00,52515.59262975924,52637.73493
2026-03-09 22:45:00+01:00,51838.43750885635,52862.99562
2026-03-09 23:00:00+01:00,50818.44911653207,51729.36969
2026-03-09 23:15:00+01:00,50242.683928725426,50892.14808
2026-03-09 23:30:00+01:00,49295.51268376413,49986.71995
2026-03-09 23:45:00+01:00,49050.64423166055,49773.16573
2026-03-10 00:00:00+01:00,46798.81982504673,48356.8339
2026-03-10 00:15:00+01:00,46650.57680843815,47730.36591
2026-03-10 00:30:00+01:00,46169.76098609224,47040.86019
2026-03-10 00:45:00+01:00,45602.92212313207,46551.68837
2026-03-10 01:00:00+01:00,45490.844735158455,45631.46896
2026-03-10 01:15:00+01:00,45364.66450210375,45764.01181
2026-03-10 01:30:00+01:00,44950.5995243294,45830.13887
2026-03-10 01:45:00+01:00,44946.10779820704,46127.71011
2026-03-10 02:00:00+01:00,44648.77651606556,45277.86334
2026-03-10 02:15:00+01:00,44656.05331576188,45057.8598
2026-03-10 02:30:00+01:00,44772.86384734573,45700.1714
2026-03-10 02:45:00+01:00,44772.86384734573,45875.24125
2026-03-10 03:00:00+01:00,44577.93685575328,45996.15018
2026-03-10 03:15:00+01:00,44694.747387337135,45915.08921
2026-03-10 03:30:00+01:00,44694.747387337135,46111.43078
2026-03-10 03:45:00+01:00,45057.14519938088,46341.47815
2026-03-10 04:00:00+01:00,45325.38771945099,46960.32733
2026-03-10 04:15:00+01:00,45801.509030190435,46958.24956
2026-03-10 04:30:00+01:00,45986.0109109894,47341.38102
2026-03-10 04:45:00+01:00,46489.08938381058,47897.04374
2026-03-10 05:00:00+01:00,47983.40269721589,49685.4278
2026-03-10 05:15:00+01:00,48385.48249529057,50071.47523
2026-03-10 05:30:00+01:00,48931.37423511409,51350.9299
2026-03-10 05:45:00+01:00,50730.75633485754,52739.08814
2026-03-10 06:00:00+01:00,53270.91056573556,55314.46373
2026-03-10 06:15:00+01:00,55824.71767366763,57214.34644
2026-03-10 06:30:00+01:00,57212.938587410994,58619.86319
2026-03-10 06:45:00+01:00,58905.85786178275,59581.33105
2026-03-10 07:00:00+01:00,59346.01396805574,60848.1229
2026-03-10 07:15:00+01:00,60739.304942898634,61915.47714
2026-03-10 07:30:00+01:00,60976.67899926548,63140.56127
2026-03-10 07:45:00+01:00,61800.0847350834,63944.99955
2026-03-10 08:00:00+01:00,62333.881610242024,64107.46954
2026-03-10 08:15:00+01:00,63320.92256696294,64579.7349
2026-03-10 08:30:00+01:00,63704.71187941917,64090.48261
2026-03-10 08:45:00+01:00,63724.86999003059,65181.83987
2026-03-10 09:00:00+01:00,62974.420230949814,64321.84691
2026-03-10 09:15:00+01:00,63399.27527661897,64624.49424
2026-03-10 09:30:00+01:00,63336.01574919291,64781.25335
2026-03-10 09:45:00+01:00,62676.799754385596,64392.96598
2026-03-10 10:00:00+01:00,61524.03645012189,64196.3035
2026-03-10 10:15:00+01:00,62039.40309836367,63967.02507
2026-03-10 10:30:00+01:00,61802.69445659761,63044.98998
2026-03-10 10:45:00+01:00,61338.91152367457,62773.45312
2026-03-10 11:00:00+01:00,60743.85135105124,62227.82338
2026-03-10 11:15:00+01:00,60779.98921641309,62473.76088
2026-03-10 11:30:00+01:00,61140.325654213346,62414.19786
2026-03-10 11:45:00+01:00,61139.032989381776,61753.15714
2026-03-10 12:00:00+01:00,60519.65595955323,61262.59082
2026-03-10 12:15:00+01:00,60035.51457504996,60729.82637
2026-03-10 12:30:00+01:00,59975.84264458612,61234.71044
2026-03-10 12:45:00+01:00,59961.21979523096,60438.06707
2026-03-10 13:00:00+01:00,59824.88739754062,60259.9605
2026-03-10 13:15:00+01:00,59550.76957539031,60353.69104
2026-03-10 13:30:00+01:00,58890.08874990427,59818.84675
2026-03-10 13:45:00+01:00,57772.59849469533,59492.5187
2026-03-10 14:00:00+01:00,57643.670883003,59352.5014
2026-03-10 14:15:00+01:00,57502.32268591488,59125.85363
2026-03-10 14:30:00+01:00,57379.5752153029,58702.33895
2026-03-10 14:45:00+01:00,56664.438375160506,58264.99837
2026-03-10 15:00:00+01:00,57686.988296187454,58106.11745
2026-03-10 15:15:00+01:00,57648.62227796017,58193.66019
2026-03-10 15:30:00+01:00,57074.54902573686,58037.78044
2026-03-10 15:45:00+01:00,57692.38246631927,58091.87586
2026-03-10 16:00:00+01:00,58631.94017638574,58264.71844
2026-03-10 16:15:00+01:00,58612.15979241907,57938.58689
2026-03-10 16:30:00+01:00,59217.64980444144,58241.89303
2026-03-10 16:45:00+01:00,59190.09462649021,58388.28133
2026-03-10 17:00:00+01:00,59409.60437031501,60023.3266
2026-03-10 17:15:00+01:00,60052.56797765441,60588.13673
2026-03-10 17:30:00+01:00,60623.14821449962,61174.35574
2026-03-10 17:45:00+01:00,60626.93414590386,61827.58142
2026-03-10 18:00:00+01:00,61959.51784110234,62609.44794
2026-03-10 18:15:00+01:00,61952.62409171907,63389.48084
2026-03-10 18:30:00+01:00,62641.17844978943,63212.24994
2026-03-10 18:45:00+01:00,63369.70079688,63537.99017
2026-03-10 19:00:00+01:00,62327.51105540509,62990.48558
2026-03-10 19:15:00+01:00,60786.25232146097,62893.25627
2026-03-10 19:30:00+01:00,60515.434677020545,62790.02409
2026-03-10 19:45:00+01:00,60348.756326334325,62878.79716
2026-03-10 20:00:00+01:00,59108.96918704318,60857.46387
2026-03-10 20:15:00+01:00,58369.32336034155,60147.02493
2026-03-10 20:30:00+01:00,57376.243998401864,59138.30764
2026-03-10 20:45:00+01:00,56520.61479289286,59144.69367
2026-03-10 21:00:00+01:00,55421.86792265727,57623.22905
2026-03-10 21:15:00+01:00,54342.87572882088,57132.0035
2026-03-10 21:30:00+01:00,54073.429696795036,55418.98154
2026-03-10 21:45:00+01:00,53210.788895083846,53977.90255
2026-03-10 22:00:00+01:00,52757.95513899202,53358.54731
2026-03-10 22:15:00+01:00,51577.398909018986,52628.97784
2026-03-10 22:30:00+01:00,51046.62175065017,51744.84317
2026-03-10 22:45:00+01:00,49907.30656918696,50772.68884
2026-03-10 23:00:00+01:00,48842.88371535984,49579.6456
2026-03-10 23:15:00+01:00,48218.58129717949,49260.77306
2026-03-10 23:30:00+01:00,48023.83548352548,48866.1578
2026-03-10 23:45:00+01:00,47940.68007770052,48676.35575
2026-03-11 00:00:00+01:00,49437.68220912129,46908.64009
2026-03-11 00:15:00+01:00,48990.45511920553,46273.70154
2026-03-11 00:30:00+01:00,48096.85231183783,45898.69319
2026-03-11 00:45:00+01:00,47756.90625045178,45621.13957
2026-03-11 01:00:00+01:00,47471.019303872105,45521.78452
2026-03-11 01:15:00+01:00,47307.71659928283,45147.36837
2026-03-11 01:30:00+01:00,47139.947009932046,45074.62655
2026-03-11 01:45:00+01:00,47007.989072528166,45051.98227
2026-03-11 02:00:00+01:00,46924.86393779397,44785.85123
2026-03-11 02:15:00+01:00,46903.691685373255,44403.48146
2026-03-11 02:30:00+01:00,47134.46740402447,44714.76366
2026-03-11 02:45:00+01:00,47121.487998763194,45568.33472
2026-03-11 03:00:00+01:00,47319.78192510098,45591.21688
2026-03-11 03:15:00+01:00,47297.10908487708,46112.01119
2026-03-11 03:30:00+01:00,47297.10908487708,46436.67843
2026-03-11 03:45:00+01:00,47327.28060866306,47205.42346
2026-03-11 04:00:00+01:00,47881.429136893574,47572.35526
2026-03-11 04:15:00+01:00,48281.9834745966,47942.94118
2026-03-11 04:30:00+01:00,48743.70440233527,48468.70814
2026-03-11 04:45:00+01:00,49524.15914481209,48772.92204
2026-03-11 05:00:00+01:00,51102.56299266614,50041.36808
2026-03-11 05:15:00+01:00,51561.34561486541,50920.04227
2026-03-11 05:30:00+01:00,52563.25573862124,51760.33294
2026-03-11 05:45:00+01:00,54204.701069873154,52872.38748
2026-03-11 06:00:00+01:00,56257.87991096353,55547.24578
2026-03-11 06:15:00+01:00,58435.20875107677,57469.87328
2026-03-11 06:30:00+01:00,59586.729843343324,58981.47802
2026-03-11 06:45:00+01:00,60137.31944684598,60174.05574
2026-03-11 07:00:00+01:00,62629.320140039104,61331.36401
2026-03-11 07:15:00+01:00,63665.90845707024,62741.05543
2026-03-11 07:30:00+01:00,64814.753151637466,63651.10962
2026-03-11 07:45:00+01:00,66253.31352406745,64272.36277
2026-03-11 08:00:00+01:00,66355.00473698859,64541.04825
2026-03-11 08:15:00+01:00,66522.46795059444,65453.73332
2026-03-11 08:30:00+01:00,67093.4203914919,65626.29201
2026-03-11 08:45:00+01:00,67188.92196189915,66062.38491
2026-03-11 09:00:00+01:00,67082.13557785601,65406.11606
2026-03-11 09:15:00+01:00,67077.76153323997,65809.86515
2026-03-11 09:30:00+01:00,66947.15812738857,66444.39966
2026-03-11 09:45:00+01:00,66791.53722898259,67009.14887
2026-03-11 10:00:00+01:00,65487.09697321127,66479.78837
2026-03-11 10:15:00+01:00,65942.52623042047,67055.40691
2026-03-11 10:30:00+01:00,65859.58540339243,67342.84345
2026-03-11 10:45:00+01:00,65274.00664007062,67264.33867
2026-03-11 11:00:00+01:00,64590.521993733186,67214.87108
2026-03-11 11:15:00+01:00,64544.78212262978,68356.12259
2026-03-11 11:30:00+01:00,64544.78212262978,68401.45022
2026-03-11 11:45:00+01:00,64260.612133263014,68283.23229
2026-03-11 12:00:00+01:00,64165.05080138706,68062.99537
2026-03-11 12:15:00+01:00,64141.50101935629,67807.42616
2026-03-11 12:30:00+01:00,64141.50101935629,67040.96031
2026-03-11 12:45:00+01:00,63409.41831231507,66922.46972
2026-03-11 13:00:00+01:00,62694.56390195243,66537.32475
2026-03-11 13:15:00+01:00,62258.418727085766,66678.56534
2026-03-11 13:30:00+01:00,62203.30940727509,65740.57649
2026-03-11 13:45:00+01:00,61866.35822843074,64775.14725
2026-03-11 14:00:00+01:00,60694.60732288292,63995.47714
2026-03-11 14:15:00+01:00,60234.451287140975,63853.70512
2026-03-11 14:30:00+01:00,60020.64417441286,63485.82252
2026-03-11 14:45:00+01:00,59964.907871605865,63556.63806
2026-03-11 15:00:00+01:00,60155.91065738831,64310.19805
2026-03-11 15:15:00+01:00,59921.40064334989,63948.29538
2026-03-11 15:30:00+01:00,60341.752239547444,63603.58723
2026-03-11 15:45:00+01:00,60151.27224161745,63848.89271
2026-03-11 16:00:00+01:00,61225.5686996149,64454.92321
2026-03-11 16:15:00+01:00,61251.263064904626,64199.77448
2026-03-11 16:30:00+01:00,61678.79533915346,63830.07018
2026-03-11 16:45:00+01:00,61800.135413877426,64211.07159
2026-03-11 17:00:00+01:00,63075.43211511067,64873.62325
2026-03-11 17:15:00+01:00,63995.928033182594,65725.22489
2026-03-11 17:30:00+01:00,64505.638057480435,66308.40706
2026-03-11 17:45:00+01:00,64545.60197969077,66155.75968
2026-03-11 18:00:00+01:00,64768.68818576218,66385.68929
2026-03-11 18:15:00+01:00,65475.92819091737,66428.04017
2026-03-11 18:30:00+01:00,65475.92819091737,66299.34732
2026-03-11 18:45:00+01:00,65866.4800506632,65414.65752
2026-03-11 19:00:00+01:00,65674.46796493276,65171.64221
2026-03-11 19:15:00+01:00,65053.12994251732,64347.56434
2026-03-11 19:30:00+01:00,64583.03701249098,63914.72652
2026-03-11 19:45:00+01:00,63804.51351806533,63529.65161
2026-03-11 20:00:00+01:00,62773.11172689815,62580.60735
2026-03-11 20:15:00+01:00,61657.40377841193,62186.39747
2026-03-11 20:30:00+01:00,61039.915812775216,61093.84114
2026-03-11 20:45:00+01:00,60486.09857844655,60068.26848
2026-03-11 21:00:00+01:00,59234.13177727915,58965.49981
2026-03-11 21:15:00+01:00,58201.04188542281,57896.96057
2026-03-11 21:30:00+01:00,57667.97414496271,56763.18064
2026-03-11 21:45:00+01:00,57433.829520005325,56052.23812
2026-03-11 22:00:00+01:00,56539.29443553653,55538.07605
2026-03-11 22:15:00+01:00,54828.68421119685,54565.69088
2026-03-11 22:30:00+01:00,54781.53245115293,53427.18013
2026-03-11 22:45:00+01:00,54287.34130016625,52396.28122
2026-03-11 23:00:00+01:00,52732.21615899505,51397.65733
2026-03-11 23:15:00+01:00,52229.328919052394,50394.47231
2026-03-11 23:30:00+01:00,51656.75359104507,49885.01669
2026-03-11 23:45:00+01:00,51628.8582500835,49840.40477
2026-03-12 00:00:00+01:00,49272.95525489382,48256.44098
2026-03-12 00:15:00+01:00,47595.75870837175,47801.57019
2026-03-12 00:30:00+01:00,47445.22040452759,47402.27099
2026-03-12 00:45:00+01:00,47340.04279882837,46964.29382
2026-03-12 01:00:00+01:00,46489.296275299064,46455.35973
2026-03-12 01:15:00+01:00,46181.432349369185,46180.48483
2026-03-12 01:30:00+01:00,46129.87224765763,46375.785
2026-03-12 01:45:00+01:00,45742.88831561775,46065.78843
2026-03-12 02:00:00+01:00,45604.88319665123,45436.88456
2026-03-12 02:15:00+01:00,45613.216320181855,45390.48103
2026-03-12 02:30:00+01:00,45613.216320181855,45759.4802
2026-03-12 02:45:00+01:00,45525.875254638246,45953.26074
2026-03-12 03:00:00+01:00,45657.214570659664,45953.1264
2026-03-12 03:15:00+01:00,45992.64444095801,46078.59498
2026-03-12 03:30:00+01:00,45681.493410483235,46208.08834
2026-03-12 03:45:00+01:00,46038.49459873975,46494.13027
2026-03-12 04:00:00+01:00,46603.539395787724,46923.62874
2026-03-12 04:15:00+01:00,48022.04733245676,47411.89101
2026-03-12 04:30:00+01:00,48096.216172876666,47505.26988
2026-03-12 04:45:00+01:00,48764.29859927597,48049.5338
2026-03-12 05:00:00+01:00,49789.999352349485,49696.741
2026-03-12 05:15:00+01:00,50609.53877097847,50252.55364
2026-03-12 05:30:00+01:00,51744.05574096854,51234.20563
2026-03-12 05:45:00+01:00,53527.38539411044,53178.45837
2026-03-12 06:00:00+01:00,56361.71381410911,55598.37536
2026-03-12 06:15:00+01:00,57649.54825499045,57333.46201
2026-03-12 06:30:00+01:00,59409.30643516801,59267.42832
2026-03-12 06:45:00+01:00,60712.05648028322,60641.98144
2026-03-12 07:00:00+01:00,61708.6422976128,62078.03316
2026-03-12 07:15:00+01:00,63115.499507572815,62924.65044
2026-03-12 07:30:00+01:00,63635.00684644398,63655.24102
2026-03-12 07:45:00+01:00,64660.16942599065,64578.13063
2026-03-12 08:00:00+01:00,65996.52296987516,64986.27348
2026-03-12 08:15:00+01:00,66136.45765881853,66021.10286
2026-03-12 08:30:00+01:00,66276.07195056665,66654.67883
2026-03-12 08:45:00+01:00,66413.78089399189,67154.5782
2026-03-12 09:00:00+01:00,65617.01114820965,65709.76138
2026-03-12 09:15:00+01:00,65775.59387392158,65655.78107
2026-03-12 09:30:00+01:00,65823.31487145192,65718.55803
2026-03-12 09:45:00+01:00,65763.09749747902,66585.67355
2026-03-12 10:00:00+01:00,63566.736008444874,65958.65633
2026-03-12 10:15:00+01:00,63571.54255763341,66362.68993
2026-03-12 10:30:00+01:00,63766.535911985855,66290.78664
2026-03-12 10:45:00+01:00,63842.30455208328,66243.52576
2026-03-12 11:00:00+01:00,62657.133572926214,66021.52861
2026-03-12 11:15:00+01:00,62659.14573676037,66037.85822
2026-03-12 11:30:00+01:00,62630.9474930937,66314.82098
2026-03-12 11:45:00+01:00,62046.77961542799,65678.43971
2026-03-12 12:00:00+01:00,61936.52807644338,65636.73154
2026-03-12 12:15:00+01:00,61589.77511096727,65543.61014
2026-03-12 12:30:00+01:00,61521.19135945554,65341.7987
2026-03-12 12:45:00+01:00,61383.063643062924,65147.94408
2026-03-12 13:00:00+01:00,61056.94905519415,65082.13776
2026-03-12 13:15:00+01:00,59732.62532083592,64319.42095
2026-03-12 13:30:00+01:00,59244.04497283213,63354.99998
2026-03-12 13:45:00+01:00,58765.872105935814,62642.59758
2026-03-12 14:00:00+01:00,57802.764015676345,62202.7625
2026-03-12 14:15:00+01:00,57318.12675941495,61835.45909
2026-03-12 14:30:00+01:00,57166.45772684177,61765.07517
2026-03-12 14:45:00+01:00,57160.54423895437,61427.91321
2026-03-12 15:00:00+01:00,57858.50975376121,61366.06196
2026-03-12 15:15:00+01:00,57253.11187492978,60927.83697
2026-03-12 15:30:00+01:00,56865.27945926677,60639.80376
2026-03-12 15:45:00+01:00,56917.91269364991,61075.93823
2026-03-12 16:00:00+01:00,57453.871042341016,60931.27752
2026-03-12 16:15:00+01:00,57142.11683031307,60976.66332
2026-03-12 16:30:00+01:00,57854.29561250558,60628.00987
2026-03-12 16:45:00+01:00,58290.99309466713,61070.47103
2026-03-12 17:00:00+01:00,60896.31780185195,62089.79825
2026-03-12 17:15:00+01:00,61811.85163288696,62174.48587
2026-03-12 17:30:00+01:00,61921.25240351054,62387.80088
2026-03-12 17:45:00+01:00,61938.79326503177,62981.70899
2026-03-12 18:00:00+01:00,62449.949726111394,62411.08905
2026-03-12 18:15:00+01:00,62942.49307793785,63413.8964
2026-03-12 18:30:00+01:00,63478.06289918709,64804.86756
2026-03-12 18:45:00+01:00,63512.70166602704,65215.19029
2026-03-12 19:00:00+01:00,64283.79151831836,65875.48576
2026-03-12 19:15:00+01:00,64016.45505298268,65236.2433
2026-03-12 19:30:00+01:00,63938.60858358597,64809.68222
2026-03-12 19:45:00+01:00,63369.90847420485,64582.96188
2026-03-12 20:00:00+01:00,62558.198242750506,63452.67124
2026-03-12 20:15:00+01:00,62075.69691838983,62743.70891
2026-03-12 20:30:00+01:00,60450.00708168431,61801.46605
2026-03-12 20:45:00+01:00,59603.11478088137,61125.57842
2026-03-12 21:00:00+01:00,58987.63829867733,60207.0862
2026-03-12 21:15:00+01:00,58239.820249714096,59501.81759
2026-03-12 21:30:00+01:00,57717.26270237696,58660.23145
2026-03-12 21:45:00+01:00,56575.601132437456,57818.25074
2026-03-12 22:00:00+01:00,56138.174169581536,56738.45686
2026-03-12 22:15:00+01:00,55978.31814817689,55912.31224
2026-03-12 22:30:00+01:00,54838.234706930874,54946.28395
2026-03-12 22:45:00+01:00,53535.0015417159,54477.53917
2026-03-12 23:00:00+01:00,53289.64942700692,53604.6372
2026-03-12 23:15:00+01:00,51961.75422752428,53212.8251
2026-03-12 23:30:00+01:00,51029.01778516258,52415.72412
2026-03-12 23:45:00+01:00,51133.47176562762,51626.87534
2026-03-13 00:00:00+01:00,50287.687012234455,51167.36527
2026-03-13 00:15:00+01:00,49532.33219822608,50540.74192
2026-03-13 00:30:00+01:00,49050.32122362889,50474.10348
2026-03-13 00:45:00+01:00,49095.01997516924,49792.00495
2026-03-13 01:00:00+01:00,48592.11155698317,48844.4951
2026-03-13 01:15:00+01:00,47754.07870928595,48608.85358
2026-03-13 01:30:00+01:00,46777.191605398395,48484.43553
2026-03-13 01:45:00+01:00,47319.912123513335,48314.35621
2026-03-13 02:00:00+01:00,46860.93754378508,47896.2772
2026-03-13 02:15:00+01:00,46761.61055900783,48042.03829
2026-03-13 02:30:00+01:00,46761.61055900783,48434.37233
2026-03-13 02:45:00+01:00,46663.19388216702,48467.28438
2026-03-13 03:00:00+01:00,47168.78089911552,48622.44918
2026-03-13 03:15:00+01:00,47155.579373131826,49034.17449
2026-03-13 03:30:00+01:00,47305.30962645888,49285.2005
2026-03-13 03:45:00+01:00,47313.89271948921,49836.25543
2026-03-13 04:00:00+01:00,48344.04755578301,49917.27065
2026-03-13 04:15:00+01:00,48111.21057241812,50192.67408
2026-03-13 04:30:00+01:00,49781.06558039382,50810.86491
2026-03-13 04:45:00+01:00,50815.87574516073,51231.01126
2026-03-13 05:00:00+01:00,51983.877533280516,52589.2357
2026-03-13 05:15:00+01:00,52016.61323500756,53028.22596
2026-03-13 05:30:00+01:00,53554.45858669248,54244.88207
2026-03-13 05:45:00+01:00,55774.26061075862,55870.71138
2026-03-13 06:00:00+01:00,58805.63283526778,58543.20244
2026-03-13 06:15:00+01:00,60681.78825482913,60398.01158
2026-03-13 06:30:00+01:00,62070.61280357676,61619.29618
2026-03-13 06:45:00+01:00,63767.684714495896,62821.70498
2026-03-13 07:00:00+01:00,64786.34683877869,63543.12302
2026-03-13 07:15:00+01:00,65993.24512441977,64775.13504
2026-03-13 07:30:00+01:00,66930.39700827237,65617.26966
2026-03-13 07:45:00+01:00,67394.45123057887,67349.38769
2026-03-13 08:00:00+01:00,67596.93716323281,67970.44216
2026-03-13 08:15:00+01:00,68086.99837212921,68250.24745
2026-03-13 08:30:00+01:00,68575.9723649338,68604.16932
2026-03-13 08:45:00+01:00,68608.07796876243,68317.90601
2026-03-13 09:00:00+01:00,67500.94036627145,68347.28852
2026-03-13 09:15:00+01:00,67669.95163019291,68431.90471
2026-03-13 09:30:00+01:00,67735.98111101943,68499.8092
2026-03-13 09:45:00+01:00,67788.09397495496,67704.55114
2026-03-13 10:00:00+01:00,67455.55408754564,66778.04594
2026-03-13 10:15:00+01:00,67557.34113495795,67062.7779
2026-03-13 10:30:00+01:00,67582.68483130605,66803.51635
2026-03-13 10:45:00+01:00,67363.7327270413,66602.60755
2026-03-13 11:00:00+01:00,67447.4093659381,65201.61737
2026-03-13 11:15:00+01:00,67461.97562061531,65837.9281
2026-03-13 11:30:00+01:00,67461.97562061531,65523.75144
2026-03-13 11:45:00+01:00,66920.83168819743,65758.68594
2026-03-13 12:00:00+01:00,65940.72009555796,65145.61316
2026-03-13 12:15:00+01:00,65671.03845279852,65070.4512
2026-03-13 12:30:00+01:00,65062.5412967054,64649.50616
2026-03-13 12:45:00+01:00,64949.81287967531,64153.73837
2026-03-13 13:00:00+01:00,64769.0170645862,63667.89033
2026-03-13 13:15:00+01:00,64272.59752101485,63185.42016
2026-03-13 13:30:00+01:00,63996.09272217744,63283.21931
2026-03-13 13:45:00+01:00,63054.53348452058,62102.7662
2026-03-13 14:00:00+01:00,62268.4422440291,61541.3495
2026-03-13 14:15:00+01:00,61678.44579633263,61167.46231
2026-03-13 14:30:00+01:00,61113.204906132814,61084.30601
2026-03-13 14:45:00+01:00,61037.54838544167,60636.074
2026-03-13 15:00:00+01:00,60952.63615747092,60843.66822
2026-03-13 15:15:00+01:00,60961.40679518398,60385.69054
2026-03-13 15:30:00+01:00,61676.53638529761,59399.66331
2026-03-13 15:45:00+01:00,61676.53638529761,59738.93792
2026-03-13 16:00:00+01:00,61251.554861471486,61734.22076
2026-03-13 16:15:00+01:00,61002.28095878541,61204.89224
2026-03-13 16:30:00+01:00,60755.96657930749,61205.9825
2026-03-13 16:45:00+01:00,61406.155063804596,61108.85377
2026-03-13 17:00:00+01:00,62402.36519811175,61879.33884
2026-03-13 17:15:00+01:00,63281.66955266528,61968.80589
2026-03-13 17:30:00+01:00,63668.20179829539,61921.11682
2026-03-13 17:45:00+01:00,63767.935521977626,62518.65623
2026-03-13 18:00:00+01:00,63485.99821286107,63321.47302
2026-03-13 18:15:00+01:00,64246.011387615865,63342.37787
2026-03-13 18:30:00+01:00,64375.561690173025,62734.87635
2026-03-13 18:45:00+01:00,64365.950158112006,62696.44093
2026-03-13 19:00:00+01:00,64202.47434307281,62587.55959
2026-03-13 19:15:00+01:00,63131.46759250069,61879.06515
2026-03-13 19:30:00+01:00,62898.50845440632,61050.61747
2026-03-13 19:45:00+01:00,62340.84867731541,60555.42755
2026-03-13 20:00:00+01:00,60153.16714343093,59015.31702
2026-03-13 20:15:00+01:00,59506.1537876222,58025.93783
2026-03-13 20:30:00+01:00,58225.56404035472,57095.63499
2026-03-13 20:45:00+01:00,56716.15637326788,56937.05649
2026-03-13 21:00:00+01:00,56546.667917837,56201.06272
2026-03-13 21:15:00+01:00,56206.29610961694,55162.92917
2026-03-13 21:30:00+01:00,56070.29487533707,54272.75498
2026-03-13 21:45:00+01:00,56486.712230678946,53556.05335
2026-03-13 22:00:00+01:00,54611.95674526762,52788.93324
2026-03-13 22:15:00+01:00,53640.813717989244,52221.64695
2026-03-13 22:30:00+01:00,52223.55280445803,51548.28178
2026-03-13 22:45:00+01:00,51011.10213982196,50549.98767
2026-03-13 23:00:00+01:00,50301.283129377036,50021.61394
2026-03-13 23:15:00+01:00,49059.07532423759,49691.84243
2026-03-13 23:30:00+01:00,48755.9365645504,48307.6213
2026-03-13 23:45:00+01:00,48327.21458325438,48388.55982
2026-03-14 00:00:00+01:00,47715.78597749501,46898.61877
2026-03-14 00:15:00+01:00,47015.018567177685,47066.34628
2026-03-14 00:30:00+01:00,46716.000747848186,47263.84444
2026-03-14 00:45:00+01:00,45341.33698929337,46720.3395
2026-03-14 01:00:00+01:00,44820.72971621452,45478.90111
2026-03-14 01:15:00+01:00,44678.632229627125,45271.06768
2026-03-14 01:30:00+01:00,44407.280620549136,44882.77964
2026-03-14 01:45:00+01:00,44336.352982071025,44955.5196
2026-03-14 02:00:00+01:00,43259.97308127623,44593.17741
2026-03-14 02:15:00+01:00,43177.357621552204,44435.99521
2026-03-14 02:30:00+01:00,43112.52311185578,44192.72556
2026-03-14 02:45:00+01:00,43112.52311185578,43808.57425
2026-03-14 03:00:00+01:00,43179.18784209482,43931.80856
2026-03-14 03:15:00+01:00,42951.73868871812,43971.92989
2026-03-14 03:30:00+01:00,42944.570006247086,43502.36566
2026-03-14 03:45:00+01:00,43201.515596909274,43318.73115
2026-03-14 04:00:00+01:00,44175.915623439745,43590.2524
2026-03-14 04:15:00+01:00,43725.26932273957,43424.45775
2026-03-14 04:30:00+01:00,44377.599273155975,43486.60456
2026-03-14 04:45:00+01:00,44341.636690708474,43513.60038
2026-03-14 05:00:00+01:00,44520.00769932064,43799.37523
2026-03-14 05:15:00+01:00,44585.84765335791,43719.11712
2026-03-14 05:30:00+01:00,44655.996565163376,43862.74033
2026-03-14 05:45:00+01:00,44870.65619595214,44070.29001
2026-03-14 06:00:00+01:00,46116.79865996436,44862.96065
2026-03-14 06:15:00+01:00,46307.88590918391,45903.27269
2026-03-14 06:30:00+01:00,46929.386458223526,46121.64518
2026-03-14 06:45:00+01:00,47387.07096167916,46577.09912
2026-03-14 07:00:00+01:00,47834.32039438794,47230.70075
2026-03-14 07:15:00+01:00,48355.96895994938,48357.44997
2026-03-14 07:30:00+01:00,49588.85127952761,49116.4153
2026-03-14 07:45:00+01:00,50556.216575646904,49558.5412
2026-03-14 08:00:00+01:00,51382.749309268074,50327.04642
2026-03-14 08:15:00+01:00,52008.92888453706,51270.1297
2026-03-14 08:30:00+01:00,52705.789637745795,52059.45945
2026-03-14 08:45:00+01:00,52910.5845957918,52759.82714
2026-03-14 09:00:00+01:00,53343.33916946394,53778.21824
2026-03-14 09:15:00+01:00,54566.54824957996,54902.99872
2026-03-14 09:30:00+01:00,55972.61547398621,55630.30201
2026-03-14 09:45:00+01:00,56509.208637487594,56150.23373
2026-03-14 10:00:00+01:00,57720.63720353578,56255.79984
2026-03-14 10:15:00+01:00,57881.0152487786,56701.75367
2026-03-14 10:30:00+01:00,58801.98889019483,56952.16276
2026-03-14 10:45:00+01:00,60482.02358832676,57277.25789
2026-03-14 11:00:00+01:00,60220.49388936322,56875.20692
2026-03-14 11:15:00+01:00,60234.45956087278,56869.07211
2026-03-14 11:30:00+01:00,60389.60142116713,57062.20403
2026-03-14 11:45:00+01:00,59907.37886125691,56984.40481
2026-03-14 12:00:00+01:00,60350.10217010276,56957.62208
2026-03-14 12:15:00+01:00,60319.64099126518,57080.04118
2026-03-14 12:30:00+01:00,58568.85758036444,56849.34596
2026-03-14 12:45:00+01:00,57875.18174281551,56568.94612
2026-03-14 13:00:00+01:00,57291.0637998187,56523.68768
2026-03-14 13:15:00+01:00,56559.65639245438,56324.45555
2026-03-14 13:30:00+01:00,55672.073430192846,56137.05568
2026-03-14 13:45:00+01:00,55114.675533070185,55070.30508
2026-03-14 14:00:00+01:00,54906.518510010705,54801.92945
2026-03-14 14:15:00+01:00,53295.763712468426,54357.74295
2026-03-14 14:30:00+01:00,52632.412903953315,54195.1106
2026-03-14 14:45:00+01:00,51943.94054608545,53965.20519
2026-03-14 15:00:00+01:00,52764.55688934776,53573.00879
2026-03-14 15:15:00+01:00,52143.95622897919,53439.74248
2026-03-14 15:30:00+01:00,52418.418821130464,53466.81727
2026-03-14 15:45:00+01:00,52421.71684394957,53108.92697
2026-03-14 16:00:00+01:00,53303.97561895493,53239.37223
2026-03-14 16:15:00+01:00,52989.14477139894,53017.01265
2026-03-14 16:30:00+01:00,53671.964316540805,53052.51332
2026-03-14 16:45:00+01:00,54199.54028248589,53558.8341
2026-03-14 17:00:00+01:00,55943.13247101289,53632.23301
2026-03-14 17:15:00+01:00,58143.57166118772,54151.6778
2026-03-14 17:30:00+01:00,58123.77214285348,55224.35552
2026-03-14 17:45:00+01:00,58110.46672879304,55869.4986
2026-03-14 18:00:00+01:00,58722.242297310695,56610.69371
2026-03-14 18:15:00+01:00,59018.956906731524,57252.17695
2026-03-14 18:30:00+01:00,59340.01315289765,57097.00578
2026-03-14 18:45:00+01:00,59323.20338958432,56667.98751
2026-03-14 19:00:00+01:00,58805.462221339665,56694.62366
2026-03-14 19:15:00+01:00,59090.93433894956,56593.44774
2026-03-14 19:30:00+01:00,56679.104484072515,56162.47019
2026-03-14 19:45:00+01:00,55967.247383645365,55374.13948
2026-03-14 20:00:00+01:00,53437.039103713076,54122.39577
2026-03-14 20:15:00+01:00,52295.31568484847,53124.4992
2026-03-14 20:30:00+01:00,52154.074969793444,52620.1545
2026-03-14 20:45:00+01:00,51595.51676665,51728.80674
2026-03-14 21:00:00+01:00,51602.19567778382,50786.45388
2026-03-14 21:15:00+01:00,51423.874331965344,50327.64552
2026-03-14 21:30:00+01:00,51007.29909999879,49718.52468
2026-03-14 21:45:00+01:00,50777.29174242542,49346.47663
2026-03-14 22:00:00+01:00,50664.80457000775,49485.47573
2026-03-14 22:15:00+01:00,50075.928752238135,49007.88387
2026-03-14 22:30:00+01:00,48555.67059207985,48421.19755
2026-03-14 22:45:00+01:00,47445.71016654158,47671.93772
2026-03-14 23:00:00+01:00,46462.51228313838,46765.57313
2026-03-14 23:15:00+01:00,45940.74853768647,46097.48455
2026-03-14 23:30:00+01:00,45676.75699358342,45342.26171
2026-03-14 23:45:00+01:00,44868.14500115253,44679.68757
2026-03-15 00:00:00+01:00,43237.74765888331,45008.67545
2026-03-15 00:15:00+01:00,43012.923606796125,44225.95233
2026-03-15 00:30:00+01:00,42870.14221866528,43401.823
2026-03-15 00:45:00+01:00,42692.311090450676,43006.7402
2026-03-15 01:00:00+01:00,42187.86094174452,43284.33149
2026-03-15 01:15:00+01:00,42114.00289645292,42925.75983
2026-03-15 01:30:00+01:00,41612.11673528243,42329.4365
2026-03-15 01:45:00+01:00,41330.16287081218,41995.6835
2026-03-15 02:00:00+01:00,40983.070328538575,41899.84505
2026-03-15 02:15:00+01:00,40781.00670397681,41697.95453
2026-03-15 02:30:00+01:00,40121.88696876415,41255.30935
2026-03-15 02:45:00+01:00,40616.881040961176,40915.57505
2026-03-15 03:00:00+01:00,40112.805869409225,40819.7249
2026-03-15 03:15:00+01:00,40111.9757169179,40859.81384
2026-03-15 03:30:00+01:00,40111.9757169179,40857.33113
2026-03-15 03:45:00+01:00,40722.61584763428,41008.9842
2026-03-15 04:00:00+01:00,40891.364859267174,41039.20247
2026-03-15 04:15:00+01:00,40909.58658076315,40985.15819
2026-03-15 04:30:00+01:00,40956.52865527012,41096.807
2026-03-15 04:45:00+01:00,41013.07990606579,41053.70663
2026-03-15 05:00:00+01:00,41198.248109952634,41432.59687
2026-03-15 05:15:00+01:00,41197.191139100556,41249.16468
2026-03-15 05:30:00+01:00,41235.739063589484,41465.49049
2026-03-15 05:45:00+01:00,41353.82930041787,41523.98181
2026-03-15 06:00:00+01:00,41500.42880466667,41972.70216
2026-03-15 06:15:00+01:00,41730.59155901219,41953.80955
2026-03-15 06:30:00+01:00,41903.941424801655,42120.20008
2026-03-15 06:45:00+01:00,42254.23385758762,42447.60487
2026-03-15 07:00:00+01:00,42655.88383984526,42869.13095
2026-03-15 07:15:00+01:00,43917.24206822107,43835.17701
2026-03-15 07:30:00+01:00,44093.37232620232,44413.42336
2026-03-15 07:45:00+01:00,44882.36775915305,45126.18196
2026-03-15 08:00:00+01:00,45986.41951472418,45726.35698
2026-03-15 08:15:00+01:00,46809.46785342081,46703.32345
2026-03-15 08:30:00+01:00,47035.835815849365,47196.40664
2026-03-15 08:45:00+01:00,47092.37045064276,47489.08704
2026-03-15 09:00:00+01:00,47696.164219438215,47831.39782
2026-03-15 09:15:00+01:00,48388.35240688658,48713.4807
2026-03-15 09:30:00+01:00,49127.4256651991,49337.47442
2026-03-15 09:45:00+01:00,49903.143931876366,49523.06985
2026-03-15 10:00:00+01:00,50002.03630415254,49808.03449
2026-03-15 10:15:00+01:00,50788.23557773826,50660.82242
2026-03-15 10:30:00+01:00,51002.80879464654,51357.61978
2026-03-15 10:45:00+01:00,51595.987167224215,51626.90516
2026-03-15 11:00:00+01:00,51682.8738016389,51935.45475
2026-03-15 11:15:00+01:00,51711.267800965135,52515.69492
2026-03-15 11:30:00+01:00,52149.65229522505,52853.14948
2026-03-15 11:45:00+01:00,52083.575202023094,52907.12015
2026-03-15 12:00:00+01:00,51875.31175047739,52520.0682
2026-03-15 12:15:00+01:00,51379.33699588137,52045.98775
2026-03-15 12:30:00+01:00,50348.130937453985,52147.25328
2026-03-15 12:45:00+01:00,50023.291926313905,51789.33918
2026-03-15 13:00:00+01:00,49415.783623388976,51231.3688
2026-03-15 13:15:00+01:00,48931.31278328987,51094.98865
2026-03-15 13:30:00+01:00,48140.88036989154,51070.24179
2026-03-15 13:45:00+01:00,47352.86879284767,50691.65315
2026-03-15 14:00:00+01:00,46807.15953427545,50315.39042
2026-03-15 14:15:00+01:00,46413.794082314314,49890.03821
2026-03-15 14:30:00+01:00,46317.14511089563,49504.18759
2026-03-15 14:45:00+01:00,45801.37894696079,49458.51472
2026-03-15 15:00:00+01:00,45546.055672396375,49517.57872
2026-03-15 15:15:00+01:00,45519.754720125056,49051.10851
2026-03-15 15:30:00+01:00,46122.66856318587,49090.20711
2026-03-15 15:45:00+01:00,46111.89482372488,49660.94703
2026-03-15 16:00:00+01:00,46308.13764413364,49743.3826
2026-03-15 16:15:00+01:00,46518.32321693806,49464.25815
2026-03-15 16:30:00+01:00,46715.35404712547,49540.41913
2026-03-15 16:45:00+01:00,47851.83666598675,50385.30863
2026-03-15 17:00:00+01:00,49675.6827330028,50965.69137
2026-03-15 17:15:00+01:00,50419.371630667614,51575.42345
2026-03-15 17:30:00+01:00,51699.02945253597,52269.13073
2026-03-15 17:45:00+01:00,51831.46266804174,53105.46417
2026-03-15 18:00:00+01:00,53218.809604120885,53950.78265
2026-03-15 18:15:00+01:00,53798.31013719235,54041.96387
2026-03-15 18:30:00+01:00,53790.12950097278,54901.51927
2026-03-15 18:45:00+01:00,54385.81734576177,55230.61213
2026-03-15 19:00:00+01:00,54370.1191130127,55483.53021
2026-03-15 19:15:00+01:00,53773.126198514154,54777.87742
2026-03-15 19:30:00+01:00,53705.947569070726,54790.30288
2026-03-15 19:45:00+01:00,53423.2300249366,54500.012
2026-03-15 20:00:00+01:00,52875.790520021874,54007.756
2026-03-15 20:15:00+01:00,52360.760325764764,53253.20001
2026-03-15 20:30:00+01:00,52036.836063695715,52425.17223
2026-03-15 20:45:00+01:00,51873.89988708234,51915.74686
2026-03-15 21:00:00+01:00,51459.296699035054,51720.6899
2026-03-15 21:15:00+01:00,51253.18082592687,51705.5855
2026-03-15 21:30:00+01:00,51036.93318596186,50688.82395
2026-03-15 21:45:00+01:00,50844.837398341224,50558.90106
2026-03-15 22:00:00+01:00,51335.49639438554,51186.15356
2026-03-15 22:15:00+01:00,51078.9542156884,50861.49007
2026-03-15 22:30:00+01:00,50112.88468942729,50261.36272
2026-03-15 22:45:00+01:00,49957.65494305594,49675.38491
2026-03-15 23:00:00+01:00,49362.210452738305,49329.33156
2026-03-15 23:15:00+01:00,48743.65493768732,48856.79998
2026-03-15 23:30:00+01:00,48322.60231801317,48295.1299
2026-03-15 23:45:00+01:00,48367.201005311224,48291.8534
2026-03-16 00:00:00+01:00,46067.231693769245,46644.61084
2026-03-16 00:15:00+01:00,45838.31769353564,46524.84092
2026-03-16 00:30:00+01:00,45838.31769353564,46470.54752
2026-03-16 00:45:00+01:00,45698.55387111966,46602.78596
2026-03-16 01:00:00+01:00,45052.24277226752,46049.51272
2026-03-16 01:15:00+01:00,44829.651089415245,46609.29479
2026-03-16 01:30:00+01:00,44619.252376593045,46679.46359
2026-03-16 01:45:00+01:00,44602.26047411722,46086.03099
2026-03-16 02:00:00+01:00,44366.14135516008,45332.06377
2026-03-16 02:15:00+01:00,44366.29354352128,45513.05255
2026-03-16 02:30:00+01:00,44194.530487561045,45390.06813
2026-03-16 02:45:00+01:00,44140.16126703068,45595.65327
2026-03-16 03:00:00+01:00,44257.923217451746,46064.79493
2026-03-16 03:15:00+01:00,44401.27837507019,46079.42118
2026-03-16 03:30:00+01:00,44401.27837507019,46157.69037
2026-03-16 03:45:00+01:00,44403.644011366116,46513.35093
2026-03-16 04:00:00+01:00,45178.79731068728,47051.84035
2026-03-16 04:15:00+01:00,45493.35260231837,47639.31185
2026-03-16 04:30:00+01:00,45715.373183168784,48403.52456
2026-03-16 04:45:00+01:00,46751.58780635089,49115.89991
2026-03-16 05:00:00+01:00,47106.1351124334,50802.81025
2026-03-16 05:15:00+01:00,47824.95925264067,51664.08119
2026-03-16 05:30:00+01:00,49162.30523586271,52068.09421
2026-03-16 05:45:00+01:00,50750.132201707405,53663.01925
2026-03-16 06:00:00+01:00,53293.76622768552,56684.15802
2026-03-16 06:15:00+01:00,56200.449678070894,58362.58925
2026-03-16 06:30:00+01:00,58430.87512891094,59510.06677
2026-03-16 06:45:00+01:00,59824.15503800901,60801.70258
2026-03-16 07:00:00+01:00,61091.902624734095,61495.90308
2026-03-16 07:15:00+01:00,62622.64567849155,62793.97511
2026-03-16 07:30:00+01:00,64283.00106823831,63937.36893
2026-03-16 07:45:00+01:00,65593.17967749141,64616.56852
2026-03-16 08:00:00+01:00,65180.2668427085,65079.07181
2026-03-16 08:15:00+01:00,66136.64339800293,65823.63085
2026-03-16 08:30:00+01:00,66644.32841315448,65955.33097
2026-03-16 08:45:00+01:00,66752.11436109661,66409.77398
2026-03-16 09:00:00+01:00,66429.11078872021,66229.21716
2026-03-16 09:15:00+01:00,66338.31845746173,66839.54807
2026-03-16 09:30:00+01:00,66437.14508158069,67185.2803
2026-03-16 09:45:00+01:00,66053.64622742297,67438.49692
2026-03-16 10:00:00+01:00,66016.04805894215,67275.03665
2026-03-16 10:15:00+01:00,65380.36684171201,68070.67167
2026-03-16 10:30:00+01:00,65247.89423881499,68643.59478
2026-03-16 10:45:00+01:00,65301.89357864082,68600.18128
2026-03-16 11:00:00+01:00,65743.13372261164,68334.77902
2026-03-16 11:15:00+01:00,65225.5413720162,68618.27581
2026-03-16 11:30:00+01:00,64675.68750989666,68664.03379
2026-03-16 11:45:00+01:00,64675.68750989666,68261.53799
2026-03-16 12:00:00+01:00,64436.93151118235,67550.61498
2026-03-16 12:15:00+01:00,64224.60883992727,66567.47478
2026-03-16 12:30:00+01:00,64061.52269184538,66291.86049
2026-03-16 12:45:00+01:00,64219.67570867849,65663.02535
2026-03-16 13:00:00+01:00,63456.82528100726,65629.60281
2026-03-16 13:15:00+01:00,62371.717369977276,65639.95484
2026-03-16 13:30:00+01:00,61719.568525357725,64866.96672
2026-03-16 13:45:00+01:00,61405.39396541097,63532.62904
2026-03-16 14:00:00+01:00,61581.866119872335,64006.25615
2026-03-16 14:15:00+01:00,61113.17204330254,63486.94664
2026-03-16 14:30:00+01:00,60484.88703568518,63031.60869
2026-03-16 14:45:00+01:00,60354.65181994055,62029.46019
2026-03-16 15:00:00+01:00,60248.9014539344,62647.95693
2026-03-16 15:15:00+01:00,60237.97863581426,62278.17243
2026-03-16 15:30:00+01:00,60237.97863581426,62438.8924
2026-03-16 15:45:00+01:00,60237.97863581426,61554.4809
2026-03-16 16:00:00+01:00,61560.765848764684,61474.47147
2026-03-16 16:15:00+01:00,61238.58229284227,61924.03243
2026-03-16 16:30:00+01:00,61549.02970929308,62243.56877
2026-03-16 16:45:00+01:00,61715.736933319924,62372.14438
2026-03-16 17:00:00+01:00,62680.86936505841,63165.41002
2026-03-16 17:15:00+01:00,63003.45830740998,63867.91075
2026-03-16 17:30:00+01:00,63659.025215905436,63953.90366
2026-03-16 17:45:00+01:00,64194.52462648994,63840.32491
2026-03-16 18:00:00+01:00,64516.847063926136,64360.13759
2026-03-16 18:15:00+01:00,64495.847925534996,65186.17102
2026-03-16 18:30:00+01:00,65481.87476532311,65423.26267
2026-03-16 18:45:00+01:00,65485.02085346217,65154.74913
2026-03-16 19:00:00+01:00,65101.671078401436,65431.19437
2026-03-16 19:15:00+01:00,64985.95496562324,64437.76479
2026-03-16 19:30:00+01:00,63834.30335935312,64319.60858
2026-03-16 19:45:00+01:00,63132.4538705323,63758.54961
2026-03-16 20:00:00+01:00,61547.82070376398,62517.2898
2026-03-16 20:15:00+01:00,60828.37897039322,61493.0801
2026-03-16 20:30:00+01:00,60120.56468903718,60241.53276
2026-03-16 20:45:00+01:00,58941.97310086412,59403.40547
2026-03-16 21:00:00+01:00,57955.07498215483,58573.80545
2026-03-16 21:15:00+01:00,56609.14690398338,58234.11455
2026-03-16 21:30:00+01:00,55170.19437419046,57154.70078
2026-03-16 21:45:00+01:00,54200.988473424084,56137.30264
2026-03-16 22:00:00+01:00,53697.41181374499,55565.22173
2026-03-16 22:15:00+01:00,52833.61347276143,55091.35445
2026-03-16 22:30:00+01:00,52058.35517838321,54777.98344
2026-03-16 22:45:00+01:00,51911.928046957924,53644.69768
2026-03-16 23:00:00+01:00,51080.67836450819,52751.05397
2026-03-16 23:15:00+01:00,50528.833521646295,51566.48245
2026-03-16 23:30:00+01:00,50131.538897477374,50849.5272
2026-03-16 23:45:00+01:00,49287.605764933425,50698.62303
2026-03-17 00:00:00+01:00,47770.20882974959,49612.8251
2026-03-17 00:15:00+01:00,47170.294612536745,48877.49816
2026-03-17 00:30:00+01:00,46706.65463602527,48872.8621
2026-03-17 00:45:00+01:00,46722.87984640512,48463.2538
2026-03-17 01:00:00+01:00,46154.225450934966,48094.9494
2026-03-17 01:15:00+01:00,45971.25067714172,46979.61915
2026-03-17 01:30:00+01:00,45507.217350217776,47468.18538
2026-03-17 01:45:00+01:00,45837.94239839639,46734.94421
2026-03-17 02:00:00+01:00,45411.55708064659,46453.26186
2026-03-17 02:15:00+01:00,45237.73664056163,46009.57011
2026-03-17 02:30:00+01:00,45603.734576651324,46120.05525
2026-03-17 02:45:00+01:00,45600.962133186455,46135.9272
2026-03-17 03:00:00+01:00,46031.96753055318,46558.31612
2026-03-17 03:15:00+01:00,45716.08128365016,46337.97342
2026-03-17 03:30:00+01:00,46031.99330979714,46546.65905
2026-03-17 03:45:00+01:00,46095.08867212653,46784.83782
2026-03-17 04:00:00+01:00,46490.04103411038,47266.72449
2026-03-17 04:15:00+01:00,46500.86240686508,46759.77
2026-03-17 04:30:00+01:00,47120.43224856979,45902.48513
2026-03-17 04:45:00+01:00,47497.294218902774,47834.6017
2026-03-17 05:00:00+01:00,49882.7515543025,47630.61475
2026-03-17 05:15:00+01:00,50628.468858415334,50059.841
2026-03-17 05:30:00+01:00,50878.495809035514,51594.16985
2026-03-17 05:45:00+01:00,52295.578882873146,53516.74204
2026-03-17 06:00:00+01:00,55454.050851532265,56041.26776
2026-03-17 06:15:00+01:00,57374.94221877986,58112.85142
2026-03-17 06:30:00+01:00,59012.96972685927,59444.01499
2026-03-17 06:45:00+01:00,59903.73599851228,60551.98081
2026-03-17 07:00:00+01:00,62333.873078949066,61848.87616
2026-03-17 07:15:00+01:00,63479.604892155636,62796.27958
2026-03-17 07:30:00+01:00,64303.29570728392,63715.94422
2026-03-17 07:45:00+01:00,65586.79119287712,64504.9739
2026-03-17 08:00:00+01:00,65798.44345761591,65032.9455
2026-03-17 08:15:00+01:00,66264.2340502046,65312.23557
2026-03-17 08:30:00+01:00,66084.69221751612,66089.32832
2026-03-17 08:45:00+01:00,66481.16891126752,66429.17012
2026-03-17 09:00:00+01:00,66197.07069766655,65769.6306
2026-03-17 09:15:00+01:00,66524.89435897893,65935.06853
2026-03-17 09:30:00+01:00,66571.92208357606,66187.63957
2026-03-17 09:45:00+01:00,66398.4503462207,66001.31248
2026-03-17 10:00:00+01:00,66430.74512925197,65705.32825
2026-03-17 10:15:00+01:00,66392.15081643936,65889.11262
2026-03-17 10:30:00+01:00,65392.019590809454,66225.07008
2026-03-17 10:45:00+01:00,65422.25085354698,66166.20283
2026-03-17 11:00:00+01:00,64858.686378963925,65363.66843
2026-03-17 11:15:00+01:00,65104.999719921536,65776.47157
2026-03-17 11:30:00+01:00,65048.82175258894,65644.24069
2026-03-17 11:45:00+01:00,64848.541796082274,65614.24472
2026-03-17 12:00:00+01:00,63886.69831249415,65336.99847
2026-03-17 12:15:00+01:00,63605.20903886878,65375.89607
2026-03-17 12:30:00+01:00,63819.426437710645,64994.19364
2026-03-17 12:45:00+01:00,63577.48013923295,64784.57318
2026-03-17 13:00:00+01:00,63250.99720608581,64599.95713
2026-03-17 13:15:00+01:00,63354.27084885807,63955.27192
2026-03-17 13:30:00+01:00,62632.032897663434,62934.26231
2026-03-17 13:45:00+01:00,62373.40617717703,62643.54676
2026-03-17 14:00:00+01:00,62317.676378336066,63024.20304
2026-03-17 14:15:00+01:00,62190.19778854324,62283.59543
2026-03-17 14:30:00+01:00,61999.427195828444,61529.02718
2026-03-17 14:45:00+01:00,61937.49094420842,61164.6301
2026-03-17 15:00:00+01:00,61723.639942202826,61426.41627
2026-03-17 15:15:00+01:00,61789.22469706878,60529.13152
2026-03-17 15:30:00+01:00,61455.93152819635,60730.44845
2026-03-17 15:45:00+01:00,61508.22238738268,60915.3357
2026-03-17 16:00:00+01:00,62037.19847418957,60681.40222
2026-03-17 16:15:00+01:00,61663.61925486328,60363.39104
2026-03-17 16:30:00+01:00,62022.99032278839,60557.10144
2026-03-17 16:45:00+01:00,61968.753475910074,60780.1345
2026-03-17 17:00:00+01:00,62251.82077325322,61970.51552
2026-03-17 17:15:00+01:00,62882.718478777155,62421.65207
2026-03-17 17:30:00+01:00,63715.177336057815,62759.59135
2026-03-17 17:45:00+01:00,63976.80418618729,63230.77642
2026-03-17 18:00:00+01:00,64732.555313104545,63800.77813
2026-03-17 18:15:00+01:00,65450.530589190836,64314.11264
2026-03-17 18:30:00+01:00,65042.7815460395,64635.78757
2026-03-17 18:45:00+01:00,65844.3450411341,64797.99233
2026-03-17 19:00:00+01:00,64664.429475544726,64830.07816
2026-03-17 19:15:00+01:00,64468.25205781834,64870.30495
2026-03-17 19:30:00+01:00,64087.26326003999,65006.94694
2026-03-17 19:45:00+01:00,63999.925661368274,64442.77409
2026-03-17 20:00:00+01:00,61953.7852715659,62676.20795
2026-03-17 20:15:00+01:00,60925.493826859936,62046.90026
2026-03-17 20:30:00+01:00,60234.14609106526,61325.56024
2026-03-17 20:45:00+01:00,60091.124782645406,60491.89438
2026-03-17 21:00:00+01:00,58026.9948099388,59922.5934
2026-03-17 21:15:00+01:00,57486.4041353174,58960.54771
2026-03-17 21:30:00+01:00,55898.06062223319,57870.59028
2026-03-17 21:45:00+01:00,54701.08671676047,57181.07465
2026-03-17 22:00:00+01:00,53827.010652719815,56675.95894
2026-03-17 22:15:00+01:00,53301.12254796913,55667.148
2026-03-17 22:30:00+01:00,52711.92019770035,54677.04381
2026-03-17 22:45:00+01:00,52059.15482699269,53865.64943
2026-03-17 23:00:00+01:00,51239.28134694869,52563.39984
2026-03-17 23:15:00+01:00,51077.05944273538,51776.03114
2026-03-17 23:30:00+01:00,50444.35935747447,51419.07018
2026-03-17 23:45:00+01:00,49713.35078920556,50855.49097
2026-03-18 00:00:00+01:00,47725.15175642515,49956.16236
2026-03-18 00:15:00+01:00,47507.97567364,49361.12704
2026-03-18 00:30:00+01:00,46893.39087485041,49373.64733
2026-03-18 00:45:00+01:00,46646.86687353475,49265.26461
2026-03-18 01:00:00+01:00,46375.87971521258,48239.76251
2026-03-18 01:15:00+01:00,46165.74290184624,47602.19415
2026-03-18 01:30:00+01:00,45605.050365444964,47425.44218
2026-03-18 01:45:00+01:00,45568.335500071524,47314.58805
2026-03-18 02:00:00+01:00,45660.36391186555,46809.39321
2026-03-18 02:15:00+01:00,45235.867746574,47230.24905
2026-03-18 02:30:00+01:00,45283.93444821722,47323.8256
2026-03-18 02:45:00+01:00,46208.815526965336,47151.97206
2026-03-18 03:00:00+01:00,45863.95262373126,47040.30355
2026-03-18 03:15:00+01:00,46371.52458388435,47703.18233
2026-03-18 03:30:00+01:00,46380.72867826149,48181.86666
2026-03-18 03:45:00+01:00,46531.97176567573,48276.21341
2026-03-18 04:00:00+01:00,47126.118422081236,49078.78631
2026-03-18 04:15:00+01:00,47525.19279717284,48773.00472
2026-03-18 04:30:00+01:00,47870.373009330186,48901.76666
2026-03-18 04:45:00+01:00,48467.61257844721,49513.43888
2026-03-18 05:00:00+01:00,49903.466995138486,51198.87831
2026-03-18 05:15:00+01:00,50183.53810031984,52166.71258
2026-03-18 05:30:00+01:00,50944.39293781157,53110.19916
2026-03-18 05:45:00+01:00,52065.78180371978,54958.49124
2026-03-18 06:00:00+01:00,54963.539240556514,57413.34196
2026-03-18 06:15:00+01:00,56482.02653498591,58901.99123
2026-03-18 06:30:00+01:00,58143.36251005844,60351.35628
2026-03-18 06:45:00+01:00,60119.037233498166,62024.66206
2026-03-18 07:00:00+01:00,61888.19112183975,63211.78151
2026-03-18 07:15:00+01:00,62991.442239905264,64032.88434
2026-03-18 07:30:00+01:00,64399.08423135111,64836.45401
2026-03-18 07:45:00+01:00,64753.770820254715,66055.74111
2026-03-18 08:00:00+01:00,64807.71694322532,65839.45057
2026-03-18 08:15:00+01:00,65655.29484348443,66475.1405
2026-03-18 08:30:00+01:00,65753.35669987458,66716.8258
2026-03-18 08:45:00+01:00,66040.54981858698,66493.6831
2026-03-18 09:00:00+01:00,65374.7267926486,65283.33216
2026-03-18 09:15:00+01:00,65649.06943832205,65247.26666
2026-03-18 09:30:00+01:00,65674.1422405198,65648.52309
2026-03-18 09:45:00+01:00,65797.56663170621,65159.93331
2026-03-18 10:00:00+01:00,65436.746041628874,63712.09514
2026-03-18 10:15:00+01:00,65456.347617944906,63353.02489
2026-03-18 10:30:00+01:00,65842.62211963521,63535.92561
2026-03-18 10:45:00+01:00,65642.59065979568,63306.53228
2026-03-18 11:00:00+01:00,65987.15132337321,63650.27482
2026-03-18 11:15:00+01:00,66412.28343247026,63331.08614
2026-03-18 11:30:00+01:00,66395.35626076312,63041.92271
2026-03-18 11:45:00+01:00,66395.35626076312,62798.03192
2026-03-18 12:00:00+01:00,64943.55808837498,62438.21609
2026-03-18 12:15:00+01:00,64880.13848045161,61330.39739
2026-03-18 12:30:00+01:00,64457.38294191374,61282.67913
2026-03-18 12:45:00+01:00,64298.181948060774,61032.39777
2026-03-18 13:00:00+01:00,64085.99354970004,60739.20438
2026-03-18 13:15:00+01:00,63886.619349926696,59943.29081
2026-03-18 13:30:00+01:00,63393.53829481852,59700.04356
2026-03-18 13:45:00+01:00,62247.012796397554,58677.7955
2026-03-18 14:00:00+01:00,61545.584990484815,57665.68856
2026-03-18 14:15:00+01:00,61481.403311635666,57380.8668
2026-03-18 14:30:00+01:00,61137.47937729391,57379.32924
2026-03-18 14:45:00+01:00,60909.08559663723,56738.76002
2026-03-18 15:00:00+01:00,61282.53322183386,57280.38234
2026-03-18 15:15:00+01:00,61215.2929612857,56698.89071
2026-03-18 15:30:00+01:00,61284.97987307989,56926.07523
2026-03-18 15:45:00+01:00,61369.47335107285,56993.75551
2026-03-18 16:00:00+01:00,61479.715212809366,57749.12744
2026-03-18 16:15:00+01:00,61477.84068856114,57287.25207
2026-03-18 16:30:00+01:00,61452.76615221023,57632.48188
2026-03-18 16:45:00+01:00,61858.884808163064,58118.79435
2026-03-18 17:00:00+01:00,63263.769259211585,58873.57389
2026-03-18 17:15:00+01:00,64725.22582378587,59511.31376
2026-03-18 17:30:00+01:00,64723.85829794278,60373.76307
2026-03-18 17:45:00+01:00,64723.85829794278,60903.50521
2026-03-18 18:00:00+01:00,64960.59163242318,61766.94262
2026-03-18 18:15:00+01:00,64960.59163242318,62038.12431
2026-03-18 18:30:00+01:00,64930.99127229431,62931.99696
2026-03-18 18:45:00+01:00,64636.76026782048,63334.66054
2026-03-18 19:00:00+01:00,65564.47475350984,63366.09843
2026-03-18 19:15:00+01:00,64680.57406499253,62817.73137
2026-03-18 19:30:00+01:00,64500.60162420246,62580.97189
2026-03-18 19:45:00+01:00,64103.61587192886,62323.75434
2026-03-18 20:00:00+01:00,62001.35077173453,61488.34334
2026-03-18 20:15:00+01:00,61118.61599459127,60240.00534
2026-03-18 20:30:00+01:00,60788.4910384324,59163.50794
2026-03-18 20:45:00+01:00,59026.59107072845,58383.65789
2026-03-18 21:00:00+01:00,58299.9318520097,57300.48732
2026-03-18 21:15:00+01:00,57112.50298511335,56247.45952
2026-03-18 21:30:00+01:00,56333.9217505865,55160.37015
2026-03-18 21:45:00+01:00,55107.504266049276,54912.80794
2026-03-18 22:00:00+01:00,54708.08312247649,54122.90825
2026-03-18 22:15:00+01:00,53563.23812876428,54026.68603
2026-03-18 22:30:00+01:00,52853.02433743293,52797.51062
2026-03-18 22:45:00+01:00,51728.48159605709,51727.50636
2026-03-18 23:00:00+01:00,50896.70483464339,51060.15374
2026-03-18 23:15:00+01:00,50448.45623030914,50892.81312
2026-03-18 23:30:00+01:00,50207.980551005494,50102.16658
2026-03-18 23:45:00+01:00,50132.47777908228,49201.62132
2026-03-19 00:00:00+01:00,47409.55667677239,48232.17809
2026-03-19 00:15:00+01:00,47045.53987679444,47480.27012
2026-03-19 00:30:00+01:00,47000.70931589027,47038.79094
2026-03-19 00:45:00+01:00,46385.30060131617,46406.72962
2026-03-19 01:00:00+01:00,46092.47949026368,45703.13705
2026-03-19 01:15:00+01:00,45857.32789476963,45405.34274
2026-03-19 01:30:00+01:00,45704.46413055596,45125.48018
2026-03-19 01:45:00+01:00,45648.296277919515,45202.27448
2026-03-19 02:00:00+01:00,45202.75848145626,44881.24093
2026-03-19 02:15:00+01:00,45200.86465909481,44967.91473
2026-03-19 02:30:00+01:00,45239.65695118958,44971.79606
2026-03-19 02:45:00+01:00,45239.65695118958,45200.00698
2026-03-19 03:00:00+01:00,45255.1750495087,45191.09031
2026-03-19 03:15:00+01:00,45920.12036166479,45338.3462
2026-03-19 03:30:00+01:00,45969.31406568036,45724.11096
2026-03-19 03:45:00+01:00,46120.620632107435,45699.47999
2026-03-19 04:00:00+01:00,46334.059144200495,46597.92675
2026-03-19 04:15:00+01:00,46914.04580481019,46952.01269
2026-03-19 04:30:00+01:00,47163.216487513084,47180.02794
2026-03-19 04:45:00+01:00,47812.418279049,47486.02304
2026-03-19 05:00:00+01:00,49167.69514300222,48550.71063
2026-03-19 05:15:00+01:00,50107.56245039186,49236.32355
2026-03-19 05:30:00+01:00,50461.254796872905,50487.5304
2026-03-19 05:45:00+01:00,52354.05564390612,51858.05223
2026-03-19 06:00:00+01:00,54857.31343378529,54186.45077
2026-03-19 06:15:00+01:00,57802.11756267363,56302.47482
2026-03-19 06:30:00+01:00,59581.830277020235,57527.48234
2026-03-19 06:45:00+01:00,60838.587996512695,58867.88706
2026-03-19 07:00:00+01:00,61853.80800515922,60574.71861
2026-03-19 07:15:00+01:00,63132.28843997691,61506.68262
2026-03-19 07:30:00+01:00,64119.105235095914,62499.51004
2026-03-19 07:45:00+01:00,64533.63640046034,63587.95244
2026-03-19 08:00:00+01:00,65297.204573980816,63762.7317
2026-03-19 08:15:00+01:00,65785.04136806325,64116.66761
2026-03-19 08:30:00+01:00,65941.03580353664,64911.50356
2026-03-19 08:45:00+01:00,66089.48120985359,64680.46486
2026-03-19 09:00:00+01:00,65308.70488276423,64228.58701
2026-03-19 09:15:00+01:00,65209.508372852986,63596.86875
2026-03-19 09:30:00+01:00,65455.01381983073,64427.01397
2026-03-19 09:45:00+01:00,65579.09514476154,64211.82276
2026-03-19 10:00:00+01:00,64750.05488989912,63438.75853
2026-03-19 10:15:00+01:00,64772.19561867358,62759.07372
2026-03-19 10:30:00+01:00,64918.178733428475,62482.30444
2026-03-19 10:45:00+01:00,65137.780777030006,62107.73
2026-03-19 11:00:00+01:00,64725.37042428943,61466.01984
2026-03-19 11:15:00+01:00,64266.409616880395,61024.67577
2026-03-19 11:30:00+01:00,64236.338895745816,60425.08033
2026-03-19 11:45:00+01:00,64099.58192117353,60321.74884
2026-03-19 12:00:00+01:00,63582.214395303665,60279.54548
2026-03-19 12:15:00+01:00,63379.10659949704,60566.35287
2026-03-19 12:30:00+01:00,63352.83120995185,60636.45313
2026-03-19 12:45:00+01:00,63296.141071966886,60283.1414
2026-03-19 13:00:00+01:00,63061.76567720721,59947.97237
2026-03-19 13:15:00+01:00,62185.03652802161,59190.96808
2026-03-19 13:30:00+01:00,61756.632508723145,58540.21695
2026-03-19 13:45:00+01:00,60446.32913992984,57531.75805
2026-03-19 14:00:00+01:00,59861.464013997014,57777.30192
2026-03-19 14:15:00+01:00,59587.71626728731,57219.54608
2026-03-19 14:30:00+01:00,59353.686173641705,57240.46631
2026-03-19 14:45:00+01:00,59227.73643446468,56873.83534
2026-03-19 15:00:00+01:00,59417.714568387244,57240.42164
2026-03-19 15:15:00+01:00,59136.28550326422,57010.37258
2026-03-19 15:30:00+01:00,58800.11324379018,56629.13049
2026-03-19 15:45:00+01:00,59025.25815750901,56814.93942
2026-03-19 16:00:00+01:00,59190.19188413457,57020.00529
2026-03-19 16:15:00+01:00,59219.15345772532,56997.81056
2026-03-19 16:30:00+01:00,59508.506070291085,56859.77714
2026-03-19 16:45:00+01:00,59670.85470372783,57448.08828
2026-03-19 17:00:00+01:00,60736.050657489046,58677.37085
2026-03-19 17:15:00+01:00,60877.072461386866,59480.28352
2026-03-19 17:30:00+01:00,61153.10925400476,60113.31914
2026-03-19 17:45:00+01:00,61584.31120151977,60441.20579
2026-03-19 18:00:00+01:00,61235.88377737115,61149.29947
2026-03-19 18:15:00+01:00,62278.30596356919,61580.20082
2026-03-19 18:30:00+01:00,63332.21032408277,62606.02229
2026-03-19 18:45:00+01:00,63563.798843712255,63109.43448
2026-03-19 19:00:00+01:00,64915.5842074115,62867.43917
2026-03-19 19:15:00+01:00,64248.91472777215,62505.89769
2026-03-19 19:30:00+01:00,63821.23480537473,62296.06746
2026-03-19 19:45:00+01:00,63144.57859322901,62046.61447
2026-03-19 20:00:00+01:00,62210.88198285133,61361.18368
2026-03-19 20:15:00+01:00,61329.31666602387,60613.59209
2026-03-19 20:30:00+01:00,60306.449458160016,59935.10983
2026-03-19 20:45:00+01:00,59628.9912660151,58880.82475
2026-03-19 21:00:00+01:00,58699.41468216361,57998.13581
2026-03-19 21:15:00+01:00,57682.12387687255,57066.38635
2026-03-19 21:30:00+01:00,56649.83556521789,56481.83574
2026-03-19 21:45:00+01:00,55389.150639533116,55702.48495
2026-03-19 22:00:00+01:00,54866.780776901345,54890.46751
2026-03-19 22:15:00+01:00,53542.35001624598,54085.19722
2026-03-19 22:30:00+01:00,53130.44671964115,53535.54065
2026-03-19 22:45:00+01:00,51943.90551560061,52901.89941
2026-03-19 23:00:00+01:00,51311.32802307875,51277.30038
2026-03-19 23:15:00+01:00,50905.68322482836,50636.37157
2026-03-19 23:30:00+01:00,50037.119963289966,49974.83478
2026-03-19 23:45:00+01:00,49629.18475125615,49590.99261
2026-03-20 00:00:00+01:00,48698.35691517815,49298.74068
2026-03-20 00:15:00+01:00,48439.17016086926,48419.67123
2026-03-20 00:30:00+01:00,48317.622169107344,47904.98411
2026-03-20 00:45:00+01:00,47842.28233757921,47640.08555
2026-03-20 01:00:00+01:00,47171.36144574007,47097.34382
2026-03-20 01:15:00+01:00,46670.66918433518,47208.26702
2026-03-20 01:30:00+01:00,46552.93831598858,47298.41482
2026-03-20 01:45:00+01:00,46591.158084361625,46938.47022
2026-03-20 02:00:00+01:00,46347.09940564982,46561.47585
2026-03-20 02:15:00+01:00,46548.18536236333,46591.67151
2026-03-20 02:30:00+01:00,46618.49874935273,46295.08066
2026-03-20 02:45:00+01:00,46626.362420952995,46420.10803
2026-03-20 03:00:00+01:00,46528.815495884584,46370.63913
2026-03-20 03:15:00+01:00,47032.359737837214,46276.5246
2026-03-20 03:30:00+01:00,47546.788156927025,46622.08331
2026-03-20 03:45:00+01:00,47530.41756080193,46727.45916
2026-03-20 04:00:00+01:00,48310.307939063954,47314.18575
2026-03-20 04:15:00+01:00,48562.01930470345,47599.38394
2026-03-20 04:30:00+01:00,48916.990477835476,47996.22198
2026-03-20 04:45:00+01:00,49424.8232270222,48557.56073
2026-03-20 05:00:00+01:00,50432.27868441297,49423.26686
2026-03-20 05:15:00+01:00,50803.70124515462,50254.94565
2026-03-20 05:30:00+01:00,51671.12572456796,51291.85515
2026-03-20 05:45:00+01:00,53750.7536699552,52953.16968
2026-03-20 06:00:00+01:00,56434.37813287935,55241.49728
2026-03-20 06:15:00+01:00,57949.81589053061,56792.2792
2026-03-20 06:30:00+01:00,59073.79458399475,57895.40058
2026-03-20 06:45:00+01:00,60195.585654924,59240.40272
2026-03-20 07:00:00+01:00,60954.446145344096,60134.24933
2026-03-20 07:15:00+01:00,62012.48541985373,61283.46677
2026-03-20 07:30:00+01:00,63125.037920908806,62298.63611
2026-03-20 07:45:00+01:00,64395.23969010413,63407.08084
2026-03-20 08:00:00+01:00,65282.315422605745,64179.50762
2026-03-20 08:15:00+01:00,65410.586194628006,65030.96201
2026-03-20 08:30:00+01:00,65571.09163625835,65476.3259
2026-03-20 08:45:00+01:00,65528.05626948116,66043.37973
2026-03-20 09:00:00+01:00,65497.64483558117,65536.94309
2026-03-20 09:15:00+01:00,65536.09154938791,65420.03546
2026-03-20 09:30:00+01:00,65623.28151488768,65444.97783
2026-03-20 09:45:00+01:00,65569.81093484264,64809.54222
2026-03-20 10:00:00+01:00,64133.28078916004,63887.27857
2026-03-20 10:15:00+01:00,64390.637076884625,63624.97057
2026-03-20 10:30:00+01:00,64233.00650510289,63362.51608
2026-03-20 10:45:00+01:00,64381.82103441576,62786.90704
2026-03-20 11:00:00+01:00,63380.30930221058,62123.30886
2026-03-20 11:15:00+01:00,64013.66202213643,61829.74122
2026-03-20 11:30:00+01:00,63366.848037887,61686.59153
2026-03-20 11:45:00+01:00,63969.45537785979,61557.28421
2026-03-20 12:00:00+01:00,62610.88022679384,60811.5696
2026-03-20 12:15:00+01:00,61859.04515237954,60041.09483
2026-03-20 12:30:00+01:00,61370.71700595147,59960.91766
2026-03-20 12:45:00+01:00,61034.49454398958,59649.54614
2026-03-20 13:00:00+01:00,61085.42795975538,58930.70223
2026-03-20 13:15:00+01:00,60111.77144400842,58161.44157
2026-03-20 13:30:00+01:00,59668.01462783254,57387.46705
2026-03-20 13:45:00+01:00,58605.601769853914,56526.4337
2026-03-20 14:00:00+01:00,58428.984713324804,56542.32038
2026-03-20 14:15:00+01:00,58232.71852571052,56048.6022
2026-03-20 14:30:00+01:00,58103.96348344991,55314.12162
2026-03-20 14:45:00+01:00,57883.27999081286,54728.88851
2026-03-20 15:00:00+01:00,58327.327343597506,54712.61957
2026-03-20 15:15:00+01:00,58128.10029835824,54632.51263
2026-03-20 15:30:00+01:00,57461.24627955479,55161.95005
2026-03-20 15:45:00+01:00,57461.24627955479,55324.07945
2026-03-20 16:00:00+01:00,58800.386211182944,56416.69931
2026-03-20 16:15:00+01:00,58669.47839860495,56094.23635
2026-03-20 16:30:00+01:00,58647.05566565106,56279.71787
2026-03-20 16:45:00+01:00,58721.60016384789,56141.19998
2026-03-20 17:00:00+01:00,58838.627481178424,57248.87361
2026-03-20 17:15:00+01:00,58953.30773094866,58006.54974
2026-03-20 17:30:00+01:00,59358.530804643815,58729.53955
2026-03-20 17:45:00+01:00,60106.89108420937,58536.13645
2026-03-20 18:00:00+01:00,60819.60398865243,59257.5507
2026-03-20 18:15:00+01:00,60853.671417365294,59520.68203
2026-03-20 18:30:00+01:00,60653.413796999426,60198.24595
2026-03-20 18:45:00+01:00,60665.80724998222,60625.39573
2026-03-20 19:00:00+01:00,60805.65171757577,60936.50417
2026-03-20 19:15:00+01:00,59762.04117742156,60192.22777
2026-03-20 19:30:00+01:00,59565.958978778865,59951.36374
2026-03-20 19:45:00+01:00,58773.96581321115,59835.6889
2026-03-20 20:00:00+01:00,57629.20372255991,58314.32061
2026-03-20 20:15:00+01:00,56364.95079117548,57441.50659
2026-03-20 20:30:00+01:00,55613.05051023648,56758.58349
2026-03-20 20:45:00+01:00,55357.6778957321,56078.25948
2026-03-20 21:00:00+01:00,54423.46214508825,54806.08169
2026-03-20 21:15:00+01:00,53688.59853019866,54040.51344
2026-03-20 21:30:00+01:00,52279.52873432005,53465.32385
2026-03-20 21:45:00+01:00,51624.36267868318,52565.25415
2026-03-20 22:00:00+01:00,51028.163207544436,51718.18171
2026-03-20 22:15:00+01:00,50687.27357686022,51234.49171
2026-03-20 22:30:00+01:00,50531.39679661507,50241.18719
2026-03-20 22:45:00+01:00,49970.86465552288,49451.02563
2026-03-20 23:00:00+01:00,49768.70003157194,48740.56631
2026-03-20 23:15:00+01:00,48946.35800373367,47906.66009
2026-03-20 23:30:00+01:00,47754.300383253794,47091.81208
2026-03-20 23:45:00+01:00,47772.091772738415,46939.94083
2026-03-21 00:00:00+01:00,45380.894893338766,45490.12134
2026-03-21 00:15:00+01:00,45392.697586838614,45129.16533
2026-03-21 00:30:00+01:00,45588.1822282621,44828.95604
2026-03-21 00:45:00+01:00,45110.44249261861,44655.42805
2026-03-21 01:00:00+01:00,44533.80925452094,44062.06397
2026-03-21 01:15:00+01:00,44215.22584146184,43418.13091
2026-03-21 01:30:00+01:00,43996.47217871264,43143.32646
2026-03-21 01:45:00+01:00,43638.094912742126,42964.32146
2026-03-21 02:00:00+01:00,43605.47927706384,42774.22553
2026-03-21 02:15:00+01:00,43603.97110832224,42684.87119
2026-03-21 02:30:00+01:00,43488.3110105265,42545.71496
2026-03-21 02:45:00+01:00,43442.60793148466,42681.32144
2026-03-21 03:00:00+01:00,43538.47109211837,42614.28775
2026-03-21 03:15:00+01:00,43479.34488012685,42453.63661
2026-03-21 03:30:00+01:00,43403.17465729668,42422.94262
2026-03-21 03:45:00+01:00,43474.663811830374,42339.8713
2026-03-21 04:00:00+01:00,43794.68468867263,42203.28254
2026-03-21 04:15:00+01:00,43771.98081986929,42439.96609
2026-03-21 04:30:00+01:00,43812.981062051724,42597.90658
2026-03-21 04:45:00+01:00,43828.27161928215,42881.72045
2026-03-21 05:00:00+01:00,44393.68048087289,43110.59687
2026-03-21 05:15:00+01:00,44423.95272860539,42883.38294
2026-03-21 05:30:00+01:00,44458.86580471032,43097.2681
2026-03-21 05:45:00+01:00,44706.36834111147,43501.78746
2026-03-21 06:00:00+01:00,45378.72407191493,43996.72141
2026-03-21 06:15:00+01:00,45529.468723867176,44360.90382
2026-03-21 06:30:00+01:00,46269.275796909584,45060.35409
2026-03-21 06:45:00+01:00,46434.717313604684,45746.61721
2026-03-21 07:00:00+01:00,46614.95113819421,46723.23003
2026-03-21 07:15:00+01:00,47003.20714478633,47639.45163
2026-03-21 07:30:00+01:00,47767.34086421125,48704.6055
2026-03-21 07:45:00+01:00,48368.32501786638,49553.29295
2026-03-21 08:00:00+01:00,48909.36999051185,50181.0692
2026-03-21 08:15:00+01:00,49128.094748029944,51002.03741
2026-03-21 08:30:00+01:00,49582.77920785713,51814.16784
2026-03-21 08:45:00+01:00,49818.841384835265,52750.71847
2026-03-21 09:00:00+01:00,50896.58513227467,53512.39551
2026-03-21 09:15:00+01:00,52374.25013159721,53985.90493
2026-03-21 09:30:00+01:00,52900.8380256046,54451.75718
2026-03-21 09:45:00+01:00,53281.576008938755,54835.59486
2026-03-21 10:00:00+01:00,53536.88917561689,55438.04296
2026-03-21 10:15:00+01:00,54171.42426433096,55116.10753
2026-03-21 10:30:00+01:00,54630.08877348369,55168.48603
2026-03-21 10:45:00+01:00,54696.25962646531,54718.52408
2026-03-21 11:00:00+01:00,54077.57321177953,54356.33327
2026-03-21 11:15:00+01:00,54083.24002446768,54685.77413
2026-03-21 11:30:00+01:00,54502.07528789242,54703.3591
2026-03-21 11:45:00+01:00,54502.07528789242,54282.36093
2026-03-21 12:00:00+01:00,54083.01647441634,53865.03678
2026-03-21 12:15:00+01:00,54076.442578092065,52792.38353
2026-03-21 12:30:00+01:00,53642.37576923992,52036.35587
2026-03-21 12:45:00+01:00,53512.493592760606,51285.79195
2026-03-21 13:00:00+01:00,53366.199923393564,51676.25136
2026-03-21 13:15:00+01:00,52330.944283187244,51395.12001
2026-03-21 13:30:00+01:00,51901.49525522243,50656.46371
2026-03-21 13:45:00+01:00,50863.91475850391,50176.1265
2026-03-21 14:00:00+01:00,50447.33169394041,49499.44995
2026-03-21 14:15:00+01:00,48942.38995540599,49686.18747
2026-03-21 14:30:00+01:00,48836.47310001903,49464.89999
2026-03-21 14:45:00+01:00,48797.17135177362,49576.92814
2026-03-21 15:00:00+01:00,49054.807179175245,49848.5016
2026-03-21 15:15:00+01:00,49085.77322902586,50934.62749
2026-03-21 15:30:00+01:00,49084.73173694504,48689.44479
2026-03-21 15:45:00+01:00,48924.07010206622,49064.64172
2026-03-21 16:00:00+01:00,49123.493154078016,49612.48209
2026-03-21 16:15:00+01:00,48808.822754412206,49157.05283
2026-03-21 16:30:00+01:00,48791.967641716314,49665.18421
2026-03-21 16:45:00+01:00,49591.69902539709,50295.33183
2026-03-21 17:00:00+01:00,50410.807869172815,50889.04947
2026-03-21 17:15:00+01:00,51013.20633801819,51213.61826
2026-03-21 17:30:00+01:00,52003.13214892867,51561.86144
2026-03-21 17:45:00+01:00,52423.179515083546,51887.44982
2026-03-21 18:00:00+01:00,53321.036891275435,52488.79544
2026-03-21 18:15:00+01:00,53782.15093226462,52654.74497
2026-03-21 18:30:00+01:00,53739.87215470017,53533.61602
2026-03-21 18:45:00+01:00,53384.39599398791,54406.32907
2026-03-21 19:00:00+01:00,53922.72619400595,54289.45421
2026-03-21 19:15:00+01:00,53569.60411771657,53372.77733
2026-03-21 19:30:00+01:00,52657.32170952413,53151.81431
2026-03-21 19:45:00+01:00,51996.88167791735,52909.38053
2026-03-21 20:00:00+01:00,50962.91785103719,52211.72938
2026-03-21 20:15:00+01:00,50089.172549348754,51280.29485
2026-03-21 20:30:00+01:00,49229.667853660045,50637.8296
2026-03-21 20:45:00+01:00,48729.64139614993,50076.52067
2026-03-21 21:00:00+01:00,47974.68221031087,49886.45777
2026-03-21 21:15:00+01:00,47911.456974897315,48964.5599
2026-03-21 21:30:00+01:00,47548.24787859828,48116.85196
2026-03-21 21:45:00+01:00,47503.365284449144,47865.42798
2026-03-21 22:00:00+01:00,47724.886683468576,47562.9729
2026-03-21 22:15:00+01:00,47223.79557625618,47264.97825
2026-03-21 22:30:00+01:00,46515.08958837581,46653.20195
2026-03-21 22:45:00+01:00,46087.277386559086,45986.07722
2026-03-21 23:00:00+01:00,45850.32163594821,45203.4845
2026-03-21 23:15:00+01:00,45498.293518864695,44871.16348
2026-03-21 23:30:00+01:00,44707.429705030896,44558.25214
2026-03-21 23:45:00+01:00,44131.77866009775,44188.93977
2026-03-22 00:00:00+01:00,42814.62030107154,43002.74752
2026-03-22 00:15:00+01:00,42337.72165593514,42353.54921
2026-03-22 00:30:00+01:00,41939.133791871805,42351.08858
2026-03-22 00:45:00+01:00,41730.765869469134,41827.38583
2026-03-22 01:00:00+01:00,41385.111824940184,41077.1678
2026-03-22 01:15:00+01:00,40807.70091953765,40652.88887
2026-03-22 01:30:00+01:00,40102.05790964838,40341.29958
2026-03-22 01:45:00+01:00,39978.32023206554,40300.31435
2026-03-22 02:00:00+01:00,39902.021065562156,39980.14132
2026-03-22 02:15:00+01:00,39909.06523114914,40171.93959
2026-03-22 02:30:00+01:00,39474.129054268844,39935.03785
2026-03-22 02:45:00+01:00,39068.189486886695,39955.39251
2026-03-22 03:00:00+01:00,39518.24586276683,39722.34258
2026-03-22 03:15:00+01:00,39014.88894533432,39484.03213
2026-03-22 03:30:00+01:00,38923.10715579978,39479.94489
2026-03-22 03:45:00+01:00,39194.322386454856,39573.67789
2026-03-22 04:00:00+01:00,39579.21798793139,39812.06004
2026-03-22 04:15:00+01:00,39444.71186359397,39740.7984
2026-03-22 04:30:00+01:00,39762.65171756896,39824.28466
2026-03-22 04:45:00+01:00,40336.26390268328,39915.39441
2026-03-22 05:00:00+01:00,40571.332381358836,40265.00098
2026-03-22 05:15:00+01:00,40522.14908629368,40380.39796
2026-03-22 05:30:00+01:00,40639.90670278398,40682.66128
2026-03-22 05:45:00+01:00,40693.61957613174,40352.79543
2026-03-22 06:00:00+01:00,40993.77097651448,40308.12623
2026-03-22 06:15:00+01:00,41042.332980564344,40692.71045
2026-03-22 06:30:00+01:00,41376.18175317915,41084.12379
2026-03-22 06:45:00+01:00,41449.95494807448,41405.84632
2026-03-22 07:00:00+01:00,42284.04993747729,42338.35938
2026-03-22 07:15:00+01:00,42595.26146365771,43807.78398
2026-03-22 07:30:00+01:00,43213.424560119565,44773.81531
2026-03-22 07:45:00+01:00,43943.12742567769,45665.11672
2026-03-22 08:00:00+01:00,44544.18988012445,45810.25497
2026-03-22 08:15:00+01:00,45239.60663075498,47178.25766
2026-03-22 08:30:00+01:00,45384.0900885642,47747.26472
2026-03-22 08:45:00+01:00,45900.13263335464,48682.90763
2026-03-22 09:00:00+01:00,45984.636209269156,49046.56211
2026-03-22 09:15:00+01:00,46561.07904003571,49745.21122
2026-03-22 09:30:00+01:00,47258.98511925198,50338.4005
2026-03-22 09:45:00+01:00,47788.341880872395,50762.13979
2026-03-22 10:00:00+01:00,47420.40768997862,50159.05743
2026-03-22 10:15:00+01:00,47860.63404253716,50176.43384
2026-03-22 10:30:00+01:00,48347.807133196155,50073.3386
2026-03-22 10:45:00+01:00,48854.63206801839,50398.49006
2026-03-22 11:00:00+01:00,48399.534671083646,50546.24481
2026-03-22 11:15:00+01:00,49014.39664172805,51026.75206
2026-03-22 11:30:00+01:00,49101.948000422024,50997.4779
2026-03-22 11:45:00+01:00,49141.35835164884,50723.80775
2026-03-22 12:00:00+01:00,48515.42513584263,50318.5892
2026-03-22 12:15:00+01:00,47704.35271086373,49617.84634
2026-03-22 12:30:00+01:00,47348.20259932295,49287.68075
2026-03-22 12:45:00+01:00,47227.07784496343,48371.44181
2026-03-22 13:00:00+01:00,46666.0429419757,47550.58862
2026-03-22 13:15:00+01:00,46424.61173491417,46761.70893
2026-03-22 13:30:00+01:00,45841.95976823992,46002.17272
2026-03-22 13:45:00+01:00,45572.63795136476,45387.29062
2026-03-22 14:00:00+01:00,45583.6070790297,45276.86757
2026-03-22 14:15:00+01:00,45268.46072243309,44569.41694
2026-03-22 14:30:00+01:00,45085.20955727507,44280.94801
2026-03-22 14:45:00+01:00,44815.98663542463,43903.23067
2026-03-22 15:00:00+01:00,44993.16368748088,44211.09413
2026-03-22 15:15:00+01:00,44311.57491863601,43461.52117
2026-03-22 15:30:00+01:00,44479.56042831221,43376.75559
2026-03-22 15:45:00+01:00,45289.35170791596,43173.19567
2026-03-22 16:00:00+01:00,45567.06631803717,43892.3367
2026-03-22 16:15:00+01:00,45555.11599073102,43996.00564
2026-03-22 16:30:00+01:00,45578.1206913129,44325.47047
2026-03-22 16:45:00+01:00,45916.126485513596,44888.64265
2026-03-22 17:00:00+01:00,46867.16827772884,46265.48907
2026-03-22 17:15:00+01:00,47608.063477147894,46643.70184
2026-03-22 17:30:00+01:00,47957.33768555878,48029.37198
2026-03-22 17:45:00+01:00,48955.77841145487,49050.24578
2026-03-22 18:00:00+01:00,50418.770046165206,50167.48434
2026-03-22 18:15:00+01:00,50429.85501242951,50362.38627
2026-03-22 18:30:00+01:00,51515.96673811484,51205.62847
2026-03-22 18:45:00+01:00,51867.38482695965,51863.33532
2026-03-22 19:00:00+01:00,52185.05474607121,52455.22839
2026-03-22 19:15:00+01:00,51667.56308773602,52054.26559
2026-03-22 19:30:00+01:00,51198.23713194496,52102.96938
2026-03-22 19:45:00+01:00,50417.674968963205,51946.2308
2026-03-22 20:00:00+01:00,50385.04732512576,51160.54829
2026-03-22 20:15:00+01:00,49399.42468977691,50348.04917
2026-03-22 20:30:00+01:00,48582.39772674629,50130.10727
2026-03-22 20:45:00+01:00,47983.965812710354,50107.42687
2026-03-22 21:00:00+01:00,47838.502039380066,49237.26601
2026-03-22 21:15:00+01:00,47715.39570235549,48864.55522
2026-03-22 21:30:00+01:00,47098.61528796398,48396.38777
2026-03-22 21:45:00+01:00,47068.34029497691,48556.40092
2026-03-22 22:00:00+01:00,47142.15325182283,48538.77563
2026-03-22 22:15:00+01:00,46843.50143370807,48087.25368
2026-03-22 22:30:00+01:00,46527.62483753193,47667.27828
2026-03-22 22:45:00+01:00,46186.50806866398,47176.52373
2026-03-22 23:00:00+01:00,45640.623002864486,46671.88158
2026-03-22 23:15:00+01:00,45239.5462203938,45974.90178
2026-03-22 23:30:00+01:00,44714.006878465254,45441.22906
2026-03-22 23:45:00+01:00,44688.65083518674,45003.42926
2026-03-23 00:00:00+01:00,44699.165343578745,44795.51273
2026-03-23 00:15:00+01:00,44662.33942877226,44054.64493
2026-03-23 00:30:00+01:00,44600.0288986008,43884.48581
2026-03-23 00:45:00+01:00,44342.15325997991,43644.77292
2026-03-23 01:00:00+01:00,43017.89127694576,43234.44621
2026-03-23 01:15:00+01:00,43674.399254285236,43148.25613
2026-03-23 01:30:00+01:00,43557.294250763465,42902.33416
2026-03-23 01:45:00+01:00,43531.027607737095,42868.77697
2026-03-23 02:00:00+01:00,42936.18208459542,42464.17132
2026-03-23 02:15:00+01:00,42931.29804867761,42730.66306
2026-03-23 02:30:00+01:00,42931.29804867761,42784.48376
2026-03-23 02:45:00+01:00,42931.29804867761,42952.79155
2026-03-23 03:00:00+01:00,43832.80800367126,43152.86488
2026-03-23 03:15:00+01:00,43832.80800367126,43428.81891
2026-03-23 03:30:00+01:00,44096.613487812545,43708.73064
2026-03-23 03:45:00+01:00,44340.99632108996,44058.51355
2026-03-23 04:00:00+01:00,45301.279800725984,44584.46647
2026-03-23 04:15:00+01:00,46112.94096768164,45035.24426
2026-03-23 04:30:00+01:00,46605.65420840837,45502.89087
2026-03-23 04:45:00+01:00,47301.81233703647,45867.84212
2026-03-23 05:00:00+01:00,48760.98829024198,47309.67332
2026-03-23 05:15:00+01:00,49606.68410355163,48268.80057
2026-03-23 05:30:00+01:00,49963.283349884456,49619.60695
2026-03-23 05:45:00+01:00,52178.40365478378,51189.32834
2026-03-23 06:00:00+01:00,54544.62919873674,53902.44299
2026-03-23 06:15:00+01:00,55749.34024002434,55516.85073
2026-03-23 06:30:00+01:00,57628.841506900455,56904.47134
2026-03-23 06:45:00+01:00,58857.13927396062,57944.19401
2026-03-23 07:00:00+01:00,60641.261825365065,59241.73387
2026-03-23 07:15:00+01:00,62119.82309748571,60579.286
2026-03-23 07:30:00+01:00,63567.41283749563,61308.42098
2026-03-23 07:45:00+01:00,64280.854701400945,62525.32693
2026-03-23 08:00:00+01:00,64639.99923503781,63019.13432
2026-03-23 08:15:00+01:00,65154.483022384185,64020.29809
2026-03-23 08:30:00+01:00,65239.38021290279,64445.9821
2026-03-23 08:45:00+01:00,65419.53082236575,63923.63263
2026-03-23 09:00:00+01:00,63794.14216486533,63335.45954
2026-03-23 09:15:00+01:00,63901.58242304326,63548.45403
2026-03-23 09:30:00+01:00,64063.192049417295,63680.3083
2026-03-23 09:45:00+01:00,64611.76823501931,63430.98103
2026-03-23 10:00:00+01:00,63410.97231053785,62728.49261
2026-03-23 10:15:00+01:00,63534.05915920706,62903.06719
2026-03-23 10:30:00+01:00,63495.71058872524,63124.17217
2026-03-23 10:45:00+01:00,63657.497440394865,63054.0336
2026-03-23 11:00:00+01:00,63067.07136372428,62656.67626
2026-03-23 11:15:00+01:00,63211.472836604786,62911.70478
2026-03-23 11:30:00+01:00,63211.472836604786,62853.81583
2026-03-23 11:45:00+01:00,63061.18378507188,62478.25452
2026-03-23 12:00:00+01:00,62672.297379444986,61894.28261
2026-03-23 12:15:00+01:00,61642.21816983483,60781.69275
2026-03-23 12:30:00+01:00,61229.95337709339,60615.17698
2026-03-23 12:45:00+01:00,61153.90482885353,60567.07589
2026-03-23 13:00:00+01:00,61035.64652309984,59788.87817
2026-03-23 13:15:00+01:00,60399.39313069362,58975.66899
2026-03-23 13:30:00+01:00,59881.100991565276,58055.07329
2026-03-23 13:45:00+01:00,59092.83623346088,57510.34753
2026-03-23 14:00:00+01:00,58405.69981313917,57366.97801
2026-03-23 14:15:00+01:00,58125.240428812416,57117.79248
2026-03-23 14:30:00+01:00,57741.44153727058,57174.52039
2026-03-23 14:45:00+01:00,57046.611405705495,56853.69933
2026-03-23 15:00:00+01:00,57556.38674505973,57191.65978
2026-03-23 15:15:00+01:00,57044.392800634276,57211.41109
2026-03-23 15:30:00+01:00,57304.46068678487,57477.87304
2026-03-23 15:45:00+01:00,56997.54386332073,57426.94991
2026-03-23 16:00:00+01:00,57271.244708997845,58014.01705
2026-03-23 16:15:00+01:00,57272.155750144644,57294.99511
2026-03-23 16:30:00+01:00,57302.915513099906,57353.24123
2026-03-23 16:45:00+01:00,57468.791272133516,57703.94533
2026-03-23 17:00:00+01:00,59474.88278722568,58670.24114
2026-03-23 17:15:00+01:00,60888.76157054163,58992.87074
2026-03-23 17:30:00+01:00,60963.631277621054,59572.88714
2026-03-23 17:45:00+01:00,60963.631277621054,60144.29363
2026-03-23 18:00:00+01:00,62777.08772681837,60437.39961
2026-03-23 18:15:00+01:00,63042.765591173484,60862.52805
2026-03-23 18:30:00+01:00,63151.388196352375,61451.77177
2026-03-23 18:45:00+01:00,63126.20991016028,62137.09509
2026-03-23 19:00:00+01:00,63795.094609585474,62525.8003
2026-03-23 19:15:00+01:00,62983.6423436097,62408.38569
2026-03-23 19:30:00+01:00,62782.98079320523,61457.19814
2026-03-23 19:45:00+01:00,62306.300476742654,61004.64502
2026-03-23 20:00:00+01:00,60874.99503669441,60033.79911
2026-03-23 20:15:00+01:00,60034.45858105612,59218.61911
2026-03-23 20:30:00+01:00,58581.55535137948,58368.61798
2026-03-23 20:45:00+01:00,57739.56410328639,57979.46392
2026-03-23 21:00:00+01:00,56760.66872150922,57085.02815
2026-03-23 21:15:00+01:00,56487.96117868922,56497.94696
2026-03-23 21:30:00+01:00,55830.63805582686,55604.81415
2026-03-23 21:45:00+01:00,54475.45176857588,54714.91999
2026-03-23 22:00:00+01:00,54136.619148339305,53585.43745
2026-03-23 22:15:00+01:00,53712.47467782184,52961.31656
2026-03-23 22:30:00+01:00,53250.281379110296,51987.16102
2026-03-23 22:45:00+01:00,52504.63705831447,51210.03793
2026-03-23 23:00:00+01:00,51564.802902622934,50118.65166
2026-03-23 23:15:00+01:00,50868.76458687278,49190.08233
2026-03-23 23:30:00+01:00,49852.603000533134,48598.10201
2026-03-23 23:45:00+01:00,49793.93797833463,48392.46829
2026-03-24 00:00:00+01:00,47569.14084704844,46321.26283
2026-03-24 00:15:00+01:00,47119.54059816473,45606.54914
2026-03-24 00:30:00+01:00,47115.04061272045,45390.00797
2026-03-24 00:45:00+01:00,46835.29960189059,45143.83706
2026-03-24 01:00:00+01:00,46189.76512179487,44571.09374
2026-03-24 01:15:00+01:00,45439.08669576708,44633.67848
2026-03-24 01:30:00+01:00,45775.86598680864,44558.9944
2026-03-24 01:45:00+01:00,45352.75451310015,44181.68223
2026-03-24 02:00:00+01:00,45214.69056044197,44205.99363
2026-03-24 02:15:00+01:00,45000.154378738625,44275.47978
2026-03-24 02:30:00+01:00,45217.818107897176,44269.15136
2026-03-24 02:45:00+01:00,45217.818107897176,44252.82855
2026-03-24 03:00:00+01:00,45373.52858130812,44369.38191
2026-03-24 03:15:00+01:00,45374.21796917718,44803.9134
2026-03-24 03:30:00+01:00,45384.85909967626,45521.47155
2026-03-24 03:45:00+01:00,45481.311816574125,45536.71953
2026-03-24 04:00:00+01:00,46037.97109580638,45919.10778
2026-03-24 04:15:00+01:00,45903.76401190297,46224.25716
2026-03-24 04:30:00+01:00,45774.496345583306,46651.83104
2026-03-24 04:45:00+01:00,46869.66350371534,47112.45841
2026-03-24 05:00:00+01:00,47349.61702473377,48321.26532
2026-03-24 05:15:00+01:00,48738.700051398235,49541.86977
2026-03-24 05:30:00+01:00,49317.12324014766,50792.02036
2026-03-24 05:45:00+01:00,50435.76952432055,52406.04462
2026-03-24 06:00:00+01:00,53266.44092292835,55284.62822
2026-03-24 06:15:00+01:00,55376.560861305,56939.91068
2026-03-24 06:30:00+01:00,56990.81174419734,58441.74981
2026-03-24 06:45:00+01:00,57704.351931839396,59555.94596
2026-03-24 07:00:00+01:00,58932.95341330483,60888.16463
2026-03-24 07:15:00+01:00,60121.06730831881,61655.55919
2026-03-24 07:30:00+01:00,61373.840804891726,62628.46721
2026-03-24 07:45:00+01:00,61913.037939441994,63195.15447
2026-03-24 08:00:00+01:00,62595.28890855614,63471.31268
2026-03-24 08:15:00+01:00,63200.89673715802,64660.09167
2026-03-24 08:30:00+01:00,63973.49880506155,65424.90565
2026-03-24 08:45:00+01:00,64178.059505446894,65733.24165
2026-03-24 09:00:00+01:00,63301.31459309638,64420.78025
2026-03-24 09:15:00+01:00,63399.475663965975,65069.87489
2026-03-24 09:30:00+01:00,63430.17743394746,65743.09041
2026-03-24 09:45:00+01:00,63503.17058056997,65933.30115
2026-03-24 10:00:00+01:00,62720.900502383665,65825.94382
2026-03-24 10:15:00+01:00,62720.900502383665,65647.2091
2026-03-24 10:30:00+01:00,62855.37183183229,65632.5106
2026-03-24 10:45:00+01:00,62644.258483318335,65631.44183
2026-03-24 11:00:00+01:00,60895.754535383676,64790.87336
2026-03-24 11:15:00+01:00,61568.774334392816,64427.27338
2026-03-24 11:30:00+01:00,60878.19904788569,63815.40531
2026-03-24 11:45:00+01:00,60878.19904788569,63992.00091
2026-03-24 12:00:00+01:00,60566.64918187812,63632.40764
2026-03-24 12:15:00+01:00,60401.83117965518,62798.6093
2026-03-24 12:30:00+01:00,59885.84281861173,62566.78911
2026-03-24 12:45:00+01:00,59570.194861295226,61985.46671
2026-03-24 13:00:00+01:00,58828.685955654386,61707.20622
2026-03-24 13:15:00+01:00,58507.57473064151,61141.25406
2026-03-24 13:30:00+01:00,57387.178459029135,60726.37062
2026-03-24 13:45:00+01:00,57113.3177660747,61067.2946
2026-03-24 14:00:00+01:00,57245.06698590861,60497.00285
2026-03-24 14:15:00+01:00,56758.5627367436,60623.59358
2026-03-24 14:30:00+01:00,56421.11019251482,60022.94496
2026-03-24 14:45:00+01:00,56416.98055383241,60330.26749
2026-03-24 15:00:00+01:00,56511.434217900685,60808.55036
2026-03-24 15:15:00+01:00,56474.495554283494,59779.28898
2026-03-24 15:30:00+01:00,56474.495554283494,59454.97333
2026-03-24 15:45:00+01:00,56537.21116520355,60953.95895
2026-03-24 16:00:00+01:00,57095.967748136594,60614.58979
2026-03-24 16:15:00+01:00,56976.593427848136,59694.48466
2026-03-24 16:30:00+01:00,57054.017156971415,59450.39923
2026-03-24 16:45:00+01:00,57073.92832951508,59542.94098
2026-03-24 17:00:00+01:00,58433.52873562373,60829.48733
2026-03-24 17:15:00+01:00,59520.830613713966,61118.48939
2026-03-24 17:30:00+01:00,59736.698501160725,61277.93535
2026-03-24 17:45:00+01:00,60029.82234774863,61634.80267
2026-03-24 18:00:00+01:00,61213.63946395174,63059.77513
2026-03-24 18:15:00+01:00,61624.24554979065,63022.03402
2026-03-24 18:30:00+01:00,62108.886959254436,64033.88601
2026-03-24 18:45:00+01:00,62296.70336155724,65050.06554
2026-03-24 19:00:00+01:00,63003.57730637358,65239.19621
2026-03-24 19:15:00+01:00,62442.680319115825,64898.69583
2026-03-24 19:30:00+01:00,62409.44206437063,64894.76987
2026-03-24 19:45:00+01:00,61455.05551423736,64737.54956
2026-03-24 20:00:00+01:00,59957.4987044085,62910.78498
2026-03-24 20:15:00+01:00,59112.809264482814,62692.86174
2026-03-24 20:30:00+01:00,58109.56954253452,62169.68109
2026-03-24 20:45:00+01:00,57937.97500332793,61799.72927
2026-03-24 21:00:00+01:00,57459.2873295525,60611.56188
2026-03-24 21:15:00+01:00,56883.090508582805,60224.26115
2026-03-24 21:30:00+01:00,55382.673697263606,59035.27096
2026-03-24 21:45:00+01:00,54808.01734370662,58523.78123
2026-03-24 22:00:00+01:00,54417.87494953897,56733.64021
2026-03-24 22:15:00+01:00,53418.3803357242,56904.93012
2026-03-24 22:30:00+01:00,52642.63231130595,55675.75765
2026-03-24 22:45:00+01:00,51828.111763194014,54888.03674
2026-03-24 23:00:00+01:00,50750.845450796565,53952.25586
2026-03-24 23:15:00+01:00,50104.905315496915,53283.25312
2026-03-24 23:30:00+01:00,49771.9083415922,52362.35264
2026-03-24 23:45:00+01:00,49565.375335409466,51889.04493
2026-03-25 00:00:00+01:00,49827.595984550375,51171.43114
2026-03-25 00:15:00+01:00,49421.698852810565,50619.12231
2026-03-25 00:30:00+01:00,49089.776039690354,50292.40429
2026-03-25 00:45:00+01:00,48944.35758586144,49817.98879
2026-03-25 01:00:00+01:00,48187.85390022117,49350.52875
2026-03-25 01:15:00+01:00,47892.9582914877,49152.65894
2026-03-25 01:30:00+01:00,47834.141579678384,48744.34915
2026-03-25 01:45:00+01:00,47799.38179087633,48404.97714
2026-03-25 02:00:00+01:00,47337.48560098669,48159.52227
2026-03-25 02:15:00+01:00,47456.29054493295,48083.17507
2026-03-25 02:30:00+01:00,47751.942254006084,48364.85006
2026-03-25 02:45:00+01:00,47450.47243359323,48684.4274
2026-03-25 03:00:00+01:00,47308.3904476133,48476.05775
2026-03-25 03:15:00+01:00,47769.4657387702,48778.50258
2026-03-25 03:30:00+01:00,47998.60785370949,48967.47991
2026-03-25 03:45:00+01:00,48132.776498353975,49510.79972
2026-03-25 04:00:00+01:00,48656.016036660636,49835.2858
2026-03-25 04:15:00+01:00,48648.63242227995,49659.47334
2026-03-25 04:30:00+01:00,48857.65961871542,50511.58354
2026-03-25 04:45:00+01:00,49625.67266993166,51071.48375
2026-03-25 05:00:00+01:00,50709.73207022444,52605.07206
2026-03-25 05:15:00+01:00,52311.28930090043,53697.41249
2026-03-25 05:30:00+01:00,53461.44868800275,55136.68473
2026-03-25 05:45:00+01:00,54729.49498983328,56125.39511
2026-03-25 06:00:00+01:00,57085.45304672951,59269.74599
2026-03-25 06:15:00+01:00,58484.849962001295,61031.75774
2026-03-25 06:30:00+01:00,59948.58298406071,62085.87978
2026-03-25 06:45:00+01:00,60920.246310017494,63567.89771
2026-03-25 07:00:00+01:00,63212.08332782115,65404.20258
2026-03-25 07:15:00+01:00,64146.4123597218,65940.09538
2026-03-25 07:30:00+01:00,65697.3138471563,66925.68899
2026-03-25 07:45:00+01:00,67320.11390029294,67958.43449
2026-03-25 08:00:00+01:00,67645.3606463312,68573.25368
2026-03-25 08:15:00+01:00,67721.9085080983,69146.84837
2026-03-25 08:30:00+01:00,67721.9085080983,69307.21837
2026-03-25 08:45:00+01:00,67755.14221290889,69391.49913
2026-03-25 09:00:00+01:00,66885.92638840358,68736.47831
2026-03-25 09:15:00+01:00,66953.5213742704,68972.0815
2026-03-25 09:30:00+01:00,67040.78462695878,69887.96313
2026-03-25 09:45:00+01:00,66868.17389795587,69867.35565
2026-03-25 10:00:00+01:00,66401.19423423031,69582.67622
2026-03-25 10:15:00+01:00,66322.40718078201,70403.30326
2026-03-25 10:30:00+01:00,66463.54834639524,70811.39847
2026-03-25 10:45:00+01:00,66147.11446988929,70465.66864
2026-03-25 11:00:00+01:00,66596.73206846979,70362.01793
2026-03-25 11:15:00+01:00,66155.20330354723,69707.42814
2026-03-25 11:30:00+01:00,66159.17038396154,69685.51745
2026-03-25 11:45:00+01:00,66159.17038396154,69393.47315
2026-03-25 12:00:00+01:00,65146.16032394906,69312.42189
2026-03-25 12:15:00+01:00,64832.872181719715,68643.54848
2026-03-25 12:30:00+01:00,64792.01827896051,69172.9768
2026-03-25 12:45:00+01:00,64787.92070472264,69267.55795
2026-03-25 13:00:00+01:00,64747.685001507205,68683.37409
2026-03-25 13:15:00+01:00,63826.202245771165,67511.76461
2026-03-25 13:30:00+01:00,63936.22472832154,66926.29651
2026-03-25 13:45:00+01:00,63350.65462099363,66964.08856
2026-03-25 14:00:00+01:00,62704.12345385625,67149.58111
2026-03-25 14:15:00+01:00,62419.64338386711,66678.09182
2026-03-25 14:30:00+01:00,62369.22839581028,66549.25441
2026-03-25 14:45:00+01:00,61849.66572546329,67120.36698
2026-03-25 15:00:00+01:00,62100.627632669624,66294.01016
2026-03-25 15:15:00+01:00,61621.79393891441,65469.78807
2026-03-25 15:30:00+01:00,61736.207956349914,64882.6268
2026-03-25 15:45:00+01:00,62046.57926326438,64158.96976
2026-03-25 16:00:00+01:00,62393.86385375905,64139.0522
2026-03-25 16:15:00+01:00,62286.72270275323,63092.24764
2026-03-25 16:30:00+01:00,62389.68661381848,62667.05463
2026-03-25 16:45:00+01:00,62606.21243941954,62040.06049
2026-03-25 17:00:00+01:00,63452.4881092407,63635.28504
2026-03-25 17:15:00+01:00,63973.1966129151,63882.67184
2026-03-25 17:30:00+01:00,64120.04770726082,64029.4064
2026-03-25 17:45:00+01:00,64285.231937674755,64111.85644
2026-03-25 18:00:00+01:00,64257.21168594197,64219.33935
2026-03-25 18:15:00+01:00,64494.374420286826,63716.92026
2026-03-25 18:30:00+01:00,65173.459473528965,64286.31972
2026-03-25 18:45:00+01:00,65195.41635272153,65484.27835
2026-03-25 19:00:00+01:00,65473.93537692833,65971.83521
2026-03-25 19:15:00+01:00,64954.61205259477,65703.55786
2026-03-25 19:30:00+01:00,64826.17759111018,65245.97344
2026-03-25 19:45:00+01:00,63860.82640204447,64424.43116
2026-03-25 20:00:00+01:00,62413.38548394969,62956.9353
2026-03-25 20:15:00+01:00,61780.744114380585,62125.11861
2026-03-25 20:30:00+01:00,60932.4772271704,61650.21063
2026-03-25 20:45:00+01:00,59366.899663164804,60901.10766
2026-03-25 21:00:00+01:00,58041.17480862536,60249.26214
2026-03-25 21:15:00+01:00,56784.02504041461,59439.2873
2026-03-25 21:30:00+01:00,56162.97100004817,58694.98966
2026-03-25 21:45:00+01:00,55781.08315596803,57592.01406
2026-03-25 22:00:00+01:00,55551.73675210603,56563.29163
2026-03-25 22:15:00+01:00,55090.57871741127,56067.74648
2026-03-25 22:30:00+01:00,54227.39848695762,54890.23217
2026-03-25 22:45:00+01:00,53551.33155531509,53769.74128
2026-03-25 23:00:00+01:00,52892.50517606806,52645.54737
2026-03-25 23:15:00+01:00,52357.15011922135,51818.15364
2026-03-25 23:30:00+01:00,51909.29227556598,51408.18321
2026-03-25 23:45:00+01:00,51074.673791819834,50971.98509
2026-03-26 00:00:00+01:00,50950.783456641104,51145.76065
2026-03-26 00:15:00+01:00,50564.84925695854,50627.79594
2026-03-26 00:30:00+01:00,50081.020044680954,50087.98852
2026-03-26 00:45:00+01:00,50026.8084426049,49348.81982
2026-03-26 01:00:00+01:00,49449.24395034359,48558.84199
2026-03-26 01:15:00+01:00,49389.35550747064,48301.79643
2026-03-26 01:30:00+01:00,49134.11160645255,48283.46763
2026-03-26 01:45:00+01:00,49087.590204033724,48184.66542
2026-03-26 02:00:00+01:00,48857.62318322657,47565.04316
2026-03-26 02:15:00+01:00,48607.87042156098,47805.64491
2026-03-26 02:30:00+01:00,48750.74277603041,47928.38962
2026-03-26 02:45:00+01:00,48750.74277603041,48144.52652
2026-03-26 03:00:00+01:00,49058.006221420095,48315.29932
2026-03-26 03:15:00+01:00,49112.15089611929,48057.13217
2026-03-26 03:30:00+01:00,49178.3908061204,48283.66456
2026-03-26 03:45:00+01:00,49169.95520093269,48339.89755
2026-03-26 04:00:00+01:00,49859.8963768596,48718.15273
2026-03-26 04:15:00+01:00,49863.50401030696,49005.70292
2026-03-26 04:30:00+01:00,50192.786397844895,49538.14945
2026-03-26 04:45:00+01:00,50777.56603345218,49989.03473
2026-03-26 05:00:00+01:00,52263.349770129076,51015.77043
2026-03-26 05:15:00+01:00,53707.959063214825,51792.91665
2026-03-26 05:30:00+01:00,54569.13208006789,53171.75664
2026-03-26 05:45:00+01:00,55212.921779973636,54635.66235
2026-03-26 06:00:00+01:00,57470.277417046316,57163.89283
2026-03-26 06:15:00+01:00,59309.077602997146,58890.49099
2026-03-26 06:30:00+01:00,60714.67157781365,60704.67369
2026-03-26 06:45:00+01:00,62361.662633974476,61913.88258
2026-03-26 07:00:00+01:00,64841.50553230349,62182.2011
2026-03-26 07:15:00+01:00,65436.81807464859,62883.81301
2026-03-26 07:30:00+01:00,67107.17478190396,63751.39714
2026-03-26 07:45:00+01:00,68711.60122885527,64862.47686
2026-03-26 08:00:00+01:00,69365.98449209414,64965.59664
2026-03-26 08:15:00+01:00,69561.10109096917,65780.90779
2026-03-26 08:30:00+01:00,70503.86050155875,66534.61931
2026-03-26 08:45:00+01:00,70387.38026559091,67219.02126
2026-03-26 09:00:00+01:00,69666.92721173138,67215.12047
2026-03-26 09:15:00+01:00,69380.38217863231,67298.65293
2026-03-26 09:30:00+01:00,70113.21214170159,67397.15722
2026-03-26 09:45:00+01:00,69857.13448040166,66990.39895
2026-03-26 10:00:00+01:00,69108.45912594127,66629.09342
2026-03-26 10:15:00+01:00,68320.25501915382,66778.13293
2026-03-26 10:30:00+01:00,67881.99585544915,66894.77341
2026-03-26 10:45:00+01:00,67511.14242646344,67515.94371
2026-03-26 11:00:00+01:00,67500.90609286178,67334.13399
2026-03-26 11:15:00+01:00,67379.20132212441,67548.26274
2026-03-26 11:30:00+01:00,67253.20317598718,67658.35451
2026-03-26 11:45:00+01:00,67226.27794012961,67013.13917
2026-03-26 12:00:00+01:00,66483.04521579084,66790.25435
2026-03-26 12:15:00+01:00,66422.10563287318,66870.367
2026-03-26 12:30:00+01:00,66389.31887266168,66624.24909
2026-03-26 12:45:00+01:00,66371.09173464637,66125.80544
2026-03-26 13:00:00+01:00,65803.79475153354,66752.64095
2026-03-26 13:15:00+01:00,65618.517067832,66314.86851
2026-03-26 13:30:00+01:00,65242.11647375706,65601.96054
2026-03-26 13:45:00+01:00,63665.100110629486,64489.03324
2026-03-26 14:00:00+01:00,63395.120883278796,64491.50873
2026-03-26 14:15:00+01:00,63192.18415456598,63761.75708
2026-03-26 14:30:00+01:00,63242.09705201932,63964.50643
2026-03-26 14:45:00+01:00,62472.721830345836,63247.65632
2026-03-26 15:00:00+01:00,63338.80426155201,62497.2704
2026-03-26 15:15:00+01:00,62574.21229803857,61497.68101
2026-03-26 15:30:00+01:00,62358.668571691574,62322.60147
2026-03-26 15:45:00+01:00,62346.72072762996,62018.39506
2026-03-26 16:00:00+01:00,62304.280880055056,62264.81932
2026-03-26 16:15:00+01:00,62353.823202044885,61780.1855
2026-03-26 16:30:00+01:00,62106.69584854156,61561.87676
2026-03-26 16:45:00+01:00,62913.02626575024,62685.5428
2026-03-26 17:00:00+01:00,64233.55083795143,62786.25179
2026-03-26 17:15:00+01:00,64466.502667489156,63918.49607
2026-03-26 17:30:00+01:00,64592.35252505365,63343.41069
2026-03-26 17:45:00+01:00,66420.52623997357,64143.66576
2026-03-26 18:00:00+01:00,65318.29940066763,64311.24399
2026-03-26 18:15:00+01:00,66252.95030917044,64432.13047
2026-03-26 18:30:00+01:00,67153.71552546897,64453.93722
2026-03-26 18:45:00+01:00,67423.03349805833,65450.91425
2026-03-26 19:00:00+01:00,67369.6979380855,66067.36741
2026-03-26 19:15:00+01:00,66591.10678935138,65891.28224
2026-03-26 19:30:00+01:00,65914.4318311627,65638.52134
2026-03-26 19:45:00+01:00,65547.98668319272,64820.17879
2026-03-26 20:00:00+01:00,64970.04507038834,62913.34099
2026-03-26 20:15:00+01:00,63542.651677616464,62895.87998
2026-03-26 20:30:00+01:00,62119.06933012073,63195.39253
2026-03-26 20:45:00+01:00,61253.211870907675,62227.90553
2026-03-26 21:00:00+01:00,60323.69337001238,61163.29647
2026-03-26 21:15:00+01:00,59120.10002690132,60753.33371
2026-03-26 21:30:00+01:00,58819.27008697954,59909.21418
2026-03-26 21:45:00+01:00,57792.96848625674,59165.32859
2026-03-26 22:00:00+01:00,57293.18031445602,57862.71993
2026-03-26 22:15:00+01:00,56570.07829865488,57121.37592
2026-03-26 22:30:00+01:00,55897.90813033301,55935.54384
2026-03-26 22:45:00+01:00,55268.815432469,55391.55236
2026-03-26 23:00:00+01:00,54471.9503785498,54295.10639
2026-03-26 23:15:00+01:00,54012.903170557496,53649.76517
2026-03-26 23:30:00+01:00,53751.77689690042,52642.66096
2026-03-26 23:45:00+01:00,53545.88337136687,52333.78957
2026-03-27 00:00:00+01:00,51870.76799559806,51760.38241
2026-03-27 00:15:00+01:00,51112.32636713578,51533.35288
2026-03-27 00:30:00+01:00,50588.32493764981,50578.67132
2026-03-27 00:45:00+01:00,50321.20828556516,50034.15977
2026-03-27 01:00:00+01:00,49453.339141316465,49454.87636
2026-03-27 01:15:00+01:00,49153.22647826662,49116.52801
2026-03-27 01:30:00+01:00,49012.64440224957,48755.9192
2026-03-27 01:45:00+01:00,48744.05952262129,48632.6998
2026-03-27 02:00:00+01:00,48492.95299329757,48596.16516
2026-03-27 02:15:00+01:00,48492.95299329757,48449.86099
2026-03-27 02:30:00+01:00,48540.75970179429,48500.68538
2026-03-27 02:45:00+01:00,48537.82115800607,48398.61483
2026-03-27 03:00:00+01:00,48571.042656577454,48644.09215
2026-03-27 03:15:00+01:00,48879.08735248204,48720.95653
2026-03-27 03:30:00+01:00,48888.05794018039,48868.20402
2026-03-27 03:45:00+01:00,49209.92548293777,48878.04047
2026-03-27 04:00:00+01:00,49584.50404649897,49388.80392
2026-03-27 04:15:00+01:00,50180.41163525544,49989.71207
2026-03-27 04:30:00+01:00,50384.477083982354,49996.79346
2026-03-27 04:45:00+01:00,51053.17935049909,50826.5864
2026-03-27 05:00:00+01:00,52122.862805581426,51870.21075
2026-03-27 05:15:00+01:00,52762.20968515754,52416.75702
2026-03-27 05:30:00+01:00,53217.263070877154,53767.90713
2026-03-27 05:45:00+01:00,54463.8567231897,54978.75309
2026-03-27 06:00:00+01:00,57235.95514130384,57098.75207
2026-03-27 06:15:00+01:00,58849.261428733604,58890.39474
2026-03-27 06:30:00+01:00,59873.32070981984,60132.64833
2026-03-27 06:45:00+01:00,61877.43730705106,61066.24362
2026-03-27 07:00:00+01:00,63110.44009884083,62226.10582
2026-03-27 07:15:00+01:00,64037.79426965387,63023.64456
2026-03-27 07:30:00+01:00,64561.943226032374,64145.27923
2026-03-27 07:45:00+01:00,66136.68992058202,64928.10892
2026-03-27 08:00:00+01:00,66767.08164822572,65529.49172
2026-03-27 08:15:00+01:00,67567.44069509217,66650.58252
2026-03-27 08:30:00+01:00,67798.24022216961,66757.93923
2026-03-27 08:45:00+01:00,68063.4947629005,66465.93266
2026-03-27 09:00:00+01:00,67451.99187453328,65569.49321
2026-03-27 09:15:00+01:00,67480.00620839983,65468.4706
2026-03-27 09:30:00+01:00,67519.29261423761,65707.98931
2026-03-27 09:45:00+01:00,67149.80014691735,66300.38929
2026-03-27 10:00:00+01:00,65687.46995998076,64982.18157
2026-03-27 10:15:00+01:00,65735.60117717485,64762.49909
2026-03-27 10:30:00+01:00,65764.64893205542,64389.43632
2026-03-27 10:45:00+01:00,65134.878431473284,64316.67919
2026-03-27 11:00:00+01:00,64331.576351069074,63648.65392
2026-03-27 11:15:00+01:00,64315.53896675634,63592.04183
2026-03-27 11:30:00+01:00,64229.80829895712,64184.29644
2026-03-27 11:45:00+01:00,64142.6467421915,63429.99731
2026-03-27 12:00:00+01:00,63615.72151341436,62596.42989
2026-03-27 12:15:00+01:00,63063.14484878832,62404.98167
2026-03-27 12:30:00+01:00,63047.96703574787,61932.68845
2026-03-27 12:45:00+01:00,62976.840136564395,62106.93407
2026-03-27 13:00:00+01:00,61614.188561196956,61485.04167
2026-03-27 13:15:00+01:00,60447.59203934072,60867.37963
2026-03-27 13:30:00+01:00,59924.62415175005,60147.99464
2026-03-27 13:45:00+01:00,58886.36698740844,59312.85169
2026-03-27 14:00:00+01:00,58835.924720282834,58428.50386
2026-03-27 14:15:00+01:00,58081.1758756803,58137.59371
2026-03-27 14:30:00+01:00,57840.47649796003,57319.67199
2026-03-27 14:45:00+01:00,57528.665523900236,56685.00178
2026-03-27 15:00:00+01:00,57695.65747290051,56547.82535
2026-03-27 15:15:00+01:00,56908.10052225457,56528.28637
2026-03-27 15:30:00+01:00,57545.80862477916,56544.64828
2026-03-27 15:45:00+01:00,57621.3840610235,56294.31066
2026-03-27 16:00:00+01:00,58502.26469623903,57466.63692
2026-03-27 16:15:00+01:00,57937.08433598555,57094.0003
2026-03-27 16:30:00+01:00,57982.06113789196,57189.07015
2026-03-27 16:45:00+01:00,57899.28001541222,57872.41868
2026-03-27 17:00:00+01:00,59745.40487460313,58995.2944
2026-03-27 17:15:00+01:00,59819.16263832187,59259.71607
2026-03-27 17:30:00+01:00,60434.64571455176,60143.35131
2026-03-27 17:45:00+01:00,60318.96148739483,60968.70298
2026-03-27 18:00:00+01:00,62367.37251022898,61551.4259
2026-03-27 18:15:00+01:00,62532.11308049751,61685.00638
2026-03-27 18:30:00+01:00,62224.57094092686,62027.09133
2026-03-27 18:45:00+01:00,62598.90843973919,63005.60221
2026-03-27 19:00:00+01:00,63573.47178632848,63560.31953
2026-03-27 19:15:00+01:00,62929.6142364533,63489.7742
2026-03-27 19:30:00+01:00,62340.53524369588,63175.62858
2026-03-27 19:45:00+01:00,61979.322341347084,63265.13023
2026-03-27 20:00:00+01:00,60760.25092634981,61963.27107
2026-03-27 20:15:00+01:00,60010.30063761353,61309.76835
2026-03-27 20:30:00+01:00,58994.17636540109,60795.77079
2026-03-27 20:45:00+01:00,58117.96728208805,59772.79267
2026-03-27 21:00:00+01:00,57557.80014280484,58851.70948
2026-03-27 21:15:00+01:00,56586.036251663,57833.90586
2026-03-27 21:30:00+01:00,55526.33840519432,56922.0332
2026-03-27 21:45:00+01:00,55094.12165426419,56001.2262
2026-03-27 22:00:00+01:00,54525.06170048364,55306.84933
2026-03-27 22:15:00+01:00,54118.987523822,54705.1808
2026-03-27 22:30:00+01:00,53757.79995508201,54010.46818
2026-03-27 22:45:00+01:00,53100.447997842566,53578.16216
2026-03-27 23:00:00+01:00,52301.27473764506,52305.82443
2026-03-27 23:15:00+01:00,51207.155244868496,51519.28874
2026-03-27 23:30:00+01:00,49642.979553117,51297.09099
2026-03-27 23:45:00+01:00,49769.19313411996,50948.62983
2026-03-28 00:00:00+01:00,47890.43908681809,50175.00953
2026-03-28 00:15:00+01:00,47876.07137313615,49797.42369
2026-03-28 00:30:00+01:00,47547.717055031615,49235.21309
2026-03-28 00:45:00+01:00,47044.52288433646,48979.19963
2026-03-28 01:00:00+01:00,46578.2653073213,41818.03371
2026-03-28 01:15:00+01:00,46353.32471334274,47921.38319
2026-03-28 01:30:00+01:00,46225.69103559348,47289.99261
2026-03-28 01:45:00+01:00,45798.13561927335,46901.28277
2026-03-28 02:00:00+01:00,45725.45036178569,46148.64659
2026-03-28 02:15:00+01:00,45661.151753360566,46082.59981
2026-03-28 02:30:00+01:00,45603.01920168566,46029.51468
2026-03-28 02:45:00+01:00,45533.5960544986,45997.24655
2026-03-28 03:00:00+01:00,45530.728676777064,45852.87637
2026-03-28 03:15:00+01:00,45148.7438430076,45844.49792
2026-03-28 03:30:00+01:00,45133.6285645202,45952.85076
2026-03-28 03:45:00+01:00,44757.77689213727,46144.33718
2026-03-28 04:00:00+01:00,45217.407282417604,45905.98737
2026-03-28 04:15:00+01:00,45171.41038246371,45911.95403
2026-03-28 04:30:00+01:00,45470.105136898164,45839.00346
2026-03-28 04:45:00+01:00,45451.9350457366,45779.11806
2026-03-28 05:00:00+01:00,46055.27987100993,45572.95949
2026-03-28 05:15:00+01:00,45757.80192318425,45654.50452
2026-03-28 05:30:00+01:00,46218.91114452743,45898.68565
2026-03-28 05:45:00+01:00,46274.68712579063,46142.02047
2026-03-28 06:00:00+01:00,46328.558211788906,46148.70691
2026-03-28 06:15:00+01:00,46585.93006110411,46602.80177
2026-03-28 06:30:00+01:00,47009.4160317914,46942.8452
2026-03-28 06:45:00+01:00,47329.226324791845,47217.20346
2026-03-28 07:00:00+01:00,47895.40205572626,47924.51988
2026-03-28 07:15:00+01:00,48391.60639156242,48571.92939
2026-03-28 07:30:00+01:00,49300.39344825759,49499.04378
2026-03-28 07:45:00+01:00,50814.88362036479,50213.65703
2026-03-28 08:00:00+01:00,51075.73356623219,51054.34758
2026-03-28 08:15:00+01:00,51660.37477397559,51322.63864
2026-03-28 08:30:00+01:00,52341.52377419458,52503.55329
2026-03-28 08:45:00+01:00,53058.189141576244,53369.1354
2026-03-28 09:00:00+01:00,53810.450669865364,53390.05796
2026-03-28 09:15:00+01:00,54677.57272550782,54560.45853
2026-03-28 09:30:00+01:00,55017.39042310465,55619.54543
2026-03-28 09:45:00+01:00,55525.22350366507,56333.6956
2026-03-28 10:00:00+01:00,56237.85453060555,56846.28638
2026-03-28 10:15:00+01:00,56299.489433810675,56954.59059
2026-03-28 10:30:00+01:00,56483.92752589583,56575.78777
2026-03-28 10:45:00+01:00,56545.431779020946,56619.64889
2026-03-28 11:00:00+01:00,56300.39712559223,56386.65945
2026-03-28 11:15:00+01:00,56771.976422606705,56832.17148
2026-03-28 11:30:00+01:00,56771.976422606705,57077.10106
2026-03-28 11:45:00+01:00,56271.23152843114,56674.81329
2026-03-28 12:00:00+01:00,55946.20720020381,56823.82948
2026-03-28 12:15:00+01:00,55020.7774048264,57072.4004
2026-03-28 12:30:00+01:00,54469.86337793711,56563.73255
2026-03-28 12:45:00+01:00,53788.45267279112,56319.158
2026-03-28 13:00:00+01:00,54119.37159418595,55853.79068
2026-03-28 13:15:00+01:00,53423.22679483128,55140.31734
2026-03-28 13:30:00+01:00,53041.53744338983,54718.2833
2026-03-28 13:45:00+01:00,52692.60196981492,54169.55678
2026-03-28 14:00:00+01:00,52278.74595004076,53235.95661
2026-03-28 14:15:00+01:00,51833.69041407493,52896.83815
2026-03-28 14:30:00+01:00,51747.83494726133,52876.22119
2026-03-28 14:45:00+01:00,51741.18255232168,52176.64829
2026-03-28 15:00:00+01:00,52310.40847636701,52521.84289
2026-03-28 15:15:00+01:00,52066.36253047969,52417.89003
2026-03-28 15:30:00+01:00,50892.2358987682,52381.67987
2026-03-28 15:45:00+01:00,51158.16517937755,51553.97859
2026-03-28 16:00:00+01:00,51450.35514590296,51871.05776
2026-03-28 16:15:00+01:00,51383.74277010317,51744.33829
2026-03-28 16:30:00+01:00,51386.46884518081,51627.84437
2026-03-28 16:45:00+01:00,52232.35348729322,52057.81728
2026-03-28 17:00:00+01:00,52162.867167867684,52319.02864
2026-03-28 17:15:00+01:00,52295.1637445225,52832.23235
2026-03-28 17:30:00+01:00,53111.27328786156,53450.67338
2026-03-28 17:45:00+01:00,53255.54507263247,54010.17705
2026-03-28 18:00:00+01:00,54007.01689334614,54665.07457
2026-03-28 18:15:00+01:00,54208.07323088337,54858.05924
2026-03-28 18:30:00+01:00,54597.497329331374,54533.54592
2026-03-28 18:45:00+01:00,55080.68919235845,55173.97573
2026-03-28 19:00:00+01:00,55384.238975447115,56099.78008
2026-03-28 19:15:00+01:00,54817.607826396474,55714.25088
2026-03-28 19:30:00+01:00,54384.72897810497,55195.18989
2026-03-28 19:45:00+01:00,53923.5928611505,55080.52292
2026-03-28 20:00:00+01:00,52607.65766562035,54060.22676
2026-03-28 20:15:00+01:00,51607.9091742129,52948.46794
2026-03-28 20:30:00+01:00,51450.415606011346,52126.35711
2026-03-28 20:45:00+01:00,51321.25221521291,52351.44137
2026-03-28 21:00:00+01:00,51082.190025224096,51485.89461
2026-03-28 21:15:00+01:00,49814.15784848493,50830.65867
2026-03-28 21:30:00+01:00,49200.56662993294,50460.19221
2026-03-28 21:45:00+01:00,48712.98807813535,50071.67184
2026-03-28 22:00:00+01:00,48555.291757832354,49377.1459
2026-03-28 22:15:00+01:00,48252.57707410948,49175.2057
2026-03-28 22:30:00+01:00,47565.57816069287,48659.5789
2026-03-28 22:45:00+01:00,47093.393521930295,48032.63299
2026-03-28 23:00:00+01:00,46864.10868335231,47126.26558
2026-03-28 23:15:00+01:00,46015.92212715934,46914.38442
2026-03-28 23:30:00+01:00,45395.24095892598,46160.34731
2026-03-28 23:45:00+01:00,45317.30825614989,45656.56806
2026-03-29 00:00:00+01:00,44256.372557051815,44832.41164
2026-03-29 00:15:00+01:00,43807.26448032122,44106.50087
2026-03-29 00:30:00+01:00,43772.73257107226,43829.80399
2026-03-29 00:45:00+01:00,43187.15122561361,43475.34807
2026-03-29 01:00:00+01:00,42406.0338754484,42797.62236
2026-03-29 01:15:00+01:00,42355.73771551038,42643.30388
2026-03-29 01:30:00+01:00,42234.95452501381,41973.89661
2026-03-29 01:45:00+01:00,41931.38385131397,40760.7543
2026-03-29 03:00:00+02:00,41522.72562689382,42057.68436
2026-03-29 03:15:00+02:00,41464.90869034918,42023.11982
2026-03-29 03:30:00+02:00,41411.0109264506,41658.81937
2026-03-29 03:45:00+02:00,41174.13010671169,41587.12437
2026-03-29 04:00:00+02:00,41474.19373508745,41225.64165
2026-03-29 04:15:00+02:00,41437.60837511885,41070.73505
2026-03-29 04:30:00+02:00,41176.57138560076,41043.41035
2026-03-29 04:45:00+02:00,41169.59108702491,40844.20235
2026-03-29 05:00:00+02:00,41425.23113783044,41011.60275
2026-03-29 05:15:00+02:00,41364.85601702367,41031.35419
2026-03-29 05:30:00+02:00,41398.976132853495,41168.74703
2026-03-29 05:45:00+02:00,41398.976132853495,40937.42988
2026-03-29 06:00:00+02:00,41665.14528400602,40986.24776
2026-03-29 06:15:00+02:00,41664.38985443143,40961.05959
2026-03-29 06:30:00+02:00,41717.73083496048,41201.72428
2026-03-29 06:45:00+02:00,41756.465606291706,41307.54717
2026-03-29 07:00:00+02:00,42465.800055187865,41586.06792
2026-03-29 07:15:00+02:00,42638.527079360974,42156.11441
2026-03-29 07:30:00+02:00,43381.14730403577,42371.72873
2026-03-29 07:45:00+02:00,44015.25467620277,42769.82663
2026-03-29 08:00:00+02:00,44646.91179380778,43259.3557
2026-03-29 08:15:00+02:00,45796.993164758445,44236.30576
2026-03-29 08:30:00+02:00,46159.88075629622,44860.48828
2026-03-29 08:45:00+02:00,47101.29022421267,45120.60479
2026-03-29 09:00:00+02:00,46513.74693649398,45760.33719
2026-03-29 09:15:00+02:00,47668.18720087877,46381.36613
2026-03-29 09:30:00+02:00,48162.878283089034,47390.63366
2026-03-29 09:45:00+02:00,49045.76955671636,48190.34862
2026-03-29 10:00:00+02:00,49122.97886200709,48427.55499
2026-03-29 10:15:00+02:00,50188.21946911,48899.2501
2026-03-29 10:30:00+02:00,51458.997170342096,49466.82709
2026-03-29 10:45:00+02:00,51957.331509830445,49616.64696
2026-03-29 11:00:00+02:00,52170.06139718025,49873.26344
2026-03-29 11:15:00+02:00,53042.55904268984,50770.49811
2026-03-29 11:30:00+02:00,53106.793969025304,51327.00542
2026-03-29 11:45:00+02:00,53097.513032903546,51897.16934
2026-03-29 12:00:00+02:00,53047.23718339299,51565.95797
2026-03-29 12:15:00+02:00,53148.27730257519,51838.03288
2026-03-29 12:30:00+02:00,53150.43217529743,51620.26449
2026-03-29 12:45:00+02:00,53072.671823180026,50983.50935
2026-03-29 13:00:00+02:00,52826.968354948855,50468.36607
2026-03-29 13:15:00+02:00,52042.714246116346,52124.46415
2026-03-29 13:30:00+02:00,51797.56368024262,51001.75491
2026-03-29 13:45:00+02:00,50602.98661335664,50554.23742
2026-03-29 14:00:00+02:00,50196.077196490915,48513.70371
2026-03-29 14:15:00+02:00,49588.6641228961,48738.34334
2026-03-29 14:30:00+02:00,49440.30479858144,48365.64009
2026-03-29 14:45:00+02:00,48928.022898475734,48244.17389
2026-03-29 15:00:00+02:00,48243.090892214954,48086.08218
2026-03-29 15:15:00+02:00,47202.3462161409,47884.28343
2026-03-29 15:30:00+02:00,46695.480126034614,47471.92742
2026-03-29 15:45:00+02:00,46506.7428623033,47323.58132
2026-03-29 16:00:00+02:00,47201.646337312464,47256.45737
2026-03-29 16:15:00+02:00,47040.31167390384,47495.18901
2026-03-29 16:30:00+02:00,47019.6538663674,47896.74883
2026-03-29 16:45:00+02:00,47344.14648554094,47454.3624
2026-03-29 17:00:00+02:00,47920.918864472456,48794.61079
2026-03-29 17:15:00+02:00,47746.18142797824,49310.65039
2026-03-29 17:30:00+02:00,47883.92958190372,49837.80738
2026-03-29 17:45:00+02:00,49294.58947450811,50162.07591
2026-03-29 18:00:00+02:00,50619.91622273708,51429.06832
2026-03-29 18:15:00+02:00,50754.348497567946,51821.04579
2026-03-29 18:30:00+02:00,51454.621912056624,52146.92063
2026-03-29 18:45:00+02:00,52159.67857933015,52836.56571
2026-03-29 19:00:00+02:00,53616.62050886883,52966.42801
2026-03-29 19:15:00+02:00,53693.410681710724,52839.41283
2026-03-29 19:30:00+02:00,54113.7572823948,53211.71359
2026-03-29 19:45:00+02:00,54828.85170472661,53400.79739
2026-03-29 20:00:00+02:00,55261.54118049684,53536.43815
2026-03-29 20:15:00+02:00,54886.10911022422,53788.6682
2026-03-29 20:30:00+02:00,54803.4899703738,53570.90706
2026-03-29 20:45:00+02:00,54514.934676670455,53220.54404
2026-03-29 21:00:00+02:00,53823.47763174276,52419.67824
2026-03-29 21:15:00+02:00,53436.324713375645,52140.16219
2026-03-29 21:30:00+02:00,53319.96342635515,51647.0964
2026-03-29 21:45:00+02:00,53034.38994422091,51508.57705
2026-03-29 22:00:00+02:00,52813.99815103561,52413.58468
2026-03-29 22:15:00+02:00,52222.79846831575,52370.86828
2026-03-29 22:30:00+02:00,51726.5321094269,52433.83581
2026-03-29 22:45:00+02:00,51893.39402278821,51910.46071
2026-03-29 23:00:00+02:00,52380.43215802238,51292.77622
2026-03-29 23:15:00+02:00,51821.84893449508,50917.77261
2026-03-29 23:30:00+02:00,50883.93661143023,50256.72085
2026-03-29 23:45:00+02:00,50405.96930078641,50248.2517
2026-03-30 00:00:00+02:00,47792.86353657778,49896.67703
2026-03-30 00:00:00+02:00,47833.846189375035,49896.67703
2026-03-30 00:15:00+02:00,47746.005746467075,49740.75212
2026-03-30 00:15:00+02:00,47583.60152758602,49740.75212
2026-03-30 00:30:00+02:00,47263.130540381055,49126.59198
2026-03-30 00:30:00+02:00,47282.48116413286,49126.59198
2026-03-30 00:45:00+02:00,47142.25053405411,49317.13576
2026-03-30 00:45:00+02:00,47172.47569311438,49317.13576
2026-03-30 01:00:00+02:00,46938.690446863184,48612.92056
2026-03-30 01:15:00+02:00,45892.12646886925,48727.29154
2026-03-30 01:30:00+02:00,45672.82379919797,48629.00705
2026-03-30 01:45:00+02:00,45840.18565628307,47842.22337
2026-03-30 02:00:00+02:00,45475.32782744314,46909.08327
2026-03-30 02:15:00+02:00,45622.04453586865,46991.8699
2026-03-30 02:30:00+02:00,45360.592427230884,47049.54756
2026-03-30 02:45:00+02:00,45062.15214641953,46819.90166
2026-03-30 03:00:00+02:00,44677.29660343162,47415.9307
2026-03-30 03:15:00+02:00,44640.26599741212,47350.89875
2026-03-30 03:30:00+02:00,44668.694223813036,47128.62488
2026-03-30 03:45:00+02:00,44985.19166995892,47317.01983
2026-03-30 04:00:00+02:00,45079.780953846384,48099.3127
2026-03-30 04:15:00+02:00,45188.57866114803,48172.21263
2026-03-30 04:30:00+02:00,45483.913314003774,48494.11109
2026-03-30 04:45:00+02:00,45779.45639255946,49227.80912
2026-03-30 05:00:00+02:00,45973.29961007887,50579.60737
2026-03-30 05:15:00+02:00,46588.25591775969,50937.54431
2026-03-30 05:30:00+02:00,46949.292016497886,52668.25822
2026-03-30 05:45:00+02:00,47305.338263068916,54424.1631
2026-03-30 06:00:00+02:00,48407.66964356207,56452.46729
2026-03-30 06:15:00+02:00,49143.7990125447,57719.82445
2026-03-30 06:30:00+02:00,50089.11185137186,58836.57997
2026-03-30 06:45:00+02:00,51470.38506471086,59852.69011
2026-03-30 07:00:00+02:00,55299.94056327819,61117.44664
2026-03-30 07:15:00+02:00,56863.53969403455,61696.24416
2026-03-30 07:30:00+02:00,58529.9914102688,62169.1614
2026-03-30 07:45:00+02:00,59778.49121903522,62904.14855
2026-03-30 08:00:00+02:00,61209.69173451843,63754.24465
2026-03-30 08:15:00+02:00,62109.9124696398,64862.36059
2026-03-30 08:30:00+02:00,63016.273936911006,65437.6752
2026-03-30 08:45:00+02:00,63928.90876812328,65816.5672
2026-03-30 09:00:00+02:00,63920.9642087867,65863.7737
2026-03-30 09:15:00+02:00,64592.10728309959,66431.93816
2026-03-30 09:30:00+02:00,64673.56444402789,67541.5369
2026-03-30 09:45:00+02:00,64700.825168667354,67877.68469
2026-03-30 10:00:00+02:00,63898.98042402971,66966.47321
2026-03-30 10:15:00+02:00,64568.77557031827,66912.80215
2026-03-30 10:30:00+02:00,64793.29307611439,66925.1526
2026-03-30 10:45:00+02:00,64740.87651303176,67172.9459
2026-03-30 11:00:00+02:00,64415.14918941843,67403.98759
2026-03-30 11:15:00+02:00,64476.83751972149,67779.03775
2026-03-30 11:30:00+02:00,64427.133538037495,67748.20989
2026-03-30 11:45:00+02:00,64419.95404409622,67777.68686
2026-03-30 12:00:00+02:00,63921.97475463922,67731.9877
2026-03-30 12:15:00+02:00,63843.204850812384,68320.6626
2026-03-30 12:30:00+02:00,63825.35601252808,68106.98127
2026-03-30 12:45:00+02:00,63371.98449711718,68173.36011
2026-03-30 13:00:00+02:00,63558.6829379584,67604.32349
2026-03-30 13:15:00+02:00,62965.163311923825,66750.35231
2026-03-30 13:30:00+02:00,62690.3888417653,65867.76867
2026-03-30 13:45:00+02:00,62578.438134280885,64964.23348
2026-03-30 14:00:00+02:00,61939.122029669124,63589.28066
2026-03-30 14:15:00+02:00,61687.23377459541,63184.38926
2026-03-30 14:30:00+02:00,60621.554078052795,63486.82899
2026-03-30 14:45:00+02:00,60290.910533810405,63597.51969
2026-03-30 15:00:00+02:00,60034.72451783011,61969.30097
2026-03-30 15:15:00+02:00,59935.974358148036,61484.56333
2026-03-30 15:30:00+02:00,59887.852535960374,61793.09153
2026-03-30 15:45:00+02:00,58931.09978133646,61028.25011
2026-03-30 16:00:00+02:00,59393.60153292287,61029.41785
2026-03-30 16:15:00+02:00,59393.60153292287,60037.90331
2026-03-30 16:30:00+02:00,59357.70108201357,59679.95588
2026-03-30 16:45:00+02:00,59318.49215134855,60267.73554
2026-03-30 17:00:00+02:00,60230.81788241198,60298.97953
2026-03-30 17:15:00+02:00,60097.929404995746,61249.99445
2026-03-30 17:30:00+02:00,60174.83621157665,61492.88788
2026-03-30 17:45:00+02:00,60166.94775596555,61441.4873
2026-03-30 18:00:00+02:00,61971.88779993447,62621.17611
2026-03-30 18:15:00+02:00,62180.59773787339,62534.91538
2026-03-30 18:30:00+02:00,62672.05500056025,62831.49173
2026-03-30 18:45:00+02:00,62855.6935052434,63160.10422
2026-03-30 19:00:00+02:00,62987.29867589532,63698.58818
2026-03-30 19:15:00+02:00,62984.29008997877,63273.74325
2026-03-30 19:30:00+02:00,62919.6973425365,63073.43183
2026-03-30 19:45:00+02:00,63053.12688589876,62839.34331
2026-03-30 20:00:00+02:00,63588.08802488989,62998.90002
2026-03-30 20:15:00+02:00,62930.89009579913,62779.7222
2026-03-30 20:30:00+02:00,62074.31562735059,62577.65189
2026-03-30 20:45:00+02:00,61401.905074487906,61497.39848
2026-03-30 21:00:00+02:00,60435.21348825064,60466.88444
2026-03-30 21:15:00+02:00,59984.12285897814,59535.62719
2026-03-30 21:30:00+02:00,58884.44464994734,59052.92321
2026-03-30 21:45:00+02:00,58151.56281781641,58460.11289
2026-03-30 22:00:00+02:00,57495.774117858826,56955.87861
2026-03-30 22:15:00+02:00,57263.72529276861,56272.90496
2026-03-30 22:30:00+02:00,56274.4503937043,55723.74927
2026-03-30 22:45:00+02:00,54866.96986317939,55086.02144
2026-03-30 23:00:00+02:00,53281.324264770294,53747.50432
2026-03-30 23:15:00+02:00,52560.121493695435,53088.49889
2026-03-30 23:30:00+02:00,51782.21695723225,52042.57621
2026-03-30 23:45:00+02:00,51008.304097960325,51347.28959
2026-03-31 00:00:00+02:00,51661.86437130761,49809.41596
2026-03-31 00:15:00+02:00,50736.562907995496,49494.99135
2026-03-31 00:30:00+02:00,50113.7747614445,49151.24666
2026-03-31 00:45:00+02:00,50061.782453904816,48737.52557
2026-03-31 01:00:00+02:00,48649.83588598316,48017.96103
2026-03-31 01:15:00+02:00,47876.74465038349,47459.75359
2026-03-31 01:30:00+02:00,47616.83523058946,46936.87888
2026-03-31 01:45:00+02:00,47173.17078889178,46618.48289
2026-03-31 02:00:00+02:00,46490.61994810301,46271.35091
2026-03-31 02:15:00+02:00,46261.832577210735,46197.619
2026-03-31 02:30:00+02:00,46261.832577210735,46120.60772
2026-03-31 02:45:00+02:00,46229.2057785168,46204.46795
2026-03-31 03:00:00+02:00,46190.35801254259,46366.33407
2026-03-31 03:15:00+02:00,46118.420071195265,46604.00854
2026-03-31 03:30:00+02:00,46194.75285135069,46812.98358
2026-03-31 03:45:00+02:00,46213.7332488635,46815.47248
2026-03-31 04:00:00+02:00,46723.96213589655,47408.13458
2026-03-31 04:15:00+02:00,47266.67554630729,47591.2649
2026-03-31 04:30:00+02:00,47649.37993689939,48277.70609
2026-03-31 04:45:00+02:00,47774.26671290587,48616.6865
2026-03-31 05:00:00+02:00,47875.949780291696,49904.88122
2026-03-31 05:15:00+02:00,48244.84251742992,50431.62994
2026-03-31 05:30:00+02:00,48241.46757577439,51315.2656
2026-03-31 05:45:00+02:00,48765.73886256726,52552.77114
2026-03-31 06:00:00+02:00,49709.29432024731,55757.11304
2026-03-31 06:15:00+02:00,52199.777981849096,57274.70059
2026-03-31 06:30:00+02:00,53333.03069301524,58220.86592
2026-03-31 06:45:00+02:00,54495.30309104307,59513.90057
2026-03-31 07:00:00+02:00,57288.432243168354,61056.49133
2026-03-31 07:15:00+02:00,59294.608426400046,62025.19577
2026-03-31 07:30:00+02:00,60445.95503495188,62847.63748
2026-03-31 07:45:00+02:00,61819.046407147405,63445.18212
2026-03-31 08:00:00+02:00,63275.07354412328,63441.07027
2026-03-31 08:15:00+02:00,64161.70848820449,64008.57669
2026-03-31 08:30:00+02:00,65592.06576167177,64558.82396
2026-03-31 08:45:00+02:00,65612.029853422,64052.61442
2026-03-31 09:00:00+02:00,66204.91318008109,63839.55842
2026-03-31 09:15:00+02:00,66769.06693242937,64659.97853
2026-03-31 09:30:00+02:00,67341.6017830748,65137.12268
2026-03-31 09:45:00+02:00,67682.64869896065,64580.32039
2026-03-31 10:00:00+02:00,66702.73430249917,64309.32221
2026-03-31 10:15:00+02:00,67415.48284665686,64809.3129
2026-03-31 10:30:00+02:00,67954.8173665733,64944.73478
2026-03-31 10:45:00+02:00,68010.42905140793,64962.86739
2026-03-31 11:00:00+02:00,67990.48897099767,64492.1284
2026-03-31 11:15:00+02:00,67761.5147246425,65352.61396
2026-03-31 11:30:00+02:00,67761.5147246425,65609.2086
2026-03-31 11:45:00+02:00,67769.42706068617,65551.39347
2026-03-31 12:00:00+02:00,66845.45348564276,64945.61095
2026-03-31 12:15:00+02:00,66230.8610388455,65008.48777
2026-03-31 12:30:00+02:00,66206.95433139756,64776.4846
2026-03-31 12:45:00+02:00,66105.95328607621,64063.57473
2026-03-31 13:00:00+02:00,65683.07570854666,63500.03655
2026-03-31 13:15:00+02:00,64872.37127863261,63373.0671
2026-03-31 13:30:00+02:00,64632.3306050775,63559.62947
2026-03-31 13:45:00+02:00,63756.086329799225,63356.10869
2026-03-31 14:00:00+02:00,63213.32438305772,63140.79558
2026-03-31 14:15:00+02:00,62935.74418683773,62868.08273
2026-03-31 14:30:00+02:00,62166.754524728356,61932.99946
2026-03-31 14:45:00+02:00,62082.34884229772,61473.67835
2026-03-31 15:00:00+02:00,62499.11263166239,61643.6928
2026-03-31 15:15:00+02:00,61950.686091903124,61613.25243
2026-03-31 15:30:00+02:00,61487.086364678486,61242.7913
2026-03-31 15:45:00+02:00,61689.18908454924,61140.04517
2026-03-31 16:00:00+02:00,61974.28786379444,60915.85266
2026-03-31 16:15:00+02:00,61237.159004507375,60353.43687
2026-03-31 16:30:00+02:00,60944.94005414251,59968.15436
2026-03-31 16:45:00+02:00,61420.18808628098,59703.00666
2026-03-31 17:00:00+02:00,61447.36792998177,59994.1687
2026-03-31 17:15:00+02:00,61086.22262489113,60488.8612
2026-03-31 17:30:00+02:00,60938.126054528955,60274.7461
2026-03-31 17:45:00+02:00,61152.67141950512,60861.36345
2026-03-31 18:00:00+02:00,61864.92905654527,61614.4463
2026-03-31 18:15:00+02:00,62060.1404845346,61853.86074
2026-03-31 18:30:00+02:00,62289.38018041873,61973.21657
2026-03-31 18:45:00+02:00,63221.200346114005,62253.80037
2026-03-31 19:00:00+02:00,64935.77193274224,62432.47577
2026-03-31 19:15:00+02:00,64976.855527026855,62077.16547
2026-03-31 19:30:00+02:00,65434.46930867249,61685.90941
2026-03-31 19:45:00+02:00,66190.32171760182,61483.76933
2026-03-31 20:00:00+02:00,65746.51886886526,61192.79618
2026-03-31 20:15:00+02:00,65314.96828200974,60941.87393
2026-03-31 20:30:00+02:00,65095.75880818885,60341.30863
2026-03-31 20:45:00+02:00,64767.673677633255,59773.84875
2026-03-31 21:00:00+02:00,62532.68780221049,58666.98879
2026-03-31 21:15:00+02:00,62282.8362168338,57768.27491
2026-03-31 21:30:00+02:00,61207.743622964255,56818.03936
2026-03-31 21:45:00+02:00,60796.25279477112,56146.63544
2026-03-31 22:00:00+02:00,60231.032595035365,55301.55121
2026-03-31 22:15:00+02:00,59843.87743911004,54603.66749
2026-03-31 22:30:00+02:00,59065.87804730343,53972.48571
2026-03-31 22:45:00+02:00,58694.42576227784,53070.92236
2026-03-31 23:00:00+02:00,56679.17744575071,52211.36825
2026-03-31 23:15:00+02:00,56604.16797686261,51489.62166
2026-03-31 23:30:00+02:00,55275.09264634846,51025.59421
2026-03-31 23:45:00+02:00,54667.72155093244,50140.80704
2026-04-01 00:00:00+02:00,52069.185288089546,49791.43229
2026-04-01 00:15:00+02:00,51226.80992497636,49594.47642
2026-04-01 00:30:00+02:00,50806.60919899349,49286.15689
2026-04-01 00:45:00+02:00,50366.79601220917,49124.85825
2026-04-01 01:00:00+02:00,48910.71116562759,48905.54888
2026-04-01 01:15:00+02:00,48609.49651304144,48319.91995
2026-04-01 01:30:00+02:00,48504.59687069749,48028.1216
2026-04-01 01:45:00+02:00,47988.27044691033,48046.89727
2026-04-01 02:00:00+02:00,47671.43269750833,47381.00446
2026-04-01 02:15:00+02:00,47236.179926545636,47208.20153
2026-04-01 02:30:00+02:00,46988.19902527026,47070.99997
2026-04-01 02:45:00+02:00,46988.19902527026,47112.45096
2026-04-01 03:00:00+02:00,46965.83907892158,47179.4515
2026-04-01 03:15:00+02:00,46899.630094293665,47403.90212
2026-04-01 03:30:00+02:00,47219.1297208882,47428.84596
2026-04-01 03:45:00+02:00,47325.14733019254,47417.23508
2026-04-01 04:00:00+02:00,47848.31526690976,47874.91988
2026-04-01 04:15:00+02:00,48123.73813152064,47773.08804
2026-04-01 04:30:00+02:00,48266.9842688984,48369.64402
2026-04-01 04:45:00+02:00,48843.438202912366,48693.20149
2026-04-01 05:00:00+02:00,49652.38401190804,49965.52301
2026-04-01 05:15:00+02:00,49440.466579004096,50685.07428
2026-04-01 05:30:00+02:00,50168.14494989464,51714.18299
2026-04-01 05:45:00+02:00,50500.159215923064,52869.5388
2026-04-01 06:00:00+02:00,52615.40576998953,55480.26808
2026-04-01 06:15:00+02:00,53890.81618125068,57163.4729
2026-04-01 06:30:00+02:00,54993.46027501625,58433.81386
2026-04-01 06:45:00+02:00,55657.289216306686,59207.27309
2026-04-01 07:00:00+02:00,58702.62977325682,60277.73259
2026-04-01 07:15:00+02:00,59733.49526043603,61325.01974
2026-04-01 07:30:00+02:00,60531.442340203714,62194.59932
2026-04-01 07:45:00+02:00,62287.59437645227,62901.15835
2026-04-01 08:00:00+02:00,63794.42213855948,63305.47348
2026-04-01 08:15:00+02:00,64959.672767146345,63744.73318
2026-04-01 08:30:00+02:00,64997.44511105034,64189.24101
2026-04-01 08:45:00+02:00,65609.19076442716,64795.46001
2026-04-01 09:00:00+02:00,65573.9808543626,64640.94963
2026-04-01 09:15:00+02:00,65881.77084781088,64957.18511
2026-04-01 09:30:00+02:00,65978.78882130103,65264.15653
2026-04-01 09:45:00+02:00,66021.97441860566,65902.20195
2026-04-01 10:00:00+02:00,65653.26223579873,65181.66861
2026-04-01 10:15:00+02:00,65643.54292545699,65577.59042
2026-04-01 10:30:00+02:00,66046.22628070311,65651.72439
2026-04-01 10:45:00+02:00,66095.59180788095,65272.13956
2026-04-01 11:00:00+02:00,65672.76590580161,65244.3392
2026-04-01 11:15:00+02:00,66649.89653331967,65277.84545
2026-04-01 11:30:00+02:00,67351.8508972698,64944.84366
2026-04-01 11:45:00+02:00,66959.43222783864,64368.88045
2026-04-01 12:00:00+02:00,65487.97427391327,63747.14659
2026-04-01 12:15:00+02:00,64393.030817128805,63709.43852
2026-04-01 12:30:00+02:00,64388.15979021617,63839.80405
2026-04-01 12:45:00+02:00,63982.02750925419,63301.45316
2026-04-01 13:00:00+02:00,63670.40534901127,63626.69777
2026-04-01 13:15:00+02:00,63186.95032729432,63264.45725
2026-04-01 13:30:00+02:00,62978.79430355156,61846.55299
2026-04-01 13:45:00+02:00,62882.149203157845,60594.98734
2026-04-01 14:00:00+02:00,62581.672304462765,59324.90114
2026-04-01 14:15:00+02:00,62190.73465338609,59002.34123
2026-04-01 14:30:00+02:00,61536.089967047235,58756.42873
2026-04-01 14:45:00+02:00,61374.89095377352,58107.45751
2026-04-01 15:00:00+02:00,61541.39834571241,58427.17148
2026-04-01 15:15:00+02:00,61268.11539197953,57869.50584
2026-04-01 15:30:00+02:00,61078.49275954193,57727.1843
2026-04-01 15:45:00+02:00,61116.885070186356,56330.59648
2026-04-01 16:00:00+02:00,60807.93463755282,56271.38938
2026-04-01 16:15:00+02:00,60166.32734831904,55264.81644
2026-04-01 16:30:00+02:00,59630.87523647113,56753.95963
2026-04-01 16:45:00+02:00,59050.87330425367,56497.23352
2026-04-01 17:00:00+02:00,59042.250568038944,57106.04927
2026-04-01 17:15:00+02:00,58562.92645157971,57742.58408
2026-04-01 17:30:00+02:00,58646.16122873115,58207.14775
2026-04-01 17:45:00+02:00,57998.112521599694,58685.21929
2026-04-01 18:00:00+02:00,59850.764674882266,59220.08885
2026-04-01 18:15:00+02:00,59882.81839108087,59151.39699
2026-04-01 18:30:00+02:00,60223.01272227669,60076.1038
2026-04-01 18:45:00+02:00,60236.59076516529,59976.08249
2026-04-01 19:00:00+02:00,61215.613573638395,60880.74188
2026-04-01 19:15:00+02:00,61170.67481467858,61186.94314
2026-04-01 19:30:00+02:00,61056.45183315054,61396.56307
2026-04-01 19:45:00+02:00,62303.4005566313,61238.53816
2026-04-01 20:00:00+02:00,63083.304495721844,60958.49381
2026-04-01 20:15:00+02:00,61805.63015008475,61053.68589
2026-04-01 20:30:00+02:00,61608.58017343139,60934.43109
2026-04-01 20:45:00+02:00,60420.85178692622,60337.24763
2026-04-01 21:00:00+02:00,59520.409225634554,58933.94528
2026-04-01 21:15:00+02:00,58514.71625849879,58943.42109
2026-04-01 21:30:00+02:00,57601.15840095169,58441.35009
2026-04-01 21:45:00+02:00,57462.57600093009,57714.94318
2026-04-01 22:00:00+02:00,57055.62729512929,56759.16866
2026-04-01 22:15:00+02:00,56497.32084431145,55919.95582
2026-04-01 22:30:00+02:00,55897.90828266291,55269.64075
2026-04-01 22:45:00+02:00,55070.192175305856,54512.89263
2026-04-01 23:00:00+02:00,54574.777053650054,53264.34755
2026-04-01 23:15:00+02:00,53821.93071000745,52700.44943
2026-04-01 23:30:00+02:00,52957.672864378335,51670.10503
2026-04-01 23:45:00+02:00,52132.38618662234,51102.96073
2026-04-02 00:00:00+02:00,48888.841672267816,50543.326
2026-04-02 00:15:00+02:00,48369.281833721,49891.28
2026-04-02 00:30:00+02:00,47961.607315960006,49388.29593
2026-04-02 00:45:00+02:00,47393.91308183168,49020.41569
2026-04-02 01:00:00+02:00,47187.16762644627,48470.63477
2026-04-02 01:15:00+02:00,47100.37477188351,48359.64465
2026-04-02 01:30:00+02:00,46861.32119557161,48265.45227
2026-04-02 01:45:00+02:00,46503.64406897528,48342.52029
2026-04-02 02:00:00+02:00,45657.00586515862,47699.27913
2026-04-02 02:15:00+02:00,45657.00586515862,47810.46848
2026-04-02 02:30:00+02:00,45657.00586515862,47888.29821
2026-04-02 02:45:00+02:00,45580.039409464094,48083.04169
2026-04-02 03:00:00+02:00,45746.58938593994,48024.47983
2026-04-02 03:15:00+02:00,45770.97422652504,48182.87764
2026-04-02 03:30:00+02:00,45807.943990622094,48260.6293
2026-04-02 03:45:00+02:00,45970.29348785614,48498.54766
2026-04-02 04:00:00+02:00,46463.33162869676,49169.39786
2026-04-02 04:15:00+02:00,46266.17247389761,49133.33472
2026-04-02 04:30:00+02:00,46569.06416830244,49551.07068
2026-04-02 04:45:00+02:00,46636.129733822476,50187.8502
2026-04-02 05:00:00+02:00,47403.460564641806,51624.66257
2026-04-02 05:15:00+02:00,47798.30609392545,52043.9806
2026-04-02 05:30:00+02:00,48399.32695789894,53169.03633
2026-04-02 05:45:00+02:00,48977.57849093056,54491.75534
2026-04-02 06:00:00+02:00,49933.95208584693,56760.59833
2026-04-02 06:15:00+02:00,50556.48942953757,57958.9475
2026-04-02 06:30:00+02:00,51297.48591863,59148.54948
2026-04-02 06:45:00+02:00,52549.76445686873,60251.20337
2026-04-02 07:00:00+02:00,54644.19870248594,61648.76067
2026-04-02 07:15:00+02:00,55598.92924951076,62482.67974
2026-04-02 07:30:00+02:00,56175.60983077644,63555.22495
2026-04-02 07:45:00+02:00,56428.29239698825,64085.8381
2026-04-02 08:00:00+02:00,56860.0145686448,64335.2079
2026-04-02 08:15:00+02:00,57530.27908464205,65304.91229
2026-04-02 08:30:00+02:00,58160.08479518151,66026.10877
2026-04-02 08:45:00+02:00,59146.06542095104,66089.04695
2026-04-02 09:00:00+02:00,59126.728228211476,65179.65097
2026-04-02 09:15:00+02:00,60860.54071796871,65207.64429
2026-04-02 09:30:00+02:00,61027.965360094,65660.69185
2026-04-02 09:45:00+02:00,61210.46855162376,65252.28174
2026-04-02 10:00:00+02:00,61080.23184995033,64374.97017
2026-04-02 10:15:00+02:00,61080.23184995033,64138.18578
2026-04-02 10:30:00+02:00,61451.57279172003,63998.55305
2026-04-02 10:45:00+02:00,61172.16983557173,63822.64469
2026-04-02 11:00:00+02:00,60707.85102523405,63524.66567
2026-04-02 11:15:00+02:00,60504.26906595404,63653.44247
2026-04-02 11:30:00+02:00,60509.07741987335,63276.37611
2026-04-02 11:45:00+02:00,61208.8729478543,63232.30379
2026-04-02 12:00:00+02:00,60484.319567769344,62415.75447
2026-04-02 12:15:00+02:00,60823.571242250226,62165.06402
2026-04-02 12:30:00+02:00,60812.204585719526,62034.49455
2026-04-02 12:45:00+02:00,60061.41005694071,61799.72972
2026-04-02 13:00:00+02:00,59934.53261600441,60622.55851
2026-04-02 13:15:00+02:00,59728.09802138929,60120.83192
2026-04-02 13:30:00+02:00,59525.72489425639,59768.99208
2026-04-02 13:45:00+02:00,59329.78262578377,59409.71259
2026-04-02 14:00:00+02:00,59149.188039749235,59233.98461
2026-04-02 14:15:00+02:00,59038.574513925465,58837.39291
2026-04-02 14:30:00+02:00,57975.85046391126,58119.44882
2026-04-02 14:45:00+02:00,56407.274211884185,57777.96156
2026-04-02 15:00:00+02:00,56173.13319883698,58146.9285
2026-04-02 15:15:00+02:00,56067.956870117225,57418.94312
2026-04-02 15:30:00+02:00,55709.1334038331,57503.59367
2026-04-02 15:45:00+02:00,55318.07897545242,56877.79484
2026-04-02 16:00:00+02:00,54938.00104238917,56758.28676
2026-04-02 16:15:00+02:00,54574.04644936753,56205.61198
2026-04-02 16:30:00+02:00,54678.95877480156,56215.57369
2026-04-02 16:45:00+02:00,54657.569994566526,56345.96482
2026-04-02 17:00:00+02:00,54560.42297059738,57838.54041
2026-04-02 17:15:00+02:00,54711.42590107436,58008.12371
2026-04-02 17:30:00+02:00,54725.86016020031,58073.63794
2026-04-02 17:45:00+02:00,55283.12100784903,58425.97432
2026-04-02 18:00:00+02:00,56144.47525288323,58934.64723
2026-04-02 18:15:00+02:00,56830.41972510571,59044.13282
2026-04-02 18:30:00+02:00,56576.21156881828,59261.42038
2026-04-02 18:45:00+02:00,57051.01908327391,59676.38488
2026-04-02 19:00:00+02:00,57168.004658966485,59249.3365
2026-04-02 19:15:00+02:00,57248.430139262004,58788.43169
2026-04-02 19:30:00+02:00,57100.6132817913,58677.24847
2026-04-02 19:45:00+02:00,58734.292618008694,58864.14831
2026-04-02 20:00:00+02:00,59503.63883948465,58659.50494
2026-04-02 20:15:00+02:00,59317.50616998032,58098.94771
2026-04-02 20:30:00+02:00,57991.06112520893,57462.202
2026-04-02 20:45:00+02:00,56785.83049491061,56784.29454
2026-04-02 21:00:00+02:00,54879.652607718795,55981.91204
2026-04-02 21:15:00+02:00,54667.422701248666,55036.00699
2026-04-02 21:30:00+02:00,54183.77313750052,54583.01942
2026-04-02 21:45:00+02:00,53561.19032529454,53883.89537
2026-04-02 22:00:00+02:00,53359.1528752632,53005.54038
2026-04-02 22:15:00+02:00,53146.511025302905,52613.49662
2026-04-02 22:30:00+02:00,52447.14154437204,51602.58241
2026-04-02 22:45:00+02:00,52305.50457088275,50963.22578
2026-04-02 23:00:00+02:00,52199.40474291934,49937.12439
2026-04-02 23:15:00+02:00,51265.2038661965,48772.35301
2026-04-02 23:30:00+02:00,50414.25609122386,48630.55816
2026-04-02 23:45:00+02:00,50134.23866800582,47853.91116
2026-04-03 00:00:00+02:00,49248.503845879575,46233.753019
2026-04-03 00:15:00+02:00,49036.14168548038,45649.15246
2026-04-03 00:30:00+02:00,47678.632899284894,45091.0816
2026-04-03 00:45:00+02:00,47391.96756392139,45200.84144
2026-04-03 01:00:00+02:00,46925.813948917625,44708.77001
2026-04-03 01:15:00+02:00,46503.43935683274,44256.79159
2026-04-03 01:30:00+02:00,46058.04851216538,43762.65772
2026-04-03 01:45:00+02:00,45663.48772726967,43675.59886
2026-04-03 02:00:00+02:00,44991.94751474316,43280.16233
2026-04-03 02:15:00+02:00,44520.82752783659,43116.48115
2026-04-03 02:30:00+02:00,44520.82752783659,43022.83498
2026-04-03 02:45:00+02:00,44483.53554792046,43153.64897
2026-04-03 03:00:00+02:00,44915.734553596965,43494.57299
2026-04-03 03:15:00+02:00,44728.81841213848,42906.1732
2026-04-03 03:30:00+02:00,44687.97299059091,42895.57823
2026-04-03 03:45:00+02:00,44646.35885457721,42728.44642
2026-04-03 04:00:00+02:00,45021.217471752134,42674.77105
2026-04-03 04:15:00+02:00,45080.59470276533,42492.43318
2026-04-03 04:30:00+02:00,44705.01518140855,42624.35239
2026-04-03 04:45:00+02:00,44131.577706983764,42783.96795
2026-04-03 05:00:00+02:00,44627.183442846435,42993.64211
2026-04-03 05:15:00+02:00,45271.998158398026,42587.99098
2026-04-03 05:30:00+02:00,45280.31307353611,42691.68694
2026-04-03 05:45:00+02:00,45794.99957532696,42571.47396
2026-04-03 06:00:00+02:00,46851.77044686725,43192.25192
2026-04-03 06:15:00+02:00,47450.11743526097,42975.82528
2026-04-03 06:30:00+02:00,48773.06605696345,42974.07578
2026-04-03 06:45:00+02:00,49601.70675101131,43041.64004
2026-04-03 07:00:00+02:00,48910.237610177915,42999.06661
2026-04-03 07:15:00+02:00,48175.92366536008,43466.84341
2026-04-03 07:30:00+02:00,48195.72075672175,44582.11691
2026-04-03 07:45:00+02:00,48771.36321299619,45292.20152
2026-04-03 08:00:00+02:00,49127.27343338601,45601.18976
2026-04-03 08:15:00+02:00,49217.89572893723,46676.254309
2026-04-03 08:30:00+02:00,49285.843937119156,47252.18583
2026-04-03 08:45:00+02:00,49864.355353761806,47785.64527
2026-04-03 09:00:00+02:00,50350.10630511471,47876.95043
2026-04-03 09:15:00+02:00,52522.48915968735,48674.04226
2026-04-03 09:30:00+02:00,52980.42810160575,49811.478059
2026-04-03 09:45:00+02:00,53302.2869849104,50111.22325
2026-04-03 10:00:00+02:00,51790.93329507417,49827.49555
2026-04-03 10:15:00+02:00,52013.2154628699,50703.77822
2026-04-03 10:30:00+02:00,53726.13142480394,51456.71654
2026-04-03 10:45:00+02:00,53766.489327169606,52145.54625
2026-04-03 11:00:00+02:00,51380.085210764,52084.76755
2026-04-03 11:15:00+02:00,51107.674698796145,52371.56187
2026-04-03 11:30:00+02:00,51384.781123068446,52791.26281
2026-04-03 11:45:00+02:00,51113.32593447384,53252.77953
2026-04-03 12:00:00+02:00,50877.60438329895,51898.36127
2026-04-03 12:15:00+02:00,50778.95240275747,51874.82904
2026-04-03 12:30:00+02:00,50882.750146946244,51755.145489
2026-04-03 12:45:00+02:00,50776.70849105581,50958.154799
2026-04-03 13:00:00+02:00,50787.9970969337,50706.67201
2026-04-03 13:15:00+02:00,50504.732734475394,49557.7106
2026-04-03 13:30:00+02:00,50075.49582465103,48858.02884
2026-04-03 13:45:00+02:00,49838.81813288583,48974.25285
2026-04-03 14:00:00+02:00,49131.722907191404,47506.01801
2026-04-03 14:15:00+02:00,48981.9894016729,46697.80383
2026-04-03 14:30:00+02:00,48768.9109566443,46392.05495
2026-04-03 14:45:00+02:00,48729.86565867029,46067.78797
2026-04-03 15:00:00+02:00,49135.841822370036,45554.6317
2026-04-03 15:15:00+02:00,49410.55947543438,44968.70326
2026-04-03 15:30:00+02:00,49454.81330883986,44991.40701
2026-04-03 15:45:00+02:00,49981.09416963523,44771.64962
2026-04-03 16:00:00+02:00,50213.98716455496,45112.73932
2026-04-03 16:15:00+02:00,50213.98716455496,45341.62427
2026-04-03 16:30:00+02:00,50306.33390153017,45208.61011
2026-04-03 16:45:00+02:00,50998.02490375185,45623.69454
2026-04-03 17:00:00+02:00,50692.91897092049,46542.9983
2026-04-03 17:15:00+02:00,51233.97594872679,46912.79316
2026-04-03 17:30:00+02:00,50999.722553021944,47630.896169
2026-04-03 17:45:00+02:00,51065.366985816996,48505.32079
2026-04-03 18:00:00+02:00,50774.216488513535,49315.95363
2026-04-03 18:15:00+02:00,50788.748383018836,49581.40723
2026-04-03 18:30:00+02:00,51060.667142447295,49508.67217
2026-04-03 18:45:00+02:00,50944.61789531961,49426.30384
2026-04-03 19:00:00+02:00,51472.61361612684,49498.05193
2026-04-03 19:15:00+02:00,51477.07073693231,49505.5023
2026-04-03 19:30:00+02:00,51865.31130713795,49624.59001
2026-04-03 19:45:00+02:00,51993.46781791758,49632.78673
2026-04-03 20:00:00+02:00,52811.44740685212,49699.51526
2026-04-03 20:15:00+02:00,52763.20924767578,50258.48788
2026-04-03 20:30:00+02:00,52460.96583995684,50463.716839
2026-04-03 20:45:00+02:00,51802.37180113037,50169.47096
2026-04-03 21:00:00+02:00,51452.72862343184,49842.71182
2026-04-03 21:15:00+02:00,51164.02672956923,49831.77153
2026-04-03 21:30:00+02:00,51044.39985279183,49801.24148
2026-04-03 21:45:00+02:00,50933.260111410396,49251.63698
2026-04-03 22:00:00+02:00,51376.84280634353,48428.13417
2026-04-03 22:15:00+02:00,51964.61187390514,48788.384549
2026-04-03 22:30:00+02:00,52190.052921283495,48506.03112
2026-04-03 22:45:00+02:00,52614.703193829555,48354.42874
2026-04-03 23:00:00+02:00,52290.358329806804,47260.81609
2026-04-03 23:15:00+02:00,51557.15483879269,46920.81607
2026-04-03 23:30:00+02:00,50951.2118644835,46740.19552
2026-04-03 23:45:00+02:00,50066.573163942725,46289.43258
2026-04-04 00:00:00+02:00,48819.053780626906,45746.57744
2026-04-04 00:15:00+02:00,48569.36234672777,44847.55793
2026-04-04 00:30:00+02:00,48262.390136520975,44412.49403
2026-04-04 00:45:00+02:00,48071.0900791457,44384.4598
2026-04-04 01:00:00+02:00,47362.41027646607,43603.26283
2026-04-04 01:15:00+02:00,47150.39922568459,43135.32328
2026-04-04 01:30:00+02:00,47206.55799976266,42717.23318
2026-04-04 01:45:00+02:00,46783.29670064229,42601.59413
2026-04-04 02:00:00+02:00,43614.949651186944,42599.84639
2026-04-04 02:15:00+02:00,45758.820050328504,42309.12043
2026-04-04 02:30:00+02:00,45164.189812317905,42411.64618
2026-04-04 02:45:00+02:00,45056.42482131188,42031.71521
2026-04-04 03:00:00+02:00,44386.22892243035,42241.13574
2026-04-04 03:15:00+02:00,44256.32022740363,41855.31036
2026-04-04 03:30:00+02:00,44273.18263810786,41674.12289
2026-04-04 03:45:00+02:00,44094.37314763114,41678.16536
2026-04-04 04:00:00+02:00,44278.79074705574,41932.10082
2026-04-04 04:15:00+02:00,44288.42656038346,42053.53557
2026-04-04 04:30:00+02:00,44319.41920942123,42490.09585
2026-04-04 04:45:00+02:00,44567.295534996905,42621.65212
2026-04-04 05:00:00+02:00,44753.855887926766,43323.79339
2026-04-04 05:15:00+02:00,44743.80458227732,43512.97495
2026-04-04 05:30:00+02:00,44795.088105417075,44006.18906
2026-04-04 05:45:00+02:00,44868.992003419524,44302.23888
2026-04-04 06:00:00+02:00,44759.40970743562,44904.86402
2026-04-04 06:15:00+02:00,44745.79148063085,45011.52718
2026-04-04 06:30:00+02:00,44985.970977871155,44974.03455
2026-04-04 06:45:00+02:00,46026.99847536584,45493.91657
2026-04-04 07:00:00+02:00,46402.99460978068,45968.21408
2026-04-04 07:15:00+02:00,46752.68763664032,45492.63932
2026-04-04 07:30:00+02:00,47116.24402962157,46003.09163
2026-04-04 07:45:00+02:00,47859.43438468361,47171.19293
2026-04-04 08:00:00+02:00,49920.13998581828,48271.79655
2026-04-04 08:15:00+02:00,50618.89118608571,48818.5017
2026-04-04 08:30:00+02:00,51610.10674946652,49327.8297
2026-04-04 08:45:00+02:00,52211.59334860363,49558.18979
2026-04-04 09:00:00+02:00,52655.70070486022,49887.40592
2026-04-04 09:15:00+02:00,53480.15895117611,50252.76519
2026-04-04 09:30:00+02:00,54061.3736975911,51263.15075
2026-04-04 09:45:00+02:00,54537.12807210815,52107.80075
2026-04-04 10:00:00+02:00,54931.419720033686,52290.97435
2026-04-04 10:15:00+02:00,55170.78806914451,52389.64123
2026-04-04 10:30:00+02:00,55490.3927250113,49033.22649
2026-04-04 10:45:00+02:00,56168.81415464345,52465.05175
2026-04-04 11:00:00+02:00,56888.920110659084,52532.23797
2026-04-04 11:15:00+02:00,56754.59727924538,53462.48971
2026-04-04 11:30:00+02:00,56675.60591319988,53822.46189
2026-04-04 11:45:00+02:00,56675.60591319988,53794.92226
2026-04-04 12:00:00+02:00,56387.4714520954,53538.72643
2026-04-04 12:15:00+02:00,56769.1589465633,52992.52048
2026-04-04 12:30:00+02:00,56806.79636088741,52571.60403
2026-04-04 12:45:00+02:00,56504.06962475512,52111.56562
2026-04-04 13:00:00+02:00,56108.6203764273,51579.8561
2026-04-04 13:15:00+02:00,55915.154403321234,51569.66452
2026-04-04 13:30:00+02:00,55678.96130680786,51288.14377
2026-04-04 13:45:00+02:00,55047.82171223507,51113.80425
2026-04-04 14:00:00+02:00,54924.125616078156,50716.14252
2026-04-04 14:15:00+02:00,54827.17164377374,49509.20886
2026-04-04 14:30:00+02:00,54787.545471360456,50127.38213
2026-04-04 14:45:00+02:00,54345.99348504908,48596.54693
2026-04-04 15:00:00+02:00,53624.60197065556,49615.71619
2026-04-04 15:15:00+02:00,53788.095343421104,48805.20426
2026-04-04 15:30:00+02:00,53470.7130811448,48758.16586
2026-04-04 15:45:00+02:00,53835.14769575404,47978.73682
2026-04-04 16:00:00+02:00,52621.790277908985,48241.38233
2026-04-04 16:15:00+02:00,52996.276732395476,48092.40412
2026-04-04 16:30:00+02:00,52254.918996429944,47564.51082
2026-04-04 16:45:00+02:00,52341.91673157461,47645.31313
2026-04-04 17:00:00+02:00,51806.030798760265,47792.61643
2026-04-04 17:15:00+02:00,51531.887411208096,47585.84221
2026-04-04 17:30:00+02:00,51820.324109932604,47635.14064
2026-04-04 17:45:00+02:00,51975.57416547312,47551.1582
2026-04-04 18:00:00+02:00,52224.07333180131,47981.72012
2026-04-04 18:15:00+02:00,52523.985162616475,47860.27726
2026-04-04 18:30:00+02:00,52857.31728054545,47952.5099
2026-04-04 18:45:00+02:00,52774.824417317395,47693.26777
2026-04-04 19:00:00+02:00,52875.11853452551,47770.37024
2026-04-04 19:15:00+02:00,52893.451806836405,47753.57826
2026-04-04 19:30:00+02:00,52924.74333214796,47939.40782
2026-04-04 19:45:00+02:00,53031.913751647335,47615.77927
2026-04-04 20:00:00+02:00,52916.731943033505,47617.86542
2026-04-04 20:15:00+02:00,52683.36588426438,47726.20377
2026-04-04 20:30:00+02:00,52196.61707909937,48122.51212
2026-04-04 20:45:00+02:00,52000.861551794886,47692.41277
2026-04-04 21:00:00+02:00,51680.741767686624,47051.76888
2026-04-04 21:15:00+02:00,51346.82631394643,47371.48464
2026-04-04 21:30:00+02:00,50980.504022780835,46953.75542
2026-04-04 21:45:00+02:00,50789.043785985996,47204.0611
2026-04-04 22:00:00+02:00,51692.038958605124,46939.58532
2026-04-04 22:15:00+02:00,50915.458733709645,46583.02472
2026-04-04 22:30:00+02:00,50117.58979771627,46195.4926
2026-04-04 22:45:00+02:00,49853.585703138,45880.84632
2026-04-04 23:00:00+02:00,50522.93266571505,44943.47272
2026-04-04 23:15:00+02:00,49807.98736110085,44785.83578
2026-04-04 23:30:00+02:00,49387.59696626503,44598.21675
2026-04-04 23:45:00+02:00,49221.953080451276,44139.68796
2026-04-05 00:00:00+02:00,45573.73785334565,43378.03291
2026-04-05 00:15:00+02:00,45576.30955837896,42897.85436
2026-04-05 00:30:00+02:00,45284.85206517505,42452.22155
2026-04-05 00:45:00+02:00,44731.45514461827,41968.63511
2026-04-05 01:00:00+02:00,43889.49552577827,41129.93206
2026-04-05 01:15:00+02:00,43282.92724486388,40815.93531
2026-04-05 01:30:00+02:00,42927.31900648888,41073.20377
2026-04-05 01:45:00+02:00,42551.04115897324,40784.90708
2026-04-05 02:00:00+02:00,42061.47712007461,40567.12665
2026-04-05 02:15:00+02:00,41899.23135205381,40188.59838
2026-04-05 02:30:00+02:00,41785.10101645268,39859.4113
2026-04-05 02:45:00+02:00,41010.941527893294,39869.94575
2026-04-05 03:00:00+02:00,41324.998432560446,39515.93877
2026-04-05 03:15:00+02:00,41488.380627329694,39837.73307
2026-04-05 03:30:00+02:00,40950.66477517351,39788.24056
2026-04-05 03:45:00+02:00,41011.797458464454,39647.10552
2026-04-05 04:00:00+02:00,41058.9495067039,39770.8099
2026-04-05 04:15:00+02:00,40623.58133913681,39641.72813
2026-04-05 04:30:00+02:00,40627.87198544122,40203.50527
2026-04-05 04:45:00+02:00,40750.68498257613,40203.29079
2026-04-05 05:00:00+02:00,40920.3405329307,40531.85152
2026-04-05 05:15:00+02:00,40909.81153497311,40907.61363
2026-04-05 05:30:00+02:00,41233.23468755042,40895.51494
2026-04-05 05:45:00+02:00,40943.982742995315,41128.19713
2026-04-05 06:00:00+02:00,41311.82192079067,41288.49997
2026-04-05 06:15:00+02:00,41587.371691568245,41052.49781
2026-04-05 06:30:00+02:00,41979.62492726422,41472.84613
2026-04-05 06:45:00+02:00,42122.66231211909,41872.90463
2026-04-05 07:00:00+02:00,42426.74007943082,42682.4168
2026-04-05 07:15:00+02:00,43185.676638988545,42866.4992
2026-04-05 07:30:00+02:00,43399.86313982069,44057.29698
2026-04-05 07:45:00+02:00,44261.63894253595,45576.29137
2026-04-05 08:00:00+02:00,46029.59115801715,45302.00487
2026-04-05 08:15:00+02:00,46869.44627366121,46689.52156
2026-04-05 08:30:00+02:00,47610.629063657296,47420.26035
2026-04-05 08:45:00+02:00,48134.75407930734,48095.17523
2026-04-05 09:00:00+02:00,48223.536260037115,48864.75018
2026-04-05 09:15:00+02:00,48858.766308225735,49904.52745
2026-04-05 09:30:00+02:00,49267.50620425329,50126.63959
2026-04-05 09:45:00+02:00,49908.14787529311,50425.65071
2026-04-05 10:00:00+02:00,50092.57660792259,50547.18028
2026-04-05 10:15:00+02:00,50684.04241217517,51117.71766
2026-04-05 10:30:00+02:00,51409.58176114999,51624.29979
2026-04-05 10:45:00+02:00,51583.97212764128,51206.32523
2026-04-05 11:00:00+02:00,51482.305005642695,52282.85017
2026-04-05 11:15:00+02:00,51658.29665649599,51606.98199
2026-04-05 11:30:00+02:00,52013.987880217566,51594.25272
2026-04-05 11:45:00+02:00,52529.78016385948,51106.103
2026-04-05 12:00:00+02:00,52322.675469227266,50063.61082
2026-04-05 12:15:00+02:00,52425.443179252514,48730.89886
2026-04-05 12:30:00+02:00,52296.976423833745,48271.97371
2026-04-05 12:45:00+02:00,51917.973242209766,47678.81457
2026-04-05 13:00:00+02:00,51598.90265936102,46779.18925
2026-04-05 13:15:00+02:00,51402.85513164929,46760.88735
2026-04-05 13:30:00+02:00,50647.10541462562,45825.82821
2026-04-05 13:45:00+02:00,50216.442088786825,44394.01585
2026-04-05 14:00:00+02:00,49157.413694815856,43906.09145
2026-04-05 14:15:00+02:00,49106.38882985088,43765.39351
2026-04-05 14:30:00+02:00,48836.951512202664,43167.2474
2026-04-05 14:45:00+02:00,48708.88320698791,43124.03436
2026-04-05 15:00:00+02:00,48541.92363530378,42999.08648
2026-04-05 15:15:00+02:00,48189.51331155528,42587.49998
2026-04-05 15:30:00+02:00,48081.0464615141,42309.22999
2026-04-05 15:45:00+02:00,48001.69463649079,42131.56152
2026-04-05 16:00:00+02:00,47952.38623823352,42578.07826
2026-04-05 16:15:00+02:00,48112.83400144436,42635.98582
2026-04-05 16:30:00+02:00,47875.87968598161,43321.3215
2026-04-05 16:45:00+02:00,47724.00274214047,43992.82977
2026-04-05 17:00:00+02:00,49174.707742525774,44017.53159
2026-04-05 17:15:00+02:00,49568.657090680834,44461.89184
2026-04-05 17:30:00+02:00,49879.50782397476,45127.44543
2026-04-05 17:45:00+02:00,50107.51222550765,46439.5949
2026-04-05 18:00:00+02:00,50662.08156013563,48486.21266
2026-04-05 18:15:00+02:00,50890.50409683056,47916.22179
2026-04-05 18:30:00+02:00,50907.84972024133,47803.92986
2026-04-05 18:45:00+02:00,51527.83168838919,47618.87924
2026-04-05 19:00:00+02:00,52095.49369001672,47474.12079
2026-04-05 19:15:00+02:00,52001.49652521051,47862.47236
2026-04-05 19:30:00+02:00,52438.33300377561,47900.84013
2026-04-05 19:45:00+02:00,52488.70802111457,47662.74301
2026-04-05 20:00:00+02:00,52447.625202902025,47960.64881
2026-04-05 20:15:00+02:00,52642.17868470444,47948.58124
2026-04-05 20:30:00+02:00,52359.686376027894,45812.51526
2026-04-05 20:45:00+02:00,52105.24996782454,47898.78192
2026-04-05 21:00:00+02:00,52019.81315612399,47703.20751
2026-04-05 21:15:00+02:00,51655.7035797257,46925.1886
2026-04-05 21:30:00+02:00,51528.083990430154,46846.26081
2026-04-05 21:45:00+02:00,51355.42695158994,45955.11372
2026-04-05 22:00:00+02:00,50666.89452568158,45860.90246
2026-04-05 22:15:00+02:00,50360.01270506795,45752.06852
2026-04-05 22:30:00+02:00,49896.97680118823,45490.52161
2026-04-05 22:45:00+02:00,49576.43455780649,44846.20901
2026-04-05 23:00:00+02:00,49489.60111681834,44152.93147
2026-04-05 23:15:00+02:00,48906.91829848226,43879.85645
2026-04-05 23:30:00+02:00,48651.093883619935,43199.67116
2026-04-05 23:45:00+02:00,48565.16176971906,42484.90679
2026-04-06 00:00:00+02:00,46570.27605651048,41155.10973
2026-04-06 00:15:00+02:00,46361.291728048935,41064.1393
2026-04-06 00:30:00+02:00,45649.29524292656,41432.60804
2026-04-06 00:45:00+02:00,46053.19448720865,40901.48122
2026-04-06 01:00:00+02:00,44854.27860020789,40286.50848
2026-04-06 01:15:00+02:00,44916.30316090106,40174.3513
2026-04-06 01:30:00+02:00,44654.7975839912,39804.96267
2026-04-06 01:45:00+02:00,44119.84439782801,39744.13445
2026-04-06 02:00:00+02:00,42859.9717266873,39415.60701
2026-04-06 02:15:00+02:00,42810.187990276434,39218.4901
2026-04-06 02:30:00+02:00,42810.187990276434,39029.82496
2026-04-06 02:45:00+02:00,42531.31422091712,38774.50387
2026-04-06 03:00:00+02:00,43141.29140115392,38752.42661
2026-04-06 03:15:00+02:00,43141.29140115392,38948.97243
2026-04-06 03:30:00+02:00,42577.35587320509,39012.71382
2026-04-06 03:45:00+02:00,43456.539669021695,39248.64928
2026-04-06 04:00:00+02:00,43717.57155396488,39593.63469
2026-04-06 04:15:00+02:00,44101.8253933768,39643.16014
2026-04-06 04:30:00+02:00,43372.35341604892,40191.19899
2026-04-06 04:45:00+02:00,43893.14246358542,40218.04919
2026-04-06 05:00:00+02:00,44303.51063385628,40362.30809
2026-04-06 05:15:00+02:00,44431.168130431564,40554.4906
2026-04-06 05:30:00+02:00,44928.27889731207,40571.59262
2026-04-06 05:45:00+02:00,46111.252698584496,40923.68325
2026-04-06 06:00:00+02:00,47667.441283761145,41070.17233
2026-04-06 06:15:00+02:00,47354.5889785125,41042.42847
2026-04-06 06:30:00+02:00,47832.069271178356,40844.77646
2026-04-06 06:45:00+02:00,48257.57069557578,40812.37985
2026-04-06 07:00:00+02:00,48972.03263185788,41266.91269
2026-04-06 07:15:00+02:00,49469.739892027384,41714.34629
2026-04-06 07:30:00+02:00,49753.97549279202,42534.28434
2026-04-06 07:45:00+02:00,50600.79307915192,43975.79188
2026-04-06 08:00:00+02:00,51104.21097389081,44123.79502
2026-04-06 08:15:00+02:00,51421.16231167068,45222.02357
2026-04-06 08:30:00+02:00,51241.490475691804,43369.69176
2026-04-06 08:45:00+02:00,51921.93061285933,47141.81868
2026-04-06 09:00:00+02:00,52403.034321529914,47761.68841
2026-04-06 09:15:00+02:00,52947.19989784979,48300.40937
2026-04-06 09:30:00+02:00,55328.70723072907,48918.36529
2026-04-06 09:45:00+02:00,56711.62048023181,48997.17397
2026-04-06 10:00:00+02:00,53540.17917698808,48805.39001
2026-04-06 10:15:00+02:00,53739.15547624224,48898.5966
2026-04-06 10:30:00+02:00,54041.51381727168,49032.64291
2026-04-06 10:45:00+02:00,55190.928410673165,48174.60139
2026-04-06 11:00:00+02:00,55181.67850829108,48876.24185
2026-04-06 11:15:00+02:00,56300.622057144086,49059.4303
2026-04-06 11:30:00+02:00,57153.1388472281,48642.66434
2026-04-06 11:45:00+02:00,57153.1388472281,48118.06131
2026-04-06 12:00:00+02:00,56213.89901697321,47130.19094
2026-04-06 12:15:00+02:00,56185.582224004276,46296.42225
2026-04-06 12:30:00+02:00,56124.692528693115,45561.85742
2026-04-06 12:45:00+02:00,56056.817331728496,44594.96623
2026-04-06 13:00:00+02:00,54811.257351989814,44357.0017
2026-04-06 13:15:00+02:00,52490.796114119854,44093.96285
2026-04-06 13:30:00+02:00,51921.8807613167,43855.55497
2026-04-06 13:45:00+02:00,51221.88678442912,43232.18154
2026-04-06 14:00:00+02:00,51717.08197530454,42697.59472
2026-04-06 14:15:00+02:00,51276.2275494755,42041.90608
2026-04-06 14:30:00+02:00,51343.81909881491,40900.901
2026-04-06 14:45:00+02:00,51284.698839941804,40688.49364
2026-04-06 15:00:00+02:00,51193.68377797955,40363.85378
2026-04-06 15:15:00+02:00,51133.92593674273,39681.97653
2026-04-06 15:30:00+02:00,51156.130633160086,39511.58752
2026-04-06 15:45:00+02:00,51067.37715887587,38875.44887
2026-04-06 16:00:00+02:00,51059.02307788561,40159.33478
2026-04-06 16:15:00+02:00,50583.52258481376,40067.79384
2026-04-06 16:30:00+02:00,50675.26703336892,40307.94324
2026-04-06 16:45:00+02:00,50884.29341583178,40490.65089
2026-04-06 17:00:00+02:00,51195.30195576993,40964.10575
2026-04-06 17:15:00+02:00,51804.83757046105,41722.38387
2026-04-06 17:30:00+02:00,51822.603089246724,42576.2789
2026-04-06 17:45:00+02:00,51826.17851194982,43325.09916
2026-04-06 18:00:00+02:00,52194.40836714393,45315.39332
2026-04-06 18:15:00+02:00,52189.38974020685,46016.66739
2026-04-06 18:30:00+02:00,52312.80194596088,46509.27771
2026-04-06 18:45:00+02:00,52308.13007589443,47141.61431
2026-04-06 19:00:00+02:00,53096.03439342509,47552.29536
2026-04-06 19:15:00+02:00,53068.02475187463,46982.72471
2026-04-06 19:30:00+02:00,52948.702775518796,46994.27656
2026-04-06 19:45:00+02:00,53047.92297304167,47353.03453
2026-04-06 20:00:00+02:00,53586.251829816785,47852.03705
2026-04-06 20:15:00+02:00,53586.251829816785,47950.08118
2026-04-06 20:30:00+02:00,53365.5726884098,47993.73334
2026-04-06 20:45:00+02:00,52900.795460264424,47703.83065
2026-04-06 21:00:00+02:00,52296.878441753885,47591.54046
2026-04-06 21:15:00+02:00,51822.454834189455,47252.14813
2026-04-06 21:30:00+02:00,51373.15949349989,46899.87624
2026-04-06 21:45:00+02:00,51290.806059794064,46559.79581
2026-04-06 22:00:00+02:00,51503.60544380065,46284.41521
2026-04-06 22:15:00+02:00,51914.50165950918,45833.94836
2026-04-06 22:30:00+02:00,51257.18041946425,45401.95314
2026-04-06 22:45:00+02:00,50827.99879396141,44647.92055
2026-04-06 23:00:00+02:00,50045.29400665216,43859.3136
2026-04-06 23:15:00+02:00,49274.22825081621,43548.6728
2026-04-06 23:30:00+02:00,49157.53664328425,43219.64078
2026-04-06 23:45:00+02:00,48776.737267018296,42634.93135
2026-04-07 00:00:00+02:00,46089.51731066219,41416.88824
2026-04-07 00:15:00+02:00,45882.2663475806,41103.52722
2026-04-07 00:30:00+02:00,45685.80495794812,40815.7321
2026-04-07 00:45:00+02:00,44710.76152540916,40426.1691
2026-04-07 01:00:00+02:00,44347.22806169576,39904.7615
2026-04-07 01:15:00+02:00,44061.408542871526,39657.98005
2026-04-07 01:30:00+02:00,43947.45835081125,39419.03176
2026-04-07 01:45:00+02:00,43956.27065141755,39391.77913
2026-04-07 02:00:00+02:00,43573.37038379959,39404.5988
2026-04-07 02:15:00+02:00,43554.57848292196,39456.91647
2026-04-07 02:30:00+02:00,43608.505654906374,39435.80376
2026-04-07 02:45:00+02:00,43587.57209632817,39849.90408
2026-04-07 03:00:00+02:00,43615.966374279335,40042.99517
2026-04-07 03:15:00+02:00,43616.86726322521,40054.19399
2026-04-07 03:30:00+02:00,43673.71606268239,40041.77888
2026-04-07 03:45:00+02:00,43773.335077714466,40474.62051
2026-04-07 04:00:00+02:00,44013.029663933274,41301.55488
2026-04-07 04:15:00+02:00,44191.13536426893,41720.40594
2026-04-07 04:30:00+02:00,44615.33778575318,41786.85878
2026-04-07 04:45:00+02:00,44827.52791230421,42543.21488
2026-04-07 05:00:00+02:00,46166.38322417605,43820.44856
2026-04-07 05:15:00+02:00,46592.75162401197,44605.0665
2026-04-07 05:30:00+02:00,46895.18050977956,45918.52545
2026-04-07 05:45:00+02:00,47847.76709808275,47825.19994
2026-04-07 06:00:00+02:00,49571.81712771165,50078.92822
2026-04-07 06:15:00+02:00,51411.230436567675,51916.19322
2026-04-07 06:30:00+02:00,51829.13035593591,52791.10421
2026-04-07 06:45:00+02:00,53165.63762449366,53992.54881
2026-04-07 07:00:00+02:00,54993.24712607301,55583.36505
2026-04-07 07:15:00+02:00,55858.97131929958,56968.50942
2026-04-07 07:30:00+02:00,57828.719503046814,58574.74711
2026-04-07 07:45:00+02:00,59329.4274032684,59192.27041
2026-04-07 08:00:00+02:00,59951.220782218115,60297.71231
2026-04-07 08:15:00+02:00,60136.147494583165,61552.60932
2026-04-07 08:30:00+02:00,60142.64494079866,62661.8181
2026-04-07 08:45:00+02:00,60561.38820823983,62489.76556
2026-04-07 09:00:00+02:00,59828.0208531143,61819.89027
2026-04-07 09:15:00+02:00,59754.44297401464,62545.8004
2026-04-07 09:30:00+02:00,60581.13939154537,63238.39604
2026-04-07 09:45:00+02:00,59914.40820310942,63278.7938
2026-04-07 10:00:00+02:00,59224.58837140734,62154.89587
2026-04-07 10:15:00+02:00,59660.13094193798,61596.36865
2026-04-07 10:30:00+02:00,59721.38270351386,61276.74869
2026-04-07 10:45:00+02:00,60118.317215821364,61187.76557
2026-04-07 11:00:00+02:00,58970.68103668276,60170.94834
2026-04-07 11:15:00+02:00,59780.217351360014,60018.22573
2026-04-07 11:30:00+02:00,59780.217351360014,60054.48112
2026-04-07 11:45:00+02:00,59775.691701819334,59845.47659
2026-04-07 12:00:00+02:00,59042.510430380615,58647.87272
2026-04-07 12:15:00+02:00,59080.770487199756,58621.35356
2026-04-07 12:30:00+02:00,58269.036817413755,58212.62737
2026-04-07 12:45:00+02:00,58272.52601883129,58029.68506
2026-04-07 13:00:00+02:00,58278.62382466935,58187.4111
2026-04-07 13:15:00+02:00,57513.498039960454,57872.25226
2026-04-07 13:30:00+02:00,57147.08499276812,57541.937
2026-04-07 13:45:00+02:00,56872.01720873112,56968.97133
2026-04-07 14:00:00+02:00,55882.77145312171,56759.85432
2026-04-07 14:15:00+02:00,55738.967793784286,56231.65445
2026-04-07 14:30:00+02:00,54571.801480923656,55855.74083
2026-04-07 14:45:00+02:00,54531.16824356314,55091.65345
2026-04-07 15:00:00+02:00,54433.81409585231,54893.19712
2026-04-07 15:15:00+02:00,54420.43187512833,54862.34732
2026-04-07 15:30:00+02:00,54071.99149213951,53747.89736
2026-04-07 15:45:00+02:00,54229.65741056262,53433.56632
2026-04-07 16:00:00+02:00,54310.60002044433,53407.7521
2026-04-07 16:15:00+02:00,53874.558347089536,52912.59975
2026-04-07 16:30:00+02:00,53608.91981314765,52896.48139
2026-04-07 16:45:00+02:00,53866.17023691391,53163.70162
2026-04-07 17:00:00+02:00,54088.388919830526,53492.00446
2026-04-07 17:15:00+02:00,54362.0843762247,53301.2655
2026-04-07 17:30:00+02:00,54163.67330331105,53926.31187
2026-04-07 17:45:00+02:00,54441.61394624949,54772.13045
2026-04-07 18:00:00+02:00,54919.88555072894,55505.88996
2026-04-07 18:15:00+02:00,54934.46082110781,56520.97274
2026-04-07 18:30:00+02:00,54977.10131748726,57894.07561
2026-04-07 18:45:00+02:00,55282.06089200702,58693.5446
2026-04-07 19:00:00+02:00,56352.43387338525,59624.19994
2026-04-07 19:15:00+02:00,55883.39121118721,59843.99204
2026-04-07 19:30:00+02:00,55795.22836503363,59472.77728
2026-04-07 19:45:00+02:00,55744.53344225215,59343.05969
2026-04-07 20:00:00+02:00,56131.89353081738,59208.13663
2026-04-07 20:15:00+02:00,56126.49579590111,59861.69497
2026-04-07 20:30:00+02:00,55625.248855245954,59375.32049
2026-04-07 20:45:00+02:00,55150.24698070466,58924.38178
2026-04-07 21:00:00+02:00,54361.643387634955,57631.58304
2026-04-07 21:15:00+02:00,53468.88553096144,57297.02267
2026-04-07 21:30:00+02:00,52989.87858129121,56205.1634
2026-04-07 21:45:00+02:00,52230.139424004345,55522.0884
2026-04-07 22:00:00+02:00,51583.64552948968,54339.85791
2026-04-07 22:15:00+02:00,50623.08121840542,53427.87278
2026-04-07 22:30:00+02:00,50281.455655869744,52567.23173
2026-04-07 22:45:00+02:00,49703.47721600898,51831.15872
2026-04-07 23:00:00+02:00,48949.17947501749,51015.82209
2026-04-07 23:15:00+02:00,48622.617173010425,50111.11394
2026-04-07 23:30:00+02:00,48170.3809221607,49129.73926
2026-04-07 23:45:00+02:00,47866.424533182006,48866.85348
2026-04-08 00:00:00+02:00,46710.56694660107,47529.1886
2026-04-08 00:15:00+02:00,46463.071970407684,47325.22666
2026-04-08 00:30:00+02:00,46239.13710267411,47223.06137
2026-04-08 00:45:00+02:00,45667.86049237219,46866.94609
2026-04-08 01:00:00+02:00,45363.92561761149,45752.06212
2026-04-08 01:15:00+02:00,44904.283307962665,45359.72124
2026-04-08 01:30:00+02:00,44721.33168016134,45452.04491
2026-04-08 01:45:00+02:00,44624.08479777375,45161.37303
2026-04-08 02:00:00+02:00,44378.01803416819,44798.10375
2026-04-08 02:15:00+02:00,44326.62957572513,44654.92603
2026-04-08 02:30:00+02:00,44004.900691434545,44424.78774
2026-04-08 02:45:00+02:00,43818.25246067686,44712.51122
2026-04-08 03:00:00+02:00,44127.4543954338,44854.16381
2026-04-08 03:15:00+02:00,44199.17347943556,44900.91574
2026-04-08 03:30:00+02:00,44209.49640709885,44966.85539
2026-04-08 03:45:00+02:00,44603.261173679486,45264.95755
2026-04-08 04:00:00+02:00,45019.44594686279,46300.92089
2026-04-08 04:15:00+02:00,45073.884155841246,46553.54287
2026-04-08 04:30:00+02:00,45598.28270426846,47163.67312
2026-04-08 04:45:00+02:00,45872.13954202467,47748.62771
2026-04-08 05:00:00+02:00,47301.24312606111,49288.52213
2026-04-08 05:15:00+02:00,47776.39454170714,49881.99643
2026-04-08 05:30:00+02:00,48507.42943766095,50935.91356
2026-04-08 05:45:00+02:00,49651.45514851105,52609.97285
2026-04-08 06:00:00+02:00,52108.81491958706,54986.56644
2026-04-08 06:15:00+02:00,54022.89428660645,56682.21114
2026-04-08 06:30:00+02:00,55168.186804923476,57727.19742
2026-04-08 06:45:00+02:00,56318.52631917157,58526.88138
2026-04-08 07:00:00+02:00,58042.23757529244,59808.78342
2026-04-08 07:15:00+02:00,58617.23148152681,60793.54245
2026-04-08 07:30:00+02:00,59408.34225606956,62046.18136
2026-04-08 07:45:00+02:00,60845.42296348965,63216.29407
2026-04-08 08:00:00+02:00,61548.89815561246,63372.3503
2026-04-08 08:15:00+02:00,62081.463857018716,63969.22389
2026-04-08 08:30:00+02:00,62133.40625894317,64470.45962
2026-04-08 08:45:00+02:00,62742.6921118648,64280.34599
2026-04-08 09:00:00+02:00,61953.2109322283,63507.60097
2026-04-08 09:15:00+02:00,62019.97243211461,63527.47942
2026-04-08 09:30:00+02:00,62228.35784189923,63785.23602
2026-04-08 09:45:00+02:00,62844.136143763295,63151.73642
2026-04-08 10:00:00+02:00,60993.896379262806,62810.06941
2026-04-08 10:15:00+02:00,61218.57447889958,62579.95344
2026-04-08 10:30:00+02:00,61348.54337035471,62061.68163
2026-04-08 10:45:00+02:00,61492.42362465267,61920.26523
2026-04-08 11:00:00+02:00,61109.26569598916,61298.02826
2026-04-08 11:15:00+02:00,61113.5116014611,61445.24942
2026-04-08 11:30:00+02:00,60879.18508203574,60919.76544
2026-04-08 11:45:00+02:00,60419.62111394526,60758.96697
2026-04-08 12:00:00+02:00,60264.67800471561,59538.41737
2026-04-08 12:15:00+02:00,60060.41930800913,59132.06691
2026-04-08 12:30:00+02:00,60043.780411583124,58923.38758
2026-04-08 12:45:00+02:00,59626.44656380522,59254.77059
2026-04-08 13:00:00+02:00,59894.08720634696,58769.89303
2026-04-08 13:15:00+02:00,58680.17652389774,58557.05231
2026-04-08 13:30:00+02:00,57459.960495943174,58130.49886
2026-04-08 13:45:00+02:00,56914.25832908164,57237.70903
2026-04-08 14:00:00+02:00,56706.224273670734,56704.42885
2026-04-08 14:15:00+02:00,56384.4722369268,56270.65742
2026-04-08 14:30:00+02:00,56146.08373274405,55574.6887
2026-04-08 14:45:00+02:00,55562.11235203221,55338.41866
2026-04-08 15:00:00+02:00,55856.40467562387,55115.6528
2026-04-08 15:15:00+02:00,55250.635552689855,54134.69764
2026-04-08 15:30:00+02:00,55250.635552689855,54120.64546
2026-04-08 15:45:00+02:00,54047.33940580798,53739.72114
2026-04-08 16:00:00+02:00,53944.90668078203,54285.8269
2026-04-08 16:15:00+02:00,53556.43588735783,53812.74448
2026-04-08 16:30:00+02:00,54306.421519097115,53260.12211
2026-04-08 16:45:00+02:00,54253.70176026927,53469.80543
2026-04-08 17:00:00+02:00,55158.15132968924,54296.06142
2026-04-08 17:15:00+02:00,55518.511285656765,54460.99123
2026-04-08 17:30:00+02:00,56043.42043304284,54923.52525
2026-04-08 17:45:00+02:00,56291.922111733504,55287.78966
2026-04-08 18:00:00+02:00,56713.95060043064,56629.18806
2026-04-08 18:15:00+02:00,56706.26454635763,57202.83162
2026-04-08 18:30:00+02:00,56799.06937497438,58143.18863
2026-04-08 18:45:00+02:00,56684.21075389209,58791.58385
2026-04-08 19:00:00+02:00,57352.85434352212,59392.14544
2026-04-08 19:15:00+02:00,57430.51569613954,59058.75873
2026-04-08 19:30:00+02:00,57400.68935892221,59236.24021
2026-04-08 19:45:00+02:00,57249.91814892205,58920.9368
2026-04-08 20:00:00+02:00,57721.90120927064,58892.39048
2026-04-08 20:15:00+02:00,57634.10831948266,60028.46429
2026-04-08 20:30:00+02:00,57494.52061622124,59732.69291
2026-04-08 20:45:00+02:00,57115.83376757626,58918.58503
2026-04-08 21:00:00+02:00,56162.182666212604,57641.24963
2026-04-08 21:15:00+02:00,56055.43234108992,57127.96049
2026-04-08 21:30:00+02:00,55572.21911071101,56685.66983
2026-04-08 21:45:00+02:00,54724.028978971044,55963.89995
2026-04-08 22:00:00+02:00,53775.04394677996,55006.87691
2026-04-08 22:15:00+02:00,52608.86608586017,54204.90451
2026-04-08 22:30:00+02:00,52120.62461051382,53286.6347
2026-04-08 22:45:00+02:00,50649.563400772786,52923.3834
2026-04-08 23:00:00+02:00,49613.014915953114,51326.08496
2026-04-08 23:15:00+02:00,48974.518718383384,50733.75699
2026-04-08 23:30:00+02:00,48181.102392832356,50129.89233
2026-04-08 23:45:00+02:00,47724.85710045728,49572.96022
2026-04-09 00:00:00+02:00,47912.98977940927,48728.82747
2026-04-09 00:15:00+02:00,47909.64838111922,48573.52332
2026-04-09 00:30:00+02:00,47510.42944563071,47877.23593
2026-04-09 00:45:00+02:00,47032.08457947877,47320.85957
2026-04-09 01:00:00+02:00,46822.12783932278,47224.56531
2026-04-09 01:15:00+02:00,46816.06408195361,46734.21073
2026-04-09 01:30:00+02:00,46394.04929174331,46242.25618
2026-04-09 01:45:00+02:00,46164.86419137195,45928.36322
2026-04-09 02:00:00+02:00,45723.61133728655,45400.68634
2026-04-09 02:15:00+02:00,45665.79605169923,45258.66161
2026-04-09 02:30:00+02:00,45674.2482863201,45474.22951
2026-04-09 02:45:00+02:00,45834.72931213281,45761.09325
2026-04-09 03:00:00+02:00,45767.57064980709,45684.35643
2026-04-09 03:15:00+02:00,45767.57064980709,45795.5959
2026-04-09 03:30:00+02:00,45811.01283632815,46038.84479
2026-04-09 03:45:00+02:00,45889.72972874276,46195.11695
2026-04-09 04:00:00+02:00,46421.46760251723,46524.14923
2026-04-09 04:15:00+02:00,46421.46760251723,47251.05884
2026-04-09 04:30:00+02:00,47094.34150858105,47731.04178
2026-04-09 04:45:00+02:00,47825.101288140155,48368.16765
2026-04-09 05:00:00+02:00,48709.71025426154,49727.48609
2026-04-09 05:15:00+02:00,49198.33598091298,50249.95764
2026-04-09 05:30:00+02:00,50079.97843064685,51406.84194
2026-04-09 05:45:00+02:00,51404.03652990908,52831.75557
2026-04-09 06:00:00+02:00,54219.12600505019,54839.71522
2026-04-09 06:15:00+02:00,55722.73955335049,56501.31631
2026-04-09 06:30:00+02:00,56844.09353765475,57332.0898
2026-04-09 06:45:00+02:00,57389.133771684435,58510.01482
2026-04-09 07:00:00+02:00,59138.148143721584,59526.17306
2026-04-09 07:15:00+02:00,60332.30424536991,60998.90662
2026-04-09 07:30:00+02:00,61932.80585630133,62007.76669
2026-04-09 07:45:00+02:00,62801.48256509928,62478.20159
2026-04-09 08:00:00+02:00,63266.0859533238,63097.31981
2026-04-09 08:15:00+02:00,64070.96117714079,63628.59561
2026-04-09 08:30:00+02:00,65036.32764558116,64188.99093
2026-04-09 08:45:00+02:00,65082.702685631666,64532.53543
2026-04-09 09:00:00+02:00,63913.74038205647,63653.37362
2026-04-09 09:15:00+02:00,64007.020187853814,64025.96519
2026-04-09 09:30:00+02:00,64086.67436150362,64322.81086
2026-04-09 09:45:00+02:00,64159.540085001725,64167.85865
2026-04-09 10:00:00+02:00,62553.50276921913,63288.81161
2026-04-09 10:15:00+02:00,62495.90055685901,63907.72842
2026-04-09 10:30:00+02:00,62616.26809730067,63369.84572
2026-04-09 10:45:00+02:00,62699.57552624348,63119.8475
2026-04-09 11:00:00+02:00,61910.29166776776,62032.11888
2026-04-09 11:15:00+02:00,62113.89613409803,61638.37067
2026-04-09 11:30:00+02:00,61698.29041999101,61992.39478
2026-04-09 11:45:00+02:00,61712.362057414386,61960.14214
2026-04-09 12:00:00+02:00,59729.963659308276,60849.06407
2026-04-09 12:15:00+02:00,59549.3977751846,60866.13646
2026-04-09 12:30:00+02:00,59420.45628418486,60522.13133
2026-04-09 12:45:00+02:00,59222.498397994714,60470.09344
2026-04-09 13:00:00+02:00,58822.59944858786,59812.60847
2026-04-09 13:15:00+02:00,58154.68465987022,59524.65541
2026-04-09 13:30:00+02:00,57836.509746579555,58807.25548
2026-04-09 13:45:00+02:00,57668.10603853905,58396.27867
2026-04-09 14:00:00+02:00,57367.72553652959,57593.1771
2026-04-09 14:15:00+02:00,57017.52283162215,57038.47508
2026-04-09 14:30:00+02:00,56219.895607701605,55784.72944
2026-04-09 14:45:00+02:00,56048.30934045446,55943.13489
2026-04-09 15:00:00+02:00,56158.97970919797,56130.10815
2026-04-09 15:15:00+02:00,56015.01440751259,55707.46194
2026-04-09 15:30:00+02:00,55968.21545804541,55926.62331
2026-04-09 15:45:00+02:00,54920.96848878744,55605.74354
2026-04-09 16:00:00+02:00,54737.73042961083,56131.18109
2026-04-09 16:15:00+02:00,53757.18031211431,55707.52017
2026-04-09 16:30:00+02:00,53765.88769576771,55122.05488
2026-04-09 16:45:00+02:00,54133.69620175659,55245.63632
2026-04-09 17:00:00+02:00,56229.65912854723,55442.29031
2026-04-09 17:15:00+02:00,56475.62321583994,56043.44293
2026-04-09 17:30:00+02:00,56466.53773483564,56085.7971
2026-04-09 17:45:00+02:00,56928.946037205205,56354.47306
2026-04-09 18:00:00+02:00,58190.58214100044,57287.15023
2026-04-09 18:15:00+02:00,58409.62967777187,57905.85327
2026-04-09 18:30:00+02:00,58397.39705013199,58651.28755
2026-04-09 18:45:00+02:00,58559.802878671966,59264.3305
2026-04-09 19:00:00+02:00,59218.747036800385,59632.92125
2026-04-09 19:15:00+02:00,58935.76370968664,59436.22847
2026-04-09 19:30:00+02:00,59058.858836590385,59655.33049
2026-04-09 19:45:00+02:00,58770.309483371864,59928.18044
2026-04-09 20:00:00+02:00,59358.609236829856,59609.29144
2026-04-09 20:15:00+02:00,58700.03629637597,59990.17872
2026-04-09 20:30:00+02:00,58282.98266103077,59844.59322
2026-04-09 20:45:00+02:00,56753.22160365686,59337.10871
2026-04-09 21:00:00+02:00,55422.88054691508,58673.13803
2026-04-09 21:15:00+02:00,54600.52346460057,58246.49495
2026-04-09 21:30:00+02:00,54061.533613550644,57055.45146
2026-04-09 21:45:00+02:00,53624.71727153679,56420.00034
2026-04-09 22:00:00+02:00,52590.93694313201,56066.11146
2026-04-09 22:15:00+02:00,52237.592645169236,55106.68156
2026-04-09 22:30:00+02:00,51280.53543833912,54103.5621
2026-04-09 22:45:00+02:00,50795.75127609847,53405.08971
2026-04-09 23:00:00+02:00,50384.30532607958,52500.84648
2026-04-09 23:15:00+02:00,48628.14518742055,51805.74065
2026-04-09 23:30:00+02:00,48207.27817881503,51254.2849
2026-04-09 23:45:00+02:00,47967.50569367867,50512.35131
2026-04-10 00:00:00+02:00,48695.68897029878,49536.77657
2026-04-10 00:15:00+02:00,48529.42063163308,49254.11532
2026-04-10 00:30:00+02:00,48040.04876067443,48325.49663
2026-04-10 00:45:00+02:00,48140.719905124606,47971.46395
2026-04-10 01:00:00+02:00,48026.221075043366,47142.9923
2026-04-10 01:15:00+02:00,47909.8574961673,46453.9862
2026-04-10 01:30:00+02:00,47635.02465509033,46439.92505
2026-04-10 01:45:00+02:00,47611.82335842355,46270.60335
2026-04-10 02:00:00+02:00,47019.868072605816,45093.74477
2026-04-10 02:15:00+02:00,47019.868072605816,45531.07492
2026-04-10 02:30:00+02:00,47009.367074506394,45819.83861
2026-04-10 02:45:00+02:00,46826.57028065477,45953.20571
2026-04-10 03:00:00+02:00,46252.53849722809,45942.60197
2026-04-10 03:15:00+02:00,46172.36568135999,46430.95614
2026-04-10 03:30:00+02:00,45824.587487938814,46350.83635
2026-04-10 03:45:00+02:00,45710.779757922,46270.78604
2026-04-10 04:00:00+02:00,46054.64149970183,47245.16859
2026-04-10 04:15:00+02:00,46017.287274675924,47686.61377
2026-04-10 04:30:00+02:00,46574.36742554738,47796.12579
2026-04-10 04:45:00+02:00,46826.761606747146,48271.8759
2026-04-10 05:00:00+02:00,47275.76145063932,49230.49135
2026-04-10 05:15:00+02:00,47577.05295376092,49891.91253
2026-04-10 05:30:00+02:00,48048.636373112415,50912.65325
2026-04-10 05:45:00+02:00,48457.94236432207,51955.95594
2026-04-10 06:00:00+02:00,49400.20503686583,54650.1601
2026-04-10 06:15:00+02:00,49700.91184229293,56065.33009
2026-04-10 06:30:00+02:00,50137.49124700219,57491.94307
2026-04-10 06:45:00+02:00,50494.68448095561,58081.2538
2026-04-10 07:00:00+02:00,52413.57430789647,59275.62785
2026-04-10 07:15:00+02:00,53206.26184198905,60478.94335
2026-04-10 07:30:00+02:00,54806.42513441855,60969.14278
2026-04-10 07:45:00+02:00,55856.48471854889,61505.66117
2026-04-10 08:00:00+02:00,56942.47937575409,61867.65486
2026-04-10 08:15:00+02:00,58566.06790411511,62977.94206
2026-04-10 08:30:00+02:00,58948.93931669714,63166.95625
2026-04-10 08:45:00+02:00,59050.724982137916,63872.29297
2026-04-10 09:00:00+02:00,58866.514865952246,63733.15234
2026-04-10 09:15:00+02:00,58689.48301302775,64574.8603
2026-04-10 09:30:00+02:00,59639.330178713,64802.44243
2026-04-10 09:45:00+02:00,59889.65977367282,65355.68506
2026-04-10 10:00:00+02:00,59955.74498894978,65428.85246
2026-04-10 10:15:00+02:00,60044.02736545024,65584.73858
2026-04-10 10:30:00+02:00,60270.13203697078,65429.71574
2026-04-10 10:45:00+02:00,60028.53148586196,65228.72455
2026-04-10 11:00:00+02:00,60088.180205017816,65030.30689
2026-04-10 11:15:00+02:00,60052.05135087622,64591.10529
2026-04-10 11:30:00+02:00,59899.19131148815,64243.91771
2026-04-10 11:45:00+02:00,59998.1160190752,63334.4174
2026-04-10 12:00:00+02:00,59709.42438453203,62617.34064
2026-04-10 12:15:00+02:00,59365.60769795988,62016.90459
2026-04-10 12:30:00+02:00,59354.81528802798,61606.84821
2026-04-10 12:45:00+02:00,59505.13444714326,61863.20582
2026-04-10 13:00:00+02:00,58782.05747358272,61278.90678
2026-04-10 13:15:00+02:00,57776.00424102952,60536.08059
2026-04-10 13:30:00+02:00,56779.06745995247,59577.7327
2026-04-10 13:45:00+02:00,56549.731412355824,58689.80016
2026-04-10 14:00:00+02:00,56228.938289311205,58203.67663
2026-04-10 14:15:00+02:00,55715.76363148657,58128.24332
2026-04-10 14:30:00+02:00,55424.98506292236,57732.42629
2026-04-10 14:45:00+02:00,54642.65884557338,57396.01922
2026-04-10 15:00:00+02:00,53538.9977213032,56744.17979
2026-04-10 15:15:00+02:00,53247.258955478705,56266.2423
2026-04-10 15:30:00+02:00,52815.53000623336,55361.34043
2026-04-10 15:45:00+02:00,52312.02953853816,54987.89781
2026-04-10 16:00:00+02:00,52759.088376270185,55849.818
2026-04-10 16:15:00+02:00,52806.92918998391,55719.49219
2026-04-10 16:30:00+02:00,53164.22724557153,55411.05591
2026-04-10 16:45:00+02:00,52747.208802912195,55478.80726
2026-04-10 17:00:00+02:00,53409.31041634389,55726.16857
2026-04-10 17:15:00+02:00,53416.22773457768,55128.39123
2026-04-10 17:30:00+02:00,53487.997832160814,55762.1563
2026-04-10 17:45:00+02:00,53704.54553100868,56517.52046
2026-04-10 18:00:00+02:00,54907.75582705865,57062.99252
2026-04-10 18:15:00+02:00,54625.00619537722,57050.47588
2026-04-10 18:30:00+02:00,55331.804181017615,57054.92559
2026-04-10 18:45:00+02:00,55789.77953180442,57474.33407
2026-04-10 19:00:00+02:00,55748.727902494975,57772.57527
2026-04-10 19:15:00+02:00,55683.86276833019,57390.41854
2026-04-10 19:30:00+02:00,56378.36871717494,57480.78916
2026-04-10 19:45:00+02:00,56780.559536319735,57250.07833
2026-04-10 20:00:00+02:00,57467.41192198429,57083.84224
2026-04-10 20:15:00+02:00,56986.55831895499,56999.43143
2026-04-10 20:30:00+02:00,56324.78554716237,56530.70465
2026-04-10 20:45:00+02:00,55969.832410296425,56182.22422
2026-04-10 21:00:00+02:00,53962.49617895358,55282.91986
2026-04-10 21:15:00+02:00,53721.723765444636,54580.79012
2026-04-10 21:30:00+02:00,53447.73022596425,53811.58004
2026-04-10 21:45:00+02:00,52634.23109560167,53005.48569
2026-04-10 22:00:00+02:00,51394.27169112727,52864.08588
2026-04-10 22:15:00+02:00,50997.963163016604,52240.97232
2026-04-10 22:30:00+02:00,50138.01049108081,50865.80447
2026-04-10 22:45:00+02:00,49639.292469286396,49840.85235
2026-04-10 23:00:00+02:00,48993.18295359382,49417.09792
2026-04-10 23:15:00+02:00,48794.019301416985,48730.82195
2026-04-10 23:30:00+02:00,48505.5402442077,47883.08454
2026-04-10 23:45:00+02:00,48506.98064606981,47564.48886
2026-04-11 00:00:00+02:00,47166.77286101439,46314.37747
2026-04-11 00:15:00+02:00,46675.04645668802,45932.20209
2026-04-11 00:30:00+02:00,46307.138428656384,45930.82616
2026-04-11 00:45:00+02:00,46036.06292387881,45037.78891
2026-04-11 01:00:00+02:00,45846.59858128241,44412.11646
2026-04-11 01:15:00+02:00,45798.32086650948,43903.83799
2026-04-11 01:30:00+02:00,44806.684605612994,43630.02179
2026-04-11 01:45:00+02:00,44589.814222762776,43485.44047
2026-04-11 02:00:00+02:00,42164.99016486352,43590.76374
2026-04-11 02:15:00+02:00,43877.93676334599,43752.63953
2026-04-11 02:30:00+02:00,44223.19927121163,43377.45073
2026-04-11 02:45:00+02:00,43888.18611146905,43488.43105
2026-04-11 03:00:00+02:00,43708.21436292449,43562.02751
2026-04-11 03:15:00+02:00,43364.19866795885,43382.10806
2026-04-11 03:30:00+02:00,43340.0087844759,43254.99769
2026-04-11 03:45:00+02:00,43291.0101788131,43505.76335
2026-04-11 04:00:00+02:00,43568.07884619444,43773.99731
2026-04-11 04:15:00+02:00,43799.373659378834,43807.51931
2026-04-11 04:30:00+02:00,44188.54155946504,43637.21049
2026-04-11 04:45:00+02:00,44439.20747179221,43255.40407
2026-04-11 05:00:00+02:00,45012.84007269157,43461.12139
2026-04-11 05:15:00+02:00,45123.53318037538,43093.12758
2026-04-11 05:30:00+02:00,45158.82189340031,43289.78478
2026-04-11 05:45:00+02:00,45479.09325409445,43956.25058
2026-04-11 06:00:00+02:00,46065.376936847075,44845.58361
2026-04-11 06:15:00+02:00,46172.447891979995,45292.85188
2026-04-11 06:30:00+02:00,46321.5569722625,45099.61817
2026-04-11 06:45:00+02:00,47154.895387757155,45363.74353
2026-04-11 07:00:00+02:00,47510.70976930752,46297.21169
2026-04-11 07:15:00+02:00,48091.35908268047,46951.2891
2026-04-11 07:30:00+02:00,48456.41729096946,47931.17014
2026-04-11 07:45:00+02:00,48672.20580990219,48313.36897
2026-04-11 08:00:00+02:00,49688.129835862215,48982.01247
2026-04-11 08:15:00+02:00,50506.68949037981,50177.27835
2026-04-11 08:30:00+02:00,51107.48751331572,50837.6388
2026-04-11 08:45:00+02:00,51626.28549091718,51406.46186
2026-04-11 09:00:00+02:00,51225.497744023734,51176.02735
2026-04-11 09:15:00+02:00,51290.45824715325,51836.97282
2026-04-11 09:30:00+02:00,51513.69348346338,52587.73092
2026-04-11 09:45:00+02:00,52447.41309186114,53038.708
2026-04-11 10:00:00+02:00,52154.03984348235,53830.46534
2026-04-11 10:15:00+02:00,52541.85038483704,53944.32664
2026-04-11 10:30:00+02:00,53013.56372588217,54096.59662
2026-04-11 10:45:00+02:00,54337.27033343766,54259.27831
2026-04-11 11:00:00+02:00,53661.39364396434,52764.88056
2026-04-11 11:15:00+02:00,53896.93389984766,53121.57192
2026-04-11 11:30:00+02:00,53751.583278182254,52896.04
2026-04-11 11:45:00+02:00,53903.53090040223,51929.3737
2026-04-11 12:00:00+02:00,53108.499615667606,50746.99615
2026-04-11 12:15:00+02:00,53077.28958187648,50318.62823
2026-04-11 12:30:00+02:00,52796.584580313596,49772.03068
2026-04-11 12:45:00+02:00,52560.02669205502,48987.30127
2026-04-11 13:00:00+02:00,52255.24915856266,49042.85664
2026-04-11 13:15:00+02:00,51875.26149449674,48644.68048
2026-04-11 13:30:00+02:00,50883.158087171985,48806.65524
2026-04-11 13:45:00+02:00,50663.631288505014,48373.08824
2026-04-11 14:00:00+02:00,51174.06708684838,47631.5459
2026-04-11 14:15:00+02:00,50451.28845371662,47053.58587
2026-04-11 14:30:00+02:00,50410.95035218676,46999.76504
2026-04-11 14:45:00+02:00,48882.1941502222,46683.7386
2026-04-11 15:00:00+02:00,49358.13923456373,46956.84483
2026-04-11 15:15:00+02:00,48858.02038737347,46561.75088
2026-04-11 15:30:00+02:00,48618.05329914282,46310.49906
2026-04-11 15:45:00+02:00,48372.84996195014,46054.12049
2026-04-11 16:00:00+02:00,48588.767816981745,47680.72394
2026-04-11 16:15:00+02:00,48595.84235138142,47614.04984
2026-04-11 16:30:00+02:00,48239.10223802456,47555.39972
2026-04-11 16:45:00+02:00,48297.30887402296,47245.32924
2026-04-11 17:00:00+02:00,49870.26611432795,48562.83278
2026-04-11 17:15:00+02:00,49867.0846549126,48998.93243
2026-04-11 17:30:00+02:00,49936.74552632821,49073.59648
2026-04-11 17:45:00+02:00,49985.85486682623,49678.06013
2026-04-11 18:00:00+02:00,50558.85364606423,50170.32074
2026-04-11 18:15:00+02:00,50396.195492239516,50648.58604
2026-04-11 18:30:00+02:00,50441.511334045725,51250.64877
2026-04-11 18:45:00+02:00,50488.875419717915,51547.18383
2026-04-11 19:00:00+02:00,51249.395221543244,51840.99022
2026-04-11 19:15:00+02:00,51769.91165870607,51371.61798
2026-04-11 19:30:00+02:00,51315.43558607036,52108.574
2026-04-11 19:45:00+02:00,51883.736083937765,52443.4311
2026-04-11 20:00:00+02:00,53237.67522383489,51642.23541
2026-04-11 20:15:00+02:00,52963.90132296982,51552.50895
2026-04-11 20:30:00+02:00,52600.99025725647,51421.69603
2026-04-11 20:45:00+02:00,51970.66813701544,50622.31757
2026-04-11 21:00:00+02:00,51098.764258087656,49603.93416
2026-04-11 21:15:00+02:00,51164.34525527846,49147.86428
2026-04-11 21:30:00+02:00,50739.408729334384,48534.64904
2026-04-11 21:45:00+02:00,50741.443852685254,48174.35894
2026-04-11 22:00:00+02:00,50372.20020568478,47781.92545
2026-04-11 22:15:00+02:00,50211.767630431365,47481.43535
2026-04-11 22:30:00+02:00,49786.05607833726,46855.76238
2026-04-11 22:45:00+02:00,49401.72119253187,46137.17406
2026-04-11 23:00:00+02:00,48263.256124674495,45509.3077
2026-04-11 23:15:00+02:00,48155.16467791891,44440.41857
2026-04-11 23:30:00+02:00,47838.91650542387,43582.6292
2026-04-11 23:45:00+02:00,47459.82084212513,42879.79648
2026-04-12 00:00:00+02:00,44972.19585474669,42423.27699
2026-04-12 00:15:00+02:00,44869.514087708216,42551.79857
2026-04-12 00:30:00+02:00,43631.639508968336,42144.53319
2026-04-12 00:45:00+02:00,42854.89249710997,41561.59104
2026-04-12 01:00:00+02:00,42059.2858197477,40199.35067
2026-04-12 01:15:00+02:00,41839.71899435792,39660.92115
2026-04-12 01:30:00+02:00,41688.088490204595,39172.64007
2026-04-12 01:45:00+02:00,41564.06149137428,38808.99675
2026-04-12 02:00:00+02:00,40345.58484979547,38543.41218
2026-04-12 02:15:00+02:00,40250.16343970734,38509.25438
2026-04-12 02:30:00+02:00,39765.982056926645,38336.45058
2026-04-12 02:45:00+02:00,39714.77407977546,38271.19819
2026-04-12 03:00:00+02:00,39743.24589683736,38045.37024
2026-04-12 03:15:00+02:00,39764.14440977185,37883.13431
2026-04-12 03:30:00+02:00,39723.26528700116,37774.20712
2026-04-12 03:45:00+02:00,39789.95439034828,37651.06831
2026-04-12 04:00:00+02:00,39756.49954260344,37430.33606
2026-04-12 04:15:00+02:00,39759.14503141737,37715.89302
2026-04-12 04:30:00+02:00,39786.05490020187,37785.0942
2026-04-12 04:45:00+02:00,39809.40051944174,37621.14632
2026-04-12 05:00:00+02:00,39932.260308259494,37614.96364
2026-04-12 05:15:00+02:00,39967.39421945131,37777.60638
2026-04-12 05:30:00+02:00,40149.32678369158,37728.01983
2026-04-12 05:45:00+02:00,40149.32678369158,37323.00333
2026-04-12 06:00:00+02:00,40668.31419558118,38182.11389
2026-04-12 06:15:00+02:00,40529.21191230625,38642.40305
2026-04-12 06:30:00+02:00,41091.85059951233,38581.04717
2026-04-12 06:45:00+02:00,41330.90001479206,38563.46124
2026-04-12 07:00:00+02:00,42408.10699394244,38845.4951
2026-04-12 07:15:00+02:00,43327.21452664861,39725.96083
2026-04-12 07:30:00+02:00,44189.7329698269,40461.28493
2026-04-12 07:45:00+02:00,45427.79113664613,41358.40915
2026-04-12 08:00:00+02:00,45872.44419935391,41898.23202
2026-04-12 08:15:00+02:00,46666.592434142694,43565.48056
2026-04-12 08:30:00+02:00,47526.53082308909,44286.0568
2026-04-12 08:45:00+02:00,48009.70968864406,44728.48315
2026-04-12 09:00:00+02:00,47981.18360943626,45186.56352
2026-04-12 09:15:00+02:00,49793.81978900248,46791.49718
2026-04-12 09:30:00+02:00,50015.99288103514,47467.50422
2026-04-12 09:45:00+02:00,50263.47041385865,47705.31504
2026-04-12 10:00:00+02:00,50823.16223601152,48387.10123
2026-04-12 10:15:00+02:00,51047.603152940756,49138.19835
2026-04-12 10:30:00+02:00,51414.58849085018,49962.4152
2026-04-12 10:45:00+02:00,51761.66590085072,50137.25132
2026-04-12 11:00:00+02:00,52314.1923071471,50553.22431
2026-04-12 11:15:00+02:00,52558.47733300172,51086.60589
2026-04-12 11:30:00+02:00,52657.70376696175,51071.01371
2026-04-12 11:45:00+02:00,52443.25297530742,51002.2366
2026-04-12 12:00:00+02:00,52138.09472998615,50854.0408
2026-04-12 12:15:00+02:00,50627.43589545564,50756.01595
2026-04-12 12:30:00+02:00,50569.350596501754,50542.68746
2026-04-12 12:45:00+02:00,50367.639819467404,50016.40455
2026-04-12 13:00:00+02:00,49666.43536604098,49398.06802
2026-04-12 13:15:00+02:00,49658.22875075978,48792.48681
2026-04-12 13:30:00+02:00,49417.89264677411,48360.0957
2026-04-12 13:45:00+02:00,48266.22754055731,47921.18474
2026-04-12 14:00:00+02:00,47230.69328667206,48125.28068
2026-04-12 14:15:00+02:00,47058.159580269814,48176.52262
2026-04-12 14:30:00+02:00,46608.98945877205,47589.70394
2026-04-12 14:45:00+02:00,46564.530184555995,47060.11635
2026-04-12 15:00:00+02:00,46597.66692472722,46534.35524
2026-04-12 15:15:00+02:00,46061.105399843356,46046.61971
2026-04-12 15:30:00+02:00,45768.70369180483,45890.24766
2026-04-12 15:45:00+02:00,45637.719120298665,45746.98513
2026-04-12 16:00:00+02:00,46411.87793840112,46548.45118
2026-04-12 16:15:00+02:00,46273.326959178536,46325.37817
2026-04-12 16:30:00+02:00,46710.490868962646,46113.74826
2026-04-12 16:45:00+02:00,46682.0237338686,46550.29631
2026-04-12 17:00:00+02:00,47143.63743190922,47036.98233
2026-04-12 17:15:00+02:00,47299.792035453764,47453.59167
2026-04-12 17:30:00+02:00,48660.97717219804,48114.37214
2026-04-12 17:45:00+02:00,48880.40590695884,48439.38967
2026-04-12 18:00:00+02:00,49872.364796638685,49873.89483
2026-04-12 18:15:00+02:00,49815.041926295264,50049.59989
2026-04-12 18:30:00+02:00,49882.925744324595,50358.54289
2026-04-12 18:45:00+02:00,49884.13689440013,49828.54346
2026-04-12 19:00:00+02:00,50022.62485332789,49983.27241
2026-04-12 19:15:00+02:00,50057.806711203484,49982.82041
2026-04-12 19:30:00+02:00,50000.78639841893,50030.31531
2026-04-12 19:45:00+02:00,49978.02746290503,49911.73309
2026-04-12 20:00:00+02:00,49735.40167798684,49961.64365
2026-04-12 20:15:00+02:00,49750.19282135438,50070.24801
2026-04-12 20:30:00+02:00,48754.560509339,49913.54814
2026-04-12 20:45:00+02:00,49314.04944241824,49651.04446
2026-04-12 21:00:00+02:00,49051.30156340909,49553.00686
2026-04-12 21:15:00+02:00,48377.6953164578,49316.24295
2026-04-12 21:30:00+02:00,48246.5704122633,48613.18043
2026-04-12 21:45:00+02:00,48018.23181358689,48349.81218
2026-04-12 22:00:00+02:00,48012.44886415301,48897.10604
2026-04-12 22:15:00+02:00,47974.04400915023,48591.20305
2026-04-12 22:30:00+02:00,47867.98479604156,48260.23575
2026-04-12 22:45:00+02:00,46942.75230605916,47532.96044
2026-04-12 23:00:00+02:00,46217.94734933245,46830.89631
2026-04-12 23:15:00+02:00,46058.268373496234,45970.66966
2026-04-12 23:30:00+02:00,45867.035728748655,45343.14433
2026-04-12 23:45:00+02:00,45223.91239375605,45077.33759
2026-04-13 00:00:00+02:00,43211.2157792311,44611.63118
2026-04-13 00:15:00+02:00,42847.04801936341,44163.47542
2026-04-13 00:30:00+02:00,42764.428151905944,44046.56983
2026-04-13 00:45:00+02:00,42315.16720047008,43950.53003
2026-04-13 01:00:00+02:00,41915.026159588844,43338.82587
2026-04-13 01:15:00+02:00,41901.050165915585,43260.87501
2026-04-13 01:30:00+02:00,41903.54008208124,42876.16999
2026-04-13 01:45:00+02:00,41734.107945852265,42664.25173
2026-04-13 02:00:00+02:00,41839.43172044962,42475.13129
2026-04-13 02:15:00+02:00,41795.13499835456,42492.8491
2026-04-13 02:30:00+02:00,41795.13499835456,42766.91251
2026-04-13 02:45:00+02:00,41384.851794102855,42661.66839
2026-04-13 03:00:00+02:00,41295.85641467075,42998.18533
2026-04-13 03:15:00+02:00,41653.34581242993,42800.43082
2026-04-13 03:30:00+02:00,41671.24663574133,43057.10949
2026-04-13 03:45:00+02:00,41754.940152513605,43192.67471
2026-04-13 04:00:00+02:00,42008.92051135406,43463.42345
2026-04-13 04:15:00+02:00,42050.141340721064,43645.59137
2026-04-13 04:30:00+02:00,42356.89729632109,44389.46952
2026-04-13 04:45:00+02:00,42833.0322520617,45067.82713
2026-04-13 05:00:00+02:00,43755.81574149187,46634.40114
2026-04-13 05:15:00+02:00,44301.19998889739,47516.97847
2026-04-13 05:30:00+02:00,44589.573231717135,48737.14422
2026-04-13 05:45:00+02:00,45256.90067366142,50490.95841
2026-04-13 06:00:00+02:00,46649.01230671276,53970.96876
2026-04-13 06:15:00+02:00,47381.022234689415,55661.28479
2026-04-13 06:30:00+02:00,48367.35853146407,56569.78353
2026-04-13 06:45:00+02:00,48757.87815873377,57593.57471
2026-04-13 07:00:00+02:00,49701.590328229664,58868.43656
2026-04-13 07:15:00+02:00,50755.635987731774,60156.11815
2026-04-13 07:30:00+02:00,51927.13969578904,61004.71552
2026-04-13 07:45:00+02:00,53546.33838717621,61871.49168
2026-04-13 08:00:00+02:00,54933.508485744715,62602.55834
2026-04-13 08:15:00+02:00,57050.90210265979,63410.71958
2026-04-13 08:30:00+02:00,55803.8226613124,64006.65439
2026-04-13 08:45:00+02:00,57853.01419701714,64532.65198
2026-04-13 09:00:00+02:00,58350.92587283266,63850.61622
2026-04-13 09:15:00+02:00,58419.489330120065,64968.30506
2026-04-13 09:30:00+02:00,59159.24894151353,65216.39315
2026-04-13 09:45:00+02:00,59328.582955794656,65197.04615
2026-04-13 10:00:00+02:00,59463.83663457346,65316.93731
2026-04-13 10:15:00+02:00,59534.163396720855,65428.2123
2026-04-13 10:30:00+02:00,59746.668529247305,65604.26897
2026-04-13 10:45:00+02:00,59437.69413041601,65661.64065
2026-04-13 11:00:00+02:00,60020.81798207315,65802.12706
2026-04-13 11:15:00+02:00,60082.496151812535,66225.8248
2026-04-13 11:30:00+02:00,59591.45662187832,66722.78671
2026-04-13 11:45:00+02:00,59577.99133811981,66685.15443
2026-04-13 12:00:00+02:00,58891.40097934053,66250.62868
2026-04-13 12:15:00+02:00,58904.829204183574,66002.7491
2026-04-13 12:30:00+02:00,58746.87583180813,65587.44286
2026-04-13 12:45:00+02:00,57607.48374039608,65255.57269
2026-04-13 13:00:00+02:00,56960.943324954824,65703.68838
2026-04-13 13:15:00+02:00,56089.41998966341,65393.90019
2026-04-13 13:30:00+02:00,55954.61076278822,64684.43246
2026-04-13 13:45:00+02:00,55728.15002713206,64449.47761
2026-04-13 14:00:00+02:00,54670.739588698605,64517.72181
2026-04-13 14:15:00+02:00,53867.405112540015,64658.78002
2026-04-13 14:30:00+02:00,53030.64475402185,63824.91888
2026-04-13 14:45:00+02:00,52787.19083758929,63811.70605
2026-04-13 15:00:00+02:00,52203.475106450176,63389.8693
2026-04-13 15:15:00+02:00,52021.899972058134,63109.4414
2026-04-13 15:30:00+02:00,51943.505865628664,62721.51553
2026-04-13 15:45:00+02:00,51558.441242594185,62848.13927
2026-04-13 16:00:00+02:00,52019.338131713186,62828.78797
2026-04-13 16:15:00+02:00,51798.46869666075,62350.77982
2026-04-13 16:30:00+02:00,51783.41356145566,62236.24851
2026-04-13 16:45:00+02:00,52136.268430601565,62101.00972
2026-04-13 17:00:00+02:00,52426.718517407586,62923.36651
2026-04-13 17:15:00+02:00,53013.55789050731,62870.67662
2026-04-13 17:30:00+02:00,53794.43536503549,63395.87512
2026-04-13 17:45:00+02:00,54911.95469787968,63839.34293
2026-04-13 18:00:00+02:00,56014.50818282634,63506.67829
2026-04-13 18:15:00+02:00,56011.985252076396,63337.52252
2026-04-13 18:30:00+02:00,56620.19176506849,63261.17239
2026-04-13 18:45:00+02:00,57345.98000944448,63566.88006
2026-04-13 19:00:00+02:00,57940.518008540275,63180.23423
2026-04-13 19:15:00+02:00,57553.98465137877,62745.6689
2026-04-13 19:30:00+02:00,56977.91872738727,62443.902
2026-04-13 19:45:00+02:00,57137.94856038206,62419.08343
2026-04-13 20:00:00+02:00,57428.655187584845,62309.11861
2026-04-13 20:15:00+02:00,57310.798745881526,62102.05762
2026-04-13 20:30:00+02:00,56858.98003324946,62024.47738
2026-04-13 20:45:00+02:00,56485.79539997474,61452.16555
2026-04-13 21:00:00+02:00,55609.012163168016,60465.68371
2026-04-13 21:15:00+02:00,54536.13314173908,59903.53743
2026-04-13 21:30:00+02:00,54107.24325967178,58551.06615
2026-04-13 21:45:00+02:00,53358.0657402112,58072.64156
2026-04-13 22:00:00+02:00,52635.77835546421,56882.80256
2026-04-13 22:15:00+02:00,52450.929347377554,55904.49515
2026-04-13 22:30:00+02:00,51605.1694673551,54852.69338
2026-04-13 22:45:00+02:00,50729.399786668226,53719.74745
2026-04-13 23:00:00+02:00,48880.955460329824,51895.62915
2026-04-13 23:15:00+02:00,48557.85168947748,51483.40567
2026-04-13 23:30:00+02:00,48402.16348220142,50527.72052
2026-04-13 23:45:00+02:00,47918.75948418152,49872.96012
2026-04-14 00:00:00+02:00,48151.468624020796,49163.68796
2026-04-14 00:15:00+02:00,46892.39201095532,48583.66535
2026-04-14 00:30:00+02:00,46836.59395937037,47915.43753
2026-04-14 00:45:00+02:00,46600.37350987611,47557.2365
2026-04-14 01:00:00+02:00,46077.11004932431,47188.52674
2026-04-14 01:15:00+02:00,45999.544237606875,46983.9109
2026-04-14 01:30:00+02:00,45785.42547764341,47032.41271
2026-04-14 01:45:00+02:00,45757.18114706323,46671.47822
2026-04-14 02:00:00+02:00,45158.58935871661,45866.62678
2026-04-14 02:15:00+02:00,44989.86040910094,46075.57847
2026-04-14 02:30:00+02:00,45004.21821878023,46053.52959
2026-04-14 02:45:00+02:00,45140.83305266452,45701.5561
2026-04-14 03:00:00+02:00,45438.10537887174,45881.00307
2026-04-14 03:15:00+02:00,45738.662559078926,46195.71624
2026-04-14 03:30:00+02:00,45748.34387495269,46237.64308
2026-04-14 03:45:00+02:00,45791.96130174706,46512.73507
2026-04-14 04:00:00+02:00,45971.6975887233,47268.3891
2026-04-14 04:15:00+02:00,46078.5159177859,47648.65555
2026-04-14 04:30:00+02:00,46485.69010451335,47856.59126
2026-04-14 04:45:00+02:00,47614.14519434654,48146.45631
2026-04-14 05:00:00+02:00,49237.91527133696,49005.40011
2026-04-14 05:15:00+02:00,50068.480190282266,49659.25227
2026-04-14 05:30:00+02:00,51320.50963600829,50776.35795
2026-04-14 05:45:00+02:00,52652.97478641162,52506.76369
2026-04-14 06:00:00+02:00,55116.41244088023,55512.99612
2026-04-14 06:15:00+02:00,56676.97863642872,57555.41073
2026-04-14 06:30:00+02:00,57693.561059236556,58296.31774
2026-04-14 06:45:00+02:00,58823.98666228996,59412.29933
2026-04-14 07:00:00+02:00,60933.30118899255,60819.3847
2026-04-14 07:15:00+02:00,62819.64167221823,61980.42236
2026-04-14 07:30:00+02:00,63929.23541534951,62398.4144
2026-04-14 07:45:00+02:00,64776.742684345896,63123.68306
2026-04-14 08:00:00+02:00,66771.06430908521,63737.52749
2026-04-14 08:15:00+02:00,67409.88915449024,64234.92015
2026-04-14 08:30:00+02:00,68145.36196148861,64783.53401
2026-04-14 08:45:00+02:00,68189.32862506749,65031.14619
2026-04-14 09:00:00+02:00,67752.33189992493,64120.43946
2026-04-14 09:15:00+02:00,68163.26936675102,64942.44159
2026-04-14 09:30:00+02:00,68259.79762346501,65416.76185
2026-04-14 09:45:00+02:00,68321.69556910203,65176.91742
2026-04-14 10:00:00+02:00,67830.71184638486,64625.47926
2026-04-14 10:15:00+02:00,67822.78172097061,64872.57904
2026-04-14 10:30:00+02:00,67989.79536767863,65053.10134
2026-04-14 10:45:00+02:00,68074.8389670136,65137.60668
2026-04-14 11:00:00+02:00,67454.48063828649,64914.3506
2026-04-14 11:15:00+02:00,67397.2324579114,64903.92207
2026-04-14 11:30:00+02:00,67397.2324579114,65373.57414
2026-04-14 11:45:00+02:00,67397.2324579114,66195.55551
2026-04-14 12:00:00+02:00,66997.61835111219,64999.74505
2026-04-14 12:15:00+02:00,66967.08410729712,65080.71299
2026-04-14 12:30:00+02:00,66556.04593166099,65543.17812
2026-04-14 12:45:00+02:00,66258.80809547416,65241.7511
2026-04-14 13:00:00+02:00,66109.10425232757,64665.40287
2026-04-14 13:15:00+02:00,65822.04419584807,64228.83752
2026-04-14 13:30:00+02:00,65619.83150287114,63417.52921
2026-04-14 13:45:00+02:00,65168.796932399324,62980.58339
2026-04-14 14:00:00+02:00,64516.23411345597,62764.64345
2026-04-14 14:15:00+02:00,63082.02503318929,61752.77558
2026-04-14 14:30:00+02:00,62489.47261879583,61096.14573
2026-04-14 14:45:00+02:00,62474.27928011366,60637.11432
2026-04-14 15:00:00+02:00,62211.86687029682,60129.00075
2026-04-14 15:15:00+02:00,62175.371820387634,59734.33553
2026-04-14 15:30:00+02:00,60101.28840189913,59125.76841
2026-04-14 15:45:00+02:00,60383.56076561182,58971.75716
2026-04-14 16:00:00+02:00,60440.87656531125,58765.40992
2026-04-14 16:15:00+02:00,59443.236899576696,58754.6521
2026-04-14 16:30:00+02:00,59105.38486560673,58204.77381
2026-04-14 16:45:00+02:00,59711.097250818144,57974.69689
2026-04-14 17:00:00+02:00,60233.232211944,58659.79499
2026-04-14 17:15:00+02:00,60100.518572172165,58426.28588
2026-04-14 17:30:00+02:00,60142.90452615965,58395.79452
2026-04-14 17:45:00+02:00,60502.67920212116,58684.16907
2026-04-14 18:00:00+02:00,62382.31558336733,58960.7466
2026-04-14 18:15:00+02:00,62888.81473620779,59120.86931
2026-04-14 18:30:00+02:00,64191.6266549614,59856.7003
2026-04-14 18:45:00+02:00,64826.902778099255,60098.83034
2026-04-14 19:00:00+02:00,65602.87076985929,60647.96902
2026-04-14 19:15:00+02:00,65531.10551683415,60156.10004
2026-04-14 19:30:00+02:00,65234.09834298671,59914.92956
2026-04-14 19:45:00+02:00,64948.99195240938,59707.02348
2026-04-14 20:00:00+02:00,64221.64509974388,59765.40215
2026-04-14 20:15:00+02:00,64311.971008717446,59373.242
2026-04-14 20:30:00+02:00,64125.259599746605,59330.74792
2026-04-14 20:45:00+02:00,63507.068647393884,59107.75519
2026-04-14 21:00:00+02:00,62632.27363789348,58181.67458
2026-04-14 21:15:00+02:00,62428.757029061824,57398.17486
2026-04-14 21:30:00+02:00,60480.61265463426,56502.07352
2026-04-14 21:45:00+02:00,59499.387600252,55814.71037
2026-04-14 22:00:00+02:00,57086.78258180175,55205.84667
2026-04-14 22:15:00+02:00,56039.13653893552,54223.95575
2026-04-14 22:30:00+02:00,54835.53455493919,53375.21373
2026-04-14 22:45:00+02:00,54181.871676135066,52587.7762
2026-04-14 23:00:00+02:00,53589.45160620516,51338.1893
2026-04-14 23:15:00+02:00,53603.18292204299,50729.43155
2026-04-14 23:30:00+02:00,52486.25565912518,50063.90631
2026-04-14 23:45:00+02:00,52644.87960765183,49496.60627
2026-04-15 00:00:00+02:00,48785.12323749752,48725.22788
2026-04-15 00:15:00+02:00,48419.393155426886,47585.16629
2026-04-15 00:30:00+02:00,48050.086385618,47448.46396
2026-04-15 00:45:00+02:00,47510.10679626626,47203.77045
2026-04-15 01:00:00+02:00,46891.16800200787,46749.76268
2026-04-15 01:15:00+02:00,46483.50010052351,46394.88961
2026-04-15 01:30:00+02:00,46434.60470745628,46277.41194
2026-04-15 01:45:00+02:00,46396.52810468829,46061.68203
2026-04-15 02:00:00+02:00,46058.06779450611,45914.71209
2026-04-15 02:15:00+02:00,45896.23388017522,45488.20284
2026-04-15 02:30:00+02:00,45890.53403833898,45674.51975
2026-04-15 02:45:00+02:00,45866.978484450534,45528.14615
2026-04-15 03:00:00+02:00,46053.95048723512,45666.60945
2026-04-15 03:15:00+02:00,46087.559310832665,45889.33056
2026-04-15 03:30:00+02:00,46207.29549509119,45922.23057
2026-04-15 03:45:00+02:00,46352.148310579505,46269.10047
2026-04-15 04:00:00+02:00,46658.92145487123,46968.81338
2026-04-15 04:15:00+02:00,46825.53208542178,47422.24151
2026-04-15 04:30:00+02:00,47054.14126336014,47752.46663
2026-04-15 04:45:00+02:00,47912.043215339676,48020.46149
2026-04-15 05:00:00+02:00,49649.60508790173,49291.6946
2026-04-15 05:15:00+02:00,50535.94113107678,50102.82902
2026-04-15 05:30:00+02:00,50863.46297051316,51065.76347
2026-04-15 05:45:00+02:00,52088.545625485494,52636.72003
2026-04-15 06:00:00+02:00,54677.339238611254,55146.2628
2026-04-15 06:15:00+02:00,56261.70214550884,56896.96209
2026-04-15 06:30:00+02:00,57926.90782284627,58136.88669
2026-04-15 06:45:00+02:00,59282.70414013091,59348.63023
2026-04-15 07:00:00+02:00,60647.47899222128,60638.40251
2026-04-15 07:15:00+02:00,61809.35438279685,61715.08849
2026-04-15 07:30:00+02:00,62298.31935458827,62697.72497
2026-04-15 07:45:00+02:00,63459.417649767856,62882.71632
2026-04-15 08:00:00+02:00,64472.30288460978,63485.84242
2026-04-15 08:15:00+02:00,65053.24080876634,64031.2575
2026-04-15 08:30:00+02:00,65221.55188373502,64441.86038
2026-04-15 08:45:00+02:00,65257.661908361326,64370.4412
2026-04-15 09:00:00+02:00,64672.22572084304,63330.28113
2026-04-15 09:15:00+02:00,64795.97271652631,63203.07552
2026-04-15 09:30:00+02:00,65273.11478590319,63362.31297
2026-04-15 09:45:00+02:00,64246.828289600504,63142.32973
2026-04-15 10:00:00+02:00,63797.52803504797,63241.6581
2026-04-15 10:15:00+02:00,63948.45055859704,63824.72
2026-04-15 10:30:00+02:00,63214.31246506042,62879.97053
2026-04-15 10:45:00+02:00,63260.19559586167,62575.33628
2026-04-15 11:00:00+02:00,62738.4815675133,62269.90458
2026-04-15 11:15:00+02:00,62738.4815675133,62158.57651
2026-04-15 11:30:00+02:00,62692.40279420055,62146.73822
2026-04-15 11:45:00+02:00,62565.45620486184,61479.05128
2026-04-15 12:00:00+02:00,61758.943507138734,60697.42586
2026-04-15 12:15:00+02:00,61437.1410926059,60691.24437
2026-04-15 12:30:00+02:00,61268.95992392954,60406.89159
2026-04-15 12:45:00+02:00,61332.535630225066,60338.77646
2026-04-15 13:00:00+02:00,60383.4786675124,59542.16921
2026-04-15 13:15:00+02:00,59973.614763430756,58754.33877
2026-04-15 13:30:00+02:00,59144.28694251072,58472.10343
2026-04-15 13:45:00+02:00,58628.626404167415,57927.18706
2026-04-15 14:00:00+02:00,57408.54437085231,57794.71316
2026-04-15 14:15:00+02:00,56702.8163960842,56925.43006
2026-04-15 14:30:00+02:00,56555.20838462171,56866.31148
2026-04-15 14:45:00+02:00,56444.06395437243,56488.90536
2026-04-15 15:00:00+02:00,56484.189657227085,56862.29683
2026-04-15 15:15:00+02:00,56148.24061683799,56329.00509
2026-04-15 15:30:00+02:00,55951.020910465726,56138.59572
2026-04-15 15:45:00+02:00,56326.7296892077,56333.13266
2026-04-15 16:00:00+02:00,56718.042495858645,57209.66496
2026-04-15 16:15:00+02:00,57601.38490947881,56482.09388
2026-04-15 16:30:00+02:00,56125.01807148449,55928.83568
2026-04-15 16:45:00+02:00,56538.33922482145,55723.65124
2026-04-15 17:00:00+02:00,56779.015174866494,56389.55337
2026-04-15 17:15:00+02:00,56945.70717134027,56461.34488
2026-04-15 17:30:00+02:00,57371.038006109375,56786.15663
2026-04-15 17:45:00+02:00,57393.09383715627,57407.50596
2026-04-15 18:00:00+02:00,58774.53337047108,58083.38084
2026-04-15 18:15:00+02:00,59530.25946178226,58357.07192
2026-04-15 18:30:00+02:00,59888.076175656475,58825.47218
2026-04-15 18:45:00+02:00,60276.51189726035,59115.25803
2026-04-15 19:00:00+02:00,60758.41929324345,59929.23642
2026-04-15 19:15:00+02:00,60666.37665500326,59745.20559
2026-04-15 19:30:00+02:00,60569.863995778345,59754.59527
2026-04-15 19:45:00+02:00,60381.45848370433,59539.74583
2026-04-15 20:00:00+02:00,60620.0898976987,59404.22427
2026-04-15 20:15:00+02:00,60772.3382841469,59283.25029
2026-04-15 20:30:00+02:00,60602.07428997537,59174.88285
2026-04-15 20:45:00+02:00,60005.67271905315,58814.15899
2026-04-15 21:00:00+02:00,57985.96086248516,57962.36399
2026-04-15 21:15:00+02:00,57818.06419634758,57101.38506
2026-04-15 21:30:00+02:00,56698.186753218586,56105.30492
2026-04-15 21:45:00+02:00,55782.251875047725,55124.50891
2026-04-15 22:00:00+02:00,55166.43673733516,54554.28535
2026-04-15 22:15:00+02:00,54344.35676858098,53880.08163
2026-04-15 22:30:00+02:00,53222.640376474366,53145.85625
2026-04-15 22:45:00+02:00,53016.622949297336,52223.892
2026-04-15 23:00:00+02:00,51541.77697890476,51380.07206
2026-04-15 23:15:00+02:00,51285.27154013136,50606.96
2026-04-15 23:30:00+02:00,50900.564727950295,50029.52288
2026-04-15 23:45:00+02:00,50288.09927749966,49325.63047
2026-04-16 00:00:00+02:00,48392.88787039993,48222.98771
2026-04-16 00:15:00+02:00,48268.39889294319,47446.33409
2026-04-16 00:30:00+02:00,47690.94652629524,46784.12416
2026-04-16 00:45:00+02:00,47229.887774407485,46271.06417
2026-04-16 01:00:00+02:00,46435.94174018829,46010.47738
2026-04-16 01:15:00+02:00,46194.37539884358,45663.41658
2026-04-16 01:30:00+02:00,46122.687780373984,45250.98138
2026-04-16 01:45:00+02:00,45928.90224462986,45077.77769
2026-04-16 02:00:00+02:00,45912.32836392978,44536.18822
2026-04-16 02:15:00+02:00,45882.67325754754,44558.27594
2026-04-16 02:30:00+02:00,45879.890348204506,44694.46728
2026-04-16 02:45:00+02:00,45879.890348204506,44804.84654
2026-04-16 03:00:00+02:00,45850.125974565264,44606.77062
2026-04-16 03:15:00+02:00,45850.125974565264,44577.67985
2026-04-16 03:30:00+02:00,45901.00524514241,44754.39321
2026-04-16 03:45:00+02:00,46139.724859857895,45352.87391
2026-04-16 04:00:00+02:00,46441.01534390445,45864.4926
2026-04-16 04:15:00+02:00,46701.61549587726,45864.32678
2026-04-16 04:30:00+02:00,47077.239987792425,46051.78071
2026-04-16 04:45:00+02:00,47599.62255480364,46441.58369
2026-04-16 05:00:00+02:00,48550.31295580155,48119.48439
2026-04-16 05:15:00+02:00,49212.42812492866,48338.68666
2026-04-16 05:30:00+02:00,50050.45602615158,49140.47872
2026-04-16 05:45:00+02:00,51688.06228214497,51134.43182
2026-04-16 06:00:00+02:00,54816.7632196163,53891.25829
2026-04-16 06:15:00+02:00,55904.16718876405,55736.37023
2026-04-16 06:30:00+02:00,57343.04307017369,56791.47351
2026-04-16 06:45:00+02:00,58901.828807326245,57495.82238
2026-04-16 07:00:00+02:00,59763.94886311205,59269.53057
2026-04-16 07:15:00+02:00,60842.10284432269,60279.48053
2026-04-16 07:30:00+02:00,61618.5698491835,60888.44127
2026-04-16 07:45:00+02:00,62233.31788940224,61881.44274
2026-04-16 08:00:00+02:00,63263.624211731985,62779.48366
2026-04-16 08:15:00+02:00,63745.16345283172,63108.58841
2026-04-16 08:30:00+02:00,64221.1864819256,63499.87273
2026-04-16 08:45:00+02:00,64431.739487287006,63865.21339
2026-04-16 09:00:00+02:00,64084.14903404961,63283.66456
2026-04-16 09:15:00+02:00,64266.599060243876,63906.12754
2026-04-16 09:30:00+02:00,64434.29930832924,64235.57821
2026-04-16 09:45:00+02:00,64482.24054903068,65355.89939
2026-04-16 10:00:00+02:00,64023.763182869596,64475.0225
2026-04-16 10:15:00+02:00,64479.01308340093,64283.02095
2026-04-16 10:30:00+02:00,64435.900226395446,64167.6014
2026-04-16 10:45:00+02:00,64285.61525896199,64223.13526
2026-04-16 11:00:00+02:00,63463.46189818015,63464.10238
2026-04-16 11:15:00+02:00,63511.06966258222,63406.5354
2026-04-16 11:30:00+02:00,63496.60116806532,63140.49591
2026-04-16 11:45:00+02:00,63552.676121888595,63097.8788
2026-04-16 12:00:00+02:00,62095.806962816925,61462.87165
2026-04-16 12:15:00+02:00,62077.68859060692,60639.33081
2026-04-16 12:30:00+02:00,61896.96263128505,60267.84494
2026-04-16 12:45:00+02:00,61731.150856396605,60331.97735
2026-04-16 13:00:00+02:00,60692.05256483469,59642.87756
2026-04-16 13:15:00+02:00,60227.6769945281,58782.62809
2026-04-16 13:30:00+02:00,59882.20137286146,58626.62613
2026-04-16 13:45:00+02:00,59237.09610950475,58147.56287
2026-04-16 14:00:00+02:00,58869.60717931138,57428.12489
2026-04-16 14:15:00+02:00,57901.87240470887,57121.71137
2026-04-16 14:30:00+02:00,56817.52067875907,57475.23072
2026-04-16 14:45:00+02:00,56730.02522149233,57456.1979
2026-04-16 15:00:00+02:00,56632.626414974184,56957.3426
2026-04-16 15:15:00+02:00,56200.889640543166,56266.91482
2026-04-16 15:30:00+02:00,56092.20172249533,56075.17792
2026-04-16 15:45:00+02:00,56084.78631470462,56082.42672
2026-04-16 16:00:00+02:00,56308.39981230961,56202.83679
2026-04-16 16:15:00+02:00,55791.10303443282,55797.33442
2026-04-16 16:30:00+02:00,56617.82273619716,55473.01602
2026-04-16 16:45:00+02:00,55633.747578352486,55475.61481
2026-04-16 17:00:00+02:00,56655.20524619126,56416.90574
2026-04-16 17:15:00+02:00,56502.34336403174,56314.56013
2026-04-16 17:30:00+02:00,56528.57672234024,56438.57465
2026-04-16 17:45:00+02:00,56923.86226466277,57502.22986
2026-04-16 18:00:00+02:00,58558.86135975588,58342.66169
2026-04-16 18:15:00+02:00,58676.751539690296,58478.11745
2026-04-16 18:30:00+02:00,59687.151045236686,59331.4662
2026-04-16 18:45:00+02:00,59738.688080093525,59722.94707
2026-04-16 19:00:00+02:00,59455.58601395082,59659.04997
2026-04-16 19:15:00+02:00,59279.689045558174,60243.44006
2026-04-16 19:30:00+02:00,59101.000959190555,60371.69773
2026-04-16 19:45:00+02:00,59052.70567501864,59558.5965
2026-04-16 20:00:00+02:00,59836.25750449007,59825.78487
2026-04-16 20:15:00+02:00,59582.39008119571,59591.66296
2026-04-16 20:30:00+02:00,59269.737957516154,59545.35061
2026-04-16 20:45:00+02:00,58910.64369486178,58991.42484
2026-04-16 21:00:00+02:00,58480.40847066701,57654.77585
2026-04-16 21:15:00+02:00,58862.076932957236,57283.45726
2026-04-16 21:30:00+02:00,57625.43512405095,56260.99065
2026-04-16 21:45:00+02:00,56717.20895178429,55188.49109
2026-04-16 22:00:00+02:00,53986.900187673076,54233.7643
2026-04-16 22:15:00+02:00,53522.13775947334,53479.51672
2026-04-16 22:30:00+02:00,52501.22299680401,52629.38993
2026-04-16 22:45:00+02:00,51813.943079705954,51629.78855
2026-04-16 23:00:00+02:00,50977.200719014705,50536.8557
2026-04-16 23:15:00+02:00,49416.92030935025,49687.27763
2026-04-16 23:30:00+02:00,48762.055748195984,48642.7003
2026-04-16 23:45:00+02:00,48423.98359096483,48825.28412
2026-04-17 00:00:00+02:00,47389.15542339421,48105.88771
2026-04-17 00:15:00+02:00,47057.53549426258,47138.01924
2026-04-17 00:30:00+02:00,46374.74181331335,46460.46688
2026-04-17 00:45:00+02:00,46120.786962770115,46416.97056
2026-04-17 01:00:00+02:00,45584.890899193946,46194.16575
2026-04-17 01:15:00+02:00,45229.898167789346,46020.34898
2026-04-17 01:30:00+02:00,45123.59254233194,45525.93093
2026-04-17 01:45:00+02:00,45063.53737117415,45804.85153
2026-04-17 02:00:00+02:00,44652.77922349436,45530.00394
2026-04-17 02:15:00+02:00,44479.43496049034,45243.58703
2026-04-17 02:30:00+02:00,44459.40032764147,44839.06108
2026-04-17 02:45:00+02:00,44458.25332836058,45016.79076
2026-04-17 03:00:00+02:00,44891.09924575508,44877.11581
2026-04-17 03:15:00+02:00,44506.25534704692,44984.4374
2026-04-17 03:30:00+02:00,44453.695535233805,45151.5699
2026-04-17 03:45:00+02:00,44417.65832104336,45228.99213
2026-04-17 04:00:00+02:00,44870.53894909048,46013.62297
2026-04-17 04:15:00+02:00,44939.90888948501,46613.60049
2026-04-17 04:30:00+02:00,45126.755668343976,47098.23619
2026-04-17 04:45:00+02:00,45282.394368936,47437.69296
2026-04-17 05:00:00+02:00,46076.31937224444,48589.16952
2026-04-17 05:15:00+02:00,46689.74003163535,48984.89625
2026-04-17 05:30:00+02:00,47367.64143208126,49805.83394
2026-04-17 05:45:00+02:00,48056.42743819263,51406.00291
2026-04-17 06:00:00+02:00,50837.01003556096,53821.33031
2026-04-17 06:15:00+02:00,52094.992373421104,55540.48907
2026-04-17 06:30:00+02:00,54500.35289528252,56749.0612
2026-04-17 06:45:00+02:00,55247.0897790213,57724.44365
2026-04-17 07:00:00+02:00,56374.36175788779,59379.80984
2026-04-17 07:15:00+02:00,57377.66774203761,60864.73557
2026-04-17 07:30:00+02:00,57700.66223864553,61980.96999
2026-04-17 07:45:00+02:00,58157.665878242224,63442.83317
2026-04-17 08:00:00+02:00,58300.162195217075,63700.04311
2026-04-17 08:15:00+02:00,59340.79748639319,64476.25039
2026-04-17 08:30:00+02:00,59358.87893002842,65208.27834
2026-04-17 08:45:00+02:00,60252.82242235495,64853.67543
2026-04-17 09:00:00+02:00,60285.36413947697,63899.35975
2026-04-17 09:15:00+02:00,61372.479683598765,63813.83053
2026-04-17 09:30:00+02:00,62682.323922054115,63658.01461
2026-04-17 09:45:00+02:00,63348.56404884126,63296.06374
2026-04-17 10:00:00+02:00,61887.65599629106,62483.93374
2026-04-17 10:15:00+02:00,62271.91949175611,61944.03718
2026-04-17 10:30:00+02:00,62391.49734614415,61458.4709
2026-04-17 10:45:00+02:00,62467.6748084604,61295.78296
2026-04-17 11:00:00+02:00,62473.32967525026,61110.94309
2026-04-17 11:15:00+02:00,62228.01079080499,61261.18926
2026-04-17 11:30:00+02:00,62015.36794496093,60995.17393
2026-04-17 11:45:00+02:00,61779.23820865854,61088.15106
2026-04-17 12:00:00+02:00,60594.45276774326,60102.58845
2026-04-17 12:15:00+02:00,59931.72153693887,59251.20624
2026-04-17 12:30:00+02:00,60183.355702120534,59346.19184
2026-04-17 12:45:00+02:00,59803.142256327556,59087.72092
2026-04-17 13:00:00+02:00,59372.22652802919,58519.61566
2026-04-17 13:15:00+02:00,58999.957661371336,57915.14139
2026-04-17 13:30:00+02:00,56670.53094111602,57286.85658
2026-04-17 13:45:00+02:00,57928.28961661178,56582.12843
2026-04-17 14:00:00+02:00,55520.86110886197,57139.05573
2026-04-17 14:15:00+02:00,55200.679872027846,56543.91863
2026-04-17 14:30:00+02:00,54745.08829859612,56219.07064
2026-04-17 14:45:00+02:00,54510.783757224846,55282.62746
2026-04-17 15:00:00+02:00,53476.548492186215,56274.29299
2026-04-17 15:15:00+02:00,52398.26473970198,54833.26412
2026-04-17 15:30:00+02:00,51698.03327978867,54690.42316
2026-04-17 15:45:00+02:00,51356.979277575774,54867.29037
2026-04-17 16:00:00+02:00,52416.89362815494,55393.01782
2026-04-17 16:15:00+02:00,52426.30099515061,54710.96869
2026-04-17 16:30:00+02:00,52409.33786587011,54939.14995
2026-04-17 16:45:00+02:00,52319.36590424194,55403.21876
2026-04-17 17:00:00+02:00,52167.57236219737,55629.39928
2026-04-17 17:15:00+02:00,51750.9151412386,55814.53281
2026-04-17 17:30:00+02:00,52448.15522082416,56153.95483
2026-04-17 17:45:00+02:00,53165.5477221426,56631.48691
2026-04-17 18:00:00+02:00,55012.99690918798,56552.26125
2026-04-17 18:15:00+02:00,55060.16211846453,56442.01357
2026-04-17 18:30:00+02:00,55061.8634246542,56651.98728
2026-04-17 18:45:00+02:00,55937.28402606962,57254.70169
2026-04-17 19:00:00+02:00,55599.06591900121,57339.95843
2026-04-17 19:15:00+02:00,55719.00832410629,57505.17326
2026-04-17 19:30:00+02:00,55674.28323693781,57178.13374
2026-04-17 19:45:00+02:00,57416.496019029655,56946.56879
2026-04-17 20:00:00+02:00,56668.85699529216,56561.76794
2026-04-17 20:15:00+02:00,56661.544409561866,56332.90843
2026-04-17 20:30:00+02:00,55703.61312665716,55932.33308
2026-04-17 20:45:00+02:00,55193.437527877504,55731.90825
2026-04-17 21:00:00+02:00,52914.813626979696,54535.44287
2026-04-17 21:15:00+02:00,52198.394734351896,53658.57479
2026-04-17 21:30:00+02:00,51893.90697155116,53060.51657
2026-04-17 21:45:00+02:00,50968.20230470904,52079.03423
2026-04-17 22:00:00+02:00,50281.05817846459,51115.63657
2026-04-17 22:15:00+02:00,49942.56947361559,50164.0628
2026-04-17 22:30:00+02:00,49113.63041756402,49110.64769
2026-04-17 22:45:00+02:00,48201.010706440815,48156.87873
2026-04-17 23:00:00+02:00,48340.717538189034,47726.37008
2026-04-17 23:15:00+02:00,48146.18422028611,46855.05514
2026-04-17 23:30:00+02:00,47127.3506504586,46458.39809
2026-04-17 23:45:00+02:00,46841.901005422544,46039.03046
2026-04-18 00:00:00+02:00,45596.794011431564,45612.10135
2026-04-18 00:15:00+02:00,45315.48578337203,44849.7146
2026-04-18 00:30:00+02:00,45133.243255044465,44364.03733
2026-04-18 00:45:00+02:00,44911.689605999236,44158.7899
2026-04-18 01:00:00+02:00,44261.35696894671,43758.32073
2026-04-18 01:15:00+02:00,43517.020607925355,43202.38037
2026-04-18 01:30:00+02:00,43087.713599108516,42935.29671
2026-04-18 01:45:00+02:00,43032.76715721156,42455.39066
2026-04-18 02:00:00+02:00,42743.71668604969,42101.16337
2026-04-18 02:15:00+02:00,42981.97281165198,41898.79571
2026-04-18 02:30:00+02:00,42981.97281165198,41489.41976
2026-04-18 02:45:00+02:00,42897.29020613142,41391.47454
2026-04-18 03:00:00+02:00,42972.77507972725,41615.02126
2026-04-18 03:15:00+02:00,42716.33340202155,41441.86716
2026-04-18 03:30:00+02:00,42603.032586605186,41252.15955
2026-04-18 03:45:00+02:00,42676.215485099885,41403.05375
2026-04-18 04:00:00+02:00,42842.827367504986,41420.8916
2026-04-18 04:15:00+02:00,43031.70911945548,41331.88595
2026-04-18 04:30:00+02:00,43120.70094337767,41444.64706
2026-04-18 04:45:00+02:00,43066.701211450185,41543.41089
2026-04-18 05:00:00+02:00,43452.16996940641,41977.8367
2026-04-18 05:15:00+02:00,43852.78985741065,41941.97143
2026-04-18 05:30:00+02:00,43934.26489853945,42334.60883
2026-04-18 05:45:00+02:00,44049.35819825725,42852.84961
2026-04-18 06:00:00+02:00,44490.94635243988,43372.5287
2026-04-18 06:15:00+02:00,45215.76181499246,43683.50842
2026-04-18 06:30:00+02:00,45246.38309382571,43939.68614
2026-04-18 06:45:00+02:00,45346.72994182516,44691.77774
2026-04-18 07:00:00+02:00,45637.62597386188,45519.48262
2026-04-18 07:15:00+02:00,46190.08674384829,46152.58286
2026-04-18 07:30:00+02:00,46824.96389813312,47376.51698
2026-04-18 07:45:00+02:00,47391.42980788398,47356.8773
2026-04-18 08:00:00+02:00,48102.312364515565,48191.11676
2026-04-18 08:15:00+02:00,49029.698562893274,48964.77367
2026-04-18 08:30:00+02:00,49313.14817654404,50250.61623
2026-04-18 08:45:00+02:00,49789.30054837833,51121.63842
2026-04-18 09:00:00+02:00,49733.710919077756,51738.99302
2026-04-18 09:15:00+02:00,50230.565656415085,52848.48126
2026-04-18 09:30:00+02:00,51147.54917176166,53308.02354
2026-04-18 09:45:00+02:00,51714.512535700924,54031.56601
2026-04-18 10:00:00+02:00,52553.459673000776,53136.35402
2026-04-18 10:15:00+02:00,52613.79773703496,53045.96957
2026-04-18 10:30:00+02:00,52021.983301912995,53091.43132
2026-04-18 10:45:00+02:00,52979.735438193646,52362.69792
2026-04-18 11:00:00+02:00,51283.785064987664,51863.40214
2026-04-18 11:15:00+02:00,51738.20563897909,52047.58955
2026-04-18 11:30:00+02:00,51819.98260139954,52510.4646
2026-04-18 11:45:00+02:00,51357.92659745426,52469.69797
2026-04-18 12:00:00+02:00,50265.85191862846,51998.01742
2026-04-18 12:15:00+02:00,50113.229051064125,52124.79172
2026-04-18 12:30:00+02:00,50053.616925599104,51992.06353
2026-04-18 12:45:00+02:00,50137.00970080261,51054.15914
2026-04-18 13:00:00+02:00,49814.78020588118,50763.1848
2026-04-18 13:15:00+02:00,49448.1653871345,50217.22263
2026-04-18 13:30:00+02:00,49298.28922086539,49675.15256
2026-04-18 13:45:00+02:00,48875.07485595474,49579.7944
2026-04-18 14:00:00+02:00,49050.172404276746,49132.90138
2026-04-18 14:15:00+02:00,48207.72303995601,49324.17738
2026-04-18 14:30:00+02:00,47789.86562271979,48472.64944
2026-04-18 14:45:00+02:00,46688.13906796205,48047.66543
2026-04-18 15:00:00+02:00,47039.716521482405,48266.15666
2026-04-18 15:15:00+02:00,46479.19079930532,48809.69301
2026-04-18 15:30:00+02:00,46281.35334159589,49596.44768
2026-04-18 15:45:00+02:00,46028.05753438853,49053.95599
2026-04-18 16:00:00+02:00,47147.53935066282,50312.88199
2026-04-18 16:15:00+02:00,47140.173545985286,49842.7526
2026-04-18 16:30:00+02:00,47124.98324587238,49315.42744
2026-04-18 16:45:00+02:00,46942.672697533955,49034.32334
2026-04-18 17:00:00+02:00,47542.35694084374,49399.05687
2026-04-18 17:15:00+02:00,48015.01467636696,48621.34534
2026-04-18 17:30:00+02:00,48038.22593603294,48705.79172
2026-04-18 17:45:00+02:00,48224.57149094451,49312.39381
2026-04-18 18:00:00+02:00,48825.63124714557,50228.86644
2026-04-18 18:15:00+02:00,48871.018673074155,49682.94596
2026-04-18 18:30:00+02:00,48871.018673074155,49867.96246
2026-04-18 18:45:00+02:00,49075.93923646723,50260.73864
2026-04-18 19:00:00+02:00,49004.06894719376,51147.03888
2026-04-18 19:15:00+02:00,48820.98257715239,50576.68104
2026-04-18 19:30:00+02:00,48999.48739300737,50328.89979
2026-04-18 19:45:00+02:00,49004.53593364639,49789.35763
2026-04-18 20:00:00+02:00,49184.17582150768,49796.17783
2026-04-18 20:15:00+02:00,49184.17582150768,49374.35539
2026-04-18 20:30:00+02:00,48996.04987036143,49396.24597
2026-04-18 20:45:00+02:00,48757.68001232219,49003.13357
2026-04-18 21:00:00+02:00,48274.75943010025,48036.5693
2026-04-18 21:15:00+02:00,48009.174503944094,47908.60676
2026-04-18 21:30:00+02:00,47634.77655823384,47608.28164
2026-04-18 21:45:00+02:00,47636.88408100911,47507.30639
2026-04-18 22:00:00+02:00,47424.83996900259,46486.74973
2026-04-18 22:15:00+02:00,47014.35560717187,45662.36829
2026-04-18 22:30:00+02:00,46266.28796066948,45278.27738
2026-04-18 22:45:00+02:00,45773.43868816432,44877.33687
2026-04-18 23:00:00+02:00,45475.48205230226,44152.0259
2026-04-18 23:15:00+02:00,44564.82337337953,43383.65788
2026-04-18 23:30:00+02:00,44109.959958178326,42674.0984
2026-04-18 23:45:00+02:00,43868.55276408847,41529.51911
2026-04-19 00:00:00+02:00,41067.6943960285,40828.59725
2026-04-19 00:15:00+02:00,40882.92470442258,40496.85847
2026-04-19 00:30:00+02:00,40360.63222989612,40603.01877
2026-04-19 00:45:00+02:00,39770.33042370579,40285.95371
2026-04-19 01:00:00+02:00,39290.751906788006,39423.71507
2026-04-19 01:15:00+02:00,39244.362712497656,39298.15619
2026-04-19 01:30:00+02:00,39127.67618044138,38771.61039
2026-04-19 01:45:00+02:00,38917.76608063325,38384.01743
2026-04-19 02:00:00+02:00,38597.63235800592,38252.26647
2026-04-19 02:15:00+02:00,38590.22225919862,37873.27431
2026-04-19 02:30:00+02:00,38560.95254782441,37233.71328
2026-04-19 02:45:00+02:00,38485.923313439824,37029.13104
2026-04-19 03:00:00+02:00,38522.64032759993,36960.24917
2026-04-19 03:15:00+02:00,38522.64032759993,36657.81643
2026-04-19 03:30:00+02:00,38522.64032759993,36635.62312
2026-04-19 03:45:00+02:00,38562.380624718004,36759.23858
2026-04-19 04:00:00+02:00,38602.9363989881,36993.85278
2026-04-19 04:15:00+02:00,38527.907164603515,36917.48944
2026-04-19 04:30:00+02:00,38544.17323394791,36749.85675
2026-04-19 04:45:00+02:00,38541.779394366946,36763.94452
2026-04-19 05:00:00+02:00,38587.491660616644,37049.42988
2026-04-19 05:15:00+02:00,38594.14790086982,37125.99505
2026-04-19 05:30:00+02:00,38629.90045430623,36979.90514
2026-04-19 05:45:00+02:00,38735.67925475264,37680.14919
2026-04-19 06:00:00+02:00,39206.561659008024,38235.90689
2026-04-19 06:15:00+02:00,39876.08002897183,38979.51016
2026-04-19 06:30:00+02:00,39603.71521055948,39332.89656
2026-04-19 06:45:00+02:00,39774.97635907715,39609.24303
2026-04-19 07:00:00+02:00,41028.30552961255,39991.98089
2026-04-19 07:15:00+02:00,41355.694353019666,40629.34144
2026-04-19 07:30:00+02:00,42161.55494267954,41563.20507
2026-04-19 07:45:00+02:00,43279.83040008573,42611.21256
2026-04-19 08:00:00+02:00,43658.924535203914,43547.80147
2026-04-19 08:15:00+02:00,45133.994869396745,43940.82091
2026-04-19 08:30:00+02:00,45833.36467318402,44816.6766
2026-04-19 08:45:00+02:00,45891.84354707744,42599.29349
2026-04-19 09:00:00+02:00,46906.01797751966,45027.10106
2026-04-19 09:15:00+02:00,47513.108460422125,45490.33007
2026-04-19 09:30:00+02:00,48149.424881281055,45978.19215
2026-04-19 09:45:00+02:00,48728.046576145156,46531.22248
2026-04-19 10:00:00+02:00,48779.24747580188,46911.77152
2026-04-19 10:15:00+02:00,49278.240320434954,47117.12096
2026-04-19 10:30:00+02:00,49994.95229394419,47552.61995
2026-04-19 10:45:00+02:00,50024.27491427669,48259.70074
2026-04-19 11:00:00+02:00,50308.64193532806,48423.85216
2026-04-19 11:15:00+02:00,50383.44101896171,49263.8808
2026-04-19 11:30:00+02:00,50408.212121921424,49689.40114
2026-04-19 11:45:00+02:00,50392.3839702618,49442.96447
2026-04-19 12:00:00+02:00,50092.12829500359,49140.32983
2026-04-19 12:15:00+02:00,49450.734822316634,48800.23599
2026-04-19 12:30:00+02:00,49110.28455218352,48340.78619
2026-04-19 12:45:00+02:00,48804.61411457427,48651.52327
2026-04-19 13:00:00+02:00,48776.769607251605,49090.17758
2026-04-19 13:15:00+02:00,48295.52028894116,48576.62186
2026-04-19 13:30:00+02:00,47504.291821438586,48323.69548
2026-04-19 13:45:00+02:00,46984.91657474065,47833.53832
2026-04-19 14:00:00+02:00,46638.871319873695,47907.35886
2026-04-19 14:15:00+02:00,46526.306679520974,47481.16305
2026-04-19 14:30:00+02:00,45995.97131522263,47319.32911
2026-04-19 14:45:00+02:00,45756.36962284826,47198.1725
2026-04-19 15:00:00+02:00,45615.71259381864,46894.50213
2026-04-19 15:15:00+02:00,45320.58518293164,46162.05785
2026-04-19 15:30:00+02:00,45285.66705742333,45432.17752
2026-04-19 15:45:00+02:00,45152.11856846475,45435.79231
2026-04-19 16:00:00+02:00,45453.8839294622,45249.94111
2026-04-19 16:15:00+02:00,45447.43006595251,44377.01076
2026-04-19 16:30:00+02:00,45722.65954671913,44401.14972
2026-04-19 16:45:00+02:00,46098.70798513664,44170.98853
2026-04-19 17:00:00+02:00,46207.15108270905,45542.95765
2026-04-19 17:15:00+02:00,46666.29798248479,45347.00329
2026-04-19 17:30:00+02:00,47313.12194807339,46640.198
2026-04-19 17:45:00+02:00,47634.469073851295,46952.83867
2026-04-19 18:00:00+02:00,48842.58021955455,48400.97238
2026-04-19 18:15:00+02:00,48416.06359533478,48609.76093
2026-04-19 18:30:00+02:00,48523.0930614337,49019.41892
2026-04-19 18:45:00+02:00,48285.741088539064,49625.35013
2026-04-19 19:00:00+02:00,48431.837127297644,50283.99256
2026-04-19 19:15:00+02:00,48489.80938945487,49446.14571
2026-04-19 19:30:00+02:00,48490.10814993765,50172.8748
2026-04-19 19:45:00+02:00,48420.742064055805,50160.50466
2026-04-19 20:00:00+02:00,48555.58260858741,50209.5186
2026-04-19 20:15:00+02:00,48555.58260858741,50002.76837
2026-04-19 20:30:00+02:00,48112.533552581335,43880.55784
2026-04-19 20:45:00+02:00,48249.925500004945,50122.38186
2026-04-19 21:00:00+02:00,47665.58513330741,49514.5834
2026-04-19 21:15:00+02:00,47226.34319157969,48923.53671
2026-04-19 21:30:00+02:00,46690.40822954378,48316.66863
2026-04-19 21:45:00+02:00,46365.87360811508,48042.69809
2026-04-19 22:00:00+02:00,46608.60803666727,47811.99854
2026-04-19 22:15:00+02:00,46003.01232923193,47595.70581
2026-04-19 22:30:00+02:00,45771.202099361595,47022.31851
2026-04-19 22:45:00+02:00,45388.963904263415,46691.92943
2026-04-19 23:00:00+02:00,44725.09485237479,45863.75148
2026-04-19 23:15:00+02:00,44457.926054108095,45006.49941
2026-04-19 23:30:00+02:00,43920.26446218464,44517.94893
2026-04-19 23:45:00+02:00,43669.25884455625,43467.79365
2026-04-20 00:00:00+02:00,43837.90071985104,42815.49967
2026-04-20 00:15:00+02:00,43607.396811231956,42047.7463
2026-04-20 00:30:00+02:00,43285.98791725505,41644.25771
2026-04-20 00:45:00+02:00,42989.588211788374,41226.14129
2026-04-20 01:00:00+02:00,42652.135893173734,40973.76891
2026-04-20 01:15:00+02:00,42619.307745094025,40992.04099
2026-04-20 01:30:00+02:00,42472.65471982199,40562.89549
2026-04-20 01:45:00+02:00,42117.36945209744,40607.56982
2026-04-20 02:00:00+02:00,41787.29879746677,40379.89697
2026-04-20 02:15:00+02:00,41787.29879746677,40443.17713
2026-04-20 02:30:00+02:00,42031.61552088963,40202.39036
2026-04-20 02:45:00+02:00,41823.56896837488,40494.33735
2026-04-20 03:00:00+02:00,42111.79242711758,40390.7599
2026-04-20 03:15:00+02:00,41892.98057032624,40649.92232
2026-04-20 03:30:00+02:00,42210.71669053574,40800.80998
2026-04-20 03:45:00+02:00,42231.83994823056,41355.71384
2026-04-20 04:00:00+02:00,42398.8551181297,41836.16599
2026-04-20 04:15:00+02:00,42629.651967225946,42167.98164
2026-04-20 04:30:00+02:00,43372.71728094619,42746.06769
2026-04-20 04:45:00+02:00,43776.97118895328,43220.51706
2026-04-20 05:00:00+02:00,44497.76994656485,44869.22328
2026-04-20 05:15:00+02:00,45060.273303211776,46068.80026
2026-04-20 05:30:00+02:00,45845.79856854932,47134.5243
2026-04-20 05:45:00+02:00,47596.281306373174,48793.13643
2026-04-20 06:00:00+02:00,51004.8359375952,51685.15773
2026-04-20 06:15:00+02:00,52911.0717318017,53491.03989
2026-04-20 06:30:00+02:00,53883.39704533847,55038.45141
2026-04-20 06:45:00+02:00,55339.38148435383,56513.74728
2026-04-20 07:00:00+02:00,56650.67749516548,58110.40886
2026-04-20 07:15:00+02:00,57992.21771213859,59223.87021
2026-04-20 07:30:00+02:00,58961.10062655943,60148.69388
2026-04-20 07:45:00+02:00,59773.81946742512,61264.01609
2026-04-20 08:00:00+02:00,60889.59640733221,61428.23255
2026-04-20 08:15:00+02:00,61749.42911612574,62473.53239
2026-04-20 08:30:00+02:00,61672.36114093555,63305.75138
2026-04-20 08:45:00+02:00,62320.0301772585,63605.50217
2026-04-20 09:00:00+02:00,61996.41516548337,63120.75757
2026-04-20 09:15:00+02:00,62626.94403210397,63399.23949
2026-04-20 09:30:00+02:00,64455.23357849335,63482.90206
2026-04-20 09:45:00+02:00,64629.732080743146,63144.30861
2026-04-20 10:00:00+02:00,64197.0634048402,62188.49956
2026-04-20 10:15:00+02:00,64166.800907924146,61625.42428
2026-04-20 10:30:00+02:00,64178.76584583235,61805.44368
2026-04-20 10:45:00+02:00,62710.67990164186,61379.81658
2026-04-20 11:00:00+02:00,64673.43398249197,61122.59033
2026-04-20 11:15:00+02:00,64588.794140547994,61409.19758
2026-04-20 11:30:00+02:00,63385.776486459785,61436.12447
2026-04-20 11:45:00+02:00,63087.52380748873,60845.81159
2026-04-20 12:00:00+02:00,62590.523303296584,60150.75033
2026-04-20 12:15:00+02:00,62278.41191269864,59754.43265
2026-04-20 12:30:00+02:00,61571.12381362812,59934.3485
2026-04-20 12:45:00+02:00,61373.42020900787,59773.77458
2026-04-20 13:00:00+02:00,61256.129356521895,60389.03176
2026-04-20 13:15:00+02:00,61021.44683573252,59241.36938
2026-04-20 13:30:00+02:00,60635.87930585887,59156.09773
2026-04-20 13:45:00+02:00,60074.4251752852,59329.30487
2026-04-20 14:00:00+02:00,59916.62829747676,59526.07883
2026-04-20 14:15:00+02:00,60232.47759425442,58589.90085
2026-04-20 14:30:00+02:00,59677.04732827885,58484.95097
2026-04-20 14:45:00+02:00,59677.04732827885,58961.0466
2026-04-20 15:00:00+02:00,59169.50011041751,58213.60084
2026-04-20 15:15:00+02:00,59147.71319557265,57113.81619
2026-04-20 15:30:00+02:00,59150.44796677436,56924.43908
2026-04-20 15:45:00+02:00,58937.211003725984,57324.39403
2026-04-20 16:00:00+02:00,59651.74051562578,56680.56327
2026-04-20 16:15:00+02:00,58859.870457418845,56175.4322
2026-04-20 16:30:00+02:00,58762.04982828379,55790.30776
2026-04-20 16:45:00+02:00,58752.73122535754,56475.84871
2026-04-20 17:00:00+02:00,59571.65098458577,56718.68211
2026-04-20 17:15:00+02:00,59800.756227819234,56731.37335
2026-04-20 17:30:00+02:00,59976.7731202601,57492.57268
2026-04-20 17:45:00+02:00,60348.372896438595,58468.73663
2026-04-20 18:00:00+02:00,60752.77492316618,59136.47413
2026-04-20 18:15:00+02:00,60752.77492316618,59135.86869
2026-04-20 18:30:00+02:00,60798.3794953926,59625.51462
2026-04-20 18:45:00+02:00,61054.634787381685,60355.01783
2026-04-20 19:00:00+02:00,61008.882411448,60863.07588
2026-04-20 19:15:00+02:00,60981.255815570075,60665.85399
2026-04-20 19:30:00+02:00,60666.6257906768,60495.88658
2026-04-20 19:45:00+02:00,60583.07017693297,59891.44021
2026-04-20 20:00:00+02:00,60449.37689850418,59234.21932
2026-04-20 20:15:00+02:00,60171.23874268781,58608.12583
2026-04-20 20:30:00+02:00,59681.39187804273,58657.31822
2026-04-20 20:45:00+02:00,59202.55351943894,58569.87602
2026-04-20 21:00:00+02:00,58652.81788306153,58166.95494
2026-04-20 21:15:00+02:00,58153.61517386689,57178.62378
2026-04-20 21:30:00+02:00,57205.58074429828,56345.12421
2026-04-20 21:45:00+02:00,56972.91995838688,55341.43508
2026-04-20 22:00:00+02:00,54692.23522253934,54020.57365
2026-04-20 22:15:00+02:00,53368.62198771204,53494.8482
2026-04-20 22:30:00+02:00,52276.23504512854,52273.80944
2026-04-20 22:45:00+02:00,50447.80782924456,51450.18381
2026-04-20 23:00:00+02:00,49102.491895556224,50120.75853
2026-04-20 23:15:00+02:00,48729.76606919876,49362.89968
2026-04-20 23:30:00+02:00,48024.60172215216,48678.38458
2026-04-20 23:45:00+02:00,47392.36464767382,48005.20059
2026-04-21 00:00:00+02:00,45838.59776255977,47377.02586
2026-04-21 00:15:00+02:00,45370.70934978596,47226.45487
2026-04-21 00:30:00+02:00,45329.688399412174,47075.74287
2026-04-21 00:45:00+02:00,45140.425775994874,46416.94599
2026-04-21 01:00:00+02:00,44556.86860827915,46056.07449
2026-04-21 01:15:00+02:00,44290.346740070556,45603.20935
2026-04-21 01:30:00+02:00,43962.63528573135,45382.89937
2026-04-21 01:45:00+02:00,43915.99303824568,45261.96192
2026-04-21 02:00:00+02:00,43880.44805722002,44972.52458
2026-04-21 02:15:00+02:00,43906.61010247502,44917.49758
2026-04-21 02:30:00+02:00,43906.61010247502,45053.31069
2026-04-21 02:45:00+02:00,43948.59764102697,45431.0898
2026-04-21 03:00:00+02:00,44018.99459826442,45071.16381
2026-04-21 03:15:00+02:00,44140.68583994515,45250.54457
2026-04-21 03:30:00+02:00,44273.20855243322,45393.3644
2026-04-21 03:45:00+02:00,44381.09811637156,45744.00616
2026-04-21 04:00:00+02:00,44756.03576001846,46314.93184
2026-04-21 04:15:00+02:00,45322.28205436125,46583.5955
2026-04-21 04:30:00+02:00,45477.64426284813,47046.14056
2026-04-21 04:45:00+02:00,46107.2482957483,47700.92265
2026-04-21 05:00:00+02:00,47190.497580522395,48924.39327
2026-04-21 05:15:00+02:00,47879.77759042779,49737.75856
2026-04-21 05:30:00+02:00,48767.16124647331,51123.9048
2026-04-21 05:45:00+02:00,50109.75471969126,52661.70816
2026-04-21 06:00:00+02:00,53523.30170944742,55165.1945
2026-04-21 06:15:00+02:00,55858.58811299701,56977.08457
2026-04-21 06:30:00+02:00,56337.58107529111,58292.96849
2026-04-21 06:45:00+02:00,57498.972018833716,59657.49001
2026-04-21 07:00:00+02:00,58559.38501848562,60667.72331
2026-04-21 07:15:00+02:00,59162.17190115813,61677.22653
2026-04-21 07:30:00+02:00,59958.44139309203,62430.08405
2026-04-21 07:45:00+02:00,60870.58144164481,63531.83404
2026-04-21 08:00:00+02:00,61632.65680986239,63826.75312
2026-04-21 08:15:00+02:00,62055.624330734434,63892.14211
2026-04-21 08:30:00+02:00,62670.494624723025,64302.96144
2026-04-21 08:45:00+02:00,62785.55942727322,64065.55839
2026-04-21 09:00:00+02:00,61450.98294247146,63191.57388
2026-04-21 09:15:00+02:00,62046.48499898126,63393.45281
2026-04-21 09:30:00+02:00,62673.88438464474,63419.18645
2026-04-21 09:45:00+02:00,62477.40837044274,63495.33067
2026-04-21 10:00:00+02:00,61371.268492343246,63149.78212
2026-04-21 10:15:00+02:00,61361.00667334242,63082.40804
2026-04-21 10:30:00+02:00,61536.03867137507,63054.5207
2026-04-21 10:45:00+02:00,61558.15873357367,62824.84482
2026-04-21 11:00:00+02:00,60648.05582470904,62448.62048
2026-04-21 11:15:00+02:00,60652.9357480229,62376.46191
2026-04-21 11:30:00+02:00,60869.62002667001,62237.69699
2026-04-21 11:45:00+02:00,61502.3316571651,61767.73267
2026-04-21 12:00:00+02:00,59878.810761331515,61144.40779
2026-04-21 12:15:00+02:00,59878.791051888285,61181.28
2026-04-21 12:30:00+02:00,59920.65400286,61167.35902
2026-04-21 12:45:00+02:00,59842.488612949535,60727.33354
2026-04-21 13:00:00+02:00,59037.87196148347,60394.81829
2026-04-21 13:15:00+02:00,58295.05383638964,59901.72184
2026-04-21 13:30:00+02:00,57644.409530879224,59229.75955
2026-04-21 13:45:00+02:00,57049.891105313356,58737.12669
2026-04-21 14:00:00+02:00,57031.08720664963,58346.10295
2026-04-21 14:15:00+02:00,56184.20158945561,58303.55885
2026-04-21 14:30:00+02:00,55946.9448329332,57757.80689
2026-04-21 14:45:00+02:00,55513.4641248543,56767.29944
2026-04-21 15:00:00+02:00,55343.09572934198,57297.14949
2026-04-21 15:15:00+02:00,55104.29650711722,56908.50785
2026-04-21 15:30:00+02:00,54977.462357767945,56103.33073
2026-04-21 15:45:00+02:00,54900.905848826354,55493.97578
2026-04-21 16:00:00+02:00,54675.90702276313,55655.79303
2026-04-21 16:15:00+02:00,54528.56541630596,55058.18786
2026-04-21 16:30:00+02:00,54327.38144224529,55058.84194
2026-04-21 16:45:00+02:00,54206.929764240325,54808.98532
2026-04-21 17:00:00+02:00,54842.92514344044,55636.45936
2026-04-21 17:15:00+02:00,54857.839621295505,56440.15624
2026-04-21 17:30:00+02:00,54965.3153481978,56563.16543
2026-04-21 17:45:00+02:00,55129.44208932275,56792.65008
2026-04-21 18:00:00+02:00,56202.2206509615,58043.62203
2026-04-21 18:15:00+02:00,56352.169292389015,58034.41496
2026-04-21 18:30:00+02:00,56911.12586579164,58396.60145
2026-04-21 18:45:00+02:00,57026.374139769454,59306.82264
2026-04-21 19:00:00+02:00,57544.08083308847,60301.1754
2026-04-21 19:15:00+02:00,57445.21550359951,59487.05599
2026-04-21 19:30:00+02:00,57157.12388184316,59576.781
2026-04-21 19:45:00+02:00,56931.42477897218,58923.84862
2026-04-21 20:00:00+02:00,57648.44249226146,58533.76277
2026-04-21 20:15:00+02:00,57677.50341825508,57681.59059
2026-04-21 20:30:00+02:00,57316.23794334518,57562.08382
2026-04-21 20:45:00+02:00,57156.24248904174,57994.9722
2026-04-21 21:00:00+02:00,56199.12731300153,56891.13874
2026-04-21 21:15:00+02:00,55712.5846824445,56196.77397
2026-04-21 21:30:00+02:00,54061.73685559423,55503.26386
2026-04-21 21:45:00+02:00,53562.46088140957,54676.97866
2026-04-21 22:00:00+02:00,52500.235521768125,53960.9767
2026-04-21 22:15:00+02:00,51596.73961653898,53040.51018
2026-04-21 22:30:00+02:00,50619.249649454956,51949.04045
2026-04-21 22:45:00+02:00,50132.405919294644,51569.18987
2026-04-21 23:00:00+02:00,49188.78098179744,50425.04052
2026-04-21 23:15:00+02:00,49012.21308957692,49225.22496
2026-04-21 23:30:00+02:00,48220.11890285997,48323.85748
2026-04-21 23:45:00+02:00,48004.77295207983,47794.21108
2026-04-22 00:00:00+02:00,46768.89944979906,46615.94745
2026-04-22 00:15:00+02:00,46695.69928310904,46134.41573
2026-04-22 00:30:00+02:00,46645.37006484057,46026.39594
2026-04-22 00:45:00+02:00,46375.75106548079,45480.90119
2026-04-22 01:00:00+02:00,45659.969590598164,45050.75528
2026-04-22 01:15:00+02:00,45543.28801329307,44605.44777
2026-04-22 01:30:00+02:00,45317.648698211815,44490.6714
2026-04-22 01:45:00+02:00,45308.63840145987,44532.96606
2026-04-22 02:00:00+02:00,45254.21811934608,44072.15279
2026-04-22 02:15:00+02:00,45197.99464390368,44106.08835
2026-04-22 02:30:00+02:00,45158.66510878068,44400.72684
2026-04-22 02:45:00+02:00,45204.83326349278,44488.79286
2026-04-22 03:00:00+02:00,45476.692989040625,44499.22232
2026-04-22 03:15:00+02:00,45490.44137068783,44866.92772
2026-04-22 03:30:00+02:00,45555.523429346074,44861.93279
2026-04-22 03:45:00+02:00,45647.34977177419,44878.13417
2026-04-22 04:00:00+02:00,46428.64818603863,44836.82074
2026-04-22 04:15:00+02:00,46935.66745164467,45225.31142
2026-04-22 04:30:00+02:00,47227.39752438696,46231.19552
2026-04-22 04:45:00+02:00,47424.5313314372,46527.32623
2026-04-22 05:00:00+02:00,48807.256985448745,48070.61543
2026-04-22 05:15:00+02:00,49692.1057567379,49005.26587
2026-04-22 05:30:00+02:00,50144.12076853879,50003.08469
2026-04-22 05:45:00+02:00,51587.43827210357,51497.12022
2026-04-22 06:00:00+02:00,54301.061853814026,53971.90898
2026-04-22 06:15:00+02:00,55911.99277007703,56231.38112
2026-04-22 06:30:00+02:00,57186.37283974427,57725.03166
2026-04-22 06:45:00+02:00,58451.38283724344,58725.60001
2026-04-22 07:00:00+02:00,59720.31592055047,60170.10303
2026-04-22 07:15:00+02:00,60109.23764831174,61005.43414
2026-04-22 07:30:00+02:00,61542.44158373999,62034.28418
2026-04-22 07:45:00+02:00,62071.13605751544,62962.80587
2026-04-22 08:00:00+02:00,62491.45250516541,63210.59029
2026-04-22 08:15:00+02:00,63063.948990585515,63580.16574
2026-04-22 08:30:00+02:00,63334.16928675191,63817.53752
2026-04-22 08:45:00+02:00,63179.10496824826,64207.86336
2026-04-22 09:00:00+02:00,61693.195684863414,62348.83228
2026-04-22 09:15:00+02:00,61606.0777850407,62216.96515
2026-04-22 09:30:00+02:00,61731.37714093777,62139.11889
2026-04-22 09:45:00+02:00,61476.08091323972,61859.63818
2026-04-22 10:00:00+02:00,60644.02618869168,61758.68325
2026-04-22 10:15:00+02:00,61097.71229032488,61134.1342
2026-04-22 10:30:00+02:00,60812.088662738046,60719.08667
2026-04-22 10:45:00+02:00,60901.672613252704,61830.90036
2026-04-22 11:00:00+02:00,59555.043180173154,61243.32703
2026-04-22 11:15:00+02:00,59520.27163857392,60684.84266
2026-04-22 11:30:00+02:00,59384.183630455926,60986.31597
2026-04-22 11:45:00+02:00,59294.138538864434,60870.36871
2026-04-22 12:00:00+02:00,58758.302687843956,60337.78802
2026-04-22 12:15:00+02:00,58669.80037982691,60198.22268
2026-04-22 12:30:00+02:00,58556.970437057906,60007.97043
2026-04-22 12:45:00+02:00,58368.01191088468,59950.81898
2026-04-22 13:00:00+02:00,57672.619763188886,58699.16377
2026-04-22 13:15:00+02:00,56928.056691094884,58170.27005
2026-04-22 13:30:00+02:00,56511.026106370555,58418.63063
2026-04-22 13:45:00+02:00,55761.99457737822,57374.74225
2026-04-22 14:00:00+02:00,55410.392500049755,56723.79338
2026-04-22 14:15:00+02:00,54131.208006839006,56819.22572
2026-04-22 14:30:00+02:00,54096.05889132661,56154.55679
2026-04-22 14:45:00+02:00,53478.78382972589,55198.65719
2026-04-22 15:00:00+02:00,53814.08653025755,55629.98646
2026-04-22 15:15:00+02:00,53167.16106182863,55056.93948
2026-04-22 15:30:00+02:00,53144.01159385174,55247.40739
2026-04-22 15:45:00+02:00,53148.047767675824,54525.67244
2026-04-22 16:00:00+02:00,54400.574496163325,54847.49069
2026-04-22 16:15:00+02:00,52978.457417574566,54402.18394
2026-04-22 16:30:00+02:00,52657.146380520884,53738.33139
2026-04-22 16:45:00+02:00,52772.00626918837,53577.80758
2026-04-22 17:00:00+02:00,53216.120012476305,53821.83777
2026-04-22 17:15:00+02:00,53503.42133102616,53777.871
2026-04-22 17:30:00+02:00,54268.46634546054,54406.90279
2026-04-22 17:45:00+02:00,55038.10839337879,55205.22797
2026-04-22 18:00:00+02:00,56322.08604729952,56076.92722
2026-04-22 18:15:00+02:00,56609.74173878893,56272.90347
2026-04-22 18:30:00+02:00,56814.29951364402,57484.4279
2026-04-22 18:45:00+02:00,56975.30396765974,58072.88158
2026-04-22 19:00:00+02:00,57862.00998713194,58820.32895
2026-04-22 19:15:00+02:00,57864.25544295293,59106.02063
2026-04-22 19:30:00+02:00,57756.041989865385,59069.09398
2026-04-22 19:45:00+02:00,57637.87235158466,58970.91758
2026-04-22 20:00:00+02:00,58286.25943418215,58639.98819
2026-04-22 20:15:00+02:00,58302.323509005364,58451.01904
2026-04-22 20:30:00+02:00,57935.86475556126,58954.04263
2026-04-22 20:45:00+02:00,57452.42362995262,58858.0735
2026-04-22 21:00:00+02:00,56577.60636663772,57737.45587
2026-04-22 21:15:00+02:00,56071.6662626444,56749.62211
2026-04-22 21:30:00+02:00,54975.15084844554,56170.42511
2026-04-22 21:45:00+02:00,54084.872942377166,55190.86247
2026-04-22 22:00:00+02:00,52922.19856499355,54258.33924
2026-04-22 22:15:00+02:00,52537.82243480519,53856.02412
2026-04-22 22:30:00+02:00,51567.40045169556,53183.17195
2026-04-22 22:45:00+02:00,50748.10004667089,52018.39113
2026-04-22 23:00:00+02:00,50254.55264861419,50577.95441
2026-04-22 23:15:00+02:00,49645.025605580035,50163.44317
2026-04-22 23:30:00+02:00,49348.04640123537,49258.59064
2026-04-22 23:45:00+02:00,48936.28342423886,48168.61704
2026-04-23 00:00:00+02:00,47324.153975712405,46937.21283
2026-04-23 00:15:00+02:00,47092.175319049056,46092.43158
2026-04-23 00:30:00+02:00,46460.8276537224,45290.44593
2026-04-23 00:45:00+02:00,46274.5715741215,44465.09205
2026-04-23 01:00:00+02:00,46056.959118913466,43974.19537
2026-04-23 01:15:00+02:00,45865.15703197598,43733.4406
2026-04-23 01:30:00+02:00,45747.40058758635,43281.41369
2026-04-23 01:45:00+02:00,45419.537594530244,43120.27305
2026-04-23 02:00:00+02:00,45288.53679379695,42886.68019
2026-04-23 02:15:00+02:00,45288.53679379695,42571.75056
2026-04-23 02:30:00+02:00,45288.53679379695,42785.88239
2026-04-23 02:45:00+02:00,45489.86586619663,42739.976
2026-04-23 03:00:00+02:00,45334.29780017034,42920.45871
2026-04-23 03:15:00+02:00,45326.59639239765,42930.9975
2026-04-23 03:30:00+02:00,45490.04027040508,43312.65389
2026-04-23 03:45:00+02:00,46085.69590856503,43670.74399
2026-04-23 04:00:00+02:00,46475.15655825018,44024.1583
2026-04-23 04:15:00+02:00,46500.41581058498,44408.61133
2026-04-23 04:30:00+02:00,46861.530621873964,44790.63492
2026-04-23 04:45:00+02:00,47223.66084807409,45318.95959
2026-04-23 05:00:00+02:00,49028.66014056644,46952.91894
2026-04-23 05:15:00+02:00,49228.26704816445,47771.346
2026-04-23 05:30:00+02:00,50205.714122390025,49173.70504
2026-04-23 05:45:00+02:00,51087.76970318114,50752.59114
2026-04-23 06:00:00+02:00,53890.006083048684,53122.91216
2026-04-23 06:15:00+02:00,55774.818523778304,55143.20655
2026-04-23 06:30:00+02:00,56982.893138967134,56624.53495
2026-04-23 06:45:00+02:00,58316.14458417422,58003.2507
2026-04-23 07:00:00+02:00,59876.798008645055,58567.02656
2026-04-23 07:15:00+02:00,61137.6431909636,59489.83838
2026-04-23 07:30:00+02:00,62081.641993692785,60991.91735
2026-04-23 07:45:00+02:00,62438.32942584347,61689.15208
2026-04-23 08:00:00+02:00,62860.420469292905,62244.3504
2026-04-23 08:15:00+02:00,63245.226418411235,63010.9681
2026-04-23 08:30:00+02:00,63757.61280850559,62992.44051
2026-04-23 08:45:00+02:00,64145.43452327,63606.29597
2026-04-23 09:00:00+02:00,62719.97946790733,62046.34306
2026-04-23 09:15:00+02:00,63408.055852003585,62239.00356
2026-04-23 09:30:00+02:00,63625.46668183584,62022.2221
2026-04-23 09:45:00+02:00,64284.0202163492,62178.14877
2026-04-23 10:00:00+02:00,62425.833414337554,61411.31126
2026-04-23 10:15:00+02:00,62526.793680865616,61439.48233
2026-04-23 10:30:00+02:00,62466.17869999416,60691.87541
2026-04-23 10:45:00+02:00,62366.35680440188,60354.22673
2026-04-23 11:00:00+02:00,61521.33415160661,57756.65219
2026-04-23 11:15:00+02:00,61518.07545388238,59397.60749
2026-04-23 11:30:00+02:00,61455.1796826597,59558.40434
2026-04-23 11:45:00+02:00,61449.96245210559,59496.6766
2026-04-23 12:00:00+02:00,59890.89356845633,58823.1113
2026-04-23 12:15:00+02:00,59718.6495899529,58506.43269
2026-04-23 12:30:00+02:00,59214.61479057345,58291.5661
2026-04-23 12:45:00+02:00,59315.99487042144,57981.26731
2026-04-23 13:00:00+02:00,57922.832530750886,58304.99926
2026-04-23 13:15:00+02:00,57028.91480018774,57983.95417
2026-04-23 13:30:00+02:00,56646.43076554113,57384.65684
2026-04-23 13:45:00+02:00,56186.89303228863,56748.39882
2026-04-23 14:00:00+02:00,55962.68832650924,56336.39598
2026-04-23 14:15:00+02:00,55544.42357003081,56318.46533
2026-04-23 14:30:00+02:00,55223.245728748225,55717.19587
2026-04-23 14:45:00+02:00,55231.51910592732,55288.2348
2026-04-23 15:00:00+02:00,54463.03771929158,54699.21363
2026-04-23 15:15:00+02:00,53677.74737868165,54777.90524
2026-04-23 15:30:00+02:00,53719.75702142053,54135.83256
2026-04-23 15:45:00+02:00,53732.48896626934,53755.90538
2026-04-23 16:00:00+02:00,53665.892717629846,53140.95712
2026-04-23 16:15:00+02:00,53371.9878875411,52527.91285
2026-04-23 16:30:00+02:00,53047.704408727324,53418.48672
2026-04-23 16:45:00+02:00,53330.46459109204,53693.67844
2026-04-23 17:00:00+02:00,53965.68304514415,53931.63373
2026-04-23 17:15:00+02:00,54022.314209383476,53801.52069
2026-04-23 17:30:00+02:00,54316.94414735839,54659.64547
2026-04-23 17:45:00+02:00,55610.181704238996,54850.45385
2026-04-23 18:00:00+02:00,56657.39110953063,55813.96832
2026-04-23 18:15:00+02:00,56710.35095583168,56486.18949
2026-04-23 18:30:00+02:00,57323.3248452701,56747.35902
2026-04-23 18:45:00+02:00,57570.87623350226,57743.55618
2026-04-23 19:00:00+02:00,58160.52800252672,59123.2353
2026-04-23 19:15:00+02:00,58491.12103838738,59086.89244
2026-04-23 19:30:00+02:00,58646.99051257586,58833.73948
2026-04-23 19:45:00+02:00,58201.552158718114,58758.51596
2026-04-23 20:00:00+02:00,58853.92518222831,58620.32342
2026-04-23 20:15:00+02:00,58762.989848280435,57787.50362
2026-04-23 20:30:00+02:00,58592.711255257316,57986.82616
2026-04-23 20:45:00+02:00,58039.48865358409,57849.43531
2026-04-23 21:00:00+02:00,56722.27809353899,57170.27015
2026-04-23 21:15:00+02:00,56656.94419020222,56931.70853
2026-04-23 21:30:00+02:00,54909.66289754977,56037.30988
2026-04-23 21:45:00+02:00,53817.068198006564,55507.28627
2026-04-23 22:00:00+02:00,52868.160783804175,54050.93876
2026-04-23 22:15:00+02:00,52105.92966215634,52982.63187
2026-04-23 22:30:00+02:00,51649.310836370336,51719.8494
2026-04-23 22:45:00+02:00,50904.55058983123,50505.28793
2026-04-23 23:00:00+02:00,49760.78829016844,49480.44743
2026-04-23 23:15:00+02:00,49246.42395732957,49061.38194
2026-04-23 23:30:00+02:00,48479.60561349888,48068.6156
2026-04-23 23:45:00+02:00,48854.01626881233,47448.61638
2026-04-24 00:00:00+02:00,47769.60412276299,46855.68556
2026-04-24 00:15:00+02:00,47235.054227468965,46366.25265
2026-04-24 00:30:00+02:00,46573.437140693786,45932.88022
2026-04-24 00:45:00+02:00,46379.40910135552,45446.5544
2026-04-24 01:00:00+02:00,46087.116860508075,45372.58127
2026-04-24 01:15:00+02:00,45775.35798649666,45174.64482
2026-04-24 01:30:00+02:00,45653.78777366393,44512.15363
2026-04-24 01:45:00+02:00,45642.81791787626,44492.11087
2026-04-24 02:00:00+02:00,45413.6886431156,43996.80315
2026-04-24 02:15:00+02:00,45413.6886431156,44119.30941
2026-04-24 02:30:00+02:00,45322.07904486412,43917.99972
2026-04-24 02:45:00+02:00,45308.660397471285,43991.08199
2026-04-24 03:00:00+02:00,45366.662239445934,44069.86353
2026-04-24 03:15:00+02:00,45559.37383704025,44173.51047
2026-04-24 03:30:00+02:00,45614.242273552576,44168.04641
2026-04-24 03:45:00+02:00,45749.9688842749,44572.36676
2026-04-24 04:00:00+02:00,46237.82023608671,45388.02281
2026-04-24 04:15:00+02:00,46370.24362633949,45482.11328
2026-04-24 04:30:00+02:00,46725.526791681375,46042.39055
2026-04-24 04:45:00+02:00,47145.788443024234,46724.94328
2026-04-24 05:00:00+02:00,48377.64821003321,48021.08487
2026-04-24 05:15:00+02:00,49187.61214423659,48906.65337
2026-04-24 05:30:00+02:00,49982.22033726201,50056.51077
2026-04-24 05:45:00+02:00,51319.82188592851,51414.66796
2026-04-24 06:00:00+02:00,53084.09392928949,53425.25553
2026-04-24 06:15:00+02:00,55158.0250255327,55076.54338
2026-04-24 06:30:00+02:00,56346.80022272627,56504.36734
2026-04-24 06:45:00+02:00,57653.01035171241,58226.75752
2026-04-24 07:00:00+02:00,59208.87426459169,59219.98118
2026-04-24 07:15:00+02:00,60642.71665271945,60266.0142
2026-04-24 07:30:00+02:00,60991.52079984371,61532.7129
2026-04-24 07:45:00+02:00,62621.146179550364,62303.62716
2026-04-24 08:00:00+02:00,62815.611587624895,63111.16098
2026-04-24 08:15:00+02:00,63330.35074509424,64264.41021
2026-04-24 08:30:00+02:00,63972.55377567732,64518.62203
2026-04-24 08:45:00+02:00,64217.9687581032,64761.62267
2026-04-24 09:00:00+02:00,63133.39481888864,64217.12617
2026-04-24 09:15:00+02:00,63256.95431777571,64469.55511
2026-04-24 09:30:00+02:00,63305.121543110086,64256.17682
2026-04-24 09:45:00+02:00,62712.15510506247,63444.15077
2026-04-24 10:00:00+02:00,61800.561694455726,63553.33697
2026-04-24 10:15:00+02:00,61275.159399395794,63232.62027
2026-04-24 10:30:00+02:00,61300.589668751134,62936.52465
2026-04-24 10:45:00+02:00,61363.46659216575,62895.58556
2026-04-24 11:00:00+02:00,61110.59015132092,61905.06174
2026-04-24 11:15:00+02:00,61078.660575980946,61973.19704
2026-04-24 11:30:00+02:00,61078.660575980946,62498.88834
2026-04-24 11:45:00+02:00,61052.318896450546,62306.71806
2026-04-24 12:00:00+02:00,59141.76999146755,60668.52674
2026-04-24 12:15:00+02:00,58785.8906069599,60468.36434
2026-04-24 12:30:00+02:00,58664.87262053586,60059.0369
2026-04-24 12:45:00+02:00,58582.027262756135,59479.72041
2026-04-24 13:00:00+02:00,57683.12939437726,58998.7235
2026-04-24 13:15:00+02:00,57131.945135467904,58660.56464
2026-04-24 13:30:00+02:00,56774.91548701106,58191.44487
2026-04-24 13:45:00+02:00,55209.060943108685,57988.15059
2026-04-24 14:00:00+02:00,56331.54870687718,56377.45281
2026-04-24 14:15:00+02:00,55023.23099271014,55955.84124
2026-04-24 14:30:00+02:00,54640.00123382489,55699.80661
2026-04-24 14:45:00+02:00,54123.02214735063,55018.50078
2026-04-24 15:00:00+02:00,54526.27394706578,54527.43611
2026-04-24 15:15:00+02:00,53567.42003731025,53324.00034
2026-04-24 15:30:00+02:00,52530.25177424462,53458.98482
2026-04-24 15:45:00+02:00,53190.933321889286,52948.33823
2026-04-24 16:00:00+02:00,53924.990773956764,53294.18671
2026-04-24 16:15:00+02:00,52641.96385977543,52778.9628
2026-04-24 16:30:00+02:00,53349.807281291134,52889.57292
2026-04-24 16:45:00+02:00,53910.52607947939,51513.58541
2026-04-24 17:00:00+02:00,53808.36173061994,53090.23764
2026-04-24 17:15:00+02:00,54162.649810085364,52855.34785
2026-04-24 17:30:00+02:00,54522.92235532489,52932.98175
2026-04-24 17:45:00+02:00,55116.64654736278,53461.86681
2026-04-24 18:00:00+02:00,55381.92797757736,53562.83065
2026-04-24 18:15:00+02:00,55117.605317841626,53982.88342
2026-04-24 18:30:00+02:00,55643.681044470955,54650.79318
2026-04-24 18:45:00+02:00,56659.54505200226,54938.75286
2026-04-24 19:00:00+02:00,57064.16871334609,55164.41595
2026-04-24 19:15:00+02:00,56987.67252931971,55562.11969
2026-04-24 19:30:00+02:00,57026.14926475039,55518.62555
2026-04-24 19:45:00+02:00,56119.57031656164,54927.8734
2026-04-24 20:00:00+02:00,56305.6018678387,54245.72988
2026-04-24 20:15:00+02:00,55982.744477753724,54255.13187
2026-04-24 20:30:00+02:00,55507.813040236186,49774.20148
2026-04-24 20:45:00+02:00,55299.36378423689,54096.57649
2026-04-24 21:00:00+02:00,53660.42777574259,48872.30163
2026-04-24 21:15:00+02:00,52797.47835658698,52381.29339
2026-04-24 21:30:00+02:00,52570.976181879036,51505.74723
2026-04-24 21:45:00+02:00,51705.199804307566,50735.02004
2026-04-24 22:00:00+02:00,51178.97771606128,49617.84138
2026-04-24 22:15:00+02:00,50929.11531382968,48885.16944
2026-04-24 22:30:00+02:00,50404.6143753814,47959.42975
2026-04-24 22:45:00+02:00,49807.2241265175,47590.05625
2026-04-24 23:00:00+02:00,48730.65082585406,46500.34357
2026-04-24 23:15:00+02:00,48122.407404216196,45958.09795
2026-04-24 23:30:00+02:00,47693.960117178874,45050.35039
2026-04-24 23:45:00+02:00,47652.33568401599,44237.60726
2026-04-25 00:00:00+02:00,45247.08407163783,43722.79603
2026-04-25 00:15:00+02:00,45008.76617340681,43670.83442
2026-04-25 00:30:00+02:00,44340.39247994111,42486.0038
2026-04-25 00:45:00+02:00,43916.66571167269,41810.10268
2026-04-25 01:00:00+02:00,43425.67305600966,41176.39566
2026-04-25 01:15:00+02:00,43283.51491847572,41071.04188
2026-04-25 01:30:00+02:00,43085.634319007855,40637.54734
2026-04-25 01:45:00+02:00,42585.581195089035,40272.34466
2026-04-25 02:00:00+02:00,43066.70756201636,40129.63372
2026-04-25 02:15:00+02:00,42845.78329739933,40131.55734
2026-04-25 02:30:00+02:00,42527.58939873199,39714.98099
2026-04-25 02:45:00+02:00,42791.181657161316,39784.32188
2026-04-25 03:00:00+02:00,42923.32343732131,39591.71084
2026-04-25 03:15:00+02:00,42476.61295020536,39403.15226
2026-04-25 03:30:00+02:00,42557.91444807976,39420.79594
2026-04-25 03:45:00+02:00,42996.40887736809,39327.30176
2026-04-25 04:00:00+02:00,43193.75666937059,39434.4234
2026-04-25 04:15:00+02:00,43152.069544619895,39344.7715
2026-04-25 04:30:00+02:00,43153.17258193164,39380.76482
2026-04-25 04:45:00+02:00,42858.175340950416,39540.2575
2026-04-25 05:00:00+02:00,43448.35203409499,40245.50958
2026-04-25 05:15:00+02:00,43090.64713321149,40448.31469
2026-04-25 05:30:00+02:00,43258.24282948061,40911.40397
2026-04-25 05:45:00+02:00,44394.24803725573,41151.93903
2026-04-25 06:00:00+02:00,44852.99193163957,42203.72146
2026-04-25 06:15:00+02:00,45166.52490470979,43046.52231
2026-04-25 06:30:00+02:00,45373.80023808419,43690.59773
2026-04-25 06:45:00+02:00,45748.604106821476,43903.06796
2026-04-25 07:00:00+02:00,46534.92661072925,44558.86918
2026-04-25 07:15:00+02:00,47108.7577618261,45942.07497
2026-04-25 07:30:00+02:00,47738.33816184211,47105.87036
2026-04-25 07:45:00+02:00,47846.37002218805,47658.60807
2026-04-25 08:00:00+02:00,48565.778185916526,47903.68952
2026-04-25 08:15:00+02:00,49712.99741526174,49126.68378
2026-04-25 08:30:00+02:00,50464.63731979835,48542.84627
2026-04-25 08:45:00+02:00,50514.85353216888,50793.66832
2026-04-25 09:00:00+02:00,50565.37382268867,51169.30058
2026-04-25 09:15:00+02:00,51408.003667649464,51818.26464
2026-04-25 09:30:00+02:00,51848.405649665205,51693.90442
2026-04-25 09:45:00+02:00,52433.58091482965,51811.00712
2026-04-25 10:00:00+02:00,51672.25576199798,51800.88894
2026-04-25 10:15:00+02:00,51589.71115107142,52126.0128
2026-04-25 10:30:00+02:00,51697.47097409228,52217.77546
2026-04-25 10:45:00+02:00,51304.34204936705,52121.82673
2026-04-25 11:00:00+02:00,50296.300477162324,50754.64441
2026-04-25 11:15:00+02:00,50552.59667368985,50920.29282
2026-04-25 11:30:00+02:00,50633.613330085456,50841.66886
2026-04-25 11:45:00+02:00,50627.96065284315,50703.18388
2026-04-25 12:00:00+02:00,50053.298208087486,50445.87838
2026-04-25 12:15:00+02:00,49964.625016204816,49531.87653
2026-04-25 12:30:00+02:00,49943.84840339552,49220.36271
2026-04-25 12:45:00+02:00,49196.978900765236,48888.9174
2026-04-25 13:00:00+02:00,49089.33407375546,48223.76086
2026-04-25 13:15:00+02:00,48547.77108591156,47370.72216
2026-04-25 13:30:00+02:00,48488.68562595901,47413.76442
2026-04-25 13:45:00+02:00,47972.85698922075,46605.98086
2026-04-25 14:00:00+02:00,47647.48637559103,45728.48894
2026-04-25 14:15:00+02:00,47629.511079027565,44804.02693
2026-04-25 14:30:00+02:00,47145.28262437614,43550.93451
2026-04-25 14:45:00+02:00,46971.35914475715,43859.85221
2026-04-25 15:00:00+02:00,47129.95331534446,43986.75786
2026-04-25 15:15:00+02:00,47443.400339374966,43796.15578
2026-04-25 15:30:00+02:00,47498.06899863511,43549.51115
2026-04-25 15:45:00+02:00,46686.565008994396,42682.45707
2026-04-25 16:00:00+02:00,47392.77609606156,42659.52178
2026-04-25 16:15:00+02:00,46968.56485812549,42736.19482
2026-04-25 16:30:00+02:00,46903.088143772446,42380.80357
2026-04-25 16:45:00+02:00,46671.46215284023,42545.47408
2026-04-25 17:00:00+02:00,47328.69040543275,43286.06554
2026-04-25 17:15:00+02:00,46889.5412312648,43762.87757
2026-04-25 17:30:00+02:00,47512.28248912601,44178.69173
2026-04-25 17:45:00+02:00,48444.363072129985,44383.68818
2026-04-25 18:00:00+02:00,49133.313404177665,44988.41727
2026-04-25 18:15:00+02:00,49001.33409276563,46003.85588
2026-04-25 18:30:00+02:00,49055.31028348042,45359.64892
2026-04-25 18:45:00+02:00,49411.5893232012,46271.40867
2026-04-25 19:00:00+02:00,50032.74960347015,47103.40467
2026-04-25 19:15:00+02:00,50046.652864399475,46810.45729
2026-04-25 19:30:00+02:00,50078.71730520425,46857.07123
2026-04-25 19:45:00+02:00,49824.332067087,46111.9642
2026-04-25 20:00:00+02:00,50109.19899632563,45768.91582
2026-04-25 20:15:00+02:00,50082.42629181504,45321.41228
2026-04-25 20:30:00+02:00,50030.32746505697,45732.21591
2026-04-25 20:45:00+02:00,49764.44511225545,46034.55482
2026-04-25 21:00:00+02:00,49376.218920859676,45627.80897
2026-04-25 21:15:00+02:00,49021.13864607985,45783.72854
2026-04-25 21:30:00+02:00,48729.5493441314,45425.90639
2026-04-25 21:45:00+02:00,48550.002688777975,45378.28088
2026-04-25 22:00:00+02:00,47924.25979256926,44549.23608
2026-04-25 22:15:00+02:00,47456.95430372094,43941.62957
2026-04-25 22:30:00+02:00,47123.686553659565,43212.12723
2026-04-25 22:45:00+02:00,46724.10888874805,43054.29283
2026-04-25 23:00:00+02:00,45464.54298806165,42018.50676
2026-04-25 23:15:00+02:00,44988.60221737064,41535.66953
2026-04-25 23:30:00+02:00,44279.66817209087,40603.19055
2026-04-25 23:45:00+02:00,43439.28040480816,40100.17284
2026-04-26 00:00:00+02:00,40283.623806015385,39292.58724
2026-04-26 00:15:00+02:00,40378.20601107261,38108.90078
2026-04-26 00:30:00+02:00,39360.53814352249,37432.21388
2026-04-26 00:45:00+02:00,38974.15979353932,37258.87887
2026-04-26 01:00:00+02:00,38674.739602071444,36524.545
2026-04-26 01:15:00+02:00,38389.28938069378,36276.44632
2026-04-26 01:30:00+02:00,37675.21530129859,36126.14258
2026-04-26 01:45:00+02:00,37649.402527223545,36278.83966
2026-04-26 02:00:00+02:00,37035.75536595104,36069.18709
2026-04-26 02:15:00+02:00,36846.97442442413,35980.18889
2026-04-26 02:30:00+02:00,36755.27202478698,35830.95321
2026-04-26 02:45:00+02:00,36755.27202478698,35686.5142
2026-04-26 03:00:00+02:00,36741.01746615388,35801.17126
2026-04-26 03:15:00+02:00,36741.01746615388,35660.33361
2026-04-26 03:30:00+02:00,36748.330619317814,35286.90897
2026-04-26 03:45:00+02:00,36833.78377719449,35179.50793
2026-04-26 04:00:00+02:00,37176.419832423155,35380.02553
2026-04-26 04:15:00+02:00,37196.36632502635,35590.42815
2026-04-26 04:30:00+02:00,37254.29752885339,35749.32402
2026-04-26 04:45:00+02:00,37274.98634503871,35760.44669
2026-04-26 05:00:00+02:00,37392.987450353234,36460.64786
2026-04-26 05:15:00+02:00,37465.4606727785,36054.69386
2026-04-26 05:30:00+02:00,37532.405864043205,35995.32219
2026-04-26 05:45:00+02:00,37847.08461494434,35891.15253
2026-04-26 06:00:00+02:00,38533.361998721746,36207.04161
2026-04-26 06:15:00+02:00,39589.4127474822,36646.4985
2026-04-26 06:30:00+02:00,39854.16234267129,37199.05793
2026-04-26 06:45:00+02:00,39978.33693236131,37890.4748
2026-04-26 07:00:00+02:00,40345.90836508952,37468.68873
2026-04-26 07:15:00+02:00,40829.237412052615,38655.76247
2026-04-26 07:30:00+02:00,41522.10775956746,39959.75821
2026-04-26 07:45:00+02:00,42371.161810690144,40552.74863
2026-04-26 08:00:00+02:00,43188.73866111526,40890.37067
2026-04-26 08:15:00+02:00,44012.51641346652,42265.18994
2026-04-26 08:30:00+02:00,45281.90641467916,41313.65916
2026-04-26 08:45:00+02:00,44299.566274589386,43649.22101
2026-04-26 09:00:00+02:00,45050.71499445651,44373.49875
2026-04-26 09:15:00+02:00,45834.30208964648,45839.03457
2026-04-26 09:30:00+02:00,45967.54947946235,46116.25133
2026-04-26 09:45:00+02:00,46102.97397984365,45903.47804
2026-04-26 10:00:00+02:00,46082.8399258846,46276.48283
2026-04-26 10:15:00+02:00,46713.87192221566,46484.20863
2026-04-26 10:30:00+02:00,47321.10638829543,46218.86846
2026-04-26 10:45:00+02:00,47561.49282397304,46943.4385
2026-04-26 11:00:00+02:00,47613.2268413764,47079.0308
2026-04-26 11:15:00+02:00,48302.415809970465,47321.49859
2026-04-26 11:30:00+02:00,48413.75160902876,46795.2901
2026-04-26 11:45:00+02:00,48401.55686173944,48125.32372
2026-04-26 12:00:00+02:00,48137.84575691272,47285.88793
2026-04-26 12:15:00+02:00,48022.761446078366,46960.82052
2026-04-26 12:30:00+02:00,47633.72480928354,46687.57729
2026-04-26 12:45:00+02:00,47567.20421395779,46614.66565
2026-04-26 13:00:00+02:00,47275.338592823355,45804.3638
2026-04-26 13:15:00+02:00,46741.96057339192,45438.94576
2026-04-26 13:30:00+02:00,46159.00302407768,44735.19376
2026-04-26 13:45:00+02:00,45863.36830406937,44366.82746
2026-04-26 14:00:00+02:00,45743.247771272465,43865.8327
2026-04-26 14:15:00+02:00,45506.59398332582,42991.02369
2026-04-26 14:30:00+02:00,45465.045275242584,42727.34522
2026-04-26 14:45:00+02:00,45490.380935217545,42045.80474
2026-04-26 15:00:00+02:00,45100.41438640462,41540.6481
2026-04-26 15:15:00+02:00,44364.90464065074,41680.95818
2026-04-26 15:30:00+02:00,44005.41439145967,41553.90954
2026-04-26 15:45:00+02:00,43979.09443805346,40503.94634
2026-04-26 16:00:00+02:00,44409.54381304822,40618.35309
2026-04-26 16:15:00+02:00,43847.072128429165,40788.45614
2026-04-26 16:30:00+02:00,43856.91683949078,40604.84568
2026-04-26 16:45:00+02:00,44209.52996702271,40345.81928
2026-04-26 17:00:00+02:00,44662.06811896613,41407.29716
2026-04-26 17:15:00+02:00,44896.935847257795,41536.95864
2026-04-26 17:30:00+02:00,45353.33722377488,42381.31706
2026-04-26 17:45:00+02:00,45389.11216631854,43155.49138
2026-04-26 18:00:00+02:00,46617.71720454701,44396.05658
2026-04-26 18:15:00+02:00,46911.58417354806,44984.97401
2026-04-26 18:30:00+02:00,47255.63261766583,45854.96283
2026-04-26 18:45:00+02:00,47525.17674722903,46471.49596
2026-04-26 19:00:00+02:00,48295.68036026311,47625.17999
2026-04-26 19:15:00+02:00,48056.821849493885,47347.13851
2026-04-26 19:30:00+02:00,48195.89604960745,47194.15069
2026-04-26 19:45:00+02:00,48094.299583507614,47156.6562
2026-04-26 20:00:00+02:00,48242.73139112209,47251.49133
2026-04-26 20:15:00+02:00,48173.01146561033,47022.35602
2026-04-26 20:30:00+02:00,46230.00853237973,47204.00087
2026-04-26 20:45:00+02:00,47939.67497231196,47486.4227
2026-04-26 21:00:00+02:00,47181.12709709926,47841.30226
2026-04-26 21:15:00+02:00,47000.629867357326,47579.20767
2026-04-26 21:30:00+02:00,46488.2976626865,47337.88366
2026-04-26 21:45:00+02:00,46285.14795351133,47059.82708
2026-04-26 22:00:00+02:00,46448.64347786242,46595.6386
2026-04-26 22:15:00+02:00,45920.85889098083,46506.20526
2026-04-26 22:30:00+02:00,45388.12571117425,45577.66864
2026-04-26 22:45:00+02:00,45138.80762450252,44906.10812
2026-04-26 23:00:00+02:00,44676.89057577017,44273.55139
2026-04-26 23:15:00+02:00,43970.79517115775,43863.07725
2026-04-26 23:30:00+02:00,43400.51299816332,43085.09235
2026-04-26 23:45:00+02:00,42908.010632157486,42836.9687
2026-04-27 00:00:00+02:00,42571.63149134854,42330.38731
2026-04-27 00:15:00+02:00,42190.37547835861,41858.84496
2026-04-27 00:30:00+02:00,41553.400958314785,41722.63375
2026-04-27 00:45:00+02:00,41154.87466150623,41323.89789
2026-04-27 01:00:00+02:00,40561.68971469665,40873.44582
2026-04-27 01:15:00+02:00,40574.28573950724,40714.37276
2026-04-27 01:30:00+02:00,40422.76354656113,40460.75385
2026-04-27 01:45:00+02:00,40355.6844230031,40589.1686
2026-04-27 02:00:00+02:00,40239.98764060737,40286.83218
2026-04-27 02:15:00+02:00,40239.98764060737,40358.86108
2026-04-27 02:30:00+02:00,40366.17823366858,40277.93972
2026-04-27 02:45:00+02:00,40366.17823366858,40422.81499
2026-04-27 03:00:00+02:00,40482.29895002716,40500.54068
2026-04-27 03:15:00+02:00,40414.874249734195,40476.52263
2026-04-27 03:30:00+02:00,40480.40544878588,40584.73945
2026-04-27 03:45:00+02:00,40662.12847742754,40844.45982
2026-04-27 04:00:00+02:00,41810.00238985213,41859.10966
2026-04-27 04:15:00+02:00,41776.544147161454,41980.42345
2026-04-27 04:30:00+02:00,42049.15873424674,42709.74187
2026-04-27 04:45:00+02:00,42796.98512020769,43443.6016
2026-04-27 05:00:00+02:00,44826.49778273891,44808.29671
2026-04-27 05:15:00+02:00,45067.56219831486,45597.01501
2026-04-27 05:30:00+02:00,46097.37751481245,47104.08
2026-04-27 05:45:00+02:00,47330.26753144656,48469.68964
2026-04-27 06:00:00+02:00,50124.20857072979,51416.44925
2026-04-27 06:15:00+02:00,51732.90605922252,53271.15624
2026-04-27 06:30:00+02:00,53401.64299009191,54951.05693
2026-04-27 06:45:00+02:00,55537.93315679095,56384.53724
2026-04-27 07:00:00+02:00,57569.78243365895,57145.08956
2026-04-27 07:15:00+02:00,58841.61092634694,58093.87464
2026-04-27 07:30:00+02:00,59683.10965172696,59857.80088
2026-04-27 07:45:00+02:00,61070.082159042824,60488.50534
2026-04-27 08:00:00+02:00,60866.592749094096,60475.32336
2026-04-27 08:15:00+02:00,62222.59198640475,61222.76708
2026-04-27 08:30:00+02:00,62609.140559218176,61380.51802
2026-04-27 08:45:00+02:00,63022.6651112448,61889.23106
2026-04-27 09:00:00+02:00,61752.57468093964,60403.63607
2026-04-27 09:15:00+02:00,62108.183785907066,60517.58652
2026-04-27 09:30:00+02:00,62383.221158477005,60459.81884
2026-04-27 09:45:00+02:00,62240.06908632048,60402.28845
2026-04-27 10:00:00+02:00,60313.43602483289,59091.8339
2026-04-27 10:15:00+02:00,60375.03691738582,59007.08498
2026-04-27 10:30:00+02:00,60481.61176413516,59243.70396
2026-04-27 10:45:00+02:00,60438.51054427337,58981.00396
2026-04-27 11:00:00+02:00,60215.406180743026,58562.58399
2026-04-27 11:15:00+02:00,60383.631520473886,58559.30079
2026-04-27 11:30:00+02:00,60268.54652761257,58451.36233
2026-04-27 11:45:00+02:00,60067.25442008276,58574.40112
2026-04-27 12:00:00+02:00,59324.178047786154,58934.57302
2026-04-27 12:15:00+02:00,59238.54887262219,58844.68239
2026-04-27 12:30:00+02:00,59309.77046025609,59038.35113
2026-04-27 12:45:00+02:00,59286.09686066238,59604.11951
2026-04-27 13:00:00+02:00,59556.97344707384,58997.68428
2026-04-27 13:15:00+02:00,58565.05869340635,58537.9001
2026-04-27 13:30:00+02:00,58257.61862073852,58001.3743
2026-04-27 13:45:00+02:00,58248.592652297724,57795.02385
2026-04-27 14:00:00+02:00,58287.87133784498,56852.76169
2026-04-27 14:15:00+02:00,57490.49940740293,56144.27033
2026-04-27 14:30:00+02:00,57448.375676707015,55213.21248
2026-04-27 14:45:00+02:00,57897.43670831846,55369.37423
2026-04-27 15:00:00+02:00,57317.56172058324,54728.73437
2026-04-27 15:15:00+02:00,56380.086768429814,54288.45433
2026-04-27 15:30:00+02:00,55632.88942731731,54070.47064
2026-04-27 15:45:00+02:00,56572.06449097589,54082.23062
2026-04-27 16:00:00+02:00,55265.57632819473,54348.62193
2026-04-27 16:15:00+02:00,54248.22648838348,53690.18506
2026-04-27 16:30:00+02:00,54065.79205824456,53544.49796
2026-04-27 16:45:00+02:00,55266.76370266416,53169.43151
2026-04-27 17:00:00+02:00,55516.4228290436,54085.95946
2026-04-27 17:15:00+02:00,55763.762242235214,54366.18609
2026-04-27 17:30:00+02:00,57224.64249948252,54469.45791
2026-04-27 17:45:00+02:00,57580.29448430648,55056.08912
2026-04-27 18:00:00+02:00,58505.8054950154,55763.58415
2026-04-27 18:15:00+02:00,58503.75921190767,55793.22451
2026-04-27 18:30:00+02:00,58700.46177173769,56179.25523
2026-04-27 18:45:00+02:00,59233.64263516972,56832.58574
2026-04-27 19:00:00+02:00,59432.007576507545,57639.47525
2026-04-27 19:15:00+02:00,59096.42389708192,57646.72758
2026-04-27 19:30:00+02:00,59086.46884275142,57520.2734
2026-04-27 19:45:00+02:00,58565.693289156115,56859.49419
2026-04-27 20:00:00+02:00,58739.23511438794,56788.5403
2026-04-27 20:15:00+02:00,58355.70462984164,56471.00008
2026-04-27 20:30:00+02:00,58147.70045435792,49639.14716
2026-04-27 20:45:00+02:00,57880.126414912185,56773.30367
2026-04-27 21:00:00+02:00,57695.32014235365,48777.39447
2026-04-27 21:15:00+02:00,57203.16257312757,55127.60402
2026-04-27 21:30:00+02:00,54797.662958365545,54835.36707
2026-04-27 21:45:00+02:00,54612.118606392934,53879.23474
2026-04-27 22:00:00+02:00,53414.133183409605,52634.08927
2026-04-27 22:15:00+02:00,52225.623635495605,51889.26619
2026-04-27 22:30:00+02:00,51210.08908526614,51046.26817
2026-04-27 22:45:00+02:00,50590.38949273158,50394.7259
2026-04-27 23:00:00+02:00,49286.760929553755,49669.34114
2026-04-27 23:15:00+02:00,48856.84860753713,48776.35623
2026-04-27 23:30:00+02:00,48349.06872359725,47878.95895
2026-04-27 23:45:00+02:00,48093.50636067005,47532.22705
2026-04-28 00:00:00+02:00,45740.114364054134,46129.88102
2026-04-28 00:15:00+02:00,45420.05815357825,45240.95976
2026-04-28 00:30:00+02:00,45062.4951972032,44802.98125
2026-04-28 00:45:00+02:00,44811.587299356615,44284.07535
2026-04-28 01:00:00+02:00,44416.06628184043,43864.63774
2026-04-28 01:15:00+02:00,44346.21832113328,43381.07245
2026-04-28 01:30:00+02:00,44289.784303980734,43024.84935
2026-04-28 01:45:00+02:00,44257.27263117791,42980.18578
2026-04-28 02:00:00+02:00,43724.07835574662,43187.30149
2026-04-28 02:15:00+02:00,43918.68680615245,42893.38592
2026-04-28 02:30:00+02:00,43704.82215249214,42770.66162
2026-04-28 02:45:00+02:00,43723.3172017203,42827.99854
2026-04-28 03:00:00+02:00,43853.31432272579,43065.99426
2026-04-28 03:15:00+02:00,44055.26538102389,42999.83949
2026-04-28 03:30:00+02:00,44082.289687040924,42903.80199
2026-04-28 03:45:00+02:00,44255.771677249955,42912.75871
2026-04-28 04:00:00+02:00,44625.685040465265,43797.27181
2026-04-28 04:15:00+02:00,44666.52440109686,44212.91356
2026-04-28 04:30:00+02:00,44884.564517727566,44620.99937
2026-04-28 04:45:00+02:00,45409.12316409144,45125.33548
2026-04-28 05:00:00+02:00,46522.60297649229,46595.87471
2026-04-28 05:15:00+02:00,47537.92209795794,47648.41773
2026-04-28 05:30:00+02:00,48432.147486387476,48732.14309
2026-04-28 05:45:00+02:00,49706.2125671896,50560.47372
2026-04-28 06:00:00+02:00,52583.910153080644,53298.0796
2026-04-28 06:15:00+02:00,54756.348958301925,54803.52037
2026-04-28 06:30:00+02:00,55743.52961328324,55847.79301
2026-04-28 06:45:00+02:00,56875.61521269241,56956.69896
2026-04-28 07:00:00+02:00,58038.54601766914,57890.5644
2026-04-28 07:15:00+02:00,59099.220615065984,58458.18212
2026-04-28 07:30:00+02:00,59807.647680723036,59577.9985
2026-04-28 07:45:00+02:00,61215.8525326536,60036.1246
2026-04-28 08:00:00+02:00,62059.81657451333,60402.4886
2026-04-28 08:15:00+02:00,62149.7210730659,60905.1764
2026-04-28 08:30:00+02:00,62275.85410230315,61529.24134
2026-04-28 08:45:00+02:00,62398.91961092898,60947.22166
2026-04-28 09:00:00+02:00,60605.997488767636,59912.65453
2026-04-28 09:15:00+02:00,60894.31129874653,60282.54909
2026-04-28 09:30:00+02:00,60969.18325149768,60699.17872
2026-04-28 09:45:00+02:00,61023.954333628906,60408.417
2026-04-28 10:00:00+02:00,60414.13413350717,60453.88633
2026-04-28 10:15:00+02:00,60431.83138013696,60925.17532
2026-04-28 10:30:00+02:00,60553.56885929364,60684.25626
2026-04-28 10:45:00+02:00,60642.07588031563,59984.82215
2026-04-28 11:00:00+02:00,59819.90407241839,58869.98966
2026-04-28 11:15:00+02:00,59848.18306648938,58872.06012
2026-04-28 11:30:00+02:00,59848.18306648938,59214.74186
2026-04-28 11:45:00+02:00,59726.20271847644,58418.99812
2026-04-28 12:00:00+02:00,59310.37958162691,58020.04812
2026-04-28 12:15:00+02:00,59238.47620978771,57533.98952
2026-04-28 12:30:00+02:00,59228.81455065745,57035.85586
2026-04-28 12:45:00+02:00,59133.23905225612,57066.54872
2026-04-28 13:00:00+02:00,59079.39172525369,56675.66115
2026-04-28 13:15:00+02:00,58251.96122643269,56246.75053
2026-04-28 13:30:00+02:00,57994.38530976691,55414.93057
2026-04-28 13:45:00+02:00,57099.227429622595,54864.06152
2026-04-28 14:00:00+02:00,56597.20426397967,54405.93431
2026-04-28 14:15:00+02:00,56440.62399417173,54439.79356
2026-04-28 14:30:00+02:00,56191.380447902666,54363.33216
2026-04-28 14:45:00+02:00,55310.58743527796,53895.70932
2026-04-28 15:00:00+02:00,55970.18001391133,53850.74793
2026-04-28 15:15:00+02:00,55087.3896741773,53558.44182
2026-04-28 15:30:00+02:00,54290.15924372103,53111.02303
2026-04-28 15:45:00+02:00,54246.24913230643,52959.31596
2026-04-28 16:00:00+02:00,54200.493753085946,53571.07975
2026-04-28 16:15:00+02:00,53707.60900353609,53126.46286
2026-04-28 16:30:00+02:00,53707.269096894175,52516.34739
2026-04-28 16:45:00+02:00,53698.09140841837,52212.08226
2026-04-28 17:00:00+02:00,54171.97975084018,53196.10973
2026-04-28 17:15:00+02:00,54488.23842419351,53757.45747
2026-04-28 17:30:00+02:00,54809.35682070174,54338.28161
2026-04-28 17:45:00+02:00,55115.65248132011,55099.23083
2026-04-28 18:00:00+02:00,56008.2186403768,55242.08053
2026-04-28 18:15:00+02:00,56180.867038911616,55784.66252
2026-04-28 18:30:00+02:00,56471.21777240304,56804.02922
2026-04-28 18:45:00+02:00,57296.814873621784,57239.39767
2026-04-28 19:00:00+02:00,57938.22707222251,57678.8115
2026-04-28 19:15:00+02:00,57556.44480952569,57957.47184
2026-04-28 19:30:00+02:00,57469.29135768606,58374.52934
2026-04-28 19:45:00+02:00,57127.639641918235,58075.16662
2026-04-28 20:00:00+02:00,56995.46170402627,58102.8724
2026-04-28 20:15:00+02:00,56637.97796312835,57399.91441
2026-04-28 20:30:00+02:00,56590.31471484554,52453.77964
2026-04-28 20:45:00+02:00,56610.223659824784,57013.93907
2026-04-28 21:00:00+02:00,55677.27971004161,56848.86078
2026-04-28 21:15:00+02:00,54779.305777645124,56302.06552
2026-04-28 21:30:00+02:00,54204.372786333486,55065.67906
2026-04-28 21:45:00+02:00,53026.365922126046,54240.27088
2026-04-28 22:00:00+02:00,52329.01041373178,53652.15697
2026-04-28 22:15:00+02:00,51459.1488145163,52615.77289
2026-04-28 22:30:00+02:00,50383.79964402305,51637.71302
2026-04-28 22:45:00+02:00,50086.34669655254,50810.4618
2026-04-28 23:00:00+02:00,49006.80962306692,49642.6584
2026-04-28 23:15:00+02:00,48275.587901386265,49089.70391
2026-04-28 23:30:00+02:00,47692.200346628946,48678.72779
2026-04-28 23:45:00+02:00,47254.53683085332,48558.90251
2026-04-29 00:00:00+02:00,45435.81332602633,46932.61335
2026-04-29 00:15:00+02:00,45293.56641176873,46205.01786
2026-04-29 00:30:00+02:00,44937.6846650565,45981.28634
2026-04-29 00:45:00+02:00,44736.23839595173,45665.90006
2026-04-29 01:00:00+02:00,44636.735707925225,45012.41441
2026-04-29 01:15:00+02:00,43804.19706010506,44463.8751
2026-04-29 01:30:00+02:00,43699.38909263846,44178.938
2026-04-29 01:45:00+02:00,43575.44867498841,44096.13638
2026-04-29 02:00:00+02:00,43377.319582678894,43919.49367
2026-04-29 02:15:00+02:00,43377.319582678894,43576.94201
2026-04-29 02:30:00+02:00,43627.09028269483,44021.69843
2026-04-29 02:45:00+02:00,43642.95462388783,44288.0513
2026-04-29 03:00:00+02:00,43613.646973785784,44322.28683
2026-04-29 03:15:00+02:00,43845.39275247602,44315.54823
2026-04-29 03:30:00+02:00,43854.4328570339,44324.68476
2026-04-29 03:45:00+02:00,44301.77307063519,44278.66344
2026-04-29 04:00:00+02:00,44454.832274705455,44743.8292
2026-04-29 04:15:00+02:00,44804.71530635523,44945.92285
2026-04-29 04:30:00+02:00,45008.728196563665,45528.97012
2026-04-29 04:45:00+02:00,45159.62358938247,45927.01925
2026-04-29 05:00:00+02:00,46473.98340102384,47040.43265
2026-04-29 05:15:00+02:00,47572.095150009845,47756.48844
2026-04-29 05:30:00+02:00,48345.748285284935,48964.51508
2026-04-29 05:45:00+02:00,49695.876615583875,49956.55979
2026-04-29 06:00:00+02:00,52290.84104899662,52704.20219
2026-04-29 06:15:00+02:00,54533.61751561831,54793.3605
2026-04-29 06:30:00+02:00,56191.266222947466,56394.97286
2026-04-29 06:45:00+02:00,57167.229479065405,57703.73959
2026-04-29 07:00:00+02:00,58369.84823636383,58466.36001
2026-04-29 07:15:00+02:00,59340.075945118486,59256.43644
2026-04-29 07:30:00+02:00,59893.43265823594,59695.30731
2026-04-29 07:45:00+02:00,60968.46660357366,60387.33509
2026-04-29 08:00:00+02:00,60693.263206640106,60525.87309
2026-04-29 08:15:00+02:00,61066.68386651784,60994.72557
2026-04-29 08:30:00+02:00,61789.159805933254,61047.52781
2026-04-29 08:45:00+02:00,62045.566335173564,61154.15315
2026-04-29 09:00:00+02:00,59788.90008237411,61006.29139
2026-04-29 09:15:00+02:00,59959.54421208168,60988.45563
2026-04-29 09:30:00+02:00,59989.376398541026,60759.84068
2026-04-29 09:45:00+02:00,60096.32780009732,60806.32682
2026-04-29 10:00:00+02:00,59558.07984530099,60342.53133
2026-04-29 10:15:00+02:00,59608.93616833979,60358.74038
2026-04-29 10:30:00+02:00,59683.05804201816,59468.73351
2026-04-29 10:45:00+02:00,59868.898221351265,59241.01338
2026-04-29 11:00:00+02:00,59432.8346710786,58116.83031
2026-04-29 11:15:00+02:00,59295.811805386824,58018.01954
2026-04-29 11:30:00+02:00,59449.71506195343,57766.79062
2026-04-29 11:45:00+02:00,59449.71506195343,57394.11386
2026-04-29 12:00:00+02:00,58817.549653409085,57542.51473
2026-04-29 12:15:00+02:00,58542.01860056336,56968.5428
2026-04-29 12:30:00+02:00,58459.921767951884,56606.78089
2026-04-29 12:45:00+02:00,58496.805067467074,56659.60973
2026-04-29 13:00:00+02:00,57403.9916643536,56047.99093
2026-04-29 13:15:00+02:00,56512.06016005541,56538.33833
2026-04-29 13:30:00+02:00,56415.1312765761,55706.4774
2026-04-29 13:45:00+02:00,56132.576731071844,54781.95914
2026-04-29 14:00:00+02:00,55234.818888349524,54736.51221
2026-04-29 14:15:00+02:00,55168.26537004036,54347.16717
2026-04-29 14:30:00+02:00,54262.56717537673,53418.44901
2026-04-29 14:45:00+02:00,53440.24580186373,53471.3665
2026-04-29 15:00:00+02:00,54146.92749586572,53264.32658
2026-04-29 15:15:00+02:00,53400.70681840327,53053.24721
2026-04-29 15:30:00+02:00,53500.43645386507,52318.56575
2026-04-29 15:45:00+02:00,52468.77274537895,52660.73136
2026-04-29 16:00:00+02:00,53713.87160797872,53665.23738
2026-04-29 16:15:00+02:00,52327.31254175629,53282.42331
2026-04-29 16:30:00+02:00,52081.84380542999,53031.1663
2026-04-29 16:45:00+02:00,51740.47945967588,52411.13655
2026-04-29 17:00:00+02:00,52162.6269173528,52826.46106
2026-04-29 17:15:00+02:00,52294.33405476506,52634.38368
2026-04-29 17:30:00+02:00,53010.0270205637,53194.70435
2026-04-29 17:45:00+02:00,54041.69072904982,53741.30972
2026-04-29 18:00:00+02:00,54994.2160687806,54562.44843
2026-04-29 18:15:00+02:00,55041.60477222214,54990.38897
2026-04-29 18:30:00+02:00,56528.04128761163,55292.68094
2026-04-29 18:45:00+02:00,56681.498599304876,56445.52589
2026-04-29 19:00:00+02:00,57604.93939649643,57483.93849
2026-04-29 19:15:00+02:00,58125.39350216594,57722.7825
2026-04-29 19:30:00+02:00,58133.91933494055,58264.51426
2026-04-29 19:45:00+02:00,58049.009679307725,58280.07828
2026-04-29 20:00:00+02:00,57828.6351861222,57588.68442
2026-04-29 20:15:00+02:00,57559.96988005859,56874.29888
2026-04-29 20:30:00+02:00,57952.68109864738,56795.97288
2026-04-29 20:45:00+02:00,57573.48150140339,56942.12379
2026-04-29 21:00:00+02:00,57048.923245373815,56242.51458
2026-04-29 21:15:00+02:00,55912.00541441615,55892.77454
2026-04-29 21:30:00+02:00,54870.5154999987,55449.96576
2026-04-29 21:45:00+02:00,53996.65194397365,54278.63492
2026-04-29 22:00:00+02:00,52822.409572751196,53362.07984
2026-04-29 22:15:00+02:00,52506.27862535077,52161.6546
2026-04-29 22:30:00+02:00,51679.269923625216,51428.23762
2026-04-29 22:45:00+02:00,50764.15441285109,50752.81204
2026-04-29 23:00:00+02:00,49966.060631154585,49807.85581
2026-04-29 23:15:00+02:00,49347.71025848811,45778.71366
2026-04-29 23:30:00+02:00,48770.93115527908,48331.14826
2026-04-29 23:45:00+02:00,47892.07129482467,48015.79962
2026-04-30 00:00:00+02:00,45510.96269048282,47600.35301
2026-04-30 00:15:00+02:00,45424.570463372154,46675.21012
2026-04-30 00:30:00+02:00,45087.642850347496,45988.45541
2026-04-30 00:45:00+02:00,44051.43129106541,45634.16821
2026-04-30 01:00:00+02:00,43508.095387543086,41779.8613
2026-04-30 01:15:00+02:00,43420.07921867562,44676.91888
2026-04-30 01:30:00+02:00,43280.7905976747,44488.09691
2026-04-30 01:45:00+02:00,43273.28846029143,44054.63241
2026-04-30 02:00:00+02:00,43081.81239453466,44179.06014
2026-04-30 02:15:00+02:00,42714.56506119655,44079.38432
2026-04-30 02:30:00+02:00,42756.548275631736,43901.17811
2026-04-30 02:45:00+02:00,42750.9295338094,43949.63575
2026-04-30 03:00:00+02:00,43154.394343466396,44236.5544
2026-04-30 03:15:00+02:00,43154.394343466396,44328.50867
2026-04-30 03:30:00+02:00,43267.84242725073,44293.79192
2026-04-30 03:45:00+02:00,43297.33130059931,44435.35508
2026-04-30 04:00:00+02:00,43742.330439707024,44956.36286
2026-04-30 04:15:00+02:00,44017.204195942504,45487.47746
2026-04-30 04:30:00+02:00,44472.59554255423,45836.73479
2026-04-30 04:45:00+02:00,45212.53779395736,46451.11017
2026-04-30 05:00:00+02:00,45777.57962688233,47530.73101
2026-04-30 05:15:00+02:00,46460.80532868148,48234.7581
2026-04-30 05:30:00+02:00,47588.824245240685,49519.82789
2026-04-30 05:45:00+02:00,49046.45003788454,50702.81287
2026-04-30 06:00:00+02:00,51489.255968650425,53411.98317
2026-04-30 06:15:00+02:00,53662.8917301286,55248.95762
2026-04-30 06:30:00+02:00,54969.32856699969,56832.19027
2026-04-30 06:45:00+02:00,56762.01938711707,58451.49862
2026-04-30 07:00:00+02:00,57091.812206432165,59149.46511
2026-04-30 07:15:00+02:00,57895.77790867388,60857.67315
2026-04-30 07:30:00+02:00,58877.17375503804,60967.60455
2026-04-30 07:45:00+02:00,59476.41545534087,61219.31471
2026-04-30 08:00:00+02:00,59098.30229137932,61149.06859
2026-04-30 08:15:00+02:00,59890.693790761674,61216.61088
2026-04-30 08:30:00+02:00,60055.49388291023,60934.62107
2026-04-30 08:45:00+02:00,60343.319077138134,61452.25738
2026-04-30 09:00:00+02:00,58902.24633914692,60365.08015
2026-04-30 09:15:00+02:00,59142.45304353549,59677.54933
2026-04-30 09:30:00+02:00,59153.83400015516,59928.7393
2026-04-30 09:45:00+02:00,59139.97119149054,59871.25721
2026-04-30 10:00:00+02:00,58627.26173550613,59222.16708
2026-04-30 10:15:00+02:00,58749.66676152756,58843.11215
2026-04-30 10:30:00+02:00,58714.11734269139,58683.66424
2026-04-30 10:45:00+02:00,58638.643702994355,59108.41086
2026-04-30 11:00:00+02:00,57291.02933704682,58859.98607
2026-04-30 11:15:00+02:00,58121.81038955293,58572.11123
2026-04-30 11:30:00+02:00,58121.5921505004,58231.76678
2026-04-30 11:45:00+02:00,58113.97930219696,58787.58616
2026-04-30 12:00:00+02:00,57359.07084998664,58898.04857
2026-04-30 12:15:00+02:00,57022.12266237044,58446.24013
2026-04-30 12:30:00+02:00,56995.64418146146,58289.29701
2026-04-30 12:45:00+02:00,56827.307149882545,57738.89012
2026-04-30 13:00:00+02:00,56699.72331698809,57745.12524
2026-04-30 13:15:00+02:00,56322.988177670435,57566.75569
2026-04-30 13:30:00+02:00,55953.733528592,56888.8369
2026-04-30 13:45:00+02:00,54905.629455481736,56015.98617
2026-04-30 14:00:00+02:00,54328.71755984199,56220.01404
2026-04-30 14:15:00+02:00,54253.474421645755,55529.30221
2026-04-30 14:30:00+02:00,53767.65514506744,54559.96624
2026-04-30 14:45:00+02:00,53553.16974150513,54120.34708
2026-04-30 15:00:00+02:00,52879.2523593541,53788.81768
2026-04-30 15:15:00+02:00,52559.769871818535,53576.70402
2026-04-30 15:30:00+02:00,52135.50297602643,52812.17999
2026-04-30 15:45:00+02:00,52023.14324108177,52597.45314
2026-04-30 16:00:00+02:00,51633.60224710661,53063.46095
2026-04-30 16:15:00+02:00,50984.43239082451,53041.30843
2026-04-30 16:30:00+02:00,51652.854001659915,52908.67397
2026-04-30 16:45:00+02:00,52049.69980880165,52405.95967
2026-04-30 17:00:00+02:00,52082.14635097599,53017.30946
2026-04-30 17:15:00+02:00,52188.99973709623,52379.04919
2026-04-30 17:30:00+02:00,52460.684240291885,52131.62899
2026-04-30 17:45:00+02:00,53979.47199111856,52867.95605
2026-04-30 18:00:00+02:00,54878.12176012321,53122.47095
2026-04-30 18:15:00+02:00,55112.54358777759,53303.79078
2026-04-30 18:30:00+02:00,55618.88482357581,54073.25719
2026-04-30 18:45:00+02:00,56585.34136820513,54663.81809
2026-04-30 19:00:00+02:00,57155.831263268716,55259.21284
2026-04-30 19:15:00+02:00,57141.4650638109,55719.06272
2026-04-30 19:30:00+02:00,56832.11014779079,55588.53061
2026-04-30 19:45:00+02:00,56671.70709743446,55280.09075
2026-04-30 20:00:00+02:00,56614.70137303421,54827.58024
2026-04-30 20:15:00+02:00,56270.91490624312,54882.50713
2026-04-30 20:30:00+02:00,56224.66139146113,54658.67334
2026-04-30 20:45:00+02:00,56008.1850237014,54385.9528
2026-04-30 21:00:00+02:00,55925.39647384848,53444.36724
2026-04-30 21:15:00+02:00,55234.82691819126,53224.46437
2026-04-30 21:30:00+02:00,53943.91274623384,52543.21285
2026-04-30 21:45:00+02:00,53544.35320725083,51769.10142
2026-04-30 22:00:00+02:00,52288.802930759484,50421.46771
2026-04-30 22:15:00+02:00,51267.91774331931,49778.78877
2026-04-30 22:30:00+02:00,50490.199109777626,49227.57794
2026-04-30 22:45:00+02:00,49572.97980395656,47856.06901
2026-04-30 23:00:00+02:00,48793.33948854628,46945.36664
2026-04-30 23:15:00+02:00,48177.51893384743,46750.4486
2026-04-30 23:30:00+02:00,47302.768110869125,46015.14683
2026-04-30 23:45:00+02:00,47249.82060592378,45116.56446
2026-05-01 00:00:00+02:00,43363.848218492545,44658.80559
2026-05-01 00:15:00+02:00,43386.54408906118,44044.17268
2026-05-01 00:30:00+02:00,42814.96833566242,43584.5173
2026-05-01 00:45:00+02:00,42616.87619883494,43212.35951
2026-05-01 01:00:00+02:00,42331.229498295805,42813.94473
2026-05-01 01:15:00+02:00,42235.015950774556,42047.11242
2026-05-01 01:30:00+02:00,41652.85853702283,41606.32663
2026-05-01 01:45:00+02:00,41646.0665970804,41208.55532
2026-05-01 02:00:00+02:00,41194.90323225035,40457.30385
2026-05-01 02:15:00+02:00,40916.80331433178,40175.65269
2026-05-01 02:30:00+02:00,40594.11487190692,39923.05347
2026-05-01 02:45:00+02:00,40584.17492892734,40082.04874
2026-05-01 03:00:00+02:00,40854.77864077492,39810.79057
2026-05-01 03:15:00+02:00,40883.48769627361,39438.87415
2026-05-01 03:30:00+02:00,40886.89260021539,39441.20979
2026-05-01 03:45:00+02:00,40991.061733324896,39404.49405
2026-05-01 04:00:00+02:00,41641.95744042935,39853.77796
2026-05-01 04:15:00+02:00,41853.52423625761,39569.58768
2026-05-01 04:30:00+02:00,41588.24071896336,39484.0799
2026-05-01 04:45:00+02:00,41368.35748259426,39715.69394
2026-05-01 05:00:00+02:00,42302.96764562228,39819.65688
2026-05-01 05:15:00+02:00,42718.552884603305,39395.68375
2026-05-01 05:30:00+02:00,43366.182350943665,39190.72595
2026-05-01 05:45:00+02:00,44041.2108184732,38639.63724
2026-05-01 06:00:00+02:00,45940.49566103925,38344.14111
2026-05-01 06:15:00+02:00,46913.10235698972,38554.05788
2026-05-01 06:30:00+02:00,46604.38675385346,39084.31523
2026-05-01 06:45:00+02:00,45258.7307730175,39783.68343
2026-05-01 07:00:00+02:00,44815.8352815349,39716.08059
2026-05-01 07:15:00+02:00,45805.17558909703,40246.00287
2026-05-01 07:30:00+02:00,46412.07926457271,41072.23029
2026-05-01 07:45:00+02:00,47426.81197910108,42371.25028
2026-05-01 08:00:00+02:00,47572.80724338582,42069.97141
2026-05-01 08:15:00+02:00,49034.2463071224,42428.38616
2026-05-01 08:30:00+02:00,49515.035041763316,42983.87467
2026-05-01 08:45:00+02:00,49608.843067689675,43077.48622
2026-05-01 09:00:00+02:00,47933.546060522094,43593.6155
2026-05-01 09:15:00+02:00,48214.169526253754,44313.51096
2026-05-01 09:30:00+02:00,48111.32389500851,44611.95616
2026-05-01 09:45:00+02:00,47702.22024456982,44645.08081
2026-05-01 10:00:00+02:00,47231.60950045346,44493.61661
2026-05-01 10:15:00+02:00,47036.23830760032,44369.0977
2026-05-01 10:30:00+02:00,47313.146805428034,44302.66208
2026-05-01 10:45:00+02:00,47363.23418804145,45075.51327
2026-05-01 11:00:00+02:00,47789.80950028273,44489.95086
2026-05-01 11:15:00+02:00,47830.29351026324,44574.15787
2026-05-01 11:30:00+02:00,47804.630479526735,44870.88941
2026-05-01 11:45:00+02:00,47830.29351026324,44518.98936
2026-05-01 12:00:00+02:00,47290.30246666138,43817.7983
2026-05-01 12:15:00+02:00,47072.0011357192,43149.92818
2026-05-01 12:30:00+02:00,46937.38552328519,43145.54419
2026-05-01 12:45:00+02:00,46968.572701567624,43097.77225
2026-05-01 13:00:00+02:00,47149.83812817269,43052.6419
2026-05-01 13:15:00+02:00,47252.28185016951,42453.02315
2026-05-01 13:30:00+02:00,46919.88860354932,41969.17382
2026-05-01 13:45:00+02:00,46757.59814677955,40771.21365
2026-05-01 14:00:00+02:00,47849.795028546454,41375.99847
2026-05-01 14:15:00+02:00,48011.9732551623,40818.58527
2026-05-01 14:30:00+02:00,47914.264272665234,40243.85182
2026-05-01 14:45:00+02:00,48099.22476743889,39678.65021
2026-05-01 15:00:00+02:00,48041.54421066926,39437.54682
2026-05-01 15:15:00+02:00,47917.77149844008,38936.20343
2026-05-01 15:30:00+02:00,47815.2326942712,38462.77272
2026-05-01 15:45:00+02:00,47903.742073965994,37860.6184
2026-05-01 16:00:00+02:00,47978.571874469366,38602.5512
2026-05-01 16:15:00+02:00,47806.00792886679,38162.92921
2026-05-01 16:30:00+02:00,47925.79268358833,37887.02125
2026-05-01 16:45:00+02:00,47793.10716161292,37968.80222
2026-05-01 17:00:00+02:00,48234.04749613395,38746.29456
2026-05-01 17:15:00+02:00,48302.5356709188,38762.99447
2026-05-01 17:30:00+02:00,48606.51455359567,39639.64804
2026-05-01 17:45:00+02:00,48839.61274494725,40364.14879
2026-05-01 18:00:00+02:00,49634.14489879575,41279.3661
2026-05-01 18:15:00+02:00,49749.066040205864,42085.88779
2026-05-01 18:30:00+02:00,49651.45125506352,42773.96069
2026-05-01 18:45:00+02:00,49698.35605920056,43252.77792
2026-05-01 19:00:00+02:00,49972.99456145038,44349.90567
2026-05-01 19:15:00+02:00,50033.55367406885,45044.21688
2026-05-01 19:30:00+02:00,49791.239172005735,45224.5455
2026-05-01 19:45:00+02:00,50145.03716068124,44821.8392
2026-05-01 20:00:00+02:00,50048.977730085266,45279.16286
2026-05-01 20:15:00+02:00,50223.35772270026,44771.64297
2026-05-01 20:30:00+02:00,48744.718094183394,44864.3285
2026-05-01 20:45:00+02:00,49996.33545657368,45439.81236
2026-05-01 21:00:00+02:00,48715.95960919667,44570.93303
2026-05-01 21:15:00+02:00,49136.96352064804,44853.16155
2026-05-01 21:30:00+02:00,48806.27831403875,44347.1326
2026-05-01 21:45:00+02:00,47973.66043250412,44359.02891
2026-05-01 22:00:00+02:00,46814.936040782406,43328.17151
2026-05-01 22:15:00+02:00,46561.63214908714,42862.14426
2026-05-01 22:30:00+02:00,45834.127852625614,42486.74643
2026-05-01 22:45:00+02:00,45371.945004794914,41947.86533
2026-05-01 23:00:00+02:00,44511.525284575415,40925.68343
2026-05-01 23:15:00+02:00,44186.13578570672,39749.08347
2026-05-01 23:30:00+02:00,43869.48196181589,39235.59682
2026-05-01 23:45:00+02:00,43154.79566554426,38878.70257
2026-05-02 00:00:00+02:00,42048.98555879356,38645.0292
2026-05-02 00:15:00+02:00,41633.15379396902,37809.10398
2026-05-02 00:30:00+02:00,40870.54157605547,37956.67811
2026-05-02 00:45:00+02:00,40614.314510919605,37345.7665
2026-05-02 01:00:00+02:00,40200.128038705916,36859.04991
2026-05-02 01:15:00+02:00,39619.59272088047,36599.90277
2026-05-02 01:30:00+02:00,39444.49950476639,36382.6337
2026-05-02 01:45:00+02:00,39221.382589199806,36511.12063
2026-05-02 02:00:00+02:00,39153.456759826404,36398.81861
2026-05-02 02:15:00+02:00,39003.825551568036,36429.30055
2026-05-02 02:30:00+02:00,38916.099584572454,36337.17765
2026-05-02 02:45:00+02:00,38972.58113331469,36095.41349
2026-05-02 03:00:00+02:00,38964.166924118086,35895.0813
2026-05-02 03:15:00+02:00,38923.42789206344,35913.74804
2026-05-02 03:30:00+02:00,38944.53252958611,35834.24115
2026-05-02 03:45:00+02:00,39057.66441943862,36003.15015
2026-05-02 04:00:00+02:00,39008.053258913555,36233.84374
2026-05-02 04:15:00+02:00,39009.93884056096,36464.58747
2026-05-02 04:30:00+02:00,38980.08375546745,36561.6282
2026-05-02 04:45:00+02:00,38927.729217386215,36641.87992
2026-05-02 05:00:00+02:00,39203.26435522446,37287.16734
2026-05-02 05:15:00+02:00,39283.667142006976,37457.84753
2026-05-02 05:30:00+02:00,39429.618754711104,37527.3174
2026-05-02 05:45:00+02:00,39992.05561185853,37706.14157
2026-05-02 06:00:00+02:00,40764.59757058835,38445.05672
2026-05-02 06:15:00+02:00,41903.77809807545,38827.24327
2026-05-02 06:30:00+02:00,41924.83226961098,39993.99634
2026-05-02 06:45:00+02:00,42247.00806520162,40401.45922
2026-05-02 07:00:00+02:00,42994.04769073088,40291.9456
2026-05-02 07:15:00+02:00,44237.598003410676,41325.01641
2026-05-02 07:30:00+02:00,45112.002240624024,42395.38284
2026-05-02 07:45:00+02:00,45880.708707938866,42326.58659
2026-05-02 08:00:00+02:00,45906.825490415395,42757.73445
2026-05-02 08:15:00+02:00,46999.51310480986,44372.93281
2026-05-02 08:30:00+02:00,47113.85905577935,44802.11664
2026-05-02 08:45:00+02:00,48566.84525688944,44598.80913
2026-05-02 09:00:00+02:00,48086.655742299474,44823.19678
2026-05-02 09:15:00+02:00,49055.903802254215,45206.0317
2026-05-02 09:30:00+02:00,49037.89547637397,45452.65183
2026-05-02 09:45:00+02:00,49417.64351719806,45730.85632
2026-05-02 10:00:00+02:00,49108.404715397046,46361.55023
2026-05-02 10:15:00+02:00,49071.2441258159,46446.93479
2026-05-02 10:30:00+02:00,49165.768059152026,46614.31672
2026-05-02 10:45:00+02:00,49263.21105125212,46461.11209
2026-05-02 11:00:00+02:00,48690.33855061897,46074.09231
2026-05-02 11:15:00+02:00,48769.9979850213,46308.95479
2026-05-02 11:30:00+02:00,48777.32778628107,46452.11305
2026-05-02 11:45:00+02:00,48803.42498402815,45851.54023
2026-05-02 12:00:00+02:00,48628.3909903843,45908.9549
2026-05-02 12:15:00+02:00,48280.17051089343,45662.28974
2026-05-02 12:30:00+02:00,48149.76830230897,45027.7302
2026-05-02 12:45:00+02:00,47871.59058791736,45184.05613
2026-05-02 13:00:00+02:00,47541.96942955889,44950.17787
2026-05-02 13:15:00+02:00,46849.97213371738,44284.97551
2026-05-02 13:30:00+02:00,46528.20485053976,43854.94032
2026-05-02 13:45:00+02:00,46245.93997192457,44081.63117
2026-05-02 14:00:00+02:00,45683.98412786403,42849.83446
2026-05-02 14:15:00+02:00,45339.19474181535,42722.65394
2026-05-02 14:30:00+02:00,44382.60577604254,42718.42997
2026-05-02 14:45:00+02:00,44318.51043001527,42301.81878
2026-05-02 15:00:00+02:00,44234.313097346596,42427.65706
2026-05-02 15:15:00+02:00,44287.08932285928,41931.74411
2026-05-02 15:30:00+02:00,44731.13255917559,41540.54672
2026-05-02 15:45:00+02:00,43691.01825344309,41624.82789
2026-05-02 16:00:00+02:00,44633.76542699926,41577.15011
2026-05-02 16:15:00+02:00,44307.21945444254,41524.81371
2026-05-02 16:30:00+02:00,43741.75468892888,41822.07714
2026-05-02 16:45:00+02:00,43719.26179298212,41697.2756
2026-05-02 17:00:00+02:00,44522.35770190214,42960.0916
2026-05-02 17:15:00+02:00,44389.774055422175,43883.66065
2026-05-02 17:30:00+02:00,44742.254762447155,44608.33182
2026-05-02 17:45:00+02:00,45135.10574416407,45753.76918
2026-05-02 18:00:00+02:00,46460.42112048264,45900.81013
2026-05-02 18:15:00+02:00,46516.886207400996,46289.61114
2026-05-02 18:30:00+02:00,46860.36717604174,46932.60441
2026-05-02 18:45:00+02:00,47175.59924217761,47602.25319
2026-05-02 19:00:00+02:00,48074.53566268465,48508.19686
2026-05-02 19:15:00+02:00,47968.54523975147,48079.16954
2026-05-02 19:30:00+02:00,47718.47157926067,47744.50866
2026-05-02 19:45:00+02:00,47450.31731270075,47230.17598
2026-05-02 20:00:00+02:00,47479.400536305686,47781.34225
2026-05-02 20:15:00+02:00,47180.39073234022,47660.74909
2026-05-02 20:30:00+02:00,47192.92873412869,47289.51045
2026-05-02 20:45:00+02:00,47120.3964508073,46963.54783
2026-05-02 21:00:00+02:00,46143.55522253311,46788.98442
2026-05-02 21:15:00+02:00,46044.884799065025,46452.11071
2026-05-02 21:30:00+02:00,45986.89915839418,46018.97935
2026-05-02 21:45:00+02:00,45715.63803048044,45096.49541
2026-05-02 22:00:00+02:00,45056.94753407724,43765.29447
2026-05-02 22:15:00+02:00,44470.42428093526,43150.84331
2026-05-02 22:30:00+02:00,44348.45704189857,43008.24473
2026-05-02 22:45:00+02:00,44287.00355448607,42423.06116
2026-05-02 23:00:00+02:00,43141.6525713829,42697.49158
2026-05-02 23:15:00+02:00,42807.28481464732,42226.77023
2026-05-02 23:30:00+02:00,41966.30381132505,41731.52147
2026-05-02 23:45:00+02:00,41818.76184448937,41476.86416
2026-05-03 00:00:00+02:00,38400.97821035866,40378.28479
2026-05-03 00:15:00+02:00,37502.24398360736,40160.68863
2026-05-03 00:30:00+02:00,37242.80328500625,39469.04033
2026-05-03 00:45:00+02:00,37186.632979992864,39007.50213
2026-05-03 01:00:00+02:00,36894.56537266475,38890.44854
2026-05-03 01:15:00+02:00,36908.489070224496,38376.16556
2026-05-03 01:30:00+02:00,36646.50909843457,38041.96485
2026-05-03 01:45:00+02:00,36605.08976310872,37535.92581
2026-05-03 02:00:00+02:00,36638.982769683455,36842.64608
2026-05-03 02:15:00+02:00,36630.58560414909,35692.61889
2026-05-03 02:30:00+02:00,36623.461430391595,35423.50217
2026-05-03 02:45:00+02:00,36613.867435199834,35549.21306
2026-05-03 03:00:00+02:00,36622.27562059712,35491.10209
2026-05-03 03:15:00+02:00,36622.27562059712,35476.85899
2026-05-03 03:30:00+02:00,36629.92653850666,35712.64776
2026-05-03 03:45:00+02:00,36650.18352492029,35579.99736
2026-05-03 04:00:00+02:00,36777.17948930281,35694.85248
2026-05-03 04:15:00+02:00,36777.17948930281,35811.95117
2026-05-03 04:30:00+02:00,36802.52163611719,35691.44206
2026-05-03 04:45:00+02:00,36782.917810197076,35870.70411
2026-05-03 05:00:00+02:00,36978.45554786832,35978.98104
2026-05-03 05:15:00+02:00,37104.9011346762,35792.13458
2026-05-03 05:30:00+02:00,37185.24750229222,36246.24323
2026-05-03 05:45:00+02:00,37185.24750229222,36052.53087
2026-05-03 06:00:00+02:00,37422.58189272554,35686.92018
2026-05-03 06:15:00+02:00,37668.175902879026,35557.63213
2026-05-03 06:30:00+02:00,37844.699044142646,35632.62185
2026-05-03 06:45:00+02:00,38080.92822599425,36202.59323
2026-05-03 07:00:00+02:00,38451.482618907045,35896.66866
2026-05-03 07:15:00+02:00,39135.33946130588,36684.92977
2026-05-03 07:30:00+02:00,39978.106620596474,37536.4844
2026-05-03 07:45:00+02:00,40735.23156846581,38131.88571
2026-05-03 08:00:00+02:00,41482.38674110564,38187.60462
2026-05-03 08:15:00+02:00,42656.33294455839,39920.67413
2026-05-03 08:30:00+02:00,42326.95238174209,40745.27159
2026-05-03 08:45:00+02:00,42870.22631838221,41459.08928
2026-05-03 09:00:00+02:00,44261.96526016014,42024.26926
2026-05-03 09:15:00+02:00,45007.55055385392,42732.20937
2026-05-03 09:30:00+02:00,45103.475667764134,42958.29007
2026-05-03 09:45:00+02:00,45184.5433864974,43714.73596
2026-05-03 10:00:00+02:00,45341.27506902958,43344.16482
2026-05-03 10:15:00+02:00,45311.22087707495,43748.28294
2026-05-03 10:30:00+02:00,45494.180237665634,44115.06305
2026-05-03 10:45:00+02:00,45601.38005863403,44501.90003
2026-05-03 11:00:00+02:00,45603.14821288125,44622.58746
2026-05-03 11:15:00+02:00,46003.42726113949,44198.23257
2026-05-03 11:30:00+02:00,45976.536256472136,44386.50066
2026-05-03 11:45:00+02:00,46268.12383061947,44675.57055
2026-05-03 12:00:00+02:00,46055.27228217708,44257.02173
2026-05-03 12:15:00+02:00,45890.31282576359,43722.83513
2026-05-03 12:30:00+02:00,45585.324574253784,44133.13408
2026-05-03 12:45:00+02:00,45569.24810537078,44037.72662
2026-05-03 13:00:00+02:00,45335.369995808636,43288.64316
2026-05-03 13:15:00+02:00,44769.15399998953,43103.62581
2026-05-03 13:30:00+02:00,44130.7674567215,42647.89725
2026-05-03 13:45:00+02:00,43495.97763725451,41940.87944
2026-05-03 14:00:00+02:00,43026.29262421893,41916.84863
2026-05-03 14:15:00+02:00,42839.45057752152,42047.23456
2026-05-03 14:30:00+02:00,42274.35921780407,41634.71593
2026-05-03 14:45:00+02:00,41983.22260215901,41187.3239
2026-05-03 15:00:00+02:00,42089.066840217274,41728.51103
2026-05-03 15:15:00+02:00,41758.017821499714,40935.64297
2026-05-03 15:30:00+02:00,41714.015199447385,40755.71298
2026-05-03 15:45:00+02:00,41093.16697935863,40893.25681
2026-05-03 16:00:00+02:00,41421.374112275866,42039.97174
2026-05-03 16:15:00+02:00,41346.12443169883,41878.02601
2026-05-03 16:30:00+02:00,41344.4240177829,42313.76743
2026-05-03 16:45:00+02:00,41390.3899796087,42120.55137
2026-05-03 17:00:00+02:00,41926.36815873902,42892.75171
2026-05-03 17:15:00+02:00,42500.28489268696,42364.93788
2026-05-03 17:30:00+02:00,42974.12209092068,43416.09
2026-05-03 17:45:00+02:00,43610.54437658038,44378.81062
2026-05-03 18:00:00+02:00,44760.37240558725,45704.32301
2026-05-03 18:15:00+02:00,45372.66248413366,45898.69153
2026-05-03 18:30:00+02:00,45687.748886678346,47031.44657
2026-05-03 18:45:00+02:00,46190.05041680517,47395.33388
2026-05-03 19:00:00+02:00,47017.648322337074,47996.94685
2026-05-03 19:15:00+02:00,46571.87876712047,47917.81506
2026-05-03 19:30:00+02:00,46801.25945012333,47442.99568
2026-05-03 19:45:00+02:00,46686.35198391735,47157.58729
2026-05-03 20:00:00+02:00,46874.86925575656,47190.89214
2026-05-03 20:15:00+02:00,46627.53313951272,46946.80942
2026-05-03 20:30:00+02:00,45472.38796378718,47075.20394
2026-05-03 20:45:00+02:00,46516.61631265022,46900.9001
2026-05-03 21:00:00+02:00,46070.70776238066,47064.79518
2026-05-03 21:15:00+02:00,45967.70879726204,47064.30659
2026-05-03 21:30:00+02:00,45604.62171249712,46503.13305
2026-05-03 21:45:00+02:00,45604.62171249712,46505.64057
2026-05-03 22:00:00+02:00,45606.11297530155,47116.05986
2026-05-03 22:15:00+02:00,45514.88039263031,47006.08779
2026-05-03 22:30:00+02:00,45221.84536165382,46801.97988
2026-05-03 22:45:00+02:00,44859.505684799384,46001.33161
2026-05-03 23:00:00+02:00,43430.294693442076,45287.77312
2026-05-03 23:15:00+02:00,42950.82761277894,44603.12842
2026-05-03 23:30:00+02:00,42696.42584859938,43988.89632
2026-05-03 23:45:00+02:00,42327.611345110585,43447.3592
2026-05-04 00:00:00+02:00,42856.635484427476,41940.12398
2026-05-04 00:15:00+02:00,41840.45043034904,40936.60966
2026-05-04 00:30:00+02:00,41659.83455158092,40897.48532
2026-05-04 00:45:00+02:00,41242.84988531182,40789.5063
2026-05-04 01:00:00+02:00,41106.50280426429,40435.81419
2026-05-04 01:15:00+02:00,41140.03605104604,40036.80688
2026-05-04 01:30:00+02:00,40969.21286192363,40364.07032
2026-05-04 01:45:00+02:00,40959.29748415768,40778.01045
2026-05-04 02:00:00+02:00,40865.65956829066,40369.8564
2026-05-04 02:15:00+02:00,40865.65956829066,40370.80572
2026-05-04 02:30:00+02:00,40865.65956829066,40033.9728
2026-05-04 02:45:00+02:00,40865.65956829066,39784.13573
2026-05-04 03:00:00+02:00,40955.45157474383,39745.34252
2026-05-04 03:15:00+02:00,40955.45157474383,39443.77157
2026-05-04 03:30:00+02:00,41001.27625147875,39905.38487
2026-05-04 03:45:00+02:00,40998.52715196324,40152.90712
2026-05-04 04:00:00+02:00,41634.792194660185,40971.00735
2026-05-04 04:15:00+02:00,41808.36728906528,41278.83362
2026-05-04 04:30:00+02:00,42335.72585563309,41983.15688
2026-05-04 04:45:00+02:00,43018.97391601108,42749.97791
2026-05-04 05:00:00+02:00,44452.915280453315,45127.19602
2026-05-04 05:15:00+02:00,45185.544133665215,45809.53396
2026-05-04 05:30:00+02:00,46053.66491042714,47087.93579
2026-05-04 05:45:00+02:00,46894.92513773408,48194.63111
2026-05-04 06:00:00+02:00,50257.069070170226,50653.4048
2026-05-04 06:15:00+02:00,51953.0163199814,52705.58552
2026-05-04 06:30:00+02:00,54493.13850647915,54515.54659
2026-05-04 06:45:00+02:00,55311.517973721675,55760.74144
2026-05-04 07:00:00+02:00,57637.32977393757,56588.41352
2026-05-04 07:15:00+02:00,57780.99423742934,57740.77078
2026-05-04 07:30:00+02:00,59069.67119919969,59119.97693
2026-05-04 07:45:00+02:00,60338.43384128429,59238.54568
2026-05-04 08:00:00+02:00,60404.44004182585,58575.29492
2026-05-04 08:15:00+02:00,61011.034584345434,59934.01669
2026-05-04 08:30:00+02:00,60981.2935896041,60616.07404
2026-05-04 08:45:00+02:00,60988.80937492314,61132.42289
2026-05-04 09:00:00+02:00,60787.30118561771,60772.31037
2026-05-04 09:15:00+02:00,60975.12726222318,60556.3642
2026-05-04 09:30:00+02:00,60817.32473844027,60312.10589
2026-05-04 09:45:00+02:00,60874.0641698683,60166.11263
2026-05-04 10:00:00+02:00,60343.24733244146,58813.4259
2026-05-04 10:15:00+02:00,60347.84975784966,59104.00868
2026-05-04 10:30:00+02:00,60523.72319062827,59680.04399
2026-05-04 10:45:00+02:00,60644.35527877059,59876.14175
2026-05-04 11:00:00+02:00,60045.71423253881,58359.96863
2026-05-04 11:15:00+02:00,60113.49798437366,58907.28439
2026-05-04 11:30:00+02:00,60054.60679698525,58733.2857
2026-05-04 11:45:00+02:00,59994.77229449813,58877.13618
2026-05-04 12:00:00+02:00,59827.854739356495,58385.28683
2026-05-04 12:15:00+02:00,59632.429181825784,58692.79461
2026-05-04 12:30:00+02:00,59808.713580588206,59389.42873
2026-05-04 12:45:00+02:00,59905.0058909366,59065.22728
2026-05-04 13:00:00+02:00,59284.37608903239,58939.54777
2026-05-04 13:15:00+02:00,58555.99027119398,58245.36841
2026-05-04 13:30:00+02:00,58218.53069968734,58682.4304
2026-05-04 13:45:00+02:00,58007.80584018647,58256.06772
2026-05-04 14:00:00+02:00,57369.17582571204,57479.63885
2026-05-04 14:15:00+02:00,56804.52318687765,57606.61754
2026-05-04 14:30:00+02:00,56471.72168775131,57499.81723
2026-05-04 14:45:00+02:00,56706.50424776417,57091.18233
2026-05-04 15:00:00+02:00,56398.73049913607,57342.05081
2026-05-04 15:15:00+02:00,55930.43871789071,56816.47942
2026-05-04 15:30:00+02:00,55916.601852289285,56668.48944
2026-05-04 15:45:00+02:00,55930.43871789071,55919.8436
2026-05-04 16:00:00+02:00,56171.779680063875,57018.98966
2026-05-04 16:15:00+02:00,55933.191839630825,57005.04561
2026-05-04 16:30:00+02:00,55272.08208820193,57099.32388
2026-05-04 16:45:00+02:00,54604.68624955057,56778.27095
2026-05-04 17:00:00+02:00,56512.74629481539,57450.31105
2026-05-04 17:15:00+02:00,56665.4805005008,57873.39946
2026-05-04 17:30:00+02:00,56885.85053747796,57752.12517
2026-05-04 17:45:00+02:00,57260.39974406193,58246.25871
2026-05-04 18:00:00+02:00,57440.903063581354,59236.23888
2026-05-04 18:15:00+02:00,57428.867413974775,59396.97406
2026-05-04 18:30:00+02:00,57668.566303773485,59971.30864
2026-05-04 18:45:00+02:00,58261.11477400634,59976.26663
2026-05-04 19:00:00+02:00,58990.3973266359,60230.44414
2026-05-04 19:15:00+02:00,58752.982219152145,59566.11639
2026-05-04 19:30:00+02:00,58733.54215605247,59505.15672
2026-05-04 19:45:00+02:00,57746.00980706301,59218.19436
2026-05-04 20:00:00+02:00,57168.01333256515,58123.174
2026-05-04 20:15:00+02:00,57024.07935352087,57335.73586
2026-05-04 20:30:00+02:00,54402.87571455304,57245.33699
2026-05-04 20:45:00+02:00,56602.085018509424,57104.9509
2026-05-04 21:00:00+02:00,54327.684739665434,56972.31305
2026-05-04 21:15:00+02:00,55406.01211055991,56094.19415
2026-05-04 21:30:00+02:00,54626.81995936952,55777.41599
2026-05-04 21:45:00+02:00,54018.75047622831,55058.77994
2026-05-04 22:00:00+02:00,51604.1330327005,53767.61696
2026-05-04 22:15:00+02:00,51238.3700937508,53085.8013
2026-05-04 22:30:00+02:00,49751.49144803056,51756.3646
2026-05-04 22:45:00+02:00,49132.582651885175,51034.80152
2026-05-04 23:00:00+02:00,48219.65621159243,50137.60321
2026-05-04 23:15:00+02:00,47673.928036325844,49220.76596
2026-05-04 23:30:00+02:00,46810.78694922924,48305.3055
2026-05-04 23:45:00+02:00,46519.45881875766,47646.35077
2026-05-05 00:00:00+02:00,46078.23004324059,46926.76529
2026-05-05 00:15:00+02:00,45731.3617848705,46584.21125
2026-05-05 00:30:00+02:00,45169.739825481716,46402.04003
2026-05-05 00:45:00+02:00,44446.19635297735,45932.68847
2026-05-05 01:00:00+02:00,43879.488817059166,45735.57766
2026-05-05 01:15:00+02:00,43745.62516494907,45774.20958
2026-05-05 01:30:00+02:00,43570.775599262925,45430.19339
2026-05-05 01:45:00+02:00,43558.89442433086,45095.66413
2026-05-05 02:00:00+02:00,43670.90420324852,44573.91321
2026-05-05 02:15:00+02:00,43276.605356713735,44820.13613
2026-05-05 02:30:00+02:00,43276.605356713735,44323.26913
2026-05-05 02:45:00+02:00,43276.605356713735,44865.79074
2026-05-05 03:00:00+02:00,43390.78892423637,44923.16112
2026-05-05 03:15:00+02:00,43390.78892423637,44939.2633
2026-05-05 03:30:00+02:00,43400.68962916137,44896.7086
2026-05-05 03:45:00+02:00,43406.597917018364,44929.88145
2026-05-05 04:00:00+02:00,43989.061903207825,45236.15522
2026-05-05 04:15:00+02:00,44229.10387806101,45289.46217
2026-05-05 04:30:00+02:00,44928.8842741758,45871.36622
2026-05-05 04:45:00+02:00,45628.89190135332,46220.24104
2026-05-05 05:00:00+02:00,46090.610261439935,47449.3823
2026-05-05 05:15:00+02:00,47170.83134558917,48057.41607
2026-05-05 05:30:00+02:00,48320.15174737542,48873.63517
2026-05-05 05:45:00+02:00,49764.51323598705,50114.58012
2026-05-05 06:00:00+02:00,52501.66504426567,52003.84368
2026-05-05 06:15:00+02:00,55086.15566967935,54067.84195
2026-05-05 06:30:00+02:00,55999.11999919857,55387.87253
2026-05-05 06:45:00+02:00,56435.93304147187,56682.83453
2026-05-05 07:00:00+02:00,57589.23415266498,57913.75021
2026-05-05 07:15:00+02:00,58265.115566533656,58791.02128
2026-05-05 07:30:00+02:00,59641.37232931158,59392.75956
2026-05-05 07:45:00+02:00,60578.57891890528,60234.1945
2026-05-05 08:00:00+02:00,60780.35312722408,60417.17183
2026-05-05 08:15:00+02:00,61463.46204235062,61105.4045
2026-05-05 08:30:00+02:00,61472.05528034097,61809.63796
2026-05-05 08:45:00+02:00,61501.968031200624,62475.94062
2026-05-05 09:00:00+02:00,60516.181652114006,61793.63951
2026-05-05 09:15:00+02:00,60731.53798370312,61956.35661
2026-05-05 09:30:00+02:00,61296.51360368577,61749.23613
2026-05-05 09:45:00+02:00,61234.39795941117,61839.09243
2026-05-05 10:00:00+02:00,61268.6285645044,60340.53152
2026-05-05 10:15:00+02:00,61652.90143565373,60454.07041
2026-05-05 10:30:00+02:00,61642.020151800636,60422.47535
2026-05-05 10:45:00+02:00,61250.4413006163,60244.50385
2026-05-05 11:00:00+02:00,60557.46548920863,60498.80149
2026-05-05 11:15:00+02:00,60559.10117353921,60742.31602
2026-05-05 11:30:00+02:00,60984.569309687795,60483.09534
2026-05-05 11:45:00+02:00,60337.56670900707,59990.75444
2026-05-05 12:00:00+02:00,59771.09507453142,59739.86124
2026-05-05 12:15:00+02:00,59783.02285470982,59375.2668
2026-05-05 12:30:00+02:00,59332.158141331696,59227.79905
2026-05-05 12:45:00+02:00,59153.20714872442,59318.31594
2026-05-05 13:00:00+02:00,59201.67233651265,59797.41184
2026-05-05 13:15:00+02:00,58597.811276362176,59386.44415
2026-05-05 13:30:00+02:00,58356.45122553776,58588.13108
2026-05-05 13:45:00+02:00,58003.993802680416,58441.25674
2026-05-05 14:00:00+02:00,57604.735313559264,58560.80199
2026-05-05 14:15:00+02:00,57537.25575921752,58187.98867
2026-05-05 14:30:00+02:00,57385.42091596352,57358.78816
2026-05-05 14:45:00+02:00,56988.95003617074,57461.71018
2026-05-05 15:00:00+02:00,57305.060151731595,58255.98454
2026-05-05 15:15:00+02:00,56315.92936302306,57704.33024
2026-05-05 15:30:00+02:00,55435.299217974556,58103.41594
2026-05-05 15:45:00+02:00,55435.299217974556,58012.06018
2026-05-05 16:00:00+02:00,55560.11944793521,58632.56658
2026-05-05 16:15:00+02:00,55287.29114259863,58040.2954
2026-05-05 16:30:00+02:00,54825.66316727633,57679.44058
2026-05-05 16:45:00+02:00,54521.632859803714,58607.82177
2026-05-05 17:00:00+02:00,55177.29308496287,59619.2747
2026-05-05 17:15:00+02:00,56101.43879615611,59902.14622
2026-05-05 17:30:00+02:00,56224.22784775948,60135.32249
2026-05-05 17:45:00+02:00,57315.520780157094,60125.51458
2026-05-05 18:00:00+02:00,57714.9664759276,60390.68117
2026-05-05 18:15:00+02:00,58008.735307335286,60456.06054
2026-05-05 18:30:00+02:00,58184.45294629389,59975.56769
2026-05-05 18:45:00+02:00,58815.983709537606,60255.54467
2026-05-05 19:00:00+02:00,58931.651251323725,60561.8746
2026-05-05 19:15:00+02:00,58715.235148917694,59738.35706
2026-05-05 19:30:00+02:00,58711.20735372248,59583.59838
2026-05-05 19:45:00+02:00,58538.20621290896,59017.61634
2026-05-05 20:00:00+02:00,58492.43864914641,58796.22094
2026-05-05 20:15:00+02:00,58211.10793070819,57895.74515
2026-05-05 20:30:00+02:00,54933.108943044455,57800.17301
2026-05-05 20:45:00+02:00,57491.53617796967,57731.79059
2026-05-05 21:00:00+02:00,57001.06111293313,56901.63903
2026-05-05 21:15:00+02:00,56235.855076615924,56399.13127
2026-05-05 21:30:00+02:00,55722.49407977085,55838.84271
2026-05-05 21:45:00+02:00,54736.95833638132,54880.14529
2026-05-05 22:00:00+02:00,53966.51939359548,54024.92472
2026-05-05 22:15:00+02:00,52409.68104423112,53142.92033
2026-05-05 22:30:00+02:00,51903.266268209896,52158.32546
2026-05-05 22:45:00+02:00,51217.9509399906,51164.35514
2026-05-05 23:00:00+02:00,50182.36721764032,49578.08479
2026-05-05 23:15:00+02:00,48688.612224040065,48525.0201
2026-05-05 23:30:00+02:00,47913.23071224154,47722.9733
2026-05-05 23:45:00+02:00,47937.7331595593,47121.01432
2026-05-06 00:00:00+02:00,47512.335489969264,46041.9701
2026-05-06 00:15:00+02:00,46931.821023139906,45196.91628
2026-05-06 00:30:00+02:00,46748.772170820084,45070.25175
2026-05-06 00:45:00+02:00,46490.20472600107,44478.60939
2026-05-06 01:00:00+02:00,45964.85465978065,44023.16473
2026-05-06 01:15:00+02:00,45270.14821272638,43768.43527
2026-05-06 01:30:00+02:00,45068.34413068551,43831.59279
2026-05-06 01:45:00+02:00,44821.17162835873,43517.65559
2026-05-06 02:00:00+02:00,44713.22697436793,43236.25422
2026-05-06 02:15:00+02:00,44708.48960039174,42886.76685
2026-05-06 02:30:00+02:00,44761.112362400956,43031.93586
2026-05-06 02:45:00+02:00,44948.23341767734,42945.73868
2026-05-06 03:00:00+02:00,45096.97723063736,43526.06035
2026-05-06 03:15:00+02:00,45096.97723063736,43606.88722
2026-05-06 03:30:00+02:00,45091.694850737236,43609.70235
2026-05-06 03:45:00+02:00,45093.336185219116,43958.23057
2026-05-06 04:00:00+02:00,45346.938193182716,44682.40104
2026-05-06 04:15:00+02:00,45783.281246265826,44826.79985
2026-05-06 04:30:00+02:00,46216.55547435074,45469.558
2026-05-06 04:45:00+02:00,46541.095349839845,45744.91608
2026-05-06 05:00:00+02:00,46793.59241563742,47510.29328
2026-05-06 05:15:00+02:00,47987.254614888014,48116.52357
2026-05-06 05:30:00+02:00,49718.57295154842,49446.43928
2026-05-06 05:45:00+02:00,51136.9834375543,51137.24666
2026-05-06 06:00:00+02:00,53650.59383630211,53892.17613
2026-05-06 06:15:00+02:00,55807.84937129444,55908.62052
2026-05-06 06:30:00+02:00,57374.21480469678,56930.84024
2026-05-06 06:45:00+02:00,58927.01922342011,58027.65792
2026-05-06 07:00:00+02:00,59427.681837972326,59097.65997
2026-05-06 07:15:00+02:00,60410.90974963203,59844.83439
2026-05-06 07:30:00+02:00,61401.86593668202,60456.50245
2026-05-06 07:45:00+02:00,62128.78293859763,61609.27044
2026-05-06 08:00:00+02:00,62357.31356796362,61069.84586
2026-05-06 08:15:00+02:00,62728.53079922265,62144.17341
2026-05-06 08:30:00+02:00,62810.16032647528,62769.57492
2026-05-06 08:45:00+02:00,62817.518103347415,63119.61976
2026-05-06 09:00:00+02:00,62485.6255871327,63199.37876
2026-05-06 09:15:00+02:00,62492.98336400484,63502.34901
2026-05-06 09:30:00+02:00,62344.94509462555,63152.49863
2026-05-06 09:45:00+02:00,62596.998758293055,63110.58549
2026-05-06 10:00:00+02:00,62630.23218735069,62950.64319
2026-05-06 10:15:00+02:00,62618.474926493305,64558.4466
2026-05-06 10:30:00+02:00,62607.866329673576,64560.76466
2026-05-06 10:45:00+02:00,62665.429576692746,64581.02229
2026-05-06 11:00:00+02:00,62658.26243021154,64673.3975
2026-05-06 11:15:00+02:00,62609.85105855925,64414.91033
2026-05-06 11:30:00+02:00,62655.78807080843,64525.0192
2026-05-06 11:45:00+02:00,62629.488605252525,64604.01448
2026-05-06 12:00:00+02:00,62081.158094589664,63204.41279
2026-05-06 12:15:00+02:00,61793.06634163804,62830.08809
2026-05-06 12:30:00+02:00,61661.83362229525,62464.7819
2026-05-06 12:45:00+02:00,61290.622886905054,62846.11429
2026-05-06 13:00:00+02:00,60211.38040166602,62919.2567
2026-05-06 13:15:00+02:00,60658.448443486144,62861.75385
2026-05-06 13:30:00+02:00,59593.36915291342,62397.51559
2026-05-06 13:45:00+02:00,58716.907430964806,61782.2445
2026-05-06 14:00:00+02:00,58166.92943823732,61170.29164
2026-05-06 14:15:00+02:00,57607.31256523997,60773.77339
2026-05-06 14:30:00+02:00,56971.15284677405,60719.08934
2026-05-06 14:45:00+02:00,56935.455982575564,60363.74509
2026-05-06 15:00:00+02:00,56966.01288019357,60487.42404
2026-05-06 15:15:00+02:00,56920.28020010403,60294.34332
2026-05-06 15:30:00+02:00,56814.22379201301,59925.34278
2026-05-06 15:45:00+02:00,56359.21301462537,59797.26826
2026-05-06 16:00:00+02:00,57519.147374714834,60016.52085
2026-05-06 16:15:00+02:00,56725.84338705769,59546.60997
2026-05-06 16:30:00+02:00,56698.2831078631,59032.79182
2026-05-06 16:45:00+02:00,56487.58256995,59416.90713
2026-05-06 17:00:00+02:00,56659.25724865691,60322.12682
2026-05-06 17:15:00+02:00,56778.20152936735,59973.47513
2026-05-06 17:30:00+02:00,57096.605088777855,60205.08786
2026-05-06 17:45:00+02:00,58214.27818812983,60790.75515
2026-05-06 18:00:00+02:00,58181.75486821737,60760.46126
2026-05-06 18:15:00+02:00,58528.448665336655,60641.42058
2026-05-06 18:30:00+02:00,59559.80300007752,60327.80895
2026-05-06 18:45:00+02:00,59798.45139965825,60413.52848
2026-05-06 19:00:00+02:00,60739.99400968539,60675.44264
2026-05-06 19:15:00+02:00,60677.590322234515,60222.91111
2026-05-06 19:30:00+02:00,60666.16033359318,59962.67158
2026-05-06 19:45:00+02:00,60452.42519151868,59461.60252
2026-05-06 20:00:00+02:00,59967.91117903133,58500.855
2026-05-06 20:15:00+02:00,59191.966452814035,57826.9062
2026-05-06 20:30:00+02:00,58963.24461753011,57606.43938
2026-05-06 20:45:00+02:00,59260.99630816467,57249.08791
2026-05-06 21:00:00+02:00,58017.0846275344,56197.98585
2026-05-06 21:15:00+02:00,57678.37997235392,55485.16687
2026-05-06 21:30:00+02:00,57099.39972345676,54755.81567
2026-05-06 21:45:00+02:00,56119.32080866873,53916.15638
2026-05-06 22:00:00+02:00,54748.61191439596,52834.42067
2026-05-06 22:15:00+02:00,54333.70762530617,52210.70762
2026-05-06 22:30:00+02:00,53772.90997627669,50938.20041
2026-05-06 22:45:00+02:00,53181.591750334585,50196.72289
2026-05-06 23:00:00+02:00,52208.69229929667,49348.41787
2026-05-06 23:15:00+02:00,49983.00405903362,48883.06762
2026-05-06 23:30:00+02:00,49842.54499400562,48177.06328
2026-05-06 23:45:00+02:00,49409.76551600444,47674.89276
2026-05-07 00:00:00+02:00,48538.51151900235,47491.78506
2026-05-07 00:15:00+02:00,47552.23020008876,46727.87479
2026-05-07 00:30:00+02:00,47067.23758995853,46761.48825
2026-05-07 00:45:00+02:00,46588.19494843743,45822.10455
2026-05-07 01:00:00+02:00,44058.75994862807,45777.29459
2026-05-07 01:15:00+02:00,45589.04815269675,45513.15033
2026-05-07 01:30:00+02:00,44824.33109303377,45147.27678
2026-05-07 01:45:00+02:00,44623.04509603077,44505.49627
2026-05-07 02:00:00+02:00,44533.836368980395,44322.96213
2026-05-07 02:15:00+02:00,44416.60800315151,44334.17795
2026-05-07 02:30:00+02:00,44337.228673065285,44375.89362
2026-05-07 02:45:00+02:00,44337.228673065285,44530.87066
2026-05-07 03:00:00+02:00,44372.54158517286,44679.59212
2026-05-07 03:15:00+02:00,44372.54158517286,44907.20194
2026-05-07 03:30:00+02:00,44456.540654512835,44650.27091
2026-05-07 03:45:00+02:00,44927.02057257355,44856.51594
2026-05-07 04:00:00+02:00,45956.55660509432,45529.05488
2026-05-07 04:15:00+02:00,46122.425272931556,45664.44796
2026-05-07 04:30:00+02:00,46112.851661096014,46367.04139
2026-05-07 04:45:00+02:00,46344.554896524176,46720.74032
2026-05-07 05:00:00+02:00,47440.24576200642,48391.85135
2026-05-07 05:15:00+02:00,48002.72437372358,49130.18887
2026-05-07 05:30:00+02:00,49108.318991012435,50250.30847
2026-05-07 05:45:00+02:00,51070.28521561057,51544.12497
2026-05-07 06:00:00+02:00,52767.223001466424,53781.17209
2026-05-07 06:15:00+02:00,55553.707260327654,55271.04729
2026-05-07 06:30:00+02:00,56649.91694284009,56583.44299
2026-05-07 06:45:00+02:00,58407.611948897684,57799.04912
2026-05-07 07:00:00+02:00,59236.849069615484,58693.32212
2026-05-07 07:15:00+02:00,60504.49450741485,59529.23879
2026-05-07 07:30:00+02:00,61257.32179174421,60611.76852
2026-05-07 07:45:00+02:00,62102.66089607423,61286.81642
2026-05-07 08:00:00+02:00,62321.74426237329,60636.58456
2026-05-07 08:15:00+02:00,62473.52435752086,61480.25734
2026-05-07 08:30:00+02:00,62435.29408908086,62232.1198
2026-05-07 08:45:00+02:00,62446.68670649209,62789.5531
2026-05-07 09:00:00+02:00,62578.55538416568,61940.70297
2026-05-07 09:15:00+02:00,62511.412170039344,61894.0565
2026-05-07 09:30:00+02:00,62610.59381040194,62455.10396
2026-05-07 09:45:00+02:00,62727.79554102291,62873.93138
2026-05-07 10:00:00+02:00,62811.40501700098,63601.71012
2026-05-07 10:15:00+02:00,62742.83555199202,63637.18439
2026-05-07 10:30:00+02:00,62464.117301220685,63763.8429
2026-05-07 10:45:00+02:00,62788.28530029573,63428.53508
2026-05-07 11:00:00+02:00,62239.31755286211,63050.22073
2026-05-07 11:15:00+02:00,62297.07257462689,63215.97873
2026-05-07 11:30:00+02:00,62367.43920036855,63185.19029
2026-05-07 11:45:00+02:00,62398.44025221839,63272.97907
2026-05-07 12:00:00+02:00,62203.705410488874,62006.55698
2026-05-07 12:15:00+02:00,61804.85106691606,60941.15737
2026-05-07 12:30:00+02:00,61756.42785640597,61676.76826
2026-05-07 12:45:00+02:00,61463.24061273217,61242.70957
2026-05-07 13:00:00+02:00,61069.175440510255,61778.42764
2026-05-07 13:15:00+02:00,60821.946653581086,60587.69606
2026-05-07 13:30:00+02:00,59931.40204917594,59653.37866
2026-05-07 13:45:00+02:00,58335.71001655507,59254.63059
2026-05-07 14:00:00+02:00,57809.4813842437,59054.16995
2026-05-07 14:15:00+02:00,57689.25320211459,58886.65457
2026-05-07 14:30:00+02:00,56485.001660625756,58419.48115
2026-05-07 14:45:00+02:00,56455.67944942656,58460.32784
2026-05-07 15:00:00+02:00,55955.88576516534,58677.77974
2026-05-07 15:15:00+02:00,55802.19448342803,58373.3943
2026-05-07 15:30:00+02:00,55620.82728507815,57941.07023
2026-05-07 15:45:00+02:00,55273.86739631199,57477.34085
2026-05-07 16:00:00+02:00,55843.77552588889,57573.62003
2026-05-07 16:15:00+02:00,55729.03374442689,57458.37886
2026-05-07 16:30:00+02:00,55646.7350327817,57127.28568
2026-05-07 16:45:00+02:00,55857.1176830895,57316.43166
2026-05-07 17:00:00+02:00,56682.69650110568,57482.77439
2026-05-07 17:15:00+02:00,56543.15577108986,57657.82583
2026-05-07 17:30:00+02:00,56645.063599782414,58202.09917
2026-05-07 17:45:00+02:00,56899.968291444915,58351.00267
2026-05-07 18:00:00+02:00,57444.417827895675,59050.21161
2026-05-07 18:15:00+02:00,57506.29704524084,58861.08671
2026-05-07 18:30:00+02:00,57732.399340257056,59693.66933
2026-05-07 18:45:00+02:00,58151.32990879465,59779.92068
2026-05-07 19:00:00+02:00,58741.70188177241,60670.54319
2026-05-07 19:15:00+02:00,58571.31376347505,60292.76459
2026-05-07 19:30:00+02:00,58456.46212081509,60180.7997
2026-05-07 19:45:00+02:00,58125.34114928168,59873.36102
2026-05-07 20:00:00+02:00,57516.68867683368,59428.22807
2026-05-07 20:15:00+02:00,57315.715289213076,58928.16476
2026-05-07 20:30:00+02:00,56553.05495645418,58033.9894
2026-05-07 20:45:00+02:00,56374.66904801315,57557.38459
2026-05-07 21:00:00+02:00,55753.96370288162,57354.51064
2026-05-07 21:15:00+02:00,55364.6769979857,57762.72017
2026-05-07 21:30:00+02:00,54360.74980381466,57268.49618
2026-05-07 21:45:00+02:00,54271.76320867165,55679.34934
2026-05-07 22:00:00+02:00,53174.968989796886,54564.25784
2026-05-07 22:15:00+02:00,52436.411377206095,53733.4296
2026-05-07 22:30:00+02:00,51993.564370861495,52747.93062
2026-05-07 22:45:00+02:00,51424.84070699409,51715.29719
2026-05-07 23:00:00+02:00,49561.84625776776,51115.04058
2026-05-07 23:15:00+02:00,49065.7770533037,50386.43903
2026-05-07 23:30:00+02:00,48558.685871978865,49464.31752
2026-05-07 23:45:00+02:00,48503.92787808846,48649.59674
2026-05-08 00:00:00+02:00,46005.83165250807,48113.12566
2026-05-08 00:15:00+02:00,45214.619180957015,47633.72502
2026-05-08 00:30:00+02:00,44740.65785743774,47292.62832
2026-05-08 00:45:00+02:00,44600.555665138025,46827.82081
2026-05-08 01:00:00+02:00,44140.093786460704,46003.91372
2026-05-08 01:15:00+02:00,43268.51274002429,45627.38255
2026-05-08 01:30:00+02:00,42934.30981409697,45782.58599
2026-05-08 01:45:00+02:00,42819.54362457588,45403.11971
2026-05-08 02:00:00+02:00,42677.33657776784,44900.54473
2026-05-08 02:15:00+02:00,42735.69673274078,44583.38374
2026-05-08 02:30:00+02:00,42677.33657776784,44677.28188
2026-05-08 02:45:00+02:00,42627.93275381213,44622.90798
2026-05-08 03:00:00+02:00,42506.608730455104,45236.69782
2026-05-08 03:15:00+02:00,42556.96602783861,45211.37852
2026-05-08 03:30:00+02:00,42525.14518035032,45223.03232
2026-05-08 03:45:00+02:00,42605.107796720105,45659.33887
2026-05-08 04:00:00+02:00,42973.0555539467,46182.51079
2026-05-08 04:15:00+02:00,42901.10323476678,46293.15156
2026-05-08 04:30:00+02:00,43003.265020695544,46374.97435
2026-05-08 04:45:00+02:00,43310.960247355215,46831.33952
2026-05-08 05:00:00+02:00,43818.749838939904,48293.3345
2026-05-08 05:15:00+02:00,44360.79801531308,48757.62855
2026-05-08 05:30:00+02:00,45645.129324073656,49596.97551
2026-05-08 05:45:00+02:00,46783.44204012018,50860.95244
2026-05-08 06:00:00+02:00,47634.562185264214,52962.78233
2026-05-08 06:15:00+02:00,51534.74550321881,54605.75825
2026-05-08 06:30:00+02:00,53078.88065976438,55914.38695
2026-05-08 06:45:00+02:00,55397.62954802964,57340.17955
2026-05-08 07:00:00+02:00,56155.68307024844,57947.01207
2026-05-08 07:15:00+02:00,56901.32616745623,59143.69716
2026-05-08 07:30:00+02:00,57512.380594315735,60385.57832
2026-05-08 07:45:00+02:00,57773.038199748335,60980.79932
2026-05-08 08:00:00+02:00,57811.53885449271,60865.84084
2026-05-08 08:15:00+02:00,57809.29650953213,60948.24915
2026-05-08 08:30:00+02:00,57952.062136122135,61189.72146
2026-05-08 08:45:00+02:00,58001.526224494286,61144.19147
2026-05-08 09:00:00+02:00,57785.44667662686,60461.86731
2026-05-08 09:15:00+02:00,58032.31880924989,60175.31604
2026-05-08 09:30:00+02:00,58192.536000893284,59901.00299
2026-05-08 09:45:00+02:00,58461.80992355217,60251.908
2026-05-08 10:00:00+02:00,58408.81841535027,59602.32379
2026-05-08 10:15:00+02:00,58490.23243044719,59517.83792
2026-05-08 10:30:00+02:00,58542.41853456933,59577.73264
2026-05-08 10:45:00+02:00,58998.50680549223,59477.31937
2026-05-08 11:00:00+02:00,58596.25370079586,59599.64518
2026-05-08 11:15:00+02:00,58678.52955501227,59340.49592
2026-05-08 11:30:00+02:00,58683.77097345455,58974.85689
2026-05-08 11:45:00+02:00,58609.992315832336,58811.27893
2026-05-08 12:00:00+02:00,57626.94785279637,58494.08265
2026-05-08 12:15:00+02:00,57587.697182881595,57989.10358
2026-05-08 12:30:00+02:00,57452.62151839885,57594.94074
2026-05-08 12:45:00+02:00,57150.91142284817,57418.60477
2026-05-08 13:00:00+02:00,56975.639440719366,57387.07199
2026-05-08 13:15:00+02:00,56346.062367474995,56505.87458
2026-05-08 13:30:00+02:00,56083.39290657474,55722.14026
2026-05-08 13:45:00+02:00,54338.82577798227,55512.87693
2026-05-08 14:00:00+02:00,55131.99197550103,55292.68103
2026-05-08 14:15:00+02:00,53066.85609492865,54824.21308
2026-05-08 14:30:00+02:00,53032.70374591051,54687.60831
2026-05-08 14:45:00+02:00,52891.428731804444,54478.99466
2026-05-08 15:00:00+02:00,52748.50558313461,54403.67814
2026-05-08 15:15:00+02:00,52496.51234320242,54100.60779
2026-05-08 15:30:00+02:00,50173.78829374483,53619.51946
2026-05-08 15:45:00+02:00,52156.779161120845,53601.09098
2026-05-08 16:00:00+02:00,52327.552770545124,54159.48368
2026-05-08 16:15:00+02:00,50336.07773431703,54199.3049
2026-05-08 16:30:00+02:00,52061.882521550964,53253.79744
2026-05-08 16:45:00+02:00,52082.53685325056,53254.34019
2026-05-08 17:00:00+02:00,53030.098318782446,53958.10015
2026-05-08 17:15:00+02:00,53306.51904374959,53977.92923
2026-05-08 17:30:00+02:00,53303.94158572658,54223.02382
2026-05-08 17:45:00+02:00,53796.3397835684,54367.99079
2026-05-08 18:00:00+02:00,53707.39260764523,55293.84664
2026-05-08 18:15:00+02:00,53804.30516738686,55268.11128
2026-05-08 18:30:00+02:00,54447.99890668814,56015.54217
2026-05-08 18:45:00+02:00,55400.42430874385,55832.14471
2026-05-08 19:00:00+02:00,55372.00968351265,56151.50292
2026-05-08 19:15:00+02:00,55400.29561184702,56505.88682
2026-05-08 19:30:00+02:00,55321.48898143692,56647.78558
2026-05-08 19:45:00+02:00,54329.03636021935,56132.52322
2026-05-08 20:00:00+02:00,53768.67759219701,56093.28847
2026-05-08 20:15:00+02:00,53386.24784944571,55309.23956
2026-05-08 20:30:00+02:00,52017.47546608285,54787.95428
2026-05-08 20:45:00+02:00,53245.04300369533,54602.27478
2026-05-08 21:00:00+02:00,49168.100326046915,53725.86285
2026-05-08 21:15:00+02:00,50184.30096409224,54033.54975
2026-05-08 21:30:00+02:00,49804.58556831335,53342.55296
2026-05-08 21:45:00+02:00,49743.81523890653,52756.68721
2026-05-08 22:00:00+02:00,47943.11284917621,51434.07624
2026-05-08 22:15:00+02:00,47393.62246820136,50690.75502
2026-05-08 22:30:00+02:00,46347.08816804669,50143.87947
2026-05-08 22:45:00+02:00,45525.26450993111,48586.3496
2026-05-08 23:00:00+02:00,44742.09431700872,47866.41123
2026-05-08 23:15:00+02:00,44311.94560665933,46991.20183
2026-05-08 23:30:00+02:00,44160.40144615101,46735.929
2026-05-08 23:45:00+02:00,44057.73091087705,45822.31028
2026-05-09 00:00:00+02:00,42059.603856448,44652.67209
2026-05-09 00:15:00+02:00,41572.85609559826,44319.45962
2026-05-09 00:30:00+02:00,41009.47485720173,44090.89942
2026-05-09 00:45:00+02:00,40368.91448662069,43607.49246
2026-05-09 01:00:00+02:00,40126.52026725076,43191.76474
2026-05-09 01:15:00+02:00,40062.13652598461,43003.06019
2026-05-09 01:30:00+02:00,39927.925459145685,42631.28023
2026-05-09 01:45:00+02:00,39893.52292910361,42169.91289
2026-05-09 02:00:00+02:00,39336.5782217942,41965.57323
2026-05-09 02:15:00+02:00,39054.50058601872,41714.74881
2026-05-09 02:30:00+02:00,38918.78829865127,41807.22221
2026-05-09 02:45:00+02:00,38896.37732366764,41732.32765
2026-05-09 03:00:00+02:00,38820.24491652549,41642.59183
2026-05-09 03:15:00+02:00,38820.24491652549,41269.80491
2026-05-09 03:30:00+02:00,38822.5189567373,41057.82929
2026-05-09 03:45:00+02:00,38815.36661431704,41103.02048
2026-05-09 04:00:00+02:00,38820.91263923813,41307.6102
2026-05-09 04:15:00+02:00,38837.57010400075,41331.42653
2026-05-09 04:30:00+02:00,38865.92548229051,41432.07096
2026-05-09 04:45:00+02:00,38847.016234674295,41624.23686
2026-05-09 05:00:00+02:00,38848.00905808594,41866.3161
2026-05-09 05:15:00+02:00,38862.38875259197,41869.52526
2026-05-09 05:30:00+02:00,38962.69908038225,41802.61607
2026-05-09 05:45:00+02:00,39036.64764027893,42274.15729
2026-05-09 06:00:00+02:00,39473.87119952982,43572.96686
2026-05-09 06:15:00+02:00,40278.85664011242,44013.78477
2026-05-09 06:30:00+02:00,40740.10340906081,44515.98242
2026-05-09 06:45:00+02:00,40864.87809472342,44443.25418
2026-05-09 07:00:00+02:00,41229.4610266152,44906.78871
2026-05-09 07:15:00+02:00,41582.7109122212,46236.41392
2026-05-09 07:30:00+02:00,42931.155848581315,47137.81532
2026-05-09 07:45:00+02:00,43488.539545769294,47842.7872
2026-05-09 08:00:00+02:00,43754.00468458525,47504.95551
2026-05-09 08:15:00+02:00,45101.42628939062,48112.04462
2026-05-09 08:30:00+02:00,45449.25282408276,48292.71287
2026-05-09 08:45:00+02:00,46302.79877633523,48584.81727
2026-05-09 09:00:00+02:00,46044.99187591101,48798.51683
2026-05-09 09:15:00+02:00,46831.58766034675,48761.92409
2026-05-09 09:30:00+02:00,47133.01128390396,48557.60229
2026-05-09 09:45:00+02:00,48321.3140232118,48098.90068
2026-05-09 10:00:00+02:00,47323.99057014767,47708.01662
2026-05-09 10:15:00+02:00,47549.05888480976,47423.18681
2026-05-09 10:30:00+02:00,47665.53592040297,47137.18983
2026-05-09 10:45:00+02:00,47840.557568738586,47840.21531
2026-05-09 11:00:00+02:00,47263.1833386009,47662.80446
2026-05-09 11:15:00+02:00,47326.121528488075,47576.81192
2026-05-09 11:30:00+02:00,47326.121528488075,47676.23155
2026-05-09 11:45:00+02:00,47530.06632627698,47665.17485
2026-05-09 12:00:00+02:00,47828.6221600831,47670.97119
2026-05-09 12:15:00+02:00,47687.84604838184,47682.68507
2026-05-09 12:30:00+02:00,47606.166046732935,47338.73109
2026-05-09 12:45:00+02:00,47235.308130154,47187.71852
2026-05-09 13:00:00+02:00,46718.367055287905,46552.00787
2026-05-09 13:15:00+02:00,45466.73464004036,46258.07552
2026-05-09 13:30:00+02:00,44874.67400298081,45801.26014
2026-05-09 13:45:00+02:00,44763.51664147215,45840.00785
2026-05-09 14:00:00+02:00,44016.859451974495,45041.57632
2026-05-09 14:15:00+02:00,43622.055545670904,44215.85873
2026-05-09 14:30:00+02:00,42853.75387072425,43624.25778
2026-05-09 14:45:00+02:00,42475.61319545341,43473.95299
2026-05-09 15:00:00+02:00,42732.34762394298,43698.45431
2026-05-09 15:15:00+02:00,42195.75804057835,43021.22332
2026-05-09 15:30:00+02:00,42008.59014006646,42409.85138
2026-05-09 15:45:00+02:00,41742.66296603241,42708.95924
2026-05-09 16:00:00+02:00,41920.9592677854,42676.42962
2026-05-09 16:15:00+02:00,41920.9592677854,42733.66555
2026-05-09 16:30:00+02:00,42014.47328825217,42712.95514
2026-05-09 16:45:00+02:00,41921.87896624063,42796.20757
2026-05-09 17:00:00+02:00,43666.904857497815,43504.76327
2026-05-09 17:15:00+02:00,43923.02242618104,43972.539
2026-05-09 17:30:00+02:00,45108.56982118861,44520.03309
2026-05-09 17:45:00+02:00,45774.8247627419,45049.4233
2026-05-09 18:00:00+02:00,46465.42459909794,45401.94132
2026-05-09 18:15:00+02:00,46525.189734199754,45783.2553
2026-05-09 18:30:00+02:00,46651.298212229,46583.02511
2026-05-09 18:45:00+02:00,47555.86932651039,46734.32034
2026-05-09 19:00:00+02:00,48138.02167231931,47800.89707
2026-05-09 19:15:00+02:00,48109.15851054891,47955.22855
2026-05-09 19:30:00+02:00,48134.322935285025,48316.80529
2026-05-09 19:45:00+02:00,47563.359937568406,47933.43839
2026-05-09 20:00:00+02:00,47512.826657238824,48445.95326
2026-05-09 20:15:00+02:00,47391.56036450392,47948.75104
2026-05-09 20:30:00+02:00,47223.915499418625,47417.30788
2026-05-09 20:45:00+02:00,46436.24828762119,46621.45118
2026-05-09 21:00:00+02:00,46804.197616598794,46605.08453
2026-05-09 21:15:00+02:00,46786.40072963619,46899.73276
2026-05-09 21:30:00+02:00,46378.776535787314,46277.56293
2026-05-09 21:45:00+02:00,46368.12347331515,45892.97485
2026-05-09 22:00:00+02:00,44754.593269941295,45049.05138
2026-05-09 22:15:00+02:00,44064.57679167939,44510.6069
2026-05-09 22:30:00+02:00,43761.34198566988,44018.43708
2026-05-09 22:45:00+02:00,42895.62334581536,43595.8954
2026-05-09 23:00:00+02:00,42785.13194787675,42916.03304
2026-05-09 23:15:00+02:00,42046.445824219074,42241.81801
2026-05-09 23:30:00+02:00,41345.2415193681,41812.7468
2026-05-09 23:45:00+02:00,41169.81614705086,41359.20973
2026-05-10 00:00:00+02:00,40338.407028443275,40582.48611
2026-05-10 00:15:00+02:00,39795.14342392122,40081.44714
2026-05-10 00:30:00+02:00,39708.99390526954,39648.54034
2026-05-10 00:45:00+02:00,39140.98467333944,39517.81159
2026-05-10 01:00:00+02:00,38919.226064875686,39047.17372
2026-05-10 01:15:00+02:00,38611.241111983756,38805.99713
2026-05-10 01:30:00+02:00,38377.40467206856,38482.82115
2026-05-10 01:45:00+02:00,38243.01873817681,37509.31666
2026-05-10 02:00:00+02:00,38374.68213417222,37364.38372
2026-05-10 02:15:00+02:00,38255.85644332815,37588.35777
2026-05-10 02:30:00+02:00,38251.411156062946,37557.88316
2026-05-10 02:45:00+02:00,38251.411156062946,37386.13616
2026-05-10 03:00:00+02:00,38281.02882487067,37439.24769
2026-05-10 03:15:00+02:00,38281.02882487067,37754.05998
2026-05-10 03:30:00+02:00,38283.30275438539,37496.35602
2026-05-10 03:45:00+02:00,38245.27199403991,37575.47008
2026-05-10 04:00:00+02:00,38254.775291886355,37595.08327
2026-05-10 04:15:00+02:00,38259.309895741426,37911.14708
2026-05-10 04:30:00+02:00,38259.309895741426,37693.79224
2026-05-10 04:45:00+02:00,38264.69835812342,37883.09305
2026-05-10 05:00:00+02:00,38508.975135240755,38016.99024
2026-05-10 05:15:00+02:00,38541.03711709039,38202.07199
2026-05-10 05:30:00+02:00,38551.32994673808,38540.26633
2026-05-10 05:45:00+02:00,38638.63904359625,39121.57761
2026-05-10 06:00:00+02:00,38801.64387737634,39792.52102
2026-05-10 06:15:00+02:00,39137.97650872441,40165.11025
2026-05-10 06:30:00+02:00,39252.04273070791,40037.76569
2026-05-10 06:45:00+02:00,39486.72078972226,39951.24334
2026-05-10 07:00:00+02:00,39675.83505662892,39611.96667
2026-05-10 07:15:00+02:00,40516.23260777209,39404.46675
2026-05-10 07:30:00+02:00,41028.071814391194,40229.21967
2026-05-10 07:45:00+02:00,41516.755382865,41132.7561
2026-05-10 08:00:00+02:00,41584.304166540314,40682.85989
2026-05-10 08:15:00+02:00,42146.20877315612,41193.27976
2026-05-10 08:30:00+02:00,42348.49157378133,42077.86848
2026-05-10 08:45:00+02:00,42624.87404682657,42489.51337
2026-05-10 09:00:00+02:00,42777.56497292033,42484.65422
2026-05-10 09:15:00+02:00,43996.9709294082,43361.18068
2026-05-10 09:30:00+02:00,44431.316936448246,44039.80195
2026-05-10 09:45:00+02:00,44473.34322669965,44065.03404
2026-05-10 10:00:00+02:00,44109.54751227887,44700.42422
2026-05-10 10:15:00+02:00,44227.14734607673,44980.96816
2026-05-10 10:30:00+02:00,44265.02948029217,44443.87608
2026-05-10 10:45:00+02:00,44983.23429198932,43862.30808
2026-05-10 11:00:00+02:00,44750.887962551955,44383.99455
2026-05-10 11:15:00+02:00,44344.702574493065,44552.76476
2026-05-10 11:30:00+02:00,44633.568010827796,44516.84499
2026-05-10 11:45:00+02:00,44886.60677698714,44366.35229
2026-05-10 12:00:00+02:00,44982.323535566065,44047.94414
2026-05-10 12:15:00+02:00,44523.55861812984,44027.75971
2026-05-10 12:30:00+02:00,44466.09141226828,43581.21497
2026-05-10 12:45:00+02:00,44506.10984704275,43267.00598
2026-05-10 13:00:00+02:00,44177.10819718112,41968.71164
2026-05-10 13:15:00+02:00,43952.22262522141,41769.73016
2026-05-10 13:30:00+02:00,43385.980206357606,41689.60437
2026-05-10 13:45:00+02:00,42054.98105255985,41522.74869
2026-05-10 14:00:00+02:00,42182.55724318918,40709.49559
2026-05-10 14:15:00+02:00,41917.161731243745,40514.07142
2026-05-10 14:30:00+02:00,41553.6074673173,39965.40186
2026-05-10 14:45:00+02:00,41324.35755767017,39832.26737
2026-05-10 15:00:00+02:00,41327.07877154095,39459.49897
2026-05-10 15:15:00+02:00,41161.75005886648,39583.6829
2026-05-10 15:30:00+02:00,40985.97825292954,39446.26827
2026-05-10 15:45:00+02:00,40985.97825292954,39048.94383
2026-05-10 16:00:00+02:00,41383.33089700416,39839.72059
2026-05-10 16:15:00+02:00,41171.740891081434,39292.79246
2026-05-10 16:30:00+02:00,41703.877452938286,39075.23312
2026-05-10 16:45:00+02:00,41298.95529135286,39452.16144
2026-05-10 17:00:00+02:00,43230.464511157275,40264.7738
2026-05-10 17:15:00+02:00,42904.270825647305,41325.36147
2026-05-10 17:30:00+02:00,43725.79324702742,42519.94374
2026-05-10 17:45:00+02:00,44378.17305127728,43604.22482
2026-05-10 18:00:00+02:00,45804.57387793207,45239.31643
2026-05-10 18:15:00+02:00,46130.29850442711,45618.84917
2026-05-10 18:30:00+02:00,46740.54561828564,46321.66465
2026-05-10 18:45:00+02:00,47356.55817800326,46485.48098
2026-05-10 19:00:00+02:00,47603.462884566594,48270.61798
2026-05-10 19:15:00+02:00,47505.61074937089,48536.91966
2026-05-10 19:30:00+02:00,47368.57633834487,49086.68953
2026-05-10 19:45:00+02:00,46960.44519825753,49410.1757
2026-05-10 20:00:00+02:00,46916.56423142738,49839.63487
2026-05-10 20:15:00+02:00,46455.772082191055,49051.21672
2026-05-10 20:30:00+02:00,46589.246871272466,48439.31784
2026-05-10 20:45:00+02:00,46390.33084942635,48088.25127
2026-05-10 21:00:00+02:00,46984.33619315987,48413.0579
2026-05-10 21:15:00+02:00,47169.0005786286,48334.19665
2026-05-10 21:30:00+02:00,46456.7645886294,48457.23951
2026-05-10 21:45:00+02:00,46456.7645886294,47963.28177
2026-05-10 22:00:00+02:00,46763.07472636276,46898.57742
2026-05-10 22:15:00+02:00,46110.445166008154,46197.32837
2026-05-10 22:30:00+02:00,45609.54123189705,45894.56204
2026-05-10 22:45:00+02:00,45165.285579686,44845.4662
2026-05-10 23:00:00+02:00,44654.320479551374,44602.41785
2026-05-10 23:15:00+02:00,43746.669229941544,44131.31157
2026-05-10 23:30:00+02:00,42795.95382252113,43475.4858
2026-05-10 23:45:00+02:00,42516.39869315221,42904.0185
2026-05-11 00:00:00+02:00,42837.729069349494,43342.74405
2026-05-11 00:15:00+02:00,42095.924328291,43052.87964
2026-05-11 00:30:00+02:00,41994.699444104925,42706.99266
2026-05-11 00:45:00+02:00,41687.91645783643,42397.16533
2026-05-11 01:00:00+02:00,41335.61482053501,41990.06607
2026-05-11 01:15:00+02:00,41278.27737913201,41560.57251
2026-05-11 01:30:00+02:00,41141.959455513395,40933.79472
2026-05-11 01:45:00+02:00,40983.01740443926,40747.2616
2026-05-11 02:00:00+02:00,40986.163389589055,40323.56313
2026-05-11 02:15:00+02:00,40963.3278391862,39966.09307
2026-05-11 02:30:00+02:00,40913.29747419464,39947.67034
2026-05-11 02:45:00+02:00,40914.629409633984,40038.38292
2026-05-11 03:00:00+02:00,41113.985628308146,40239.62078
2026-05-11 03:15:00+02:00,41161.68179163273,40065.43157
2026-05-11 03:30:00+02:00,41240.78749989419,40236.91845
2026-05-11 03:45:00+02:00,41269.6346126871,40789.75534
2026-05-11 04:00:00+02:00,41566.74313784821,41189.2886
2026-05-11 04:15:00+02:00,41706.14384582771,41169.60106
2026-05-11 04:30:00+02:00,42044.60466282041,41504.51955
2026-05-11 04:45:00+02:00,42893.41420198186,42118.81274
2026-05-11 05:00:00+02:00,45179.45212068592,43457.37943
2026-05-11 05:15:00+02:00,45433.44341729265,44101.44385
2026-05-11 05:30:00+02:00,46688.75998081358,45431.43531
2026-05-11 05:45:00+02:00,47535.11202314561,46724.0314
2026-05-11 06:00:00+02:00,51129.13654516973,49330.23578
2026-05-11 06:15:00+02:00,53428.51237222755,51918.34233
2026-05-11 06:30:00+02:00,55116.141619852206,53153.45261
2026-05-11 06:45:00+02:00,56183.034160731106,54668.32066
2026-05-11 07:00:00+02:00,58659.92055066255,55331.79747
2026-05-11 07:15:00+02:00,60370.20744345818,56274.67542
2026-05-11 07:30:00+02:00,61899.17087065333,57379.99169
2026-05-11 07:45:00+02:00,62389.802013772554,58287.03724
2026-05-11 08:00:00+02:00,62170.503242903964,58849.02741
2026-05-11 08:15:00+02:00,63055.06606143532,60239.69159
2026-05-11 08:30:00+02:00,63683.439962308476,60728.01535
2026-05-11 08:45:00+02:00,63796.926256634295,61130.53616
2026-05-11 09:00:00+02:00,63474.573727421855,60336.96022
2026-05-11 09:15:00+02:00,63449.806297131254,60864.17292
2026-05-11 09:30:00+02:00,63424.23534642902,61352.50707
2026-05-11 09:45:00+02:00,63505.632564773965,61539.50714
2026-05-11 10:00:00+02:00,63059.07182369266,61952.84796
2026-05-11 10:15:00+02:00,63307.724497012525,62952.40521
2026-05-11 10:30:00+02:00,63651.329640072974,63227.41847
2026-05-11 10:45:00+02:00,63797.56582211552,62945.37643
2026-05-11 11:00:00+02:00,63199.107779864156,62902.57662
2026-05-11 11:15:00+02:00,63634.59260224642,63250.68025
2026-05-11 11:30:00+02:00,63634.59260224642,63626.69641
2026-05-11 11:45:00+02:00,63578.96595548715,63014.92535
2026-05-11 12:00:00+02:00,63371.53374695943,63383.70019
2026-05-11 12:15:00+02:00,63670.97055593475,63411.99127
2026-05-11 12:30:00+02:00,64003.39564830687,63718.8121
2026-05-11 12:45:00+02:00,64056.4901735311,63126.61281
2026-05-11 13:00:00+02:00,63770.05517908147,62295.87414
2026-05-11 13:15:00+02:00,62748.01022203667,61950.02029
2026-05-11 13:30:00+02:00,62958.42621864827,61530.70083
2026-05-11 13:45:00+02:00,62362.739264335345,60583.52577
2026-05-11 14:00:00+02:00,61982.61999209063,59506.4772
2026-05-11 14:15:00+02:00,61423.639446046254,58407.30109
2026-05-11 14:30:00+02:00,61337.28018941142,58014.14406
2026-05-11 14:45:00+02:00,61276.523588110904,57455.13095
2026-05-11 15:00:00+02:00,61202.157275722035,58879.40587
2026-05-11 15:15:00+02:00,60189.81604808951,59446.66589
2026-05-11 15:30:00+02:00,60105.01480708359,59138.95695
2026-05-11 15:45:00+02:00,59484.09639479728,58912.66781
2026-05-11 16:00:00+02:00,60529.47134156893,58673.03064
2026-05-11 16:15:00+02:00,60525.424971826,58011.57825
2026-05-11 16:30:00+02:00,60849.73956701686,57832.7822
2026-05-11 16:45:00+02:00,59833.708601425555,57453.42581
2026-05-11 17:00:00+02:00,60774.756137433345,58557.62408
2026-05-11 17:15:00+02:00,60911.40055242435,58618.98157
2026-05-11 17:30:00+02:00,61196.22953765982,58903.2656
2026-05-11 17:45:00+02:00,61229.84420005437,58660.87899
2026-05-11 18:00:00+02:00,61259.831252835116,59077.29898
2026-05-11 18:15:00+02:00,61338.29309971445,59041.7793
2026-05-11 18:30:00+02:00,61311.24999373004,59085.02261
2026-05-11 18:45:00+02:00,61910.17488960851,59254.27703
2026-05-11 19:00:00+02:00,61678.28525201883,59282.82955
2026-05-11 19:15:00+02:00,61530.06021913728,58665.22904
2026-05-11 19:30:00+02:00,61273.33508652759,58617.68785
2026-05-11 19:45:00+02:00,60809.781665415205,58277.79462
2026-05-11 20:00:00+02:00,59822.11913511976,58139.49777
2026-05-11 20:15:00+02:00,58957.38650582219,57362.4458
2026-05-11 20:30:00+02:00,58006.209363095826,56966.08832
2026-05-11 20:45:00+02:00,58864.638124638426,56121.65611
2026-05-11 21:00:00+02:00,57263.77423016741,54980.0485
2026-05-11 21:15:00+02:00,56960.25230879893,54893.02186
2026-05-11 21:30:00+02:00,56426.516452438766,54718.69043
2026-05-11 21:45:00+02:00,55898.07671514434,53948.16963
2026-05-11 22:00:00+02:00,54456.087215997555,52751.42415
2026-05-11 22:15:00+02:00,54127.237400287355,52050.9299
2026-05-11 22:30:00+02:00,53511.70877910961,51185.92717
2026-05-11 22:45:00+02:00,52269.8214150641,50510.8008
2026-05-11 23:00:00+02:00,50786.835506267365,49521.67666
2026-05-11 23:15:00+02:00,49933.44633318355,48371.90741
2026-05-11 23:30:00+02:00,49007.30825105661,48039.17702
2026-05-11 23:45:00+02:00,48907.44314715763,47302.56165
2026-05-12 00:00:00+02:00,46196.85766539775,45989.02832
2026-05-12 00:15:00+02:00,46002.98247259738,44763.32862
2026-05-12 00:30:00+02:00,45721.5472417829,44447.97087
2026-05-12 00:45:00+02:00,45379.977884725144,44150.21264
2026-05-12 01:00:00+02:00,45455.66525404592,43924.72598
2026-05-12 01:15:00+02:00,44755.21931520191,43950.51811
2026-05-12 01:30:00+02:00,44510.27217268039,44149.61929
2026-05-12 01:45:00+02:00,44490.793396386616,43652.71071
2026-05-12 02:00:00+02:00,43636.41360719051,43582.07858
2026-05-12 02:15:00+02:00,43872.31838444596,42775.98651
2026-05-12 02:30:00+02:00,43527.075126082476,42815.20278
2026-05-12 02:45:00+02:00,43872.31164453153,42771.5356
2026-05-12 03:00:00+02:00,44378.99773697818,42652.17621
2026-05-12 03:15:00+02:00,44386.336826257306,43169.6161
2026-05-12 03:30:00+02:00,44393.37651578019,43424.55125
2026-05-12 03:45:00+02:00,44430.364355482176,43519.55179
2026-05-12 04:00:00+02:00,45218.08235523991,44437.15233
2026-05-12 04:15:00+02:00,45218.08235523991,44372.41158
2026-05-12 04:30:00+02:00,45530.43725209632,44907.73192
2026-05-12 04:45:00+02:00,45864.909867407194,45239.13051
2026-05-12 05:00:00+02:00,46908.717366076664,46139.47927
2026-05-12 05:15:00+02:00,47243.77122878923,47041.84499
2026-05-12 05:30:00+02:00,47862.473192581136,47822.04445
2026-05-12 05:45:00+02:00,49465.542746371306,49775.25988
2026-05-12 06:00:00+02:00,51499.58063269423,52062.03814
2026-05-12 06:15:00+02:00,53603.75519062566,53738.38703
2026-05-12 06:30:00+02:00,57110.026906641666,55481.61567
2026-05-12 06:45:00+02:00,57741.77921202417,56642.32417
2026-05-12 07:00:00+02:00,58990.09946592329,57538.49103
2026-05-12 07:15:00+02:00,59744.04513424635,58365.86681
2026-05-12 07:30:00+02:00,61534.674781355396,59526.7135
2026-05-12 07:45:00+02:00,62356.168519718194,59850.77396
2026-05-12 08:00:00+02:00,62614.73247745743,60056.66834
2026-05-12 08:15:00+02:00,63055.27746106422,60782.5083
2026-05-12 08:30:00+02:00,63490.31980409349,61326.90428
2026-05-12 08:45:00+02:00,63545.39583907621,61392.17873
2026-05-12 09:00:00+02:00,62855.21992756308,59818.24639
2026-05-12 09:15:00+02:00,62983.41237637554,59919.2382
2026-05-12 09:30:00+02:00,63031.11142162229,60117.94999
2026-05-12 09:45:00+02:00,63046.79457479112,59918.19951
2026-05-12 10:00:00+02:00,62743.76579298652,59955.47529
2026-05-12 10:15:00+02:00,62919.01561727128,59882.61744
2026-05-12 10:30:00+02:00,62854.65791887588,59408.86921
2026-05-12 10:45:00+02:00,62531.83573338777,59587.43303
2026-05-12 11:00:00+02:00,62374.388375873896,59670.17465
2026-05-12 11:15:00+02:00,62465.99703090649,60120.922
2026-05-12 11:30:00+02:00,62374.388375873896,59737.29361
2026-05-12 11:45:00+02:00,61637.44410310995,59592.7027
2026-05-12 12:00:00+02:00,61336.02140600132,59462.97112
2026-05-12 12:15:00+02:00,61128.70690732652,59873.04891
2026-05-12 12:30:00+02:00,60344.18355547936,59220.43851
2026-05-12 12:45:00+02:00,60859.14784733141,59924.54779
2026-05-12 13:00:00+02:00,60333.51256320746,59537.74593
2026-05-12 13:15:00+02:00,59816.77515647514,58777.25225
2026-05-12 13:30:00+02:00,58920.358352340736,58473.31341
2026-05-12 13:45:00+02:00,58529.5844431919,57833.21019
2026-05-12 14:00:00+02:00,58364.097458348595,56486.10911
2026-05-12 14:15:00+02:00,58046.33244950087,56570.2334
2026-05-12 14:30:00+02:00,57711.70008714631,56408.23882
2026-05-12 14:45:00+02:00,57573.818129174615,56231.89887
2026-05-12 15:00:00+02:00,57990.80430412123,55629.96107
2026-05-12 15:15:00+02:00,57744.82947192341,55023.7298
2026-05-12 15:30:00+02:00,57480.73172036938,54477.51003
2026-05-12 15:45:00+02:00,57285.35178494648,54254.95891
2026-05-12 16:00:00+02:00,58167.99019316064,54496.60138
2026-05-12 16:15:00+02:00,57856.454743108545,53844.83869
2026-05-12 16:30:00+02:00,57461.93372919209,54050.76478
2026-05-12 16:45:00+02:00,57611.9310881818,53903.05548
2026-05-12 17:00:00+02:00,59021.04798514386,55118.36039
2026-05-12 17:15:00+02:00,59342.602092581306,54720.61301
2026-05-12 17:30:00+02:00,59524.5043166168,54608.44251
2026-05-12 17:45:00+02:00,59626.49977184563,55942.51927
2026-05-12 18:00:00+02:00,60319.85080464253,56588.98962
2026-05-12 18:15:00+02:00,60279.07992330994,56655.14589
2026-05-12 18:30:00+02:00,60075.458793397884,57062.44749
2026-05-12 18:45:00+02:00,60433.98930805367,57201.07932
2026-05-12 19:00:00+02:00,60597.802103773865,57146.16944
2026-05-12 19:15:00+02:00,60185.44773158941,57331.53476
2026-05-12 19:30:00+02:00,60208.74486160934,56936.31887
2026-05-12 19:45:00+02:00,59562.79131101101,57203.5628
2026-05-12 20:00:00+02:00,59185.959829401705,56870.72228
2026-05-12 20:15:00+02:00,58404.50660010074,56677.39243
2026-05-12 20:30:00+02:00,57376.316518286905,55920.83326
2026-05-12 20:45:00+02:00,57966.49249016775,55559.78638
2026-05-12 21:00:00+02:00,56984.051772463885,55024.25237
2026-05-12 21:15:00+02:00,55380.44793158253,54571.64785
2026-05-12 21:30:00+02:00,54970.75941730907,53360.78934
2026-05-12 21:45:00+02:00,54158.10109814048,52947.48743
2026-05-12 22:00:00+02:00,53143.37657338972,52080.65232
2026-05-12 22:15:00+02:00,51929.19306209121,51298.39557
2026-05-12 22:30:00+02:00,51366.751959423564,50305.92364
2026-05-12 22:45:00+02:00,50546.23204234516,49524.36303
2026-05-12 23:00:00+02:00,49518.214287566356,48525.11765
2026-05-12 23:15:00+02:00,48659.40349664347,47471.46781
2026-05-12 23:30:00+02:00,48237.85202498067,46468.73768
2026-05-12 23:45:00+02:00,48012.843992358496,45991.10324
2026-05-13 00:00:00+02:00,46587.737734145856,45474.11662
2026-05-13 00:15:00+02:00,46458.79962467748,45106.81049
2026-05-13 00:30:00+02:00,46056.20140861235,45355.67333
2026-05-13 00:45:00+02:00,45337.56808400492,44579.37856
2026-05-13 01:00:00+02:00,45046.906169631344,44141.60592
2026-05-13 01:15:00+02:00,44723.36410885453,43874.28619
2026-05-13 01:30:00+02:00,44520.34870575667,43986.09263
2026-05-13 01:45:00+02:00,44490.25728045437,43850.51921
2026-05-13 02:00:00+02:00,44337.94534630483,43436.09425
2026-05-13 02:15:00+02:00,43764.71310620892,43313.05294
2026-05-13 02:30:00+02:00,44344.16606906895,43114.57166
2026-05-13 02:45:00+02:00,44349.72886220348,43094.98485
2026-05-13 03:00:00+02:00,44340.73584650411,42803.82391
2026-05-13 03:15:00+02:00,44340.73584650411,42689.89942
2026-05-13 03:30:00+02:00,44373.86910949254,42812.43519
2026-05-13 03:45:00+02:00,44402.79698212835,42589.48515
2026-05-13 04:00:00+02:00,44906.09557506463,43094.02224
2026-05-13 04:15:00+02:00,45295.90337519408,43590.21409
2026-05-13 04:30:00+02:00,45699.9715981899,44236.16432
2026-05-13 04:45:00+02:00,45844.17308672579,44538.72342
2026-05-13 05:00:00+02:00,47048.72507342307,45997.62005
2026-05-13 05:15:00+02:00,47485.24975037818,47095.06829
2026-05-13 05:30:00+02:00,48331.46716381,47793.20335
2026-05-13 05:45:00+02:00,49833.64709548006,49406.80872
2026-05-13 06:00:00+02:00,52588.01789455472,51765.9808
2026-05-13 06:15:00+02:00,54589.48435371136,53446.63058
2026-05-13 06:30:00+02:00,55997.066431316,54702.18524
2026-05-13 06:45:00+02:00,57360.78336147559,55892.66042
2026-05-13 07:00:00+02:00,58640.42949344758,56893.28948
2026-05-13 07:15:00+02:00,59609.08852959057,57738.90192
2026-05-13 07:30:00+02:00,60920.13190005999,58623.34553
2026-05-13 07:45:00+02:00,61527.676764222415,58959.50267
2026-05-13 08:00:00+02:00,61516.9914393218,59464.46767
2026-05-13 08:15:00+02:00,61909.57634927437,60138.02937
2026-05-13 08:30:00+02:00,62766.76917732971,60063.61948
2026-05-13 08:45:00+02:00,63015.90953804466,59739.72416
2026-05-13 09:00:00+02:00,62620.81564697701,59321.09337
2026-05-13 09:15:00+02:00,62863.42466473604,59590.67009
2026-05-13 09:30:00+02:00,62579.71661738195,59989.1594
2026-05-13 09:45:00+02:00,62609.9195544726,59521.40589
2026-05-13 10:00:00+02:00,62450.36666967101,58662.10189
2026-05-13 10:15:00+02:00,62587.84209976171,58554.38099
2026-05-13 10:30:00+02:00,62411.321689286495,58148.52008
2026-05-13 10:45:00+02:00,62530.57397494562,58926.52566
2026-05-13 11:00:00+02:00,61868.99475527642,59620.17479
2026-05-13 11:15:00+02:00,61767.70205639293,59134.37286
2026-05-13 11:30:00+02:00,61737.62479583237,59159.07965
2026-05-13 11:45:00+02:00,61695.53844575317,59178.43882
2026-05-13 12:00:00+02:00,61339.57994076155,58168.3634
2026-05-13 12:15:00+02:00,61260.44410550746,57884.15062
2026-05-13 12:30:00+02:00,60787.01547934049,58573.479
2026-05-13 12:45:00+02:00,61047.44873441891,57713.22939
2026-05-13 13:00:00+02:00,60178.87566948256,57371.59739
2026-05-13 13:15:00+02:00,60144.77338190177,56560.44571
2026-05-13 13:30:00+02:00,59008.66825965268,55921.94304
2026-05-13 13:45:00+02:00,58874.22334887022,56031.26751
2026-05-13 14:00:00+02:00,58771.47754671964,56005.66312
2026-05-13 14:15:00+02:00,58563.75466896528,55090.36481
2026-05-13 14:30:00+02:00,58400.184633786375,55008.53923
2026-05-13 14:45:00+02:00,58293.17173568804,55028.90433
2026-05-13 15:00:00+02:00,58365.5563252597,54749.86279
2026-05-13 15:15:00+02:00,57771.794870154976,54356.12997
2026-05-13 15:30:00+02:00,57595.342122977185,54076.43909
2026-05-13 15:45:00+02:00,57526.67033887874,53552.09554
2026-05-13 16:00:00+02:00,57864.796038847955,54086.69168
2026-05-13 16:15:00+02:00,57669.101352783924,53139.45471
2026-05-13 16:30:00+02:00,57080.87038050699,52865.2724
2026-05-13 16:45:00+02:00,57491.818890673574,52711.48641
2026-05-13 17:00:00+02:00,58941.03995023945,53852.07797
2026-05-13 17:15:00+02:00,58308.38616236578,54452.20196
2026-05-13 17:30:00+02:00,58629.01278628591,53727.92359
2026-05-13 17:45:00+02:00,59554.85917856804,53941.78555
2026-05-13 18:00:00+02:00,59422.806667036726,54828.98277
2026-05-13 18:15:00+02:00,59421.13097456714,54754.86862
2026-05-13 18:30:00+02:00,59373.73132468625,54400.13947
2026-05-13 18:45:00+02:00,59371.31804286088,55241.66226
2026-05-13 19:00:00+02:00,59944.96355179418,56093.68652
2026-05-13 19:15:00+02:00,59053.20539434788,55652.03066
2026-05-13 19:30:00+02:00,59195.46144858288,55390.98803
2026-05-13 19:45:00+02:00,58900.75685868026,54915.36095
2026-05-13 20:00:00+02:00,58135.53753482923,54548.92286
2026-05-13 20:15:00+02:00,57343.865734325795,54310.91412
2026-05-13 20:30:00+02:00,57171.473590308466,54022.96357
2026-05-13 20:45:00+02:00,57064.59468851308,53196.89942
2026-05-13 21:00:00+02:00,56184.038509804464,53109.12973
2026-05-13 21:15:00+02:00,54963.60483246361,53106.78653
2026-05-13 21:30:00+02:00,54448.05707391197,52199.09061
2026-05-13 21:45:00+02:00,53501.22729704654,51611.45541
2026-05-13 22:00:00+02:00,52224.12334584547,50145.06778
2026-05-13 22:15:00+02:00,51872.89174966244,49085.61666
2026-05-13 22:30:00+02:00,50827.76237652516,48211.66931
2026-05-13 22:45:00+02:00,50395.725495893894,47132.7753
2026-05-13 23:00:00+02:00,49435.63434715172,46234.52084
2026-05-13 23:15:00+02:00,48068.05825661239,45582.07366
2026-05-13 23:30:00+02:00,48020.15862087852,44808.53512
2026-05-13 23:45:00+02:00,47865.80470066878,43877.94432
2026-05-14 00:00:00+02:00,43325.28041926288,42534.01864
2026-05-14 00:15:00+02:00,43197.581865363834,41959.41362
2026-05-14 00:30:00+02:00,43098.270210304225,41823.32677
2026-05-14 00:45:00+02:00,42869.67627472986,41214.00266
2026-05-14 01:00:00+02:00,41598.04396245977,40210.10214
2026-05-14 01:15:00+02:00,42280.93618002484,40093.56071
2026-05-14 01:30:00+02:00,42053.779784100494,40828.914
2026-05-14 01:45:00+02:00,41357.20279230133,40803.169
2026-05-14 02:00:00+02:00,41022.089925395485,40150.16231
2026-05-14 02:15:00+02:00,40579.234779711165,40263.54817
2026-05-14 02:30:00+02:00,40572.88249812578,40618.28209
2026-05-14 02:45:00+02:00,40546.9702498933,40464.94702
2026-05-14 03:00:00+02:00,40690.393347274316,40266.28008
2026-05-14 03:15:00+02:00,41181.456796632214,40005.0963
2026-05-14 03:30:00+02:00,40634.22411236855,40164.03245
2026-05-14 03:45:00+02:00,41072.74300748283,40163.27133
2026-05-14 04:00:00+02:00,41059.25607146412,40167.46733
2026-05-14 04:15:00+02:00,41087.477347102846,40114.67448
2026-05-14 04:30:00+02:00,41074.582268149374,40168.78079
2026-05-14 04:45:00+02:00,40997.33683250192,40312.52132
2026-05-14 05:00:00+02:00,41274.25966642239,40580.36321
2026-05-14 05:15:00+02:00,41470.37322510736,40644.88363
2026-05-14 05:30:00+02:00,42164.18707489063,40640.46136
2026-05-14 05:45:00+02:00,42572.18917390695,40707.4386
2026-05-14 06:00:00+02:00,43123.04373094595,40174.80247
2026-05-14 06:15:00+02:00,43114.58332289774,40179.22503
2026-05-14 06:30:00+02:00,42876.76967184839,40530.85227
2026-05-14 06:45:00+02:00,42746.30652562584,40636.16565
2026-05-14 07:00:00+02:00,43405.78938765313,40462.95011
2026-05-14 07:15:00+02:00,44508.047977829236,41285.18737
2026-05-14 07:30:00+02:00,45213.59193215567,41421.75415
2026-05-14 07:45:00+02:00,45653.63038374115,42142.93656
2026-05-14 08:00:00+02:00,45934.704622716265,42871.70828
2026-05-14 08:15:00+02:00,45998.56991477367,43600.45872
2026-05-14 08:30:00+02:00,46057.6069267054,43956.95858
2026-05-14 08:45:00+02:00,46937.920723858864,44301.0316
2026-05-14 09:00:00+02:00,46140.7876544735,43594.71704
2026-05-14 09:15:00+02:00,46427.838719487496,45238.37228
2026-05-14 09:30:00+02:00,46705.382791702985,45763.10999
2026-05-14 09:45:00+02:00,47078.45294681023,45825.68277
2026-05-14 10:00:00+02:00,47816.04312767365,45877.57458
2026-05-14 10:15:00+02:00,48539.74742775913,46304.82544
2026-05-14 10:30:00+02:00,48650.420604351704,46933.25192
2026-05-14 10:45:00+02:00,48253.793635840295,48136.47964
2026-05-14 11:00:00+02:00,47862.65786824706,48395.95449
2026-05-14 11:15:00+02:00,47990.532757164845,48268.46009
2026-05-14 11:30:00+02:00,47828.032458088484,47935.54854
2026-05-14 11:45:00+02:00,47990.532757164845,47799.88125
2026-05-14 12:00:00+02:00,47794.486966845885,47064.88765
2026-05-14 12:15:00+02:00,47605.61838529149,46798.43871
2026-05-14 12:30:00+02:00,47630.6710032456,45822.58966
2026-05-14 12:45:00+02:00,47601.645223338914,45892.77509
2026-05-14 13:00:00+02:00,47383.88658245105,45075.17598
2026-05-14 13:15:00+02:00,47115.145711702324,44532.01246
2026-05-14 13:30:00+02:00,46455.72058018121,43641.22734
2026-05-14 13:45:00+02:00,46237.281316453926,43717.17599
2026-05-14 14:00:00+02:00,45682.6211457615,43482.15052
2026-05-14 14:15:00+02:00,45576.89169384397,43082.11297
2026-05-14 14:30:00+02:00,45413.73827396533,42237.48284
2026-05-14 14:45:00+02:00,45473.63402262755,42155.92864
2026-05-14 15:00:00+02:00,45667.73072706975,42283.77149
2026-05-14 15:15:00+02:00,45724.2764708479,41796.18319
2026-05-14 15:30:00+02:00,45789.048247985294,42137.05468
2026-05-14 15:45:00+02:00,45766.66229912691,41477.15528
2026-05-14 16:00:00+02:00,45748.72338026471,42786.16632
2026-05-14 16:15:00+02:00,45677.485788436796,42558.64908
2026-05-14 16:30:00+02:00,45679.97797392632,42287.27614
2026-05-14 16:45:00+02:00,45650.24433234674,42355.37654
2026-05-14 17:00:00+02:00,46239.24388006194,42565.47544
2026-05-14 17:15:00+02:00,46344.81355092855,43102.59497
2026-05-14 17:30:00+02:00,46392.86384904008,43761.19378
2026-05-14 17:45:00+02:00,46576.08248387398,44484.65269
2026-05-14 18:00:00+02:00,46817.6399011362,45947.00759
2026-05-14 18:15:00+02:00,46839.37639212396,46184.46563
2026-05-14 18:30:00+02:00,47090.63493307215,46744.96085
2026-05-14 18:45:00+02:00,46984.18435218492,46919.86291
2026-05-14 19:00:00+02:00,47353.005143194394,47991.87081
2026-05-14 19:15:00+02:00,47297.00383616819,47993.49252
2026-05-14 19:30:00+02:00,47232.85666862109,47792.4986
2026-05-14 19:45:00+02:00,47231.12931741004,47569.53121
2026-05-14 20:00:00+02:00,47286.69723403418,47696.83552
2026-05-14 20:15:00+02:00,47000.379226287514,47808.4546
2026-05-14 20:30:00+02:00,46738.28418143173,47675.38033
2026-05-14 20:45:00+02:00,46712.717391950086,47489.70249
2026-05-14 21:00:00+02:00,46513.71330018475,47683.323
2026-05-14 21:15:00+02:00,46536.34030625613,47608.10849
2026-05-14 21:30:00+02:00,46131.00675203706,46988.99869
2026-05-14 21:45:00+02:00,46992.276517562976,47159.48543
2026-05-14 22:00:00+02:00,47343.62929527135,46469.44639
2026-05-14 22:15:00+02:00,47020.49561291405,45784.74015
2026-05-14 22:30:00+02:00,45970.9036138967,45011.87035
2026-05-14 22:45:00+02:00,45665.55716278169,44538.13406
2026-05-14 23:00:00+02:00,45795.54436291934,43855.77611
2026-05-14 23:15:00+02:00,45668.36489481809,43306.34735
2026-05-14 23:30:00+02:00,45391.18837217375,42846.01914
2026-05-14 23:45:00+02:00,45005.37015573507,42584.47457
2026-05-15 00:00:00+02:00,44584.93850564711,41157.58137
2026-05-15 00:15:00+02:00,44112.90432730788,40840.77916
2026-05-15 00:30:00+02:00,43655.30717454356,40802.4842
2026-05-15 00:45:00+02:00,42873.58527092691,40556.57412
2026-05-15 01:00:00+02:00,42442.572003669535,39983.46078
2026-05-15 01:15:00+02:00,42195.42659860456,39539.19417
2026-05-15 01:30:00+02:00,42069.77280634617,39528.47044
2026-05-15 01:45:00+02:00,42064.40154180814,39422.0374
2026-05-15 02:00:00+02:00,41684.54489161214,39132.52026
2026-05-15 02:15:00+02:00,41140.93204944197,39032.03403
2026-05-15 02:30:00+02:00,41052.22109693001,39370.04462
2026-05-15 02:45:00+02:00,41052.22109693001,39390.72238
2026-05-15 03:00:00+02:00,41661.36482407272,39415.83278
2026-05-15 03:15:00+02:00,41666.28029120355,39425.00808
2026-05-15 03:30:00+02:00,41666.7336797785,39637.51533
2026-05-15 03:45:00+02:00,41642.81873126206,39739.02232
2026-05-15 04:00:00+02:00,42107.315428664544,39914.69403
2026-05-15 04:15:00+02:00,42175.05820002678,40149.81565
2026-05-15 04:30:00+02:00,42250.3839418908,40563.77275
2026-05-15 04:45:00+02:00,42412.15812672152,41313.15321
2026-05-15 05:00:00+02:00,43697.36542978224,41915.40432
2026-05-15 05:15:00+02:00,43863.28878507736,42508.54055
2026-05-15 05:30:00+02:00,44303.266477702426,42863.02703
2026-05-15 05:45:00+02:00,45225.91658093649,43483.97971
2026-05-15 06:00:00+02:00,46663.91473945541,45226.33826
2026-05-15 06:15:00+02:00,47418.374371720965,46225.98205
2026-05-15 06:30:00+02:00,49236.45882614509,46833.10878
2026-05-15 06:45:00+02:00,52498.804629335755,47394.14716
2026-05-15 07:00:00+02:00,53282.068609273745,47741.86726
2026-05-15 07:15:00+02:00,54638.53039379125,48458.85381
2026-05-15 07:30:00+02:00,56136.565160901824,49293.63422
2026-05-15 07:45:00+02:00,57357.50346227312,49829.92488
2026-05-15 08:00:00+02:00,57555.09565237002,50000.35484
2026-05-15 08:15:00+02:00,57667.835937479926,51263.38491
2026-05-15 08:30:00+02:00,57848.4930328286,51794.17349
2026-05-15 08:45:00+02:00,57910.46384108114,52585.31214
2026-05-15 09:00:00+02:00,57793.11943479386,51903.0514
2026-05-15 09:15:00+02:00,57861.273223442295,51554.10416
2026-05-15 09:30:00+02:00,57858.115568293724,51706.09736
2026-05-15 09:45:00+02:00,57790.012477228716,51675.95709
2026-05-15 10:00:00+02:00,57643.3771934038,51327.16758
2026-05-15 10:15:00+02:00,57675.65316648704,51916.2013
2026-05-15 10:30:00+02:00,57826.62983482834,52623.73167
2026-05-15 10:45:00+02:00,57995.72098366617,53174.14613
2026-05-15 11:00:00+02:00,57523.805324390865,52712.94774
2026-05-15 11:15:00+02:00,57598.390355005555,53044.68157
2026-05-15 11:30:00+02:00,57886.516451108546,53252.52615
2026-05-15 11:45:00+02:00,57497.09052379867,52918.49967
2026-05-15 12:00:00+02:00,56501.84239748603,51872.65984
2026-05-15 12:15:00+02:00,56192.585750732746,51644.10283
2026-05-15 12:30:00+02:00,56060.6458585951,51863.46301
2026-05-15 12:45:00+02:00,56127.87582705751,52482.53769
2026-05-15 13:00:00+02:00,55607.721838289115,51727.63492
2026-05-15 13:15:00+02:00,53657.91724706211,51351.83605
2026-05-15 13:30:00+02:00,52576.157079606455,51128.70628
2026-05-15 13:45:00+02:00,52253.97481941117,49973.32476
2026-05-15 14:00:00+02:00,51844.518763360094,49338.73603
2026-05-15 14:15:00+02:00,50721.71024367991,48188.6865
2026-05-15 14:30:00+02:00,49944.99131097937,47264.65045
2026-05-15 14:45:00+02:00,49855.09212161033,47257.7959
2026-05-15 15:00:00+02:00,49613.65083811029,47760.30377
2026-05-15 15:15:00+02:00,49315.21264417898,47121.7862
2026-05-15 15:30:00+02:00,49199.11548920308,46288.76831
2026-05-15 15:45:00+02:00,49167.5725782577,46265.68245
2026-05-15 16:00:00+02:00,49392.08330855373,47563.90754
2026-05-15 16:15:00+02:00,49182.563152566865,47485.30594
2026-05-15 16:30:00+02:00,49033.13961425652,47042.06961
2026-05-15 16:45:00+02:00,48840.95335353039,46688.27956
2026-05-15 17:00:00+02:00,49833.23647307299,47922.99784
2026-05-15 17:15:00+02:00,49967.649404610434,48250.93154
2026-05-15 17:30:00+02:00,50142.358755079724,48570.94126
2026-05-15 17:45:00+02:00,50580.48627664004,48132.99334
2026-05-15 18:00:00+02:00,52103.02937522396,48701.30154
2026-05-15 18:15:00+02:00,52058.260350831275,48416.35053
2026-05-15 18:30:00+02:00,52029.16772362985,49062.77093
2026-05-15 18:45:00+02:00,52108.07410476401,50412.2436
2026-05-15 19:00:00+02:00,52062.396593341284,51005.19569
2026-05-15 19:15:00+02:00,52926.4813297722,50643.21006
2026-05-15 19:30:00+02:00,52847.806078189606,50681.63733
2026-05-15 19:45:00+02:00,51868.9910766238,50637.0131
2026-05-15 20:00:00+02:00,51763.28112953657,50596.09875
2026-05-15 20:15:00+02:00,51635.944163964836,50180.65736
2026-05-15 20:30:00+02:00,50459.47547521284,49691.36257
2026-05-15 20:45:00+02:00,50106.464410414206,49454.97696
2026-05-15 21:00:00+02:00,49471.4519336118,48815.66802
2026-05-15 21:15:00+02:00,49882.4330814197,49071.75825
2026-05-15 21:30:00+02:00,49195.4062734817,48747.93595
2026-05-15 21:45:00+02:00,49014.92430821609,48008.12369
2026-05-15 22:00:00+02:00,48130.92832732238,46729.56627
2026-05-15 22:15:00+02:00,47535.51400676487,46369.65787
2026-05-15 22:30:00+02:00,47250.89769006743,46035.23755
2026-05-15 22:45:00+02:00,46388.20990520229,45755.9024
2026-05-15 23:00:00+02:00,46179.15464365435,44176.42092
2026-05-15 23:15:00+02:00,45175.114262925505,43553.75561
2026-05-15 23:30:00+02:00,44957.44859084507,42542.81475
2026-05-15 23:45:00+02:00,44808.27730742839,42471.58959
2026-05-16 00:00:00+02:00,41305.32209061564,41289.14236
2026-05-16 00:15:00+02:00,41226.98180812732,40774.25183
2026-05-16 00:30:00+02:00,40964.71486385153,40654.73538
2026-05-16 00:45:00+02:00,40837.98825244828,40154.95982
2026-05-16 01:00:00+02:00,40491.74781005059,39704.40758
2026-05-16 01:15:00+02:00,40194.79981848617,39638.28228
2026-05-16 01:30:00+02:00,39828.186947265705,39183.99535
2026-05-16 01:45:00+02:00,39385.194957992266,38737.69553
2026-05-16 02:00:00+02:00,39365.70306970693,38369.9662
2026-05-16 02:15:00+02:00,39252.208500549015,38116.82255
2026-05-16 02:30:00+02:00,39225.218880826826,37925.02816
2026-05-16 02:45:00+02:00,39225.218880826826,38136.60515
2026-05-16 03:00:00+02:00,38945.05310220592,38089.13509
2026-05-16 03:15:00+02:00,38945.05310220592,38029.3018
2026-05-16 03:30:00+02:00,38935.23753557795,38207.86471
2026-05-16 03:45:00+02:00,38945.49725023397,37951.19321
2026-05-16 04:00:00+02:00,39349.806480834115,37754.34201
2026-05-16 04:15:00+02:00,39371.74802645144,37845.37369
2026-05-16 04:30:00+02:00,39409.04748070557,38103.30673
2026-05-16 04:45:00+02:00,39336.78595960247,37979.97898
2026-05-16 05:00:00+02:00,39575.89967203802,38450.43299
2026-05-16 05:15:00+02:00,39531.45533948657,38289.0042
2026-05-16 05:30:00+02:00,39531.45533948657,38224.97842
2026-05-16 05:45:00+02:00,39693.68867174347,38428.31992
2026-05-16 06:00:00+02:00,40752.36323997545,38785.98583
2026-05-16 06:15:00+02:00,40870.86483225185,39220.57667
2026-05-16 06:30:00+02:00,41106.821631852654,39622.38098
2026-05-16 06:45:00+02:00,41344.604251475736,40115.5441
2026-05-16 07:00:00+02:00,41882.310201392334,40023.44349
2026-05-16 07:15:00+02:00,42963.093550656195,41152.20984
2026-05-16 07:30:00+02:00,44279.19029435153,41577.55418
2026-05-16 07:45:00+02:00,45348.948211360635,42052.44249
2026-05-16 08:00:00+02:00,45671.42338065544,42281.44719
2026-05-16 08:15:00+02:00,46547.97388992715,43477.26132
2026-05-16 08:30:00+02:00,47040.72533379582,43973.8196
2026-05-16 08:45:00+02:00,46994.32234449551,44963.98215
2026-05-16 09:00:00+02:00,47603.365547932175,45976.42986
2026-05-16 09:15:00+02:00,47447.54958565752,45955.38345
2026-05-16 09:30:00+02:00,47475.75843205347,46440.42752
2026-05-16 09:45:00+02:00,47554.6954257981,46841.07565
2026-05-16 10:00:00+02:00,48022.45272520548,47932.20369
2026-05-16 10:15:00+02:00,47897.35730842934,47938.85706
2026-05-16 10:30:00+02:00,48082.443131760025,47981.39294
2026-05-16 10:45:00+02:00,48304.22699511705,47657.66631
2026-05-16 11:00:00+02:00,48339.75642526728,47932.26557
2026-05-16 11:15:00+02:00,48339.879206385194,48612.30129
2026-05-16 11:30:00+02:00,48523.354053876086,48912.01245
2026-05-16 11:45:00+02:00,48620.0406312513,48784.27502
2026-05-16 12:00:00+02:00,47750.47491572985,48479.68834
2026-05-16 12:15:00+02:00,47856.520778114755,48565.65492
2026-05-16 12:30:00+02:00,47730.50613350996,48851.33903
2026-05-16 12:45:00+02:00,47567.13117060902,48357.01778
2026-05-16 13:00:00+02:00,46987.74765304243,47291.06187
2026-05-16 13:15:00+02:00,46283.17089033447,46469.40203
2026-05-16 13:30:00+02:00,45991.166071341235,46190.62545
2026-05-16 13:45:00+02:00,45836.49798535098,45914.705
2026-05-16 14:00:00+02:00,44727.24066584083,45918.80651
2026-05-16 14:15:00+02:00,43971.69103424868,45585.81544
2026-05-16 14:30:00+02:00,43667.631266130564,45397.67875
2026-05-16 14:45:00+02:00,43622.82679717524,44986.69046
2026-05-16 15:00:00+02:00,43455.429812334594,44989.77646
2026-05-16 15:15:00+02:00,43190.725499947366,44055.62039
2026-05-16 15:30:00+02:00,42747.84410576428,43748.34955
2026-05-16 15:45:00+02:00,42967.208539579784,43968.05853
2026-05-16 16:00:00+02:00,43070.69089356544,43956.93333
2026-05-16 16:15:00+02:00,43027.591859160224,43616.54029
2026-05-16 16:30:00+02:00,43027.591859160224,43302.4702
2026-05-16 16:45:00+02:00,42999.52460735425,42725.81606
2026-05-16 17:00:00+02:00,43989.281552618304,43860.72487
2026-05-16 17:15:00+02:00,44489.05875763469,44476.56098
2026-05-16 17:30:00+02:00,44967.75451138802,44905.26605
2026-05-16 17:45:00+02:00,45713.923631289494,45389.2214
2026-05-16 18:00:00+02:00,46043.86546212772,45961.73082
2026-05-16 18:15:00+02:00,46119.852547887676,46071.47015
2026-05-16 18:30:00+02:00,46498.98461223135,46460.4899
2026-05-16 18:45:00+02:00,46647.071954856045,47269.57805
2026-05-16 19:00:00+02:00,47591.175597898655,47526.64133
2026-05-16 19:15:00+02:00,47368.36006175848,47474.69791
2026-05-16 19:30:00+02:00,47335.196660415335,48129.72308
2026-05-16 19:45:00+02:00,47252.31840792439,48205.51528
2026-05-16 20:00:00+02:00,47392.85935772422,47822.59239
2026-05-16 20:15:00+02:00,47375.9933103199,47482.56539
2026-05-16 20:30:00+02:00,47206.352344199266,46444.29789
2026-05-16 20:45:00+02:00,46383.541606101935,45639.49133
2026-05-16 21:00:00+02:00,46334.471241409396,45825.89381
2026-05-16 21:15:00+02:00,46150.21893928532,45802.4152
2026-05-16 21:30:00+02:00,46033.22387074899,45305.77837
2026-05-16 21:45:00+02:00,45802.96904672682,44997.78545
2026-05-16 22:00:00+02:00,45320.75520570438,45361.4706
2026-05-16 22:15:00+02:00,44273.74008075629,45063.55126
2026-05-16 22:30:00+02:00,44191.46921616886,43943.83635
2026-05-16 22:45:00+02:00,43817.63205624292,43058.05864
2026-05-16 23:00:00+02:00,43750.56099183575,42695.98698
2026-05-16 23:15:00+02:00,42888.87275703755,42306.72031
2026-05-16 23:30:00+02:00,42389.55194403548,41666.24431
2026-05-16 23:45:00+02:00,42389.55194403548,41618.68825
2026-05-17 00:00:00+02:00,39659.73668552832,41396.44428
2026-05-17 00:15:00+02:00,39598.35347052147,40291.21314
2026-05-17 00:30:00+02:00,39398.85058688304,40073.54896
2026-05-17 00:45:00+02:00,39097.99305865508,39681.44737
2026-05-17 01:00:00+02:00,38881.02957495007,39434.59045
2026-05-17 01:15:00+02:00,38748.78939206358,38768.65575
2026-05-17 01:30:00+02:00,38698.17955197044,38293.5217
2026-05-17 01:45:00+02:00,38654.3116469296,38298.18269
2026-05-17 02:00:00+02:00,38517.325448865384,38318.73932
2026-05-17 02:15:00+02:00,38379.3178927227,37981.48626
2026-05-17 02:30:00+02:00,38332.72028316691,37736.81325
2026-05-17 02:45:00+02:00,38332.72028316691,37534.56472
2026-05-17 03:00:00+02:00,38464.89591440354,37460.9096
2026-05-17 03:15:00+02:00,38464.89591440354,37603.03174
2026-05-17 03:30:00+02:00,38462.05041647555,37477.19724
2026-05-17 03:45:00+02:00,38473.89322034682,37498.99173
2026-05-17 04:00:00+02:00,38673.91816177113,37249.82169
2026-05-17 04:15:00+02:00,38701.450714282,37453.69695
2026-05-17 04:30:00+02:00,38710.91652650211,37874.69008
2026-05-17 04:45:00+02:00,38710.91652650211,37925.10805
2026-05-17 05:00:00+02:00,38895.70688320588,38167.09032
2026-05-17 05:15:00+02:00,38895.70688320588,38234.60845
2026-05-17 05:30:00+02:00,38911.01929085996,38205.01148
2026-05-17 05:45:00+02:00,38909.68280975574,38119.12096
2026-05-17 06:00:00+02:00,38997.51643161259,38467.40307
2026-05-17 06:15:00+02:00,39045.496904709995,38576.98942
2026-05-17 06:30:00+02:00,39163.8427039632,38887.89805
2026-05-17 06:45:00+02:00,39236.34966121237,38980.46843
2026-05-17 07:00:00+02:00,39225.06841068215,39120.22685
2026-05-17 07:15:00+02:00,39641.425884102806,39420.53411
2026-05-17 07:30:00+02:00,40029.34367660515,39750.54918
2026-05-17 07:45:00+02:00,40546.26572734395,40142.51083
2026-05-17 08:00:00+02:00,40491.1589917374,39671.0722
2026-05-17 08:15:00+02:00,40885.857053503605,40204.27608
2026-05-17 08:30:00+02:00,41183.871550154494,40447.02142
2026-05-17 08:45:00+02:00,41625.98856338418,40702.91631
2026-05-17 09:00:00+02:00,41447.61614690353,41277.55043
2026-05-17 09:15:00+02:00,41935.46529081621,41609.56359
2026-05-17 09:30:00+02:00,42098.028320005724,41257.55829
2026-05-17 09:45:00+02:00,42621.097284047544,41632.36097
2026-05-17 10:00:00+02:00,42256.90894965802,42201.40985
2026-05-17 10:15:00+02:00,43256.89489104634,42297.80643
2026-05-17 10:30:00+02:00,42764.60872990271,42063.09458
2026-05-17 10:45:00+02:00,43107.10748752092,42711.38645
2026-05-17 11:00:00+02:00,42418.09908974804,43230.65466
2026-05-17 11:15:00+02:00,42263.92982946718,43663.95071
2026-05-17 11:30:00+02:00,42646.72470902113,44202.68319
2026-05-17 11:45:00+02:00,42669.249971363366,43651.48529
2026-05-17 12:00:00+02:00,42432.01062943413,43227.29003
2026-05-17 12:15:00+02:00,42424.23642399673,43135.28266
2026-05-17 12:30:00+02:00,42407.193913918716,43171.32854
2026-05-17 12:45:00+02:00,42395.31503044277,43231.78876
2026-05-17 13:00:00+02:00,41477.58482652671,42819.71709
2026-05-17 13:15:00+02:00,41218.34461731392,42379.04187
2026-05-17 13:30:00+02:00,40898.36013190629,41911.02222
2026-05-17 13:45:00+02:00,40621.423999536986,41732.91671
2026-05-17 14:00:00+02:00,40634.969294994815,41572.46196
2026-05-17 14:15:00+02:00,40688.48214810136,41140.91393
2026-05-17 14:30:00+02:00,40534.65820405652,40752.33559
2026-05-17 14:45:00+02:00,40522.371783077906,40803.10827
2026-05-17 15:00:00+02:00,40500.21504278801,40650.19681
2026-05-17 15:15:00+02:00,40421.62821973736,41288.91958
2026-05-17 15:30:00+02:00,40421.62821973736,41140.06185
2026-05-17 15:45:00+02:00,40376.44854037719,41120.35155
2026-05-17 16:00:00+02:00,40950.849677001854,41764.56606
2026-05-17 16:15:00+02:00,40884.57691219933,41623.17166
2026-05-17 16:30:00+02:00,41025.76369844626,41014.03071
2026-05-17 16:45:00+02:00,40960.83899169847,41123.96229
2026-05-17 17:00:00+02:00,41312.47989060492,42318.20756
2026-05-17 17:15:00+02:00,41384.61736856419,42798.85923
2026-05-17 17:30:00+02:00,42317.139766067696,43047.72176
2026-05-17 17:45:00+02:00,42719.19207144886,43967.53986
2026-05-17 18:00:00+02:00,43931.78663199291,45526.2837
2026-05-17 18:15:00+02:00,43931.78663199291,45715.43906
2026-05-17 18:30:00+02:00,44455.9283260215,46172.85384
2026-05-17 18:45:00+02:00,44454.176581744636,46694.56257
2026-05-17 19:00:00+02:00,45421.38269902182,47488.00193
2026-05-17 19:15:00+02:00,45369.50085984634,47468.59539
2026-05-17 19:30:00+02:00,45473.03652690001,47668.36379
2026-05-17 19:45:00+02:00,45598.5377158758,47510.63088
2026-05-17 20:00:00+02:00,45957.58446108165,48284.96857
2026-05-17 20:15:00+02:00,45728.51710790375,47530.50769
2026-05-17 20:30:00+02:00,45543.17723341721,47163.17459
2026-05-17 20:45:00+02:00,45508.43829614653,47182.34731
2026-05-17 21:00:00+02:00,45693.09761639363,46905.87887
2026-05-17 21:15:00+02:00,45693.09761639363,47430.40637
2026-05-17 21:30:00+02:00,45551.75461581651,47633.04083
2026-05-17 21:45:00+02:00,45443.62831989724,47193.68681
2026-05-17 22:00:00+02:00,44960.807501750016,47345.72518
2026-05-17 22:15:00+02:00,44682.79233054205,46793.32418
2026-05-17 22:30:00+02:00,44562.18982728272,46186.93701
2026-05-17 22:45:00+02:00,43691.29735831909,45278.62907
2026-05-17 23:00:00+02:00,43227.53953569084,44761.22628
2026-05-17 23:15:00+02:00,42781.17409342411,43869.12183
2026-05-17 23:30:00+02:00,42471.81872793668,43165.66869
2026-05-17 23:45:00+02:00,42469.78254308231,42947.67952
2026-05-18 00:00:00+02:00,42684.30087704256,42079.99378
2026-05-18 00:15:00+02:00,42402.44487577294,41510.01015
2026-05-18 00:30:00+02:00,42208.87955750747,41332.62047
2026-05-18 00:45:00+02:00,41661.09815329611,41034.68824
2026-05-18 01:00:00+02:00,41106.62377829894,40344.13642
2026-05-18 01:15:00+02:00,40968.627194212306,40033.79396
2026-05-18 01:30:00+02:00,40926.66877545132,39649.66407
2026-05-18 01:45:00+02:00,40975.3867717296,39216.1747
2026-05-18 02:00:00+02:00,40857.4780917746,38973.44669
2026-05-18 02:15:00+02:00,40820.79622667849,39420.45318
2026-05-18 02:30:00+02:00,40675.663473016895,39826.60054
2026-05-18 02:45:00+02:00,40655.246660312,39274.58454
2026-05-18 03:00:00+02:00,40643.964751796295,39042.44191
2026-05-18 03:15:00+02:00,40643.964751796295,38872.97416
2026-05-18 03:30:00+02:00,40711.805555143386,39085.94022
2026-05-18 03:45:00+02:00,40844.67147144834,39429.04025
2026-05-18 04:00:00+02:00,40927.06292986236,40288.66526
2026-05-18 04:15:00+02:00,41065.59199546005,40694.09348
2026-05-18 04:30:00+02:00,41288.16626195396,41060.12716
2026-05-18 04:45:00+02:00,41686.6935311526,41540.25207
2026-05-18 05:00:00+02:00,43641.064685200996,42934.04676
2026-05-18 05:15:00+02:00,43886.873135436,43125.61678
2026-05-18 05:30:00+02:00,45376.075173392725,44182.02442
2026-05-18 05:45:00+02:00,45956.04824011091,45785.41875
2026-05-18 06:00:00+02:00,48701.98397711473,48550.96292
2026-05-18 06:15:00+02:00,50505.45105739888,50609.36467
2026-05-18 06:30:00+02:00,51975.781819412514,52284.65556
2026-05-18 06:45:00+02:00,53449.07011187506,53387.38831
2026-05-18 07:00:00+02:00,55285.00130515821,54238.97357
2026-05-18 07:15:00+02:00,56977.745747937006,54815.12662
2026-05-18 07:30:00+02:00,56845.866077436316,55951.70304
2026-05-18 07:45:00+02:00,57306.22583567664,56920.10323
2026-05-18 08:00:00+02:00,57494.77137099339,57310.63964
2026-05-18 08:15:00+02:00,58500.69621092885,58246.68915
2026-05-18 08:30:00+02:00,58878.95409195393,58968.55911
2026-05-18 08:45:00+02:00,59142.56334332396,59207.74987
2026-05-18 09:00:00+02:00,58603.25172549764,58223.53362
2026-05-18 09:15:00+02:00,58913.4048246208,57937.25719
2026-05-18 09:30:00+02:00,59105.807602170964,58302.43443
2026-05-18 09:45:00+02:00,59139.68260730713,58041.56245
2026-05-18 10:00:00+02:00,58923.58519610841,57811.1804
2026-05-18 10:15:00+02:00,59549.13724387909,58221.20857
2026-05-18 10:30:00+02:00,59832.64397422539,58288.15107
2026-05-18 10:45:00+02:00,59969.198097969056,58198.13001
2026-05-18 11:00:00+02:00,59674.02299943794,58842.30455
2026-05-18 11:15:00+02:00,59848.67237637403,59357.11905
2026-05-18 11:30:00+02:00,60347.01575219179,60450.27229
2026-05-18 11:45:00+02:00,59846.604120533164,60347.66156
2026-05-18 12:00:00+02:00,59496.402236133836,59663.44828
2026-05-18 12:15:00+02:00,59646.398297992004,59231.74404
2026-05-18 12:30:00+02:00,59984.66050868422,58853.763
2026-05-18 12:45:00+02:00,59340.1667750527,58702.94474
2026-05-18 13:00:00+02:00,59000.363794811296,57806.67775
2026-05-18 13:15:00+02:00,58636.07632980278,57768.01016
2026-05-18 13:30:00+02:00,58678.471374320565,56964.96425
2026-05-18 13:45:00+02:00,57986.24337684607,56385.78032
2026-05-18 14:00:00+02:00,57418.394021020045,56571.33125
2026-05-18 14:15:00+02:00,57038.53894564854,56348.22421
2026-05-18 14:30:00+02:00,56669.53784114088,55942.19074
2026-05-18 14:45:00+02:00,56658.63092180723,55537.64266
2026-05-18 15:00:00+02:00,56960.30694306126,55420.59866
2026-05-18 15:15:00+02:00,57090.53787123644,55307.84695
2026-05-18 15:30:00+02:00,57010.06141599719,54986.84749
2026-05-18 15:45:00+02:00,56304.4100193538,54852.49632
2026-05-18 16:00:00+02:00,56564.15417898732,54900.71487
2026-05-18 16:15:00+02:00,56361.962601975756,54234.67818
2026-05-18 16:30:00+02:00,56549.54438476208,54505.52409
2026-05-18 16:45:00+02:00,56344.12835451784,54573.7774
2026-05-18 17:00:00+02:00,57042.01192905817,54929.39755
2026-05-18 17:15:00+02:00,57527.795084809164,55158.63806
2026-05-18 17:30:00+02:00,57792.78837759319,55165.75691
2026-05-18 17:45:00+02:00,57723.53399153177,56071.43324
2026-05-18 18:00:00+02:00,58040.623468381316,56006.52395
2026-05-18 18:15:00+02:00,58122.194309894934,55253.71791
2026-05-18 18:30:00+02:00,58204.01591951709,55952.78101
2026-05-18 18:45:00+02:00,58192.62834896308,56037.40565
2026-05-18 19:00:00+02:00,58317.095653230695,56203.47366
2026-05-18 19:15:00+02:00,57716.42088006836,55909.26101
2026-05-18 19:30:00+02:00,57699.719788812494,56136.64507
2026-05-18 19:45:00+02:00,57262.85463707907,56046.44047
2026-05-18 20:00:00+02:00,57148.147597707335,56022.84609
2026-05-18 20:15:00+02:00,56780.78072463554,55550.70522
2026-05-18 20:30:00+02:00,56462.27617133499,54690.87155
2026-05-18 20:45:00+02:00,55621.88287172816,54684.45682
2026-05-18 21:00:00+02:00,54401.03695672351,54194.64828
2026-05-18 21:15:00+02:00,54206.59536423711,53901.46509
2026-05-18 21:30:00+02:00,54110.32482224457,53047.20518
2026-05-18 21:45:00+02:00,53304.246046710825,52896.62723
2026-05-18 22:00:00+02:00,52515.06814694407,51556.13466
2026-05-18 22:15:00+02:00,51459.90911925524,50490.88893
2026-05-18 22:30:00+02:00,50190.185309225715,49573.65734
2026-05-18 22:45:00+02:00,50056.883111838295,48595.10799
2026-05-18 23:00:00+02:00,49208.880657938535,47459.82895
2026-05-18 23:15:00+02:00,47873.22605739433,46412.61791
2026-05-18 23:30:00+02:00,47417.29880054687,46199.91617
2026-05-18 23:45:00+02:00,47390.5055120076,45281.72622
2026-05-19 00:00:00+02:00,45102.997342214876,44776.59833
2026-05-19 00:15:00+02:00,44829.540028686395,44196.69241
2026-05-19 00:30:00+02:00,44199.32276144267,43828.50691
2026-05-19 00:45:00+02:00,43829.910272641566,43576.426489
2026-05-19 01:00:00+02:00,43441.91344892018,43174.99495
2026-05-19 01:15:00+02:00,43342.46148943636,42726.15823
2026-05-19 01:30:00+02:00,43242.01916616491,42455.04983
2026-05-19 01:45:00+02:00,43161.801382465725,42348.381849
2026-05-19 02:00:00+02:00,43037.63883925089,42253.46181
2026-05-19 02:15:00+02:00,42736.6400736192,42040.411159
2026-05-19 02:30:00+02:00,42790.1744532543,42291.43847
2026-05-19 02:45:00+02:00,42733.31304931684,42250.62824
2026-05-19 03:00:00+02:00,42909.49638764414,42785.29447
2026-05-19 03:15:00+02:00,43183.265123447585,42837.79819
2026-05-19 03:30:00+02:00,43191.046953280835,42648.753699
2026-05-19 03:45:00+02:00,43191.046953280835,42938.66296
2026-05-19 04:00:00+02:00,43421.86947278116,43332.54533
2026-05-19 04:15:00+02:00,43557.91516912355,43605.70972
2026-05-19 04:30:00+02:00,44374.12931908116,44380.897029
2026-05-19 04:45:00+02:00,44740.76288474105,45076.121099
2026-05-19 05:00:00+02:00,45285.82021767572,45679.400849
2026-05-19 05:15:00+02:00,45848.60069340291,46082.46641
2026-05-19 05:30:00+02:00,46547.436306000134,47048.09762
2026-05-19 05:45:00+02:00,48110.46507894981,48474.95845
2026-05-19 06:00:00+02:00,50260.665934569486,51040.52907
2026-05-19 06:15:00+02:00,52168.99342062217,52509.36278
2026-05-19 06:30:00+02:00,53505.714177206886,53862.207749
2026-05-19 06:45:00+02:00,54903.809910958786,55054.72107
2026-05-19 07:00:00+02:00,55989.082948235395,56192.41491
2026-05-19 07:15:00+02:00,56546.973685913974,57221.90823
2026-05-19 07:30:00+02:00,57833.18798718172,58015.96092
2026-05-19 07:45:00+02:00,58272.76555299919,58092.08044
2026-05-19 08:00:00+02:00,58264.47714543098,58548.24005
2026-05-19 08:15:00+02:00,58807.741914618164,58694.5955
2026-05-19 08:30:00+02:00,59594.43674103513,58820.55459
2026-05-19 08:45:00+02:00,59602.015256419945,58820.303729
2026-05-19 09:00:00+02:00,58340.82995265612,57459.21533
2026-05-19 09:15:00+02:00,58433.444396770254,56713.13559
2026-05-19 09:30:00+02:00,58480.44146925093,56709.57231
2026-05-19 09:45:00+02:00,58435.15813318403,56831.41095
2026-05-19 10:00:00+02:00,57952.606752785454,56161.50146
2026-05-19 10:15:00+02:00,57970.5721695909,56973.13868
2026-05-19 10:30:00+02:00,57983.5046262976,57395.003579
2026-05-19 10:45:00+02:00,58055.72132729099,57308.75779
2026-05-19 11:00:00+02:00,57770.360600167805,57044.18713
2026-05-19 11:15:00+02:00,57869.0395346708,56955.13697
2026-05-19 11:30:00+02:00,57834.86677022383,56597.4482
2026-05-19 11:45:00+02:00,57690.95045873836,56877.94348
2026-05-19 12:00:00+02:00,57612.412598162446,56569.46216
2026-05-19 12:15:00+02:00,57584.06843556573,56287.13009
2026-05-19 12:30:00+02:00,57247.816815645805,56308.382409
2026-05-19 12:45:00+02:00,57583.1283970432,56574.50014
2026-05-19 13:00:00+02:00,57524.9462442138,56178.88352
2026-05-19 13:15:00+02:00,56777.16830767813,56038.35437
2026-05-19 13:30:00+02:00,56295.00815488187,55676.44656
2026-05-19 13:45:00+02:00,55889.11407760975,55435.80511
2026-05-19 14:00:00+02:00,54850.75921140012,55567.56052
2026-05-19 14:15:00+02:00,55233.50992114172,55191.355799
2026-05-19 14:30:00+02:00,54623.108942474704,54979.1356
2026-05-19 14:45:00+02:00,54655.187323993036,55340.60477
2026-05-19 15:00:00+02:00,54586.914066569414,55226.718809
2026-05-19 15:15:00+02:00,54118.49856972076,55252.1459
2026-05-19 15:30:00+02:00,53474.9400482199,54793.28868
2026-05-19 15:45:00+02:00,53474.9400482199,54267.15441
2026-05-19 16:00:00+02:00,53579.96396266743,54942.5769
2026-05-19 16:15:00+02:00,53535.74545948295,54868.58342
2026-05-19 16:30:00+02:00,53417.793927698236,55141.76284
2026-05-19 16:45:00+02:00,53554.64954623183,54762.43008
2026-05-19 17:00:00+02:00,54908.10119904562,56390.39961
2026-05-19 17:15:00+02:00,54954.101971112585,57146.84792
2026-05-19 17:30:00+02:00,54529.48141889884,57730.97983
2026-05-19 17:45:00+02:00,55496.939010609494,57663.71964
2026-05-19 18:00:00+02:00,56331.755656119465,57598.47834
2026-05-19 18:15:00+02:00,56309.50754074824,57774.474959
2026-05-19 18:30:00+02:00,56714.295211671015,57487.21168
2026-05-19 18:45:00+02:00,56964.05911947623,57921.35117
2026-05-19 19:00:00+02:00,56705.62212350633,58017.02721
2026-05-19 19:15:00+02:00,56531.39946244298,57733.96123
2026-05-19 19:30:00+02:00,56355.12075021387,57602.60199
2026-05-19 19:45:00+02:00,56294.57619735968,58135.168979
2026-05-19 20:00:00+02:00,55921.014104714646,57452.93346
2026-05-19 20:15:00+02:00,55911.29275359016,56849.36063
2026-05-19 20:30:00+02:00,54771.58499029781,56080.33492
2026-05-19 20:45:00+02:00,54636.039873694135,55447.92466
2026-05-19 21:00:00+02:00,53912.23512820309,54744.0479
2026-05-19 21:15:00+02:00,54116.43184848263,55018.99687
2026-05-19 21:30:00+02:00,52578.07950178733,55479.97566
2026-05-19 21:45:00+02:00,52521.35528144106,54217.94053
2026-05-19 22:00:00+02:00,52249.31623598661,53481.82287
2026-05-19 22:15:00+02:00,51033.06005966803,52769.11561
2026-05-19 22:30:00+02:00,50216.291706708136,51481.94685
2026-05-19 22:45:00+02:00,49679.2974018979,50545.33063
2026-05-19 23:00:00+02:00,48274.89276610299,49534.70778
2026-05-19 23:15:00+02:00,47494.81568013473,48232.643499
2026-05-19 23:30:00+02:00,46854.25340190902,47739.123259
2026-05-19 23:45:00+02:00,46712.28191879021,47712.52084
2026-05-20 00:00:00+02:00,45284.45249035761,46980.86227
2026-05-20 00:15:00+02:00,44985.54083991294,46405.63462
2026-05-20 00:30:00+02:00,44888.08413186807,45694.37616
2026-05-20 00:45:00+02:00,43906.006688739064,44743.27312
2026-05-20 01:00:00+02:00,43191.90359050682,44855.89726
2026-05-20 01:15:00+02:00,43059.425954575476,44901.89954
2026-05-20 01:30:00+02:00,42840.81850248963,44386.86344
2026-05-20 01:45:00+02:00,42631.67733916139,44227.11267
2026-05-20 02:00:00+02:00,42518.28710884756,44199.9027
2026-05-20 02:15:00+02:00,42389.70733820824,43645.99909
2026-05-20 02:30:00+02:00,42527.02653861825,43954.91752
2026-05-20 02:45:00+02:00,42599.11094369621,44179.02835
2026-05-20 03:00:00+02:00,42699.089916733246,43908.47931
2026-05-20 03:15:00+02:00,42699.089916733246,43695.79963
2026-05-20 03:30:00+02:00,42719.82332190413,43569.69828
2026-05-20 03:45:00+02:00,42780.345789642015,43590.57196
2026-05-20 04:00:00+02:00,43267.811535140536,43970.37029
2026-05-20 04:15:00+02:00,43314.397335310976,44391.50106
2026-05-20 04:30:00+02:00,43559.672085734936,44803.8637
2026-05-20 04:45:00+02:00,43727.79440021092,45564.3416
2026-05-20 05:00:00+02:00,45315.21887363901,47020.58987
2026-05-20 05:15:00+02:00,45827.543875961026,47520.63827
2026-05-20 05:30:00+02:00,46319.5340944185,48615.95442
2026-05-20 05:45:00+02:00,47846.29586889062,49989.6234
2026-05-20 06:00:00+02:00,50646.25373478719,52282.42238
2026-05-20 06:15:00+02:00,51382.543973404965,54620.87748
2026-05-20 06:30:00+02:00,53243.990771035016,55940.07592
2026-05-20 06:45:00+02:00,54932.283291925654,57487.55663
2026-05-20 07:00:00+02:00,55560.39772028114,58500.77864
2026-05-20 07:15:00+02:00,56952.99556830202,59492.19016
2026-05-20 07:30:00+02:00,57654.45727156296,60456.98421
2026-05-20 07:45:00+02:00,58806.15859089821,61481.8219
2026-05-20 08:00:00+02:00,58942.15668388494,61858.36095
2026-05-20 08:15:00+02:00,59683.8679132491,62840.15184
2026-05-20 08:30:00+02:00,59733.69787555737,62894.73928
2026-05-20 08:45:00+02:00,59858.953749400884,62706.82599
2026-05-20 09:00:00+02:00,59811.28859165387,61759.15727
2026-05-20 09:15:00+02:00,60175.05272426609,62360.06744
2026-05-20 09:30:00+02:00,60023.174292695796,62507.90682
2026-05-20 09:45:00+02:00,59949.83717644316,62462.23199
2026-05-20 10:00:00+02:00,59493.44567205167,62203.67388
2026-05-20 10:15:00+02:00,60133.94754967119,61892.26975
2026-05-20 10:30:00+02:00,60131.930653005096,62205.81057
2026-05-20 10:45:00+02:00,60698.83062525348,62896.31151
2026-05-20 11:00:00+02:00,61282.35252498074,62571.10017
2026-05-20 11:15:00+02:00,60882.60257415103,62652.40648
2026-05-20 11:30:00+02:00,60907.69463954696,62588.74099
2026-05-20 11:45:00+02:00,60907.69463954696,61750.68815
2026-05-20 12:00:00+02:00,59874.35979460556,60651.6741
2026-05-20 12:15:00+02:00,59299.23556520555,60040.7211
2026-05-20 12:30:00+02:00,59551.8981801066,59949.7277
2026-05-20 12:45:00+02:00,59258.99951010513,59592.41781
2026-05-20 13:00:00+02:00,59163.15160622753,59824.37167
2026-05-20 13:15:00+02:00,58549.47259424643,59754.5796
2026-05-20 13:30:00+02:00,57997.23368156661,59417.4114
2026-05-20 13:45:00+02:00,57912.92206922384,59107.4059
2026-05-20 14:00:00+02:00,57021.89955399337,57914.91216
2026-05-20 14:15:00+02:00,56719.10887717801,58507.20504
2026-05-20 14:30:00+02:00,56695.730206213666,57349.91667
2026-05-20 14:45:00+02:00,56674.086154927565,56615.72712
2026-05-20 15:00:00+02:00,56557.068999262156,56889.21205
2026-05-20 15:15:00+02:00,55888.20490006428,56351.08543
2026-05-20 15:30:00+02:00,55718.448070292936,55269.10177
2026-05-20 15:45:00+02:00,55889.65195355644,55748.64941
2026-05-20 16:00:00+02:00,55602.83508373581,57150.06864
2026-05-20 16:15:00+02:00,55451.325420593035,56917.40252
2026-05-20 16:30:00+02:00,55356.055891498276,56503.43512
2026-05-20 16:45:00+02:00,55370.97000527185,56399.95133
2026-05-20 17:00:00+02:00,56044.90511513031,56764.82303
2026-05-20 17:15:00+02:00,55967.80612926776,56848.11544
2026-05-20 17:30:00+02:00,56292.934103887856,56671.04045
2026-05-20 17:45:00+02:00,56255.33303902152,57062.45654
2026-05-20 18:00:00+02:00,56892.01253257044,57517.39847
2026-05-20 18:15:00+02:00,56835.509781627705,57909.36296
2026-05-20 18:30:00+02:00,56166.64568242983,58503.5105
2026-05-20 18:45:00+02:00,56783.30148757171,59327.02492
2026-05-20 19:00:00+02:00,57658.378399969944,59918.692
2026-05-20 19:15:00+02:00,57642.59469095221,60544.91989
2026-05-20 19:30:00+02:00,58202.83140301242,60354.36733
2026-05-20 19:45:00+02:00,57589.87101761479,59940.91075
2026-05-20 20:00:00+02:00,56805.20366986601,59164.24992
2026-05-20 20:15:00+02:00,54790.51911245382,58801.57504
2026-05-20 20:30:00+02:00,54377.74981854359,58514.57196
2026-05-20 20:45:00+02:00,54527.12920467647,58085.79553
2026-05-20 21:00:00+02:00,53566.654280107075,57200.80982
2026-05-20 21:15:00+02:00,53143.44074612051,56842.12892
2026-05-20 21:30:00+02:00,52219.99012840482,56695.8291
2026-05-20 21:45:00+02:00,51830.100185364376,55725.81902
2026-05-20 22:00:00+02:00,50482.45091741382,54490.74989
2026-05-20 22:15:00+02:00,49941.019564753995,53683.05393
2026-05-20 22:30:00+02:00,49511.73916077357,52433.92769
2026-05-20 22:45:00+02:00,48941.6502735612,51703.44691
2026-05-20 23:00:00+02:00,47512.04334649835,50683.2703
2026-05-20 23:15:00+02:00,47192.80096575565,50163.06172
2026-05-20 23:30:00+02:00,46349.16992056499,49636.16083
2026-05-20 23:45:00+02:00,45998.891539261655,49233.2087
2026-05-21 00:00:00+02:00,45946.50062975439,48649.71258
2026-05-21 00:15:00+02:00,45336.93263926917,47735.79357
2026-05-21 00:30:00+02:00,45246.271795356326,46883.07095
2026-05-21 00:45:00+02:00,44561.805131222405,46482.48204
2026-05-21 01:00:00+02:00,43908.96744774457,45966.39205
2026-05-21 01:15:00+02:00,44101.0010100091,45378.10259
2026-05-21 01:30:00+02:00,44027.16764256973,45191.82365
2026-05-21 01:45:00+02:00,43792.66391094136,44710.10257
2026-05-21 02:00:00+02:00,43765.758470094865,44461.49006
2026-05-21 02:15:00+02:00,43646.65554363012,44446.29061
2026-05-21 02:30:00+02:00,43827.5203883514,44594.0143
2026-05-21 02:45:00+02:00,43827.5203883514,44775.38053
2026-05-21 03:00:00+02:00,43966.265075009745,45068.03663
2026-05-21 03:15:00+02:00,44037.35527797494,45195.89646
2026-05-21 03:30:00+02:00,44037.35527797494,44741.6717
2026-05-21 03:45:00+02:00,44064.76064969806,45023.14527
2026-05-21 04:00:00+02:00,44437.00257363203,45666.3029
2026-05-21 04:15:00+02:00,44432.013542855704,45965.45242
2026-05-21 04:30:00+02:00,44874.88763956493,46457.03609
2026-05-21 04:45:00+02:00,45056.45636275459,46706.37847
2026-05-21 05:00:00+02:00,45453.27870647011,48003.72681
2026-05-21 05:15:00+02:00,46042.71924504747,48621.68003
2026-05-21 05:30:00+02:00,47712.66939758957,49432.39979
2026-05-21 05:45:00+02:00,48210.46438551048,50462.4513
2026-05-21 06:00:00+02:00,50098.13808429592,52825.0126
2026-05-21 06:15:00+02:00,53709.625074165415,54844.22433
2026-05-21 06:30:00+02:00,54914.27374866765,55932.05741
2026-05-21 06:45:00+02:00,58105.61966892408,56770.63047
2026-05-21 07:00:00+02:00,58332.78418804584,57621.53513
2026-05-21 07:15:00+02:00,58888.47946572036,58674.07736
2026-05-21 07:30:00+02:00,59245.912140121254,59322.18032
2026-05-21 07:45:00+02:00,59716.35855523736,60007.32709
2026-05-21 08:00:00+02:00,59595.300960680484,59946.66635
2026-05-21 08:15:00+02:00,60076.06354683679,60158.75835
2026-05-21 08:30:00+02:00,60047.146265657655,60584.45074
2026-05-21 08:45:00+02:00,60187.046265069555,60604.27986
2026-05-21 09:00:00+02:00,59863.361155951134,59854.52496
2026-05-21 09:15:00+02:00,59782.101034550666,60272.93102
2026-05-21 09:30:00+02:00,59792.16605319578,59744.91106
2026-05-21 09:45:00+02:00,59794.220890534176,59196.26667
2026-05-21 10:00:00+02:00,59722.23843962517,58745.49805
2026-05-21 10:15:00+02:00,59729.70941285939,58584.52894
2026-05-21 10:30:00+02:00,59749.04694887936,58379.81214
2026-05-21 10:45:00+02:00,59764.13429227992,58126.04859
2026-05-21 11:00:00+02:00,59340.00814066544,58170.65185
2026-05-21 11:15:00+02:00,59517.83903237504,58473.40827
2026-05-21 11:30:00+02:00,59327.82851011473,58563.83178
2026-05-21 11:45:00+02:00,59565.12926235621,58504.78061
2026-05-21 12:00:00+02:00,59446.086197369434,57957.60829
2026-05-21 12:15:00+02:00,59229.35338337399,56628.66551
2026-05-21 12:30:00+02:00,59362.530182398485,56688.72364
2026-05-21 12:45:00+02:00,57756.73477204384,57333.11953
2026-05-21 13:00:00+02:00,58002.32133042103,57634.64249
2026-05-21 13:15:00+02:00,57379.581242873996,56915.7831
2026-05-21 13:30:00+02:00,56440.232598301685,56462.83945
2026-05-21 13:45:00+02:00,56162.292463839854,55760.32993
2026-05-21 14:00:00+02:00,55936.87162100357,55242.01232
2026-05-21 14:15:00+02:00,55037.69956370223,56173.20909
2026-05-21 14:30:00+02:00,52907.175867314436,55774.00442
2026-05-21 14:45:00+02:00,53044.0978546337,55778.51001
2026-05-21 15:00:00+02:00,51757.75918993689,55326.93005
2026-05-21 15:15:00+02:00,51323.47420295744,55103.48781
2026-05-21 15:30:00+02:00,51226.96402929031,55033.03131
2026-05-21 15:45:00+02:00,50941.502115091236,54633.05935
2026-05-21 16:00:00+02:00,51235.89411071342,55504.80054
2026-05-21 16:15:00+02:00,51186.71806557982,55329.1363
2026-05-21 16:30:00+02:00,51003.01740486549,54772.27835
2026-05-21 16:45:00+02:00,51026.52386549416,54469.78943
2026-05-21 17:00:00+02:00,51411.76859513367,54937.84891
2026-05-21 17:15:00+02:00,52026.61738997433,55091.34259
2026-05-21 17:30:00+02:00,52385.71811636599,55556.31141
2026-05-21 17:45:00+02:00,52524.41804005563,55723.49266
2026-05-21 18:00:00+02:00,53254.53108043839,57003.02253
2026-05-21 18:15:00+02:00,53339.70371400174,57206.04299
2026-05-21 18:30:00+02:00,55015.70010410301,57135.87086
2026-05-21 18:45:00+02:00,55038.59065944827,57252.91984
2026-05-21 19:00:00+02:00,56832.49432819125,57907.38414
2026-05-21 19:15:00+02:00,56806.98751506019,57624.62121
2026-05-21 19:30:00+02:00,56745.17774381666,58104.85332
2026-05-21 19:45:00+02:00,56708.67386896755,58009.17652
2026-05-21 20:00:00+02:00,56331.57319340609,58165.5651
2026-05-21 20:15:00+02:00,56306.90607149903,57198.7473
2026-05-21 20:30:00+02:00,54689.77406023919,57084.55017
2026-05-21 20:45:00+02:00,54425.66728359731,56261.45993
2026-05-21 21:00:00+02:00,52896.120834763846,55810.28193
2026-05-21 21:15:00+02:00,52878.80981968723,55419.50656
2026-05-21 21:30:00+02:00,52631.86428600774,55363.85793
2026-05-21 21:45:00+02:00,51882.21707230401,54605.3715
2026-05-21 22:00:00+02:00,51216.28739516825,53441.33138
2026-05-21 22:15:00+02:00,50892.91343693418,52693.67812
2026-05-21 22:30:00+02:00,50141.051897865545,51737.10842
2026-05-21 22:45:00+02:00,49793.87925553771,50781.50037
2026-05-21 23:00:00+02:00,49225.77986757638,50036.10318
2026-05-21 23:15:00+02:00,48875.56425598977,48977.956
2026-05-21 23:30:00+02:00,47376.36120934336,47901.73734
2026-05-21 23:45:00+02:00,46735.325573940216,47276.9825
2026-05-22 00:00:00+02:00,45900.750858208536,45796.42434
2026-05-22 00:15:00+02:00,45753.72117626545,45786.44656
2026-05-22 00:30:00+02:00,45349.80381960929,45281.53249
2026-05-22 00:45:00+02:00,45149.984021676144,45009.48753
2026-05-22 01:00:00+02:00,44252.99358289954,44423.5902
2026-05-22 01:15:00+02:00,44116.558410796366,44003.59077
2026-05-22 01:30:00+02:00,43976.04186692832,43942.62842
2026-05-22 01:45:00+02:00,43954.96375058103,43765.55333
2026-05-22 02:00:00+02:00,43811.92435940608,43469.86306
2026-05-22 02:15:00+02:00,43794.57417737728,43498.06827
2026-05-22 02:30:00+02:00,43824.897341858006,43427.37271
2026-05-22 02:45:00+02:00,43810.495951486875,43705.98809
2026-05-22 03:00:00+02:00,43893.90096997095,43179.47598
2026-05-22 03:15:00+02:00,43928.757126401746,43392.12735
2026-05-22 03:30:00+02:00,43947.22322965336,43523.89414
2026-05-22 03:45:00+02:00,43959.134244279805,43683.76826
2026-05-22 04:00:00+02:00,44423.27413873831,44187.77787
2026-05-22 04:15:00+02:00,44461.17577406558,44669.32258
2026-05-22 04:30:00+02:00,44629.959048605066,44847.8152
2026-05-22 04:45:00+02:00,44875.6907659251,45156.27598
2026-05-22 05:00:00+02:00,45009.648203705976,46278.92555
2026-05-22 05:15:00+02:00,45895.661626952045,46734.43366
2026-05-22 05:30:00+02:00,47007.104023438136,47559.71155
2026-05-22 05:45:00+02:00,48246.86555437218,48924.01511
2026-05-22 06:00:00+02:00,49481.80313489992,51342.36057
2026-05-22 06:15:00+02:00,50689.0692195849,53267.82775
2026-05-22 06:30:00+02:00,50763.13593852072,54552.83232
2026-05-22 06:45:00+02:00,52326.16714807474,55255.80502
2026-05-22 07:00:00+02:00,52975.107096856154,56034.60064
2026-05-22 07:15:00+02:00,53685.47256727691,57364.39214
2026-05-22 07:30:00+02:00,54787.20821250218,58353.79695
2026-05-22 07:45:00+02:00,54905.29674850708,58929.3005
2026-05-22 08:00:00+02:00,54854.623480249815,58066.30704
2026-05-22 08:15:00+02:00,55233.09834391559,58147.25289
2026-05-22 08:30:00+02:00,55692.71599450757,58509.02456
2026-05-22 08:45:00+02:00,56147.168271350085,58014.28062
2026-05-22 09:00:00+02:00,55056.5402477875,57575.25795
2026-05-22 09:15:00+02:00,55025.77400075353,57231.20458
2026-05-22 09:30:00+02:00,55117.85628689828,57014.68283
2026-05-22 09:45:00+02:00,55094.20647825847,57364.16034
2026-05-22 10:00:00+02:00,54525.47808694511,55754.72926
2026-05-22 10:15:00+02:00,54929.53078632768,56343.20146
2026-05-22 10:30:00+02:00,55530.72471181774,56758.41058
2026-05-22 10:45:00+02:00,55626.49281670816,56669.74431
2026-05-22 11:00:00+02:00,55274.89011490851,56836.00921
2026-05-22 11:15:00+02:00,55448.91884419139,56829.9931
2026-05-22 11:30:00+02:00,55430.05984506006,57050.42636
2026-05-22 11:45:00+02:00,55526.81766005256,57152.6523
2026-05-22 12:00:00+02:00,54323.36171481155,56723.07773
2026-05-22 12:15:00+02:00,54085.076897247935,56134.86741
2026-05-22 12:30:00+02:00,54261.45781306082,56051.54297
2026-05-22 12:45:00+02:00,54457.11344866441,55170.31991
2026-05-22 13:00:00+02:00,53731.35975198485,55094.97347
2026-05-22 13:15:00+02:00,52212.430742009885,55203.84621
2026-05-22 13:30:00+02:00,51922.00213671052,54753.11823
2026-05-22 13:45:00+02:00,51326.93704069056,53952.86458
2026-05-22 14:00:00+02:00,51105.91406092517,53338.3358
2026-05-22 14:15:00+02:00,50620.105776352124,52517.42435
2026-05-22 14:30:00+02:00,50370.55227015866,52054.6391
2026-05-22 14:45:00+02:00,50364.23218265334,51420.72052
2026-05-22 15:00:00+02:00,50412.8659496934,51416.9742
2026-05-22 15:15:00+02:00,50348.71580412208,51175.16917
2026-05-22 15:30:00+02:00,49858.12583824094,51318.59249
2026-05-22 15:45:00+02:00,49858.12583824094,51151.75295
2026-05-22 16:00:00+02:00,50353.95318845616,51727.00322
2026-05-22 16:15:00+02:00,50289.80304288484,51227.13258
2026-05-22 16:30:00+02:00,49831.81732392201,51238.08154
2026-05-22 16:45:00+02:00,49617.397726348354,51093.37542
2026-05-22 17:00:00+02:00,50395.623429504296,52000.37533
2026-05-22 17:15:00+02:00,50611.05072152935,52748.55233
2026-05-22 17:30:00+02:00,50711.212007453614,52657.58828
2026-05-22 17:45:00+02:00,50705.21486576285,52819.2198
2026-05-22 18:00:00+02:00,51335.097791412845,53284.44684
2026-05-22 18:15:00+02:00,51439.4103638328,54176.01982
2026-05-22 18:30:00+02:00,51791.29071550826,54429.4754
2026-05-22 18:45:00+02:00,52543.38240032658,54743.08765
2026-05-22 19:00:00+02:00,53232.78520334904,55384.22678
2026-05-22 19:15:00+02:00,53121.95549004377,55333.20948
2026-05-22 19:30:00+02:00,53422.138043895786,55039.36205
2026-05-22 19:45:00+02:00,52938.84093406189,54605.50774
2026-05-22 20:00:00+02:00,52962.67106780029,54726.16921
2026-05-22 20:15:00+02:00,52568.95832509316,54078.00481
2026-05-22 20:30:00+02:00,52410.95460659048,53152.28521
2026-05-22 20:45:00+02:00,52377.70611525529,52983.67719
2026-05-22 21:00:00+02:00,52359.03523384241,52196.46731
2026-05-22 21:15:00+02:00,52470.44055885431,52326.2725
2026-05-22 21:30:00+02:00,52088.68895868387,52697.1293
2026-05-22 21:45:00+02:00,51404.76708814304,52074.58163
2026-05-22 22:00:00+02:00,50440.62537481684,51205.98853
2026-05-22 22:15:00+02:00,50257.860617707396,50828.56946
2026-05-22 22:30:00+02:00,49736.39340449487,50309.69819
2026-05-22 22:45:00+02:00,48641.342633988264,49435.21213
2026-05-22 23:00:00+02:00,47060.38457771105,48216.16993
2026-05-22 23:15:00+02:00,46648.3142280276,47754.35331
2026-05-22 23:30:00+02:00,46192.633542469506,46911.37032
2026-05-22 23:45:00+02:00,45797.72037135344,46416.16767
2026-05-23 00:00:00+02:00,42500.66219034812,45142.33017
2026-05-23 00:15:00+02:00,42295.47283834816,44728.59371
2026-05-23 00:30:00+02:00,42037.336976089806,44221.61857
2026-05-23 00:45:00+02:00,41908.65524300161,43777.34925
2026-05-23 01:00:00+02:00,41305.19020247246,43271.64
2026-05-23 01:15:00+02:00,41019.565961514876,42539.9285
2026-05-23 01:30:00+02:00,40906.2430331341,42349.69987
2026-05-23 01:45:00+02:00,40407.28481718299,42336.82732
2026-05-23 02:00:00+02:00,39816.72559911521,41760.01318
2026-05-23 02:15:00+02:00,39405.28086660226,41486.04404
2026-05-23 02:30:00+02:00,39511.78532983879,41152.92244
2026-05-23 02:45:00+02:00,39493.55169624279,41033.49908
2026-05-23 03:00:00+02:00,39226.83376644841,40967.51221
2026-05-23 03:15:00+02:00,39226.83376644841,41015.13066
2026-05-23 03:30:00+02:00,39225.11859063582,40800.53985
2026-05-23 03:45:00+02:00,39249.44218065382,40676.30723
2026-05-23 04:00:00+02:00,39130.34742357261,40990.60142
2026-05-23 04:15:00+02:00,39100.5595291349,41590.80674
2026-05-23 04:30:00+02:00,39113.20707962583,41849.5744
2026-05-23 04:45:00+02:00,39116.341222857896,41730.3245
2026-05-23 05:00:00+02:00,39616.31209841362,41686.8155
2026-05-23 05:15:00+02:00,39617.97464975982,41983.01187
2026-05-23 05:30:00+02:00,39659.84876604813,42155.97584
2026-05-23 05:45:00+02:00,40122.532231568206,42267.53791
2026-05-23 06:00:00+02:00,40935.49501783566,42920.08086
2026-05-23 06:15:00+02:00,41332.489322222646,43387.87858
2026-05-23 06:30:00+02:00,41573.67850393281,43758.47877
2026-05-23 06:45:00+02:00,41731.59914888316,44158.80805
2026-05-23 07:00:00+02:00,42330.44877191342,44242.41108
2026-05-23 07:15:00+02:00,43056.478728136666,44601.35313
2026-05-23 07:30:00+02:00,43296.51883733499,45519.77165
2026-05-23 07:45:00+02:00,43830.11805366777,45648.99829
2026-05-23 08:00:00+02:00,44624.75695046578,45545.89572
2026-05-23 08:15:00+02:00,45330.91859730723,46517.08383
2026-05-23 08:30:00+02:00,45329.583059361554,46861.80902
2026-05-23 08:45:00+02:00,46084.43322303745,46617.76122
2026-05-23 09:00:00+02:00,46305.822279622975,45910.641
2026-05-23 09:15:00+02:00,46410.745959213804,45675.38342
2026-05-23 09:30:00+02:00,46423.52294329476,46098.26795
2026-05-23 09:45:00+02:00,46236.99638599844,46417.40947
2026-05-23 10:00:00+02:00,46365.64441280692,46123.85912
2026-05-23 10:15:00+02:00,46344.158129255884,46436.71069
2026-05-23 10:30:00+02:00,46405.541876242976,45794.56009
2026-05-23 10:45:00+02:00,46602.40630793173,45866.62906
2026-05-23 11:00:00+02:00,46968.10663163375,45952.0399
2026-05-23 11:15:00+02:00,47000.856942915125,46304.9758
2026-05-23 11:30:00+02:00,47333.19396061611,46188.48065
2026-05-23 11:45:00+02:00,47186.90739012337,45938.52586
2026-05-23 12:00:00+02:00,46925.50683618534,45933.30453
2026-05-23 12:15:00+02:00,46884.459743231164,45852.93731
2026-05-23 12:30:00+02:00,47102.17340186233,45423.82435
2026-05-23 12:45:00+02:00,46822.86992159878,44929.08009
2026-05-23 13:00:00+02:00,46354.16094719592,45397.72458
2026-05-23 13:15:00+02:00,45207.47991507476,45492.1171
2026-05-23 13:30:00+02:00,44622.78937828787,45157.11722
2026-05-23 13:45:00+02:00,44504.81732173251,44316.01328
2026-05-23 14:00:00+02:00,44534.725662796496,44039.18762
2026-05-23 14:15:00+02:00,44484.734298036274,43343.85374
2026-05-23 14:30:00+02:00,44409.93374341598,43239.86941
2026-05-23 14:45:00+02:00,43974.52050396821,42766.90929
2026-05-23 15:00:00+02:00,43868.397485334084,43100.27982
2026-05-23 15:15:00+02:00,43007.73754031278,42723.89302
2026-05-23 15:30:00+02:00,42873.15889733316,42435.93336
2026-05-23 15:45:00+02:00,42977.38105880036,42621.1715
2026-05-23 16:00:00+02:00,42883.22781485756,42767.9185
2026-05-23 16:15:00+02:00,42865.365441011236,42338.69455
2026-05-23 16:30:00+02:00,42844.96182745343,41974.37609
2026-05-23 16:45:00+02:00,42492.66006305969,42168.38026
2026-05-23 17:00:00+02:00,43380.84016785434,43015.27348
2026-05-23 17:15:00+02:00,43630.429699219116,43734.73402
2026-05-23 17:30:00+02:00,44264.22644658335,44704.80593
2026-05-23 17:45:00+02:00,44758.613991906466,44747.37001
2026-05-23 18:00:00+02:00,45459.022664347205,46170.16026
2026-05-23 18:15:00+02:00,45471.16387922796,46091.61942
2026-05-23 18:30:00+02:00,46130.94501036683,46419.02087
2026-05-23 18:45:00+02:00,46816.08644430081,46973.92938
2026-05-23 19:00:00+02:00,48021.348378260096,48546.14173
2026-05-23 19:15:00+02:00,48075.276331949295,47887.27157
2026-05-23 19:30:00+02:00,48282.19789121481,47954.94868
2026-05-23 19:45:00+02:00,48249.499405015915,48278.90515
2026-05-23 20:00:00+02:00,48418.53022719791,47762.41369
2026-05-23 20:15:00+02:00,48101.59415008762,46645.05603
2026-05-23 20:30:00+02:00,47250.94238776391,45902.34836
2026-05-23 20:45:00+02:00,47086.72849031755,45789.37608
2026-05-23 21:00:00+02:00,46943.035364974465,45479.66255
2026-05-23 21:15:00+02:00,46943.035364974465,45449.26653
2026-05-23 21:30:00+02:00,46698.084088606534,45615.12213
2026-05-23 21:45:00+02:00,46290.317078933505,45743.46023
2026-05-23 22:00:00+02:00,46090.03311941682,45158.61532
2026-05-23 22:15:00+02:00,45969.00101585692,45049.39019
2026-05-23 22:30:00+02:00,45019.06517287645,44579.26679
2026-05-23 22:45:00+02:00,44866.53785082448,43995.27816
2026-05-23 23:00:00+02:00,44067.3275957312,43177.77591
2026-05-23 23:15:00+02:00,43269.16330516908,42613.47444
2026-05-23 23:30:00+02:00,42799.26554937854,41974.02573
2026-05-23 23:45:00+02:00,42642.9585157555,41546.05477
2026-05-24 00:00:00+02:00,40859.197688927285,41080.20566
2026-05-24 00:15:00+02:00,40619.18042011268,40386.17713
2026-05-24 00:30:00+02:00,40266.42912435449,39995.89924
2026-05-24 00:45:00+02:00,40125.18072047124,39478.15043
2026-05-24 01:00:00+02:00,39669.82763035786,38884.30254
2026-05-24 01:15:00+02:00,39569.503991893085,38646.26953
2026-05-24 01:30:00+02:00,39488.13644338361,38435.44854
2026-05-24 01:45:00+02:00,39431.32461411149,38112.16822
2026-05-24 02:00:00+02:00,39248.04709228092,37302.19394
2026-05-24 02:15:00+02:00,39154.63139197391,37280.71537
2026-05-24 02:30:00+02:00,39154.63139197391,37126.34446
2026-05-24 02:45:00+02:00,39154.63139197391,36961.89656
2026-05-24 03:00:00+02:00,39146.86075637188,36933.37484
2026-05-24 03:15:00+02:00,39146.86075637188,36876.2398
2026-05-24 03:30:00+02:00,39146.86075637188,36836.53491
2026-05-24 03:45:00+02:00,39146.86075637188,36747.04606
2026-05-24 04:00:00+02:00,38902.97569404727,36570.52272
2026-05-24 04:15:00+02:00,38923.8639780121,36430.22759
2026-05-24 04:30:00+02:00,38950.40269892699,36812.79199
2026-05-24 04:45:00+02:00,38951.484465384914,37306.28512
2026-05-24 05:00:00+02:00,38891.19027191109,37170.45766
2026-05-24 05:15:00+02:00,38924.08052156534,36929.96438
2026-05-24 05:30:00+02:00,38935.28235055868,36617.62489
2026-05-24 05:45:00+02:00,39043.652738248944,36411.5879
2026-05-24 06:00:00+02:00,39515.18960733084,36332.339
2026-05-24 06:15:00+02:00,39635.74010395001,36388.10547
2026-05-24 06:30:00+02:00,40036.24972353232,36631.52998
2026-05-24 06:45:00+02:00,40252.81982924225,36855.71885
2026-05-24 07:00:00+02:00,40912.800564382065,37046.08145
2026-05-24 07:15:00+02:00,40897.4441368442,37909.31304
2026-05-24 07:30:00+02:00,40907.2028691343,38737.13135
2026-05-24 07:45:00+02:00,41079.00331209251,39669.95223
2026-05-24 08:00:00+02:00,41397.817613422056,39867.24247
2026-05-24 08:15:00+02:00,41519.24392987692,40169.20946
2026-05-24 08:30:00+02:00,41959.14519629641,40689.60495
2026-05-24 08:45:00+02:00,42374.791752690246,41012.29272
2026-05-24 09:00:00+02:00,41939.14218129701,40361.20156
2026-05-24 09:15:00+02:00,42298.51306869541,40853.50474
2026-05-24 09:30:00+02:00,42689.047666905295,41396.83886
2026-05-24 09:45:00+02:00,42710.46728479647,41641.84638
2026-05-24 10:00:00+02:00,42287.65434358331,41533.73074
2026-05-24 10:15:00+02:00,42372.924264641995,41057.84888
2026-05-24 10:30:00+02:00,42479.27566289416,41850.44965
2026-05-24 10:45:00+02:00,42894.085708995546,41954.88884
2026-05-24 11:00:00+02:00,42993.12952720694,41596.16683
2026-05-24 11:15:00+02:00,42995.577924543606,42120.24341
2026-05-24 11:30:00+02:00,43082.7465230699,42073.57016
2026-05-24 11:45:00+02:00,43161.75295780862,41758.62908
2026-05-24 12:00:00+02:00,43106.23558098575,41897.02994
2026-05-24 12:15:00+02:00,42944.9711295312,42005.29115
2026-05-24 12:30:00+02:00,43044.80997664524,41425.72777
2026-05-24 12:45:00+02:00,42633.88074407979,40916.08492
2026-05-24 13:00:00+02:00,41849.77238714863,40828.84932
2026-05-24 13:15:00+02:00,41482.40783789397,40864.74735
2026-05-24 13:30:00+02:00,40871.56287335031,40262.74121
2026-05-24 13:45:00+02:00,40706.50883950039,39865.46452
2026-05-24 14:00:00+02:00,40355.83619122702,39070.16334
2026-05-24 14:15:00+02:00,40345.14880698294,38789.43328
2026-05-24 14:30:00+02:00,40270.84204426219,38360.40536
2026-05-24 14:45:00+02:00,40243.89766734114,37452.09295
2026-05-24 15:00:00+02:00,40325.07441049191,37692.97871
2026-05-24 15:15:00+02:00,40323.67691241604,37387.9644
2026-05-24 15:30:00+02:00,40236.476117944716,36997.47502
2026-05-24 15:45:00+02:00,40057.180165405,37163.34012
2026-05-24 16:00:00+02:00,40455.27470461195,38066.24946
2026-05-24 16:15:00+02:00,40398.48449639957,38254.56006
2026-05-24 16:30:00+02:00,40144.21988251177,37787.10392
2026-05-24 16:45:00+02:00,40323.34178591909,37297.6471
2026-05-24 17:00:00+02:00,40539.21809397638,38450.50199
2026-05-24 17:15:00+02:00,41303.83960962446,38736.42563
2026-05-24 17:30:00+02:00,42461.92074067807,39622.37762
2026-05-24 17:45:00+02:00,43125.683429343146,40391.06391
2026-05-24 18:00:00+02:00,44661.77093717661,41322.96199
2026-05-24 18:15:00+02:00,44943.70478641927,41921.25854
2026-05-24 18:30:00+02:00,45367.39915543301,42463.67561
2026-05-24 18:45:00+02:00,45718.925638289285,43881.45095
2026-05-24 19:00:00+02:00,47314.20993940816,44503.92618
2026-05-24 19:15:00+02:00,47717.218736499846,45272.36804
2026-05-24 19:30:00+02:00,48101.4480995048,45822.49331
2026-05-24 19:45:00+02:00,47905.80970537305,45452.81247
2026-05-24 20:00:00+02:00,48861.55831721705,46159.82914
2026-05-24 20:15:00+02:00,48036.40597383613,45925.96167
2026-05-24 20:30:00+02:00,47262.50634788537,45318.36557
2026-05-24 20:45:00+02:00,47262.50634788537,44655.56882
2026-05-24 21:00:00+02:00,46774.16993965268,45028.74746
2026-05-24 21:15:00+02:00,47502.94983693823,45148.38669
2026-05-24 21:30:00+02:00,47577.47854813252,45581.66028
2026-05-24 21:45:00+02:00,47350.190021964525,45495.24443
2026-05-24 22:00:00+02:00,47387.480044792865,44913.37034
2026-05-24 22:15:00+02:00,46423.97836666307,44693.41686
2026-05-24 22:30:00+02:00,45858.784268072246,44113.97818
2026-05-24 22:45:00+02:00,45494.15631353687,43711.24094
2026-05-24 23:00:00+02:00,44672.837611795934,42859.9608
2026-05-24 23:15:00+02:00,44168.95091865673,42469.16171
2026-05-24 23:30:00+02:00,43828.422064282226,41802.32616
2026-05-24 23:45:00+02:00,43519.26927910297,41175.7214
2026-05-25 00:00:00+02:00,40323.95734302614,40432.31676
2026-05-25 00:15:00+02:00,39919.96742378568,39780.13767
2026-05-25 00:30:00+02:00,39420.36032015034,39506.89738
2026-05-25 00:45:00+02:00,39240.32735753639,39186.47275
2026-05-25 01:00:00+02:00,38723.78681158111,38497.84695
2026-05-25 01:15:00+02:00,38414.536664120475,38097.08924
2026-05-25 01:30:00+02:00,38410.913991315,37721.04944
2026-05-25 01:45:00+02:00,38218.80618445886,37624.61659
2026-05-25 02:00:00+02:00,38058.382545105844,37399.71164
2026-05-25 02:15:00+02:00,37553.69462262878,37306.08165
2026-05-25 02:30:00+02:00,37417.390016708334,36985.84968
2026-05-25 02:45:00+02:00,37409.822459192525,36839.90262
2026-05-25 03:00:00+02:00,37466.70577580445,36587.38385
2026-05-25 03:15:00+02:00,37300.860028325784,36462.78665
2026-05-25 03:30:00+02:00,37481.454430866135,36830.49209
2026-05-25 03:45:00+02:00,37548.33972909942,36815.81819
2026-05-25 04:00:00+02:00,37819.85805677151,36497.47936
2026-05-25 04:15:00+02:00,37855.3131502326,36869.7506
2026-05-25 04:30:00+02:00,37901.978053337676,37198.95584
2026-05-25 04:45:00+02:00,38033.26574133254,36915.32831
2026-05-25 05:00:00+02:00,39404.78273921383,37242.64519
2026-05-25 05:15:00+02:00,39492.33481213691,36945.67641
2026-05-25 05:30:00+02:00,39466.90099596258,36936.65402
2026-05-25 05:45:00+02:00,40591.274950540675,37471.3806
2026-05-25 06:00:00+02:00,42244.56187827326,37463.72024
2026-05-25 06:15:00+02:00,42828.953324029586,37942.27416
2026-05-25 06:30:00+02:00,43078.56817380965,38603.22457
2026-05-25 06:45:00+02:00,43718.7952417445,39006.2344
2026-05-25 07:00:00+02:00,44124.15899402836,38616.75864
2026-05-25 07:15:00+02:00,44141.69209539242,38923.37496
2026-05-25 07:30:00+02:00,43776.77546364798,39499.54583
2026-05-25 07:45:00+02:00,42847.90125060962,39729.12624
2026-05-25 08:00:00+02:00,42850.414083246134,39469.51669
2026-05-25 08:15:00+02:00,43240.582101616616,39972.60132
2026-05-25 08:30:00+02:00,43702.19982273871,40326.18645
2026-05-25 08:45:00+02:00,43858.93370530304,40779.59436
2026-05-25 09:00:00+02:00,43367.40544331445,40546.52219
2026-05-25 09:15:00+02:00,43367.40544331445,40756.20519
2026-05-25 09:30:00+02:00,44267.40802982381,41293.82065
2026-05-25 09:45:00+02:00,44499.02012647302,41067.8918
2026-05-25 10:00:00+02:00,44159.63449241626,41090.32217
2026-05-25 10:15:00+02:00,44310.317088490854,41220.49231
2026-05-25 10:30:00+02:00,45289.40160245031,41129.90256
2026-05-25 10:45:00+02:00,44596.53919911262,41421.29424
2026-05-25 11:00:00+02:00,45083.69783912928,41527.92305
2026-05-25 11:15:00+02:00,46080.582280177805,41704.39722
2026-05-25 11:30:00+02:00,46098.60046835263,41835.64802
2026-05-25 11:45:00+02:00,45316.96128208449,41962.65687
2026-05-25 12:00:00+02:00,46091.12014551016,41635.68668
2026-05-25 12:15:00+02:00,45941.913635881574,41201.63902
2026-05-25 12:30:00+02:00,45819.483499699694,41326.58888
2026-05-25 12:45:00+02:00,45081.76753411919,41509.7223
2026-05-25 13:00:00+02:00,44189.52398721121,40675.33533
2026-05-25 13:15:00+02:00,44115.03425760003,40309.75783
2026-05-25 13:30:00+02:00,44139.62237674133,39724.32121
2026-05-25 13:45:00+02:00,44167.16842058366,40008.68471
2026-05-25 14:00:00+02:00,43143.94588562066,40251.62534
2026-05-25 14:15:00+02:00,43317.27848542213,39607.12471
2026-05-25 14:30:00+02:00,43568.45247842921,39385.06349
2026-05-25 14:45:00+02:00,43403.73085143014,39232.5732
2026-05-25 15:00:00+02:00,43996.54256977766,38695.63241
2026-05-25 15:15:00+02:00,44114.72060240888,38494.40077
2026-05-25 15:30:00+02:00,44106.672352251815,38071.89294
2026-05-25 15:45:00+02:00,44109.93125602695,38138.01761
2026-05-25 16:00:00+02:00,44080.07375820766,39359.39354
2026-05-25 16:15:00+02:00,44223.23279100233,38982.1603
2026-05-25 16:30:00+02:00,44294.52728560331,39436.22373
2026-05-25 16:45:00+02:00,44243.80158997043,39089.67432
2026-05-25 17:00:00+02:00,44461.98009908106,39882.68593
2026-05-25 17:15:00+02:00,44833.26039857703,40130.90898
2026-05-25 17:30:00+02:00,45275.91291632857,41471.84845
2026-05-25 17:45:00+02:00,44843.25229656915,42444.20957
2026-05-25 18:00:00+02:00,45178.430989072745,43315.62988
2026-05-25 18:15:00+02:00,45640.84593505775,43659.23723
2026-05-25 18:30:00+02:00,45364.79150245594,44441.98705
2026-05-25 18:45:00+02:00,45364.79150245594,45162.25871
2026-05-25 19:00:00+02:00,46102.248387611005,46297.39847
2026-05-25 19:15:00+02:00,46128.96215668866,46640.66503
2026-05-25 19:30:00+02:00,46005.89441131701,47183.25488
2026-05-25 19:45:00+02:00,45831.36674433175,46924.75048
2026-05-25 20:00:00+02:00,45945.4881309998,47394.81419
2026-05-25 20:15:00+02:00,45722.736323726276,47036.16035
2026-05-25 20:30:00+02:00,45929.294339319575,46579.62738
2026-05-25 20:45:00+02:00,46025.97139395447,46297.53507
2026-05-25 21:00:00+02:00,46525.253407881,46287.43344
2026-05-25 21:15:00+02:00,46600.78056122214,46322.54825
2026-05-25 21:30:00+02:00,46520.043423940166,46769.34173
2026-05-25 21:45:00+02:00,46405.55596933766,46633.84569
2026-05-25 22:00:00+02:00,45595.54284169695,45990.44588
2026-05-25 22:15:00+02:00,46020.97272263482,46097.42185
2026-05-25 22:30:00+02:00,46216.71731085655,45345.35165
2026-05-25 22:45:00+02:00,45843.60315225062,45034.52823
2026-05-25 23:00:00+02:00,45052.781020118004,44392.44139
2026-05-25 23:15:00+02:00,44071.99465543337,43498.98583
2026-05-25 23:30:00+02:00,43779.52916211111,42945.64676
2026-05-25 23:45:00+02:00,43571.566413853994,42204.98309
2026-05-26 00:00:00+02:00,42405.306101563554,42281.98141
2026-05-26 00:15:00+02:00,41542.81808965801,41888.30047
2026-05-26 00:30:00+02:00,41367.04339269347,41888.21886
2026-05-26 00:45:00+02:00,41164.52106764668,40891.77311
2026-05-26 01:00:00+02:00,40925.245998755316,40270.52722
2026-05-26 01:15:00+02:00,40740.048404560854,40256.60866
2026-05-26 01:30:00+02:00,40646.5687265096,40705.94815
2026-05-26 01:45:00+02:00,40319.245783126426,40348.58169
2026-05-26 02:00:00+02:00,40615.700865888895,39687.31959
2026-05-26 02:15:00+02:00,39991.51775945467,39707.94643
2026-05-26 02:30:00+02:00,40533.76135144605,39573.68639
2026-05-26 02:45:00+02:00,40255.63488688732,39317.11459
2026-05-26 03:00:00+02:00,40822.03313878986,39076.38002
2026-05-26 03:15:00+02:00,41176.91712766899,39261.71423
2026-05-26 03:30:00+02:00,41111.29207027961,39665.38608
2026-05-26 03:45:00+02:00,41184.34321999085,39555.55538
2026-05-26 04:00:00+02:00,41345.62393478176,39490.78864
2026-05-26 04:15:00+02:00,41344.52655067052,39834.03318
2026-05-26 04:30:00+02:00,41842.18882852653,40259.37826
2026-05-26 04:45:00+02:00,42540.79937499854,40662.15147
2026-05-26 05:00:00+02:00,42711.48168650715,41789.55245
2026-05-26 05:15:00+02:00,43159.47617080397,42417.53736
2026-05-26 05:30:00+02:00,43514.74348652199,43677.43585
2026-05-26 05:45:00+02:00,44987.67916229694,42719.69954
2026-05-26 06:00:00+02:00,47257.61295411055,47776.7001
2026-05-26 06:15:00+02:00,49061.621593530996,49280.12798
2026-05-26 06:30:00+02:00,49719.99592222032,51051.04443
2026-05-26 06:45:00+02:00,50473.21267212455,52602.82848
2026-05-26 07:00:00+02:00,52220.89874550639,53380.8747
2026-05-26 07:15:00+02:00,53343.59259632483,54522.79002
2026-05-26 07:30:00+02:00,54462.68273560916,55741.72678
2026-05-26 07:45:00+02:00,54806.07122488024,56507.95763
2026-05-26 08:00:00+02:00,54766.977397194314,56289.57639
2026-05-26 08:15:00+02:00,55262.22900783837,56747.15234
2026-05-26 08:30:00+02:00,55945.85651581102,57821.02373
2026-05-26 08:45:00+02:00,55974.211759594786,58445.28046
2026-05-26 09:00:00+02:00,54848.994788272554,57557.56433
2026-05-26 09:15:00+02:00,54549.670484279624,57553.91455
2026-05-26 09:30:00+02:00,54592.28323998239,57522.61259
2026-05-26 09:45:00+02:00,54591.43304111833,57683.17293
2026-05-26 10:00:00+02:00,53777.11504355921,57731.78062
2026-05-26 10:15:00+02:00,54208.276354760696,57482.85233
2026-05-26 10:30:00+02:00,54234.034895139564,57428.41772
2026-05-26 10:45:00+02:00,54196.761771902726,58052.55754
2026-05-26 11:00:00+02:00,54104.03521699954,56846.10461
2026-05-26 11:15:00+02:00,54197.505486803835,57277.80139
2026-05-26 11:30:00+02:00,54068.41843650518,57321.38002
2026-05-26 11:45:00+02:00,54273.894010695425,57544.35739
2026-05-26 12:00:00+02:00,53871.23300455697,56512.88237
2026-05-26 12:15:00+02:00,53982.99887805173,56637.32667
2026-05-26 12:30:00+02:00,53730.495859220195,56869.87957
2026-05-26 12:45:00+02:00,54060.332521308184,56883.58661
2026-05-26 13:00:00+02:00,53764.27157513666,56303.84374
2026-05-26 13:15:00+02:00,53507.91581429313,55240.97083
2026-05-26 13:30:00+02:00,53409.425617910114,55492.06596
2026-05-26 13:45:00+02:00,53404.22999069521,54762.60692
2026-05-26 14:00:00+02:00,53011.34470449934,54726.61464
2026-05-26 14:15:00+02:00,53128.258790723296,54398.14105
2026-05-26 14:30:00+02:00,52547.91933597897,54043.0889
2026-05-26 14:45:00+02:00,52666.31276732065,53968.59243
2026-05-26 15:00:00+02:00,52648.575583059916,53735.88824
2026-05-26 15:15:00+02:00,52260.23818508898,53806.09691
2026-05-26 15:30:00+02:00,52328.6862510364,53675.36959
2026-05-26 15:45:00+02:00,52496.85645455741,52979.67876
2026-05-26 16:00:00+02:00,52537.81605490077,54040.06521
2026-05-26 16:15:00+02:00,52546.71404346632,53810.32165
2026-05-26 16:30:00+02:00,52279.830561027746,53768.939
2026-05-26 16:45:00+02:00,52610.64502528648,53716.90258
2026-05-26 17:00:00+02:00,52940.99860700285,54551.35034
2026-05-26 17:15:00+02:00,53725.028927772306,54709.46782
2026-05-26 17:30:00+02:00,54419.211420771804,55150.96624
2026-05-26 17:45:00+02:00,54622.616583541625,55418.30461
2026-05-26 18:00:00+02:00,55113.56450453987,55051.28539
2026-05-26 18:15:00+02:00,55187.32698567388,55813.99483
2026-05-26 18:30:00+02:00,55279.45553388527,55963.00473
2026-05-26 18:45:00+02:00,55279.45553388527,56008.38219
2026-05-26 19:00:00+02:00,55577.18252232797,57591.30024
2026-05-26 19:15:00+02:00,55465.42263318217,57784.36263
2026-05-26 19:30:00+02:00,55413.67704620421,57495.12432
2026-05-26 19:45:00+02:00,55395.30656670908,57169.60999
2026-05-26 20:00:00+02:00,55304.62217679197,56838.70582
2026-05-26 20:15:00+02:00,54942.1938308307,56109.47708
2026-05-26 20:30:00+02:00,53758.00350923345,55902.7373
2026-05-26 20:45:00+02:00,53539.726086747054,55354.97891
2026-05-26 21:00:00+02:00,52979.33528346598,54771.27164
2026-05-26 21:15:00+02:00,52907.41312216819,55160.81609
2026-05-26 21:30:00+02:00,52674.14549434018,54903.19979
2026-05-26 21:45:00+02:00,52206.24743810455,54703.2033
2026-05-26 22:00:00+02:00,51785.70599772686,53487.56164
2026-05-26 22:15:00+02:00,51428.402391696574,52719.35933
2026-05-26 22:30:00+02:00,50705.83772884966,51835.54319
2026-05-26 22:45:00+02:00,49253.69962623946,51042.23638
2026-05-26 23:00:00+02:00,48041.54817037387,50161.14464
2026-05-26 23:15:00+02:00,47176.860122428145,49206.52628
2026-05-26 23:30:00+02:00,46789.11143033905,48469.48768
2026-05-26 23:45:00+02:00,46701.19393161988,48164.15859
2026-05-27 00:00:00+02:00,45363.6279230212,47986.45893
2026-05-27 00:15:00+02:00,45101.84567910261,47203.92244
2026-05-27 00:30:00+02:00,44966.481359086225,46471.8572
2026-05-27 00:45:00+02:00,44310.58287064895,46184.0474
2026-05-27 01:00:00+02:00,43976.89995665071,45892.86146
2026-05-27 01:15:00+02:00,43918.28237007721,45560.56073
2026-05-27 01:30:00+02:00,43328.195965139625,45061.57968
2026-05-27 01:45:00+02:00,43343.81964826266,44962.1916
2026-05-27 02:00:00+02:00,43047.607682734386,44129.61058
2026-05-27 02:15:00+02:00,43043.76981101372,43906.56393
2026-05-27 02:30:00+02:00,43047.607682734386,44081.0809
2026-05-27 02:45:00+02:00,43047.607682734386,44591.90324
2026-05-27 03:00:00+02:00,43072.54300527556,44297.06283
2026-05-27 03:15:00+02:00,43063.51451609425,44192.46194
2026-05-27 03:30:00+02:00,43056.849181648984,44207.64076
2026-05-27 03:45:00+02:00,43056.91328657586,44511.34456
2026-05-27 04:00:00+02:00,43277.08573328618,44621.37812
2026-05-27 04:15:00+02:00,43299.95767991451,44960.69968
2026-05-27 04:30:00+02:00,44156.833767041324,45051.33693
2026-05-27 04:45:00+02:00,44795.50614439338,45064.83948
2026-05-27 05:00:00+02:00,45529.667979910046,46263.83477
2026-05-27 05:15:00+02:00,45940.64002512787,46800.39222
2026-05-27 05:30:00+02:00,46263.34193122083,47552.51591
2026-05-27 05:45:00+02:00,47741.91197594273,48813.40072
2026-05-27 06:00:00+02:00,50588.360003363465,51291.09727
2026-05-27 06:15:00+02:00,51984.65149724924,53005.35045
2026-05-27 06:30:00+02:00,53423.482015022804,54333.2432
2026-05-27 06:45:00+02:00,56056.63166137238,55310.07649
2026-05-27 07:00:00+02:00,56820.53467614454,56430.96333
2026-05-27 07:15:00+02:00,58048.2041727189,57525.02432
2026-05-27 07:30:00+02:00,58717.07109727012,58711.63542
2026-05-27 07:45:00+02:00,59903.88523465683,60248.78173
2026-05-27 08:00:00+02:00,59845.45135061754,59833.65294
2026-05-27 08:15:00+02:00,60729.27811063201,60280.57821
2026-05-27 08:30:00+02:00,60793.47449100282,60231.29123
2026-05-27 08:45:00+02:00,60793.47449100282,60152.66595
2026-05-27 09:00:00+02:00,59677.491178377866,59789.69501
2026-05-27 09:15:00+02:00,60105.545478794345,59736.43555
2026-05-27 09:30:00+02:00,60347.70237547328,59499.83633
2026-05-27 09:45:00+02:00,60267.34894109071,59201.62637
2026-05-27 10:00:00+02:00,59289.93633310842,58994.31239
2026-05-27 10:15:00+02:00,59301.312464367875,58914.55412
2026-05-27 10:30:00+02:00,59274.616255559886,58409.2376
2026-05-27 10:45:00+02:00,59849.69516311305,58378.87923
2026-05-27 11:00:00+02:00,59820.08492672287,57715.74801
2026-05-27 11:15:00+02:00,59726.87831251553,57790.01647
2026-05-27 11:30:00+02:00,59754.13528231925,58093.24246
2026-05-27 11:45:00+02:00,59129.311370210824,57980.52757
2026-05-27 12:00:00+02:00,58607.59719572808,57444.27526
2026-05-27 12:15:00+02:00,58156.87909241939,56987.1551
2026-05-27 12:30:00+02:00,58156.87909241939,56551.88102
2026-05-27 12:45:00+02:00,57973.39960426136,56644.4332
2026-05-27 13:00:00+02:00,57969.368401580155,56517.65122
2026-05-27 13:15:00+02:00,57698.20775182068,56035.73408
2026-05-27 13:30:00+02:00,57999.52146985803,56161.85962
2026-05-27 13:45:00+02:00,57101.38490043271,54862.93014
2026-05-27 14:00:00+02:00,55896.093670815695,54316.07013
2026-05-27 14:15:00+02:00,56140.31255183887,54051.91634
2026-05-27 14:30:00+02:00,55697.74482385671,53464.73502
2026-05-27 14:45:00+02:00,54850.93562445543,53724.54029
2026-05-27 15:00:00+02:00,54837.33246464098,53810.64327
2026-05-27 15:15:00+02:00,54239.33491258814,53542.10411
2026-05-27 15:30:00+02:00,53910.279287095014,53653.43236
2026-05-27 15:45:00+02:00,53752.67616129628,53449.88413
2026-05-27 16:00:00+02:00,55360.44806108261,53086.6838
2026-05-27 16:15:00+02:00,54629.43424289721,52809.93059
2026-05-27 16:30:00+02:00,53508.43571302094,53409.91474
2026-05-27 16:45:00+02:00,53572.86143143375,53516.75766
2026-05-27 17:00:00+02:00,55145.25334145374,53716.11238
2026-05-27 17:15:00+02:00,55401.21256363075,54056.82352
2026-05-27 17:30:00+02:00,55720.07959969285,55063.70201
2026-05-27 17:45:00+02:00,56092.64272614262,55056.56631
2026-05-27 18:00:00+02:00,56867.82302932048,55368.94944
2026-05-27 18:15:00+02:00,56710.61136921849,55230.37669
2026-05-27 18:30:00+02:00,57284.49340651213,56151.9871
2026-05-27 18:45:00+02:00,58326.765400341304,57108.16371
2026-05-27 19:00:00+02:00,58622.13022622958,58308.20233
2026-05-27 19:15:00+02:00,58992.68890870622,57689.85839
2026-05-27 19:30:00+02:00,58491.06074007029,57679.51921
2026-05-27 19:45:00+02:00,58354.28330790014,57785.24146
2026-05-27 20:00:00+02:00,57811.663305205395,57807.48831
2026-05-27 20:15:00+02:00,57229.83483997593,57253.56436
2026-05-27 20:30:00+02:00,57152.403791438686,56472.419
2026-05-27 20:45:00+02:00,56432.38697614485,55574.5696
2026-05-27 21:00:00+02:00,56199.39985287295,54704.56166
2026-05-27 21:15:00+02:00,55636.6347027669,54348.32776
2026-05-27 21:30:00+02:00,55361.89158226741,54648.11563
2026-05-27 21:45:00+02:00,53818.80674335418,54692.65784
2026-05-27 22:00:00+02:00,52301.16156384747,53126.07465
2026-05-27 22:15:00+02:00,51660.811143511026,52995.22181
2026-05-27 22:30:00+02:00,50653.624377406544,52615.8778
2026-05-27 22:45:00+02:00,50406.56901123455,52090.24963
2026-05-27 23:00:00+02:00,48951.51079714837,50638.05452
2026-05-27 23:15:00+02:00,48347.18061915039,49977.02461
2026-05-27 23:30:00+02:00,47988.57896439361,49127.51727
2026-05-27 23:45:00+02:00,47693.02157312348,48570.79221
2026-05-28 00:00:00+02:00,45576.07991576162,46991.02549
2026-05-28 00:15:00+02:00,45044.86980632846,46524.47206
2026-05-28 00:30:00+02:00,44731.20184529829,46503.91169
2026-05-28 00:45:00+02:00,44472.32973126131,46108.9432
2026-05-28 01:00:00+02:00,43667.03454924976,45195.27352
2026-05-28 01:15:00+02:00,43524.658682866204,45044.36867
2026-05-28 01:30:00+02:00,43452.10064403046,44519.45816
2026-05-28 01:45:00+02:00,43153.79869078943,44435.54486
2026-05-28 02:00:00+02:00,42642.752896541664,43913.25759
2026-05-28 02:15:00+02:00,42642.752896541664,43733.80022
2026-05-28 02:30:00+02:00,42681.27946358339,43480.18046
2026-05-28 02:45:00+02:00,43093.60489300012,43605.37547
2026-05-28 03:00:00+02:00,43239.84983495705,44078.23682
2026-05-28 03:15:00+02:00,43285.50766174883,43929.21596
2026-05-28 03:30:00+02:00,43066.27335001522,44344.593
2026-05-28 03:45:00+02:00,43333.23955810617,44361.4745
2026-05-28 04:00:00+02:00,43846.90915967452,43949.85541
2026-05-28 04:15:00+02:00,43867.07459166885,44270.49299
2026-05-28 04:30:00+02:00,44158.04750157026,44670.24822
2026-05-28 04:45:00+02:00,44328.9283393992,45141.47457
2026-05-28 05:00:00+02:00,44709.81577272901,46170.60444
2026-05-28 05:15:00+02:00,44821.56139337729,46563.35568
2026-05-28 05:30:00+02:00,45491.492158832814,47020.96715
2026-05-28 05:45:00+02:00,46380.59397880716,48462.87573
2026-05-28 06:00:00+02:00,48820.22242674472,50776.13766
2026-05-28 06:15:00+02:00,50775.45946960913,52153.92402
2026-05-28 06:30:00+02:00,52506.933935904635,53480.09228
2026-05-28 06:45:00+02:00,54751.05212875232,54387.21098
2026-05-28 07:00:00+02:00,55493.974095962614,55279.83359
2026-05-28 07:15:00+02:00,56523.462503251096,56058.59814
2026-05-28 07:30:00+02:00,57237.49405574091,56796.61471
2026-05-28 07:45:00+02:00,57794.166888326145,57200.72829
2026-05-28 08:00:00+02:00,57533.41937836904,57044.33774
2026-05-28 08:15:00+02:00,57647.91063409404,57758.14252
2026-05-28 08:30:00+02:00,58178.5064082494,58421.36916
2026-05-28 08:45:00+02:00,58178.5064082494,58242.85082
2026-05-28 09:00:00+02:00,57622.508825476296,57204.07271
2026-05-28 09:15:00+02:00,57622.508825476296,56842.49928
2026-05-28 09:30:00+02:00,57622.508825476296,56861.51669
2026-05-28 09:45:00+02:00,57293.3994702926,57007.646
2026-05-28 10:00:00+02:00,57097.8483233334,56990.58922
2026-05-28 10:15:00+02:00,57096.73614412918,56763.45418
2026-05-28 10:30:00+02:00,56623.013673464004,56605.28786
2026-05-28 10:45:00+02:00,56609.03303848166,56078.20632
2026-05-28 11:00:00+02:00,56409.277744383115,56006.4852
2026-05-28 11:15:00+02:00,56906.63452443581,55233.05406
2026-05-28 11:30:00+02:00,57126.382309956,55539.90408
2026-05-28 11:45:00+02:00,56921.07655309853,55689.73545
2026-05-28 12:00:00+02:00,56468.47360582474,55370.1142
2026-05-28 12:15:00+02:00,55505.13024182563,55345.59764
2026-05-28 12:30:00+02:00,55502.15298231349,55144.79016
2026-05-28 12:45:00+02:00,56292.68348108611,55014.81918
2026-05-28 13:00:00+02:00,56102.73522372162,54921.17062
2026-05-28 13:15:00+02:00,55294.153439438116,54710.7938
2026-05-28 13:30:00+02:00,53663.40524771525,54604.16555
2026-05-28 13:45:00+02:00,53394.164818152276,54028.11624
2026-05-28 14:00:00+02:00,52507.61166641459,53233.64354
2026-05-28 14:15:00+02:00,53220.67066170388,53038.44384
2026-05-28 14:30:00+02:00,52909.766185262204,52537.42478
2026-05-28 14:45:00+02:00,52909.766185262204,52162.40299
2026-05-28 15:00:00+02:00,52288.495604799864,52456.61581
2026-05-28 15:15:00+02:00,52085.434124369305,52367.20468
2026-05-28 15:30:00+02:00,52035.65656601895,51818.66293
2026-05-28 15:45:00+02:00,51477.51831295598,52022.52411
2026-05-28 16:00:00+02:00,52988.58775099557,52631.78876
2026-05-28 16:15:00+02:00,52466.88128982586,52759.59306
2026-05-28 16:30:00+02:00,51824.22817821773,52226.98703
2026-05-28 16:45:00+02:00,51477.33550382322,52551.96785
2026-05-28 17:00:00+02:00,52457.61121450641,52742.00446
2026-05-28 17:15:00+02:00,52798.63051733644,53243.85353
2026-05-28 17:30:00+02:00,53734.54038680936,54043.3042
2026-05-28 17:45:00+02:00,53904.88351811888,54236.08766
2026-05-28 18:00:00+02:00,56469.53072545272,54364.85524
2026-05-28 18:15:00+02:00,56775.4890104056,54532.92824
2026-05-28 18:30:00+02:00,56829.65966633239,54967.00313
2026-05-28 18:45:00+02:00,56986.89163631935,55790.39981
2026-05-28 19:00:00+02:00,57092.03290940223,56507.70482
2026-05-28 19:15:00+02:00,56988.47148300308,56732.27218
2026-05-28 19:30:00+02:00,57051.040124416715,56984.05922
2026-05-28 19:45:00+02:00,56965.13829193449,56815.78843
2026-05-28 20:00:00+02:00,56954.8901586595,56498.9197
2026-05-28 20:15:00+02:00,56794.587451399035,56037.29781
2026-05-28 20:30:00+02:00,56628.18591561688,55268.54981
2026-05-28 20:45:00+02:00,54470.778326933105,54592.41992
2026-05-28 21:00:00+02:00,54278.34511481894,53993.49113
2026-05-28 21:15:00+02:00,53822.66209416252,53876.58346
2026-05-28 21:30:00+02:00,53785.91517319124,53447.59518
2026-05-28 21:45:00+02:00,52363.507948191196,53347.98263
2026-05-28 22:00:00+02:00,51047.03014966984,52230.61564
2026-05-28 22:15:00+02:00,50737.7327923158,52112.29258
2026-05-28 22:30:00+02:00,50576.130990189245,51415.1835
2026-05-28 22:45:00+02:00,49553.928510108126,50954.30675
2026-05-28 23:00:00+02:00,48681.42071505143,49775.16167
2026-05-28 23:15:00+02:00,47687.712879417246,49430.53008
2026-05-28 23:30:00+02:00,47006.613705101576,48846.2799
2026-05-28 23:45:00+02:00,46887.021660955426,47774.80483
2026-05-29 00:00:00+02:00,44775.25265692693,46917.73329
2026-05-29 00:15:00+02:00,44457.36159124301,46381.36601
2026-05-29 00:30:00+02:00,44304.80487403628,46089.15766
2026-05-29 00:45:00+02:00,44038.76437129794,45861.45459
2026-05-29 01:00:00+02:00,43141.11462258375,45498.10537
2026-05-29 01:15:00+02:00,43045.08668714204,45027.9261
2026-05-29 01:30:00+02:00,42759.377554711005,44414.76379
2026-05-29 01:45:00+02:00,42680.602034863594,44026.99325
2026-05-29 02:00:00+02:00,42442.86327648236,44133.80893
2026-05-29 02:15:00+02:00,42407.530351216534,44305.27677
2026-05-29 02:30:00+02:00,42565.0052944742,44085.97977
2026-05-29 02:45:00+02:00,42588.05523412719,43976.90168
2026-05-29 03:00:00+02:00,42696.61475011671,43870.37981
2026-05-29 03:15:00+02:00,42711.827872225775,43883.63168
2026-05-29 03:30:00+02:00,42717.18012482275,44208.92801
2026-05-29 03:45:00+02:00,42751.51689687206,44469.42583
2026-05-29 04:00:00+02:00,43254.669334552476,44686.79319
2026-05-29 04:15:00+02:00,43485.705335462866,45255.59945
2026-05-29 04:30:00+02:00,44222.13970713803,45789.86262
2026-05-29 04:45:00+02:00,44539.52649406552,46239.51843
2026-05-29 05:00:00+02:00,44784.061529889994,46856.58207
2026-05-29 05:15:00+02:00,45320.979911942966,46908.74708
2026-05-29 05:30:00+02:00,45695.252165944556,47831.91804
2026-05-29 05:45:00+02:00,46625.920155438,49139.21746
2026-05-29 06:00:00+02:00,48921.21990055149,51873.83116
2026-05-29 06:15:00+02:00,50222.454965201454,53907.60481
2026-05-29 06:30:00+02:00,51678.86146130069,54639.48298
2026-05-29 06:45:00+02:00,53092.279953222125,55550.8567
2026-05-29 07:00:00+02:00,53900.242775012455,56315.39057
2026-05-29 07:15:00+02:00,56329.09441029101,57248.6342
2026-05-29 07:30:00+02:00,56339.5814712381,57933.88964
2026-05-29 07:45:00+02:00,57190.978219897814,58654.76634
2026-05-29 08:00:00+02:00,56464.26328762953,59112.38915
2026-05-29 08:15:00+02:00,56670.88471598698,59172.79221
2026-05-29 08:30:00+02:00,56662.92963511535,59105.59117
2026-05-29 08:45:00+02:00,56657.629597956955,58334.13704
2026-05-29 09:00:00+02:00,56457.16267911609,58058.47914
2026-05-29 09:15:00+02:00,56285.29873408565,58042.73311
2026-05-29 09:30:00+02:00,55975.165348958704,57627.53706
2026-05-29 09:45:00+02:00,56353.03564470337,58071.53999
2026-05-29 10:00:00+02:00,55143.34257950317,58308.54978
2026-05-29 10:15:00+02:00,55214.8857020377,58105.24781
2026-05-29 10:30:00+02:00,55962.71613159895,57674.40848
2026-05-29 10:45:00+02:00,55903.21029975484,57369.01598
2026-05-29 11:00:00+02:00,55667.8169635903,56862.25111
2026-05-29 11:15:00+02:00,55858.4438187459,56404.64597
2026-05-29 11:30:00+02:00,55951.58545700413,56971.78446
2026-05-29 11:45:00+02:00,56231.78637511197,57473.85641
2026-05-29 12:00:00+02:00,55448.141735489335,56806.83389
2026-05-29 12:15:00+02:00,54646.989564890784,56373.37068
2026-05-29 12:30:00+02:00,54661.11674710455,56580.63665
2026-05-29 12:45:00+02:00,54239.345542798845,55312.44993
2026-05-29 13:00:00+02:00,53684.71840070768,55793.83079
2026-05-29 13:15:00+02:00,53387.03562331268,55499.3967
2026-05-29 13:30:00+02:00,53092.63517031351,54847.31994
2026-05-29 13:45:00+02:00,52193.44991666474,53182.5489
2026-05-29 14:00:00+02:00,50754.29922783528,53503.87699
2026-05-29 14:15:00+02:00,50252.068393419395,53032.02746
2026-05-29 14:30:00+02:00,50066.06700575801,52454.02449
2026-05-29 14:45:00+02:00,49462.12094109696,52670.55079
2026-05-29 15:00:00+02:00,49297.38546410493,53129.30071
2026-05-29 15:15:00+02:00,48949.28913207078,52990.09416
2026-05-29 15:30:00+02:00,48789.94392474304,53351.41179
2026-05-29 15:45:00+02:00,48648.90322758176,53566.42893
2026-05-29 16:00:00+02:00,49647.96172033442,54204.85772
2026-05-29 16:15:00+02:00,48961.29550101927,54062.42356
2026-05-29 16:30:00+02:00,48978.70097445099,53899.29367
2026-05-29 16:45:00+02:00,48800.07022174054,54232.50646
2026-05-29 17:00:00+02:00,49702.73134013033,54634.27713
2026-05-29 17:15:00+02:00,50089.01669346333,54041.03063
2026-05-29 17:30:00+02:00,50545.60318057785,54009.52488
2026-05-29 17:45:00+02:00,50565.983659810794,54153.32701
2026-05-29 18:00:00+02:00,51317.58348085716,54972.19753
2026-05-29 18:15:00+02:00,52223.3456448994,55904.39734
2026-05-29 18:30:00+02:00,52597.528498475906,55912.26745
2026-05-29 18:45:00+02:00,53884.62308701532,56592.6878
2026-05-29 19:00:00+02:00,54661.686192650195,56976.84079
2026-05-29 19:15:00+02:00,54629.93180270356,56185.47214
2026-05-29 19:30:00+02:00,54426.75025841137,56141.27961
2026-05-29 19:45:00+02:00,54097.876099303474,56207.81847
2026-05-29 20:00:00+02:00,54214.71605606303,55341.40398
2026-05-29 20:15:00+02:00,53608.22711420471,56193.90289
2026-05-29 20:30:00+02:00,52509.39260425156,55373.35332
2026-05-29 20:45:00+02:00,51925.60593624688,54440.85358
2026-05-29 21:00:00+02:00,51773.81306692623,53631.80801
2026-05-29 21:15:00+02:00,51785.2385874581,53150.42472
2026-05-29 21:30:00+02:00,51885.08884003067,52891.22084
2026-05-29 21:45:00+02:00,51254.926287382244,52236.61852
2026-05-29 22:00:00+02:00,50216.44047513422,52166.99043
2026-05-29 22:15:00+02:00,49644.04938969556,51915.42589
2026-05-29 22:30:00+02:00,49267.14621062047,51106.32867
2026-05-29 22:45:00+02:00,48812.75532022666,49987.39739
2026-05-29 23:00:00+02:00,47733.95895815512,48749.18885
2026-05-29 23:15:00+02:00,47385.49129601839,47936.89459
2026-05-29 23:30:00+02:00,46983.02525535152,46850.17637
2026-05-29 23:45:00+02:00,46749.00504071801,45995.95714
2026-05-30 00:00:00+02:00,44014.31966450555,45315.13315
2026-05-30 00:15:00+02:00,43601.32689806344,45176.58407
2026-05-30 00:30:00+02:00,43158.29919836999,44553.70588
2026-05-30 00:45:00+02:00,42858.791702079325,43828.94158
2026-05-30 01:00:00+02:00,42116.816415030065,43655.32341
2026-05-30 01:15:00+02:00,41735.21810409449,42909.11192
2026-05-30 01:30:00+02:00,41278.84578467785,43047.70143
2026-05-30 01:45:00+02:00,41142.846930139625,43130.48613
2026-05-30 02:00:00+02:00,40755.238427191856,42462.72557
2026-05-30 02:15:00+02:00,40610.6225140802,42094.58427
2026-05-30 02:30:00+02:00,40513.10941373659,41704.20215
2026-05-30 02:45:00+02:00,40513.10941373659,41409.79128
2026-05-30 03:00:00+02:00,40474.210315475495,41377.99288
2026-05-30 03:15:00+02:00,40437.588941954724,41350.61784
2026-05-30 03:30:00+02:00,40437.588941954724,41204.03028
2026-05-30 03:45:00+02:00,40435.323822993436,41061.89048
2026-05-30 04:00:00+02:00,40590.93636596462,41254.60138
2026-05-30 04:15:00+02:00,40622.48355597639,41076.22964
2026-05-30 04:30:00+02:00,40648.24312873212,41146.0142
2026-05-30 04:45:00+02:00,40648.24312873212,41018.95043
2026-05-30 05:00:00+02:00,40792.81172007146,41241.42514
2026-05-30 05:15:00+02:00,40907.235126280095,41007.26953
2026-05-30 05:30:00+02:00,40914.50392799243,41286.02749
2026-05-30 05:45:00+02:00,41149.41023880358,41637.19525
2026-05-30 06:00:00+02:00,41967.84675335366,43061.94132
2026-05-30 06:15:00+02:00,42042.96724686083,43480.30189
2026-05-30 06:30:00+02:00,42264.90134492836,44405.97038
2026-05-30 06:45:00+02:00,42585.28454946032,43858.85413
2026-05-30 07:00:00+02:00,42456.41830217976,43734.25016
2026-05-30 07:15:00+02:00,42757.885415446595,44318.22088
2026-05-30 07:30:00+02:00,43567.75279533386,45137.37247
2026-05-30 07:45:00+02:00,43797.77037665163,45197.41956
2026-05-30 08:00:00+02:00,44343.6589805079,46057.02923
2026-05-30 08:15:00+02:00,44888.360432171,46514.16718
2026-05-30 08:30:00+02:00,45053.65263254302,46761.11461
2026-05-30 08:45:00+02:00,45440.64871615509,47223.44259
2026-05-30 09:00:00+02:00,45234.32733263132,47885.77303
2026-05-30 09:15:00+02:00,45272.38275571402,47568.77888
2026-05-30 09:30:00+02:00,45747.37338292828,47797.27572
2026-05-30 09:45:00+02:00,45765.08596747297,47389.67511
2026-05-30 10:00:00+02:00,45460.95434645759,46954.1051
2026-05-30 10:15:00+02:00,45576.86849350201,46889.88968
2026-05-30 10:30:00+02:00,45394.41661596111,46798.3359
2026-05-30 10:45:00+02:00,45439.27684122102,46648.24761
2026-05-30 11:00:00+02:00,45411.244109795494,46869.59229
2026-05-30 11:15:00+02:00,45774.48124149957,47170.8419
2026-05-30 11:30:00+02:00,46043.538267567776,47229.99493
2026-05-30 11:45:00+02:00,45758.69519823989,46272.65045
2026-05-30 12:00:00+02:00,45653.14453139364,46161.86995
2026-05-30 12:15:00+02:00,45653.14453139364,46376.77192
2026-05-30 12:30:00+02:00,46011.16408002057,46094.32788
2026-05-30 12:45:00+02:00,45226.798829744635,45659.61855
2026-05-30 13:00:00+02:00,45463.73178768226,45139.81872
2026-05-30 13:15:00+02:00,45273.72855246546,45032.95427
2026-05-30 13:30:00+02:00,45106.60285790483,44688.37632
2026-05-30 13:45:00+02:00,44090.73862169954,44403.85115
2026-05-30 14:00:00+02:00,43606.49541188463,44183.30284
2026-05-30 14:15:00+02:00,43591.734214941105,44217.79655
2026-05-30 14:30:00+02:00,43523.09162519612,42961.90881
2026-05-30 14:45:00+02:00,43222.71651215493,43369.92224
2026-05-30 15:00:00+02:00,43429.48213803213,43573.07819
2026-05-30 15:15:00+02:00,43051.09200434983,43265.24777
2026-05-30 15:30:00+02:00,42720.47070839104,42715.90717
2026-05-30 15:45:00+02:00,43032.812939065574,42809.20346
2026-05-30 16:00:00+02:00,42973.91848449154,42764.62858
2026-05-30 16:15:00+02:00,42630.85041656265,42712.76745
2026-05-30 16:30:00+02:00,42432.76812895976,42890.93469
2026-05-30 16:45:00+02:00,42148.02680144543,43602.43133
2026-05-30 17:00:00+02:00,43180.99872636731,43854.02437
2026-05-30 17:15:00+02:00,43389.49558687036,44235.22775
2026-05-30 17:30:00+02:00,44064.91924707733,45062.45556
2026-05-30 17:45:00+02:00,44269.468070957846,45731.74476
2026-05-30 18:00:00+02:00,45060.16169750842,46067.93585
2026-05-30 18:15:00+02:00,45547.674430198786,45752.85603
2026-05-30 18:30:00+02:00,45968.65299573677,46685.34267
2026-05-30 18:45:00+02:00,46412.63314635057,47356.7163
2026-05-30 19:00:00+02:00,46846.66273570417,48690.23822
2026-05-30 19:15:00+02:00,46751.94473876682,48489.39892
2026-05-30 19:30:00+02:00,46723.2808835779,48870.71498
2026-05-30 19:45:00+02:00,46699.62536398817,48465.38363
2026-05-30 20:00:00+02:00,47122.045602847706,48860.8041
2026-05-30 20:15:00+02:00,46625.671758919496,48764.66201
2026-05-30 20:30:00+02:00,46280.559967969886,48024.30064
2026-05-30 20:45:00+02:00,45882.51142821794,47375.75248
2026-05-30 21:00:00+02:00,45922.192291505715,47571.17812
2026-05-30 21:15:00+02:00,45922.192291505715,46948.37383
2026-05-30 21:30:00+02:00,45804.681123831295,46861.07624
2026-05-30 21:45:00+02:00,45707.27578608327,47108.43492
2026-05-30 22:00:00+02:00,45919.61623253861,46784.5282
2026-05-30 22:15:00+02:00,45793.30236048584,46126.7808
2026-05-30 22:30:00+02:00,44966.33123559612,45407.44664
2026-05-30 22:45:00+02:00,44630.542773746194,45088.39905
2026-05-30 23:00:00+02:00,44224.50976766505,44660.68464
2026-05-30 23:15:00+02:00,43822.16038812623,43884.38869
2026-05-30 23:30:00+02:00,42932.93387714626,42848.47366
2026-05-30 23:45:00+02:00,42783.91182067948,42609.09071
2026-05-31 00:00:00+02:00,41017.60849326067,41483.37131
2026-05-31 00:15:00+02:00,40759.41337068447,41059.61718
2026-05-31 00:30:00+02:00,40475.38417790492,40302.28884
2026-05-31 00:45:00+02:00,40297.76875315083,40027.17786
2026-05-31 01:00:00+02:00,39764.25094205179,39696.93526
2026-05-31 01:15:00+02:00,39363.04803956873,39190.46555
2026-05-31 01:30:00+02:00,39211.00330856255,38544.9217
2026-05-31 01:45:00+02:00,38932.49376786968,38235.73684
2026-05-31 02:00:00+02:00,38931.34842701482,37887.73902
2026-05-31 02:15:00+02:00,38772.173564454206,37708.34908
2026-05-31 02:30:00+02:00,38722.231282003566,37680.29927
2026-05-31 02:45:00+02:00,38720.08867249377,37681.08215
2026-05-31 03:00:00+02:00,38783.663881113185,37492.68444
2026-05-31 03:15:00+02:00,38707.18171923453,37553.99479
2026-05-31 03:30:00+02:00,38708.95030584866,37612.02004
2026-05-31 03:45:00+02:00,38720.415419254256,37496.60751
2026-05-31 04:00:00+02:00,38728.72632662091,37798.91897
2026-05-31 04:15:00+02:00,38729.816403507124,37531.62095
2026-05-31 04:30:00+02:00,38733.2568212562,37400.38192
2026-05-31 04:45:00+02:00,38733.2568212562,37610.64107
2026-05-31 05:00:00+02:00,38776.33031847045,37286.92388
2026-05-31 05:15:00+02:00,38786.52729357871,37592.14894
2026-05-31 05:30:00+02:00,38770.62444487579,37237.0105
2026-05-31 05:45:00+02:00,38770.62444487579,37578.31197
2026-05-31 06:00:00+02:00,38949.003723857815,38158.43019
2026-05-31 06:15:00+02:00,39141.30676940106,38240.55803
2026-05-31 06:30:00+02:00,39227.503872788504,38536.93389
2026-05-31 06:45:00+02:00,39282.41779001205,38588.57013
2026-05-31 07:00:00+02:00,39782.227879601465,38710.84719
2026-05-31 07:15:00+02:00,40082.39275845074,38687.9602
2026-05-31 07:30:00+02:00,40879.957424039865,38358.00613
2026-05-31 07:45:00+02:00,41236.269353188574,39081.20245
2026-05-31 08:00:00+02:00,41424.25093250661,39360.98194
2026-05-31 08:15:00+02:00,41711.19988381732,40027.36791
2026-05-31 08:30:00+02:00,41896.13427039026,40714.15098
2026-05-31 08:45:00+02:00,42007.43300911354,41310.09117
2026-05-31 09:00:00+02:00,41995.1346545538,41522.32124
2026-05-31 09:15:00+02:00,42023.05596784921,42495.81266
2026-05-31 09:30:00+02:00,42284.70152473499,43340.9264
2026-05-31 09:45:00+02:00,42330.67584994073,43624.08113
2026-05-31 10:00:00+02:00,42914.34417992351,44271.46998
2026-05-31 10:15:00+02:00,42881.49308559972,44561.09092
2026-05-31 10:30:00+02:00,42764.12370556169,45293.12053
2026-05-31 10:45:00+02:00,43200.51366889554,46481.05099
2026-05-31 11:00:00+02:00,43765.888244821974,46270.70809
2026-05-31 11:15:00+02:00,44168.534154310895,46550.25679
2026-05-31 11:30:00+02:00,44260.877668585,46818.94525
2026-05-31 11:45:00+02:00,44197.332205609426,46915.83859
2026-05-31 12:00:00+02:00,43635.31117089316,45781.8974
2026-05-31 12:15:00+02:00,43762.32977789298,45038.29366
2026-05-31 12:30:00+02:00,43637.07390843935,44900.93322
2026-05-31 12:45:00+02:00,43478.778349211614,44800.47575
2026-05-31 13:00:00+02:00,43156.85929721696,44366.09337
2026-05-31 13:15:00+02:00,42957.44705773343,43300.24609
2026-05-31 13:30:00+02:00,42549.498131257766,42383.92517
2026-05-31 13:45:00+02:00,42243.13626360851,41856.03896
2026-05-31 14:00:00+02:00,42274.83962111287,41455.78255
2026-05-31 14:15:00+02:00,42216.58006572804,41575.60547
2026-05-31 14:30:00+02:00,42154.55114612032,41092.55823
2026-05-31 14:45:00+02:00,42004.9864703448,42077.64584
2026-05-31 15:00:00+02:00,42052.96692197663,42259.64713
2026-05-31 15:15:00+02:00,42036.75199199079,41697.45318
2026-05-31 15:30:00+02:00,42013.77003810631,41471.90213
2026-05-31 15:45:00+02:00,42044.666755011785,41786.24955
2026-05-31 16:00:00+02:00,42235.16911241006,42835.78549
2026-05-31 16:15:00+02:00,42247.96674500019,41899.7909
2026-05-31 16:30:00+02:00,42218.74414278596,42017.44728
2026-05-31 16:45:00+02:00,42240.81422128239,42390.70148
2026-05-31 17:00:00+02:00,42950.44235952411,42987.64548
2026-05-31 17:15:00+02:00,42975.04127663368,43191.96719
2026-05-31 17:30:00+02:00,43322.06436087033,43222.45131
2026-05-31 17:45:00+02:00,43883.791040954566,44347.07108
2026-05-31 18:00:00+02:00,44792.680031849726,45827.41704
2026-05-31 18:15:00+02:00,45254.75270904301,46585.75782
2026-05-31 18:30:00+02:00,46068.13711579865,47775.23715
2026-05-31 18:45:00+02:00,46506.32726205608,47967.89256
2026-05-31 19:00:00+02:00,46548.61359313427,48361.34782
2026-05-31 19:15:00+02:00,47177.40566849841,48004.32204
2026-05-31 19:30:00+02:00,47370.16592218154,48369.38197
2026-05-31 19:45:00+02:00,47367.839965203086,48310.2344
2026-05-31 20:00:00+02:00,47644.10264652049,48298.69831
2026-05-31 20:15:00+02:00,47601.02664494548,47812.44733
2026-05-31 20:30:00+02:00,47363.75603380043,47847.74949
2026-05-31 20:45:00+02:00,46682.268462859734,47512.60304
2026-05-31 21:00:00+02:00,46867.546222198456,47135.37466
2026-05-31 21:15:00+02:00,46972.768754259094,46850.95511
2026-05-31 21:30:00+02:00,46973.91671805427,47019.92989
2026-05-31 21:45:00+02:00,46970.54696819127,46981.39646
2026-05-31 22:00:00+02:00,46625.38507525157,46640.62951
2026-05-31 22:15:00+02:00,46250.44339381664,46223.39574
2026-05-31 22:30:00+02:00,45994.34164960874,45971.8662
2026-05-31 22:45:00+02:00,45346.13888687614,45101.03049
2026-05-31 23:00:00+02:00,44890.016135762664,44041.57155
2026-05-31 23:15:00+02:00,44433.994308412686,43494.23428
2026-05-31 23:30:00+02:00,43389.73415071474,42648.25583
2026-05-31 23:45:00+02:00,43242.910503713756,42247.01718
2026-06-01 00:00:00+02:00,42524.178838469285,42039.28684
2026-06-01 00:15:00+02:00,42284.78285488851,40877.03698
2026-06-01 00:30:00+02:00,42195.08831558507,40833.22697
2026-06-01 00:45:00+02:00,42024.91748909731,40467.27302
2026-06-01 01:00:00+02:00,41194.30437698559,40082.8562
2026-06-01 01:15:00+02:00,40885.86775508621,39959.21378
2026-06-01 01:30:00+02:00,40674.7707028419,39676.26191
2026-06-01 01:45:00+02:00,40649.87521846847,39287.30995
2026-06-01 02:00:00+02:00,40561.02063123121,39138.3535
2026-06-01 02:15:00+02:00,40532.92385608582,39027.43756
2026-06-01 02:30:00+02:00,40511.93599747033,39305.83816
2026-06-01 02:45:00+02:00,40507.426396076684,39591.29558
2026-06-01 03:00:00+02:00,40486.427728542694,39917.83081
2026-06-01 03:15:00+02:00,40396.28504886223,40206.58075
2026-06-01 03:30:00+02:00,40486.427728542694,40134.14577
2026-06-01 03:45:00+02:00,40520.31145674654,40235.75646
2026-06-01 04:00:00+02:00,40791.402256765665,40834.5616
2026-06-01 04:15:00+02:00,40895.016106813564,41110.2672
2026-06-01 04:30:00+02:00,40841.85687851535,41372.79434
2026-06-01 04:45:00+02:00,40972.978014170694,41751.41676
2026-06-01 05:00:00+02:00,41898.048306836274,42979.82177
2026-06-01 05:15:00+02:00,42069.37304442033,43679.50097
2026-06-01 05:30:00+02:00,42429.14331710418,44421.90292
2026-06-01 05:45:00+02:00,43136.07887433086,45916.79776
2026-06-01 06:00:00+02:00,45525.78363779026,48322.08739
2026-06-01 06:15:00+02:00,48327.802824155006,50271.35709
2026-06-01 06:30:00+02:00,48983.13455132873,51840.45485
2026-06-01 06:45:00+02:00,50254.696471707764,53096.82483
2026-06-01 07:00:00+02:00,52181.34964093689,54437.65192
2026-06-01 07:15:00+02:00,52391.08403648212,55612.71543
2026-06-01 07:30:00+02:00,55167.10453608683,56319.32679
2026-06-01 07:45:00+02:00,56500.46557004983,57327.585
2026-06-01 08:00:00+02:00,57204.2861737047,57265.5947
2026-06-01 08:15:00+02:00,57944.995374624916,58082.58657
2026-06-01 08:30:00+02:00,58159.64384117186,58460.48103
2026-06-01 08:45:00+02:00,58215.94360775163,58294.90394
2026-06-01 09:00:00+02:00,58085.35857481928,57277.03117
2026-06-01 09:15:00+02:00,57996.616428183705,57240.41855
2026-06-01 09:30:00+02:00,58255.95238380646,57748.58346
2026-06-01 09:45:00+02:00,58258.26305776906,58118.90735
2026-06-01 10:00:00+02:00,57750.56470912681,57197.86731
2026-06-01 10:15:00+02:00,58025.71173241788,56520.63826
2026-06-01 10:30:00+02:00,58039.395787528934,56784.71316
2026-06-01 10:45:00+02:00,58026.13937302765,56589.13869
2026-06-01 11:00:00+02:00,58154.43686556659,56640.67859
2026-06-01 11:15:00+02:00,58530.198247916116,56885.37933
2026-06-01 11:30:00+02:00,58870.6872671438,56865.22296
2026-06-01 11:45:00+02:00,58870.6872671438,56474.39393
2026-06-01 12:00:00+02:00,58932.53352558774,56431.33898
2026-06-01 12:15:00+02:00,58832.656299371614,56575.44197
2026-06-01 12:30:00+02:00,58786.470576279164,55712.12911
2026-06-01 12:45:00+02:00,58745.42264254784,55264.17264
2026-06-01 13:00:00+02:00,58543.0254006053,54428.47845
2026-06-01 13:15:00+02:00,58441.40964300521,55089.49491
2026-06-01 13:30:00+02:00,58101.48915322346,55632.63698
2026-06-01 13:45:00+02:00,57280.10864696393,55066.60434
2026-06-01 14:00:00+02:00,57130.01165304388,54842.78013
2026-06-01 14:15:00+02:00,56765.193768136545,54662.56708
2026-06-01 14:30:00+02:00,56515.62113059768,54451.93802
2026-06-01 14:45:00+02:00,55968.13666798837,54509.21642
2026-06-01 15:00:00+02:00,56496.23396594912,54250.01637
2026-06-01 15:15:00+02:00,56516.5459195846,53890.46398
2026-06-01 15:30:00+02:00,56376.518153579185,53995.72521
2026-06-01 15:45:00+02:00,56536.06236844238,53644.88836
2026-06-01 16:00:00+02:00,56275.699532826045,53329.84059
2026-06-01 16:15:00+02:00,56026.93402498621,53689.65964
2026-06-01 16:30:00+02:00,55730.62517161402,54247.02762
2026-06-01 16:45:00+02:00,55743.214462396914,54221.06487
2026-06-01 17:00:00+02:00,56509.81431500508,54305.616
2026-06-01 17:15:00+02:00,56898.11412844185,54959.76892
2026-06-01 17:30:00+02:00,57099.784510839876,55659.73996
2026-06-01 17:45:00+02:00,57492.052112006524,55445.61287
2026-06-01 18:00:00+02:00,57709.18046314331,56696.99391
2026-06-01 18:15:00+02:00,57707.56415664167,56379.71396
2026-06-01 18:30:00+02:00,58048.626941489165,56863.03504
2026-06-01 18:45:00+02:00,58071.27796148453,57548.72856
2026-06-01 19:00:00+02:00,58118.20577916171,58162.47501
2026-06-01 19:15:00+02:00,58062.32172466096,57906.88971
2026-06-01 19:30:00+02:00,57772.41646924196,58215.78119
2026-06-01 19:45:00+02:00,57606.21857739022,57463.10535
2026-06-01 20:00:00+02:00,57110.414757772436,57186.25799
2026-06-01 20:15:00+02:00,57085.23529384809,56450.61294
2026-06-01 20:30:00+02:00,55626.40076805623,56402.4437
2026-06-01 20:45:00+02:00,54679.78962506621,55737.49453
2026-06-01 21:00:00+02:00,54504.140137985734,55379.86142
2026-06-01 21:15:00+02:00,54378.72844510985,54998.07428
2026-06-01 21:30:00+02:00,53538.07514131455,54933.8049
2026-06-01 21:45:00+02:00,52211.20243142944,54794.01634
2026-06-01 22:00:00+02:00,51488.99116792452,53581.73415
2026-06-01 22:15:00+02:00,51289.79916231249,53094.74963
2026-06-01 22:30:00+02:00,49830.22006512097,52694.10742
2026-06-01 22:45:00+02:00,48783.21989083958,52035.81122
2026-06-01 23:00:00+02:00,47396.60716834734,50479.27253
2026-06-01 23:15:00+02:00,46676.21418283594,50059.86352
2026-06-01 23:30:00+02:00,46514.61874395905,49635.10872
2026-06-01 23:45:00+02:00,45691.96304570136,49606.34333
2026-06-02 00:00:00+02:00,44988.32160869124,47727.68061
2026-06-02 00:15:00+02:00,44645.118442775536,47720.83052
2026-06-02 00:30:00+02:00,44556.17749931235,47724.53294
2026-06-02 00:45:00+02:00,44158.00010158632,47579.09556
2026-06-02 01:00:00+02:00,43790.789060459225,45853.37045
2026-06-02 01:15:00+02:00,43421.715116510066,45421.88343
2026-06-02 01:30:00+02:00,43474.526497005165,45038.52884
2026-06-02 01:45:00+02:00,43274.741834445595,45052.082
2026-06-02 02:00:00+02:00,43236.85896894427,44287.67725
2026-06-02 02:15:00+02:00,42730.34592465223,43974.19819
2026-06-02 02:30:00+02:00,43220.367129352504,44427.79028
2026-06-02 02:45:00+02:00,43216.30765392903,44447.19921
2026-06-02 03:00:00+02:00,43509.34493437292,44733.5443
2026-06-02 03:15:00+02:00,43688.95802554716,44957.36584
2026-06-02 03:30:00+02:00,43524.100037360346,44839.74955
2026-06-02 03:45:00+02:00,43745.543986930556,45186.17905
2026-06-02 04:00:00+02:00,44394.987939646744,45449.17119
2026-06-02 04:15:00+02:00,44414.61619290467,45405.71179
2026-06-02 04:30:00+02:00,44961.29780755899,45633.46186
2026-06-02 04:45:00+02:00,45256.12031293005,46204.8552
2026-06-02 05:00:00+02:00,45331.8963239629,47304.32997
2026-06-02 05:15:00+02:00,45560.31056858685,47621.84301
2026-06-02 05:30:00+02:00,46738.91783786983,48469.2676
2026-06-02 05:45:00+02:00,47498.01399617931,49287.57173
2026-06-02 06:00:00+02:00,52702.95552224019,51970.31465
2026-06-02 06:15:00+02:00,53845.1935555669,53655.44706
2026-06-02 06:30:00+02:00,55709.86652485381,55019.20728
2026-06-02 06:45:00+02:00,56955.2113132053,55921.35505
2026-06-02 07:00:00+02:00,58572.57691028928,56669.47719
2026-06-02 07:15:00+02:00,59886.18028804375,57903.09229
2026-06-02 07:30:00+02:00,60609.571331055224,58759.01306
2026-06-02 07:45:00+02:00,60801.00112166141,58857.95537
2026-06-02 08:00:00+02:00,60665.00037047079,58477.13359
2026-06-02 08:15:00+02:00,61806.507753367754,59112.04874
2026-06-02 08:30:00+02:00,62339.183687617115,59553.25801
2026-06-02 08:45:00+02:00,62358.44260603335,59786.92834
2026-06-02 09:00:00+02:00,61991.78981959703,59329.86511
2026-06-02 09:15:00+02:00,61827.515469423095,59360.32867
2026-06-02 09:30:00+02:00,61833.73922293601,58622.42104
2026-06-02 09:45:00+02:00,61833.73922293601,58357.87741
2026-06-02 10:00:00+02:00,61546.44221709154,58105.92195
2026-06-02 10:15:00+02:00,62170.33155268328,58261.80773
2026-06-02 10:30:00+02:00,62266.73337607564,57627.02104
2026-06-02 10:45:00+02:00,62342.616934924816,58343.11339
2026-06-02 11:00:00+02:00,61962.38174320769,58307.17707
2026-06-02 11:15:00+02:00,62364.8864556149,58079.75722
2026-06-02 11:30:00+02:00,62199.7280279954,58126.34633
2026-06-02 11:45:00+02:00,62313.7263502329,58165.15011
2026-06-02 12:00:00+02:00,60524.85786181279,58079.16561
2026-06-02 12:15:00+02:00,61383.7598708952,57850.81317
2026-06-02 12:30:00+02:00,61270.09592582098,58771.27388
2026-06-02 12:45:00+02:00,61678.74343776653,58808.45741
2026-06-02 13:00:00+02:00,60261.51441353809,59059.95542
2026-06-02 13:15:00+02:00,59937.25189920479,58449.13114
2026-06-02 13:30:00+02:00,59944.141834898284,57651.92903
2026-06-02 13:45:00+02:00,59206.168779792555,57045.9464
2026-06-02 14:00:00+02:00,58380.12004796565,57434.92969
2026-06-02 14:15:00+02:00,58192.02836724795,56519.61675
2026-06-02 14:30:00+02:00,58192.02836724795,56684.70452
2026-06-02 14:45:00+02:00,58206.54004409291,56287.57716
2026-06-02 15:00:00+02:00,58273.853177412966,56736.57798
2026-06-02 15:15:00+02:00,58137.41156200304,56209.19324
2026-06-02 15:30:00+02:00,58289.23780899695,55245.82332
2026-06-02 15:45:00+02:00,58118.90171869104,55635.19541
2026-06-02 16:00:00+02:00,58058.57399701271,56874.2405
2026-06-02 16:15:00+02:00,58221.115660426614,56383.8094
2026-06-02 16:30:00+02:00,58379.02216872491,57152.17136
2026-06-02 16:45:00+02:00,58426.82998642473,57323.57588
2026-06-02 17:00:00+02:00,58076.202420864654,58085.43365
2026-06-02 17:15:00+02:00,58852.30539011615,57917.41423
2026-06-02 17:30:00+02:00,59266.73265820782,58967.77236
2026-06-02 17:45:00+02:00,60000.56675112929,59259.58812
2026-06-02 18:00:00+02:00,59453.51742894903,60220.4965
2026-06-02 18:15:00+02:00,60374.76762789048,60131.97533
2026-06-02 18:30:00+02:00,60349.84685456795,59737.33005
2026-06-02 18:45:00+02:00,60601.91025002319,59620.17175
2026-06-02 19:00:00+02:00,62870.52655167344,60577.43848
2026-06-02 19:15:00+02:00,62811.8179157372,60104.07584
2026-06-02 19:30:00+02:00,62563.69088499557,59549.05715
2026-06-02 19:45:00+02:00,62577.94406556181,59739.20758
2026-06-02 20:00:00+02:00,61917.17118282974,59466.66366
2026-06-02 20:15:00+02:00,59957.07377787271,59616.51128
2026-06-02 20:30:00+02:00,59223.792619709944,59438.03375
2026-06-02 20:45:00+02:00,59106.35887120122,58941.99513
2026-06-02 21:00:00+02:00,58114.22142331362,57565.6887
2026-06-02 21:15:00+02:00,58114.22142331362,56961.5269
2026-06-02 21:30:00+02:00,58234.59716327213,56198.6906
2026-06-02 21:45:00+02:00,57629.98757964646,56086.31195
2026-06-02 22:00:00+02:00,57111.22076048201,54793.9496
2026-06-02 22:15:00+02:00,56403.79875650535,53724.211
2026-06-02 22:30:00+02:00,55768.95795554107,52533.81041
2026-06-02 22:45:00+02:00,54439.86876813277,51921.11416
2026-06-02 23:00:00+02:00,52696.76670465237,51060.1218
2026-06-02 23:15:00+02:00,51440.24894149618,50033.75373
2026-06-02 23:30:00+02:00,50759.7624348347,49363.10706
2026-06-02 23:45:00+02:00,50777.2231868908,49064.3175
2026-06-03 00:00:00+02:00,47929.29220475146,47390.78468
2026-06-03 00:15:00+02:00,47471.51175487255,46665.82377
2026-06-03 00:30:00+02:00,46691.76435998163,46379.30148
2026-06-03 00:45:00+02:00,46477.30038325048,46222.10941
2026-06-03 01:00:00+02:00,46140.36283627406,45622.74743
2026-06-03 01:15:00+02:00,45875.22354019881,45262.798
2026-06-03 01:30:00+02:00,45431.89189113502,44604.862
2026-06-03 01:45:00+02:00,45171.30774869002,43891.956
2026-06-03 02:00:00+02:00,44697.32215544072,43772.0496
2026-06-03 02:15:00+02:00,44631.63133757456,43990.3907
2026-06-03 02:30:00+02:00,44622.565362074325,43897.78247
2026-06-03 02:45:00+02:00,44574.36699552513,43732.16789
2026-06-03 03:00:00+02:00,44901.432384224776,44161.62415
2026-06-03 03:15:00+02:00,44901.432384224776,44275.00215
2026-06-03 03:30:00+02:00,44672.463055815555,44183.51837
2026-06-03 03:45:00+02:00,44669.74123278188,44481.59395
2026-06-03 04:00:00+02:00,45145.227669163694,45108.64022
2026-06-03 04:15:00+02:00,45599.07652816107,45268.30633
2026-06-03 04:30:00+02:00,46320.28445378654,45936.17504
2026-06-03 04:45:00+02:00,46505.01870517455,46325.74758
2026-06-03 05:00:00+02:00,47085.72716568269,47424.31637
2026-06-03 05:15:00+02:00,47438.63254609455,47861.88531
2026-06-03 05:30:00+02:00,48024.90834820687,48707.61932
2026-06-03 05:45:00+02:00,50028.17155910331,50095.01687
2026-06-03 06:00:00+02:00,53149.7817453556,52591.26824
2026-06-03 06:15:00+02:00,55046.092152009005,54065.82153
2026-06-03 06:30:00+02:00,55826.14608645394,54766.05539
2026-06-03 06:45:00+02:00,56727.57313625361,55680.68172
2026-06-03 07:00:00+02:00,57822.86937591312,56471.77788
2026-06-03 07:15:00+02:00,59803.94839667335,57387.00672
2026-06-03 07:30:00+02:00,60794.69305939825,58435.53268
2026-06-03 07:45:00+02:00,62557.24290739573,59549.79967
2026-06-03 08:00:00+02:00,62646.673401921624,60266.35287
2026-06-03 08:15:00+02:00,62904.663878232066,60969.04186
2026-06-03 08:30:00+02:00,62953.725388852574,61768.44644
2026-06-03 08:45:00+02:00,62953.725388852574,61952.31036
2026-06-03 09:00:00+02:00,62776.67818244513,61586.36543
2026-06-03 09:15:00+02:00,62873.87902497599,61111.24346
2026-06-03 09:30:00+02:00,62873.72126664483,60963.34664
2026-06-03 09:45:00+02:00,62268.26492786614,60622.4432
2026-06-03 10:00:00+02:00,62207.380334268666,60167.54065
2026-06-03 10:15:00+02:00,62160.371034787335,60081.54012
2026-06-03 10:30:00+02:00,61798.86209333912,59727.47991
2026-06-03 10:45:00+02:00,61948.259290588525,59843.72013
2026-06-03 11:00:00+02:00,62173.6462126495,59769.81225
2026-06-03 11:15:00+02:00,62167.02528441481,59646.98645
2026-06-03 11:30:00+02:00,62165.14902021007,59700.19484
2026-06-03 11:45:00+02:00,62052.614866559445,58641.31964
2026-06-03 12:00:00+02:00,61436.61014689348,58141.58386
2026-06-03 12:15:00+02:00,61112.908697530096,58037.46203
2026-06-03 12:30:00+02:00,60325.057694477095,58135.51009
2026-06-03 12:45:00+02:00,60211.57212816508,57396.61822
2026-06-03 13:00:00+02:00,60035.717173841535,56517.03187
2026-06-03 13:15:00+02:00,59299.661374320334,56949.17669
2026-06-03 13:30:00+02:00,59003.219805728164,56136.68482
2026-06-03 13:45:00+02:00,58502.445131965054,55434.65371
2026-06-03 14:00:00+02:00,58424.771701014106,55695.89598
2026-06-03 14:15:00+02:00,58211.97340956783,55780.92511
2026-06-03 14:30:00+02:00,57919.68572234108,55837.88997
2026-06-03 14:45:00+02:00,57534.00965192028,55431.14449
2026-06-03 15:00:00+02:00,57860.223236029415,56236.15272
2026-06-03 15:15:00+02:00,57441.01956340583,55028.44044
2026-06-03 15:30:00+02:00,57347.98494947309,54590.3906
2026-06-03 15:45:00+02:00,57441.01956340583,54358.86386
2026-06-03 16:00:00+02:00,57636.20364535089,54889.42363
2026-06-03 16:15:00+02:00,57516.40097053228,54019.84821
2026-06-03 16:30:00+02:00,57340.21982137411,53262.59071
2026-06-03 16:45:00+02:00,57333.76557023671,53269.58912
2026-06-03 17:00:00+02:00,57464.34678233405,53075.96075
2026-06-03 17:15:00+02:00,57977.29160412365,53835.5436
2026-06-03 17:30:00+02:00,58244.51193883184,54228.5198
2026-06-03 17:45:00+02:00,58235.07539213269,55078.07338
2026-06-03 18:00:00+02:00,58470.87140453435,55095.88876
2026-06-03 18:15:00+02:00,58466.708270423245,55678.56783
2026-06-03 18:30:00+02:00,58824.31046760853,56372.47657
2026-06-03 18:45:00+02:00,60259.19326264452,57030.26967
2026-06-03 19:00:00+02:00,60787.807453132446,56769.08348
2026-06-03 19:15:00+02:00,60764.79431872618,56646.06814
2026-06-03 19:30:00+02:00,60777.06412547428,56240.74185
2026-06-03 19:45:00+02:00,60670.52379090778,55717.98284
2026-06-03 20:00:00+02:00,59810.28479823195,55512.20828
2026-06-03 20:15:00+02:00,59682.44024147988,55102.70807
2026-06-03 20:30:00+02:00,58489.110347764494,55292.81608
2026-06-03 20:45:00+02:00,57879.224450643786,55043.3016
2026-06-03 21:00:00+02:00,57198.063386580885,54524.30645
2026-06-03 21:15:00+02:00,57047.85304982435,54016.2264
2026-06-03 21:30:00+02:00,57047.85304982435,53353.25349
2026-06-03 21:45:00+02:00,56755.084352982194,52792.40581
2026-06-03 22:00:00+02:00,55681.31025158545,51662.78337
2026-06-03 22:15:00+02:00,54920.133814849956,50892.87941
2026-06-03 22:30:00+02:00,54421.28355762969,50655.84279
2026-06-03 22:45:00+02:00,54243.562777721985,49905.11943
2026-06-03 23:00:00+02:00,52017.592119220186,49007.66269
2026-06-03 23:15:00+02:00,51716.10127694981,48133.11758
2026-06-03 23:30:00+02:00,50762.24490106455,47493.23825
2026-06-03 23:45:00+02:00,50009.57941409787,47188.95056
2026-06-04 00:00:00+02:00,47725.29749642263,46134.55315
2026-06-04 00:15:00+02:00,47135.44295403557,45427.91016
2026-06-04 00:30:00+02:00,46862.09797916967,45387.80705
2026-06-04 00:45:00+02:00,46702.37924725068,45220.95337
2026-06-04 01:00:00+02:00,45890.828217066235,44460.22406
2026-06-04 01:15:00+02:00,45736.14317359759,44289.04744
2026-06-04 01:30:00+02:00,45127.479955205505,43589.07798
2026-06-04 01:45:00+02:00,44903.36456639971,43121.15647
2026-06-04 02:00:00+02:00,44406.79640289415,42632.73126
2026-06-04 02:15:00+02:00,44408.56228381563,41652.22628
2026-06-04 02:30:00+02:00,44412.679967596494,41792.33891
2026-06-04 02:45:00+02:00,44471.2543295213,41908.67413
2026-06-04 03:00:00+02:00,44961.885783200254,41941.66675
2026-06-04 03:15:00+02:00,44947.36621168746,42383.23881
2026-06-04 03:30:00+02:00,44960.15896481383,42446.352
2026-06-04 03:45:00+02:00,45090.384961052994,42133.74269
2026-06-04 04:00:00+02:00,45059.52037086256,42656.64774
2026-06-04 04:15:00+02:00,45106.845510605046,42716.06777
2026-06-04 04:30:00+02:00,45987.69722044833,42938.07882
2026-06-04 04:45:00+02:00,46602.99496081236,42858.41386
2026-06-04 05:00:00+02:00,46955.86878491893,43413.61752
2026-06-04 05:15:00+02:00,47312.94839525571,43453.10814
2026-06-04 05:30:00+02:00,47978.81750700405,43632.53793
2026-06-04 05:45:00+02:00,49352.678270205535,43436.05499
2026-06-04 06:00:00+02:00,51419.15784206159,44151.61048
2026-06-04 06:15:00+02:00,53316.29940972906,44615.81594
2026-06-04 06:30:00+02:00,54431.62548935479,44847.95175
2026-06-04 06:45:00+02:00,55442.81544605153,44964.03549
2026-06-04 07:00:00+02:00,56830.99674960263,44987.78132
2026-06-04 07:15:00+02:00,57402.430567216645,45512.56856
2026-06-04 07:30:00+02:00,58929.01588254416,46353.10591
2026-06-04 07:45:00+02:00,59764.32967402042,46654.91824
2026-06-04 08:00:00+02:00,59642.00982058064,46845.41994
2026-06-04 08:15:00+02:00,60078.593803555974,47818.01695
2026-06-04 08:30:00+02:00,60339.38330266878,48680.09733
2026-06-04 08:45:00+02:00,60529.05362980565,49328.40276
2026-06-04 09:00:00+02:00,60253.85766624512,49889.33003
2026-06-04 09:15:00+02:00,60103.749938756,50011.53448
2026-06-04 09:30:00+02:00,60002.04449850822,51432.95534
2026-06-04 09:45:00+02:00,59584.120394277394,52125.99685
2026-06-04 10:00:00+02:00,59499.95570400838,51787.79482
2026-06-04 10:15:00+02:00,59499.95570400838,52258.00032
2026-06-04 10:30:00+02:00,59520.88991731256,52599.05253
2026-06-04 10:45:00+02:00,58574.921358167034,52686.44034
2026-06-04 11:00:00+02:00,58798.47897974596,53044.32076
2026-06-04 11:15:00+02:00,58592.34944912547,53144.36378
2026-06-04 11:30:00+02:00,58899.75305710125,53506.61233
2026-06-04 11:45:00+02:00,58899.75305710125,53055.2718
2026-06-04 12:00:00+02:00,59311.083184435774,53246.81132
2026-06-04 12:15:00+02:00,58799.89607487661,52899.3824
2026-06-04 12:30:00+02:00,58436.71326859233,52395.90053
2026-06-04 12:45:00+02:00,58433.10350746896,51744.31942
2026-06-04 13:00:00+02:00,58901.34828881214,51351.91425
2026-06-04 13:15:00+02:00,58147.76308017943,51418.21479
2026-06-04 13:30:00+02:00,57468.29269157529,51323.24109
2026-06-04 13:45:00+02:00,57296.89647151885,51585.10706
2026-06-04 14:00:00+02:00,57519.197242057075,50100.14072
2026-06-04 14:15:00+02:00,57151.55731509909,50407.91089
2026-06-04 14:30:00+02:00,57104.787861902696,50332.74126
2026-06-04 14:45:00+02:00,56946.02578278738,49993.12046
2026-06-04 15:00:00+02:00,56508.79198771279,49423.08447
2026-06-04 15:15:00+02:00,56323.3939096439,49323.95629
2026-06-04 15:30:00+02:00,56273.58827348136,49097.34756
2026-06-04 15:45:00+02:00,56089.38730963472,48657.72766
2026-06-04 16:00:00+02:00,56498.52724930489,49068.83315
2026-06-04 16:15:00+02:00,56456.32635745439,49957.1208
2026-06-04 16:30:00+02:00,56277.44411208539,49783.19675
2026-06-04 16:45:00+02:00,56344.27176534739,50044.66529
2026-06-04 17:00:00+02:00,56225.08245572527,50010.89873
2026-06-04 17:15:00+02:00,56720.25989696194,50264.7102
2026-06-04 17:30:00+02:00,56832.10487407008,50473.21821
2026-06-04 17:45:00+02:00,57069.46941547545,51134.3336
2026-06-04 18:00:00+02:00,57304.62291961349,50923.84642
2026-06-04 18:15:00+02:00,57396.89652669379,50875.88644
2026-06-04 18:30:00+02:00,57618.995058845496,51099.67847
2026-06-04 18:45:00+02:00,57979.11378250229,50981.60896
2026-06-04 19:00:00+02:00,58237.24543792562,51733.98178
2026-06-04 19:15:00+02:00,59077.10970719256,52183.74535
2026-06-04 19:30:00+02:00,59082.080111731724,51776.66768
2026-06-04 19:45:00+02:00,58944.92654714902,50776.50006
2026-06-04 20:00:00+02:00,57523.26668945476,50826.8994
2026-06-04 20:15:00+02:00,56768.333864289685,50456.35363
2026-06-04 20:30:00+02:00,56352.201144789484,49603.84568
2026-06-04 20:45:00+02:00,55436.44483673314,49008.99526
2026-06-04 21:00:00+02:00,55162.63382912481,48369.63219
2026-06-04 21:15:00+02:00,55117.59029081516,48255.71854
2026-06-04 21:30:00+02:00,54892.20420119084,48235.67053
2026-06-04 21:45:00+02:00,54753.019252236794,48245.37594
2026-06-04 22:00:00+02:00,53749.51559306444,48348.82812
2026-06-04 22:15:00+02:00,53377.93483184586,48569.10253
2026-06-04 22:30:00+02:00,53018.37199780949,48071.63239
2026-06-04 22:45:00+02:00,52284.620989507406,47270.61519
2026-06-04 23:00:00+02:00,50377.07517645505,45958.21521
2026-06-04 23:15:00+02:00,49586.768689254684,45687.09854
2026-06-04 23:30:00+02:00,48696.439994813656,45033.89061
2026-06-04 23:45:00+02:00,48356.25653457652,44779.39072
2026-06-05 00:00:00+02:00,42803.33571312343,43472.71165
2026-06-05 00:15:00+02:00,42439.47382207978,43344.29896
2026-06-05 00:30:00+02:00,42286.00687730565,43491.89148
2026-06-05 00:45:00+02:00,41970.74596594024,43167.38469
2026-06-05 01:00:00+02:00,41478.72709144675,42284.69191
2026-06-05 01:15:00+02:00,40990.48489546686,41824.08039
2026-06-05 01:30:00+02:00,40363.13631006749,41644.20644
2026-06-05 01:45:00+02:00,40386.21764202883,41863.51909
2026-06-05 02:00:00+02:00,40205.08196789636,41764.54617
2026-06-05 02:15:00+02:00,40200.80749418884,41369.59164
2026-06-05 02:30:00+02:00,40160.71105916593,41225.20432
2026-06-05 02:45:00+02:00,40285.54866554443,40924.03377
2026-06-05 03:00:00+02:00,40150.79385961472,40722.57913
2026-06-05 03:15:00+02:00,40160.229612003444,40573.16777
2026-06-05 03:30:00+02:00,40057.27739991902,40029.32563
2026-06-05 03:45:00+02:00,40207.765532645884,39936.64931
2026-06-05 04:00:00+02:00,40500.49247884405,40484.3521
2026-06-05 04:15:00+02:00,41041.70546376603,40803.09106
2026-06-05 04:30:00+02:00,41108.01315103825,40796.88064
2026-06-05 04:45:00+02:00,41441.5988296381,41045.52767
2026-06-05 05:00:00+02:00,41988.696816617965,42247.00363
2026-06-05 05:15:00+02:00,42515.640458450645,42484.49866
2026-06-05 05:30:00+02:00,42901.506173326685,42840.70546
2026-06-05 05:45:00+02:00,44065.46695244933,44000.57177
2026-06-05 06:00:00+02:00,47252.85974929669,45938.67351
2026-06-05 06:15:00+02:00,48751.605029168226,46951.57611
2026-06-05 06:30:00+02:00,49760.637249209445,47796.5965
2026-06-05 06:45:00+02:00,50550.363954052984,48726.50312
2026-06-05 07:00:00+02:00,51156.650698501064,49879.93418
2026-06-05 07:15:00+02:00,52608.29561277025,51486.47743
2026-06-05 07:30:00+02:00,53601.28427619842,52093.46204
2026-06-05 07:45:00+02:00,54343.99764665783,52740.47976
2026-06-05 08:00:00+02:00,54728.349881001974,53105.69753
2026-06-05 08:15:00+02:00,54735.29410683244,54464.64487
2026-06-05 08:30:00+02:00,54815.725851796546,54536.74401
2026-06-05 08:45:00+02:00,54349.729465850054,53989.48408
2026-06-05 09:00:00+02:00,54221.236772752054,53990.41835
2026-06-05 09:15:00+02:00,53902.794134610675,54306.31932
2026-06-05 09:30:00+02:00,53844.30481180878,54710.06951
2026-06-05 09:45:00+02:00,54106.15447420921,55160.63271
2026-06-05 10:00:00+02:00,53457.272989370336,55574.49892
2026-06-05 10:15:00+02:00,53529.65694459171,55185.69761
2026-06-05 10:30:00+02:00,53850.12694715611,54672.6596
2026-06-05 10:45:00+02:00,53968.024660888215,54845.63749
2026-06-05 11:00:00+02:00,53622.95989345623,54612.67229
2026-06-05 11:15:00+02:00,53446.29396055765,54838.33957
2026-06-05 11:30:00+02:00,54022.72649753141,54459.68206
2026-06-05 11:45:00+02:00,53991.996675050184,54146.43708
2026-06-05 12:00:00+02:00,53678.08770590927,52962.85278
2026-06-05 12:15:00+02:00,53068.89582655091,52809.5141
2026-06-05 12:30:00+02:00,53297.34433916205,53044.39742
2026-06-05 12:45:00+02:00,52908.41738590865,53029.87601
2026-06-05 13:00:00+02:00,52833.37821879996,52477.46437
2026-06-05 13:15:00+02:00,52671.08162905733,52534.52945
2026-06-05 13:30:00+02:00,52139.26859040641,51776.37004
2026-06-05 13:45:00+02:00,51895.24301065836,50955.08588
2026-06-05 14:00:00+02:00,51374.57356149647,50524.08934
2026-06-05 14:15:00+02:00,51183.05821610937,50283.20012
2026-06-05 14:30:00+02:00,51055.75790511571,49932.7099
2026-06-05 14:45:00+02:00,51086.040554258456,49077.93142
2026-06-05 15:00:00+02:00,51159.96593466591,49457.51943
2026-06-05 15:15:00+02:00,50874.11856717761,49332.30885
2026-06-05 15:30:00+02:00,50813.682446277286,49850.82472
2026-06-05 15:45:00+02:00,50768.427496505814,49409.73389
2026-06-05 16:00:00+02:00,51205.56091698555,49058.2549
2026-06-05 16:15:00+02:00,51133.571913048436,48896.90158
2026-06-05 16:30:00+02:00,51102.05951778038,48796.22819
2026-06-05 16:45:00+02:00,51185.32818773647,49368.48329
2026-06-05 17:00:00+02:00,51666.90825244597,50146.27621
2026-06-05 17:15:00+02:00,51899.48403328323,49596.59761
2026-06-05 17:30:00+02:00,52047.51920150526,49733.05264
2026-06-05 17:45:00+02:00,52186.6584675458,50268.67375
2026-06-05 18:00:00+02:00,52470.46810878089,51629.08632
2026-06-05 18:15:00+02:00,53060.12717888609,51815.60934
2026-06-05 18:30:00+02:00,53154.49132740198,52223.37729
2026-06-05 18:45:00+02:00,53517.18906700599,52932.69825
2026-06-05 19:00:00+02:00,53976.9461270652,52780.11106
2026-06-05 19:15:00+02:00,53444.778439899674,52482.29344
2026-06-05 19:30:00+02:00,53283.96283487074,52898.53956
2026-06-05 19:45:00+02:00,52906.62055793752,52954.41895
2026-06-05 20:00:00+02:00,52505.09426723366,52678.09673
2026-06-05 20:15:00+02:00,52765.62448455995,52159.50853
2026-06-05 20:30:00+02:00,51963.113216993566,51633.92191
2026-06-05 20:45:00+02:00,51979.032168917794,50777.35093
2026-06-05 21:00:00+02:00,51787.26889566587,50392.55685
2026-06-05 21:15:00+02:00,51769.305910989,49618.7424
2026-06-05 21:30:00+02:00,51629.35068375702,49346.43634
2026-06-05 21:45:00+02:00,51349.0895865499,49552.75501
2026-06-05 22:00:00+02:00,51242.782456481145,48895.66804
2026-06-05 22:15:00+02:00,51202.648186102335,48752.8359
2026-06-05 22:30:00+02:00,50055.46005327709,47783.087
2026-06-05 22:45:00+02:00,48926.44333450802,47268.54713
2026-06-05 23:00:00+02:00,47294.51944337013,46192.28484
2026-06-05 23:15:00+02:00,46888.61676855977,45474.40693
2026-06-05 23:30:00+02:00,46015.85003191709,45146.55068
2026-06-05 23:45:00+02:00,45755.59893770459,44465.77014
2026-06-06 00:00:00+02:00,42447.7811201873,43504.58592
2026-06-06 00:15:00+02:00,42092.66643237702,43519.83969
2026-06-06 00:30:00+02:00,41153.77492370508,43262.71886
2026-06-06 00:45:00+02:00,40684.211723541535,42662.64823
2026-06-06 01:00:00+02:00,40221.42173547744,42134.52424
2026-06-06 01:15:00+02:00,39802.964576003375,41704.60918
2026-06-06 01:30:00+02:00,39616.16334161033,41572.30169
2026-06-06 01:45:00+02:00,39586.90525426543,41367.39726
2026-06-06 02:00:00+02:00,39382.87454544724,40659.86258
2026-06-06 02:15:00+02:00,39028.68372280072,40433.20805
2026-06-06 02:30:00+02:00,38723.04170467814,40494.43789
2026-06-06 02:45:00+02:00,38607.5732144242,40781.39498
2026-06-06 03:00:00+02:00,38396.36915328894,40407.00503
2026-06-06 03:15:00+02:00,38400.854668883476,40386.59098
2026-06-06 03:30:00+02:00,38405.04630369721,40774.56176
2026-06-06 03:45:00+02:00,38405.09956498007,40670.28959
2026-06-06 04:00:00+02:00,38675.720332009325,40455.30821
2026-06-06 04:15:00+02:00,38753.78083562134,39941.185
2026-06-06 04:30:00+02:00,38894.28503367498,39697.30225
2026-06-06 04:45:00+02:00,38956.40442505857,39679.99424
2026-06-06 05:00:00+02:00,38869.55553882114,40019.27172
2026-06-06 05:15:00+02:00,38997.76218863505,40052.73306
2026-06-06 05:30:00+02:00,38996.57128998023,40929.85371
2026-06-06 05:45:00+02:00,39244.566525182,41609.75787
2026-06-06 06:00:00+02:00,39999.28679047507,42245.88437
2026-06-06 06:15:00+02:00,40234.60779308409,43090.62162
2026-06-06 06:30:00+02:00,40450.129459913405,43090.86808
2026-06-06 06:45:00+02:00,40423.08278552204,42803.56772
2026-06-06 07:00:00+02:00,40575.34757242135,42594.76194
2026-06-06 07:15:00+02:00,40830.77033173626,43067.35913
2026-06-06 07:30:00+02:00,42268.43776100479,44107.37357
2026-06-06 07:45:00+02:00,42613.78369164164,44465.15147
2026-06-06 08:00:00+02:00,42887.006258482084,43672.14363
2026-06-06 08:15:00+02:00,43624.63658320011,44188.85996
2026-06-06 08:30:00+02:00,43967.09678346748,44754.46318
2026-06-06 08:45:00+02:00,44345.64721449612,45047.10164
2026-06-06 09:00:00+02:00,44131.56114150065,45038.55427
2026-06-06 09:15:00+02:00,43823.023978834266,45350.21566
2026-06-06 09:30:00+02:00,44032.43585225558,45874.12234
2026-06-06 09:45:00+02:00,44114.670456952284,45986.13774
2026-06-06 10:00:00+02:00,44155.487408540255,45063.26189
2026-06-06 10:15:00+02:00,44328.50367921397,45200.02989
2026-06-06 10:30:00+02:00,44031.4388783518,45737.54098
2026-06-06 10:45:00+02:00,44059.30946860918,45527.93875
2026-06-06 11:00:00+02:00,43880.80874437029,45256.49542
2026-06-06 11:15:00+02:00,44477.851258106464,45552.16685
2026-06-06 11:30:00+02:00,44539.181858341304,45732.79327
2026-06-06 11:45:00+02:00,44133.22651785343,45896.48671
2026-06-06 12:00:00+02:00,44084.85821483266,45834.79737
2026-06-06 12:15:00+02:00,44084.85821483266,45507.64769
2026-06-06 12:30:00+02:00,44045.42049939036,45629.80514
2026-06-06 12:45:00+02:00,43606.84530204809,45825.48492
2026-06-06 13:00:00+02:00,43642.76920205356,45171.61609
2026-06-06 13:15:00+02:00,43498.363182203684,44444.20366
2026-06-06 13:30:00+02:00,42761.85301115314,43970.0931
2026-06-06 13:45:00+02:00,42237.07412866757,43793.18807
2026-06-06 14:00:00+02:00,42190.751467992384,43721.20502
2026-06-06 14:15:00+02:00,42100.02781775773,42435.99506
2026-06-06 14:30:00+02:00,42100.02781775773,42027.75678
2026-06-06 14:45:00+02:00,41885.85522336538,42509.35058
2026-06-06 15:00:00+02:00,42077.433424030416,42725.91267
2026-06-06 15:15:00+02:00,41716.54649555934,41977.74848
2026-06-06 15:30:00+02:00,41625.7437534043,41898.5999
2026-06-06 15:45:00+02:00,41673.879291240875,42147.35333
2026-06-06 16:00:00+02:00,41750.976833922825,43064.00071
2026-06-06 16:15:00+02:00,41716.63811831366,43396.13777
2026-06-06 16:30:00+02:00,41550.158260428216,43053.45826
2026-06-06 16:45:00+02:00,41658.77258328177,43424.71237
2026-06-06 17:00:00+02:00,42539.354764210024,44186.51005
2026-06-06 17:15:00+02:00,43080.95350504713,44597.31121
2026-06-06 17:30:00+02:00,44018.288586740855,44881.97982
2026-06-06 17:45:00+02:00,44156.57952617586,46337.88998
2026-06-06 18:00:00+02:00,45148.074681332735,46712.07753
2026-06-06 18:15:00+02:00,45464.463619403476,47110.38961
2026-06-06 18:30:00+02:00,45750.19377829228,47389.64642
2026-06-06 18:45:00+02:00,46224.129847034565,48120.08005
2026-06-06 19:00:00+02:00,46399.23543546864,48194.00907
2026-06-06 19:15:00+02:00,46112.4382894409,48323.51441
2026-06-06 19:30:00+02:00,46273.322564325776,47934.02289
2026-06-06 19:45:00+02:00,45920.65120580194,47382.82456
2026-06-06 20:00:00+02:00,46098.80098037377,48302.40239
2026-06-06 20:15:00+02:00,45995.5665432411,47629.59412
2026-06-06 20:30:00+02:00,45203.71414534837,46958.29548
2026-06-06 20:45:00+02:00,45105.739869430894,46843.34627
2026-06-06 21:00:00+02:00,44592.047189939796,46445.70483
2026-06-06 21:15:00+02:00,44413.24331134084,46289.76329
2026-06-06 21:30:00+02:00,44366.934885700735,46433.57459
2026-06-06 21:45:00+02:00,44640.96759487745,47230.84797
2026-06-06 22:00:00+02:00,44224.83658931057,45596.28188
2026-06-06 22:15:00+02:00,44218.61731285652,44560.45439
2026-06-06 22:30:00+02:00,43651.48313983741,44389.59356
2026-06-06 22:45:00+02:00,43455.49045070881,43845.94962
2026-06-06 23:00:00+02:00,42433.24391355782,42314.23612
2026-06-06 23:15:00+02:00,41984.25641211781,41865.46423
2026-06-06 23:30:00+02:00,41379.48645916075,41150.67131
2026-06-06 23:45:00+02:00,41238.98226110711,40429.00466
2026-06-07 00:00:00+02:00,39861.43068845522,39468.72364
2026-06-07 00:15:00+02:00,39728.83471304266,39079.22441
2026-06-07 00:30:00+02:00,39451.43290480264,38882.3049
2026-06-07 00:45:00+02:00,39186.98827322251,38748.48398
2026-06-07 01:00:00+02:00,38798.72000094254,38588.18126
2026-06-07 01:15:00+02:00,38685.21724050834,38104.00413
2026-06-07 01:30:00+02:00,38373.72845870704,38263.41149
2026-06-07 01:45:00+02:00,38180.312577175806,37808.9012
2026-06-07 02:00:00+02:00,37983.63179817245,37731.42221
2026-06-07 02:15:00+02:00,37772.40217502846,37330.57335
2026-06-07 02:30:00+02:00,37659.84555078364,36832.71769
2026-06-07 02:45:00+02:00,37615.393147688046,36863.11282
2026-06-07 03:00:00+02:00,37835.427928767625,36589.7012
2026-06-07 03:15:00+02:00,37835.427928767625,36366.01795
2026-06-07 03:30:00+02:00,37800.40544694593,36360.00163
2026-06-07 03:45:00+02:00,37800.6875259195,36172.88081
2026-06-07 04:00:00+02:00,37610.33444012735,36661.70727
2026-06-07 04:15:00+02:00,37615.709243351615,36700.93836
2026-06-07 04:30:00+02:00,37615.42895819018,36782.68754
2026-06-07 04:45:00+02:00,37676.65109931363,36792.25999
2026-06-07 05:00:00+02:00,37712.252084908054,37237.72962
2026-06-07 05:15:00+02:00,37712.252084908054,37262.75604
2026-06-07 05:30:00+02:00,37712.252084908054,37442.94595
2026-06-07 05:45:00+02:00,37712.252084908054,37084.60041
2026-06-07 06:00:00+02:00,38006.11273911036,37103.03883
2026-06-07 06:15:00+02:00,38054.97604428441,37296.38437
2026-06-07 06:30:00+02:00,38164.92092224684,37348.14113
2026-06-07 06:45:00+02:00,38363.496846544236,37274.6046
2026-06-07 07:00:00+02:00,38386.29422190029,37526.89064
2026-06-07 07:15:00+02:00,38703.376260643454,38031.69186
2026-06-07 07:30:00+02:00,38912.89741175548,38164.65119
2026-06-07 07:45:00+02:00,39442.037005024766,39282.34215
2026-06-07 08:00:00+02:00,39879.22058695327,40628.61032
2026-06-07 08:15:00+02:00,40112.7778825001,40818.87996
2026-06-07 08:30:00+02:00,40228.25062696686,41369.37313
2026-06-07 08:45:00+02:00,40228.25062696686,41692.54519
2026-06-07 09:00:00+02:00,40198.25188106535,41872.46147
2026-06-07 09:15:00+02:00,40866.000956945274,42382.18911
2026-06-07 09:30:00+02:00,41232.444386366406,42693.69287
2026-06-07 09:45:00+02:00,41507.401341188925,43008.69483
2026-06-07 10:00:00+02:00,41692.17755931608,43267.61651
2026-06-07 10:15:00+02:00,41712.151477099986,44266.06024
2026-06-07 10:30:00+02:00,42612.33911182644,44396.42604
2026-06-07 10:45:00+02:00,43272.37479181645,44531.08075
2026-06-07 11:00:00+02:00,43077.09065761843,43910.36978
2026-06-07 11:15:00+02:00,43596.19971147155,44097.04311
2026-06-07 11:30:00+02:00,43635.73628112531,44706.76923
2026-06-07 11:45:00+02:00,43673.87212733744,44507.12452
2026-06-07 12:00:00+02:00,43425.65078051337,44671.74498
2026-06-07 12:15:00+02:00,43340.97962696213,44562.69753
2026-06-07 12:30:00+02:00,42960.49889643702,44204.4962
2026-06-07 12:45:00+02:00,42763.158164123044,43606.60888
2026-06-07 13:00:00+02:00,42575.40402364493,43250.50491
2026-06-07 13:15:00+02:00,42376.23010420869,43762.64811
2026-06-07 13:30:00+02:00,41725.11180189002,42565.73356
2026-06-07 13:45:00+02:00,41337.9411937194,42417.03143
2026-06-07 14:00:00+02:00,41072.24860345883,42431.60201
2026-06-07 14:15:00+02:00,40990.4360203273,41927.50217
2026-06-07 14:30:00+02:00,40968.67341960704,41538.31176
2026-06-07 14:45:00+02:00,41176.583843039516,41366.96246
2026-06-07 15:00:00+02:00,41244.890080070094,41818.67793
2026-06-07 15:15:00+02:00,41103.63624477566,41112.09508
2026-06-07 15:30:00+02:00,41058.74225735788,40879.94668
2026-06-07 15:45:00+02:00,41058.74225735788,40334.95638
2026-06-07 16:00:00+02:00,41325.72099368035,41048.39931
2026-06-07 16:15:00+02:00,40874.17394124228,41350.04051
2026-06-07 16:30:00+02:00,40859.33751471343,40414.03929
2026-06-07 16:45:00+02:00,41260.86097013842,40801.96565
2026-06-07 17:00:00+02:00,41550.22138543016,41451.3061
2026-06-07 17:15:00+02:00,42061.5174289343,41473.90955
2026-06-07 17:30:00+02:00,42389.59594803254,41622.95873
2026-06-07 17:45:00+02:00,42515.41125046663,42365.12293
2026-06-07 18:00:00+02:00,43677.17839203366,43349.49459
2026-06-07 18:15:00+02:00,44423.593989360495,44439.05689
2026-06-07 18:30:00+02:00,45208.753954098196,44499.14972
2026-06-07 18:45:00+02:00,45642.91560005107,44826.6286
2026-06-07 19:00:00+02:00,45544.18051644498,45957.15842
2026-06-07 19:15:00+02:00,45754.938686584246,46184.15359
2026-06-07 19:30:00+02:00,46276.119050196525,46176.88957
2026-06-07 19:45:00+02:00,46184.38040324229,46661.01889
2026-06-07 20:00:00+02:00,46076.92145674962,47045.10166
2026-06-07 20:15:00+02:00,45960.12454509801,46440.64694
2026-06-07 20:30:00+02:00,45828.339439974625,46475.40276
2026-06-07 20:45:00+02:00,45427.46062153609,46596.01148
2026-06-07 21:00:00+02:00,45215.26620462385,46930.35783
2026-06-07 21:15:00+02:00,45006.49833110634,46713.50802
2026-06-07 21:30:00+02:00,45482.74507251656,46744.73377
2026-06-07 21:45:00+02:00,45396.15714239706,47226.85542
2026-06-07 22:00:00+02:00,45004.08053245294,46799.80408
2026-06-07 22:15:00+02:00,44547.86206042693,46582.0776
2026-06-07 22:30:00+02:00,44506.15142072102,46121.34087
2026-06-07 22:45:00+02:00,44478.778213765414,45279.2591
2026-06-07 23:00:00+02:00,43328.29758510654,44575.41405
2026-06-07 23:15:00+02:00,42845.072410647794,44167.63578
2026-06-07 23:30:00+02:00,42285.714541484966,43679.64776
2026-06-07 23:45:00+02:00,41915.661939224134,43252.4151
2026-06-08 00:00:00+02:00,41272.761528520794,43079.92767
2026-06-08 00:15:00+02:00,40982.60075017791,43595.15322
2026-06-08 00:30:00+02:00,40731.26061855023,43422.05444
2026-06-08 00:45:00+02:00,40512.49187176966,43096.52797
2026-06-08 01:00:00+02:00,39866.48149067251,42797.98568
2026-06-08 01:15:00+02:00,39810.65980404045,42398.77139
2026-06-08 01:30:00+02:00,39785.49763004222,42184.62425
2026-06-08 01:45:00+02:00,39716.76058179706,42082.14969
2026-06-08 02:00:00+02:00,39986.79347887399,41635.32002
2026-06-08 02:15:00+02:00,39986.79347887399,41525.5507
2026-06-08 02:30:00+02:00,39986.79347887399,41562.49371
2026-06-08 02:45:00+02:00,39986.79347887399,41770.12634
2026-06-08 03:00:00+02:00,39679.47787592341,41637.64315
2026-06-08 03:15:00+02:00,39679.47787592341,41674.38735
2026-06-08 03:30:00+02:00,39679.47787592341,41671.68254
2026-06-08 03:45:00+02:00,39687.6488514239,41962.08599
2026-06-08 04:00:00+02:00,40000.62496506188,42223.29944
2026-06-08 04:15:00+02:00,40006.51646114976,42412.85006
2026-06-08 04:30:00+02:00,40093.37990074196,42928.13978
2026-06-08 04:45:00+02:00,40190.227329428344,43259.5718
2026-06-08 05:00:00+02:00,40888.953134965974,43939.65787
2026-06-08 05:15:00+02:00,40910.48237902492,44034.61014
2026-06-08 05:30:00+02:00,41231.2614969656,45486.76022
2026-06-08 05:45:00+02:00,41965.81363894357,47262.65767
2026-06-08 06:00:00+02:00,43216.27255080104,49634.39577
2026-06-08 06:15:00+02:00,45026.70473369599,51880.10705
2026-06-08 06:30:00+02:00,47590.30722382172,53089.21439
2026-06-08 06:45:00+02:00,48024.23451326287,54107.10287
2026-06-08 07:00:00+02:00,48901.103648213924,54200.38177
2026-06-08 07:15:00+02:00,50572.89852861357,55428.98447
2026-06-08 07:30:00+02:00,51245.80401013017,56684.8287
2026-06-08 07:45:00+02:00,53812.083081233315,57573.89143
2026-06-08 08:00:00+02:00,54055.081534130855,57929.4528
2026-06-08 08:15:00+02:00,54451.46831324168,58305.80192
2026-06-08 08:30:00+02:00,54488.64654141103,59566.82985
2026-06-08 08:45:00+02:00,54601.46992999789,59098.96521
2026-06-08 09:00:00+02:00,54025.335210538666,58088.28404
2026-06-08 09:15:00+02:00,54064.411090458416,57893.2251
2026-06-08 09:30:00+02:00,54256.28427890384,57239.14287
2026-06-08 09:45:00+02:00,54386.56134645498,57779.34735
2026-06-08 10:00:00+02:00,53638.40670624913,57360.1066
2026-06-08 10:15:00+02:00,52018.222796244234,57207.92452
2026-06-08 10:30:00+02:00,52969.56787443601,58006.41673
2026-06-08 10:45:00+02:00,52398.61741796957,58541.92899
2026-06-08 11:00:00+02:00,52845.29675801999,56770.63459
2026-06-08 11:15:00+02:00,52877.17441002437,56652.95208
2026-06-08 11:30:00+02:00,52997.057949978895,58220.64048
2026-06-08 11:45:00+02:00,52017.4688453416,58713.28536
2026-06-08 12:00:00+02:00,52043.534576241786,55543.58123
2026-06-08 12:15:00+02:00,52369.38868985814,55565.81314
2026-06-08 12:30:00+02:00,51126.637497757736,57173.38563
2026-06-08 12:45:00+02:00,50407.02729374237,56802.96102
2026-06-08 13:00:00+02:00,49632.24342234772,57650.58695
2026-06-08 13:15:00+02:00,50145.80887448111,57983.81931
2026-06-08 13:30:00+02:00,50620.972688711336,57220.81401
2026-06-08 13:45:00+02:00,49824.66857332029,56256.92754
2026-06-08 14:00:00+02:00,49917.405025168875,56153.72022
2026-06-08 14:15:00+02:00,49239.829489624855,57106.97986
2026-06-08 14:30:00+02:00,49229.92995710208,56568.20891
2026-06-08 14:45:00+02:00,49229.30898719259,56807.30951
2026-06-08 15:00:00+02:00,49255.323904271696,57371.51156
2026-06-08 15:15:00+02:00,49126.340157465944,57229.04903
2026-06-08 15:30:00+02:00,49125.06149586971,56955.70878
2026-06-08 15:45:00+02:00,48837.7630852129,56499.74111
2026-06-08 16:00:00+02:00,48608.78433641744,57157.0303
2026-06-08 16:15:00+02:00,48871.13335807267,56642.45045
2026-06-08 16:30:00+02:00,49128.71296438565,56582.26577
2026-06-08 16:45:00+02:00,49078.10785677699,56425.93531
2026-06-08 17:00:00+02:00,49791.53663564406,55986.30892
2026-06-08 17:15:00+02:00,50633.74898585981,56161.40011
2026-06-08 17:30:00+02:00,51610.463397283784,56883.87746
2026-06-08 17:45:00+02:00,51766.473837173464,56980.0593
2026-06-08 18:00:00+02:00,53990.662211348266,56864.03307
2026-06-08 18:15:00+02:00,53100.69536292676,56832.25781
2026-06-08 18:30:00+02:00,54596.36691777748,57355.61611
2026-06-08 18:45:00+02:00,55552.94270211813,57631.75612
2026-06-08 19:00:00+02:00,55632.375136680916,57994.05071
2026-06-08 19:15:00+02:00,55517.92364227879,57557.75057
2026-06-08 19:30:00+02:00,55685.18494072065,57387.5444
2026-06-08 19:45:00+02:00,55514.484062737516,57269.28512
2026-06-08 20:00:00+02:00,55082.91554641357,56882.05621
2026-06-08 20:15:00+02:00,53379.15596255225,56019.26814
2026-06-08 20:30:00+02:00,52842.38434125408,55685.38141
2026-06-08 20:45:00+02:00,52431.46466090277,55380.08439
2026-06-08 21:00:00+02:00,51429.34591173991,54446.90168
2026-06-08 21:15:00+02:00,51414.4179188878,53785.09163
2026-06-08 21:30:00+02:00,51183.574395900185,52680.64815
2026-06-08 21:45:00+02:00,51183.574395900185,52341.26682
2026-06-08 22:00:00+02:00,49181.332210006716,51184.79985
2026-06-08 22:15:00+02:00,48778.71314249511,50803.42726
2026-06-08 22:30:00+02:00,48512.68865524027,50214.88093
2026-06-08 22:45:00+02:00,47852.55965584094,50040.35064
2026-06-08 23:00:00+02:00,45983.91286881393,49653.88733
2026-06-08 23:15:00+02:00,45486.612370100906,49418.16751
2026-06-08 23:30:00+02:00,45203.41340228815,48981.94684
2026-06-08 23:45:00+02:00,45082.09658386205,48465.43608
2026-06-09 00:00:00+02:00,45546.797605851854,47041.06933
2026-06-09 00:15:00+02:00,45016.83181223166,46473.24004
2026-06-09 00:30:00+02:00,44867.469499173276,46452.33182
2026-06-09 00:45:00+02:00,44587.09932670866,46093.19555
2026-06-09 01:00:00+02:00,43671.63995842762,45861.63442
2026-06-09 01:15:00+02:00,43637.11157867994,45540.30792
2026-06-09 01:30:00+02:00,43239.731876114434,45347.94766
2026-06-09 01:45:00+02:00,43452.86949396751,45581.64119
2026-06-09 02:00:00+02:00,42856.11853808396,44825.71459
2026-06-09 02:15:00+02:00,42652.06652890689,44813.87853
2026-06-09 02:30:00+02:00,42844.43767636838,44861.23299
2026-06-09 02:45:00+02:00,42738.47855362075,45470.74191
2026-06-09 03:00:00+02:00,42798.82902683138,45430.55261
2026-06-09 03:15:00+02:00,43313.063556101784,45132.49858
2026-06-09 03:30:00+02:00,43129.097615799416,45653.52803
2026-06-09 03:45:00+02:00,43515.174353112714,45439.63532
2026-06-09 04:00:00+02:00,43539.237669350056,45828.27183
2026-06-09 04:15:00+02:00,43637.6277447733,46232.39606
2026-06-09 04:30:00+02:00,43859.23356633754,46396.74001
2026-06-09 04:45:00+02:00,43851.89402257763,47658.43012
2026-06-09 05:00:00+02:00,44323.26846239958,48464.36678
2026-06-09 05:15:00+02:00,44935.31187803354,48415.13715
2026-06-09 05:30:00+02:00,45497.087376828975,49245.42746
2026-06-09 05:45:00+02:00,46079.96452735232,50704.65639
2026-06-09 06:00:00+02:00,50517.45195505337,53179.66829
2026-06-09 06:15:00+02:00,52140.681207207934,54978.71213
2026-06-09 06:30:00+02:00,53650.59176333665,56244.9227
2026-06-09 06:45:00+02:00,54244.584681648776,56891.54914
2026-06-09 07:00:00+02:00,55343.135888216944,57226.86999
2026-06-09 07:15:00+02:00,56836.849867705634,57120.26941
2026-06-09 07:30:00+02:00,57428.492318848774,57915.05666
2026-06-09 07:45:00+02:00,57574.35701580245,58688.9705
2026-06-09 08:00:00+02:00,57560.873971040186,59544.88938
2026-06-09 08:15:00+02:00,58566.77878487132,60704.25797
2026-06-09 08:30:00+02:00,58917.330384633366,60911.47907
2026-06-09 08:45:00+02:00,59134.424702797056,60933.35847
2026-06-09 09:00:00+02:00,58832.2925313792,61043.5034
2026-06-09 09:15:00+02:00,58698.42950664839,61556.52453
2026-06-09 09:30:00+02:00,58122.516956067746,61488.94475
2026-06-09 09:45:00+02:00,57935.134861145685,60270.88615
2026-06-09 10:00:00+02:00,57761.429502730636,61196.12204
2026-06-09 10:15:00+02:00,57758.535883382145,60919.89175
2026-06-09 10:30:00+02:00,57869.235601553235,61352.84135
2026-06-09 10:45:00+02:00,58148.0320477399,60924.93196
2026-06-09 11:00:00+02:00,57999.2209366428,59883.69306
2026-06-09 11:15:00+02:00,58042.32633435536,60978.81001
2026-06-09 11:30:00+02:00,58010.49502133259,60452.75269
2026-06-09 11:45:00+02:00,58181.09382202208,60233.53987
2026-06-09 12:00:00+02:00,57469.10365135273,58958.07019
2026-06-09 12:15:00+02:00,57783.1810755493,58862.92591
2026-06-09 12:30:00+02:00,58224.20152581533,58485.44239
2026-06-09 12:45:00+02:00,58217.67868381195,57417.34518
2026-06-09 13:00:00+02:00,58351.34883899383,57809.44288
2026-06-09 13:15:00+02:00,57432.14544944634,56559.50895
2026-06-09 13:30:00+02:00,57319.783103315116,57023.41702
2026-06-09 13:45:00+02:00,56757.74346290388,56992.99244
2026-06-09 14:00:00+02:00,57193.92274456321,56461.65696
2026-06-09 14:15:00+02:00,55985.72727557657,56167.91331
2026-06-09 14:30:00+02:00,56433.299382941936,55395.01303
2026-06-09 14:45:00+02:00,55453.395498338556,55165.02917
2026-06-09 15:00:00+02:00,56476.282132699394,56255.64943
2026-06-09 15:15:00+02:00,55216.772957596186,55634.7564
2026-06-09 15:30:00+02:00,54914.63246379273,54997.91922
2026-06-09 15:45:00+02:00,54863.01583576979,55319.32964
2026-06-09 16:00:00+02:00,56418.0048248118,55630.88654
2026-06-09 16:15:00+02:00,55442.39512558611,55419.66312
2026-06-09 16:30:00+02:00,56953.282841197826,55157.08243
2026-06-09 16:45:00+02:00,56966.64146764316,55176.81942
2026-06-09 17:00:00+02:00,57474.95957189366,55555.41738
2026-06-09 17:15:00+02:00,57753.52434336093,55900.0352
2026-06-09 17:30:00+02:00,58500.85991711279,56721.53755
2026-06-09 17:45:00+02:00,58743.0196950067,56898.23392
2026-06-09 18:00:00+02:00,58914.2084763771,57074.74164
2026-06-09 18:15:00+02:00,58859.0375943355,57987.26425
2026-06-09 18:30:00+02:00,58856.01020915841,58247.35092
2026-06-09 18:45:00+02:00,58750.97616587049,58246.98465
2026-06-09 19:00:00+02:00,59642.87518695746,58439.71936
2026-06-09 19:15:00+02:00,59397.35781859434,58137.86697
2026-06-09 19:30:00+02:00,59207.68858067651,57850.71198
2026-06-09 19:45:00+02:00,59108.57369800518,57228.45756
2026-06-09 20:00:00+02:00,58804.93357880721,57719.30877
2026-06-09 20:15:00+02:00,58180.02295524663,57134.80719
2026-06-09 20:30:00+02:00,58075.62565608369,57183.56112
2026-06-09 20:45:00+02:00,57728.299472691295,56472.19498
2026-06-09 21:00:00+02:00,56966.0002763419,55972.71366
2026-06-09 21:15:00+02:00,56472.42862757863,55587.09769
2026-06-09 21:30:00+02:00,55177.69372667945,55187.00144
2026-06-09 21:45:00+02:00,55040.778572370815,54724.7939
2026-06-09 22:00:00+02:00,53954.579991016486,53835.27686
2026-06-09 22:15:00+02:00,52913.93451706819,53856.37677
2026-06-09 22:30:00+02:00,52487.117934840906,53055.90502
2026-06-09 22:45:00+02:00,51952.19860275789,51708.23143
2026-06-09 23:00:00+02:00,49950.67871023259,50579.90103
2026-06-09 23:15:00+02:00,48661.337214241204,50128.59862
2026-06-09 23:30:00+02:00,47899.03615745484,49918.24591
2026-06-09 23:45:00+02:00,47534.84627566634,48794.08654
2026-06-10 00:00:00+02:00,47343.605690858836,48063.95662
2026-06-10 00:15:00+02:00,47051.68954674177,47388.40109
2026-06-10 00:30:00+02:00,46838.01920941387,47274.46002
2026-06-10 00:45:00+02:00,46703.20474611606,47491.29429
2026-06-10 01:00:00+02:00,46376.23835643183,46585.40321
2026-06-10 01:15:00+02:00,46251.663565945724,46316.35432
2026-06-10 01:30:00+02:00,45581.82779016005,46157.16339
2026-06-10 01:45:00+02:00,45193.90208411502,45712.63148
2026-06-10 02:00:00+02:00,44820.39341943476,44878.56079
2026-06-10 02:15:00+02:00,44736.52396759959,44425.43499
2026-06-10 02:30:00+02:00,44793.844225424706,44219.22851
2026-06-10 02:45:00+02:00,44975.35378078093,44026.95322
2026-06-10 03:00:00+02:00,45258.09464324994,44284.49731
2026-06-10 03:15:00+02:00,45222.949714585055,44421.30802
2026-06-10 03:30:00+02:00,45214.24569503096,44763.19876
2026-06-10 03:45:00+02:00,45452.73355195345,45097.97608
2026-06-10 04:00:00+02:00,46087.42411317577,45239.50908
2026-06-10 04:15:00+02:00,46477.634408088634,45441.86952
2026-06-10 04:30:00+02:00,46974.98085672292,45752.16989
2026-06-10 04:45:00+02:00,47029.768682695394,45952.94024
2026-06-10 05:00:00+02:00,47687.91913727105,46492.13869
2026-06-10 05:15:00+02:00,47902.31369285956,47007.87071
2026-06-10 05:30:00+02:00,48393.91359732885,47759.78823
2026-06-10 05:45:00+02:00,49759.18297359813,48972.33623
2026-06-10 06:00:00+02:00,53218.05431124411,51294.82087
2026-06-10 06:15:00+02:00,54451.6088154184,53683.32152
2026-06-10 06:30:00+02:00,55364.79891596765,54899.21737
2026-06-10 06:45:00+02:00,55859.19110037642,56042.2891
2026-06-10 07:00:00+02:00,56360.57833535187,56258.08301
2026-06-10 07:15:00+02:00,57553.44402323539,57621.55378
2026-06-10 07:30:00+02:00,58251.97421311274,58078.07326
2026-06-10 07:45:00+02:00,60330.705577636516,58680.7956
2026-06-10 08:00:00+02:00,60574.158400163644,59290.91101
2026-06-10 08:15:00+02:00,61221.909165199184,60256.58033
2026-06-10 08:30:00+02:00,61384.13392522157,60882.46583
2026-06-10 08:45:00+02:00,61540.1993124759,60885.31411
2026-06-10 09:00:00+02:00,61293.85956660688,59424.84547
2026-06-10 09:15:00+02:00,61378.78762061857,59353.09488
2026-06-10 09:30:00+02:00,61332.14246945815,59082.63651
2026-06-10 09:45:00+02:00,60964.84592711204,59558.67654
2026-06-10 10:00:00+02:00,60602.03497300778,59645.60144
2026-06-10 10:15:00+02:00,60408.58438401073,60018.01386
2026-06-10 10:30:00+02:00,60547.40792486399,59998.25628
2026-06-10 10:45:00+02:00,60623.53360152946,59964.24135
2026-06-10 11:00:00+02:00,60791.29692464308,59297.84527
2026-06-10 11:15:00+02:00,60773.51282862923,59568.55459
2026-06-10 11:30:00+02:00,60824.55289545475,59550.27232
2026-06-10 11:45:00+02:00,59818.77178580048,59369.92939
2026-06-10 12:00:00+02:00,58689.1880885792,59565.97921
2026-06-10 12:15:00+02:00,58189.87291666347,59761.18512
2026-06-10 12:30:00+02:00,57957.38312731216,59174.45079
2026-06-10 12:45:00+02:00,57787.694512246635,58941.77253
2026-06-10 13:00:00+02:00,57190.99958961666,59178.03972
2026-06-10 13:15:00+02:00,57416.369675675276,58390.74113
2026-06-10 13:30:00+02:00,56963.87261073598,58028.58649
2026-06-10 13:45:00+02:00,56573.578102020205,57727.33301
2026-06-10 14:00:00+02:00,56714.562209136326,56861.24193
2026-06-10 14:15:00+02:00,56815.4047365719,56851.38195
2026-06-10 14:30:00+02:00,56151.28117968105,56907.89048
2026-06-10 14:45:00+02:00,56354.12378427382,56211.15916
2026-06-10 15:00:00+02:00,56670.44411665116,56776.27597
2026-06-10 15:15:00+02:00,55786.222189003995,56949.34123
2026-06-10 15:30:00+02:00,55518.757871391215,56958.0716
2026-06-10 15:45:00+02:00,55509.24521616902,56959.23193
2026-06-10 16:00:00+02:00,55257.66168666049,57702.53823
2026-06-10 16:15:00+02:00,54595.38719485797,57563.30518
2026-06-10 16:30:00+02:00,54420.62065059617,57273.1093
2026-06-10 16:45:00+02:00,54487.197154797504,57413.74589
2026-06-10 17:00:00+02:00,54401.1530277944,57831.56736
2026-06-10 17:15:00+02:00,54760.87548208208,58641.0508
2026-06-10 17:30:00+02:00,54936.129646221416,58598.28449
2026-06-10 17:45:00+02:00,55320.00534531088,58958.37116
2026-06-10 18:00:00+02:00,55713.3906145547,59949.44219
2026-06-10 18:15:00+02:00,55938.681234422045,60084.9068
2026-06-10 18:30:00+02:00,56272.03896524667,59991.4741
2026-06-10 18:45:00+02:00,56682.44476778941,59874.43933
2026-06-10 19:00:00+02:00,56910.10555972914,59348.27797
2026-06-10 19:15:00+02:00,57080.54766656979,58663.63761
2026-06-10 19:30:00+02:00,56874.7153976582,58140.57905
2026-06-10 19:45:00+02:00,56599.16103415929,57431.32852
2026-06-10 20:00:00+02:00,56498.518296859715,57475.32611
2026-06-10 20:15:00+02:00,56130.7828143868,56801.00105
2026-06-10 20:30:00+02:00,55528.69669059788,55961.53675
2026-06-10 20:45:00+02:00,55434.93749697435,55667.56188
2026-06-10 21:00:00+02:00,54638.76121293925,55267.13055
2026-06-10 21:15:00+02:00,54293.32407068524,55153.98577
2026-06-10 21:30:00+02:00,53985.928209838814,54660.33618
2026-06-10 21:45:00+02:00,53796.438954421326,54258.06232
2026-06-10 22:00:00+02:00,53069.90624615318,53194.79472
2026-06-10 22:15:00+02:00,52195.92359489762,52552.31218
2026-06-10 22:30:00+02:00,51572.05769019301,51490.20911
2026-06-10 22:45:00+02:00,51134.949745046084,51131.21363
2026-06-10 23:00:00+02:00,49908.646549073645,50037.01574
2026-06-10 23:15:00+02:00,49313.15723276117,49268.16744
2026-06-10 23:30:00+02:00,48413.71352350838,48520.24665
2026-06-10 23:45:00+02:00,48127.917782973214,47630.29625
2026-06-11 00:00:00+02:00,46479.73988821327,46232.47287
2026-06-11 00:15:00+02:00,46333.57691761784,45719.51388
2026-06-11 00:30:00+02:00,46254.99354237415,45525.37351
2026-06-11 00:45:00+02:00,45867.35550399526,44981.64485
2026-06-11 01:00:00+02:00,44566.76701551498,44289.4751
2026-06-11 01:15:00+02:00,44479.06012191112,44358.41633
2026-06-11 01:30:00+02:00,44087.50084510973,44352.56608
2026-06-11 01:45:00+02:00,43935.927226733584,44318.66362
2026-06-11 02:00:00+02:00,43752.8795983864,43995.14125
2026-06-11 02:15:00+02:00,43513.22236522581,44391.3175
2026-06-11 02:30:00+02:00,43600.01192336648,44608.67923
2026-06-11 02:45:00+02:00,43644.04490422037,44315.94841
2026-06-11 03:00:00+02:00,43955.157882754655,44285.04206
2026-06-11 03:15:00+02:00,44054.075556086274,44338.77632
2026-06-11 03:30:00+02:00,44093.86520087743,44793.81218
2026-06-11 03:45:00+02:00,43961.664081170165,44810.1191
2026-06-11 04:00:00+02:00,44110.80331077135,45286.95145
2026-06-11 04:15:00+02:00,44130.502385698135,45523.19015
2026-06-11 04:30:00+02:00,44616.3055873211,45886.99021
2026-06-11 04:45:00+02:00,44939.984480743704,46133.52738
2026-06-11 05:00:00+02:00,45224.998629175025,47368.21455
2026-06-11 05:15:00+02:00,45450.1381886112,48126.58919
2026-06-11 05:30:00+02:00,45779.04058609258,48822.2569
2026-06-11 05:45:00+02:00,46555.58063639298,50057.92412
2026-06-11 06:00:00+02:00,49535.60274425657,51582.63267
2026-06-11 06:15:00+02:00,52613.87607374132,53321.08173
2026-06-11 06:30:00+02:00,52916.36211862001,54375.59608
2026-06-11 06:45:00+02:00,53865.91948907303,55247.06669
2026-06-11 07:00:00+02:00,54542.840864977596,56289.45781
2026-06-11 07:15:00+02:00,55878.18458258917,57625.2103
2026-06-11 07:30:00+02:00,56469.66802537232,58827.40267
2026-06-11 07:45:00+02:00,56734.379382641426,59215.06091
2026-06-11 08:00:00+02:00,56648.71231740657,58899.49692
2026-06-11 08:15:00+02:00,56876.11976601568,59874.24191
2026-06-11 08:30:00+02:00,57363.37129967192,60341.15159
2026-06-11 08:45:00+02:00,56966.10069430915,60705.10317
2026-06-11 09:00:00+02:00,56025.20309659573,59648.3792
2026-06-11 09:15:00+02:00,56270.52476890235,59692.56664
2026-06-11 09:30:00+02:00,55807.539254513154,59675.06518
2026-06-11 09:45:00+02:00,55545.824760241856,59394.15812
2026-06-11 10:00:00+02:00,55290.51399741009,59190.00228
2026-06-11 10:15:00+02:00,55294.32022000607,59297.81618
2026-06-11 10:30:00+02:00,55368.05317363423,58707.09873
2026-06-11 10:45:00+02:00,55167.88689039057,59037.96976
2026-06-11 11:00:00+02:00,54896.45348659511,59151.86208
2026-06-11 11:15:00+02:00,55101.275449873705,59327.4077
2026-06-11 11:30:00+02:00,55141.73215469507,59699.21349
2026-06-11 11:45:00+02:00,55045.05981985764,59007.53655
2026-06-11 12:00:00+02:00,54854.97333757609,58691.13941
2026-06-11 12:15:00+02:00,53833.56772785563,58568.10061
2026-06-11 12:30:00+02:00,53613.32903076896,58100.51703
2026-06-11 12:45:00+02:00,54127.670984247634,58031.17997
2026-06-11 13:00:00+02:00,54200.138122151584,57289.12716
2026-06-11 13:15:00+02:00,53420.994200365145,56382.23129
2026-06-11 13:30:00+02:00,53276.06687413228,55673.35619
2026-06-11 13:45:00+02:00,53111.6178083119,55248.14152
2026-06-11 14:00:00+02:00,52483.16404191644,54429.53281
2026-06-11 14:15:00+02:00,52498.37848178716,53971.95714
2026-06-11 14:30:00+02:00,52496.549632453556,53923.45663
2026-06-11 14:45:00+02:00,52474.648657569654,53163.82806
2026-06-11 15:00:00+02:00,52515.18894527595,53324.24034
2026-06-11 15:15:00+02:00,52583.14028736048,52827.22781
2026-06-11 15:30:00+02:00,52863.422106995036,52384.11911
2026-06-11 15:45:00+02:00,51948.89426847273,52677.96296
2026-06-11 16:00:00+02:00,52875.697570377575,53097.6351
2026-06-11 16:15:00+02:00,52466.912696218285,53172.02607
2026-06-11 16:30:00+02:00,52630.74242095154,53339.18313
2026-06-11 16:45:00+02:00,52162.87210446075,53821.82007
2026-06-11 17:00:00+02:00,52622.04468973549,54726.74728
2026-06-11 17:15:00+02:00,52747.29373975698,54935.82128
2026-06-11 17:30:00+02:00,53287.14137892802,55049.56926
2026-06-11 17:45:00+02:00,53345.74784801405,55937.45394
2026-06-11 18:00:00+02:00,53760.57085649751,56476.33199
2026-06-11 18:15:00+02:00,54178.270662249204,56560.95283
2026-06-11 18:30:00+02:00,53836.55190909494,56990.10076
2026-06-11 18:45:00+02:00,54361.81811612376,57565.06372
2026-06-11 19:00:00+02:00,54745.27100102458,58272.29346
2026-06-11 19:15:00+02:00,54908.941014957636,57879.51716
2026-06-11 19:30:00+02:00,55168.55221123858,57065.51172
2026-06-11 19:45:00+02:00,55185.569624132026,56624.56343
2026-06-11 20:00:00+02:00,54957.21571771937,56909.18812
2026-06-11 20:15:00+02:00,54723.68613074315,56945.53042
2026-06-11 20:30:00+02:00,54131.67765463309,56908.96656
2026-06-11 20:45:00+02:00,54032.320065551736,56284.97036
2026-06-11 21:00:00+02:00,53811.213235524614,55723.83704
2026-06-11 21:15:00+02:00,53791.162671580634,54708.10919
2026-06-11 21:30:00+02:00,53250.38293766604,54678.91675
2026-06-11 21:45:00+02:00,51935.58075722592,54771.39563
2026-06-11 22:00:00+02:00,51341.08750584077,54359.16428
2026-06-11 22:15:00+02:00,50927.810109614016,53506.76567
2026-06-11 22:30:00+02:00,50516.25591223332,52648.34133
2026-06-11 22:45:00+02:00,49950.42072693886,51679.18558
2026-06-11 23:00:00+02:00,48317.439679364135,50987.63191
2026-06-11 23:15:00+02:00,47664.25596573745,49591.55784
2026-06-11 23:30:00+02:00,47072.8255940929,48523.14687
2026-06-11 23:45:00+02:00,46919.82614623213,48070.54369
2026-06-12 00:00:00+02:00,46820.289147091535,48196.47057
2026-06-12 00:15:00+02:00,46647.90873402124,47445.20877
2026-06-12 00:30:00+02:00,46501.840144479975,46728.09768
2026-06-12 00:45:00+02:00,46248.32965557747,46561.05538
2026-06-12 01:00:00+02:00,45658.27350069585,45705.81017
2026-06-12 01:15:00+02:00,45543.47216070964,44566.59761
2026-06-12 01:30:00+02:00,45005.91023368959,43919.9796
2026-06-12 01:45:00+02:00,44975.10706948304,44482.64005
2026-06-12 02:00:00+02:00,44896.742756396445,44464.58443
2026-06-12 02:15:00+02:00,44929.33244952442,44590.06266
2026-06-12 02:30:00+02:00,44937.96920803765,44778.97984
2026-06-12 02:45:00+02:00,45035.575779723345,45261.43468
2026-06-12 03:00:00+02:00,44934.93381968798,44590.30933
2026-06-12 03:15:00+02:00,44953.70109610779,44775.45741
2026-06-12 03:30:00+02:00,45073.89264709352,44541.22405
2026-06-12 03:45:00+02:00,45154.02882312758,44652.72026
2026-06-12 04:00:00+02:00,45402.458960785894,45124.88017
2026-06-12 04:15:00+02:00,45812.127045888185,45191.21875
2026-06-12 04:30:00+02:00,45996.14065792803,45452.47947
2026-06-12 04:45:00+02:00,46329.49223097932,45800.9021
2026-06-12 05:00:00+02:00,46861.54722070803,46697.9244
2026-06-12 05:15:00+02:00,47219.65086610652,47087.1253
2026-06-12 05:30:00+02:00,47781.23880568837,48234.02968
2026-06-12 05:45:00+02:00,48661.54219764643,49615.59378
2026-06-12 06:00:00+02:00,52160.32800948877,51972.09951
2026-06-12 06:15:00+02:00,54107.347156647484,53689.38234
2026-06-12 06:30:00+02:00,54804.820408336105,54926.31879
2026-06-12 06:45:00+02:00,56059.399404187614,55958.61768
2026-06-12 07:00:00+02:00,56360.00998032832,56748.83592
2026-06-12 07:15:00+02:00,57472.11540897093,57890.46728
2026-06-12 07:30:00+02:00,58174.711873489636,58983.82855
2026-06-12 07:45:00+02:00,58492.62710730749,59895.20062
2026-06-12 08:00:00+02:00,58617.075329891595,60505.20602
2026-06-12 08:15:00+02:00,58527.41230650325,61417.00101
2026-06-12 08:30:00+02:00,58575.945394058304,62402.28989
2026-06-12 08:45:00+02:00,58537.80648544607,62869.9501
2026-06-12 09:00:00+02:00,58133.662402277456,61682.68118
2026-06-12 09:15:00+02:00,58153.34516494317,62461.20944
2026-06-12 09:30:00+02:00,58134.15027595711,62496.94897
2026-06-12 09:45:00+02:00,58273.52010972673,62992.44652
2026-06-12 10:00:00+02:00,58592.91643766559,63171.07985
2026-06-12 10:15:00+02:00,58278.170181437556,63312.29609
2026-06-12 10:30:00+02:00,58030.69757764762,63117.98622
2026-06-12 10:45:00+02:00,58147.670768310156,63424.4071
2026-06-12 11:00:00+02:00,58015.77192799029,63838.74403
2026-06-12 11:15:00+02:00,58151.846630855915,63341.23905
2026-06-12 11:30:00+02:00,58116.086096525425,62878.15362
2026-06-12 11:45:00+02:00,58461.08976011249,63156.39409
2026-06-12 12:00:00+02:00,58122.77443300664,62895.98915
2026-06-12 12:15:00+02:00,57770.121657420386,62974.75538
2026-06-12 12:30:00+02:00,57859.90109673562,62286.65398
2026-06-12 12:45:00+02:00,57686.16153484089,62510.03932
2026-06-12 13:00:00+02:00,57533.99979211927,62472.35711
2026-06-12 13:15:00+02:00,57403.83726356249,62255.94402
2026-06-12 13:30:00+02:00,57141.9340935519,61299.15735
2026-06-12 13:45:00+02:00,56018.175306413636,60953.56327
2026-06-12 14:00:00+02:00,55915.887777935386,59569.69448
2026-06-12 14:15:00+02:00,55621.357082353956,59087.50568
2026-06-12 14:30:00+02:00,54981.432720026205,59335.84822
2026-06-12 14:45:00+02:00,54456.93547367156,59513.96759
2026-06-12 15:00:00+02:00,54976.507845608365,59704.14513
2026-06-12 15:15:00+02:00,54707.87044399281,58953.33939
2026-06-12 15:30:00+02:00,54816.49785677133,58773.15338
2026-06-12 15:45:00+02:00,54816.49785677133,58562.7374
2026-06-12 16:00:00+02:00,54738.03695204827,59345.84813
2026-06-12 16:15:00+02:00,54739.20089454957,58955.29387
2026-06-12 16:30:00+02:00,54667.37797394524,58546.84718
2026-06-12 16:45:00+02:00,54770.9820785081,58254.22617
2026-06-12 17:00:00+02:00,55180.373552127756,58432.73658
2026-06-12 17:15:00+02:00,55672.00681720538,58510.05531
2026-06-12 17:30:00+02:00,55587.229189093065,58456.22807
2026-06-12 17:45:00+02:00,55731.86506995835,58133.26932
2026-06-12 18:00:00+02:00,56852.2106646621,58021.27926
2026-06-12 18:15:00+02:00,57105.066000160026,57907.37761
2026-06-12 18:30:00+02:00,57102.76343091488,57742.46173
2026-06-12 18:45:00+02:00,57407.83275643949,57736.20485
2026-06-12 19:00:00+02:00,57240.75138534687,57649.30062
2026-06-12 19:15:00+02:00,56967.43628768447,56646.42246
2026-06-12 19:30:00+02:00,56906.30953151804,55749.39694
2026-06-12 19:45:00+02:00,56780.86554621981,55355.53473
2026-06-12 20:00:00+02:00,56477.483193570115,54951.33244
2026-06-12 20:15:00+02:00,56283.24814941392,53918.30482
2026-06-12 20:30:00+02:00,55840.38510707697,53239.49463
2026-06-12 20:45:00+02:00,54987.18978702609,53079.22901
2026-06-12 21:00:00+02:00,54107.10420364242,52477.67846
2026-06-12 21:15:00+02:00,53751.622360749105,51656.52419
2026-06-12 21:30:00+02:00,53599.72013841293,51594.36072
2026-06-12 21:45:00+02:00,53119.219652966094,50605.25229
2026-06-12 22:00:00+02:00,52142.97675773771,50320.11562
2026-06-12 22:15:00+02:00,51751.530370549575,49430.73098
2026-06-12 22:30:00+02:00,51560.0880344101,48491.41895
2026-06-12 22:45:00+02:00,50484.643044306045,47952.08477
2026-06-12 23:00:00+02:00,48834.46672270091,47119.14495
2026-06-12 23:15:00+02:00,48464.245694349425,46530.94333
2026-06-12 23:30:00+02:00,48027.92086478172,45766.66855
2026-06-12 23:45:00+02:00,46776.72862654342,44864.77181
2026-06-13 00:00:00+02:00,44908.466003424364,43536.93676
2026-06-13 00:15:00+02:00,44874.52488582207,42700.2773
2026-06-13 00:30:00+02:00,44386.281457779965,42906.51597
2026-06-13 00:45:00+02:00,43911.99272866878,42771.84791
2026-06-13 01:00:00+02:00,43265.85599035434,41663.64155
2026-06-13 01:15:00+02:00,42704.22596225136,41809.43675
2026-06-13 01:30:00+02:00,42572.46326798592,41468.13429
2026-06-13 01:45:00+02:00,42371.00706422781,41272.00288
2026-06-13 02:00:00+02:00,41772.75137972182,40564.05701
2026-06-13 02:15:00+02:00,41665.99681213278,40587.27865
2026-06-13 02:30:00+02:00,41166.875761329386,41064.42466
2026-06-13 02:45:00+02:00,41139.895319194504,41258.53939
2026-06-13 03:00:00+02:00,41451.80198237092,40213.51269
2026-06-13 03:15:00+02:00,41451.80198237092,40182.47133
2026-06-13 03:30:00+02:00,41415.364167382744,40243.01631
2026-06-13 03:45:00+02:00,41415.364167382744,40601.37763
2026-06-13 04:00:00+02:00,41484.80199554669,40325.15213
2026-06-13 04:15:00+02:00,41510.98370203384,40649.37556
2026-06-13 04:30:00+02:00,41505.729064500236,40916.08902
2026-06-13 04:45:00+02:00,41487.40566171613,40992.46922
2026-06-13 05:00:00+02:00,41556.95400068267,40751.63766
2026-06-13 05:15:00+02:00,41537.40677862945,41253.04954
2026-06-13 05:30:00+02:00,41585.16113484397,41813.82095
2026-06-13 05:45:00+02:00,41823.1620915089,42209.70095
2026-06-13 06:00:00+02:00,42995.42401876412,41667.01419
2026-06-13 06:15:00+02:00,43439.3158271233,41952.52645
2026-06-13 06:30:00+02:00,43685.30937570429,42962.54164
2026-06-13 06:45:00+02:00,43861.52168530777,42836.52166
2026-06-13 07:00:00+02:00,43782.54028345709,43242.90669
2026-06-13 07:15:00+02:00,44266.14825436329,43797.61125
2026-06-13 07:30:00+02:00,44959.65799704081,44317.92734
2026-06-13 07:45:00+02:00,44988.92929529542,45101.37705
2026-06-13 08:00:00+02:00,45338.33835682555,45296.76359
2026-06-13 08:15:00+02:00,45554.15812764505,46080.71776
2026-06-13 08:30:00+02:00,46172.85194523309,46913.52579
2026-06-13 08:45:00+02:00,46444.33489918805,47673.51999
2026-06-13 09:00:00+02:00,46611.278236267615,47953.78099
2026-06-13 09:15:00+02:00,47106.187086870785,47823.74267
2026-06-13 09:30:00+02:00,47140.6106269859,48245.27448
2026-06-13 09:45:00+02:00,47104.56110412015,48935.93715
2026-06-13 10:00:00+02:00,46809.17703687992,48405.93638
2026-06-13 10:15:00+02:00,47258.59159511947,48616.91093
2026-06-13 10:30:00+02:00,47336.40115056776,48356.07873
2026-06-13 10:45:00+02:00,47352.3475617726,49231.23194
2026-06-13 11:00:00+02:00,47196.25616146335,49646.84232
2026-06-13 11:15:00+02:00,47181.27165817315,49852.28567
2026-06-13 11:30:00+02:00,47227.34379734141,49384.64485
2026-06-13 11:45:00+02:00,47135.55681119419,48877.76171
2026-06-13 12:00:00+02:00,47184.877409480265,49130.47381
2026-06-13 12:15:00+02:00,47160.0699945844,49245.70231
2026-06-13 12:30:00+02:00,47066.70839754306,48984.89392
2026-06-13 12:45:00+02:00,46941.19949324354,48353.28992
2026-06-13 13:00:00+02:00,46948.80261469543,47695.50187
2026-06-13 13:15:00+02:00,45617.959027528785,46943.67552
2026-06-13 13:30:00+02:00,45193.51225757726,46385.14215
2026-06-13 13:45:00+02:00,45056.836492198796,45862.20554
2026-06-13 14:00:00+02:00,44723.48061491863,46081.71164
2026-06-13 14:15:00+02:00,44314.06409355175,46068.95206
2026-06-13 14:30:00+02:00,43652.30931264241,45890.05789
2026-06-13 14:45:00+02:00,44166.1402812281,45596.12586
2026-06-13 15:00:00+02:00,44307.049964138554,45470.3257
2026-06-13 15:15:00+02:00,43661.76255918992,45257.54447
2026-06-13 15:30:00+02:00,43466.41370609971,44146.57136
2026-06-13 15:45:00+02:00,43838.82866611804,43812.34305
2026-06-13 16:00:00+02:00,44381.183265714164,44523.5512
2026-06-13 16:15:00+02:00,44381.183265714164,43935.62334
2026-06-13 16:30:00+02:00,44284.12448500069,43788.76794
2026-06-13 16:45:00+02:00,44545.66513605155,44562.00091
2026-06-13 17:00:00+02:00,44826.98293858283,44723.9927
2026-06-13 17:15:00+02:00,45098.12344550805,44625.83736
2026-06-13 17:30:00+02:00,46273.30794867154,45224.74238
2026-06-13 17:45:00+02:00,46966.52200042633,46022.09751
2026-06-13 18:00:00+02:00,47495.992499553635,45516.81487
2026-06-13 18:15:00+02:00,48342.695759220616,46511.54242
2026-06-13 18:30:00+02:00,48665.31724418893,46699.5432
2026-06-13 18:45:00+02:00,48892.38636270054,46783.57765
2026-06-13 19:00:00+02:00,49390.9203784414,47320.61088
2026-06-13 19:15:00+02:00,49115.4924737917,47815.09025
2026-06-13 19:30:00+02:00,49275.13689538837,48035.20996
2026-06-13 19:45:00+02:00,48862.92035041779,48136.10498
2026-06-13 20:00:00+02:00,49175.97006266257,48186.21427
2026-06-13 20:15:00+02:00,49048.25543700992,47081.12693
2026-06-13 20:30:00+02:00,48568.222765669394,46513.5151
2026-06-13 20:45:00+02:00,47703.41462751057,45781.50883
2026-06-13 21:00:00+02:00,47593.29820449174,44990.75486
2026-06-13 21:15:00+02:00,47439.3624799086,44491.78958
2026-06-13 21:30:00+02:00,47466.84715045129,43985.41861
2026-06-13 21:45:00+02:00,48301.98677510506,44397.8729
2026-06-13 22:00:00+02:00,47306.82768425181,44334.46388
2026-06-13 22:15:00+02:00,46078.16663599246,43659.46362
2026-06-13 22:30:00+02:00,45861.87608115856,42860.14147
2026-06-13 22:45:00+02:00,45759.12861643237,42332.83905
2026-06-13 23:00:00+02:00,44259.85973383266,41091.85064
2026-06-13 23:15:00+02:00,43611.07378733202,40916.41059
2026-06-13 23:30:00+02:00,43115.499540143035,40606.79073
2026-06-13 23:45:00+02:00,43087.75405627439,40169.25025
2026-06-14 00:00:00+02:00,39792.351965458336,38900.94031
2026-06-14 00:15:00+02:00,39730.10459964356,38186.37109
2026-06-14 00:30:00+02:00,39455.59208895779,38443.08605
2026-06-14 00:45:00+02:00,39261.4041661702,37894.6616
2026-06-14 01:00:00+02:00,39057.76818513958,36420.57481
2026-06-14 01:15:00+02:00,38769.78308728611,36781.20679
2026-06-14 01:30:00+02:00,38712.62174358012,36294.87176
2026-06-14 01:45:00+02:00,38659.46162158391,36352.78077
2026-06-14 02:00:00+02:00,38541.61830256039,36797.56519
2026-06-14 02:15:00+02:00,38384.54066663339,36746.92914
2026-06-14 02:30:00+02:00,38332.03350834996,36467.33089
2026-06-14 02:45:00+02:00,38332.03350834996,36638.48938
2026-06-14 03:00:00+02:00,38376.84712341761,36459.82311
2026-06-14 03:15:00+02:00,38376.84712341761,36173.87698
2026-06-14 03:30:00+02:00,38376.84712341761,35954.04312
2026-06-14 03:45:00+02:00,38377.12933517768,35984.14913
2026-06-14 04:00:00+02:00,38248.31826673174,35915.55679
2026-06-14 04:15:00+02:00,38285.07883714317,35651.50985
2026-06-14 04:30:00+02:00,38285.07883714317,35708.53297
2026-06-14 04:45:00+02:00,38319.978303971344,35793.7198
2026-06-14 05:00:00+02:00,38365.42207165473,35531.37715
2026-06-14 05:15:00+02:00,38365.42207165473,35454.49223
2026-06-14 05:30:00+02:00,38336.529246170845,35658.08082
2026-06-14 05:45:00+02:00,38395.2255209749,35896.72331
2026-06-14 06:00:00+02:00,38394.9814886284,35837.14754
2026-06-14 06:15:00+02:00,38498.20565071931,36152.781
2026-06-14 06:30:00+02:00,38580.41815609242,36741.54944
2026-06-14 06:45:00+02:00,38692.28812938788,37092.69473
2026-06-14 07:00:00+02:00,39164.232236653115,37584.87234
2026-06-14 07:15:00+02:00,39738.18536778009,38163.44276
2026-06-14 07:30:00+02:00,40213.53103536941,38475.85778
2026-06-14 07:45:00+02:00,40963.96579575922,39059.2968
2026-06-14 08:00:00+02:00,41274.18528143692,39093.16229
2026-06-14 08:15:00+02:00,41444.06165414901,39622.83687
2026-06-14 08:30:00+02:00,41502.25796265042,39999.48932
2026-06-14 08:45:00+02:00,41593.62414713012,41279.81817
2026-06-14 09:00:00+02:00,41811.540745926184,42250.85958
2026-06-14 09:15:00+02:00,42646.987780842835,42733.00959
2026-06-14 09:30:00+02:00,42900.92677631032,42831.2038
2026-06-14 09:45:00+02:00,43250.15023650663,43209.03782
2026-06-14 10:00:00+02:00,43600.544020247355,43437.91478
2026-06-14 10:15:00+02:00,43590.52571005059,43428.11185
2026-06-14 10:30:00+02:00,44140.28256671201,44309.43907
2026-06-14 10:45:00+02:00,44585.31282207786,44410.15233
2026-06-14 11:00:00+02:00,44197.44065443552,44322.2383
2026-06-14 11:15:00+02:00,44443.17070468321,44658.1216
2026-06-14 11:30:00+02:00,44999.53993890409,45134.42861
2026-06-14 11:45:00+02:00,44699.051474409,45211.86583
2026-06-14 12:00:00+02:00,44528.59983603435,45090.60274
2026-06-14 12:15:00+02:00,44203.23125408398,45165.9229
2026-06-14 12:30:00+02:00,43819.716430189226,45062.91016
2026-06-14 12:45:00+02:00,43669.17856053352,44384.2168
2026-06-14 13:00:00+02:00,43565.995914050756,44097.60928
2026-06-14 13:15:00+02:00,43207.789926857266,43468.51299
2026-06-14 13:30:00+02:00,42925.31182707196,42996.43522
2026-06-14 13:45:00+02:00,42510.417933290475,42912.19686
2026-06-14 14:00:00+02:00,42436.80790171753,42430.27749
2026-06-14 14:15:00+02:00,41923.184985029104,42261.38157
2026-06-14 14:30:00+02:00,41835.6636586208,42294.98027
2026-06-14 14:45:00+02:00,42064.77429185444,42102.75908
2026-06-14 15:00:00+02:00,42134.546843050346,42167.24773
2026-06-14 15:15:00+02:00,41868.74243671148,42120.5475
2026-06-14 15:30:00+02:00,41860.00227128011,42076.56394
2026-06-14 15:45:00+02:00,41860.00227128011,41486.16045
2026-06-14 16:00:00+02:00,42247.2915642703,41395.72354
2026-06-14 16:15:00+02:00,41908.695410023334,41035.89381
2026-06-14 16:30:00+02:00,41912.870233049245,41359.5246
2026-06-14 16:45:00+02:00,42256.50358112348,42058.43612
2026-06-14 17:00:00+02:00,42344.04815962525,42952.57892
2026-06-14 17:15:00+02:00,42432.908742571686,42492.44691
2026-06-14 17:30:00+02:00,42741.24022272649,42734.1764
2026-06-14 17:45:00+02:00,43682.51350904549,43157.56254
2026-06-14 18:00:00+02:00,44758.52314378869,44497.3075
2026-06-14 18:15:00+02:00,45025.91150993974,44673.82452
2026-06-14 18:30:00+02:00,45534.42155602081,45229.40613
2026-06-14 18:45:00+02:00,46216.299406318976,45893.55824
2026-06-14 19:00:00+02:00,46549.37644249084,46219.65326
2026-06-14 19:15:00+02:00,46534.891508619316,45352.81226
2026-06-14 19:30:00+02:00,46482.963206945955,44900.35848
2026-06-14 19:45:00+02:00,46437.030657502364,44560.11241
2026-06-14 20:00:00+02:00,46578.187547655674,45884.23652
2026-06-14 20:15:00+02:00,46168.39961227776,44794.12811
2026-06-14 20:30:00+02:00,46075.34002052786,44635.96737
2026-06-14 20:45:00+02:00,46041.61581187501,44475.45246
2026-06-14 21:00:00+02:00,46041.64123858798,44560.89684
2026-06-14 21:15:00+02:00,45989.33917177832,44868.20488
2026-06-14 21:30:00+02:00,45989.33917177832,44829.01481
2026-06-14 21:45:00+02:00,46521.290317923864,45039.1555
2026-06-14 22:00:00+02:00,45924.70760855119,44162.10324
2026-06-14 22:15:00+02:00,45644.38276643287,44717.91519
2026-06-14 22:30:00+02:00,45414.139398845975,44286.48224
2026-06-14 22:45:00+02:00,44946.916377299865,43622.44578
2026-06-14 23:00:00+02:00,43568.66820283072,42726.92326
2026-06-14 23:15:00+02:00,43166.98710038339,42452.74749
2026-06-14 23:30:00+02:00,42754.05528057092,41807.88703
2026-06-14 23:45:00+02:00,42621.52651842833,41304.52201
2026-06-15 00:00:00+02:00,42588.535754291326,39625.94746
2026-06-15 00:15:00+02:00,42183.60403813405,39805.15968
2026-06-15 00:30:00+02:00,42145.53167738811,40209.87426
2026-06-15 00:45:00+02:00,41947.92472592883,39879.19766
2026-06-15 01:00:00+02:00,41168.040141990714,39205.97203
2026-06-15 01:15:00+02:00,40876.26705705821,39410.85483
2026-06-15 01:30:00+02:00,40765.37125440269,38946.15004
2026-06-15 01:45:00+02:00,40752.69185367928,39085.45733
2026-06-15 02:00:00+02:00,40586.43553419292,38215.90431
2026-06-15 02:15:00+02:00,40512.17153777692,38518.6712
2026-06-15 02:30:00+02:00,40570.48905284802,38021.83269
2026-06-15 02:45:00+02:00,40570.48905284802,38103.55344
2026-06-15 03:00:00+02:00,41049.155674985734,38510.82388
2026-06-15 03:15:00+02:00,41049.155674985734,38421.01425
2026-06-15 03:30:00+02:00,41059.73767566238,38697.40045
2026-06-15 03:45:00+02:00,41173.57713525148,39520.20857
2026-06-15 04:00:00+02:00,41242.34744383045,40172.62387
2026-06-15 04:15:00+02:00,41401.92877339226,40444.01882
2026-06-15 04:30:00+02:00,41776.94700233741,40930.34422
2026-06-15 04:45:00+02:00,41933.64117943032,41125.10979
2026-06-15 05:00:00+02:00,42509.470796232876,42488.31968
2026-06-15 05:15:00+02:00,42777.06079913749,42940.30883
2026-06-15 05:30:00+02:00,43812.482878138566,43891.30522
2026-06-15 05:45:00+02:00,45064.37954347956,45665.21123
2026-06-15 06:00:00+02:00,46844.54795044653,48438.00715
2026-06-15 06:15:00+02:00,49797.33645502595,50305.06602
2026-06-15 06:30:00+02:00,50811.98414986913,51780.10511
2026-06-15 06:45:00+02:00,51650.09003820497,53212.27329
2026-06-15 07:00:00+02:00,52232.90030127323,54357.93404
2026-06-15 07:15:00+02:00,53356.68334415527,55144.15999
2026-06-15 07:30:00+02:00,54310.40861932876,55980.7349
2026-06-15 07:45:00+02:00,55516.11466990255,56252.04943
2026-06-15 08:00:00+02:00,55726.19194465507,56869.13875
2026-06-15 08:15:00+02:00,56686.032458009686,57341.65517
2026-06-15 08:30:00+02:00,57603.62455602624,57602.39541
2026-06-15 08:45:00+02:00,57188.33150092775,58064.29892
2026-06-15 09:00:00+02:00,56313.63584493693,58057.87524
2026-06-15 09:15:00+02:00,56037.07583863972,58325.14843
2026-06-15 09:30:00+02:00,56234.25863230882,58675.07803
2026-06-15 09:45:00+02:00,56384.68588688397,58957.34232
2026-06-15 10:00:00+02:00,56119.50173236174,59608.72464
2026-06-15 10:15:00+02:00,55291.0196521159,59808.26704
2026-06-15 10:30:00+02:00,56422.12028222185,59913.39539
2026-06-15 10:45:00+02:00,56701.69449424213,60132.65514
2026-06-15 11:00:00+02:00,56101.309106304914,60321.11644
2026-06-15 11:15:00+02:00,56105.03123093234,60214.56517
2026-06-15 11:30:00+02:00,56686.36808544539,59964.47387
2026-06-15 11:45:00+02:00,56350.467577616844,60219.98097
2026-06-15 12:00:00+02:00,55010.557374686454,59577.85498
2026-06-15 12:15:00+02:00,55354.69951550702,59169.37319
2026-06-15 12:30:00+02:00,55302.61966382895,59083.71817
2026-06-15 12:45:00+02:00,55033.88619313699,59152.26511
2026-06-15 13:00:00+02:00,55331.65902077676,59774.83943
2026-06-15 13:15:00+02:00,55364.820082593185,59827.58253
2026-06-15 13:30:00+02:00,54689.341122210724,59138.04403
2026-06-15 13:45:00+02:00,54127.35071718074,58920.45819
2026-06-15 14:00:00+02:00,53781.519679506586,58638.87008
2026-06-15 14:15:00+02:00,54279.146482989585,57995.50694
2026-06-15 14:30:00+02:00,54129.82527610819,57474.29882
2026-06-15 14:45:00+02:00,54220.34013046765,56832.7093
2026-06-15 15:00:00+02:00,54397.87594629234,56342.90205
2026-06-15 15:15:00+02:00,54161.1726441091,56140.82494
2026-06-15 15:30:00+02:00,53959.937527936134,55058.74674
2026-06-15 15:45:00+02:00,53330.568511982165,54905.91056
2026-06-15 16:00:00+02:00,53914.82300128325,55476.39383
2026-06-15 16:15:00+02:00,53594.30985501382,55194.37342
2026-06-15 16:30:00+02:00,53620.964693752736,55036.04774
2026-06-15 16:45:00+02:00,53567.993777411706,54579.34897
2026-06-15 17:00:00+02:00,53457.1519463294,55018.08821
2026-06-15 17:15:00+02:00,53777.21277975614,54776.65476
2026-06-15 17:30:00+02:00,54547.41491393919,54795.28668
2026-06-15 17:45:00+02:00,54600.324246999975,55000.81792
2026-06-15 18:00:00+02:00,55222.17163368628,55457.34793
2026-06-15 18:15:00+02:00,54526.98407485523,55629.78924
2026-06-15 18:30:00+02:00,55931.418632775036,54957.73975
2026-06-15 18:45:00+02:00,56351.0086960275,55503.55512
2026-06-15 19:00:00+02:00,56327.02481785583,57214.45561
2026-06-15 19:15:00+02:00,56198.002953615214,56807.27636
2026-06-15 19:30:00+02:00,56152.292015993124,55887.72285
2026-06-15 19:45:00+02:00,55676.88398504664,55463.46907
2026-06-15 20:00:00+02:00,55177.035042888165,55722.83768
2026-06-15 20:15:00+02:00,53919.00992793321,55252.67338
2026-06-15 20:30:00+02:00,53763.28602122114,54514.59112
2026-06-15 20:45:00+02:00,53436.592874240196,53757.01898
2026-06-15 21:00:00+02:00,52554.34393260311,53258.59883
2026-06-15 21:15:00+02:00,52199.8541059518,52597.22351
2026-06-15 21:30:00+02:00,51762.15228873447,51605.06622
2026-06-15 21:45:00+02:00,51466.23307417144,52014.64771
2026-06-15 22:00:00+02:00,50606.28677031403,51316.59557
2026-06-15 22:15:00+02:00,50095.43863332117,50934.05182
2026-06-15 22:30:00+02:00,49849.17453785063,50086.06993
2026-06-15 22:45:00+02:00,49743.767108097854,49120.99128
2026-06-15 23:00:00+02:00,48978.51473970642,48299.67761
2026-06-15 23:15:00+02:00,48308.34597866706,47513.52445
2026-06-15 23:30:00+02:00,47936.51374551974,47121.14336
2026-06-15 23:45:00+02:00,47175.066750146754,46797.71505
2026-06-16 00:00:00+02:00,45747.779164850435,46105.2676
2026-06-16 00:15:00+02:00,45443.23626925228,45679.20743
2026-06-16 00:30:00+02:00,45396.25050716851,45461.30838
2026-06-16 00:45:00+02:00,44964.358489973485,45476.66361
2026-06-16 01:00:00+02:00,44449.30610144612,44465.3221
2026-06-16 01:15:00+02:00,44394.21281195357,44422.10692
2026-06-16 01:30:00+02:00,44284.640292611046,44075.59619
2026-06-16 01:45:00+02:00,44328.66137776193,43842.67035
2026-06-16 02:00:00+02:00,43579.24704632358,43408.32676
2026-06-16 02:15:00+02:00,43579.24704632358,43181.72517
2026-06-16 02:30:00+02:00,43579.24704632358,43226.82206
2026-06-16 02:45:00+02:00,43887.03828617561,43621.1403
2026-06-16 03:00:00+02:00,43882.11453721521,43339.84292
2026-06-16 03:15:00+02:00,44239.733648195834,43559.59868
2026-06-16 03:30:00+02:00,43894.445744070304,43884.24374
2026-06-16 03:45:00+02:00,44355.89667747131,44146.55403
2026-06-16 04:00:00+02:00,44443.747531812,44610.86467
2026-06-16 04:15:00+02:00,44464.155379850636,44512.60311
2026-06-16 04:30:00+02:00,44683.97809510703,44437.92924
2026-06-16 04:45:00+02:00,45204.433704193034,44896.55709
2026-06-16 05:00:00+02:00,45782.767991728644,46290.46168
2026-06-16 05:15:00+02:00,46021.20091093988,46787.77705
2026-06-16 05:30:00+02:00,46906.842777421734,47539.08117
2026-06-16 05:45:00+02:00,47797.72357707057,48857.95154
2026-06-16 06:00:00+02:00,50813.831382730365,50653.99544
2026-06-16 06:15:00+02:00,52567.09401277142,52276.65434
2026-06-16 06:30:00+02:00,53742.80907237735,53910.53925
2026-06-16 06:45:00+02:00,54994.34830280075,55096.54181
2026-06-16 07:00:00+02:00,55999.62990272709,55666.50995
2026-06-16 07:15:00+02:00,56302.723460923284,56680.9867
2026-06-16 07:30:00+02:00,56877.23186963046,57379.23529
2026-06-16 07:45:00+02:00,57542.42817915586,57988.48244
2026-06-16 08:00:00+02:00,57918.827401530274,57956.57214
2026-06-16 08:15:00+02:00,58559.58977515617,58759.26774
2026-06-16 08:30:00+02:00,58753.794180332305,59109.09157
2026-06-16 08:45:00+02:00,58817.65735101496,59241.71307
2026-06-16 09:00:00+02:00,59089.14234451063,58720.03093
2026-06-16 09:15:00+02:00,59416.81394707895,59631.90818
2026-06-16 09:30:00+02:00,59444.58035784526,60330.02455
2026-06-16 09:45:00+02:00,58843.40891011727,60840.15127
2026-06-16 10:00:00+02:00,59014.50095224478,60438.41428
2026-06-16 10:15:00+02:00,59017.93715995538,60913.02377
2026-06-16 10:30:00+02:00,59312.13989507228,60883.89074
2026-06-16 10:45:00+02:00,59168.44004774777,60463.77306
2026-06-16 11:00:00+02:00,58864.0702087313,60427.48297
2026-06-16 11:15:00+02:00,59323.68195500537,60555.67697
2026-06-16 11:30:00+02:00,59155.97077140551,60096.99216
2026-06-16 11:45:00+02:00,58959.01615491786,59764.91077
2026-06-16 12:00:00+02:00,58214.53088759763,59097.5688
2026-06-16 12:15:00+02:00,58049.45643683032,58672.6053
2026-06-16 12:30:00+02:00,57957.3941385755,58573.37945
2026-06-16 12:45:00+02:00,57781.48810905235,58263.32398
2026-06-16 13:00:00+02:00,57259.290495280984,57430.49923
2026-06-16 13:15:00+02:00,56378.51770413852,57536.65325
2026-06-16 13:30:00+02:00,56428.91062114178,57747.79863
2026-06-16 13:45:00+02:00,56094.920588125286,57580.96449
2026-06-16 14:00:00+02:00,55761.27727978073,56962.85485
2026-06-16 14:15:00+02:00,55458.852753821615,56517.57969
2026-06-16 14:30:00+02:00,55218.5196567308,55982.02938
2026-06-16 14:45:00+02:00,54404.777379410894,56207.2952
2026-06-16 15:00:00+02:00,55332.38093343995,56023.89672
2026-06-16 15:15:00+02:00,54718.96036252847,55517.97771
2026-06-16 15:30:00+02:00,54147.63687639156,55412.46132
2026-06-16 15:45:00+02:00,54044.416678451125,54524.55241
2026-06-16 16:00:00+02:00,55281.35254113401,54529.8404
2026-06-16 16:15:00+02:00,54734.6552902843,54619.67816
2026-06-16 16:30:00+02:00,54990.23603544671,54421.30691
2026-06-16 16:45:00+02:00,55064.380877022035,54865.5925
2026-06-16 17:00:00+02:00,55783.11881578714,55654.29425
2026-06-16 17:15:00+02:00,55909.32726791395,55851.75852
2026-06-16 17:30:00+02:00,56250.45440332444,56307.4588
2026-06-16 17:45:00+02:00,56513.91453074079,56865.30793
2026-06-16 18:00:00+02:00,56842.886050781926,57056.01451
2026-06-16 18:15:00+02:00,57209.51266634544,57836.46489
2026-06-16 18:30:00+02:00,57203.50140028593,58573.54071
2026-06-16 18:45:00+02:00,57173.53698823625,58607.87967
2026-06-16 19:00:00+02:00,57492.46235910505,58569.61682
2026-06-16 19:15:00+02:00,57485.85339548295,58166.41609
2026-06-16 19:30:00+02:00,57354.45027788393,57757.06716
2026-06-16 19:45:00+02:00,57094.867500511915,57575.38701
2026-06-16 20:00:00+02:00,57267.95786059496,56742.9749
2026-06-16 20:15:00+02:00,56562.65645403239,56074.37867
2026-06-16 20:30:00+02:00,56390.904109861585,55787.15129
2026-06-16 20:45:00+02:00,55803.3971879453,55321.31172
2026-06-16 21:00:00+02:00,55593.2670258547,54380.27775
2026-06-16 21:15:00+02:00,55418.79997358499,53943.65021
2026-06-16 21:30:00+02:00,54559.67737636365,52721.94073
2026-06-16 21:45:00+02:00,54401.272079431335,52847.50438
2026-06-16 22:00:00+02:00,53331.97928413124,52073.94632
2026-06-16 22:15:00+02:00,52792.499248566586,51691.28495
2026-06-16 22:30:00+02:00,51724.04451465747,51012.82163
2026-06-16 22:45:00+02:00,50795.088857409406,50445.53894
2026-06-16 23:00:00+02:00,49393.163105903,49427.39339
2026-06-16 23:15:00+02:00,48996.340136862564,48284.24944
2026-06-16 23:30:00+02:00,48203.76029346352,47601.6558
2026-06-16 23:45:00+02:00,47561.774524628825,47109.48424
2026-06-17 00:00:00+02:00,46255.724588448975,46131.37019
2026-06-17 00:15:00+02:00,46141.21622975358,45578.09506
2026-06-17 00:30:00+02:00,45861.013056042364,45426.21873
2026-06-17 00:45:00+02:00,45799.97153771033,45180.15798
2026-06-17 01:00:00+02:00,45194.547632016474,45089.52486
2026-06-17 01:15:00+02:00,45029.93985785673,44737.16766
2026-06-17 01:30:00+02:00,44594.02548719863,44594.7052
2026-06-17 01:45:00+02:00,44481.70199671622,44257.51456
2026-06-17 02:00:00+02:00,44008.176824437105,43625.54226
2026-06-17 02:15:00+02:00,43635.83156336342,43517.09052
2026-06-17 02:30:00+02:00,43692.77105944495,43728.52733
2026-06-17 02:45:00+02:00,43627.30436332314,43795.82899
2026-06-17 03:00:00+02:00,43824.383503346915,43690.97363
2026-06-17 03:15:00+02:00,43824.383503346915,43855.42332
2026-06-17 03:30:00+02:00,44039.43694534502,43921.70762
2026-06-17 03:45:00+02:00,44437.87419293142,44006.97197
2026-06-17 04:00:00+02:00,44877.51902364196,44179.84478
2026-06-17 04:15:00+02:00,44880.969358606686,44542.13758
2026-06-17 04:30:00+02:00,45104.79886722659,45043.64033
2026-06-17 04:45:00+02:00,45302.45934867415,44920.74429
2026-06-17 05:00:00+02:00,45726.739969956296,46179.67808
2026-06-17 05:15:00+02:00,45929.156683911046,46555.7941
2026-06-17 05:30:00+02:00,46713.16834441856,47515.81903
2026-06-17 05:45:00+02:00,48140.04661918254,49026.71907
2026-06-17 06:00:00+02:00,50787.064767583244,51492.32073
2026-06-17 06:15:00+02:00,53155.15161765945,53248.46088
2026-06-17 06:30:00+02:00,54270.04562917833,54571.53883
2026-06-17 06:45:00+02:00,54949.076006731346,56057.40465
2026-06-17 07:00:00+02:00,55561.765688416526,57099.57223
2026-06-17 07:15:00+02:00,56367.98202227875,58614.92969
2026-06-17 07:30:00+02:00,56943.692671456425,59143.4643
2026-06-17 07:45:00+02:00,57351.78501265372,59914.2993
2026-06-17 08:00:00+02:00,57661.632049804684,59548.11071
2026-06-17 08:15:00+02:00,58217.42225516665,60343.24997
2026-06-17 08:30:00+02:00,58673.7947874926,60884.14073
2026-06-17 08:45:00+02:00,58687.84977596788,60367.1681
2026-06-17 09:00:00+02:00,57981.48690223393,58849.75557
2026-06-17 09:15:00+02:00,57897.03573050612,58891.02127
2026-06-17 09:30:00+02:00,57990.95035854454,58690.40606
2026-06-17 09:45:00+02:00,58046.89712407584,58394.89346
2026-06-17 10:00:00+02:00,57945.526636735856,58236.63112
2026-06-17 10:15:00+02:00,58057.063579178495,59066.88896
2026-06-17 10:30:00+02:00,58170.36888292617,58974.60266
2026-06-17 10:45:00+02:00,58250.77197808634,58572.28578
2026-06-17 11:00:00+02:00,58317.47462967544,58423.32305
2026-06-17 11:15:00+02:00,58325.24644283139,58582.27295
2026-06-17 11:30:00+02:00,58224.98787036507,58434.22926
2026-06-17 11:45:00+02:00,58158.55535568311,58577.78401
2026-06-17 12:00:00+02:00,58274.73224434696,57794.20094
2026-06-17 12:15:00+02:00,58217.37242554003,57657.57783
2026-06-17 12:30:00+02:00,57923.87121061181,57530.24773
2026-06-17 12:45:00+02:00,57664.42211458045,58185.84147
2026-06-17 13:00:00+02:00,57749.94247803695,57566.79356
2026-06-17 13:15:00+02:00,57022.629345348505,57731.45054
2026-06-17 13:30:00+02:00,56420.777292477345,57684.89898
2026-06-17 13:45:00+02:00,56064.428877530976,56722.56519
2026-06-17 14:00:00+02:00,55767.688047306234,56126.55146
2026-06-17 14:15:00+02:00,55462.85660680489,56093.29331
2026-06-17 14:30:00+02:00,55128.74266223146,55987.42468
2026-06-17 14:45:00+02:00,54555.16286066403,55749.36763
2026-06-17 15:00:00+02:00,55696.5220089358,55198.4174
2026-06-17 15:15:00+02:00,55611.924554632446,54700.04989
2026-06-17 15:30:00+02:00,55495.08570978874,54848.32533
2026-06-17 15:45:00+02:00,55495.08570978874,55033.40775
2026-06-17 16:00:00+02:00,55764.25253357444,55683.57318
2026-06-17 16:15:00+02:00,55764.25253357444,55848.38143
2026-06-17 16:30:00+02:00,55953.64370146036,56044.78035
2026-06-17 16:45:00+02:00,55956.429464061286,56515.70712
2026-06-17 17:00:00+02:00,55979.88067567938,56954.2504
2026-06-17 17:15:00+02:00,56485.445323689215,56798.23273
2026-06-17 17:30:00+02:00,56568.300473012365,57332.95946
2026-06-17 17:45:00+02:00,56735.73309549185,57739.8445
2026-06-17 18:00:00+02:00,57129.958388643725,59470.41704
2026-06-17 18:15:00+02:00,57259.23595606164,59423.53029
2026-06-17 18:30:00+02:00,57248.052875747926,59861.65775
2026-06-17 18:45:00+02:00,57798.823826762135,59867.1651
2026-06-17 19:00:00+02:00,57203.581848811846,61331.14943
2026-06-17 19:15:00+02:00,56834.20906578159,60568.4403
2026-06-17 19:30:00+02:00,56766.70285356107,60405.70818
2026-06-17 19:45:00+02:00,56552.27263231511,59597.00398
2026-06-17 20:00:00+02:00,56411.74932032009,59676.12927
2026-06-17 20:15:00+02:00,55952.638204357376,59228.68627
2026-06-17 20:30:00+02:00,55239.93986906257,58798.40531
2026-06-17 20:45:00+02:00,55076.26150816873,57798.48281
2026-06-17 21:00:00+02:00,54587.97022078398,56987.64755
2026-06-17 21:15:00+02:00,54587.97022078398,56349.33103
2026-06-17 21:30:00+02:00,53768.724067339186,55723.17097
2026-06-17 21:45:00+02:00,53401.67093859779,55402.27275
2026-06-17 22:00:00+02:00,52349.27307274947,54650.32038
2026-06-17 22:15:00+02:00,51995.68530696728,53785.33386
2026-06-17 22:30:00+02:00,51623.38115841667,53109.17109
2026-06-17 22:45:00+02:00,50953.95836505062,52725.40656
2026-06-17 23:00:00+02:00,48915.85179813386,51610.48563
2026-06-17 23:15:00+02:00,48377.55260044375,50634.02684
2026-06-17 23:30:00+02:00,47529.283931044505,49799.03497
2026-06-17 23:45:00+02:00,47405.52148530637,49080.32911
2026-06-18 00:00:00+02:00,46716.35438067884,48333.36803
2026-06-18 00:15:00+02:00,46555.22918310494,47545.15281
2026-06-18 00:30:00+02:00,46454.618150469076,47346.41929
2026-06-18 00:45:00+02:00,46177.069644118084,46672.01121
2026-06-18 01:00:00+02:00,44717.16201976548,46128.56574
2026-06-18 01:15:00+02:00,44699.36657245408,45937.05195
2026-06-18 01:30:00+02:00,44676.32823253592,45672.89416
2026-06-18 01:45:00+02:00,44656.28651686108,45258.9582
2026-06-18 02:00:00+02:00,44299.937910131346,44786.34153
2026-06-18 02:15:00+02:00,43814.036262510395,44440.6545
2026-06-18 02:30:00+02:00,43918.91559225481,44357.66529
2026-06-18 02:45:00+02:00,43929.161062722334,44174.0459
2026-06-18 03:00:00+02:00,44179.203545901815,44483.66486
2026-06-18 03:15:00+02:00,44483.792749693006,44746.75667
2026-06-18 03:30:00+02:00,45111.2928138336,44556.85126
2026-06-18 03:45:00+02:00,44738.922395144415,44479.04201
2026-06-18 04:00:00+02:00,45167.59966754412,44909.51379
2026-06-18 04:15:00+02:00,45326.51223342499,45452.51089
2026-06-18 04:30:00+02:00,45457.00003803744,45703.06538
2026-06-18 04:45:00+02:00,45333.36070804021,45647.57972
2026-06-18 05:00:00+02:00,46006.74099467043,45898.53799
2026-06-18 05:15:00+02:00,46027.10981903786,46486.62786
2026-06-18 05:30:00+02:00,46495.551328542286,47682.66695
2026-06-18 05:45:00+02:00,47477.825825887994,48972.67189
2026-06-18 06:00:00+02:00,49314.718083639134,50949.69097
2026-06-18 06:15:00+02:00,51081.623076973156,53180.55183
2026-06-18 06:30:00+02:00,51803.990183354894,55157.45717
2026-06-18 06:45:00+02:00,53027.908923909745,56149.08629
2026-06-18 07:00:00+02:00,54342.06786682766,56957.34652
2026-06-18 07:15:00+02:00,56011.73705167701,58447.6701
2026-06-18 07:30:00+02:00,56697.00398402828,59846.4956
2026-06-18 07:45:00+02:00,57148.32499856075,60399.66366
2026-06-18 08:00:00+02:00,57187.95592659189,59841.91303
2026-06-18 08:15:00+02:00,57980.82197621034,60312.2971
2026-06-18 08:30:00+02:00,58222.428727543345,60439.65485
2026-06-18 08:45:00+02:00,58327.27065431632,61448.70669
2026-06-18 09:00:00+02:00,57964.11396243203,60332.90257
2026-06-18 09:15:00+02:00,58095.286573311634,59665.80207
2026-06-18 09:30:00+02:00,58368.635556578585,58850.04423
2026-06-18 09:45:00+02:00,58660.804615399895,58793.31298
2026-06-18 10:00:00+02:00,58051.00693220694,58972.13327
2026-06-18 10:15:00+02:00,58522.80739865279,58782.23699
2026-06-18 10:30:00+02:00,57845.52540320838,58617.08825
2026-06-18 10:45:00+02:00,57908.86430925691,58611.08822
2026-06-18 11:00:00+02:00,57666.05952340428,58935.288
2026-06-18 11:15:00+02:00,58041.574618154125,59357.6298
2026-06-18 11:30:00+02:00,58100.96958259632,59422.53132
2026-06-18 11:45:00+02:00,57638.168660300245,59426.82625
2026-06-18 12:00:00+02:00,57416.322911635514,58625.11939
2026-06-18 12:15:00+02:00,57315.68800257703,59140.34526
2026-06-18 12:30:00+02:00,56942.0030476132,58870.56018
2026-06-18 12:45:00+02:00,56793.47996459164,59099.73035
2026-06-18 13:00:00+02:00,56107.85765545827,59718.73431
2026-06-18 13:15:00+02:00,55181.85931384603,59310.30623
2026-06-18 13:30:00+02:00,54720.96081696658,58832.22146
2026-06-18 13:45:00+02:00,54462.739191710665,58313.93408
2026-06-18 14:00:00+02:00,53507.15433250695,57888.16428
2026-06-18 14:15:00+02:00,53022.97853245542,57664.49508
2026-06-18 14:30:00+02:00,53135.80207015792,57373.9256
2026-06-18 14:45:00+02:00,52162.53294853601,57119.67887
2026-06-18 15:00:00+02:00,51962.56754724374,57020.44443
2026-06-18 15:15:00+02:00,51750.466144440994,56490.28907
2026-06-18 15:30:00+02:00,51436.60358339392,56560.92828
2026-06-18 15:45:00+02:00,51605.474120236955,56162.10278
2026-06-18 16:00:00+02:00,52040.516790395384,56455.34021
2026-06-18 16:15:00+02:00,52797.423343279166,55806.66505
2026-06-18 16:30:00+02:00,52674.892038529324,55855.57331
2026-06-18 16:45:00+02:00,52642.17191304672,55565.01186
2026-06-18 17:00:00+02:00,53484.25909586591,56057.13977
2026-06-18 17:15:00+02:00,54080.82711044835,55941.16217
2026-06-18 17:30:00+02:00,53919.75123473345,56583.31729
2026-06-18 17:45:00+02:00,54399.71230792293,57588.66501
2026-06-18 18:00:00+02:00,54890.83593279311,58720.07801
2026-06-18 18:15:00+02:00,55241.82771587525,58942.78124
2026-06-18 18:30:00+02:00,55539.905005891545,58474.42576
2026-06-18 18:45:00+02:00,56136.68870816534,58957.34981
2026-06-18 19:00:00+02:00,56612.33662482593,59328.69123
2026-06-18 19:15:00+02:00,56617.74020697105,59470.21178
2026-06-18 19:30:00+02:00,56007.447113220296,59499.11728
2026-06-18 19:45:00+02:00,55857.05647862166,59055.68312
2026-06-18 20:00:00+02:00,55586.108790766884,58458.81215
2026-06-18 20:15:00+02:00,55526.341143417885,58007.67189
2026-06-18 20:30:00+02:00,55467.06115973225,57358.93194
2026-06-18 20:45:00+02:00,54382.66191508336,57085.8115
2026-06-18 21:00:00+02:00,53612.96749678196,56524.51254
2026-06-18 21:15:00+02:00,52998.63027733663,55957.70124
2026-06-18 21:30:00+02:00,52998.63027733663,55541.33701
2026-06-18 21:45:00+02:00,52902.78888517688,55384.14739
2026-06-18 22:00:00+02:00,51608.60189167744,55126.25897
2026-06-18 22:15:00+02:00,51575.312720177215,54463.23884
2026-06-18 22:30:00+02:00,50923.760001651324,53262.3
2026-06-18 22:45:00+02:00,50354.87231517245,52327.77519
2026-06-18 23:00:00+02:00,48644.25916462104,51195.54115
2026-06-18 23:15:00+02:00,48213.31746369442,50733.11382
2026-06-18 23:30:00+02:00,47569.3669991693,49609.80612
2026-06-18 23:45:00+02:00,47116.03530845256,48961.65732
2026-06-19 00:00:00+02:00,47146.0694153851,47768.69965
2026-06-19 00:15:00+02:00,47010.15384706545,47220.22033
2026-06-19 00:30:00+02:00,46756.06518338577,46538.36343
2026-06-19 00:45:00+02:00,46698.933744626236,45877.79073
2026-06-19 01:00:00+02:00,46071.52071688506,44915.09503
2026-06-19 01:15:00+02:00,44957.38197267759,44777.2276
2026-06-19 01:30:00+02:00,44701.461504187864,44909.60852
2026-06-19 01:45:00+02:00,44744.77287678276,44760.96265
2026-06-19 02:00:00+02:00,44706.011866726956,44641.28674
2026-06-19 02:15:00+02:00,44654.34496397125,44436.7751
2026-06-19 02:30:00+02:00,45011.81032556898,44655.51145
2026-06-19 02:45:00+02:00,45033.222590748155,44237.99935
2026-06-19 03:00:00+02:00,44904.78501279042,44262.67637
2026-06-19 03:15:00+02:00,45262.195509957055,44759.39981
2026-06-19 03:30:00+02:00,45074.895262909224,45299.95425
2026-06-19 03:45:00+02:00,45468.70676282568,45380.7945
2026-06-19 04:00:00+02:00,45822.32226408485,45858.98098
2026-06-19 04:15:00+02:00,45842.63878961373,45967.09304
2026-06-19 04:30:00+02:00,45942.95793636179,46474.11584
2026-06-19 04:45:00+02:00,45999.796740025784,47291.10436
2026-06-19 05:00:00+02:00,46969.30876186609,47674.38829
2026-06-19 05:15:00+02:00,47110.29360339562,48049.09901
2026-06-19 05:30:00+02:00,47392.733694167306,48887.42726
2026-06-19 05:45:00+02:00,48625.28142159771,50390.22871
2026-06-19 06:00:00+02:00,51079.20619829328,52152.44449
2026-06-19 06:15:00+02:00,53059.65980488605,54256.29774
2026-06-19 06:30:00+02:00,54134.68555311374,55926.16971
2026-06-19 06:45:00+02:00,54770.66032569611,56920.41372
2026-06-19 07:00:00+02:00,56384.88235601082,57400.10382
2026-06-19 07:15:00+02:00,57516.73830504415,58607.40966
2026-06-19 07:30:00+02:00,58655.75882354337,59841.31264
2026-06-19 07:45:00+02:00,59338.75807779285,60983.90434
2026-06-19 08:00:00+02:00,59131.00403643853,60851.76811
2026-06-19 08:15:00+02:00,59555.46819833486,61192.3174
2026-06-19 08:30:00+02:00,59576.24165103735,61754.83619
2026-06-19 08:45:00+02:00,60314.380140188536,62456.30771
2026-06-19 09:00:00+02:00,59439.81033965548,61146.71628
2026-06-19 09:15:00+02:00,59448.759545865774,61492.3032
2026-06-19 09:30:00+02:00,60058.72236176312,60908.29909
2026-06-19 09:45:00+02:00,60127.097339617234,60879.16344
2026-06-19 10:00:00+02:00,60155.510803444726,61409.77907
2026-06-19 10:15:00+02:00,60371.36647442446,61089.47845
2026-06-19 10:30:00+02:00,60096.19312469926,60931.67598
2026-06-19 10:45:00+02:00,60447.80969645174,60890.19286
2026-06-19 11:00:00+02:00,60630.34817173333,60787.00242
2026-06-19 11:15:00+02:00,60292.009446373995,60534.56162
2026-06-19 11:30:00+02:00,60089.49539532941,60230.13425
2026-06-19 11:45:00+02:00,60169.92609490412,60530.48777
2026-06-19 12:00:00+02:00,59712.731620978084,60437.44748
2026-06-19 12:15:00+02:00,59585.27541978056,60368.97041
2026-06-19 12:30:00+02:00,59137.783538277945,60758.1356
2026-06-19 12:45:00+02:00,59540.0530268903,60183.6083
2026-06-19 13:00:00+02:00,58930.14707582773,59328.32907
2026-06-19 13:15:00+02:00,58981.28713927928,58598.16585
2026-06-19 13:30:00+02:00,58860.2308349785,58550.29586
2026-06-19 13:45:00+02:00,58466.655826130554,58097.40956
2026-06-19 14:00:00+02:00,57689.440142599,58567.41479
2026-06-19 14:15:00+02:00,56961.01690990248,58368.73407
2026-06-19 14:30:00+02:00,57112.82526028418,57632.61337
2026-06-19 14:45:00+02:00,57136.57969679779,56931.19179
2026-06-19 15:00:00+02:00,57220.404258932336,56519.68042
2026-06-19 15:15:00+02:00,56963.89805765148,56453.26617
2026-06-19 15:30:00+02:00,57009.22745341252,55839.71078
2026-06-19 15:45:00+02:00,57148.15337982633,55188.11209
2026-06-19 16:00:00+02:00,57753.396857517044,55638.18995
2026-06-19 16:15:00+02:00,57409.93200273103,55141.64051
2026-06-19 16:30:00+02:00,57175.99053837049,54837.24657
2026-06-19 16:45:00+02:00,56916.34469856521,55722.743
2026-06-19 17:00:00+02:00,56809.623568424206,56255.03341
2026-06-19 17:15:00+02:00,57109.45154310829,56291.70152
2026-06-19 17:30:00+02:00,56677.82337561011,57080.94878
2026-06-19 17:45:00+02:00,56837.23920583575,57755.03091
2026-06-19 18:00:00+02:00,57000.94472992738,58557.23775
2026-06-19 18:15:00+02:00,57255.23652787427,58254.68258
2026-06-19 18:30:00+02:00,57279.073795151126,58812.91302
2026-06-19 18:45:00+02:00,57463.61452566607,58408.35998
2026-06-19 19:00:00+02:00,57482.15053466096,58552.64559
2026-06-19 19:15:00+02:00,56702.81419908948,58078.01387
2026-06-19 19:30:00+02:00,55842.458110277796,57477.58769
2026-06-19 19:45:00+02:00,55618.702838851714,57191.20564
2026-06-19 20:00:00+02:00,55571.85950911343,56801.83446
2026-06-19 20:15:00+02:00,55241.92975138147,55913.18064
2026-06-19 20:30:00+02:00,55006.08843972591,54715.21404
2026-06-19 20:45:00+02:00,54887.51823449952,54180.56281
2026-06-19 21:00:00+02:00,54066.63890699101,53296.98149
2026-06-19 21:15:00+02:00,53515.105238055614,52308.66882
2026-06-19 21:30:00+02:00,52675.529908188626,52157.43085
2026-06-19 21:45:00+02:00,52310.05786371031,52491.60068
2026-06-19 22:00:00+02:00,51737.84749658047,51754.09211
2026-06-19 22:15:00+02:00,51321.074102511666,51126.67828
2026-06-19 22:30:00+02:00,50335.970331713834,50800.11502
2026-06-19 22:45:00+02:00,49874.841708765554,50210.26414
2026-06-19 23:00:00+02:00,48941.393626435776,49287.9126
2026-06-19 23:15:00+02:00,48261.733995400034,49317.26991
2026-06-19 23:30:00+02:00,48229.40069335411,48177.47188
2026-06-19 23:45:00+02:00,47586.854333530675,47119.31238
2026-06-20 00:00:00+02:00,44519.10185275226,46489.5731
2026-06-20 00:15:00+02:00,44172.76403397578,46653.50345
2026-06-20 00:30:00+02:00,44210.94147802339,46233.83141
2026-06-20 00:45:00+02:00,43736.505955038316,45949.91505
2026-06-20 01:00:00+02:00,42532.09062490847,46114.93019
2026-06-20 01:15:00+02:00,42149.79563069026,46494.38248
2026-06-20 01:30:00+02:00,41869.55429220251,45441.70659
2026-06-20 01:45:00+02:00,41860.271820099515,45025.01699
2026-06-20 02:00:00+02:00,41665.19040010361,44182.37789
2026-06-20 02:15:00+02:00,41655.255320759454,43720.40186
2026-06-20 02:30:00+02:00,41435.237305395276,43745.3438
2026-06-20 02:45:00+02:00,41418.75456918973,44779.36526
2026-06-20 03:00:00+02:00,41801.11666628508,45590.72105
2026-06-20 03:15:00+02:00,41801.11666628508,44184.3825
2026-06-20 03:30:00+02:00,41718.16333358293,43179.02304
2026-06-20 03:45:00+02:00,41719.75592989296,42607.20945
2026-06-20 04:00:00+02:00,41760.94363550544,41339.5453
2026-06-20 04:15:00+02:00,41762.00888991421,41223.29686
2026-06-20 04:30:00+02:00,41762.00888991421,41604.38626
2026-06-20 04:45:00+02:00,41751.76749079956,40608.32891
2026-06-20 05:00:00+02:00,42022.01048966966,40224.1729
2026-06-20 05:15:00+02:00,42061.61600811473,40413.0789
2026-06-20 05:30:00+02:00,42197.4085888868,41385.69092
2026-06-20 05:45:00+02:00,42704.007342893245,42514.43061
2026-06-20 06:00:00+02:00,43166.92175456737,43353.37156
2026-06-20 06:15:00+02:00,43329.887964612375,44242.41055
2026-06-20 06:30:00+02:00,44567.47217667368,45102.53812
2026-06-20 06:45:00+02:00,44337.84411950682,44618.94882
2026-06-20 07:00:00+02:00,44730.09694796071,44235.42849
2026-06-20 07:15:00+02:00,45123.856045798595,44539.11161
2026-06-20 07:30:00+02:00,45249.71443900445,45750.28991
2026-06-20 07:45:00+02:00,46002.06112188945,46256.21147
2026-06-20 08:00:00+02:00,46219.9245878052,47083.77435
2026-06-20 08:15:00+02:00,46301.95123700044,48043.5641
2026-06-20 08:30:00+02:00,46438.32185309937,48910.31571
2026-06-20 08:45:00+02:00,47027.57661223418,49190.00904
2026-06-20 09:00:00+02:00,46918.56796181563,49651.13131
2026-06-20 09:15:00+02:00,47082.357782124396,50043.08308
2026-06-20 09:30:00+02:00,47038.916874860326,50497.53158
2026-06-20 09:45:00+02:00,47480.205411910916,51247.9879
2026-06-20 10:00:00+02:00,46909.667968621754,50830.42228
2026-06-20 10:15:00+02:00,46920.3172153137,50774.39313
2026-06-20 10:30:00+02:00,47072.982530872025,50468.69167
2026-06-20 10:45:00+02:00,47619.95320680161,50974.65983
2026-06-20 11:00:00+02:00,47796.243789742584,50178.2775
2026-06-20 11:15:00+02:00,48039.56742268755,50231.16916
2026-06-20 11:30:00+02:00,47890.6604936027,51021.09949
2026-06-20 11:45:00+02:00,47490.553477807385,50113.56291
2026-06-20 12:00:00+02:00,47536.14966109681,49055.64727
2026-06-20 12:15:00+02:00,47765.02733766672,48947.71062
2026-06-20 12:30:00+02:00,47533.417079201194,49190.65546
2026-06-20 12:45:00+02:00,47195.086488396504,49047.71316
2026-06-20 13:00:00+02:00,47022.05599700007,48457.92115
2026-06-20 13:15:00+02:00,46523.55636913154,47711.9211
2026-06-20 13:30:00+02:00,46455.53746643814,47705.18624
2026-06-20 13:45:00+02:00,46423.88277243459,47493.95718
2026-06-20 14:00:00+02:00,46279.651931151355,46404.5002
2026-06-20 14:15:00+02:00,46183.15761695662,45805.7986
2026-06-20 14:30:00+02:00,45503.51904092856,45223.94242
2026-06-20 14:45:00+02:00,45888.06596693153,44853.7184
2026-06-20 15:00:00+02:00,45852.295107716156,45215.46679
2026-06-20 15:15:00+02:00,45417.58450941171,44991.11815
2026-06-20 15:30:00+02:00,44791.112135810356,44461.7263
2026-06-20 15:45:00+02:00,45167.615343731224,45310.93444
2026-06-20 16:00:00+02:00,45252.36318316375,45750.44855
2026-06-20 16:15:00+02:00,45092.10429280617,46137.37248
2026-06-20 16:30:00+02:00,45102.18761782727,45972.41334
2026-06-20 16:45:00+02:00,45113.35936599667,46186.5119
2026-06-20 17:00:00+02:00,45523.47756340356,46808.9049
2026-06-20 17:15:00+02:00,45571.56066789363,46816.41024
2026-06-20 17:30:00+02:00,46268.074176813905,46901.99405
2026-06-20 17:45:00+02:00,46865.808107233264,47214.76493
2026-06-20 18:00:00+02:00,46998.336996391765,48034.71851
2026-06-20 18:15:00+02:00,47477.39154816461,48562.27579
2026-06-20 18:30:00+02:00,47503.4487780722,48980.73194
2026-06-20 18:45:00+02:00,47618.2951700827,49364.5392
2026-06-20 19:00:00+02:00,48192.58929875211,50895.85615
2026-06-20 19:15:00+02:00,48267.61186397131,50337.41448
2026-06-20 19:30:00+02:00,48455.044805422054,50535.68154
2026-06-20 19:45:00+02:00,48258.62378581228,50284.70779
2026-06-20 20:00:00+02:00,48363.607889877574,51306.42667
2026-06-20 20:15:00+02:00,48230.11836961534,50095.18754
2026-06-20 20:30:00+02:00,47745.78354454686,49089.26842
2026-06-20 20:45:00+02:00,47728.724090531774,48462.63477
2026-06-20 21:00:00+02:00,47306.83910562154,48190.41299
2026-06-20 21:15:00+02:00,46608.10999227844,47813.52424
2026-06-20 21:30:00+02:00,46582.17470535216,47293.85327
2026-06-20 21:45:00+02:00,46792.395581842735,47198.71265
2026-06-20 22:00:00+02:00,46457.929654675114,47198.03931
2026-06-20 22:15:00+02:00,45879.66718610613,46669.80143
2026-06-20 22:30:00+02:00,45627.337639771,46064.65776
2026-06-20 22:45:00+02:00,45099.30490894337,45980.42324
2026-06-20 23:00:00+02:00,44278.29760606762,44890.08162
2026-06-20 23:15:00+02:00,43563.135200834215,44606.37972
2026-06-20 23:30:00+02:00,43270.69450459286,43827.95213
2026-06-20 23:45:00+02:00,43270.69450459286,43473.30039
2026-06-21 00:00:00+02:00,41059.08698228562,43438.92067
2026-06-21 00:15:00+02:00,40818.60755365562,43168.24479
2026-06-21 00:30:00+02:00,40764.31071720708,43185.06648
2026-06-21 00:45:00+02:00,40616.54452973886,42785.48784
2026-06-21 01:00:00+02:00,40412.19427740766,42419.99222
2026-06-21 01:15:00+02:00,40342.47568705802,41823.75649
2026-06-21 01:30:00+02:00,40172.7578456483,41197.7815
2026-06-21 01:45:00+02:00,40148.63083021704,40475.03416
2026-06-21 02:00:00+02:00,40063.925337912966,40043.03178
2026-06-21 02:15:00+02:00,40005.511329899295,39769.26778
2026-06-21 02:30:00+02:00,39989.34347391188,39929.23206
2026-06-21 02:45:00+02:00,39953.63878303922,39591.6266
2026-06-21 03:00:00+02:00,40039.23681449551,39755.4813
2026-06-21 03:15:00+02:00,39910.78774114069,39425.27539
2026-06-21 03:30:00+02:00,39860.118888698926,38754.50851
2026-06-21 03:45:00+02:00,39840.568488761506,38696.63135
2026-06-21 04:00:00+02:00,39956.262635594365,38242.92966
2026-06-21 04:15:00+02:00,39979.19252548263,37688.40086
2026-06-21 04:30:00+02:00,39979.19252548263,37868.70749
2026-06-21 04:45:00+02:00,39999.524442157126,37946.61178
2026-06-21 05:00:00+02:00,40098.865766346564,37747.42598
2026-06-21 05:15:00+02:00,40104.408080071706,38405.28043
2026-06-21 05:30:00+02:00,40102.3870313563,39269.15509
2026-06-21 05:45:00+02:00,40186.56278381286,39106.29533
2026-06-21 06:00:00+02:00,40524.281367800024,39310.88028
2026-06-21 06:15:00+02:00,40527.52281454015,39723.35607
2026-06-21 06:30:00+02:00,40695.171297518675,39796.70627
2026-06-21 06:45:00+02:00,40868.29740960254,39751.24526
2026-06-21 07:00:00+02:00,41056.09160611284,39025.14119
2026-06-21 07:15:00+02:00,41256.64648274493,39425.47222
2026-06-21 07:30:00+02:00,41422.52403384077,39657.04885
2026-06-21 07:45:00+02:00,41660.03981922302,40504.19947
2026-06-21 08:00:00+02:00,41637.641264276564,40587.49705
2026-06-21 08:15:00+02:00,42041.23609904073,41705.39721
2026-06-21 08:30:00+02:00,42056.34798846767,43099.3801
2026-06-21 08:45:00+02:00,42780.69145546789,43623.64492
2026-06-21 09:00:00+02:00,42642.234233185,44773.79564
2026-06-21 09:15:00+02:00,43712.933834844276,46024.67718
2026-06-21 09:30:00+02:00,43784.45989754258,46206.60982
2026-06-21 09:45:00+02:00,44278.41707345037,46648.60625
2026-06-21 10:00:00+02:00,44500.51808590042,46077.29764
2026-06-21 10:15:00+02:00,44610.983825872674,46260.02247
2026-06-21 10:30:00+02:00,44693.58754512933,46416.44699
2026-06-21 10:45:00+02:00,44734.50549150026,46328.28995
2026-06-21 11:00:00+02:00,44577.228513932125,46737.70486
2026-06-21 11:15:00+02:00,44926.00670353486,47148.14693
2026-06-21 11:30:00+02:00,45425.50866802702,47203.2967
2026-06-21 11:45:00+02:00,45458.70191324122,46640.3238
2026-06-21 12:00:00+02:00,45428.28914069339,46475.59353
2026-06-21 12:15:00+02:00,45428.28914069339,46096.02752
2026-06-21 12:30:00+02:00,45319.6125975112,45465.0858
2026-06-21 12:45:00+02:00,44581.58365573366,45416.68309
2026-06-21 13:00:00+02:00,44474.28148306293,44432.96549
2026-06-21 13:15:00+02:00,44227.04206131867,44406.04442
2026-06-21 13:30:00+02:00,43834.46466352404,44176.66148
2026-06-21 13:45:00+02:00,43602.47690298484,43578.07251
2026-06-21 14:00:00+02:00,44552.8491564178,43411.11266
2026-06-21 14:15:00+02:00,43736.441214639526,42619.44571
2026-06-21 14:30:00+02:00,43431.13380917538,42806.39336
2026-06-21 14:45:00+02:00,43569.621583901724,42954.97186
2026-06-21 15:00:00+02:00,43728.688987327994,42782.59394
2026-06-21 15:15:00+02:00,43230.31164693958,42174.06592
2026-06-21 15:30:00+02:00,43109.65032108649,41987.0603
2026-06-21 15:45:00+02:00,42825.2133081635,41546.55395
2026-06-21 16:00:00+02:00,43031.73050836523,41930.14351
2026-06-21 16:15:00+02:00,42880.2381418069,42852.96222
2026-06-21 16:30:00+02:00,42780.89036272364,43318.82236
2026-06-21 16:45:00+02:00,43260.32464296194,43611.72636
2026-06-21 17:00:00+02:00,44050.56160787234,44981.2454
2026-06-21 17:15:00+02:00,43907.91567975769,45171.06329
2026-06-21 17:30:00+02:00,44391.71899209518,45457.86232
2026-06-21 17:45:00+02:00,45566.31788420254,45890.09288
2026-06-21 18:00:00+02:00,44879.16296228871,47586.80025
2026-06-21 18:15:00+02:00,45434.13348670694,47769.98194
2026-06-21 18:30:00+02:00,45921.14073596078,48370.38331
2026-06-21 18:45:00+02:00,45971.67484295935,48824.34409
2026-06-21 19:00:00+02:00,46304.42935614517,49950.43342
2026-06-21 19:15:00+02:00,46564.101015288026,50146.8118
2026-06-21 19:30:00+02:00,46275.91845200213,49963.8753
2026-06-21 19:45:00+02:00,45982.847947144764,49952.38943
2026-06-21 20:00:00+02:00,46689.26891697004,50111.50544
2026-06-21 20:15:00+02:00,46125.52222457203,49963.76865
2026-06-21 20:30:00+02:00,45904.889167922796,49294.50613
2026-06-21 20:45:00+02:00,45512.68539234564,49519.46856
2026-06-21 21:00:00+02:00,45638.9328809351,49878.0133
2026-06-21 21:15:00+02:00,46032.79949707954,49400.53402
2026-06-21 21:30:00+02:00,46037.75978226979,48837.82805
2026-06-21 21:45:00+02:00,46128.71470838097,49102.15025
2026-06-21 22:00:00+02:00,45597.79783164551,49286.27397
2026-06-21 22:15:00+02:00,45688.14629485207,49470.25881
2026-06-21 22:30:00+02:00,45341.45852978058,49320.39105
2026-06-21 22:45:00+02:00,45006.790557709115,48858.77706
2026-06-21 23:00:00+02:00,44463.40266281607,48270.84868
2026-06-21 23:15:00+02:00,43906.787934962114,47351.63584
2026-06-21 23:30:00+02:00,43332.65731836116,46483.38069
2026-06-21 23:45:00+02:00,43131.106964495935,45779.92914
2026-06-22 00:00:00+02:00,43666.996561711494,45581.92022
2026-06-22 00:15:00+02:00,43366.99844367138,45363.30225
2026-06-22 00:30:00+02:00,43274.78855753025,44774.96901
2026-06-22 00:45:00+02:00,43129.24775556659,44656.31445
2026-06-22 01:00:00+02:00,42732.30918364758,44132.53002
2026-06-22 01:15:00+02:00,42710.16837779487,43759.92031
2026-06-22 01:30:00+02:00,42448.88306031918,43149.22375
2026-06-22 01:45:00+02:00,42444.02690671324,43014.35592
2026-06-22 02:00:00+02:00,42113.6918951763,42758.38708
2026-06-22 02:15:00+02:00,41967.491173787435,42715.88342
2026-06-22 02:30:00+02:00,41829.408831343084,43012.63667
2026-06-22 02:45:00+02:00,41975.60955273195,43490.36274
2026-06-22 03:00:00+02:00,42242.125928488014,43536.9181
2026-06-22 03:15:00+02:00,41977.463173265955,43727.33178
2026-06-22 03:30:00+02:00,41980.09161132737,44271.53524
2026-06-22 03:45:00+02:00,42063.60862021847,44340.45248
2026-06-22 04:00:00+02:00,42634.54017920669,44554.23034
2026-06-22 04:15:00+02:00,42752.80859484039,44545.46919
2026-06-22 04:30:00+02:00,43039.76702026553,44620.98585
2026-06-22 04:45:00+02:00,43249.22061595877,44726.20968
2026-06-22 05:00:00+02:00,44018.94540191366,45723.80213
2026-06-22 05:15:00+02:00,44376.266395473154,46145.66236
2026-06-22 05:30:00+02:00,45164.40404260711,47330.18275
2026-06-22 05:45:00+02:00,46768.53094704174,48650.06471
2026-06-22 06:00:00+02:00,49912.93989320497,51266.00465
2026-06-22 06:15:00+02:00,52133.41679210289,52791.05162
2026-06-22 06:30:00+02:00,53896.208596773555,54244.30338
2026-06-22 06:45:00+02:00,55088.530461377464,55822.08237
2026-06-22 07:00:00+02:00,55753.836938071814,57098.803
2026-06-22 07:15:00+02:00,56137.9251943768,58612.87109
2026-06-22 07:30:00+02:00,57279.98135389368,59377.45947
2026-06-22 07:45:00+02:00,58897.84375448384,60567.71731
2026-06-22 08:00:00+02:00,59851.978871567066,60631.34276
2026-06-22 08:15:00+02:00,60535.48268990659,61528.95563
2026-06-22 08:30:00+02:00,60821.816870878705,62486.16087
2026-06-22 08:45:00+02:00,61036.86390776494,63067.82889
2026-06-22 09:00:00+02:00,60781.19451491469,61764.18197
2026-06-22 09:15:00+02:00,60910.22271613714,61749.02668
2026-06-22 09:30:00+02:00,60765.818154420944,61201.8027
2026-06-22 09:45:00+02:00,61160.815875484535,61005.712
2026-06-22 10:00:00+02:00,61053.134602271566,60801.52145
2026-06-22 10:15:00+02:00,61242.87156665095,60951.29945
2026-06-22 10:30:00+02:00,61531.38317659432,60683.37779
2026-06-22 10:45:00+02:00,61512.753408352946,60605.4635
2026-06-22 11:00:00+02:00,61213.23517970196,60529.85743
2026-06-22 11:15:00+02:00,61213.23517970196,60614.05497
2026-06-22 11:30:00+02:00,61400.32417506075,60231.642
2026-06-22 11:45:00+02:00,61476.03053333262,59875.35316
2026-06-22 12:00:00+02:00,60652.15417760114,59737.66707
2026-06-22 12:15:00+02:00,60447.430612910306,60242.84953
2026-06-22 12:30:00+02:00,60458.97997950465,60296.78803
2026-06-22 12:45:00+02:00,60595.310964394244,60455.29894
2026-06-22 13:00:00+02:00,60836.15266789139,60177.40118
2026-06-22 13:15:00+02:00,60833.348315791925,59712.92589
2026-06-22 13:30:00+02:00,60167.219629428764,59194.49695
2026-06-22 13:45:00+02:00,59560.9612326669,58773.1338
2026-06-22 14:00:00+02:00,59637.54544303796,58481.4911
2026-06-22 14:15:00+02:00,59645.60304226473,58510.61277
2026-06-22 14:30:00+02:00,59439.98530817032,58373.41079
2026-06-22 14:45:00+02:00,58691.5146314977,57701.68678
2026-06-22 15:00:00+02:00,57454.63807393145,57377.83383
2026-06-22 15:15:00+02:00,56465.48322881901,57373.95926
2026-06-22 15:30:00+02:00,56176.21470290623,56985.24842
2026-06-22 15:45:00+02:00,55995.50979122182,56998.15268
2026-06-22 16:00:00+02:00,56482.930452282824,57784.19409
2026-06-22 16:15:00+02:00,56060.9356272572,57524.16818
2026-06-22 16:30:00+02:00,56236.59577381215,56955.04966
2026-06-22 16:45:00+02:00,55929.57861032979,56679.6123
2026-06-22 17:00:00+02:00,56000.3332902797,58286.20691
2026-06-22 17:15:00+02:00,56067.07646424877,58519.97881
2026-06-22 17:30:00+02:00,56659.71881259758,58654.86124
2026-06-22 17:45:00+02:00,56728.4030214426,59153.42317
2026-06-22 18:00:00+02:00,57418.03401320826,59657.97055
2026-06-22 18:15:00+02:00,57492.97296750301,59763.91206
2026-06-22 18:30:00+02:00,57203.32108096979,59969.42559
2026-06-22 18:45:00+02:00,57995.63201851645,59886.0125
2026-06-22 19:00:00+02:00,60317.76511534396,60505.24145
2026-06-22 19:15:00+02:00,59725.636800467175,60433.07325
2026-06-22 19:30:00+02:00,57975.710313125026,59742.18587
2026-06-22 19:45:00+02:00,57827.06948088493,59140.30939
2026-06-22 20:00:00+02:00,57697.8312500859,59720.46083
2026-06-22 20:15:00+02:00,56854.450250435315,58881.74876
2026-06-22 20:30:00+02:00,56481.93333525534,57975.30405
2026-06-22 20:45:00+02:00,56085.615657314695,57569.27268
2026-06-22 21:00:00+02:00,56067.23873109847,57057.41027
2026-06-22 21:15:00+02:00,55830.37363881979,56589.74164
2026-06-22 21:30:00+02:00,54978.72735897437,55842.7516
2026-06-22 21:45:00+02:00,54963.64925991945,55896.24282
2026-06-22 22:00:00+02:00,54351.151480007844,55180.18715
2026-06-22 22:15:00+02:00,53941.66941643105,54790.85907
2026-06-22 22:30:00+02:00,53464.91475983534,54123.03148
2026-06-22 22:45:00+02:00,52559.07372809035,53241.9577
2026-06-22 23:00:00+02:00,50508.49280613207,51929.98698
2026-06-22 23:15:00+02:00,49997.81789382463,51194.5173
2026-06-22 23:30:00+02:00,49712.57982414883,50378.68681
2026-06-22 23:45:00+02:00,48940.05666310808,49870.02785
2026-06-23 00:00:00+02:00,46162.889689449155,49801.78713
2026-06-23 00:15:00+02:00,46034.99821586684,49072.64869
2026-06-23 00:30:00+02:00,45952.16950871528,48812.98151
2026-06-23 00:45:00+02:00,45817.13937745418,48509.13941
2026-06-23 01:00:00+02:00,44244.5367038134,48014.72796
2026-06-23 01:15:00+02:00,44144.17684915978,47436.79122
2026-06-23 01:30:00+02:00,43733.840882542885,47254.46777
2026-06-23 01:45:00+02:00,43689.92238080736,47051.41726
2026-06-23 02:00:00+02:00,43366.52789601824,46771.86408
2026-06-23 02:15:00+02:00,43093.142210237595,46434.36186
2026-06-23 02:30:00+02:00,43024.28801820113,46578.91573
2026-06-23 02:45:00+02:00,43243.66519953674,46577.34241
2026-06-23 03:00:00+02:00,42757.43523854063,46291.58343
2026-06-23 03:15:00+02:00,42736.468343131215,46166.60416
2026-06-23 03:30:00+02:00,42842.20674146666,46270.18867
2026-06-23 03:45:00+02:00,42758.57320672222,46472.20824
2026-06-23 04:00:00+02:00,43336.35477202789,46802.75156
2026-06-23 04:15:00+02:00,43381.778427381374,46993.56148
2026-06-23 04:30:00+02:00,43381.778427381374,47657.84938
2026-06-23 04:45:00+02:00,43859.29421811646,47716.32142
2026-06-23 05:00:00+02:00,44556.79863735463,48523.87292
2026-06-23 05:15:00+02:00,44565.38776840589,48949.3917
2026-06-23 05:30:00+02:00,45616.31179071358,49572.4289
2026-06-23 05:45:00+02:00,46749.99449487879,50849.92448
2026-06-23 06:00:00+02:00,48945.57303020647,53183.57478
2026-06-23 06:15:00+02:00,49831.621817845946,54667.05381
2026-06-23 06:30:00+02:00,50127.662425375536,55562.73911
2026-06-23 06:45:00+02:00,49479.56727461121,56647.66638
2026-06-23 07:00:00+02:00,49361.54886510821,58409.16878
2026-06-23 07:15:00+02:00,49162.27510240041,60319.64313
2026-06-23 07:30:00+02:00,48810.1053072768,61211.52022
2026-06-23 07:45:00+02:00,48780.79502346855,62308.18275
2026-06-23 08:00:00+02:00,48607.015188513455,62550.97286
2026-06-23 08:15:00+02:00,48041.78260140071,63216.15142
2026-06-23 08:30:00+02:00,48030.3558898643,64054.5767
2026-06-23 08:45:00+02:00,47899.980408789226,63366.16113
2026-06-23 09:00:00+02:00,48006.11338218126,61664.4016
2026-06-23 09:15:00+02:00,48257.26241844661,61598.27388
2026-06-23 09:30:00+02:00,48349.46695248521,61872.95579
2026-06-23 09:45:00+02:00,48446.22710471656,62530.15384
2026-06-23 10:00:00+02:00,48462.89921539301,61889.46552
2026-06-23 10:15:00+02:00,48599.549866917485,61505.706
2026-06-23 10:30:00+02:00,48690.05431718274,61146.65585
2026-06-23 10:45:00+02:00,48658.41719644061,61336.73526
2026-06-23 11:00:00+02:00,49599.69843877335,61172.22071
2026-06-23 11:15:00+02:00,49558.94241611053,61114.98689
2026-06-23 11:30:00+02:00,49599.69843877335,61182.62819
2026-06-23 11:45:00+02:00,49567.63656693365,61791.27442
2026-06-23 12:00:00+02:00,49412.79798951146,60484.52877
2026-06-23 12:15:00+02:00,49478.63970203915,60348.83688
2026-06-23 12:30:00+02:00,49478.63970203915,59995.37861
2026-06-23 12:45:00+02:00,50139.95684880251,59963.64283
2026-06-23 13:00:00+02:00,49799.44697719855,60198.03614
2026-06-23 13:15:00+02:00,50343.71232082885,60239.09341
2026-06-23 13:30:00+02:00,50312.45809573479,59809.80724
2026-06-23 13:45:00+02:00,50355.95864771639,59491.57318
2026-06-23 14:00:00+02:00,50624.76914288548,59223.56055
2026-06-23 14:15:00+02:00,50801.591615513105,58764.44784
2026-06-23 14:30:00+02:00,50967.24934057996,58769.31896
2026-06-23 14:45:00+02:00,51046.981467601385,58102.45693
2026-06-23 15:00:00+02:00,50574.46191644744,58351.27631
2026-06-23 15:15:00+02:00,50699.560898256546,57982.18165
2026-06-23 15:30:00+02:00,50819.591893968936,57325.98253
2026-06-23 15:45:00+02:00,51132.652239129275,57201.18778
2026-06-23 16:00:00+02:00,50788.5157742357,57803.83111
2026-06-23 16:15:00+02:00,50787.01925183766,57439.34942
2026-06-23 16:30:00+02:00,50904.288025729504,56979.76467
2026-06-23 16:45:00+02:00,50811.91785939533,57207.52825
2026-06-23 17:00:00+02:00,51011.47754808355,58223.36208
2026-06-23 17:15:00+02:00,51030.73239647281,58081.42989
2026-06-23 17:30:00+02:00,50416.38817535861,58742.53795
2026-06-23 17:45:00+02:00,49963.11675679921,59077.05282
2026-06-23 18:00:00+02:00,50353.38795908622,59972.03859
2026-06-23 18:15:00+02:00,50175.39206748999,59830.23302
2026-06-23 18:30:00+02:00,49986.946902960866,60352.57343
2026-06-23 18:45:00+02:00,50026.57451872217,60561.21949
2026-06-23 19:00:00+02:00,50042.313529562365,60967.16775
2026-06-23 19:15:00+02:00,50452.16480358211,60726.7464
2026-06-23 19:30:00+02:00,50650.81591612593,60435.68965
2026-06-23 19:45:00+02:00,51125.23589431884,59637.78643
2026-06-23 20:00:00+02:00,50738.065694895406,59737.89081
2026-06-23 20:15:00+02:00,51979.28643445452,58600.18696
2026-06-23 20:30:00+02:00,51927.559585199386,57691.9665
2026-06-23 20:45:00+02:00,52773.61005656083,56931.20658
2026-06-23 21:00:00+02:00,52262.29752864523,56438.58405
2026-06-23 21:15:00+02:00,52258.4430371915,56241.78374
2026-06-23 21:30:00+02:00,52543.886440521266,55720.85409
2026-06-23 21:45:00+02:00,52580.507059138225,55421.57991
2026-06-23 22:00:00+02:00,52091.76508843884,54679.28078
2026-06-23 22:15:00+02:00,52260.43496219203,54471.32405
2026-06-23 22:30:00+02:00,52124.46866597369,54007.90163
2026-06-23 22:45:00+02:00,51199.43655486188,53388.76211
2026-06-23 23:00:00+02:00,49636.51009837171,52406.96766
2026-06-23 23:15:00+02:00,48791.56713172065,51516.00829
2026-06-23 23:30:00+02:00,48281.704449348115,50983.83993
2026-06-23 23:45:00+02:00,47710.533727488626,50781.49005
2026-06-24 00:00:00+02:00,48765.049530417265,48867.82067
2026-06-24 00:15:00+02:00,48756.32134372921,48775.16466
2026-06-24 00:30:00+02:00,48473.03038295551,48675.24564
2026-06-24 00:45:00+02:00,48424.2594077269,48277.86745
2026-06-24 01:00:00+02:00,48726.876502464074,47682.38731
2026-06-24 01:15:00+02:00,48248.72308640718,47265.27513
2026-06-24 01:30:00+02:00,47721.4091023339,47164.6491
2026-06-24 01:45:00+02:00,47455.08283405931,46994.54548
2026-06-24 02:00:00+02:00,47427.547196253814,46662.1182
2026-06-24 02:15:00+02:00,47427.547196253814,46549.99939
2026-06-24 02:30:00+02:00,47173.217389206395,46684.51202
2026-06-24 02:45:00+02:00,47057.0043241569,46925.61663
2026-06-24 03:00:00+02:00,47171.34706846914,46477.77932
2026-06-24 03:15:00+02:00,47386.04220734473,46494.91936
2026-06-24 03:30:00+02:00,47374.44453189417,46288.70742
2026-06-24 03:45:00+02:00,47783.14042992046,46600.13669
2026-06-24 04:00:00+02:00,47859.43773175823,46730.87885
2026-06-24 04:15:00+02:00,48132.24062794535,46589.15398
2026-06-24 04:30:00+02:00,48674.603838993535,46976.63053
2026-06-24 04:45:00+02:00,48736.18455160326,47512.29674
2026-06-24 05:00:00+02:00,49422.18799605937,47665.6139
2026-06-24 05:15:00+02:00,49518.399852810915,48493.54222
2026-06-24 05:30:00+02:00,50264.80707736319,49615.5457
2026-06-24 05:45:00+02:00,51940.888450055645,50736.52624
2026-06-24 06:00:00+02:00,54814.66994867849,53132.60784
2026-06-24 06:15:00+02:00,56043.42808625314,54690.84598
2026-06-24 06:30:00+02:00,57033.342104654264,55881.04273
2026-06-24 06:45:00+02:00,58062.14155803388,57110.2132
2026-06-24 07:00:00+02:00,59965.145741322376,58505.27982
2026-06-24 07:15:00+02:00,61874.1390520431,59722.81931
2026-06-24 07:30:00+02:00,62560.46057950741,60895.08508
2026-06-24 07:45:00+02:00,62872.616676747835,62162.56021
2026-06-24 08:00:00+02:00,62445.41199248809,62180.23515
2026-06-24 08:15:00+02:00,62857.063376133825,63068.75606
2026-06-24 08:30:00+02:00,63130.27176712337,62865.48605
2026-06-24 08:45:00+02:00,63006.283046418284,63246.83528
2026-06-24 09:00:00+02:00,61743.0047288706,62762.34107
2026-06-24 09:15:00+02:00,62051.11232649829,62451.56106
2026-06-24 09:30:00+02:00,61669.84497421432,62728.63746
2026-06-24 09:45:00+02:00,61792.71741625477,62599.03507
2026-06-24 10:00:00+02:00,61592.938871127095,62236.31425
2026-06-24 10:15:00+02:00,62208.00701032806,61786.94413
2026-06-24 10:30:00+02:00,62179.00839662202,61509.70993
2026-06-24 10:45:00+02:00,61767.107587893275,61400.08272
2026-06-24 11:00:00+02:00,61030.30176739435,61184.00643
2026-06-24 11:15:00+02:00,61361.56659014281,61225.09156
2026-06-24 11:30:00+02:00,61274.11024397369,60966.83354
2026-06-24 11:45:00+02:00,61120.43617431033,61165.57378
2026-06-24 12:00:00+02:00,60974.16669503291,60591.79364
2026-06-24 12:15:00+02:00,60942.03508821078,60022.19139
2026-06-24 12:30:00+02:00,60711.48209975202,60135.02647
2026-06-24 12:45:00+02:00,60957.02349592768,60817.10478
2026-06-24 13:00:00+02:00,60472.9457660274,60826.23413
2026-06-24 13:15:00+02:00,60457.08121922118,60728.99614
2026-06-24 13:30:00+02:00,60456.16263579695,60162.39377
2026-06-24 13:45:00+02:00,59584.11816858068,60100.28206
2026-06-24 14:00:00+02:00,57616.07976831663,60906.3909
2026-06-24 14:15:00+02:00,57604.44389285133,60660.4999
2026-06-24 14:30:00+02:00,57640.34982204886,60096.00986
2026-06-24 14:45:00+02:00,57058.65070165263,59727.87811
2026-06-24 15:00:00+02:00,56979.22528393102,59818.1626
2026-06-24 15:15:00+02:00,56862.92264897796,59258.26736
2026-06-24 15:30:00+02:00,56862.92264897796,59158.64961
2026-06-24 15:45:00+02:00,56955.200199079256,58427.31737
2026-06-24 16:00:00+02:00,57609.94483898625,60406.4558
2026-06-24 16:15:00+02:00,57543.78825743171,59849.53559
2026-06-24 16:30:00+02:00,57413.49650944815,59529.33512
2026-06-24 16:45:00+02:00,57949.49449043736,59128.96803
2026-06-24 17:00:00+02:00,59286.93106055537,59764.92736
2026-06-24 17:15:00+02:00,59363.37277971974,59547.53488
2026-06-24 17:30:00+02:00,60079.984270097455,59713.75092
2026-06-24 17:45:00+02:00,60275.99523952432,60171.6085
2026-06-24 18:00:00+02:00,61515.02470230982,60708.65285
2026-06-24 18:15:00+02:00,61572.97016791061,60800.96532
2026-06-24 18:30:00+02:00,61770.70294146744,61427.55342
2026-06-24 18:45:00+02:00,61774.70802688411,61468.83255
2026-06-24 19:00:00+02:00,61895.43028927806,62637.16428
2026-06-24 19:15:00+02:00,61803.39570033181,61963.60516
2026-06-24 19:30:00+02:00,61793.26941874129,61934.36187
2026-06-24 19:45:00+02:00,61431.488780745065,61401.81481
2026-06-24 20:00:00+02:00,61566.74023513651,61252.63114
2026-06-24 20:15:00+02:00,61363.69039765021,60885.43063
2026-06-24 20:30:00+02:00,60304.92018410119,60182.52793
2026-06-24 20:45:00+02:00,59874.682654994955,59569.24066
2026-06-24 21:00:00+02:00,59208.54625014181,59309.1639
2026-06-24 21:15:00+02:00,57837.004170086184,58941.10981
2026-06-24 21:30:00+02:00,57147.681778890554,58537.65611
2026-06-24 21:45:00+02:00,56916.89979997138,57906.87755
2026-06-24 22:00:00+02:00,55557.9514100654,57517.18246
2026-06-24 22:15:00+02:00,54894.32815189556,57231.00965
2026-06-24 22:30:00+02:00,54652.53498770423,56583.80828
2026-06-24 22:45:00+02:00,54367.28698084646,55357.47729
2026-06-24 23:00:00+02:00,53329.28770295373,53947.01124
2026-06-24 23:15:00+02:00,51805.64764147416,53368.457
2026-06-24 23:30:00+02:00,51458.67351222127,53004.27533
2026-06-24 23:45:00+02:00,50827.193825958515,52161.87737
2026-06-25 00:00:00+02:00,48832.18246989292,51400.24573
2026-06-25 00:15:00+02:00,48525.63983502473,51355.43078
2026-06-25 00:30:00+02:00,48466.27792633548,51055.89682
2026-06-25 00:45:00+02:00,47888.65629992047,50408.28156
2026-06-25 01:00:00+02:00,46986.34096154672,50032.50651
2026-06-25 01:15:00+02:00,46796.0924746925,49696.23395
2026-06-25 01:30:00+02:00,46566.235714570445,48725.44413
2026-06-25 01:45:00+02:00,46499.5270943238,48554.95869
2026-06-25 02:00:00+02:00,46563.29291195156,48038.70651
2026-06-25 02:15:00+02:00,46338.54166122661,47974.30787
2026-06-25 02:30:00+02:00,46287.90471342751,47853.84531
2026-06-25 02:45:00+02:00,45960.29758306111,48062.22012
2026-06-25 03:00:00+02:00,45733.62610090273,48016.31372
2026-06-25 03:15:00+02:00,46232.597580924936,47677.18225
2026-06-25 03:30:00+02:00,46077.907654079274,47727.56001
2026-06-25 03:45:00+02:00,45917.05852812616,47862.64744
2026-06-25 04:00:00+02:00,46875.19031139529,48650.04031
2026-06-25 04:15:00+02:00,47091.35076247347,48709.66207
2026-06-25 04:30:00+02:00,47231.11383860749,49070.40691
2026-06-25 04:45:00+02:00,47318.89454151198,48955.99675
2026-06-25 05:00:00+02:00,47495.541005013605,49573.70163
2026-06-25 05:15:00+02:00,47576.53878648109,50241.52796
2026-06-25 05:30:00+02:00,48735.87227226805,51307.02428
2026-06-25 05:45:00+02:00,50721.581005720225,52745.45176
2026-06-25 06:00:00+02:00,51866.26723213484,54950.15764
2026-06-25 06:15:00+02:00,53405.344650421765,56839.80676
2026-06-25 06:30:00+02:00,54954.037091175574,57697.45767
2026-06-25 06:45:00+02:00,55554.26264746945,59180.51457
2026-06-25 07:00:00+02:00,57599.67481662351,60436.4601
2026-06-25 07:15:00+02:00,59795.940934609236,61914.19082
2026-06-25 07:30:00+02:00,61055.82757701748,63340.92084
2026-06-25 07:45:00+02:00,61532.101144325265,63992.59796
2026-06-25 08:00:00+02:00,61239.95408174614,64100.99565
2026-06-25 08:15:00+02:00,61714.72693352874,64960.01142
2026-06-25 08:30:00+02:00,61809.90936068789,65945.4514
2026-06-25 08:45:00+02:00,62325.47264586053,65952.30751
2026-06-25 09:00:00+02:00,61822.24641913981,64771.78358
2026-06-25 09:15:00+02:00,61550.12427397064,64501.13105
2026-06-25 09:30:00+02:00,61061.33711393167,64609.41762
2026-06-25 09:45:00+02:00,60888.605438051876,63869.27052
2026-06-25 10:00:00+02:00,60998.56178546205,64490.49474
2026-06-25 10:15:00+02:00,60864.28636749628,64770.47247
2026-06-25 10:30:00+02:00,60818.52107662935,64701.11849
2026-06-25 10:45:00+02:00,60899.83054287596,64847.53906
2026-06-25 11:00:00+02:00,61069.07842709304,64466.79267
2026-06-25 11:15:00+02:00,61284.82418404179,64547.36223
2026-06-25 11:30:00+02:00,61358.33979285908,64311.90348
2026-06-25 11:45:00+02:00,61173.26726768561,64032.16405
2026-06-25 12:00:00+02:00,60025.812316134914,63275.61094
2026-06-25 12:15:00+02:00,60324.24537705009,63251.7074
2026-06-25 12:30:00+02:00,60057.55458021079,63493.42967
2026-06-25 12:45:00+02:00,60180.665539052476,63204.71062
2026-06-25 13:00:00+02:00,59987.26852647777,63278.93908
2026-06-25 13:15:00+02:00,59301.22370735838,63085.81674
2026-06-25 13:30:00+02:00,58883.836085425966,62588.49005
2026-06-25 13:45:00+02:00,58578.05430183543,61956.57213
2026-06-25 14:00:00+02:00,57815.36854731141,61525.90196
2026-06-25 14:15:00+02:00,57826.57848772247,61257.13565
2026-06-25 14:30:00+02:00,57822.34793234429,60571.54163
2026-06-25 14:45:00+02:00,57007.30598078177,60247.63274
2026-06-25 15:00:00+02:00,56910.278019817204,60214.05991
2026-06-25 15:15:00+02:00,55381.692820919496,59670.39362
2026-06-25 15:30:00+02:00,56674.824658797465,59137.51859
2026-06-25 15:45:00+02:00,54798.51360783881,59142.23607
2026-06-25 16:00:00+02:00,55426.02466109004,60228.67452
2026-06-25 16:15:00+02:00,54977.914481221145,59629.04084
2026-06-25 16:30:00+02:00,54982.71003650485,59778.55196
2026-06-25 16:45:00+02:00,55575.25564434793,59519.61488
2026-06-25 17:00:00+02:00,55498.524431550526,60981.49254
2026-06-25 17:15:00+02:00,55664.616712889634,60496.18366
2026-06-25 17:30:00+02:00,57130.21887591178,60587.80722
2026-06-25 17:45:00+02:00,58111.737108941794,60770.41332
2026-06-25 18:00:00+02:00,59319.767048458154,61744.5447
2026-06-25 18:15:00+02:00,59642.57203967391,62088.63486
2026-06-25 18:30:00+02:00,59281.19386036311,62496.76941
2026-06-25 18:45:00+02:00,60109.82327332667,62757.57613
2026-06-25 19:00:00+02:00,60592.63491278993,63345.25744
2026-06-25 19:15:00+02:00,60543.35044663221,63320.59328
2026-06-25 19:30:00+02:00,60061.355864679674,62729.50594
2026-06-25 19:45:00+02:00,59778.50062300733,61911.93034
2026-06-25 20:00:00+02:00,59539.035376221735,61732.04963
2026-06-25 20:15:00+02:00,59515.09750051668,61207.42583
2026-06-25 20:30:00+02:00,59121.46282029724,60482.74283
2026-06-25 20:45:00+02:00,57837.23855128237,60032.83691
2026-06-25 21:00:00+02:00,57915.8114696,59172.05347
2026-06-25 21:15:00+02:00,56260.68296597698,58817.73341
2026-06-25 21:30:00+02:00,56228.52063145167,58484.72305
2026-06-25 21:45:00+02:00,55680.64006857683,58399.35308
2026-06-25 22:00:00+02:00,55522.48206564168,57179.45038
2026-06-25 22:15:00+02:00,54731.26033628763,56784.2551
2026-06-25 22:30:00+02:00,54141.64182091428,56343.59042
2026-06-25 22:45:00+02:00,53682.107156874314,55824.7938
2026-06-25 23:00:00+02:00,52793.06910674776,54616.62489
2026-06-25 23:15:00+02:00,51781.209903152645,53844.64842
2026-06-25 23:30:00+02:00,51003.858355708566,53205.02084
2026-06-25 23:45:00+02:00,50374.27776605615,52624.74667
2026-06-26 00:00:00+02:00,49913.394210438564,52472.7344
2026-06-26 00:15:00+02:00,49753.087839682266,51614.14632
2026-06-26 00:30:00+02:00,49226.1735300781,51152.17211
2026-06-26 00:45:00+02:00,49352.44559785894,51016.89311
2026-06-26 01:00:00+02:00,48709.53690521514,50421.21897
2026-06-26 01:15:00+02:00,48209.545733757,49858.54243
2026-06-26 01:30:00+02:00,47772.35566107584,49379.26723
2026-06-26 01:45:00+02:00,47990.522133593455,48959.46923
2026-06-26 02:00:00+02:00,47704.64043623257,48596.63851
2026-06-26 02:15:00+02:00,47457.05030140658,48247.83797
2026-06-26 02:30:00+02:00,47678.800199436,48144.2724
2026-06-26 02:45:00+02:00,47272.22237933567,48149.8533
2026-06-26 03:00:00+02:00,47448.43693111452,48515.54886
2026-06-26 03:15:00+02:00,47847.03631784378,48813.07976
2026-06-26 03:30:00+02:00,48129.63007559809,49017.83663
2026-06-26 03:45:00+02:00,48136.32053870665,49040.86935
2026-06-26 04:00:00+02:00,48210.849167586006,48969.24618
2026-06-26 04:15:00+02:00,48282.28207722844,49380.80092
2026-06-26 04:30:00+02:00,48374.16093440523,49734.48362
2026-06-26 04:45:00+02:00,49013.7856336864,49600.15738
2026-06-26 05:00:00+02:00,49931.718132110254,50087.39234
2026-06-26 05:15:00+02:00,50057.850595081494,50521.38959
2026-06-26 05:30:00+02:00,50856.54958492469,51618.95903
2026-06-26 05:45:00+02:00,52849.58581323292,53085.03765
2026-06-26 06:00:00+02:00,54886.48096642072,54438.31091
2026-06-26 06:15:00+02:00,56044.27534427422,56196.61912
2026-06-26 06:30:00+02:00,57763.84628039521,57870.03514
2026-06-26 06:45:00+02:00,59792.775402476036,59441.06009
2026-06-26 07:00:00+02:00,61508.776622839345,60017.15734
2026-06-26 07:15:00+02:00,62271.70888829751,61667.58157
2026-06-26 07:30:00+02:00,63137.43249331522,62999.84962
2026-06-26 07:45:00+02:00,63524.87572591161,63748.66009
2026-06-26 08:00:00+02:00,63478.322494636755,63535.13705
2026-06-26 08:15:00+02:00,63469.070315340075,64536.16716
2026-06-26 08:30:00+02:00,63548.673390337244,65536.99368
2026-06-26 08:45:00+02:00,63526.22850063593,65833.5113
2026-06-26 09:00:00+02:00,63354.04825735978,65860.78012
2026-06-26 09:15:00+02:00,63433.651332356945,65991.89836
2026-06-26 09:30:00+02:00,63354.04825735978,65404.92408
2026-06-26 09:45:00+02:00,63373.948863007055,64856.27938
2026-06-26 10:00:00+02:00,63360.45070793896,64409.22978
2026-06-26 10:15:00+02:00,63402.52473917861,64005.86168
2026-06-26 10:30:00+02:00,63188.01766275621,64135.93343
2026-06-26 10:45:00+02:00,63332.00163481176,63748.77591
2026-06-26 11:00:00+02:00,63049.40667137487,62868.71915
2026-06-26 11:15:00+02:00,62853.15765547311,62626.6578
2026-06-26 11:30:00+02:00,62693.97794344839,62508.07645
2026-06-26 11:45:00+02:00,62733.150243885604,62085.98399
2026-06-26 12:00:00+02:00,62242.62756052633,61803.70703
2026-06-26 12:15:00+02:00,62236.69658094649,61869.55653
2026-06-26 12:30:00+02:00,62313.27643359007,62067.59904
2026-06-26 12:45:00+02:00,62119.4684939717,62080.85646
2026-06-26 13:00:00+02:00,61725.21896192424,61539.91628
2026-06-26 13:15:00+02:00,61349.30790891981,60635.96747
2026-06-26 13:30:00+02:00,61342.09276475253,59778.45256
2026-06-26 13:45:00+02:00,60962.854045062595,58748.30121
2026-06-26 14:00:00+02:00,61014.9521768849,58267.7027
2026-06-26 14:15:00+02:00,60396.83489929775,58118.38948
2026-06-26 14:30:00+02:00,60299.51770247876,57638.53987
2026-06-26 14:45:00+02:00,59532.76681536113,57150.36542
2026-06-26 15:00:00+02:00,59746.967874927264,56747.95532
2026-06-26 15:15:00+02:00,58369.11548552409,56239.65638
2026-06-26 15:30:00+02:00,58207.48674121787,55815.44569
2026-06-26 15:45:00+02:00,57759.68755131232,55562.51436
2026-06-26 16:00:00+02:00,58152.33726610014,56617.40113
2026-06-26 16:15:00+02:00,57738.85777201894,56321.65841
2026-06-26 16:30:00+02:00,57704.765078728364,56804.02375
2026-06-26 16:45:00+02:00,58085.90666702944,56648.01675
2026-06-26 17:00:00+02:00,58437.6435594994,57952.95709
2026-06-26 17:15:00+02:00,58441.04546610129,58173.8328
2026-06-26 17:30:00+02:00,59703.030717197886,58597.5871
2026-06-26 17:45:00+02:00,60513.92543821599,59139.16867
2026-06-26 18:00:00+02:00,61055.86223864017,60201.38414
2026-06-26 18:15:00+02:00,60781.4871726016,60070.37043
2026-06-26 18:30:00+02:00,61293.75497633259,59990.40297
2026-06-26 18:45:00+02:00,60962.15921612197,60182.68458
2026-06-26 19:00:00+02:00,61194.923698025996,61318.51569
2026-06-26 19:15:00+02:00,60746.343898019666,60848.55381
2026-06-26 19:30:00+02:00,60567.9503346417,60190.35619
2026-06-26 19:45:00+02:00,60498.36695895951,59645.62667
2026-06-26 20:00:00+02:00,59995.12431952924,59868.87856
2026-06-26 20:15:00+02:00,58460.05208743703,59134.09193
2026-06-26 20:30:00+02:00,57040.82080986505,58732.18613
2026-06-26 20:45:00+02:00,55700.599895416985,58246.06602
2026-06-26 21:00:00+02:00,55968.47732257539,58285.49422
2026-06-26 21:15:00+02:00,55514.26793216582,58058.6137
2026-06-26 21:30:00+02:00,55409.29390574726,57940.26526
2026-06-26 21:45:00+02:00,55704.22296009972,57998.63667
2026-06-26 22:00:00+02:00,55061.536215012486,56799.28438
2026-06-26 22:15:00+02:00,54296.87016379741,56634.46712
2026-06-26 22:30:00+02:00,53527.05384301946,55750.28624
2026-06-26 22:45:00+02:00,52841.086521142366,55313.51212
2026-06-26 23:00:00+02:00,52231.491866267264,53540.67937
2026-06-26 23:15:00+02:00,52093.952494668636,53129.74752
2026-06-26 23:30:00+02:00,50990.33477955544,52975.13636
2026-06-26 23:45:00+02:00,50693.66778498156,52273.70863
2026-06-27 00:00:00+02:00,47654.66334665867,50346.04437
2026-06-27 00:15:00+02:00,47633.941675648966,49832.71388
2026-06-27 00:30:00+02:00,47694.40932026849,49232.34977
2026-06-27 00:45:00+02:00,47560.81985529577,48755.20939
2026-06-27 01:00:00+02:00,46709.78600982066,48367.57109
2026-06-27 01:15:00+02:00,46685.325647046884,48133.5777
2026-06-27 01:30:00+02:00,46242.901441672664,47684.08531
2026-06-27 01:45:00+02:00,46242.901441672664,47318.29273
2026-06-27 02:00:00+02:00,45238.58047134935,46583.74059
2026-06-27 02:15:00+02:00,45170.72283277117,46217.41509
2026-06-27 02:30:00+02:00,45170.72283277117,45979.78087
2026-06-27 02:45:00+02:00,45750.0381333918,45675.19898
2026-06-27 03:00:00+02:00,45667.68421327152,45961.69917
2026-06-27 03:15:00+02:00,44922.13265816069,45510.40323
2026-06-27 03:30:00+02:00,44822.316059163415,45415.64449
2026-06-27 03:45:00+02:00,44519.898435516036,45164.72044
2026-06-27 04:00:00+02:00,44078.82682129361,45101.6777
2026-06-27 04:15:00+02:00,43998.2179848698,44896.04625
2026-06-27 04:30:00+02:00,44113.1118661729,44741.69807
2026-06-27 04:45:00+02:00,43998.2179848698,44553.33251
2026-06-27 05:00:00+02:00,44008.872620615046,44361.46331
2026-06-27 05:15:00+02:00,44008.872620615046,44356.51598
2026-06-27 05:30:00+02:00,44336.695500995,44564.48563
2026-06-27 05:45:00+02:00,45621.30167530548,45069.5893
2026-06-27 06:00:00+02:00,45369.85494866061,45903.78438
2026-06-27 06:15:00+02:00,45667.989208632025,46585.07977
2026-06-27 06:30:00+02:00,46956.16604035935,47045.03773
2026-06-27 06:45:00+02:00,46529.43606076638,47553.76844
2026-06-27 07:00:00+02:00,47711.08840918618,47785.24369
2026-06-27 07:15:00+02:00,48105.9632288977,48154.98645
2026-06-27 07:30:00+02:00,49140.90117880182,49126.21563
2026-06-27 07:45:00+02:00,49645.3444591364,49795.08764
2026-06-27 08:00:00+02:00,49865.90690527392,49445.99042
2026-06-27 08:15:00+02:00,50221.9351181196,49902.63009
2026-06-27 08:30:00+02:00,51262.107791271905,50371.06786
2026-06-27 08:45:00+02:00,51292.89200623909,50699.79765
2026-06-27 09:00:00+02:00,51794.862514259614,51097.19217
2026-06-27 09:15:00+02:00,51889.420779570515,51576.12638
2026-06-27 09:30:00+02:00,52178.23490368747,51872.17566
2026-06-27 09:45:00+02:00,52786.60457154466,51782.21148
2026-06-27 10:00:00+02:00,52078.40724326859,52102.48251
2026-06-27 10:15:00+02:00,52303.91272974924,52201.30011
2026-06-27 10:30:00+02:00,52146.218582572554,52457.90345
2026-06-27 10:45:00+02:00,52653.84727513491,53028.68295
2026-06-27 11:00:00+02:00,52572.47708605065,52869.48199
2026-06-27 11:15:00+02:00,52637.24095436758,53050.59098
2026-06-27 11:30:00+02:00,52403.16688824398,53051.08986
2026-06-27 11:45:00+02:00,51945.950403156945,52740.53831
2026-06-27 12:00:00+02:00,51033.68621740889,51950.15615
2026-06-27 12:15:00+02:00,51186.08467929461,51878.95062
2026-06-27 12:30:00+02:00,50992.22086784123,51666.68541
2026-06-27 12:45:00+02:00,50739.38811543916,51630.46822
2026-06-27 13:00:00+02:00,49880.61161855466,51193.35426
2026-06-27 13:15:00+02:00,49717.380106807046,50925.88966
2026-06-27 13:30:00+02:00,49051.02082371809,50859.40071
2026-06-27 13:45:00+02:00,48679.18961400031,49680.845
2026-06-27 14:00:00+02:00,48349.39114877584,49111.87745
2026-06-27 14:15:00+02:00,48262.26768542151,48907.08859
2026-06-27 14:30:00+02:00,48166.03188445171,48704.66886
2026-06-27 14:45:00+02:00,48005.68488994586,48488.29937
2026-06-27 15:00:00+02:00,48259.669707232475,48595.97755
2026-06-27 15:15:00+02:00,48163.433906262675,48354.3416
2026-06-27 15:30:00+02:00,47468.190370328004,48765.50654
2026-06-27 15:45:00+02:00,48196.88957391706,49181.64268
2026-06-27 16:00:00+02:00,48416.47541367083,50483.45874
2026-06-27 16:15:00+02:00,48444.92593932192,50054.95339
2026-06-27 16:30:00+02:00,48398.82755240112,49782.93268
2026-06-27 16:45:00+02:00,48510.13310446723,50427.54629
2026-06-27 17:00:00+02:00,48559.74212270734,51205.04923
2026-06-27 17:15:00+02:00,48871.945518500936,51021.82367
2026-06-27 17:30:00+02:00,49062.42068400201,51322.87842
2026-06-27 17:45:00+02:00,49683.240997285415,52405.72619
2026-06-27 18:00:00+02:00,50267.425607152785,53187.17478
2026-06-27 18:15:00+02:00,50286.58203664476,53171.70731
2026-06-27 18:30:00+02:00,51231.2569551365,53794.31379
2026-06-27 18:45:00+02:00,51730.70735500214,53788.06797
2026-06-27 19:00:00+02:00,51942.84596061252,53964.73232
2026-06-27 19:15:00+02:00,51859.09086019112,53949.48759
2026-06-27 19:30:00+02:00,51880.608595537866,53850.83154
2026-06-27 19:45:00+02:00,51986.62675128809,53234.71254
2026-06-27 20:00:00+02:00,52154.29285608921,53507.43402
2026-06-27 20:15:00+02:00,51523.23183693145,53230.72196
2026-06-27 20:30:00+02:00,50507.5044257337,52789.06807
2026-06-27 20:45:00+02:00,49971.95673625566,52006.58024
2026-06-27 21:00:00+02:00,50034.827814711374,51889.46141
2026-06-27 21:15:00+02:00,49994.55232003232,51355.51546
2026-06-27 21:30:00+02:00,49739.660413052006,51162.01738
2026-06-27 21:45:00+02:00,49882.48741580065,51099.06973
2026-06-27 22:00:00+02:00,49718.64185327451,50839.77926
2026-06-27 22:15:00+02:00,49169.54966747966,51002.86473
2026-06-27 22:30:00+02:00,49046.40898183095,50333.33108
2026-06-27 22:45:00+02:00,48677.67754461925,49573.1889
2026-06-27 23:00:00+02:00,47415.084615619155,49308.73972
2026-06-27 23:15:00+02:00,46971.31187995624,49162.43563
2026-06-27 23:30:00+02:00,46368.9174355325,48677.527
2026-06-27 23:45:00+02:00,46254.55371107942,48278.04903
2026-06-28 00:00:00+02:00,45247.26385454444,46816.29642
2026-06-28 00:15:00+02:00,45225.134704915276,46157.51786
2026-06-28 00:30:00+02:00,45196.78457603122,45686.26818
2026-06-28 00:45:00+02:00,44789.64064520766,45446.67755
2026-06-28 01:00:00+02:00,44315.679227486085,45562.06648
2026-06-28 01:15:00+02:00,43639.54820873382,45939.36737
2026-06-28 01:30:00+02:00,43345.722851662875,44609.16044
2026-06-28 01:45:00+02:00,43331.22409644268,44153.63761
2026-06-28 02:00:00+02:00,43019.75481178604,43410.17612
2026-06-28 02:15:00+02:00,43019.75481178604,42537.75764
2026-06-28 02:30:00+02:00,43019.75481178604,42281.5998
2026-06-28 02:45:00+02:00,43019.75481178604,43171.93654
2026-06-28 03:00:00+02:00,42939.09357753083,43423.40987
2026-06-28 03:15:00+02:00,42979.28539915048,42872.43403
2026-06-28 03:30:00+02:00,42979.28539915048,42915.17163
2026-06-28 03:45:00+02:00,42955.28498943111,42021.39235
2026-06-28 04:00:00+02:00,42872.37150972633,41616.7983
2026-06-28 04:15:00+02:00,42559.91659380887,40871.14068
2026-06-28 04:30:00+02:00,42650.41930504761,40951.48665
2026-06-28 04:45:00+02:00,42670.75500604631,41838.08536
2026-06-28 05:00:00+02:00,42767.03890013138,42382.63734
2026-06-28 05:15:00+02:00,43149.1424045444,42342.03839
2026-06-28 05:30:00+02:00,43358.5878960989,42513.53715
2026-06-28 05:45:00+02:00,43385.53796638974,43333.31519
2026-06-28 06:00:00+02:00,43595.72832144762,42748.64007
2026-06-28 06:15:00+02:00,43727.37690169599,42080.45817
2026-06-28 06:30:00+02:00,43863.67808449271,42908.78018
2026-06-28 06:45:00+02:00,43865.248628996094,43461.09153
2026-06-28 07:00:00+02:00,44133.19802263103,44222.08677
2026-06-28 07:15:00+02:00,44828.82089678025,45111.58625
2026-06-28 07:30:00+02:00,45323.92564409645,45130.76025
2026-06-28 07:45:00+02:00,45580.84048729962,44750.87794
2026-06-28 08:00:00+02:00,45643.25121019905,44190.19703
2026-06-28 08:15:00+02:00,45707.245748567606,45142.73757
2026-06-28 08:30:00+02:00,46737.21190812779,45489.51707
2026-06-28 08:45:00+02:00,47071.44998026992,46035.18436
2026-06-28 09:00:00+02:00,48186.36451576934,46427.82694
2026-06-28 09:15:00+02:00,48490.09880824231,47190.94114
2026-06-28 09:30:00+02:00,48490.09880824231,47141.56628
2026-06-28 09:45:00+02:00,48720.61279102622,46976.90078
2026-06-28 10:00:00+02:00,48651.15462516962,47518.10663
2026-06-28 10:15:00+02:00,48838.81967503941,47784.06534
2026-06-28 10:30:00+02:00,48884.87101335329,48003.2171
2026-06-28 10:45:00+02:00,49027.60382422343,48960.91486
2026-06-28 11:00:00+02:00,48289.706798119376,48322.34459
2026-06-28 11:15:00+02:00,48875.113993394196,48829.88738
2026-06-28 11:30:00+02:00,49258.34791882486,49149.4037
2026-06-28 11:45:00+02:00,48820.616323612994,49305.03293
2026-06-28 12:00:00+02:00,48553.28101921949,48735.64471
2026-06-28 12:15:00+02:00,48484.424733092885,48725.65361
2026-06-28 12:30:00+02:00,48247.4150843202,48878.12536
2026-06-28 12:45:00+02:00,47957.68881437037,48275.93454
2026-06-28 13:00:00+02:00,47136.689872072195,47711.00227
2026-06-28 13:15:00+02:00,47051.073132087535,47795.87935
2026-06-28 13:30:00+02:00,46861.195130101296,47510.25626
2026-06-28 13:45:00+02:00,46656.56106992627,47134.44395
2026-06-28 14:00:00+02:00,46593.900839569,46825.56425
2026-06-28 14:15:00+02:00,46212.31655495723,46029.79478
2026-06-28 14:30:00+02:00,46252.04754885098,45282.61359
2026-06-28 14:45:00+02:00,45553.33004561292,45440.21981
2026-06-28 15:00:00+02:00,45962.76862110598,45511.80444
2026-06-28 15:15:00+02:00,44786.7921258243,45891.26967
2026-06-28 15:30:00+02:00,44791.887602473005,45895.09273
2026-06-28 15:45:00+02:00,44383.1125442844,46036.23188
2026-06-28 16:00:00+02:00,44766.79561717839,46662.95876
2026-06-28 16:15:00+02:00,45309.30600677522,46575.59686
2026-06-28 16:30:00+02:00,45380.3875420891,47059.63528
2026-06-28 16:45:00+02:00,45476.45380701178,47373.02761
2026-06-28 17:00:00+02:00,47047.390726746205,49339.55038
2026-06-28 17:15:00+02:00,47226.320395179544,49733.68153
2026-06-28 17:30:00+02:00,47417.630300667,50268.7458
2026-06-28 17:45:00+02:00,47666.56262605336,50664.034
2026-06-28 18:00:00+02:00,49092.90264859686,51713.45374
2026-06-28 18:15:00+02:00,49331.15601236102,52097.40094
2026-06-28 18:30:00+02:00,49570.1111662545,52655.4933
2026-06-28 18:45:00+02:00,50021.203484960184,53207.40888
2026-06-28 19:00:00+02:00,50808.05615983585,53741.5783
2026-06-28 19:15:00+02:00,50772.48340033288,53094.58989
2026-06-28 19:30:00+02:00,50620.49573188372,53314.36464
2026-06-28 19:45:00+02:00,50670.436426498185,53527.29655
2026-06-28 20:00:00+02:00,51366.60022476719,53390.19737
2026-06-28 20:15:00+02:00,51039.977674284746,53398.05838
2026-06-28 20:30:00+02:00,50728.542031849865,53263.46632
2026-06-28 20:45:00+02:00,50706.92225310643,52786.44544
2026-06-28 21:00:00+02:00,50987.28772432332,52257.56749
2026-06-28 21:15:00+02:00,50987.28772432332,52090.53575
2026-06-28 21:30:00+02:00,50508.077762948364,51714.44936
2026-06-28 21:45:00+02:00,50624.689169841346,52283.83091
2026-06-28 22:00:00+02:00,50831.28410750658,51485.19094
2026-06-28 22:15:00+02:00,50899.50993955553,51656.19338
2026-06-28 22:30:00+02:00,50728.219194676545,51163.26793
2026-06-28 22:45:00+02:00,50055.13889453201,50700.81952
2026-06-28 23:00:00+02:00,49079.92818324872,49435.72185
2026-06-28 23:15:00+02:00,48509.329361328375,48781.38159
2026-06-28 23:30:00+02:00,47437.32768225767,48565.52412
2026-06-28 23:45:00+02:00,47388.4456226175,48011.46618
2026-06-29 00:00:00+02:00,45719.285473996555,47547.47533
2026-06-29 00:15:00+02:00,45568.583157995374,47514.19995
2026-06-29 00:30:00+02:00,45136.19259719114,47163.73896
2026-06-29 00:45:00+02:00,44580.00355607002,47081.46333
2026-06-29 01:00:00+02:00,43795.13943254885,46783.96744
2026-06-29 01:15:00+02:00,43517.792378335005,46225.19987
2026-06-29 01:30:00+02:00,43310.467408407756,45627.72396
2026-06-29 01:45:00+02:00,43187.84865126479,45129.38216
2026-06-29 02:00:00+02:00,42820.47801228174,44799.51498
2026-06-29 02:15:00+02:00,42820.47801228174,44890.9832
2026-06-29 02:30:00+02:00,42950.835309323156,44968.80175
2026-06-29 02:45:00+02:00,43027.11400662794,45107.14732
2026-06-29 03:00:00+02:00,43363.4768990385,45017.46489
2026-06-29 03:15:00+02:00,43411.48544385478,45585.84911
2026-06-29 03:30:00+02:00,43319.121791349564,45478.51605
2026-06-29 03:45:00+02:00,43242.908374399405,45317.07781
2026-06-29 04:00:00+02:00,43497.223915711234,44862.27264
2026-06-29 04:15:00+02:00,43592.33827152045,44926.11009
2026-06-29 04:30:00+02:00,43979.117231352946,45534.80619
2026-06-29 04:45:00+02:00,44299.04381371588,45793.04546
2026-06-29 05:00:00+02:00,45549.597220747586,47313.98014
2026-06-29 05:15:00+02:00,45850.688945649425,47686.37391
2026-06-29 05:30:00+02:00,47511.03918301184,48637.42859
2026-06-29 05:45:00+02:00,48756.04815557529,50263.73882
2026-06-29 06:00:00+02:00,50868.58157056374,52850.12227
2026-06-29 06:15:00+02:00,53967.78092621744,54909.23565
2026-06-29 06:30:00+02:00,54788.836168880516,56223.67016
2026-06-29 06:45:00+02:00,56325.340203283864,57445.56825
2026-06-29 07:00:00+02:00,57884.23335647915,59061.1728
2026-06-29 07:15:00+02:00,60065.90852174266,60290.62069
2026-06-29 07:30:00+02:00,61009.91018011323,60956.24534
2026-06-29 07:45:00+02:00,61580.36286632619,61875.80867
2026-06-29 08:00:00+02:00,62247.58800836284,62778.86436
2026-06-29 08:15:00+02:00,62496.3500767266,63319.81102
2026-06-29 08:30:00+02:00,62697.306141411966,64826.35063
2026-06-29 08:45:00+02:00,63198.215617576614,65682.02109
2026-06-29 09:00:00+02:00,62131.157733250955,65883.34318
2026-06-29 09:15:00+02:00,62137.52675892485,66003.0776
2026-06-29 09:30:00+02:00,62146.66145105109,66696.25219
2026-06-29 09:45:00+02:00,62134.510005322925,67517.18687
2026-06-29 10:00:00+02:00,62105.68812593213,67554.87812
2026-06-29 10:15:00+02:00,62233.846130844904,67653.72479
2026-06-29 10:30:00+02:00,62143.70745521311,67143.80669
2026-06-29 10:45:00+02:00,62156.74625432973,67713.45366
2026-06-29 11:00:00+02:00,62032.30316827492,66631.76251
2026-06-29 11:15:00+02:00,62032.30316827492,66681.77493
2026-06-29 11:30:00+02:00,62251.79060449597,66613.66002
2026-06-29 11:45:00+02:00,62164.39026760818,66123.9051
2026-06-29 12:00:00+02:00,61824.492711305575,64963.81677
2026-06-29 12:15:00+02:00,61812.13326449579,65304.80771
2026-06-29 12:30:00+02:00,62050.67540939558,64759.36996
2026-06-29 12:45:00+02:00,61785.43159690644,63995.43026
2026-06-29 13:00:00+02:00,62262.87290203954,63368.35575
2026-06-29 13:15:00+02:00,61700.97954366097,63100.91505
2026-06-29 13:30:00+02:00,60894.07797196888,63302.62956
2026-06-29 13:45:00+02:00,60414.738587865206,62729.23911
2026-06-29 14:00:00+02:00,59717.55883731412,61945.72241
2026-06-29 14:15:00+02:00,60264.36398288966,61844.19523
2026-06-29 14:30:00+02:00,59693.88917668156,61245.2376
2026-06-29 14:45:00+02:00,59420.18117709284,60563.41609
2026-06-29 15:00:00+02:00,59453.236818796104,60199.84876
2026-06-29 15:15:00+02:00,59453.236818796104,59630.15308
2026-06-29 15:30:00+02:00,58614.78625264365,59366.90236
2026-06-29 15:45:00+02:00,58531.57115576823,59281.32235
2026-06-29 16:00:00+02:00,59390.639957738604,59620.09196
2026-06-29 16:15:00+02:00,59144.18425974652,59239.4921
2026-06-29 16:30:00+02:00,58526.497853533285,58992.60174
2026-06-29 16:45:00+02:00,58527.40392222247,59170.99442
2026-06-29 17:00:00+02:00,59577.665851347214,59898.13227
2026-06-29 17:15:00+02:00,60098.77593713736,60136.53493
2026-06-29 17:30:00+02:00,60265.59788315736,60379.30899
2026-06-29 17:45:00+02:00,60394.553408587824,60245.22386
2026-06-29 18:00:00+02:00,61048.554851962865,60299.22269
2026-06-29 18:15:00+02:00,60763.091083323816,60368.03963
2026-06-29 18:30:00+02:00,60902.90601250272,60721.8146
2026-06-29 18:45:00+02:00,61207.15383198992,60746.94596
2026-06-29 19:00:00+02:00,61520.275372714845,61288.47984
2026-06-29 19:15:00+02:00,61366.99276258819,61111.91242
2026-06-29 19:30:00+02:00,61124.75323975062,60355.95991
2026-06-29 19:45:00+02:00,60441.81559479634,59477.84844
2026-06-29 20:00:00+02:00,60513.87697769042,59541.55717
2026-06-29 20:15:00+02:00,59845.13167280478,58517.04625
2026-06-29 20:30:00+02:00,59340.534891619005,58368.92137
2026-06-29 20:45:00+02:00,59340.754509089165,57866.95333
2026-06-29 21:00:00+02:00,58487.122443737724,57393.19577
2026-06-29 21:15:00+02:00,58304.88346970518,56777.82644
2026-06-29 21:30:00+02:00,57000.88055351625,55864.07542
2026-06-29 21:45:00+02:00,56963.926726173464,55565.34515
2026-06-29 22:00:00+02:00,55530.68340107275,55433.17002
2026-06-29 22:15:00+02:00,55287.67489435005,55090.69838
2026-06-29 22:30:00+02:00,54264.622780586746,56926.25147
2026-06-29 22:45:00+02:00,53098.71672599701,57218.86248
2026-06-29 23:00:00+02:00,51240.709347144235,55892.04481
2026-06-29 23:15:00+02:00,51057.603226042746,55505.93731
2026-06-29 23:30:00+02:00,50349.67974870168,54942.51633
2026-06-29 23:45:00+02:00,50182.48843420004,54376.19735
2026-06-30 00:00:00+02:00,50531.69896639399,53862.36415
2026-06-30 00:15:00+02:00,50018.30564972187,53615.12321
2026-06-30 00:30:00+02:00,49750.86768112033,52521.3426
2026-06-30 00:45:00+02:00,49065.33005823562,49318.7376
2026-06-30 01:00:00+02:00,48900.254807404744,48797.39172
2026-06-30 01:15:00+02:00,48714.38249596569,48416.11538
2026-06-30 01:30:00+02:00,48072.88283043114,47841.90075
2026-06-30 01:45:00+02:00,47716.941069413275,47619.50621
2026-06-30 02:00:00+02:00,47704.92520556126,46709.82681
2026-06-30 02:15:00+02:00,47478.04746654855,46587.70275
2026-06-30 02:30:00+02:00,47649.21454412824,46622.47236
2026-06-30 02:45:00+02:00,47715.646427721666,46302.55826
2026-06-30 03:00:00+02:00,47305.320179904316,46445.14598
2026-06-30 03:15:00+02:00,47290.50098579542,46521.73297
2026-06-30 03:30:00+02:00,47370.40429319388,46288.104
2026-06-30 03:45:00+02:00,47352.23477674914,46233.56101
2026-06-30 04:00:00+02:00,48016.43806619546,46755.99851
2026-06-30 04:15:00+02:00,48180.73168943285,46831.43228
2026-06-30 04:30:00+02:00,48673.67562173864,47342.78434
2026-06-30 04:45:00+02:00,48887.337829520744,47405.6759
2026-06-30 05:00:00+02:00,49024.753342379554,48028.48602
2026-06-30 05:15:00+02:00,49851.30394235583,48184.8392
2026-06-30 05:30:00+02:00,50844.340514889074,49352.86606
2026-06-30 05:45:00+02:00,51929.649795778816,50806.92576
2026-06-30 06:00:00+02:00,55309.327773210345,52554.76383
2026-06-30 06:15:00+02:00,56291.849071465025,54234.38142
2026-06-30 06:30:00+02:00,57576.511417726084,55893.4502
2026-06-30 06:45:00+02:00,59115.630489290066,56509.79934
2026-06-30 07:00:00+02:00,60226.516089196295,57444.30185
2026-06-30 07:15:00+02:00,61601.562636020244,58302.73571
2026-06-30 07:30:00+02:00,61969.99073492089,59043.91333
2026-06-30 07:45:00+02:00,62339.10084245084,59860.80089
2026-06-30 08:00:00+02:00,63030.667437420416,60743.10425
2026-06-30 08:15:00+02:00,62951.051582012464,61068.93628
2026-06-30 08:30:00+02:00,63397.074031304575,62223.78857
2026-06-30 08:45:00+02:00,63130.819584821744,62385.30103
2026-06-30 09:00:00+02:00,62496.79382311018,61362.14065
2026-06-30 09:15:00+02:00,62562.461663293565,61384.18449
2026-06-30 09:30:00+02:00,62678.3306286427,61708.85852
2026-06-30 09:45:00+02:00,63354.03948538036,61892.50521
2026-06-30 10:00:00+02:00,62859.18151281471,61315.96427
2026-06-30 10:15:00+02:00,62933.912182908105,61164.8397
2026-06-30 10:30:00+02:00,62869.6116553492,61334.31732
2026-06-30 10:45:00+02:00,62731.39079647791,61112.07274
2026-06-30 11:00:00+02:00,62673.030270260955,60737.91089
2026-06-30 11:15:00+02:00,62645.65616508745,60867.80578
2026-06-30 11:30:00+02:00,62645.65616508745,61261.28724
2026-06-30 11:45:00+02:00,62675.566475100575,61368.29129
2026-06-30 12:00:00+02:00,62333.74586375353,60352.96881
2026-06-30 12:15:00+02:00,62242.606183984506,59725.15308
2026-06-30 12:30:00+02:00,62168.06659272816,60554.04806
2026-06-30 12:45:00+02:00,62129.032877732905,60716.65132
2026-06-30 13:00:00+02:00,62016.02832677795,60032.69003
2026-06-30 13:15:00+02:00,62059.31442470279,59929.76905
2026-06-30 13:30:00+02:00,62102.48478952464,59514.26374
2026-06-30 13:45:00+02:00,61911.48503375243,59508.07886
2026-06-30 14:00:00+02:00,61562.369227310235,59183.45909
2026-06-30 14:15:00+02:00,61332.185238901846,58963.74736
2026-06-30 14:30:00+02:00,61115.59524818891,58062.56072
2026-06-30 14:45:00+02:00,60612.236013713526,58282.09119
2026-06-30 15:00:00+02:00,60614.32665848327,59231.26976
2026-06-30 15:15:00+02:00,60614.32665848327,59646.51659
2026-06-30 15:30:00+02:00,60110.476913071725,58801.78461
2026-06-30 15:45:00+02:00,59997.1695499502,59046.48805
2026-06-30 16:00:00+02:00,60316.029623994036,60153.38535
2026-06-30 16:15:00+02:00,60316.029623994036,59470.82731
2026-06-30 16:30:00+02:00,59707.96630491162,58934.85143
2026-06-30 16:45:00+02:00,59994.71941634265,59108.36718
2026-06-30 17:00:00+02:00,60330.36017646911,59550.72395
2026-06-30 17:15:00+02:00,60328.05817772634,59728.69145
2026-06-30 17:30:00+02:00,60803.70567120394,60544.16064
2026-06-30 17:45:00+02:00,61258.269770627005,60771.69231
2026-06-30 18:00:00+02:00,61633.45985158646,60938.20308
2026-06-30 18:15:00+02:00,61698.91853813316,60529.64604
2026-06-30 18:30:00+02:00,61774.705925272654,60804.45974
2026-06-30 18:45:00+02:00,61774.705925272654,60276.24416
2026-06-30 19:00:00+02:00,62009.69519791331,61108.16422
2026-06-30 19:15:00+02:00,61685.27304805895,60799.6542
2026-06-30 19:30:00+02:00,61734.14903424469,60026.25607
2026-06-30 19:45:00+02:00,61404.97075293427,59635.92077
2026-06-30 20:00:00+02:00,61414.003985863186,59313.05448
2026-06-30 20:15:00+02:00,60698.38921325605,58668.27446
2026-06-30 20:30:00+02:00,59861.25376945581,58067.39303
2026-06-30 20:45:00+02:00,58986.37271519349,57563.15918
2026-06-30 21:00:00+02:00,57695.04879642468,56645.90998
2026-06-30 21:15:00+02:00,57697.299041836,55917.94096
2026-06-30 21:30:00+02:00,57194.79496974657,55469.98406
2026-06-30 21:45:00+02:00,57057.77864356909,55242.1785
2026-06-30 22:00:00+02:00,56164.96392384887,54511.21667
2026-06-30 22:15:00+02:00,56060.99654565904,54328.39782
2026-06-30 22:30:00+02:00,55947.32679872635,54027.8185
2026-06-30 22:45:00+02:00,55308.69074347122,53294.83128
2026-06-30 23:00:00+02:00,53509.766930812075,51535.19937
2026-06-30 23:15:00+02:00,53013.22450889891,51446.31858
2026-06-30 23:30:00+02:00,52453.36320442984,51383.08516
2026-06-30 23:45:00+02:00,52453.36320442984,50613.27447
2026-07-01 00:00:00+02:00,47714.82141071931,49389.73104
2026-07-01 00:15:00+02:00,47534.32554313698,49119.23513
2026-07-01 00:30:00+02:00,47242.11939196546,48697.43238
2026-07-01 00:45:00+02:00,47125.75765424852,48271.26327
2026-07-01 01:00:00+02:00,46672.99454180732,47764.3672
2026-07-01 01:15:00+02:00,46571.1414465639,47355.54657
2026-07-01 01:30:00+02:00,46309.43197353346,47023.05338
2026-07-01 01:45:00+02:00,45895.072483321026,46939.39306
2026-07-01 02:00:00+02:00,45775.534149072635,46323.54891
2026-07-01 02:15:00+02:00,45765.858717467585,46263.82614
2026-07-01 02:30:00+02:00,45649.43029939583,46648.45549
2026-07-01 02:45:00+02:00,45730.01622113127,46467.05147
2026-07-01 03:00:00+02:00,45772.693470505445,45712.95026
2026-07-01 03:15:00+02:00,45802.84293014505,45623.34053
2026-07-01 03:30:00+02:00,45802.84293014505,45611.5363
2026-07-01 03:45:00+02:00,45802.84293014505,46047.88626
2026-07-01 04:00:00+02:00,45789.86667486343,46326.61733
2026-07-01 04:15:00+02:00,45894.88601717107,46212.14422
2026-07-01 04:30:00+02:00,45953.940979725085,46486.69398
2026-07-01 04:45:00+02:00,46223.754867278534,46825.48934
2026-07-01 05:00:00+02:00,46414.25780842943,48151.33176
2026-07-01 05:15:00+02:00,46544.333556390826,48574.16606
2026-07-01 05:30:00+02:00,47654.556925985984,49525.40207
2026-07-01 05:45:00+02:00,48796.903563598265,50591.76838
2026-07-01 06:00:00+02:00,51006.276771706864,52123.53016
2026-07-01 06:15:00+02:00,52909.11141461202,53871.79833
2026-07-01 06:30:00+02:00,53707.88144065299,55319.78727
2026-07-01 06:45:00+02:00,54378.863116724446,56627.90361
2026-07-01 07:00:00+02:00,55335.24370830763,58074.94326
2026-07-01 07:15:00+02:00,56513.70052341656,59301.55948
2026-07-01 07:30:00+02:00,57813.15842438624,60230.00598
2026-07-01 07:45:00+02:00,58118.48312226345,61144.88974
2026-07-01 08:00:00+02:00,58087.50319879942,62105.8054
2026-07-01 08:15:00+02:00,58867.42682801882,62965.72937
2026-07-01 08:30:00+02:00,59114.848840413615,63546.86294
2026-07-01 08:45:00+02:00,58892.47606427052,63828.19537
2026-07-01 09:00:00+02:00,58778.27076711143,63142.04954
2026-07-01 09:15:00+02:00,58273.11982767639,63725.92028
2026-07-01 09:30:00+02:00,58849.098601625126,63610.26646
2026-07-01 09:45:00+02:00,58922.58539759921,63545.34456
2026-07-01 10:00:00+02:00,58266.260411147894,63163.84599
2026-07-01 10:15:00+02:00,58238.52696054753,63152.23221
2026-07-01 10:30:00+02:00,58220.37551129995,62753.97567
2026-07-01 10:45:00+02:00,58307.35770465953,62755.16138
2026-07-01 11:00:00+02:00,58437.95389284654,62552.43089
2026-07-01 11:15:00+02:00,58437.95389284654,62540.61108
2026-07-01 11:30:00+02:00,58429.194333550295,62228.59688
2026-07-01 11:45:00+02:00,58429.194333550295,62710.6609
2026-07-01 12:00:00+02:00,58100.90951012761,62041.39059
2026-07-01 12:15:00+02:00,57633.38080553319,61284.31384
2026-07-01 12:30:00+02:00,57486.604297558384,61219.08556
2026-07-01 12:45:00+02:00,58292.315517395786,61859.77577
2026-07-01 13:00:00+02:00,58138.36147622144,60850.77236
2026-07-01 13:15:00+02:00,57706.973079636155,60542.64581
2026-07-01 13:30:00+02:00,57124.02384580706,60256.49242
2026-07-01 13:45:00+02:00,56956.11155880059,59930.2798
2026-07-01 14:00:00+02:00,57384.382573969764,59669.85932
2026-07-01 14:15:00+02:00,56941.279693406104,59292.52901
2026-07-01 14:30:00+02:00,56500.21632150176,58670.48616
2026-07-01 14:45:00+02:00,56306.23553598783,58082.28024
2026-07-01 15:00:00+02:00,56221.68494726947,58527.31037
2026-07-01 15:15:00+02:00,55873.00889210804,57393.59472
2026-07-01 15:30:00+02:00,55736.98302317954,57666.13532
2026-07-01 15:45:00+02:00,55156.19920240305,57378.69315
2026-07-01 16:00:00+02:00,56621.97771236091,58071.09304
2026-07-01 16:15:00+02:00,56314.0786108012,57657.57175
2026-07-01 16:30:00+02:00,56067.13445804715,56474.43768
2026-07-01 16:45:00+02:00,56158.37488528539,56148.75492
2026-07-01 17:00:00+02:00,56657.83799110653,57395.83111
2026-07-01 17:15:00+02:00,56352.82170802542,57433.3191
2026-07-01 17:30:00+02:00,56483.206996078276,57301.2908
2026-07-01 17:45:00+02:00,56912.358056770376,58277.57451
2026-07-01 18:00:00+02:00,57375.18278507629,60432.27892
2026-07-01 18:15:00+02:00,57771.493426344765,59814.94361
2026-07-01 18:30:00+02:00,57785.98002433801,59860.16507
2026-07-01 18:45:00+02:00,57785.98002433801,59864.68901
2026-07-01 19:00:00+02:00,58973.66558372371,60104.85599
2026-07-01 19:15:00+02:00,57900.820041992396,59750.15773
2026-07-01 19:30:00+02:00,57801.83262444559,59520.42852
2026-07-01 19:45:00+02:00,57587.12202507356,59162.63706
2026-07-01 20:00:00+02:00,57660.8857019206,58662.23488
2026-07-01 20:15:00+02:00,57531.67703934008,57988.79819
2026-07-01 20:30:00+02:00,56823.80416182565,56741.91536
2026-07-01 20:45:00+02:00,56577.99745619165,56085.30953
2026-07-01 21:00:00+02:00,56363.21624779401,55817.90854
2026-07-01 21:15:00+02:00,55990.91868429538,55698.28072
2026-07-01 21:30:00+02:00,55977.71577055696,55226.68447
2026-07-01 21:45:00+02:00,55491.273648159004,55027.24082
2026-07-01 22:00:00+02:00,55108.55657339156,53819.0837
2026-07-01 22:15:00+02:00,55002.172385190555,53193.23652
2026-07-01 22:30:00+02:00,54180.23645512476,52085.70326
2026-07-01 22:45:00+02:00,52990.89117325114,52148.67251
2026-07-01 23:00:00+02:00,51755.31611569295,50857.48031
2026-07-01 23:15:00+02:00,51222.48975441022,50122.52569
2026-07-01 23:30:00+02:00,50380.34271455656,49816.6346
2026-07-01 23:45:00+02:00,49597.631957984064,49554.979
2026-07-02 00:00:00+02:00,49815.14708075545,47967.91562
2026-07-02 00:15:00+02:00,49800.302488627596,47338.14897
2026-07-02 00:30:00+02:00,49419.035284980186,46526.28337
2026-07-02 00:45:00+02:00,48954.73428682675,46534.34981
2026-07-02 01:00:00+02:00,48230.71129034037,46121.97781
2026-07-02 01:15:00+02:00,48015.550308494225,46090.96359
2026-07-02 01:30:00+02:00,47106.45566247449,45884.77024
2026-07-02 01:45:00+02:00,47102.89279779441,45568.262
2026-07-02 02:00:00+02:00,46924.282287240974,44906.11211
2026-07-02 02:15:00+02:00,47059.172536591286,44795.10965
2026-07-02 02:30:00+02:00,46869.40959327829,44817.24772
2026-07-02 02:45:00+02:00,46859.27871054617,45183.22289
2026-07-02 03:00:00+02:00,47286.50414452219,45272.85611
2026-07-02 03:15:00+02:00,47338.608448236744,45501.72097
2026-07-02 03:30:00+02:00,47360.47819041066,45758.07379
2026-07-02 03:45:00+02:00,47619.943411601045,46136.38
2026-07-02 04:00:00+02:00,47347.42849496425,46560.93233
2026-07-02 04:15:00+02:00,47348.6167811915,46952.66024
2026-07-02 04:30:00+02:00,47812.391077523585,47471.37426
2026-07-02 04:45:00+02:00,47860.43917603721,48021.91608
2026-07-02 05:00:00+02:00,48703.94293356528,48896.34493
2026-07-02 05:15:00+02:00,48845.99190125941,49447.80417
2026-07-02 05:30:00+02:00,49983.46374456856,50517.42699
2026-07-02 05:45:00+02:00,51381.67735721839,52012.45389
2026-07-02 06:00:00+02:00,54248.74458318123,53927.63364
2026-07-02 06:15:00+02:00,56646.55587663991,55489.68189
2026-07-02 06:30:00+02:00,57304.04051845321,56990.03528
2026-07-02 06:45:00+02:00,58110.57196085188,58519.89911
2026-07-02 07:00:00+02:00,58929.759683164724,59439.22605
2026-07-02 07:15:00+02:00,59924.010885860094,60043.14967
2026-07-02 07:30:00+02:00,61140.37751697376,60744.61257
2026-07-02 07:45:00+02:00,61708.51288855048,61469.17672
2026-07-02 08:00:00+02:00,61626.205361398796,61338.77606
2026-07-02 08:15:00+02:00,62008.94037439457,61975.23594
2026-07-02 08:30:00+02:00,62365.594298908756,61690.88637
2026-07-02 08:45:00+02:00,62665.82237502541,61290.63407
2026-07-02 09:00:00+02:00,61294.595381950196,59530.6915
2026-07-02 09:15:00+02:00,61079.30575878454,59391.38162
2026-07-02 09:30:00+02:00,61308.126978343025,59929.96493
2026-07-02 09:45:00+02:00,61121.27494942389,59000.57356
2026-07-02 10:00:00+02:00,61308.223846143155,58498.3767
2026-07-02 10:15:00+02:00,61518.172900407575,59933.84154
2026-07-02 10:30:00+02:00,61556.21299675826,59939.21332
2026-07-02 10:45:00+02:00,61731.091337018355,59972.43878
2026-07-02 11:00:00+02:00,61255.47347010279,60819.72519
2026-07-02 11:15:00+02:00,61269.94703454154,60922.30912
2026-07-02 11:30:00+02:00,61220.212439532246,61168.29617
2026-07-02 11:45:00+02:00,61218.76163522394,61244.51346
2026-07-02 12:00:00+02:00,61004.302729896845,60343.20991
2026-07-02 12:15:00+02:00,61052.19194281236,59309.08758
2026-07-02 12:30:00+02:00,61041.44846049069,59374.94822
2026-07-02 12:45:00+02:00,60784.68242097559,59577.91467
2026-07-02 13:00:00+02:00,60877.275468986474,59870.65542
2026-07-02 13:15:00+02:00,60812.435026927546,59724.63946
2026-07-02 13:30:00+02:00,60410.33733209058,58909.8169
2026-07-02 13:45:00+02:00,59486.27123994833,58461.0615
2026-07-02 14:00:00+02:00,59887.039570605615,58305.74141
2026-07-02 14:15:00+02:00,59841.39946604576,58006.96755
2026-07-02 14:30:00+02:00,59084.618272339256,58004.53172
2026-07-02 14:45:00+02:00,58611.31058885495,58655.83331
2026-07-02 15:00:00+02:00,58285.07379090289,58375.45226
2026-07-02 15:15:00+02:00,57831.71950961006,57901.75296
2026-07-02 15:30:00+02:00,57653.88349837516,58273.22549
2026-07-02 15:45:00+02:00,57388.98018103172,58267.54472
2026-07-02 16:00:00+02:00,58755.63745313135,57741.50061
2026-07-02 16:15:00+02:00,58246.80015650467,57081.49894
2026-07-02 16:30:00+02:00,58471.27815834178,57218.94905
2026-07-02 16:45:00+02:00,58272.434682293184,56986.06698
2026-07-02 17:00:00+02:00,59776.139213389804,57591.4419
2026-07-02 17:15:00+02:00,59442.207687373426,57736.64665
2026-07-02 17:30:00+02:00,59825.48583695982,58118.22828
2026-07-02 17:45:00+02:00,60326.634821925705,58806.5713
2026-07-02 18:00:00+02:00,60581.55535898291,59256.69751
2026-07-02 18:15:00+02:00,60584.916640766336,59834.78491
2026-07-02 18:30:00+02:00,61096.750534764535,59221.29111
2026-07-02 18:45:00+02:00,61302.83788399685,58962.80353
2026-07-02 19:00:00+02:00,60741.081387904414,58879.02111
2026-07-02 19:15:00+02:00,60707.93905064689,57953.52357
2026-07-02 19:30:00+02:00,60746.12010157795,57325.44258
2026-07-02 19:45:00+02:00,59778.99712310559,56977.4477
2026-07-02 20:00:00+02:00,60162.39226421093,56928.12977
2026-07-02 20:15:00+02:00,59933.57620095307,56250.18848
2026-07-02 20:30:00+02:00,59448.32712567674,55707.96088
2026-07-02 20:45:00+02:00,59112.46088464849,54692.47276
2026-07-02 21:00:00+02:00,58402.37741107885,53864.25426
2026-07-02 21:15:00+02:00,58145.84030572986,53057.59629
2026-07-02 21:30:00+02:00,57673.58644248641,53176.61342
2026-07-02 21:45:00+02:00,57604.65954902131,53230.90456
2026-07-02 22:00:00+02:00,57139.99178698385,52789.30071
2026-07-02 22:15:00+02:00,56611.0655034723,52222.13497
2026-07-02 22:30:00+02:00,55617.23196261354,51466.78054
2026-07-02 22:45:00+02:00,55167.810899445074,50229.16713
2026-07-02 23:00:00+02:00,53295.39378107178,48573.40368
2026-07-02 23:15:00+02:00,52392.82109155649,47871.709
2026-07-02 23:30:00+02:00,51587.264678458916,46531.89197
2026-07-02 23:45:00+02:00,50810.37243526955,46314.66187
2026-07-03 00:00:00+02:00,49889.474234077235,45217.16032
2026-07-03 00:15:00+02:00,49678.031603333526,45070.373779
2026-07-03 00:30:00+02:00,49297.98173608901,44344.3083
2026-07-03 00:45:00+02:00,48526.607740709005,44339.56129
2026-07-03 01:00:00+02:00,47986.80331784803,43339.51147
2026-07-03 01:15:00+02:00,47788.80383476378,43274.61211
2026-07-03 01:30:00+02:00,47378.76647538843,43455.53054
2026-07-03 01:45:00+02:00,47283.11597914368,43408.16935
2026-07-03 02:00:00+02:00,46921.60816041072,42863.25299
2026-07-03 02:15:00+02:00,46883.23782283785,42406.80629
2026-07-03 02:30:00+02:00,46884.18345516713,42886.44241
2026-07-03 02:45:00+02:00,46571.61737260174,42939.43224
2026-07-03 03:00:00+02:00,46314.775326673705,42709.6116
2026-07-03 03:15:00+02:00,46917.697448699495,42830.359349
2026-07-03 03:30:00+02:00,46885.79412982617,42437.57812
2026-07-03 03:45:00+02:00,46950.24167003153,42612.468
2026-07-03 04:00:00+02:00,47016.76267680106,42793.00948
2026-07-03 04:15:00+02:00,47462.01749136039,42965.93715
2026-07-03 04:30:00+02:00,47419.7518144086,43533.33698
2026-07-03 04:45:00+02:00,47849.97089719662,43641.54343
2026-07-03 05:00:00+02:00,48188.47057791266,44675.73705
2026-07-03 05:15:00+02:00,48275.04444114527,44809.10133
2026-07-03 05:30:00+02:00,48928.64055399737,45752.31308
2026-07-03 05:45:00+02:00,51111.19692840718,46948.080679
2026-07-03 06:00:00+02:00,52337.71555287578,49322.97185
2026-07-03 06:15:00+02:00,54314.21483908113,51034.36798
2026-07-03 06:30:00+02:00,55817.557209140934,52491.24616
2026-07-03 06:45:00+02:00,57133.444474385615,53796.05256
2026-07-03 07:00:00+02:00,57659.97423226246,54805.90811
2026-07-03 07:15:00+02:00,58181.707219197255,55481.04745
2026-07-03 07:30:00+02:00,59518.08738667085,56558.6609
2026-07-03 07:45:00+02:00,59979.983442952966,57126.38908
2026-07-03 08:00:00+02:00,60060.898681251114,57795.37779
2026-07-03 08:15:00+02:00,60276.48138120282,58652.10098
2026-07-03 08:30:00+02:00,61106.21754659994,58771.74373
2026-07-03 08:45:00+02:00,61544.09040444144,58559.06148
2026-07-03 09:00:00+02:00,60952.940158019,58186.51519
2026-07-03 09:15:00+02:00,60952.940158019,57951.52791
2026-07-03 09:30:00+02:00,61114.88493872189,57291.68184
2026-07-03 09:45:00+02:00,61215.389765163374,57344.705369
2026-07-03 10:00:00+02:00,61117.93953100093,57220.13165
2026-07-03 10:15:00+02:00,61099.90454873064,58215.23422
2026-07-03 10:30:00+02:00,61111.17233135961,58671.32694
2026-07-03 10:45:00+02:00,61273.50558582559,58975.75151
2026-07-03 11:00:00+02:00,61263.9057938874,58934.70288
2026-07-03 11:15:00+02:00,60876.04278170337,57489.04855
2026-07-03 11:30:00+02:00,61077.94154919439,58130.47832
2026-07-03 11:45:00+02:00,60151.85666645046,58241.40249
2026-07-03 12:00:00+02:00,59616.095309718425,56648.9401
2026-07-03 12:15:00+02:00,59528.06443040113,56109.88971
2026-07-03 12:30:00+02:00,59839.7950005993,56830.71048
2026-07-03 12:45:00+02:00,59592.11351335094,57016.66628
2026-07-03 13:00:00+02:00,59332.587689334774,56452.11043
2026-07-03 13:15:00+02:00,59371.474900123525,56047.7131
2026-07-03 13:30:00+02:00,58550.59662747999,55454.01008
2026-07-03 13:45:00+02:00,58064.59487957324,55036.713459
2026-07-03 14:00:00+02:00,57363.011297546225,54595.98797
2026-07-03 14:15:00+02:00,57348.142440527365,54585.37011
2026-07-03 14:30:00+02:00,56972.93750374082,54014.990179
2026-07-03 14:45:00+02:00,56860.85582064078,53901.25612
2026-07-03 15:00:00+02:00,56609.685206199625,53650.133549
2026-07-03 15:15:00+02:00,55970.02601401261,53181.682399
2026-07-03 15:30:00+02:00,55758.21627922047,52917.033569
2026-07-03 15:45:00+02:00,55586.481007737,52908.85947
2026-07-03 16:00:00+02:00,56296.304728030125,53056.29436
2026-07-03 16:15:00+02:00,55773.73684280153,52508.84626
2026-07-03 16:30:00+02:00,55744.03738484727,53680.308319
2026-07-03 16:45:00+02:00,56010.95440374463,53457.44624
2026-07-03 17:00:00+02:00,56630.7157946403,53125.64308
2026-07-03 17:15:00+02:00,56700.354927056855,52498.49224
2026-07-03 17:30:00+02:00,57520.63173502529,52475.05432
2026-07-03 17:45:00+02:00,57916.62027806228,52477.60574
2026-07-03 18:00:00+02:00,58512.40571718844,53236.531899
2026-07-03 18:15:00+02:00,58224.48650654787,53589.000969
2026-07-03 18:30:00+02:00,58362.478214283125,54134.65375
2026-07-03 18:45:00+02:00,58427.66604541788,54910.08735
2026-07-03 19:00:00+02:00,58489.25842380235,54552.53247
2026-07-03 19:15:00+02:00,58154.169623441594,54156.98666
2026-07-03 19:30:00+02:00,57771.1905400938,53762.70677
2026-07-03 19:45:00+02:00,57075.735847616794,53397.09029
2026-07-03 20:00:00+02:00,56644.87528248458,53320.08954
2026-07-03 20:15:00+02:00,55796.22104700023,52718.63033
2026-07-03 20:30:00+02:00,55520.220840454036,51761.72868
2026-07-03 20:45:00+02:00,54817.32399094531,51031.2075
2026-07-03 21:00:00+02:00,54712.35636959661,50401.6842
2026-07-03 21:15:00+02:00,54693.72288507174,49678.38772
2026-07-03 21:30:00+02:00,54532.54155976472,48932.9878
2026-07-03 21:45:00+02:00,54481.94090941504,49012.282609
2026-07-03 22:00:00+02:00,53498.03109457514,48761.40916
2026-07-03 22:15:00+02:00,53150.015238710024,48565.71821
2026-07-03 22:30:00+02:00,52181.248370550136,48347.39482
2026-07-03 22:45:00+02:00,51247.682012172474,47392.48226
2026-07-03 23:00:00+02:00,50176.9492418686,46878.384299
2026-07-03 23:15:00+02:00,50157.64243898184,46150.62396
2026-07-03 23:30:00+02:00,49808.67338668993,45420.23522
2026-07-03 23:45:00+02:00,49503.5080695732,44640.252379
2026-07-04 00:00:00+02:00,44172.35096252592,44196.53264
2026-07-04 00:15:00+02:00,44333.87929359045,44082.77826
2026-07-04 00:30:00+02:00,43629.445365321044,43469.81401
2026-07-04 00:45:00+02:00,43139.66171533246,43247.68716
2026-07-04 01:00:00+02:00,42814.27697671076,42855.01012
2026-07-04 01:15:00+02:00,42746.95698974399,42867.294279
2026-07-04 01:30:00+02:00,42512.4758065886,42540.72792
2026-07-04 01:45:00+02:00,42077.759993332016,42382.63711
2026-07-04 02:00:00+02:00,41443.87580708048,42126.95161
2026-07-04 02:15:00+02:00,41303.189945073274,42021.03636
2026-07-04 02:30:00+02:00,41264.13600849873,41501.76322
2026-07-04 02:45:00+02:00,41497.60802877896,41224.02911
2026-07-04 03:00:00+02:00,41699.14467313006,40998.14996
2026-07-04 03:15:00+02:00,41226.91369137221,41347.82235
2026-07-04 03:30:00+02:00,41207.21934584323,41571.91962
2026-07-04 03:45:00+02:00,41172.17402662207,41543.78378
2026-07-04 04:00:00+02:00,40756.04403773652,41719.83793
2026-07-04 04:15:00+02:00,40572.221349737534,41981.97797
2026-07-04 04:30:00+02:00,40573.0962378293,41862.80611
2026-07-04 04:45:00+02:00,40491.414495477045,41502.58971
2026-07-04 05:00:00+02:00,40535.17514753606,41145.877879
2026-07-04 05:15:00+02:00,40583.0919000776,41127.04206
2026-07-04 05:30:00+02:00,40767.920690311854,41245.47429
2026-07-04 05:45:00+02:00,41685.602009527625,41453.84197
2026-07-04 06:00:00+02:00,41901.36993847651,42847.42072
2026-07-04 06:15:00+02:00,42149.68077091536,43601.00113
2026-07-04 06:30:00+02:00,42818.378934457774,44414.41775
2026-07-04 06:45:00+02:00,42875.727420841715,44458.10632
2026-07-04 07:00:00+02:00,43129.56890687635,44022.91962
2026-07-04 07:15:00+02:00,43637.735156125185,44981.48042
2026-07-04 07:30:00+02:00,44940.106534213715,45426.377
2026-07-04 07:45:00+02:00,45884.60573551058,46029.31006
2026-07-04 08:00:00+02:00,46489.98575125895,46237.10502
2026-07-04 08:15:00+02:00,46790.78256475448,46938.131199
2026-07-04 08:30:00+02:00,47233.8775697878,47130.87954
2026-07-04 08:45:00+02:00,47633.51371281178,47761.422409
2026-07-04 09:00:00+02:00,47789.55474591246,46845.22798
2026-07-04 09:15:00+02:00,48164.14402592317,46803.73135
2026-07-04 09:30:00+02:00,48541.63604865171,47129.044459
2026-07-04 09:45:00+02:00,48914.39353236967,47631.06129
2026-07-04 10:00:00+02:00,48552.35983031261,48211.5408
2026-07-04 10:15:00+02:00,48828.4794538159,48839.53768
2026-07-04 10:30:00+02:00,48777.09847618493,49305.28832
2026-07-04 10:45:00+02:00,49352.94883447062,49291.74817
2026-07-04 11:00:00+02:00,49565.063468451364,48971.57364
2026-07-04 11:15:00+02:00,49571.95290445744,49286.26395
2026-07-04 11:30:00+02:00,49825.55495288644,49531.72648
2026-07-04 11:45:00+02:00,49500.01714540385,49788.110629
2026-07-04 12:00:00+02:00,48712.08498289102,49456.04799
2026-07-04 12:15:00+02:00,48461.34278730603,49637.17762
2026-07-04 12:30:00+02:00,48410.47561581007,49876.79377
2026-07-04 12:45:00+02:00,48131.46078061186,50022.060989
2026-07-04 13:00:00+02:00,47498.54976418825,48528.97154
2026-07-04 13:15:00+02:00,47237.8751695595,48239.53602
2026-07-04 13:30:00+02:00,46914.26149960786,47950.97084
2026-07-04 13:45:00+02:00,46412.23190330093,47944.039649
2026-07-04 14:00:00+02:00,45691.71050318615,47041.6876
2026-07-04 14:15:00+02:00,45634.52120802315,46679.36892
2026-07-04 14:30:00+02:00,45104.077520730265,46573.18303
2026-07-04 14:45:00+02:00,45083.01189385906,46232.926039
2026-07-04 15:00:00+02:00,44960.61195477261,46652.75286
2026-07-04 15:15:00+02:00,44958.825365703335,46663.97009
2026-07-04 15:30:00+02:00,44933.0372350967,45839.28976
2026-07-04 15:45:00+02:00,45421.16689893017,45691.071109
2026-07-04 16:00:00+02:00,46080.34406554571,46645.92915
2026-07-04 16:15:00+02:00,46045.88995271887,45927.170099
2026-07-04 16:30:00+02:00,45958.091997333715,45483.339199
2026-07-04 16:45:00+02:00,46186.23346762063,45346.959
2026-07-04 17:00:00+02:00,47012.751144852395,45928.72014
2026-07-04 17:15:00+02:00,46739.704404769196,45688.22284
2026-07-04 17:30:00+02:00,46783.040515674096,46327.46653
2026-07-04 17:45:00+02:00,47013.813166216045,45929.40448
2026-07-04 18:00:00+02:00,47361.09760179802,46962.56389
2026-07-04 18:15:00+02:00,47657.438052067824,47643.00849
2026-07-04 18:30:00+02:00,47638.678760539,48428.3014
2026-07-04 18:45:00+02:00,47832.98589000557,48609.76184
2026-07-04 19:00:00+02:00,48388.94075808257,48471.63771
2026-07-04 19:15:00+02:00,48243.77852074924,48136.90378
2026-07-04 19:30:00+02:00,48177.67945565094,47651.65998
2026-07-04 19:45:00+02:00,48230.1960261185,47796.09222
2026-07-04 20:00:00+02:00,48468.52644982863,47867.01389
2026-07-04 20:15:00+02:00,48219.23267751383,46861.39967
2026-07-04 20:30:00+02:00,47499.466880679895,46532.05503
2026-07-04 20:45:00+02:00,46721.499502534636,45448.55872
2026-07-04 21:00:00+02:00,46469.486108584875,44901.66606
2026-07-04 21:15:00+02:00,46369.15484688145,44476.04278
2026-07-04 21:30:00+02:00,46107.832432449446,44351.06191
2026-07-04 21:45:00+02:00,46124.65674406903,44674.65766
2026-07-04 22:00:00+02:00,46000.12587498085,44698.68937
2026-07-04 22:15:00+02:00,45948.78050321338,43987.743799
2026-07-04 22:30:00+02:00,45331.46844004971,44009.22047
2026-07-04 22:45:00+02:00,45356.16610962077,43711.66098
2026-07-04 23:00:00+02:00,44773.6072419748,43276.47457
2026-07-04 23:15:00+02:00,44574.40853161255,42703.91956
2026-07-04 23:30:00+02:00,44037.5044238321,42558.11968
2026-07-04 23:45:00+02:00,43976.1226897504,41206.59122
2026-07-05 00:00:00+02:00,43103.265781964656,40716.53848
2026-07-05 00:15:00+02:00,43079.01156950311,40735.46912
2026-07-05 00:30:00+02:00,43061.260582366594,40576.46937
2026-07-05 00:45:00+02:00,42824.08891534543,39987.23249
2026-07-05 01:00:00+02:00,42417.230352192826,39474.96194
2026-07-05 01:15:00+02:00,42016.012912185135,39447.3963
2026-07-05 01:30:00+02:00,41410.93990620905,39013.10219
2026-07-05 01:45:00+02:00,40932.60046965856,39024.00188
2026-07-05 02:00:00+02:00,40747.638131523054,38107.32096
2026-07-05 02:15:00+02:00,40361.49452914586,37324.38604
2026-07-05 02:30:00+02:00,39850.79720968299,37135.42719
2026-07-05 02:45:00+02:00,40500.342199884086,36989.52918
2026-07-05 03:00:00+02:00,40383.55510392059,36868.9273
2026-07-05 03:15:00+02:00,40225.34852940958,36258.86796
2026-07-05 03:30:00+02:00,40172.66380832413,36353.66121
2026-07-05 03:45:00+02:00,39406.17347387677,36188.1966
2026-07-05 04:00:00+02:00,39346.257615033974,36099.6849
2026-07-05 04:15:00+02:00,39313.03265601995,36475.97513
2026-07-05 04:30:00+02:00,39289.17163854657,36871.40674
2026-07-05 04:45:00+02:00,39373.06188275417,36925.29564
2026-07-05 05:00:00+02:00,39898.33219260232,36627.27477
2026-07-05 05:15:00+02:00,39898.33219260232,36015.75829
2026-07-05 05:30:00+02:00,40134.477917220305,36007.30406
2026-07-05 05:45:00+02:00,40479.13473790889,36204.13239
2026-07-05 06:00:00+02:00,40150.58958638904,36557.77864
2026-07-05 06:15:00+02:00,39818.19920494014,36656.22144
2026-07-05 06:30:00+02:00,40553.62091186111,37468.64549
2026-07-05 06:45:00+02:00,40820.76067707487,38355.71051
2026-07-05 07:00:00+02:00,41219.53533897795,38675.96633
2026-07-05 07:15:00+02:00,42591.663601335764,39625.54224
2026-07-05 07:30:00+02:00,43156.11556262977,40633.38863
2026-07-05 07:45:00+02:00,43486.28696879122,41240.04716
2026-07-05 08:00:00+02:00,43366.622268381,41702.31758
2026-07-05 08:15:00+02:00,44451.54881106605,42351.23802
2026-07-05 08:30:00+02:00,45073.621210645724,43205.62302
2026-07-05 08:45:00+02:00,45095.679732794684,43689.14801
2026-07-05 09:00:00+02:00,45565.669123723834,43829.27975
2026-07-05 09:15:00+02:00,46188.305782829244,43813.58911
2026-07-05 09:30:00+02:00,46370.30092948359,43950.36726
2026-07-05 09:45:00+02:00,46664.62921709802,44231.38621
2026-07-05 10:00:00+02:00,47055.646874781516,44196.88545
2026-07-05 10:15:00+02:00,47199.74253412429,44951.06123
2026-07-05 10:30:00+02:00,47506.786000573404,44917.44267
2026-07-05 10:45:00+02:00,47961.703094007884,45084.81437
2026-07-05 11:00:00+02:00,47851.643769447124,45442.02648
2026-07-05 11:15:00+02:00,48133.50366310648,46164.02508
2026-07-05 11:30:00+02:00,48176.431170117,46320.32525
2026-07-05 11:45:00+02:00,48527.35626714247,46117.70655
2026-07-05 12:00:00+02:00,47472.00049571052,45432.08379
2026-07-05 12:15:00+02:00,47473.47065228565,45541.96354
2026-07-05 12:30:00+02:00,47658.05185081733,44787.67505
2026-07-05 12:45:00+02:00,47345.66416613047,44279.2632
2026-07-05 13:00:00+02:00,47039.82636093495,44125.77788
2026-07-05 13:15:00+02:00,46882.89873932756,44168.7905
2026-07-05 13:30:00+02:00,46304.56058968968,44269.16055
2026-07-05 13:45:00+02:00,45995.1436486119,44751.99678
2026-07-05 14:00:00+02:00,45577.20400916665,43930.8128
2026-07-05 14:15:00+02:00,45358.253810996495,43984.92204
2026-07-05 14:30:00+02:00,45255.567401046144,43159.02422
2026-07-05 14:45:00+02:00,45140.31176245856,42878.24349
2026-07-05 15:00:00+02:00,45077.08297246678,42153.84836
2026-07-05 15:15:00+02:00,44941.561804897145,42275.59765
2026-07-05 15:30:00+02:00,44733.98204818256,42132.84274
2026-07-05 15:45:00+02:00,44488.071387173855,41609.01641
2026-07-05 16:00:00+02:00,44689.29734535452,42537.96468
2026-07-05 16:15:00+02:00,44922.06546520525,43476.30734
2026-07-05 16:30:00+02:00,45521.76832866416,43890.97878
2026-07-05 16:45:00+02:00,45657.65657734978,43027.70146
2026-07-05 17:00:00+02:00,46895.78083324423,44191.02512
2026-07-05 17:15:00+02:00,46825.48108015211,44115.61107
2026-07-05 17:30:00+02:00,46936.05176247035,44375.25383
2026-07-05 17:45:00+02:00,47031.087238453234,44604.99261
2026-07-05 18:00:00+02:00,47588.01759943128,45229.19574
2026-07-05 18:15:00+02:00,47587.33210972187,45013.19124
2026-07-05 18:30:00+02:00,47926.966706997904,45846.98163
2026-07-05 18:45:00+02:00,48005.39707365534,46012.74111
2026-07-05 19:00:00+02:00,48642.28836628127,46723.41665
2026-07-05 19:15:00+02:00,48692.71058146095,46576.91934
2026-07-05 19:30:00+02:00,48525.910303543234,46338.71787
2026-07-05 19:45:00+02:00,48396.74800797187,46307.78832
2026-07-05 20:00:00+02:00,48841.265683781676,46575.83885
2026-07-05 20:15:00+02:00,48728.976132787546,46434.67556
2026-07-05 20:30:00+02:00,48085.144175223555,45879.80675
2026-07-05 20:45:00+02:00,48161.13259356559,44973.41451
2026-07-05 21:00:00+02:00,48227.24561933732,44941.2425
2026-07-05 21:15:00+02:00,47936.457581199706,45099.90681
2026-07-05 21:30:00+02:00,47731.70166657181,45810.88313
2026-07-05 21:45:00+02:00,47936.457581199706,46385.73527
2026-07-05 22:00:00+02:00,47784.80157356308,46895.28074
2026-07-05 22:15:00+02:00,47854.58267108572,46923.25836
2026-07-05 22:30:00+02:00,47633.55855267911,46609.28773
2026-07-05 22:45:00+02:00,47201.516860294614,46020.07061
2026-07-05 23:00:00+02:00,46703.62391384626,45226.84861
2026-07-05 23:15:00+02:00,45993.05738543099,45121.89064
2026-07-05 23:30:00+02:00,45773.761481625734,44623.28249
2026-07-05 23:45:00+02:00,45665.09503816674,44084.61477
2026-07-06 00:00:00+02:00,44448.734041543474,43412.36
2026-07-06 00:15:00+02:00,44392.978763369014,43791.87893
2026-07-06 00:30:00+02:00,44058.666363916396,43396.72091
2026-07-06 00:45:00+02:00,43941.3004071258,43216.00958
2026-07-06 01:00:00+02:00,42937.26746640338,42614.27398
2026-07-06 01:15:00+02:00,42851.1901332316,42284.83954
2026-07-06 01:30:00+02:00,42692.65801728354,42113.72866
2026-07-06 01:45:00+02:00,42684.97886299578,42084.85564
2026-07-06 02:00:00+02:00,42280.950079063616,41653.31604
2026-07-06 02:15:00+02:00,42278.342449852236,41590.35348
2026-07-06 02:30:00+02:00,42180.70170104381,41675.19609
2026-07-06 02:45:00+02:00,42282.99015315942,41155.8954
2026-07-06 03:00:00+02:00,42237.57397925676,40523.2161
2026-07-06 03:15:00+02:00,42504.165943003325,41059.42791
2026-07-06 03:30:00+02:00,42516.07944981698,41076.248
2026-07-06 03:45:00+02:00,42553.40160475998,41537.42879
2026-07-06 04:00:00+02:00,43246.79573717466,42300.90828
2026-07-06 04:15:00+02:00,43269.722887882315,42757.53167
2026-07-06 04:30:00+02:00,43583.841993215516,43229.73171
2026-07-06 04:45:00+02:00,43946.51578469298,43643.29514
2026-07-06 05:00:00+02:00,45357.77476587586,44670.50171
2026-07-06 05:15:00+02:00,45626.124224085295,45430.20117
2026-07-06 05:30:00+02:00,45821.97654036731,46231.53803
2026-07-06 05:45:00+02:00,47295.57250575892,47875.97425
2026-07-06 06:00:00+02:00,49466.147787467,50401.95089
2026-07-06 06:15:00+02:00,51743.84617902517,51857.90623
2026-07-06 06:30:00+02:00,53372.1387189585,53205.45922
2026-07-06 06:45:00+02:00,55173.50045688851,54372.51867
2026-07-06 07:00:00+02:00,56759.99731378253,55133.32636
2026-07-06 07:15:00+02:00,57965.705086493486,56810.89429
2026-07-06 07:30:00+02:00,58968.60860705715,57491.66366
2026-07-06 07:45:00+02:00,59559.026848603215,58289.47127
2026-07-06 08:00:00+02:00,60352.134377544535,58009.64723
2026-07-06 08:15:00+02:00,60859.63611994693,59301.67038
2026-07-06 08:30:00+02:00,61987.59025408202,59823.73804
2026-07-06 08:45:00+02:00,62024.016935057436,60666.63459
2026-07-06 09:00:00+02:00,61038.90629778521,61336.68028
2026-07-06 09:15:00+02:00,61038.90629778521,62086.92633
2026-07-06 09:30:00+02:00,61159.39354996476,62137.34982
2026-07-06 09:45:00+02:00,61905.889681952336,62205.08688
2026-07-06 10:00:00+02:00,62538.477419814386,62154.65572
2026-07-06 10:15:00+02:00,62667.746963023914,62287.89341
2026-07-06 10:30:00+02:00,61943.26974926674,62731.84741
2026-07-06 10:45:00+02:00,62627.744222673864,62197.50634
2026-07-06 11:00:00+02:00,62118.027845147284,62353.19447
2026-07-06 11:15:00+02:00,62118.027845147284,62139.64651
2026-07-06 11:30:00+02:00,62107.43988378144,62106.65854
2026-07-06 11:45:00+02:00,62022.80748628643,61708.77827
2026-07-06 12:00:00+02:00,61868.35830293406,60113.68884
2026-07-06 12:15:00+02:00,61634.611169849515,59998.83026
2026-07-06 12:30:00+02:00,61703.59760819395,60437.03904
2026-07-06 12:45:00+02:00,61315.168379641815,60468.48779
2026-07-06 13:00:00+02:00,61045.25829727117,60203.90779
2026-07-06 13:15:00+02:00,60759.82946993962,59739.26837
2026-07-06 13:30:00+02:00,60458.29170830304,59684.37515
2026-07-06 13:45:00+02:00,60151.39653837707,59915.4024
2026-07-06 14:00:00+02:00,59258.376359140326,58986.14606
2026-07-06 14:15:00+02:00,59133.52674097684,59213.37731
2026-07-06 14:30:00+02:00,59031.16884231014,58779.4367
2026-07-06 14:45:00+02:00,58222.03204848725,58408.95258
2026-07-06 15:00:00+02:00,57967.870810556225,58186.87685
2026-07-06 15:15:00+02:00,57617.67466545906,58504.32395
2026-07-06 15:30:00+02:00,57535.82725444121,58510.19257
2026-07-06 15:45:00+02:00,57535.82725444121,58416.56992
2026-07-06 16:00:00+02:00,57472.67411362398,58954.56535
2026-07-06 16:15:00+02:00,57422.22900683395,58822.4544
2026-07-06 16:30:00+02:00,56849.19458156865,58524.77183
2026-07-06 16:45:00+02:00,56752.28913358865,58143.49117
2026-07-06 17:00:00+02:00,57660.77370645791,57436.6875
2026-07-06 17:15:00+02:00,57679.47209539373,57303.87946
2026-07-06 17:30:00+02:00,58090.11092605912,57991.89002
2026-07-06 17:45:00+02:00,57960.90920452751,57628.36369
2026-07-06 18:00:00+02:00,58118.6226233094,58363.588
2026-07-06 18:15:00+02:00,58274.51600979957,58441.94768
2026-07-06 18:30:00+02:00,58687.76981359583,58579.8806
2026-07-06 18:45:00+02:00,58709.35148655616,58475.23085
2026-07-06 19:00:00+02:00,59116.060302122285,59026.60433
2026-07-06 19:15:00+02:00,58829.17548702266,58406.27531
2026-07-06 19:30:00+02:00,58192.97278128219,58538.01179
2026-07-06 19:45:00+02:00,57636.83367446024,58183.78281
2026-07-06 20:00:00+02:00,57562.766537665644,57762.91118
2026-07-06 20:15:00+02:00,56566.59558639278,57145.33616
2026-07-06 20:30:00+02:00,56341.627599673615,56778.14529
2026-07-06 20:45:00+02:00,56201.19470860712,55579.38899
2026-07-06 21:00:00+02:00,55836.104505850984,54230.55205
2026-07-06 21:15:00+02:00,55220.17317309817,53222.13006
2026-07-06 21:30:00+02:00,54076.62116746619,53211.64444
2026-07-06 21:45:00+02:00,54076.62116746619,53121.8205
2026-07-06 22:00:00+02:00,53457.90405927822,52446.50597
2026-07-06 22:15:00+02:00,52593.70192650647,51700.90592
2026-07-06 22:30:00+02:00,53515.54180806093,50898.91659
2026-07-06 22:45:00+02:00,54084.53532931132,50579.59311
2026-07-06 23:00:00+02:00,51715.30954141108,49016.68717
2026-07-06 23:15:00+02:00,51934.62370373035,47988.5256
2026-07-06 23:30:00+02:00,51616.05980625087,47091.39749
2026-07-06 23:45:00+02:00,50454.37643846761,46731.67845
2026-07-07 00:00:00+02:00,47087.347475629824,44569.2953
2026-07-07 00:15:00+02:00,46477.14208037734,44574.90882
2026-07-07 00:30:00+02:00,46019.645438937965,44618.0651
2026-07-07 00:45:00+02:00,45401.163501947296,44554.09944
2026-07-07 01:00:00+02:00,44733.90096876705,43866.07826
2026-07-07 01:15:00+02:00,44569.98869090813,43890.11464
2026-07-07 01:30:00+02:00,44334.80592813701,43670.8081
2026-07-07 01:45:00+02:00,44152.06064751376,43629.98786
2026-07-07 02:00:00+02:00,43806.01401902294,43055.66282
2026-07-07 02:15:00+02:00,43708.189992760694,42399.70965
2026-07-07 02:30:00+02:00,43670.19430349193,42489.08354
2026-07-07 02:45:00+02:00,43661.930091403614,42816.07643
2026-07-07 03:00:00+02:00,43636.69729769332,43298.12878
2026-07-07 03:15:00+02:00,43656.85208235245,43614.3186
2026-07-07 03:30:00+02:00,43663.05891963873,43408.84696
2026-07-07 03:45:00+02:00,43756.206247194306,43433.3478
2026-07-07 04:00:00+02:00,43932.23568760628,43282.45775
2026-07-07 04:15:00+02:00,43989.97384571173,43380.34707
2026-07-07 04:30:00+02:00,44515.96189705849,44150.13909
2026-07-07 04:45:00+02:00,44603.923455855416,44837.97929
2026-07-07 05:00:00+02:00,44977.268920422866,45325.32437
2026-07-07 05:15:00+02:00,45250.715581483135,45769.71373
2026-07-07 05:30:00+02:00,46112.90182608982,46441.02465
2026-07-07 05:45:00+02:00,47373.05653770671,47752.4748
2026-07-07 06:00:00+02:00,48953.73348417757,49497.18086
2026-07-07 06:15:00+02:00,50581.85087781811,51196.86022
2026-07-07 06:30:00+02:00,52116.81034660021,52232.76427
2026-07-07 06:45:00+02:00,52905.19760945339,52861.90339
2026-07-07 07:00:00+02:00,53966.5516178031,54374.63971
2026-07-07 07:15:00+02:00,54666.345032758916,55750.38721
2026-07-07 07:30:00+02:00,55978.97032092278,56507.28614
2026-07-07 07:45:00+02:00,56836.02584863484,57458.79764
2026-07-07 08:00:00+02:00,57731.47497329073,58299.89008
2026-07-07 08:15:00+02:00,57915.81925562602,59151.78569
2026-07-07 08:30:00+02:00,58069.750790363934,60101.92908
2026-07-07 08:45:00+02:00,58365.30012764879,60093.93905
2026-07-07 09:00:00+02:00,57828.21196214178,59997.00715
2026-07-07 09:15:00+02:00,57867.90476805499,60452.48852
2026-07-07 09:30:00+02:00,58124.03128626545,61184.30915
2026-07-07 09:45:00+02:00,58526.65235549651,61405.20523
2026-07-07 10:00:00+02:00,58890.49134988928,61552.47408
2026-07-07 10:15:00+02:00,58843.76488517218,61878.34162
2026-07-07 10:30:00+02:00,58927.756917157974,62439.83302
2026-07-07 10:45:00+02:00,59013.87550037546,62796.30383
2026-07-07 11:00:00+02:00,59021.47334358757,62564.64937
2026-07-07 11:15:00+02:00,59021.47334358757,62234.50031
2026-07-07 11:30:00+02:00,58893.84751027022,62153.65829
2026-07-07 11:45:00+02:00,58938.438255296234,62387.76078
2026-07-07 12:00:00+02:00,57392.737962867184,62351.72668
2026-07-07 12:15:00+02:00,57231.687133368745,62640.59562
2026-07-07 12:30:00+02:00,57544.951803614065,63257.09752
2026-07-07 12:45:00+02:00,57523.73598264948,63185.28081
2026-07-07 13:00:00+02:00,57403.1722779985,62594.03104
2026-07-07 13:15:00+02:00,57183.95634822348,61768.46254
2026-07-07 13:30:00+02:00,56872.71350935974,61532.17819
2026-07-07 13:45:00+02:00,56625.90698140378,62005.66797
2026-07-07 14:00:00+02:00,56090.18910025712,61279.78886
2026-07-07 14:15:00+02:00,55901.91331589985,61565.71887
2026-07-07 14:30:00+02:00,55441.30179855547,61092.1802
2026-07-07 14:45:00+02:00,55454.20604678446,60956.0307
2026-07-07 15:00:00+02:00,55108.423595536115,60709.89545
2026-07-07 15:15:00+02:00,54906.5867114453,60515.76581
2026-07-07 15:30:00+02:00,54732.377431118286,61029.21447
2026-07-07 15:45:00+02:00,54508.46284849786,60758.63882
2026-07-07 16:00:00+02:00,55231.678001394655,60378.13273
2026-07-07 16:15:00+02:00,54876.8251931584,59985.97232
2026-07-07 16:30:00+02:00,54731.14319988584,59305.81788
2026-07-07 16:45:00+02:00,54806.48173143223,59474.15825
2026-07-07 17:00:00+02:00,55470.804305820675,59546.88056
2026-07-07 17:15:00+02:00,55680.406761317296,58281.03019
2026-07-07 17:30:00+02:00,56168.316588512585,59012.43894
2026-07-07 17:45:00+02:00,56626.25324875287,58826.91654
2026-07-07 18:00:00+02:00,56761.49270711373,59922.13247
2026-07-07 18:15:00+02:00,56575.316262245855,59648.45579
2026-07-07 18:30:00+02:00,57001.56047343639,58775.58373
2026-07-07 18:45:00+02:00,56282.214552557016,59245.19388
2026-07-07 19:00:00+02:00,57207.93962916837,59733.42051
2026-07-07 19:15:00+02:00,56867.40114088024,58731.85016
2026-07-07 19:30:00+02:00,56013.238573330105,57576.88363
2026-07-07 19:45:00+02:00,55687.120678222076,56822.53481
2026-07-07 20:00:00+02:00,56052.57997168654,56288.73467
2026-07-07 20:15:00+02:00,55786.96574022319,55006.8081
2026-07-07 20:30:00+02:00,55172.2917885336,54085.62541
2026-07-07 20:45:00+02:00,54597.414114500745,54099.01164
2026-07-07 21:00:00+02:00,54270.57579389529,54038.40134
2026-07-07 21:15:00+02:00,53244.297010298586,53069.11898
2026-07-07 21:30:00+02:00,53024.71837777323,52411.59035
2026-07-07 21:45:00+02:00,52691.98465602129,52284.49276
2026-07-07 22:00:00+02:00,51635.72616494895,50662.49013
2026-07-07 22:15:00+02:00,51489.930363354026,50456.47378
2026-07-07 22:30:00+02:00,51286.48645097315,49943.25934
2026-07-07 22:45:00+02:00,50546.94504955959,49043.13998
2026-07-07 23:00:00+02:00,49443.051222615206,48125.18204
2026-07-07 23:15:00+02:00,48903.270427082425,47581.57891
2026-07-07 23:30:00+02:00,48859.637229592365,47382.68412
2026-07-07 23:45:00+02:00,48706.76384677622,46705.51643
2026-07-08 00:00:00+02:00,46723.83083140802,46445.25603
2026-07-08 00:15:00+02:00,46352.13238556244,46556.21355
2026-07-08 00:30:00+02:00,46127.08210917668,46471.35208
2026-07-08 00:45:00+02:00,45958.78308388456,46159.19703
2026-07-08 01:00:00+02:00,45561.21827203796,45457.09182
2026-07-08 01:15:00+02:00,45269.78421340448,45177.22271
2026-07-08 01:30:00+02:00,45148.80378514725,44655.17497
2026-07-08 01:45:00+02:00,45106.977603196836,44282.65262
2026-07-08 02:00:00+02:00,44656.530615608885,43928.94458
2026-07-08 02:15:00+02:00,44652.6122178228,43772.48674
2026-07-08 02:30:00+02:00,44655.596029421635,43189.76029
2026-07-08 02:45:00+02:00,44649.83753701075,43245.37144
2026-07-08 03:00:00+02:00,44618.08254546178,43510.51069
2026-07-08 03:15:00+02:00,44618.08254546178,43335.43493
2026-07-08 03:30:00+02:00,44618.08254546178,42937.46646
2026-07-08 03:45:00+02:00,44696.058902612676,43166.28959
2026-07-08 04:00:00+02:00,44792.24819842905,43710.12838
2026-07-08 04:15:00+02:00,44866.02172265026,44065.63506
2026-07-08 04:30:00+02:00,45023.60651143103,44124.25037
2026-07-08 04:45:00+02:00,45156.565421065956,44301.01367
2026-07-08 05:00:00+02:00,45925.56068914006,45764.84977
2026-07-08 05:15:00+02:00,46129.26749852086,46255.27675
2026-07-08 05:30:00+02:00,47338.30923285162,47045.25572
2026-07-08 05:45:00+02:00,48738.64344113534,48328.6082
2026-07-08 06:00:00+02:00,50256.960286866175,50789.47258
2026-07-08 06:15:00+02:00,52375.52444994505,52439.32529
2026-07-08 06:30:00+02:00,53579.868744686115,53327.4649
2026-07-08 06:45:00+02:00,54675.35975982166,54410.94312
2026-07-08 07:00:00+02:00,56510.2193988496,55303.96662
2026-07-08 07:15:00+02:00,58008.0121388013,56827.07937
2026-07-08 07:30:00+02:00,58783.57572125137,57810.33254
2026-07-08 07:45:00+02:00,59662.772365143064,58428.66852
2026-07-08 08:00:00+02:00,59567.38287268561,58823.93672
2026-07-08 08:15:00+02:00,60438.54684594717,59680.87391
2026-07-08 08:30:00+02:00,60531.159518317094,60586.48773
2026-07-08 08:45:00+02:00,60688.88133978897,61002.18132
2026-07-08 09:00:00+02:00,60657.389568725375,59828.19582
2026-07-08 09:15:00+02:00,60644.86284412064,60254.54532
2026-07-08 09:30:00+02:00,60892.54917968314,60545.91376
2026-07-08 09:45:00+02:00,60797.07454740653,61015.4609
2026-07-08 10:00:00+02:00,60766.10583346019,60897.08429
2026-07-08 10:15:00+02:00,60634.937964795776,61359.63025
2026-07-08 10:30:00+02:00,60630.23094657224,61398.03055
2026-07-08 10:45:00+02:00,60718.406749155576,61495.34202
2026-07-08 11:00:00+02:00,60581.45242074481,61064.01867
2026-07-08 11:15:00+02:00,60544.402656491395,61210.60659
2026-07-08 11:30:00+02:00,59940.56780681305,61444.28461
2026-07-08 11:45:00+02:00,60569.891084390154,61246.02945
2026-07-08 12:00:00+02:00,59761.99227288143,60237.79384
2026-07-08 12:15:00+02:00,59543.63598058735,59846.49772
2026-07-08 12:30:00+02:00,59516.9548813246,60333.53578
2026-07-08 12:45:00+02:00,59776.92759046965,60537.76798
2026-07-08 13:00:00+02:00,59494.823514404816,61056.53762
2026-07-08 13:15:00+02:00,59021.655484559145,60278.0234
2026-07-08 13:30:00+02:00,58647.84736722099,59448.39749
2026-07-08 13:45:00+02:00,58272.66096828634,59236.41337
2026-07-08 14:00:00+02:00,58239.6566350049,58672.15355
2026-07-08 14:15:00+02:00,57835.896865822615,59091.79083
2026-07-08 14:30:00+02:00,57316.323736278246,58815.95405
2026-07-08 14:45:00+02:00,56589.242885241,58634.96687
2026-07-08 15:00:00+02:00,56591.714867424045,58909.50078
2026-07-08 15:15:00+02:00,56324.24649384609,58618.008
2026-07-08 15:30:00+02:00,56398.49580916208,58787.533
2026-07-08 15:45:00+02:00,56335.38416199184,58823.40643
2026-07-08 16:00:00+02:00,56721.90740943314,58750.09622
2026-07-08 16:15:00+02:00,56542.2908995399,58309.03234
2026-07-08 16:30:00+02:00,55757.15992090836,57766.41902
2026-07-08 16:45:00+02:00,55535.00767046406,58038.39526
2026-07-08 17:00:00+02:00,56561.445318437465,58173.49516
2026-07-08 17:15:00+02:00,56608.7896030379,58293.19578
2026-07-08 17:30:00+02:00,56511.26504518935,57722.26355
2026-07-08 17:45:00+02:00,57005.10268079859,57791.50018
2026-07-08 18:00:00+02:00,58882.502917904705,58165.8579
2026-07-08 18:15:00+02:00,58630.92058326466,58441.53131
2026-07-08 18:30:00+02:00,58623.08026782531,58495.69074
2026-07-08 18:45:00+02:00,58623.08026782531,58933.60311
2026-07-08 19:00:00+02:00,58953.596991712235,59196.26834
2026-07-08 19:15:00+02:00,58550.90551935205,57842.02279
2026-07-08 19:30:00+02:00,58347.84222854986,58028.93789
2026-07-08 19:45:00+02:00,58002.59528832917,58318.74642
2026-07-08 20:00:00+02:00,57934.005544063104,57301.60676
2026-07-08 20:15:00+02:00,57251.89645701007,56138.49152
2026-07-08 20:30:00+02:00,56287.803859916065,55333.1394
2026-07-08 20:45:00+02:00,55408.59194147882,54487.28944
2026-07-08 21:00:00+02:00,55109.14781991342,54144.9083
2026-07-08 21:15:00+02:00,54890.25896074366,53559.57861
2026-07-08 21:30:00+02:00,54359.79577903546,53063.58826
2026-07-08 21:45:00+02:00,54370.422472361184,53133.34867
2026-07-08 22:00:00+02:00,53352.08789838036,53289.02344
2026-07-08 22:15:00+02:00,52556.79729220112,52989.87209
2026-07-08 22:30:00+02:00,51733.906302631076,52684.76417
2026-07-08 22:45:00+02:00,51179.90236379241,51860.0097
2026-07-08 23:00:00+02:00,50066.26778469674,51035.38069
2026-07-08 23:15:00+02:00,49284.33522800899,50541.55743
2026-07-08 23:30:00+02:00,49055.941626663036,49610.06164
2026-07-08 23:45:00+02:00,49028.65874992334,48886.41381
2026-07-09 00:00:00+02:00,47328.808190203345,48020.16957
2026-07-09 00:15:00+02:00,47137.94605042795,47570.90158
2026-07-09 00:30:00+02:00,46949.16085169152,46988.80674
2026-07-09 00:45:00+02:00,46710.83744307813,46822.94948
2026-07-09 01:00:00+02:00,46057.235790856146,45789.74131
2026-07-09 01:15:00+02:00,45634.08632513873,45803.38614
2026-07-09 01:30:00+02:00,45041.64746407277,45466.38487
2026-07-09 01:45:00+02:00,45016.28633369962,45232.53287
2026-07-09 02:00:00+02:00,44494.19112238438,45062.91065
2026-07-09 02:15:00+02:00,44488.66173357182,44765.86637
2026-07-09 02:30:00+02:00,44490.030200660774,44479.70651
2026-07-09 02:45:00+02:00,44574.79020224856,44617.73536
2026-07-09 03:00:00+02:00,44713.77921944135,44983.30005
2026-07-09 03:15:00+02:00,44713.77921944135,45270.58834
2026-07-09 03:30:00+02:00,44713.77921944135,45528.89108
2026-07-09 03:45:00+02:00,44831.67803964978,45261.23971
2026-07-09 04:00:00+02:00,44962.921423311236,45788.06344
2026-07-09 04:15:00+02:00,45164.612921449094,45513.93686
2026-07-09 04:30:00+02:00,45631.442623681636,45442.15284
2026-07-09 04:45:00+02:00,45746.176165258184,45913.28558
2026-07-09 05:00:00+02:00,46455.8476494704,46491.48313
2026-07-09 05:15:00+02:00,47311.61929265574,47213.90265
2026-07-09 05:30:00+02:00,48065.20351052876,48106.68485
2026-07-09 05:45:00+02:00,49014.054367751014,49631.23865
2026-07-09 06:00:00+02:00,51722.05190619269,51823.67134
2026-07-09 06:15:00+02:00,53842.603949589866,52911.31478
2026-07-09 06:30:00+02:00,55182.764047757446,54814.89113
2026-07-09 06:45:00+02:00,56521.83200870708,56025.08221
2026-07-09 07:00:00+02:00,57250.47280014336,56881.45525
2026-07-09 07:15:00+02:00,58037.7752530645,58406.14485
2026-07-09 07:30:00+02:00,58987.96603671457,59578.07376
2026-07-09 07:45:00+02:00,59418.74829657947,60340.64859
2026-07-09 08:00:00+02:00,59462.68654570738,60517.55072
2026-07-09 08:15:00+02:00,59959.71378007915,61539.28974
2026-07-09 08:30:00+02:00,60038.31579833859,62380.037
2026-07-09 08:45:00+02:00,60153.400581465634,62437.24026
2026-07-09 09:00:00+02:00,59612.80636205397,61973.89142
2026-07-09 09:15:00+02:00,59592.64569057596,61841.29829
2026-07-09 09:30:00+02:00,60086.47775990886,61663.33436
2026-07-09 09:45:00+02:00,59303.46849148813,61418.02697
2026-07-09 10:00:00+02:00,58422.17639328763,61991.93523
2026-07-09 10:15:00+02:00,60129.92721472834,62267.8897
2026-07-09 10:30:00+02:00,60166.53155495299,62082.4952
2026-07-09 10:45:00+02:00,60259.29663456968,62033.19263
2026-07-09 11:00:00+02:00,60488.82889922752,61767.36794
2026-07-09 11:15:00+02:00,60610.86007485894,61799.19938
2026-07-09 11:30:00+02:00,60604.24487020104,61725.69164
2026-07-09 11:45:00+02:00,60509.45892445313,61558.99907
2026-07-09 12:00:00+02:00,59557.8353368708,60660.24305
2026-07-09 12:15:00+02:00,58664.38490584527,60270.34341
2026-07-09 12:30:00+02:00,59002.303113931106,59901.38512
2026-07-09 12:45:00+02:00,58903.63813999908,60038.00265
2026-07-09 13:00:00+02:00,58940.9672034084,60470.37596
2026-07-09 13:15:00+02:00,58629.687388122824,59662.09446
2026-07-09 13:30:00+02:00,57751.00549830907,59070.59393
2026-07-09 13:45:00+02:00,56971.745735659366,58660.68054
2026-07-09 14:00:00+02:00,56856.16472239362,58039.86928
2026-07-09 14:15:00+02:00,56800.29996254044,57855.98072
2026-07-09 14:30:00+02:00,56591.08276748407,57329.88659
2026-07-09 14:45:00+02:00,57070.54097450609,56991.8531
2026-07-09 15:00:00+02:00,56548.377683256,56848.88802
2026-07-09 15:15:00+02:00,56471.361003398226,56083.80408
2026-07-09 15:30:00+02:00,56451.64344626775,55265.16654
2026-07-09 15:45:00+02:00,56356.85359002668,55023.22527
2026-07-09 16:00:00+02:00,56403.492687851736,55123.48527
2026-07-09 16:15:00+02:00,55716.85344755876,54881.96001
2026-07-09 16:30:00+02:00,55845.226888708145,54818.95764
2026-07-09 16:45:00+02:00,55586.00358054683,54631.93713
2026-07-09 17:00:00+02:00,56303.688734943826,55562.56204
2026-07-09 17:15:00+02:00,56183.27817905675,55674.86809
2026-07-09 17:30:00+02:00,56511.290227105754,56292.36932
2026-07-09 17:45:00+02:00,57183.0328692087,56749.78114
2026-07-09 18:00:00+02:00,57899.81782181061,57048.56201
2026-07-09 18:15:00+02:00,58302.03493490283,57727.77376
2026-07-09 18:30:00+02:00,57929.180404781095,57830.95623
2026-07-09 18:45:00+02:00,58015.68851562333,58134.03153
2026-07-09 19:00:00+02:00,58094.07215115066,58769.70726
2026-07-09 19:15:00+02:00,57279.94487609131,57649.63049
2026-07-09 19:30:00+02:00,56540.87856993487,57777.78292
2026-07-09 19:45:00+02:00,56456.7561459731,57395.13058
2026-07-09 20:00:00+02:00,56439.1936878476,57657.38326
2026-07-09 20:15:00+02:00,56169.82116585004,57519.98414
2026-07-09 20:30:00+02:00,55500.028525072375,57064.17201
2026-07-09 20:45:00+02:00,54842.09218640398,56156.21493
2026-07-09 21:00:00+02:00,54000.459528612606,54888.81258
2026-07-09 21:15:00+02:00,53483.94738677692,54573.40504
2026-07-09 21:30:00+02:00,53424.20668966274,54322.92738
2026-07-09 21:45:00+02:00,53407.045969044564,54213.12053
2026-07-09 22:00:00+02:00,52585.1806454251,52802.18701
2026-07-09 22:15:00+02:00,52275.83363051106,52250.2539
2026-07-09 22:30:00+02:00,51304.743400886844,51475.85977
2026-07-09 22:45:00+02:00,50817.56786094813,51359.07036
2026-07-09 23:00:00+02:00,49199.54788908095,50161.44033
2026-07-09 23:15:00+02:00,48975.92361439203,49261.40567
2026-07-09 23:30:00+02:00,48042.70430116075,48739.60788
2026-07-09 23:45:00+02:00,47985.59674692732,48430.26628
2026-07-10 00:00:00+02:00,47944.2416494565,47448.30551
2026-07-10 00:15:00+02:00,48014.26610018725,47515.50061
2026-07-10 00:30:00+02:00,47612.47875643541,46664.69954
2026-07-10 00:45:00+02:00,47451.524418110006,46320.93876
2026-07-10 01:00:00+02:00,47025.974282718096,45737.5234
2026-07-10 01:15:00+02:00,46324.52600225848,45478.70913
2026-07-10 01:30:00+02:00,45584.40864669968,45693.20475
2026-07-10 01:45:00+02:00,45428.73869767627,44960.54601
2026-07-10 02:00:00+02:00,45222.09676865245,44875.98697
2026-07-10 02:15:00+02:00,44788.91497700317,44996.74945
2026-07-10 02:30:00+02:00,45206.32326228126,44998.36542
2026-07-10 02:45:00+02:00,45144.020149610486,44936.10979
2026-07-10 03:00:00+02:00,44950.15036934163,45238.17336
2026-07-10 03:15:00+02:00,45242.7901132073,44829.72967
2026-07-10 03:30:00+02:00,45013.83208697532,44569.8871
2026-07-10 03:45:00+02:00,45260.71045304293,44380.4752
2026-07-10 04:00:00+02:00,45337.44395185251,44737.10286
2026-07-10 04:15:00+02:00,45625.89807559623,45014.48855
2026-07-10 04:30:00+02:00,46393.44829010702,45744.86668
2026-07-10 04:45:00+02:00,46344.73012026342,45585.82791
2026-07-10 05:00:00+02:00,47416.89323232039,46224.68977
2026-07-10 05:15:00+02:00,47768.19178349425,46488.36708
2026-07-10 05:30:00+02:00,48392.13960439189,46989.62519
2026-07-10 05:45:00+02:00,48899.74613753855,48829.19087
2026-07-10 06:00:00+02:00,51726.16946058993,51460.56313
2026-07-10 06:15:00+02:00,53241.786357189536,52902.58084
2026-07-10 06:30:00+02:00,54373.44902220422,54330.58797
2026-07-10 06:45:00+02:00,55211.271521102826,56088.06737
2026-07-10 07:00:00+02:00,56085.97982763798,56243.24169
2026-07-10 07:15:00+02:00,57057.99624900893,57822.88739
2026-07-10 07:30:00+02:00,57579.292511957516,59073.11615
2026-07-10 07:45:00+02:00,58209.82162348848,60002.30221
2026-07-10 08:00:00+02:00,58698.27073180931,60213.42829
2026-07-10 08:15:00+02:00,59546.53563501081,61110.07107
2026-07-10 08:30:00+02:00,60129.22946964476,61448.22089
2026-07-10 08:45:00+02:00,60195.47806758504,61754.32974
2026-07-10 09:00:00+02:00,59446.97816208887,59709.38589
2026-07-10 09:15:00+02:00,59402.181180280786,59726.83611
2026-07-10 09:30:00+02:00,59358.82553138418,59743.34903
2026-07-10 09:45:00+02:00,59265.59682840835,59802.77684
2026-07-10 10:00:00+02:00,58431.101664882466,58633.55364
2026-07-10 10:15:00+02:00,58910.05119678773,57938.59843
2026-07-10 10:30:00+02:00,59430.43998189711,57960.70851
2026-07-10 10:45:00+02:00,59654.266137770566,57446.13586
2026-07-10 11:00:00+02:00,59531.727825595895,56613.50967
2026-07-10 11:15:00+02:00,58693.36481515512,56593.70998
2026-07-10 11:30:00+02:00,58832.19505487782,56840.29241
2026-07-10 11:45:00+02:00,58768.63666392728,56526.65208
2026-07-10 12:00:00+02:00,57832.72597574343,55304.90942
2026-07-10 12:15:00+02:00,57306.93551789034,55570.32345
2026-07-10 12:30:00+02:00,57644.99516669879,55196.85418
2026-07-10 12:45:00+02:00,57589.7996861163,55523.49233
2026-07-10 13:00:00+02:00,57096.58700700747,55273.13082
2026-07-10 13:15:00+02:00,56811.17465757999,54767.03538
2026-07-10 13:30:00+02:00,56713.08426016685,54753.66034
2026-07-10 13:45:00+02:00,56545.970379216604,54568.9161
2026-07-10 14:00:00+02:00,56530.26625475828,54059.77466
2026-07-10 14:15:00+02:00,56456.8521902208,53329.74041
2026-07-10 14:30:00+02:00,55721.81493488514,53448.53619
2026-07-10 14:45:00+02:00,55222.25099582296,53379.68429
2026-07-10 15:00:00+02:00,55090.45384514867,52809.63681
2026-07-10 15:15:00+02:00,54787.53050406133,52402.5119
2026-07-10 15:30:00+02:00,54457.789565930456,52214.45401
2026-07-10 15:45:00+02:00,54402.3178432351,51972.73901
2026-07-10 16:00:00+02:00,54742.37137929988,53042.51054
2026-07-10 16:15:00+02:00,54345.808489138675,53149.13698
2026-07-10 16:30:00+02:00,54819.53679409723,53034.96061
2026-07-10 16:45:00+02:00,54741.094051107684,53185.56914
2026-07-10 17:00:00+02:00,55350.12144234559,53943.0785
2026-07-10 17:15:00+02:00,55315.45936660758,53895.48856
2026-07-10 17:30:00+02:00,55438.142902998756,54264.29574
2026-07-10 17:45:00+02:00,55715.85747886968,54885.78802
2026-07-10 18:00:00+02:00,56451.28316988076,55461.97961
2026-07-10 18:15:00+02:00,56410.47642114616,55923.45424
2026-07-10 18:30:00+02:00,56622.270239348116,56667.62608
2026-07-10 18:45:00+02:00,56816.877772070315,56916.55928
2026-07-10 19:00:00+02:00,57217.149244670574,57223.71986
2026-07-10 19:15:00+02:00,56988.49262691048,56904.33957
2026-07-10 19:30:00+02:00,56150.443246728675,56573.24074
2026-07-10 19:45:00+02:00,56046.06061130276,56097.52457
2026-07-10 20:00:00+02:00,55870.73606187156,56510.47217
2026-07-10 20:15:00+02:00,55344.67305478464,55752.99004
2026-07-10 20:30:00+02:00,54687.646045302434,54385.24267
2026-07-10 20:45:00+02:00,54227.52920206918,54125.90066
2026-07-10 21:00:00+02:00,53937.3898618868,53585.18106
2026-07-10 21:15:00+02:00,53509.792312436395,52659.63755
2026-07-10 21:30:00+02:00,53403.61966529949,52224.64939
2026-07-10 21:45:00+02:00,53650.0604066828,52176.28544
2026-07-10 22:00:00+02:00,52151.67482037863,51084.96612
2026-07-10 22:15:00+02:00,52171.94140698887,50608.8298
2026-07-10 22:30:00+02:00,51587.80144802746,50302.37073
2026-07-10 22:45:00+02:00,50696.92470362477,49925.51507
2026-07-10 23:00:00+02:00,49464.078860975125,48689.01486
2026-07-10 23:15:00+02:00,48929.741123166015,48395.32763
2026-07-10 23:30:00+02:00,48505.27616390652,47799.75702
2026-07-10 23:45:00+02:00,48446.26409518008,47200.01287
2026-07-11 00:00:00+02:00,47601.95317336131,45721.50704
2026-07-11 00:15:00+02:00,46893.41291341424,45047.28654
2026-07-11 00:30:00+02:00,46082.329972602965,45035.60213
2026-07-11 00:45:00+02:00,45906.03435930225,44666.35729
2026-07-11 01:00:00+02:00,45687.24803920304,43590.26559
2026-07-11 01:15:00+02:00,45587.9970434402,42974.21563
2026-07-11 01:30:00+02:00,45223.999968525975,43123.03473
2026-07-11 01:45:00+02:00,44909.25768800505,42740.70882
2026-07-11 02:00:00+02:00,44236.28087668621,41947.73597
2026-07-11 02:15:00+02:00,44165.118390660864,42000.02544
2026-07-11 02:30:00+02:00,43967.884147822515,42344.78215
2026-07-11 02:45:00+02:00,44050.83694104716,42279.36164
2026-07-11 03:00:00+02:00,43349.68783219772,42588.4857
2026-07-11 03:15:00+02:00,43086.9789850751,42693.02212
2026-07-11 03:30:00+02:00,43055.49384869394,42158.84275
2026-07-11 03:45:00+02:00,43019.835956266965,42414.07524
2026-07-11 04:00:00+02:00,42748.389864892924,42117.01947
2026-07-11 04:15:00+02:00,42722.35089827291,41987.4422
2026-07-11 04:30:00+02:00,42756.08510440337,42132.87689
2026-07-11 04:45:00+02:00,42568.89520046948,41991.06319
2026-07-11 05:00:00+02:00,42215.14161541201,42048.15944
2026-07-11 05:15:00+02:00,42223.564018692276,42075.39664
2026-07-11 05:30:00+02:00,42719.42856934217,42686.55641
2026-07-11 05:45:00+02:00,42875.65683826127,43429.58143
2026-07-11 06:00:00+02:00,44033.39531559328,44265.59345
2026-07-11 06:15:00+02:00,44303.69426506969,44934.58613
2026-07-11 06:30:00+02:00,44759.89900312124,45116.96478
2026-07-11 06:45:00+02:00,44872.16772028404,45440.90074
2026-07-11 07:00:00+02:00,44965.9115937093,45617.18357
2026-07-11 07:15:00+02:00,45888.4060652034,46228.44025
2026-07-11 07:30:00+02:00,46499.859997919724,46675.36903
2026-07-11 07:45:00+02:00,47370.83551435943,47063.66433
2026-07-11 08:00:00+02:00,47278.69305888609,46549.51601
2026-07-11 08:15:00+02:00,48017.601210544606,46696.16357
2026-07-11 08:30:00+02:00,49544.583087519,47108.96132
2026-07-11 08:45:00+02:00,49861.485956489654,47432.69381
2026-07-11 09:00:00+02:00,48790.42039260962,47412.56266
2026-07-11 09:15:00+02:00,48853.38491253117,47466.28397
2026-07-11 09:30:00+02:00,49697.530664381855,47144.07939
2026-07-11 09:45:00+02:00,50306.68834319755,47575.65128
2026-07-11 10:00:00+02:00,51311.93419213926,47635.36052
2026-07-11 10:15:00+02:00,51730.36586175465,47219.31382
2026-07-11 10:30:00+02:00,51869.87974539892,47170.22206
2026-07-11 10:45:00+02:00,51978.6008593062,46849.9626
2026-07-11 11:00:00+02:00,51591.590946214106,47324.24151
2026-07-11 11:15:00+02:00,51868.93685797777,47114.74026
2026-07-11 11:30:00+02:00,51731.28315022771,46568.85723
2026-07-11 11:45:00+02:00,51909.75384581404,46988.26705
2026-07-11 12:00:00+02:00,51668.35799231308,47239.84644
2026-07-11 12:15:00+02:00,51522.57085526586,47541.48721
2026-07-11 12:30:00+02:00,51752.594530351955,47544.05976
2026-07-11 12:45:00+02:00,51687.39430427487,47603.107
2026-07-11 13:00:00+02:00,50624.394489774706,46644.79787
2026-07-11 13:15:00+02:00,50564.554794532574,46150.05257
2026-07-11 13:30:00+02:00,50378.08323778511,45912.95704
2026-07-11 13:45:00+02:00,49918.62247266385,45900.72592
2026-07-11 14:00:00+02:00,49071.948812780065,45477.03818
2026-07-11 14:15:00+02:00,48102.17126752346,44660.79744
2026-07-11 14:30:00+02:00,48030.6236162677,44234.53883
2026-07-11 14:45:00+02:00,47761.093621145665,44128.99521
2026-07-11 15:00:00+02:00,47960.9377066998,45073.47289
2026-07-11 15:15:00+02:00,47551.40327970955,44705.58798
2026-07-11 15:30:00+02:00,47528.90845933409,43897.84029
2026-07-11 15:45:00+02:00,47753.606927577115,44318.96588
2026-07-11 16:00:00+02:00,48664.15465207561,43828.66131
2026-07-11 16:15:00+02:00,48442.92362366462,44361.71378
2026-07-11 16:30:00+02:00,48273.36410542461,44013.61706
2026-07-11 16:45:00+02:00,48592.3888058943,43963.02611
2026-07-11 17:00:00+02:00,48885.315464113446,44650.43038
2026-07-11 17:15:00+02:00,49004.98714952471,44798.40779
2026-07-11 17:30:00+02:00,49110.878849377215,45349.76835
2026-07-11 17:45:00+02:00,49374.58567663329,46213.78653
2026-07-11 18:00:00+02:00,49848.50960080319,47193.00695
2026-07-11 18:15:00+02:00,50720.97137062888,47322.77749
2026-07-11 18:30:00+02:00,51274.72590248828,48308.72969
2026-07-11 18:45:00+02:00,51285.231473265,48928.72121
2026-07-11 19:00:00+02:00,51807.827457348234,48666.35757
2026-07-11 19:15:00+02:00,51795.62985033957,47923.21811
2026-07-11 19:30:00+02:00,51677.07921856052,48566.9213
2026-07-11 19:45:00+02:00,51330.61555245451,48650.52093
2026-07-11 20:00:00+02:00,52084.163981481484,49293.60679
2026-07-11 20:15:00+02:00,50326.49366996271,48737.56747
2026-07-11 20:30:00+02:00,50069.54157942627,48079.81124
2026-07-11 20:45:00+02:00,49496.72700933752,47619.52015
2026-07-11 21:00:00+02:00,49447.76331608776,47001.70782
2026-07-11 21:15:00+02:00,49376.318766781704,46524.92372
2026-07-11 21:30:00+02:00,49425.766670314915,46023.57043
2026-07-11 21:45:00+02:00,49425.766670314915,46397.84481
2026-07-11 22:00:00+02:00,47782.89628577595,46229.89478
2026-07-11 22:15:00+02:00,47695.59762591459,45872.82881
2026-07-11 22:30:00+02:00,47572.90633469412,45226.26297
2026-07-11 22:45:00+02:00,46442.10180207872,45497.56538
2026-07-11 23:00:00+02:00,45749.61344029167,44219.76098
2026-07-11 23:15:00+02:00,45521.27354339229,44105.10808
2026-07-11 23:30:00+02:00,45327.44240617149,43288.90425
2026-07-11 23:45:00+02:00,44678.789333193155,42529.63878
2026-07-12 00:00:00+02:00,42755.353914359795,42000.12006
2026-07-12 00:15:00+02:00,42655.99085651985,41239.97796
2026-07-12 00:30:00+02:00,42638.60998246127,40972.93083
2026-07-12 00:45:00+02:00,42559.52284661307,40548.34739
2026-07-12 01:00:00+02:00,41992.114320167195,39834.79434
2026-07-12 01:15:00+02:00,41852.93232927053,39073.31997
2026-07-12 01:30:00+02:00,41212.15514567287,38987.05069
2026-07-12 01:45:00+02:00,40810.67841552781,39151.28383
2026-07-12 02:00:00+02:00,40478.717979755864,38734.73744
2026-07-12 02:15:00+02:00,40150.68847987306,38595.84248
2026-07-12 02:30:00+02:00,39990.96504175742,38751.30575
2026-07-12 02:45:00+02:00,40184.34824169167,37880.50867
2026-07-12 03:00:00+02:00,39782.7363510283,37909.24126
2026-07-12 03:15:00+02:00,39782.7363510283,37924.8867
2026-07-12 03:30:00+02:00,39784.608405323735,37831.78381
2026-07-12 03:45:00+02:00,39154.88793547304,37553.61468
2026-07-12 04:00:00+02:00,38612.70616388072,37049.58652
2026-07-12 04:15:00+02:00,38539.44840832514,37574.52586
2026-07-12 04:30:00+02:00,38539.44840832514,37817.80541
2026-07-12 04:45:00+02:00,38756.18968443015,37624.43665
2026-07-12 05:00:00+02:00,39263.406158729966,37946.07586
2026-07-12 05:15:00+02:00,39352.1680623716,37667.53748
2026-07-12 05:30:00+02:00,39469.88460409276,37389.89695
2026-07-12 05:45:00+02:00,39662.985682332896,37196.07667
2026-07-12 06:00:00+02:00,39705.78406399391,38245.21148
2026-07-12 06:15:00+02:00,39301.78092365879,38469.55335
2026-07-12 06:30:00+02:00,39933.45029123347,38815.63725
2026-07-12 06:45:00+02:00,40144.45786682374,38835.97783
2026-07-12 07:00:00+02:00,41057.32538945471,39440.36263
2026-07-12 07:15:00+02:00,41774.79954999045,39672.29279
2026-07-12 07:30:00+02:00,42109.23680872369,40108.18643
2026-07-12 07:45:00+02:00,42256.26163903973,40795.03973
2026-07-12 08:00:00+02:00,42367.3804716576,40876.94501
2026-07-12 08:15:00+02:00,43954.7991679499,41653.11299
2026-07-12 08:30:00+02:00,44560.785945127405,41710.04374
2026-07-12 08:45:00+02:00,44575.25158826182,41237.85267
2026-07-12 09:00:00+02:00,44468.21698710986,41384.8715
2026-07-12 09:15:00+02:00,44710.924014418764,41544.47854
2026-07-12 09:30:00+02:00,44707.90659194762,41805.33458
2026-07-12 09:45:00+02:00,44984.16703618884,42344.82767
2026-07-12 10:00:00+02:00,45685.22179508427,42330.80237
2026-07-12 10:15:00+02:00,46396.315224476864,42829.95558
2026-07-12 10:30:00+02:00,46422.37179156479,43255.56767
2026-07-12 10:45:00+02:00,46551.738557197525,42596.39937
2026-07-12 11:00:00+02:00,46467.1359988167,43586.53732
2026-07-12 11:15:00+02:00,46541.52678322423,43729.12971
2026-07-12 11:30:00+02:00,46678.4410982605,44480.369
2026-07-12 11:45:00+02:00,46559.32528724987,43768.21071
2026-07-12 12:00:00+02:00,46007.86951490581,44272.407
2026-07-12 12:15:00+02:00,45934.09647093525,44392.75652
2026-07-12 12:30:00+02:00,45737.15524360809,44257.05063
2026-07-12 12:45:00+02:00,45114.15335725208,44155.35462
2026-07-12 13:00:00+02:00,45032.34900989698,43363.83038
2026-07-12 13:15:00+02:00,44880.737137957745,42607.89103
2026-07-12 13:30:00+02:00,45046.641833556925,42534.16091
2026-07-12 13:45:00+02:00,45183.83181724029,42222.66947
2026-07-12 14:00:00+02:00,44775.81665154075,41790.23812
2026-07-12 14:15:00+02:00,44535.422270413525,41756.28
2026-07-12 14:30:00+02:00,44471.155981077005,41484.8514
2026-07-12 14:45:00+02:00,44545.41189770144,41218.87494
2026-07-12 15:00:00+02:00,44033.045342393976,41656.26819
2026-07-12 15:15:00+02:00,44018.836916649656,41380.78301
2026-07-12 15:30:00+02:00,43950.59633144121,41528.18005
2026-07-12 15:45:00+02:00,43950.59633144121,41651.84486
2026-07-12 16:00:00+02:00,44195.24938706378,41008.89662
2026-07-12 16:15:00+02:00,44391.55576704099,41137.35206
2026-07-12 16:30:00+02:00,44516.997225652376,41782.85801
2026-07-12 16:45:00+02:00,44551.192068798395,42496.30862
2026-07-12 17:00:00+02:00,44975.53744719615,42991.2443
2026-07-12 17:15:00+02:00,45876.52808866247,43550.92857
2026-07-12 17:30:00+02:00,46975.24964596959,44214.08276
2026-07-12 17:45:00+02:00,47232.082052120386,44297.75879
2026-07-12 18:00:00+02:00,47821.29062787229,45297.20894
2026-07-12 18:15:00+02:00,47707.51275212594,45961.17007
2026-07-12 18:30:00+02:00,48238.387833230416,46667.82959
2026-07-12 18:45:00+02:00,48333.94913395273,47297.97689
2026-07-12 19:00:00+02:00,49522.44081010022,48703.46643
2026-07-12 19:15:00+02:00,49006.33863281546,48959.4564
2026-07-12 19:30:00+02:00,48969.109158154155,49396.14651
2026-07-12 19:45:00+02:00,48908.43624608072,49954.22322
2026-07-12 20:00:00+02:00,49008.23874828116,50427.51133
2026-07-12 20:15:00+02:00,48830.38288447231,50452.22941
2026-07-12 20:30:00+02:00,48592.75064991533,50459.1262
2026-07-12 20:45:00+02:00,48538.3143177927,49914.14043
2026-07-12 21:00:00+02:00,48068.42278080066,49907.29201
2026-07-12 21:15:00+02:00,48068.91820114639,49724.15898
2026-07-12 21:30:00+02:00,48275.781928377,49643.42156
2026-07-12 21:45:00+02:00,48292.70106197621,49985.08318
2026-07-12 22:00:00+02:00,47785.77906401054,49755.33515
2026-07-12 22:15:00+02:00,47743.98678629069,50308.56719
2026-07-12 22:30:00+02:00,47516.45306887368,50066.82455
2026-07-12 22:45:00+02:00,47492.991091625016,49247.95071
2026-07-12 23:00:00+02:00,45900.06951439937,48130.72301
2026-07-12 23:15:00+02:00,45526.465298626805,47717.60758
2026-07-12 23:30:00+02:00,45251.42874636107,46702.9795
2026-07-12 23:45:00+02:00,44545.841339340404,46293.00301
2026-07-13 00:00:00+02:00,44668.09101502892,45639.7068
2026-07-13 00:15:00+02:00,44668.09101502892,45767.48174
2026-07-13 00:30:00+02:00,44256.31273118535,45298.25952
2026-07-13 00:45:00+02:00,44176.27343866594,44985.94342
2026-07-13 01:00:00+02:00,43469.52758042707,43963.22207
2026-07-13 01:15:00+02:00,42842.37935904354,43998.74023
2026-07-13 01:30:00+02:00,42747.575962180774,43626.53828
2026-07-13 01:45:00+02:00,42731.44058588723,43522.70028
2026-07-13 02:00:00+02:00,42521.883596552885,42599.6305
2026-07-13 02:15:00+02:00,42513.850985316014,42399.68601
2026-07-13 02:30:00+02:00,42513.850985316014,42718.16298
2026-07-13 02:45:00+02:00,42637.84359324396,42961.21089
2026-07-13 03:00:00+02:00,42828.24915896984,43240.76131
2026-07-13 03:15:00+02:00,42897.354581522,43119.84916
2026-07-13 03:30:00+02:00,43076.91505965042,42871.20722
2026-07-13 03:45:00+02:00,43064.793359600095,43117.97304
2026-07-13 04:00:00+02:00,42954.10973289578,43774.478
2026-07-13 04:15:00+02:00,43384.674068533204,43367.1398
2026-07-13 04:30:00+02:00,43816.12796376761,43748.97274
2026-07-13 04:45:00+02:00,43883.378306745755,44087.93244
2026-07-13 05:00:00+02:00,45036.791193971425,45512.25177
2026-07-13 05:15:00+02:00,45587.54155672389,45974.47981
2026-07-13 05:30:00+02:00,45991.58889541136,46400.42681
2026-07-13 05:45:00+02:00,48178.14628868163,47798.25388
2026-07-13 06:00:00+02:00,50296.273967975234,50628.99876
2026-07-13 06:15:00+02:00,52019.14636575939,52858.22668
2026-07-13 06:30:00+02:00,53383.50789811057,54085.7787
2026-07-13 06:45:00+02:00,54439.37173038347,55599.27882
2026-07-13 07:00:00+02:00,55377.83850323691,56566.26762
2026-07-13 07:15:00+02:00,56970.28410195041,57754.73401
2026-07-13 07:30:00+02:00,57968.27923788189,58575.37938
2026-07-13 07:45:00+02:00,58694.00591045181,59730.26853
2026-07-13 08:00:00+02:00,58818.29348211164,59959.15487
2026-07-13 08:15:00+02:00,59823.84764789985,60793.94787
2026-07-13 08:30:00+02:00,60452.86343576756,62339.7721
2026-07-13 08:45:00+02:00,61177.00915412611,62477.03221
2026-07-13 09:00:00+02:00,60774.06593889894,60828.374
2026-07-13 09:15:00+02:00,60714.546448056586,60769.88774
2026-07-13 09:30:00+02:00,60685.66655079945,60323.46194
2026-07-13 09:45:00+02:00,60700.82565820857,60472.6885
2026-07-13 10:00:00+02:00,60194.34315902704,59982.89436
2026-07-13 10:15:00+02:00,60269.82556668204,59431.38183
2026-07-13 10:30:00+02:00,60800.605532481015,59543.37788
2026-07-13 10:45:00+02:00,60251.51541648076,59063.58857
2026-07-13 11:00:00+02:00,60223.50646673797,58952.19654
2026-07-13 11:15:00+02:00,60159.91091914903,58726.5299
2026-07-13 11:30:00+02:00,60159.91091914903,58365.10035
2026-07-13 11:45:00+02:00,60211.11760818599,58597.47525
2026-07-13 12:00:00+02:00,59527.41725406585,57550.91618
2026-07-13 12:15:00+02:00,59387.23805785091,57748.88101
2026-07-13 12:30:00+02:00,59599.735393335424,57672.32048
2026-07-13 12:45:00+02:00,59143.995099968495,57688.21055
2026-07-13 13:00:00+02:00,59233.73699637052,57704.00876
2026-07-13 13:15:00+02:00,59018.982148741605,57870.29173
2026-07-13 13:30:00+02:00,58915.02918765943,57640.54893
2026-07-13 13:45:00+02:00,58799.161785925,56736.62954
2026-07-13 14:00:00+02:00,58152.72633990965,56870.48887
2026-07-13 14:15:00+02:00,58154.74626049336,56737.34274
2026-07-13 14:30:00+02:00,57902.63154375667,56993.69783
2026-07-13 14:45:00+02:00,57392.37282792383,56040.0864
2026-07-13 15:00:00+02:00,57355.139128191695,56399.43729
2026-07-13 15:15:00+02:00,57444.039233729534,56217.06668
2026-07-13 15:30:00+02:00,57407.256893258906,56175.63887
2026-07-13 15:45:00+02:00,57283.59364169398,56253.25997
2026-07-13 16:00:00+02:00,57729.11475068683,57237.05514
2026-07-13 16:15:00+02:00,57650.085313059935,56870.33657
2026-07-13 16:30:00+02:00,57459.273149056105,57577.51321
2026-07-13 16:45:00+02:00,57319.821446489696,57822.41137
2026-07-13 17:00:00+02:00,57534.2279979498,58541.44875
2026-07-13 17:15:00+02:00,57561.45683092935,58304.46758
2026-07-13 17:30:00+02:00,57967.39344541183,59169.4117
2026-07-13 17:45:00+02:00,57821.400381498104,59519.01106
2026-07-13 18:00:00+02:00,58326.81477028551,60008.25521
2026-07-13 18:15:00+02:00,58351.5499947509,60284.82384
2026-07-13 18:30:00+02:00,58678.972618506195,61614.0737
2026-07-13 18:45:00+02:00,58600.952273192335,62219.98524
2026-07-13 19:00:00+02:00,59256.56643772451,62454.31402
2026-07-13 19:15:00+02:00,58599.22835819698,62205.2443
2026-07-13 19:30:00+02:00,58529.664286397594,61983.80164
2026-07-13 19:45:00+02:00,58306.04195398891,61087.22885
2026-07-13 20:00:00+02:00,58243.66004704493,60833.36011
2026-07-13 20:15:00+02:00,58059.51300301878,60698.25084
2026-07-13 20:30:00+02:00,57447.1175705178,60736.88455
2026-07-13 20:45:00+02:00,56788.45205913602,59809.40072
2026-07-13 21:00:00+02:00,55788.2185312214,58674.99641
2026-07-13 21:15:00+02:00,55453.51067595554,57925.14879
2026-07-13 21:30:00+02:00,54905.642505370786,58502.83406
2026-07-13 21:45:00+02:00,54909.73834891741,58483.84804
2026-07-13 22:00:00+02:00,53734.461653308594,56928.77929
2026-07-13 22:15:00+02:00,53546.06080059792,55995.29025
2026-07-13 22:30:00+02:00,53529.9901330272,54997.3847
2026-07-13 22:45:00+02:00,52803.82255732629,54280.33318
2026-07-13 23:00:00+02:00,51490.52768400024,52412.42212
2026-07-13 23:15:00+02:00,51120.95522566081,51368.53823
2026-07-13 23:30:00+02:00,50574.19708220029,50634.57925
2026-07-13 23:45:00+02:00,49434.48216873059,49904.02951
2026-07-14 00:00:00+02:00,49800.22734236041,48890.63127
2026-07-14 00:15:00+02:00,49287.57902109369,48660.32688
2026-07-14 00:30:00+02:00,49117.481746825906,48410.01675
2026-07-14 00:45:00+02:00,47647.201881613604,48077.99778
2026-07-14 01:00:00+02:00,46677.21174855967,47541.99801
2026-07-14 01:15:00+02:00,46700.925660183275,47263.37095
2026-07-14 01:30:00+02:00,46489.65239226553,47427.68921
2026-07-14 01:45:00+02:00,46395.295876956254,47077.65612
2026-07-14 02:00:00+02:00,46283.7238530773,46438.28376
2026-07-14 02:15:00+02:00,46164.62387548742,46573.64194
2026-07-14 02:30:00+02:00,46173.4173050831,46583.96332
2026-07-14 02:45:00+02:00,46173.4173050831,46639.05886
2026-07-14 03:00:00+02:00,46122.4112946703,46424.49066
2026-07-14 03:15:00+02:00,46097.87675586278,46463.89294
2026-07-14 03:30:00+02:00,46103.21658733146,46757.34082
2026-07-14 03:45:00+02:00,46212.261733372885,46639.8907
2026-07-14 04:00:00+02:00,46459.30826639523,46868.97172
2026-07-14 04:15:00+02:00,46491.81522762869,46949.89558
2026-07-14 04:30:00+02:00,46724.36860842378,47386.48876
2026-07-14 04:45:00+02:00,47335.38473721406,47632.25331
2026-07-14 05:00:00+02:00,47831.664718555105,48452.47298
2026-07-14 05:15:00+02:00,47966.20631570399,48649.46688
2026-07-14 05:30:00+02:00,48390.70633625374,49288.60868
2026-07-14 05:45:00+02:00,50364.73286929092,50867.96195
2026-07-14 06:00:00+02:00,52191.55928833961,53447.23094
2026-07-14 06:15:00+02:00,53858.74897955926,55273.64762
2026-07-14 06:30:00+02:00,54772.671195739014,56423.75148
2026-07-14 06:45:00+02:00,55674.614641608554,58050.31736
2026-07-14 07:00:00+02:00,57595.82955295832,59269.06841
2026-07-14 07:15:00+02:00,58124.05621213295,60634.40398
2026-07-14 07:30:00+02:00,58477.53681691518,61647.49469
2026-07-14 07:45:00+02:00,59888.81753127303,62653.63209
2026-07-14 08:00:00+02:00,59944.040988901106,62163.54525
2026-07-14 08:15:00+02:00,60632.2839936873,63254.34248
2026-07-14 08:30:00+02:00,61465.52125649004,64096.31299
2026-07-14 08:45:00+02:00,61228.70316970017,63954.54256
2026-07-14 09:00:00+02:00,60836.90847693124,63008.51072
2026-07-14 09:15:00+02:00,61014.30577889153,62834.7285
2026-07-14 09:30:00+02:00,61550.3352681161,62553.74413
2026-07-14 09:45:00+02:00,61649.734849783745,61605.76808
2026-07-14 10:00:00+02:00,61310.40755282502,61593.88631
2026-07-14 10:15:00+02:00,61165.36968522442,61595.65887
2026-07-14 10:30:00+02:00,62043.36966443144,61297.94684
2026-07-14 10:45:00+02:00,62110.42359086673,61046.04886
2026-07-14 11:00:00+02:00,61643.9767338297,60842.74006
2026-07-14 11:15:00+02:00,60855.79707248178,60399.23379
2026-07-14 11:30:00+02:00,60884.44827586254,60055.50594
2026-07-14 11:45:00+02:00,60990.61854651274,59768.09675
2026-07-14 12:00:00+02:00,60911.40308261648,58832.53517
2026-07-14 12:15:00+02:00,61451.570938638426,58443.10048
2026-07-14 12:30:00+02:00,61436.770304217716,58356.34291
2026-07-14 12:45:00+02:00,61332.980759788654,58726.75567
2026-07-14 13:00:00+02:00,60993.658304016404,58105.61402
2026-07-14 13:15:00+02:00,60107.276195331564,57579.72817
2026-07-14 13:30:00+02:00,60013.49714320812,57277.38698
2026-07-14 13:45:00+02:00,59659.54099582697,56573.48635
2026-07-14 14:00:00+02:00,59733.99473395735,56596.88459
2026-07-14 14:15:00+02:00,59698.02989523958,56577.7466
2026-07-14 14:30:00+02:00,59550.10878310174,56133.26874
2026-07-14 14:45:00+02:00,59586.41095483096,55874.52094
2026-07-14 15:00:00+02:00,59563.70299327682,56437.29368
2026-07-14 15:15:00+02:00,59208.707986629895,56034.98872
2026-07-14 15:30:00+02:00,59549.28405945763,56242.5478
2026-07-14 15:45:00+02:00,59538.70465848984,56201.127
2026-07-14 16:00:00+02:00,59171.64677067679,56493.14351
2026-07-14 16:15:00+02:00,59062.29320565005,56572.65643
2026-07-14 16:30:00+02:00,58922.717444516544,57406.80516
2026-07-14 16:45:00+02:00,58939.93267424685,57406.17601
2026-07-14 17:00:00+02:00,59152.12252426085,57837.87006
2026-07-14 17:15:00+02:00,58632.32244004426,58152.5778
2026-07-14 17:30:00+02:00,59281.94760747732,58988.2468
2026-07-14 17:45:00+02:00,59345.69710010276,59683.96122
2026-07-14 18:00:00+02:00,60257.22456654414,60426.34225
2026-07-14 18:15:00+02:00,60071.7826061742,60838.84819
2026-07-14 18:30:00+02:00,59779.30703380072,60429.33325
2026-07-14 18:45:00+02:00,59950.47899735763,60913.61167
2026-07-14 19:00:00+02:00,60299.83810107394,60900.5589
2026-07-14 19:15:00+02:00,59831.12021196164,60746.34198
2026-07-14 19:30:00+02:00,59156.50026277925,60333.68006
2026-07-14 19:45:00+02:00,58708.92296959867,59718.90101
2026-07-14 20:00:00+02:00,58345.48017299883,60033.84748
2026-07-14 20:15:00+02:00,58103.12326884208,59295.25053
2026-07-14 20:30:00+02:00,57415.808460314685,58336.7608
2026-07-14 20:45:00+02:00,56802.16953455703,57771.10762
2026-07-14 21:00:00+02:00,56339.53762161391,56933.15931
2026-07-14 21:15:00+02:00,55653.22589297759,56282.01529
2026-07-14 21:30:00+02:00,55147.033372826365,55800.31171
2026-07-14 21:45:00+02:00,55100.119321430684,55297.90193
2026-07-14 22:00:00+02:00,53860.85218284873,55173.39932
2026-07-14 22:15:00+02:00,53665.73614278112,54773.2282
2026-07-14 22:30:00+02:00,53769.51707669983,54364.53155
2026-07-14 22:45:00+02:00,52772.184350150426,53421.0705
2026-07-14 23:00:00+02:00,51857.86398637003,52379.17669
2026-07-14 23:15:00+02:00,51560.55660305643,51769.78339
2026-07-14 23:30:00+02:00,51028.06182439537,51137.16367
2026-07-14 23:45:00+02:00,50234.82437617709,50638.53217
2026-07-15 00:00:00+02:00,49201.83372502549,49527.72749
2026-07-15 00:15:00+02:00,49328.38956894761,49067.58623
2026-07-15 00:30:00+02:00,49136.32670542172,48856.78028
2026-07-15 00:45:00+02:00,48699.495229992295,48828.32135
2026-07-15 01:00:00+02:00,47779.22972698256,48199.19631
2026-07-15 01:15:00+02:00,47564.228023033815,47739.04401
2026-07-15 01:30:00+02:00,47054.57936851057,47291.18087
2026-07-15 01:45:00+02:00,46547.12545807085,47164.17099
2026-07-15 02:00:00+02:00,46395.076857425505,46044.76093
2026-07-15 02:15:00+02:00,46339.832346582196,46674.36663
2026-07-15 02:30:00+02:00,46382.617953230576,46562.32217
2026-07-15 02:45:00+02:00,46348.692528894244,46370.61802
2026-07-15 03:00:00+02:00,46328.649832489515,46425.45226
2026-07-15 03:15:00+02:00,46328.649832489515,46616.41752
2026-07-15 03:30:00+02:00,46207.69359332612,46752.50295
2026-07-15 03:45:00+02:00,46333.09815470345,47050.15515
2026-07-15 04:00:00+02:00,46523.98718007931,47512.13359
2026-07-15 04:15:00+02:00,46475.2757658867,47915.7074
2026-07-15 04:30:00+02:00,46775.90375312949,47796.70508
2026-07-15 04:45:00+02:00,47012.70109292893,48160.86794
2026-07-15 05:00:00+02:00,47894.41348028433,49226.80071
2026-07-15 05:15:00+02:00,48178.32846280079,49625.7447
2026-07-15 05:30:00+02:00,49679.723258604754,50304.27698
2026-07-15 05:45:00+02:00,51103.57404969325,51722.02042
2026-07-15 06:00:00+02:00,53629.28122390396,53898.01341
2026-07-15 06:15:00+02:00,54982.35426995096,55582.23895
2026-07-15 06:30:00+02:00,56034.84510128164,56673.8752
2026-07-15 06:45:00+02:00,56733.244131913314,58230.12039
2026-07-15 07:00:00+02:00,58358.09518110697,58775.16432
2026-07-15 07:15:00+02:00,59933.76752609368,59695.2484
2026-07-15 07:30:00+02:00,60725.67986871229,60521.89733
2026-07-15 07:45:00+02:00,61317.454274552394,61187.80387
2026-07-15 08:00:00+02:00,61900.45538289148,60963.06031
2026-07-15 08:15:00+02:00,62493.195151126725,61960.11028
2026-07-15 08:30:00+02:00,63137.685398894035,62720.44452
2026-07-15 08:45:00+02:00,63214.10866615454,63394.31723
2026-07-15 09:00:00+02:00,62586.947349461356,61971.37477
2026-07-15 09:15:00+02:00,62696.02409666102,62282.90095
2026-07-15 09:30:00+02:00,62920.18456460765,61992.66923
2026-07-15 09:45:00+02:00,63005.20783046787,60697.86462
2026-07-15 10:00:00+02:00,62604.36470527872,59925.54293
2026-07-15 10:15:00+02:00,62518.97106678967,59903.30047
2026-07-15 10:30:00+02:00,62516.44307976736,59966.41758
2026-07-15 10:45:00+02:00,62421.30175562364,60002.77992
2026-07-15 11:00:00+02:00,61793.51103330678,59537.79898
2026-07-15 11:15:00+02:00,61793.51103330678,59752.75235
2026-07-15 11:30:00+02:00,61795.36157042549,59854.24022
2026-07-15 11:45:00+02:00,61912.31854576722,59481.96035
2026-07-15 12:00:00+02:00,61452.87468590812,59201.76095
2026-07-15 12:15:00+02:00,61136.402292277984,58353.23059
2026-07-15 12:30:00+02:00,61270.67041476712,58765.38579
2026-07-15 12:45:00+02:00,61369.265961743615,58560.3899
2026-07-15 13:00:00+02:00,61421.14420672524,58777.06147
2026-07-15 13:15:00+02:00,60852.56633441842,59162.22708
2026-07-15 13:30:00+02:00,60418.015726693266,57809.94084
2026-07-15 13:45:00+02:00,60049.018724188885,57485.81206
2026-07-15 14:00:00+02:00,59946.37830907516,57672.55372
2026-07-15 14:15:00+02:00,59841.889468572204,57294.47799
2026-07-15 14:30:00+02:00,59802.32894801482,56271.1996
2026-07-15 14:45:00+02:00,59709.75773912426,56876.36925
2026-07-15 15:00:00+02:00,59732.560403886775,56929.52084
2026-07-15 15:15:00+02:00,59629.71652939338,57043.92383
2026-07-15 15:30:00+02:00,59701.513695567664,57324.08958
2026-07-15 15:45:00+02:00,59644.3446846922,57116.20839
2026-07-15 16:00:00+02:00,59593.71729496771,58420.21162
2026-07-15 16:15:00+02:00,59187.086131293334,58302.47891
2026-07-15 16:30:00+02:00,58886.09487396676,57987.97432
2026-07-15 16:45:00+02:00,58846.64799598249,57972.43082
2026-07-15 17:00:00+02:00,59339.92444428613,59320.77928
2026-07-15 17:15:00+02:00,59438.50182823344,59379.22891
2026-07-15 17:30:00+02:00,59376.30359447482,59315.71704
2026-07-15 17:45:00+02:00,59583.291917850736,59986.00568
2026-07-15 18:00:00+02:00,60260.218871112935,61209.23472
2026-07-15 18:15:00+02:00,60296.979485965996,60456.49269
2026-07-15 18:30:00+02:00,60505.84224440448,61039.98572
2026-07-15 18:45:00+02:00,60661.203535511406,61690.83461
2026-07-15 19:00:00+02:00,61110.507598616874,62110.85426
2026-07-15 19:15:00+02:00,60551.747194854295,61711.24464
2026-07-15 19:30:00+02:00,60595.46728937607,60789.61714
2026-07-15 19:45:00+02:00,60526.45203987836,60214.06172
2026-07-15 20:00:00+02:00,60266.302711460674,60354.56292
2026-07-15 20:15:00+02:00,58694.04258655027,59746.31926
2026-07-15 20:30:00+02:00,58014.4541888303,59043.96532
2026-07-15 20:45:00+02:00,57420.25380300088,58542.3208
2026-07-15 21:00:00+02:00,57054.446921084185,58012.5838
2026-07-15 21:15:00+02:00,56883.64441220053,57897.76104
2026-07-15 21:30:00+02:00,56621.51295340964,57336.12138
2026-07-15 21:45:00+02:00,56859.43077360446,57078.46677
2026-07-15 22:00:00+02:00,55648.18405382386,56896.53596
2026-07-15 22:15:00+02:00,54910.325021065015,56056.44204
2026-07-15 22:30:00+02:00,54592.8139379106,55113.62247
2026-07-15 22:45:00+02:00,54205.6369343506,54346.20676
2026-07-15 23:00:00+02:00,53151.075619596755,53216.31031
2026-07-15 23:15:00+02:00,52872.717339212315,52614.67193
2026-07-15 23:30:00+02:00,52404.06478395398,51255.8671
2026-07-15 23:45:00+02:00,51638.762899827714,50596.64245
2026-07-16 00:00:00+02:00,50323.89054045378,50455.12345
2026-07-16 00:15:00+02:00,50301.62146351865,50087.46196
2026-07-16 00:30:00+02:00,49256.83009980318,49625.62417
2026-07-16 00:45:00+02:00,49042.48723165758,50003.36649
2026-07-16 01:00:00+02:00,48565.17971332685,49329.6131
2026-07-16 01:15:00+02:00,48413.22377378347,49374.52085
2026-07-16 01:30:00+02:00,48143.596950820036,48877.72786
2026-07-16 01:45:00+02:00,48036.22202458294,48625.22067
2026-07-16 02:00:00+02:00,47624.49461002892,47653.88898
2026-07-16 02:15:00+02:00,47322.54794305693,47564.81386
2026-07-16 02:30:00+02:00,47080.43607619654,47788.57323
2026-07-16 02:45:00+02:00,47331.65541182108,47814.17169
2026-07-16 03:00:00+02:00,47709.64302084346,48098.1275
2026-07-16 03:15:00+02:00,47717.44451037508,47882.88415
2026-07-16 03:30:00+02:00,47717.44451037508,47874.52155
2026-07-16 03:45:00+02:00,47784.78158055895,47976.83481
2026-07-16 04:00:00+02:00,48266.14337136414,48713.14238
2026-07-16 04:15:00+02:00,48241.6719926007,48904.29442
2026-07-16 04:30:00+02:00,48482.29277584519,49000.09575
2026-07-16 04:45:00+02:00,48655.147390083286,49397.4045
2026-07-16 05:00:00+02:00,48814.48930013392,50155.34259
2026-07-16 05:15:00+02:00,49691.927934568695,50589.096
2026-07-16 05:30:00+02:00,51003.376208628804,51094.83837
2026-07-16 05:45:00+02:00,52401.644480444564,51896.53609
2026-07-16 06:00:00+02:00,54799.52332588237,54263.07176
2026-07-16 06:15:00+02:00,55838.7954461226,55833.77144
2026-07-16 06:30:00+02:00,57401.834333089544,57324.75157
2026-07-16 06:45:00+02:00,58591.76234509254,58368.90828
2026-07-16 07:00:00+02:00,59956.83416499732,59018.45433
2026-07-16 07:15:00+02:00,60947.960789341116,60595.39031
2026-07-16 07:30:00+02:00,61942.82498665803,61779.50886
2026-07-16 07:45:00+02:00,62958.98595122751,62785.78317
2026-07-16 08:00:00+02:00,63054.30958988639,62683.16779
2026-07-16 08:15:00+02:00,63316.411868135336,63326.17967
2026-07-16 08:30:00+02:00,63911.35175842831,63624.5204
2026-07-16 08:45:00+02:00,63922.719978003355,63518.36353
2026-07-16 09:00:00+02:00,62857.1396567941,62449.94654
2026-07-16 09:15:00+02:00,62792.4333906278,62825.37413
2026-07-16 09:30:00+02:00,62965.415634469224,63193.6576
2026-07-16 09:45:00+02:00,62804.809690179936,62930.66674
2026-07-16 10:00:00+02:00,62618.167342296205,61970.12745
2026-07-16 10:15:00+02:00,62715.54107417266,61434.47376
2026-07-16 10:30:00+02:00,62751.05350083433,61270.19238
2026-07-16 10:45:00+02:00,62790.61566776106,61481.19094
2026-07-16 11:00:00+02:00,61789.87708567929,61374.9536
2026-07-16 11:15:00+02:00,61807.63735301618,61002.20768
2026-07-16 11:30:00+02:00,61865.615927873514,60349.09952
2026-07-16 11:45:00+02:00,61829.52607567193,60019.00983
2026-07-16 12:00:00+02:00,61098.78710957887,59291.83572
2026-07-16 12:15:00+02:00,60668.131490076325,58933.2563
2026-07-16 12:30:00+02:00,60535.48570502238,58956.04105
2026-07-16 12:45:00+02:00,60378.71016879539,58804.83872
2026-07-16 13:00:00+02:00,60617.15915462434,59867.53235
2026-07-16 13:15:00+02:00,60098.87261995513,59338.56268
2026-07-16 13:30:00+02:00,59859.79692452073,58822.36975
2026-07-16 13:45:00+02:00,59600.616358382285,58203.61659
2026-07-16 14:00:00+02:00,59105.90271681805,58932.91728
2026-07-16 14:15:00+02:00,58920.415676322475,58529.41356
2026-07-16 14:30:00+02:00,58686.72465734657,58159.98501
2026-07-16 14:45:00+02:00,58432.55693070737,57450.48175
2026-07-16 15:00:00+02:00,58467.77140407254,58590.74427
2026-07-16 15:15:00+02:00,57312.83360861214,58706.61574
2026-07-16 15:30:00+02:00,56873.22277797265,58256.70443
2026-07-16 15:45:00+02:00,56873.22277797265,58749.7762
2026-07-16 16:00:00+02:00,56838.35353615259,59173.92137
2026-07-16 16:15:00+02:00,56675.363885014456,59230.11382
2026-07-16 16:30:00+02:00,56676.60969001643,58855.6442
2026-07-16 16:45:00+02:00,56444.43373389467,59179.71522
2026-07-16 17:00:00+02:00,57970.31068581068,59743.66679
2026-07-16 17:15:00+02:00,58072.48704092425,60288.92717
2026-07-16 17:30:00+02:00,58525.36590643304,59968.22407
2026-07-16 17:45:00+02:00,59555.800300829505,60269.0082
2026-07-16 18:00:00+02:00,60280.02496550186,61398.88762
2026-07-16 18:15:00+02:00,61029.76540022252,60580.04046
2026-07-16 18:30:00+02:00,61195.512766988984,61041.86519
2026-07-16 18:45:00+02:00,61326.03644500883,60888.69583
2026-07-16 19:00:00+02:00,61937.8193129454,61490.95357
2026-07-16 19:15:00+02:00,61278.89305248048,60877.3232
2026-07-16 19:30:00+02:00,61185.89802271445,60313.45437
2026-07-16 19:45:00+02:00,60476.09879677174,59504.55903
2026-07-16 20:00:00+02:00,60273.39933347097,59191.49601
2026-07-16 20:15:00+02:00,59914.32742861605,58612.38072
2026-07-16 20:30:00+02:00,59195.729198660185,58050.21179
2026-07-16 20:45:00+02:00,57723.882500804684,57562.46407
2026-07-16 21:00:00+02:00,56929.242620048855,56347.79742
2026-07-16 21:15:00+02:00,56270.199893567806,56309.62293
2026-07-16 21:30:00+02:00,56275.24102667538,56284.93617
2026-07-16 21:45:00+02:00,56025.49712045111,56043.76282
2026-07-16 22:00:00+02:00,55247.85327289125,54533.09269
2026-07-16 22:15:00+02:00,54423.02288959986,54071.72225
2026-07-16 22:30:00+02:00,54116.637655873245,53188.73961
2026-07-16 22:45:00+02:00,53832.838636177665,52610.70073
2026-07-16 23:00:00+02:00,52344.546912083955,51032.42542
2026-07-16 23:15:00+02:00,51644.5879650914,51001.30855
2026-07-16 23:30:00+02:00,51074.68368992977,49926.63149
2026-07-16 23:45:00+02:00,51053.33045508004,49808.43523
2026-07-17 00:00:00+02:00,50127.71500900938,49139.09951
2026-07-17 00:15:00+02:00,49936.85023713787,48452.96032
2026-07-17 00:30:00+02:00,48919.590900186544,48502.76311
2026-07-17 00:45:00+02:00,48738.573800169455,47926.75523
2026-07-17 01:00:00+02:00,48228.083052015136,47668.49731
2026-07-17 01:15:00+02:00,48033.35934284386,47227.08174
2026-07-17 01:30:00+02:00,47867.75884542944,47003.83686
2026-07-17 01:45:00+02:00,47317.46431064685,46969.94155
2026-07-17 02:00:00+02:00,47393.685042911995,47163.49818
2026-07-17 02:15:00+02:00,47386.47732458179,47160.02484
2026-07-17 02:30:00+02:00,47386.47732458179,46953.84643
2026-07-17 02:45:00+02:00,47039.76012974143,46762.71596
2026-07-17 03:00:00+02:00,47364.99656467916,46453.36075
2026-07-17 03:15:00+02:00,47027.67891510924,46502.24532
2026-07-17 03:30:00+02:00,47060.37403653037,47062.51451
2026-07-17 03:45:00+02:00,46926.839910890994,47089.52655
2026-07-17 04:00:00+02:00,47399.281972914134,47968.11747
2026-07-17 04:15:00+02:00,47916.485674953736,47770.67913
2026-07-17 04:30:00+02:00,48373.426358087134,48332.07105
2026-07-17 04:45:00+02:00,48485.61541136486,48791.52304
2026-07-17 05:00:00+02:00,48580.72327726986,48711.61825
2026-07-17 05:15:00+02:00,48661.691192618055,49341.1892
2026-07-17 05:30:00+02:00,49562.54165983142,49612.95572
2026-07-17 05:45:00+02:00,50469.66496651052,50691.72742
2026-07-17 06:00:00+02:00,52379.45667895815,53002.3269
2026-07-17 06:15:00+02:00,54485.998661506565,54264.10941
2026-07-17 06:30:00+02:00,55654.49953313888,55665.43802
2026-07-17 06:45:00+02:00,56851.08846677851,56813.892
2026-07-17 07:00:00+02:00,57661.295592536044,57770.75536
2026-07-17 07:15:00+02:00,58989.53843451784,58796.79778
2026-07-17 07:30:00+02:00,60275.060863017134,59817.38498
2026-07-17 07:45:00+02:00,61194.270304518875,60573.34723
2026-07-17 08:00:00+02:00,61353.26765471162,61117.95737
2026-07-17 08:15:00+02:00,62102.90265655881,61960.32688
2026-07-17 08:30:00+02:00,62102.90265655881,63234.80563
2026-07-17 08:45:00+02:00,62110.24357339363,63050.57961
2026-07-17 09:00:00+02:00,61494.11441616226,62326.29601
2026-07-17 09:15:00+02:00,61639.89961551101,62663.15316
2026-07-17 09:30:00+02:00,61428.812361185934,63234.48867
2026-07-17 09:45:00+02:00,61572.54385598672,63487.51219
2026-07-17 10:00:00+02:00,60747.64911413558,62703.41619
2026-07-17 10:15:00+02:00,60768.38323090876,62779.4662
2026-07-17 10:30:00+02:00,60765.098749748126,63318.52733
2026-07-17 10:45:00+02:00,60841.32323226075,62920.4438
2026-07-17 11:00:00+02:00,59235.26922482062,62551.11543
2026-07-17 11:15:00+02:00,59123.32720222697,62462.73918
2026-07-17 11:30:00+02:00,59468.3032071829,61966.15768
2026-07-17 11:45:00+02:00,58992.39978201018,61953.16537
2026-07-17 12:00:00+02:00,57921.37623738854,60606.98555
2026-07-17 12:15:00+02:00,57744.81228686502,60585.20283
2026-07-17 12:30:00+02:00,57734.254395317424,60466.01238
2026-07-17 12:45:00+02:00,57888.64869500197,60448.36691
2026-07-17 13:00:00+02:00,57344.00637594329,59800.37134
2026-07-17 13:15:00+02:00,56977.377491758794,59341.3183
2026-07-17 13:30:00+02:00,56727.16402376036,58984.26924
2026-07-17 13:45:00+02:00,56295.49730687672,58202.96039
2026-07-17 14:00:00+02:00,55996.42043372333,58080.47582
2026-07-17 14:15:00+02:00,55569.01111211229,57879.67278
2026-07-17 14:30:00+02:00,55098.562358828014,57502.82194
2026-07-17 14:45:00+02:00,55002.10286398972,57117.96674
2026-07-17 15:00:00+02:00,54254.51968186561,57114.02188
2026-07-17 15:15:00+02:00,53514.71864971971,56786.82472
2026-07-17 15:30:00+02:00,53418.72693270426,57914.23057
2026-07-17 15:45:00+02:00,53418.72693270426,58069.8209
2026-07-17 16:00:00+02:00,53967.17658133359,58383.2781
2026-07-17 16:15:00+02:00,53979.840594479356,58027.85027
2026-07-17 16:30:00+02:00,54268.02918348882,57718.46144
2026-07-17 16:45:00+02:00,53990.564605572734,57640.41341
2026-07-17 17:00:00+02:00,55625.68443723326,58304.29271
2026-07-17 17:15:00+02:00,55775.45428692407,57985.0262
2026-07-17 17:30:00+02:00,55944.70497738341,58667.60243
2026-07-17 17:45:00+02:00,56278.31106863251,58555.36505
2026-07-17 18:00:00+02:00,57689.37894497612,58890.68872
2026-07-17 18:15:00+02:00,57667.19094321973,58901.41389
2026-07-17 18:30:00+02:00,58185.151827033675,58902.95475
2026-07-17 18:45:00+02:00,58391.370821898076,59151.42488
2026-07-17 19:00:00+02:00,58553.74487424151,58503.8161
2026-07-17 19:15:00+02:00,58034.66038236294,57792.67612
2026-07-17 19:30:00+02:00,57907.16656135819,57246.69906
2026-07-17 19:45:00+02:00,57426.715611008476,56562.4393
2026-07-17 20:00:00+02:00,57581.506463709076,56140.12263
2026-07-17 20:15:00+02:00,57088.25122180925,55105.32457
2026-07-17 20:30:00+02:00,56166.31247131432,54991.57981
2026-07-17 20:45:00+02:00,55755.517879384606,54418.52123
2026-07-17 21:00:00+02:00,55649.37093849441,53792.46852
2026-07-17 21:15:00+02:00,54482.701450395994,53073.69135
2026-07-17 21:30:00+02:00,53818.51357852361,53161.85664
2026-07-17 21:45:00+02:00,53818.51357852361,52900.74025
2026-07-17 22:00:00+02:00,53023.755010210065,51990.94939
2026-07-17 22:15:00+02:00,52734.74352439737,51578.84704
2026-07-17 22:30:00+02:00,52557.29663793579,51348.91025
2026-07-17 22:45:00+02:00,52429.140908429305,50637.80874
2026-07-17 23:00:00+02:00,50541.051914876916,49266.3814
2026-07-17 23:15:00+02:00,50394.31300734601,49016.3553
2026-07-17 23:30:00+02:00,50281.79528128043,48759.16684
2026-07-17 23:45:00+02:00,50083.50972863384,48210.39872
2026-07-18 00:00:00+02:00,46536.52103730883,46671.32348
2026-07-18 00:15:00+02:00,46426.61295108607,45863.14648
2026-07-18 00:30:00+02:00,46158.657847669376,45976.95022
2026-07-18 00:45:00+02:00,45687.073339384624,45678.19703
2026-07-18 01:00:00+02:00,44344.99961631412,44907.59809
2026-07-18 01:15:00+02:00,44269.03366526033,44025.26791
2026-07-18 01:30:00+02:00,44117.811040681176,43955.28091
2026-07-18 01:45:00+02:00,43966.90432156646,44244.62449
2026-07-18 02:00:00+02:00,42569.0233279507,43856.47613
2026-07-18 02:15:00+02:00,42566.7404869275,43389.67565
2026-07-18 02:30:00+02:00,42528.104409856096,43352.12097
2026-07-18 02:45:00+02:00,42527.9992292042,43297.63962
2026-07-18 03:00:00+02:00,43128.51630694891,42608.62738
2026-07-18 03:15:00+02:00,43128.51630694891,42620.60437
2026-07-18 03:30:00+02:00,42611.0317427074,42687.02199
2026-07-18 03:45:00+02:00,43125.81829519827,42582.5509
2026-07-18 04:00:00+02:00,42693.21625596115,42351.21911
2026-07-18 04:15:00+02:00,42498.22122610582,42213.09598
2026-07-18 04:30:00+02:00,42554.24276861535,42413.47823
2026-07-18 04:45:00+02:00,42542.429772831754,42429.17531
2026-07-18 05:00:00+02:00,42391.9667887449,42831.75241
2026-07-18 05:15:00+02:00,42419.52241899285,42628.7023
2026-07-18 05:30:00+02:00,42952.589763002754,42039.67298
2026-07-18 05:45:00+02:00,43189.29416341442,41959.32226
2026-07-18 06:00:00+02:00,44192.73465206579,42540.63969
2026-07-18 06:15:00+02:00,44900.897476465856,43147.69484
2026-07-18 06:30:00+02:00,45703.23374610234,43299.48024
2026-07-18 06:45:00+02:00,45766.317286688936,43887.23354
2026-07-18 07:00:00+02:00,45885.173036791784,44087.51102
2026-07-18 07:15:00+02:00,46378.94819793949,45000.62587
2026-07-18 07:30:00+02:00,47199.768631197556,45740.22146
2026-07-18 07:45:00+02:00,48157.46157744738,46681.92652
2026-07-18 08:00:00+02:00,47559.97955639216,46264.30343
2026-07-18 08:15:00+02:00,47961.63509048308,47896.6328
2026-07-18 08:30:00+02:00,48661.46401907592,48737.68375
2026-07-18 08:45:00+02:00,48659.19842146754,49615.71991
2026-07-18 09:00:00+02:00,48957.80326909533,49983.33055
2026-07-18 09:15:00+02:00,49026.08828720497,49926.72676
2026-07-18 09:30:00+02:00,49104.92109239175,50360.26777
2026-07-18 09:45:00+02:00,48869.46907613912,51081.34791
2026-07-18 10:00:00+02:00,48834.089132608664,51123.68613
2026-07-18 10:15:00+02:00,49021.39941704818,51027.14647
2026-07-18 10:30:00+02:00,49276.49438472092,51428.20708
2026-07-18 10:45:00+02:00,49024.58668731588,50718.05273
2026-07-18 11:00:00+02:00,49131.700544069034,50787.28844
2026-07-18 11:15:00+02:00,49326.4769016123,50932.73818
2026-07-18 11:30:00+02:00,49006.842472039134,50442.97735
2026-07-18 11:45:00+02:00,49563.794202076315,50835.11854
2026-07-18 12:00:00+02:00,49065.72613416454,50076.74277
2026-07-18 12:15:00+02:00,49118.39667301905,49631.13758
2026-07-18 12:30:00+02:00,49473.471780442254,49544.34622
2026-07-18 12:45:00+02:00,49675.14200648884,49119.97352
2026-07-18 13:00:00+02:00,49036.47016729106,48939.65841
2026-07-18 13:15:00+02:00,48555.00287899937,48597.55775
2026-07-18 13:30:00+02:00,48350.01104053159,47836.77021
2026-07-18 13:45:00+02:00,48205.08032418911,47235.62929
2026-07-18 14:00:00+02:00,47787.00541961974,47624.95698
2026-07-18 14:15:00+02:00,47321.1635423968,46626.61009
2026-07-18 14:30:00+02:00,46881.11716796092,46844.75308
2026-07-18 14:45:00+02:00,46629.27128309993,46275.18477
2026-07-18 15:00:00+02:00,47706.51965657044,46384.02901
2026-07-18 15:15:00+02:00,47170.86929040894,46080.38411
2026-07-18 15:30:00+02:00,46823.17773523956,45793.84711
2026-07-18 15:45:00+02:00,46843.260639990855,45889.09633
2026-07-18 16:00:00+02:00,47021.726049914745,46504.29319
2026-07-18 16:15:00+02:00,47076.31371934865,46548.25325
2026-07-18 16:30:00+02:00,46884.31863494632,46470.41235
2026-07-18 16:45:00+02:00,46993.009027335946,46518.03792
2026-07-18 17:00:00+02:00,48173.8671955681,47197.44008
2026-07-18 17:15:00+02:00,48027.737030645374,47327.50066
2026-07-18 17:30:00+02:00,48721.33276153237,47336.2965
2026-07-18 17:45:00+02:00,49308.38621402256,47127.64466
2026-07-18 18:00:00+02:00,50068.4580261058,47347.42726
2026-07-18 18:15:00+02:00,50097.91120611633,47436.39933
2026-07-18 18:30:00+02:00,50317.33973960044,47578.90954
2026-07-18 18:45:00+02:00,50717.74119317246,48313.05356
2026-07-18 19:00:00+02:00,50276.49467549,47974.04004
2026-07-18 19:15:00+02:00,50211.22626650985,47659.12386
2026-07-18 19:30:00+02:00,50176.39543214261,47571.70609
2026-07-18 19:45:00+02:00,49721.88363240866,47236.0488
2026-07-18 20:00:00+02:00,49695.766434564466,47617.72606
2026-07-18 20:15:00+02:00,49017.36720959018,47196.91252
2026-07-18 20:30:00+02:00,48933.3174775513,46077.10348
2026-07-18 20:45:00+02:00,48520.390383524704,45219.84637
2026-07-18 21:00:00+02:00,48160.247557197246,44572.24288
2026-07-18 21:15:00+02:00,47729.98215885111,44357.48746
2026-07-18 21:30:00+02:00,47546.1312828866,44995.47809
2026-07-18 21:45:00+02:00,47515.73759411906,45234.96427
2026-07-18 22:00:00+02:00,47504.63422296284,44547.03972
2026-07-18 22:15:00+02:00,47434.964865481714,44613.90473
2026-07-18 22:30:00+02:00,47403.982386129326,43720.97059
2026-07-18 22:45:00+02:00,47152.41774952868,43513.58753
2026-07-18 23:00:00+02:00,46311.60752209631,42916.24243
2026-07-18 23:15:00+02:00,46015.104838886225,43215.3683
2026-07-18 23:30:00+02:00,45990.956212939076,42586.80951
2026-07-18 23:45:00+02:00,44755.754058295126,42013.34778
2026-07-19 00:00:00+02:00,40458.17149403281,41732.54777
2026-07-19 00:15:00+02:00,40175.89526000489,41228.82224
2026-07-19 00:30:00+02:00,40091.6309319514,40944.45041
2026-07-19 00:45:00+02:00,39814.90396692506,40350.09342
2026-07-19 01:00:00+02:00,39400.78316290751,39494.87543
2026-07-19 01:15:00+02:00,39278.997932150625,39455.06267
2026-07-19 01:30:00+02:00,38939.86102349362,38922.22757
2026-07-19 01:45:00+02:00,38836.695107201434,38454.6541
2026-07-19 02:00:00+02:00,38616.589817883505,38258.38556
2026-07-19 02:15:00+02:00,38528.436666621026,38320.68009
2026-07-19 02:30:00+02:00,38468.890256337916,38054.89808
2026-07-19 02:45:00+02:00,38223.845436215306,37491.70536
2026-07-19 03:00:00+02:00,38485.92277664025,37591.72358
2026-07-19 03:15:00+02:00,38457.33027127859,37816.75136
2026-07-19 03:30:00+02:00,38194.087494930645,38061.49267
2026-07-19 03:45:00+02:00,38031.359971668586,37957.08504
2026-07-19 04:00:00+02:00,38016.555038360886,37918.58077
2026-07-19 04:15:00+02:00,37651.06651506988,37984.37963
2026-07-19 04:30:00+02:00,37651.06651506988,37697.50749
2026-07-19 04:45:00+02:00,38075.91890795138,37969.20597
2026-07-19 05:00:00+02:00,38509.644791753446,37809.65278
2026-07-19 05:15:00+02:00,38271.3231720767,37918.38243
2026-07-19 05:30:00+02:00,38271.3231720767,37969.06487
2026-07-19 05:45:00+02:00,38303.998032416996,38244.25057
2026-07-19 06:00:00+02:00,38747.217420747234,39172.09516
2026-07-19 06:15:00+02:00,38592.4954632722,39484.80581
2026-07-19 06:30:00+02:00,38793.44996572174,39761.39268
2026-07-19 06:45:00+02:00,39089.54827957181,40041.80998
2026-07-19 07:00:00+02:00,39576.03425572953,40288.90004
2026-07-19 07:15:00+02:00,40065.34945446907,40168.54059
2026-07-19 07:30:00+02:00,41391.41800683241,40737.7954
2026-07-19 07:45:00+02:00,41579.25665578063,40979.28328
2026-07-19 08:00:00+02:00,41500.03567657838,40879.58666
2026-07-19 08:15:00+02:00,42562.4061687165,41994.82849
2026-07-19 08:30:00+02:00,42773.25576878757,43002.01192
2026-07-19 08:45:00+02:00,42973.90337158308,43708.94818
2026-07-19 09:00:00+02:00,42991.356771801686,44101.63132
2026-07-19 09:15:00+02:00,43182.6065344961,44602.51863
2026-07-19 09:30:00+02:00,43226.88687152851,44719.29439
2026-07-19 09:45:00+02:00,43618.68248102232,44989.97093
2026-07-19 10:00:00+02:00,44146.7390460035,45320.02787
2026-07-19 10:15:00+02:00,45079.351003483156,46017.24736
2026-07-19 10:30:00+02:00,45097.599643016736,46370.2437
2026-07-19 10:45:00+02:00,45536.4945207331,46997.42939
2026-07-19 11:00:00+02:00,45220.302952705264,46579.08799
2026-07-19 11:15:00+02:00,45641.51026839054,47509.87157
2026-07-19 11:30:00+02:00,46003.626582301105,47636.84602
2026-07-19 11:45:00+02:00,45841.298935971114,47593.42904
2026-07-19 12:00:00+02:00,45641.02223123043,47471.18084
2026-07-19 12:15:00+02:00,45847.86369419936,46757.54773
2026-07-19 12:30:00+02:00,45508.84437150194,45747.08216
2026-07-19 12:45:00+02:00,45053.20939828033,45781.97295
2026-07-19 13:00:00+02:00,44630.995457246056,45366.24214
2026-07-19 13:15:00+02:00,44147.354151438645,44944.69076
2026-07-19 13:30:00+02:00,44155.41180414765,44399.59427
2026-07-19 13:45:00+02:00,43707.98567351521,43793.38108
2026-07-19 14:00:00+02:00,43146.80624313525,42865.42663
2026-07-19 14:15:00+02:00,42913.774353359106,42960.81256
2026-07-19 14:30:00+02:00,42586.99763295575,41954.59894
2026-07-19 14:45:00+02:00,42572.600016957374,41273.2833
2026-07-19 15:00:00+02:00,42521.72747020154,41891.00215
2026-07-19 15:15:00+02:00,42393.376106102216,41898.49313
2026-07-19 15:30:00+02:00,42500.32897181514,41657.70262
2026-07-19 15:45:00+02:00,41975.78677927192,41901.65908
2026-07-19 16:00:00+02:00,42487.40009383999,42211.78883
2026-07-19 16:15:00+02:00,42531.70045347359,42051.35049
2026-07-19 16:30:00+02:00,42711.781655187726,42466.96127
2026-07-19 16:45:00+02:00,43230.23921292942,42173.18914
2026-07-19 17:00:00+02:00,44224.266201814666,42079.79559
2026-07-19 17:15:00+02:00,44380.22396854401,42994.08447
2026-07-19 17:30:00+02:00,44720.574692373,43813.79046
2026-07-19 17:45:00+02:00,45207.38458934713,43769.37725
2026-07-19 18:00:00+02:00,46195.80955042462,44356.01521
2026-07-19 18:15:00+02:00,46760.033578178525,45159.33451
2026-07-19 18:30:00+02:00,47021.180707409476,45483.3897
2026-07-19 18:45:00+02:00,47456.04842951243,45069.16111
2026-07-19 19:00:00+02:00,48336.58133734161,44918.8739
2026-07-19 19:15:00+02:00,47925.530833314035,44541.61947
2026-07-19 19:30:00+02:00,48375.80626933581,44494.6932
2026-07-19 19:45:00+02:00,48715.65833746539,44729.63217
2026-07-19 20:00:00+02:00,48632.80894810617,45726.5893
2026-07-19 20:15:00+02:00,48556.64717605086,45114.34251
2026-07-19 20:30:00+02:00,48381.39324842754,44487.8339
2026-07-19 20:45:00+02:00,48046.8675985882,43751.76086
2026-07-19 21:00:00+02:00,47882.97208055647,43754.75344
2026-07-19 21:15:00+02:00,47587.85240588702,44093.71976
2026-07-19 21:30:00+02:00,47210.73781191378,44622.1968
2026-07-19 21:45:00+02:00,47983.377224696174,44498.2893
2026-07-19 22:00:00+02:00,47449.534672467285,45512.63604
2026-07-19 22:15:00+02:00,47797.28111578436,45437.20111
2026-07-19 22:30:00+02:00,47683.258018697365,44739.61011
2026-07-19 22:45:00+02:00,46609.18926030387,44134.80701
2026-07-19 23:00:00+02:00,45602.41646096241,42737.81988
2026-07-19 23:15:00+02:00,45395.65861967995,42610.13477
2026-07-19 23:30:00+02:00,44704.77038063905,42183.62943
2026-07-19 23:45:00+02:00,43974.137204384024,41898.52811
2026-07-20 00:00:00+02:00,45171.94654447131,41040.48638
2026-07-20 00:15:00+02:00,45169.22504972206,41661.49177
2026-07-20 00:30:00+02:00,44977.30869135686,41422.65792
2026-07-20 00:45:00+02:00,44622.37794185481,41214.25796
2026-07-20 01:00:00+02:00,43533.43897125053,40887.42954
2026-07-20 01:15:00+02:00,43389.86959463888,40671.97298
2026-07-20 01:30:00+02:00,43274.217732079895,39988.73785
2026-07-20 01:45:00+02:00,43229.7506171647,39688.9265
2026-07-20 02:00:00+02:00,42600.99600412429,38946.9192
2026-07-20 02:15:00+02:00,42121.431241738755,38842.37055
2026-07-20 02:30:00+02:00,42621.536414655544,39366.26007
2026-07-20 02:45:00+02:00,42597.46984115131,39335.92372
2026-07-20 03:00:00+02:00,42792.36363114907,39748.5134
2026-07-20 03:15:00+02:00,42958.27776872726,39622.38052
2026-07-20 03:30:00+02:00,42780.50636002524,39571.98374
2026-07-20 03:45:00+02:00,42954.51574029299,39460.58866
2026-07-20 04:00:00+02:00,43643.55664226362,39812.38736
2026-07-20 04:15:00+02:00,43643.55664226362,40398.82769
2026-07-20 04:30:00+02:00,44012.47927840188,41321.97659
2026-07-20 04:45:00+02:00,44382.727492150305,41345.76674
2026-07-20 05:00:00+02:00,45426.843020727596,41991.91238
2026-07-20 05:15:00+02:00,45641.35384623575,42884.50353
2026-07-20 05:30:00+02:00,46166.830713352836,44002.82795
2026-07-20 05:45:00+02:00,47593.89691209312,45098.24703
2026-07-20 06:00:00+02:00,51331.5143913186,47225.09457
2026-07-20 06:15:00+02:00,53377.15041484716,48712.75153
2026-07-20 06:30:00+02:00,53930.075859112585,50478.89591
2026-07-20 06:45:00+02:00,55654.96709745582,51621.94707
2026-07-20 07:00:00+02:00,57100.45133243446,52590.52091
2026-07-20 07:15:00+02:00,58164.15340856667,54013.27314
2026-07-20 07:30:00+02:00,59216.48341656816,55206.63109
2026-07-20 07:45:00+02:00,60434.59709124955,56581.80322
2026-07-20 08:00:00+02:00,60634.70635278965,56918.1613
2026-07-20 08:15:00+02:00,61790.506747111285,58502.83394
2026-07-20 08:30:00+02:00,62217.04635537861,59319.1054
2026-07-20 08:45:00+02:00,62517.82374495023,59277.47222
2026-07-20 09:00:00+02:00,62406.6841005888,59244.51378
2026-07-20 09:15:00+02:00,62573.96960895992,60077.96856
2026-07-20 09:30:00+02:00,62481.112567102704,60507.75191
2026-07-20 09:45:00+02:00,62585.297505529445,60195.55318
2026-07-20 10:00:00+02:00,62405.32748472607,60072.70693
2026-07-20 10:15:00+02:00,62188.19853812562,59718.57098
2026-07-20 10:30:00+02:00,62379.98416842326,59147.07419
2026-07-20 10:45:00+02:00,62295.376298587085,59483.04909
2026-07-20 11:00:00+02:00,61979.72738635274,59419.42864
2026-07-20 11:15:00+02:00,61734.58369885788,59495.40103
2026-07-20 11:30:00+02:00,61048.610996579555,59759.90052
2026-07-20 11:45:00+02:00,61458.70352551169,59718.71927
2026-07-20 12:00:00+02:00,60338.9691965885,58525.41731
2026-07-20 12:15:00+02:00,60225.33822329352,58090.43152
2026-07-20 12:30:00+02:00,60009.0378584694,57560.32197
2026-07-20 12:45:00+02:00,59967.31624788325,57278.05097
2026-07-20 13:00:00+02:00,59534.24815620637,58258.32388
2026-07-20 13:15:00+02:00,59140.18022529842,58628.53756
2026-07-20 13:30:00+02:00,59012.539556057316,57006.13812
2026-07-20 13:45:00+02:00,58566.14845179694,57278.11566
2026-07-20 14:00:00+02:00,57806.271223549506,57304.99594
2026-07-20 14:15:00+02:00,57747.77527166619,57132.73846
2026-07-20 14:30:00+02:00,57648.94469099311,55883.18381
2026-07-20 14:45:00+02:00,56905.67977604677,55704.00048
2026-07-20 15:00:00+02:00,57366.52757061283,56601.55684
2026-07-20 15:15:00+02:00,56973.03835937693,56056.73371
2026-07-20 15:30:00+02:00,57006.424780883906,55336.93603
2026-07-20 15:45:00+02:00,57352.89868667474,54549.44925
2026-07-20 16:00:00+02:00,57673.8673513746,54956.21022
2026-07-20 16:15:00+02:00,57504.33033026931,54718.99608
2026-07-20 16:30:00+02:00,57748.589940429105,54075.09925
2026-07-20 16:45:00+02:00,57749.923461878476,54610.39216
2026-07-20 17:00:00+02:00,58162.769729599975,54278.8203
2026-07-20 17:15:00+02:00,57889.16271599752,54192.71259
2026-07-20 17:30:00+02:00,58653.27821346515,54522.84047
2026-07-20 17:45:00+02:00,58673.973998207395,54365.59414
2026-07-20 18:00:00+02:00,59355.746033643045,54231.51704
2026-07-20 18:15:00+02:00,59381.09724243968,54487.72915
2026-07-20 18:30:00+02:00,59569.258302588154,55307.44385
2026-07-20 18:45:00+02:00,59623.6234847563,55768.6348
2026-07-20 19:00:00+02:00,60119.88386289748,56103.68133
2026-07-20 19:15:00+02:00,59689.51273567736,55881.24891
2026-07-20 19:30:00+02:00,59555.38482813368,56152.69012
2026-07-20 19:45:00+02:00,59356.885124243774,55538.81502
2026-07-20 20:00:00+02:00,59000.512237104616,55650.04124
2026-07-20 20:15:00+02:00,58668.13400185416,55065.63562
2026-07-20 20:30:00+02:00,58387.729664185696,54395.78819
2026-07-20 20:45:00+02:00,57921.64361467583,53866.80984
2026-07-20 21:00:00+02:00,56960.810856198215,53325.14902
2026-07-20 21:15:00+02:00,56478.58414346112,52773.42908
2026-07-20 21:30:00+02:00,56694.03856836434,52466.46223
2026-07-20 21:45:00+02:00,56350.40225162905,52527.52337
2026-07-20 22:00:00+02:00,55581.61006947563,52031.31992
2026-07-20 22:15:00+02:00,54062.076102838546,51410.14096
2026-07-20 22:30:00+02:00,53593.97774189781,50303.58947
2026-07-20 22:45:00+02:00,53412.74377315264,49769.41827
2026-07-20 23:00:00+02:00,51060.93340588583,48542.2529
2026-07-20 23:15:00+02:00,50443.48041216353,48762.52917
2026-07-20 23:30:00+02:00,50250.031610580634,47894.19412
2026-07-20 23:45:00+02:00,49389.62544099139,47237.05415
2026-07-21 00:00:00+02:00,46750.788083192485,46038.60904
2026-07-21 00:15:00+02:00,46523.92767543761,45746.95764
2026-07-21 00:30:00+02:00,46174.16257111697,45410.70218
2026-07-21 00:45:00+02:00,45346.98531835072,45138.90438
2026-07-21 01:00:00+02:00,44845.936821142146,44614.1353
2026-07-21 01:15:00+02:00,44555.40618996329,44328.19209
2026-07-21 01:30:00+02:00,44419.64838491892,44001.97259
2026-07-21 01:45:00+02:00,44416.69036938479,43688.77819
2026-07-21 02:00:00+02:00,43550.28483943356,43505.10061
2026-07-21 02:15:00+02:00,43555.43990556645,43257.21771
2026-07-21 02:30:00+02:00,43555.43990556645,43353.90443
2026-07-21 02:45:00+02:00,43528.67625345664,43233.25475
2026-07-21 03:00:00+02:00,43510.02725171258,43240.49199
2026-07-21 03:15:00+02:00,43847.03870562516,43438.60692
2026-07-21 03:30:00+02:00,43548.54882306861,43439.19848
2026-07-21 03:45:00+02:00,43565.89581781681,43551.39016
2026-07-21 04:00:00+02:00,44030.58817705898,44001.41276
2026-07-21 04:15:00+02:00,44057.71641737015,44239.6011
2026-07-21 04:30:00+02:00,44803.90602167403,44636.92666
2026-07-21 04:45:00+02:00,45175.19445752139,45156.57176
2026-07-21 05:00:00+02:00,45430.856009066105,46393.17921
2026-07-21 05:15:00+02:00,45599.95501140971,46656.69992
2026-07-21 05:30:00+02:00,46492.938231965934,47156.51552
2026-07-21 05:45:00+02:00,47174.8346614551,48407.48516
2026-07-21 06:00:00+02:00,49600.48786319625,50781.80423
2026-07-21 06:15:00+02:00,51987.14720383343,52727.23245
2026-07-21 06:30:00+02:00,53008.12064085218,53803.23498
2026-07-21 06:45:00+02:00,54914.160866653714,54779.56036
2026-07-21 07:00:00+02:00,55754.82905319365,55871.06393
2026-07-21 07:15:00+02:00,56563.51073989492,57833.13946
2026-07-21 07:30:00+02:00,57494.08416109283,58428.77254
2026-07-21 07:45:00+02:00,58580.4810829135,59087.36719
2026-07-21 08:00:00+02:00,58039.14124418558,58573.40083
2026-07-21 08:15:00+02:00,59172.345133617004,59236.76566
2026-07-21 08:30:00+02:00,59993.736391840146,59386.96075
2026-07-21 08:45:00+02:00,59993.736391840146,59154.2726
2026-07-21 09:00:00+02:00,58998.276339741875,58199.56066
2026-07-21 09:15:00+02:00,59017.285391178564,58376.27845
2026-07-21 09:30:00+02:00,59148.79550576698,57874.40868
2026-07-21 09:45:00+02:00,58577.26110034957,57898.00697
2026-07-21 10:00:00+02:00,58352.56113512894,57464.11079
2026-07-21 10:15:00+02:00,58216.15838448518,57057.49468
2026-07-21 10:30:00+02:00,58474.24786190484,56810.05687
2026-07-21 10:45:00+02:00,58490.42790546959,57119.47182
2026-07-21 11:00:00+02:00,57369.716773794054,56821.82975
2026-07-21 11:15:00+02:00,57019.16047688033,56515.54074
2026-07-21 11:30:00+02:00,57103.05974689057,56706.73468
2026-07-21 11:45:00+02:00,57103.05974689057,56328.6077
2026-07-21 12:00:00+02:00,56607.03662180576,55671.42001
2026-07-21 12:15:00+02:00,56209.351851628715,55065.48814
2026-07-21 12:30:00+02:00,56011.83680684454,54868.24375
2026-07-21 12:45:00+02:00,56383.79124303733,55143.84407
2026-07-21 13:00:00+02:00,55827.216376859185,54965.47622
2026-07-21 13:15:00+02:00,55326.618939398824,54835.00424
2026-07-21 13:30:00+02:00,55178.9422786207,53682.57666
2026-07-21 13:45:00+02:00,54561.730733350625,53524.31389
2026-07-21 14:00:00+02:00,54576.872574478584,53125.40923
2026-07-21 14:15:00+02:00,54576.749709163145,52870.89773
2026-07-21 14:30:00+02:00,54302.356577030674,52851.56635
2026-07-21 14:45:00+02:00,54294.920429537844,52992.51413
2026-07-21 15:00:00+02:00,54215.19620269359,53107.98285
2026-07-21 15:15:00+02:00,54088.41851513646,52716.46687
2026-07-21 15:30:00+02:00,54293.04900631872,52541.32478
2026-07-21 15:45:00+02:00,54250.284028130416,52792.04431
2026-07-21 16:00:00+02:00,54215.42697076934,53468.38861
2026-07-21 16:15:00+02:00,54289.98414120255,53390.57103
2026-07-21 16:30:00+02:00,54607.43176470688,53174.93542
2026-07-21 16:45:00+02:00,54627.2374580561,53391.17774
2026-07-21 17:00:00+02:00,55049.22807357735,54094.22807
2026-07-21 17:15:00+02:00,55211.19456803055,54213.73745
2026-07-21 17:30:00+02:00,55807.29887214253,54454.59787
2026-07-21 17:45:00+02:00,56032.637496438445,54946.91258
2026-07-21 18:00:00+02:00,56725.29800064445,55161.67167
2026-07-21 18:15:00+02:00,57085.81129670248,55352.01071
2026-07-21 18:30:00+02:00,56592.307717505406,55771.39504
2026-07-21 18:45:00+02:00,56907.780631780486,56053.0078
2026-07-21 19:00:00+02:00,57288.697335261575,56149.45294
2026-07-21 19:15:00+02:00,56859.34755497242,55877.29725
2026-07-21 19:30:00+02:00,56618.77893709895,55796.6539
2026-07-21 19:45:00+02:00,56289.38117618988,55238.07931
2026-07-21 20:00:00+02:00,55750.899829381895,55428.92313
2026-07-21 20:15:00+02:00,55262.279885684846,54795.01984
2026-07-21 20:30:00+02:00,53859.49180074127,54079.36804
2026-07-21 20:45:00+02:00,53503.62685647512,53016.24039
2026-07-21 21:00:00+02:00,52799.700723454,52511.26371
2026-07-21 21:15:00+02:00,52074.340990148106,52465.72589
2026-07-21 21:30:00+02:00,51969.75238986981,52867.66528
2026-07-21 21:45:00+02:00,51527.7943376713,52605.23423
2026-07-21 22:00:00+02:00,50714.85315168711,50768.13058
2026-07-21 22:15:00+02:00,50657.65916448473,50068.05078
2026-07-21 22:30:00+02:00,49880.49480247108,49589.21191
2026-07-21 22:45:00+02:00,48533.46848924764,49240.36716
2026-07-21 23:00:00+02:00,47029.57694119284,48225.47021
2026-07-21 23:15:00+02:00,46915.97044348633,47464.99348
2026-07-21 23:30:00+02:00,46640.5659687035,46944.64291
2026-07-21 23:45:00+02:00,46440.823011089225,46739.6933
2026-07-22 00:00:00+02:00,45041.79566772706,46116.63932
2026-07-22 00:15:00+02:00,44954.86474744171,45743.76357
2026-07-22 00:30:00+02:00,44854.35546127209,45644.60695
2026-07-22 00:45:00+02:00,44569.379520266455,45338.92962
2026-07-22 01:00:00+02:00,43816.13992645195,44613.91907
2026-07-22 01:15:00+02:00,43766.09551762913,44457.488
2026-07-22 01:30:00+02:00,43427.8207813604,44269.1856
2026-07-22 01:45:00+02:00,43322.16473764093,44346.91317
2026-07-22 02:00:00+02:00,42976.35726651999,43866.22577
2026-07-22 02:15:00+02:00,42976.99623570628,43895.91475
2026-07-22 02:30:00+02:00,42797.67042295263,44110.83171
2026-07-22 02:45:00+02:00,42761.04484599071,44313.92102
2026-07-22 03:00:00+02:00,42768.421453256226,43828.91711
2026-07-22 03:15:00+02:00,42785.60398941901,43915.11564
2026-07-22 03:30:00+02:00,42785.60398941901,43834.64016
2026-07-22 03:45:00+02:00,43055.16443114313,44328.22965
2026-07-22 04:00:00+02:00,43802.037252272254,44240.97657
2026-07-22 04:15:00+02:00,43827.94276022723,44357.70715
2026-07-22 04:30:00+02:00,44068.94686931487,44747.87086
2026-07-22 04:45:00+02:00,44358.473093777626,45446.15745
2026-07-22 05:00:00+02:00,44858.50774167042,46410.2254
2026-07-22 05:15:00+02:00,45404.1133713043,46788.61448
2026-07-22 05:30:00+02:00,45845.745824355356,47381.46884
2026-07-22 05:45:00+02:00,46256.59071913053,48199.83595
2026-07-22 06:00:00+02:00,49725.726874045744,50714.62376
2026-07-22 06:15:00+02:00,51538.63506961669,52279.04737
2026-07-22 06:30:00+02:00,52915.82513420262,53465.37072
2026-07-22 06:45:00+02:00,53724.90058648707,54855.68083
2026-07-22 07:00:00+02:00,54211.18541508345,55757.06184
2026-07-22 07:15:00+02:00,55213.59032649768,56289.1025
2026-07-22 07:30:00+02:00,56221.13491810943,57886.21213
2026-07-22 07:45:00+02:00,56887.941914785144,58860.16584
2026-07-22 08:00:00+02:00,56953.14099010066,59813.1746
2026-07-22 08:15:00+02:00,57787.73134979759,60168.94393
2026-07-22 08:30:00+02:00,58543.88072229148,61189.53498
2026-07-22 08:45:00+02:00,59316.84989919579,60657.0716
2026-07-22 09:00:00+02:00,58086.02851282654,59754.16366
2026-07-22 09:15:00+02:00,58340.118748807996,59888.97212
2026-07-22 09:30:00+02:00,58485.66897114294,60241.03793
2026-07-22 09:45:00+02:00,58111.79340788402,60292.46377
2026-07-22 10:00:00+02:00,58000.97321403802,60222.33609
2026-07-22 10:15:00+02:00,58068.7936287048,60748.65944
2026-07-22 10:30:00+02:00,58082.85044074611,61140.97092
2026-07-22 10:45:00+02:00,58124.37322451234,60851.31313
2026-07-22 11:00:00+02:00,58636.64922429838,60491.69585
2026-07-22 11:15:00+02:00,58755.84885227394,60966.77457
2026-07-22 11:30:00+02:00,58744.52822761211,60909.69853
2026-07-22 11:45:00+02:00,58663.09157828704,61133.46675
2026-07-22 12:00:00+02:00,58508.076596585604,60849.91835
2026-07-22 12:15:00+02:00,57933.66632237344,60856.83219
2026-07-22 12:30:00+02:00,57892.69931302896,60793.80996
2026-07-22 12:45:00+02:00,57797.05840727091,60895.90991
2026-07-22 13:00:00+02:00,58173.40058448377,60178.89709
2026-07-22 13:15:00+02:00,58001.94566859986,60452.18121
2026-07-22 13:30:00+02:00,56868.50098861271,59220.11814
2026-07-22 13:45:00+02:00,56797.957650180535,58177.69944
2026-07-22 14:00:00+02:00,57751.32567167544,58019.41178
2026-07-22 14:15:00+02:00,57402.52442539914,57617.35311
2026-07-22 14:30:00+02:00,57113.51476120413,58296.40733
2026-07-22 14:45:00+02:00,57269.42339543929,57060.55134
2026-07-22 15:00:00+02:00,56888.4314584172,56493.38377
2026-07-22 15:15:00+02:00,56969.39340642998,55482.80304
2026-07-22 15:30:00+02:00,57073.89468290246,55077.23925
2026-07-22 15:45:00+02:00,56907.333811276054,54798.26602
2026-07-22 16:00:00+02:00,56665.411045456654,55015.97162
2026-07-22 16:15:00+02:00,56584.77576531279,55181.52073
2026-07-22 16:30:00+02:00,56385.86605911265,55124.99819
2026-07-22 16:45:00+02:00,56450.34325930496,55401.31284
2026-07-22 17:00:00+02:00,56987.834164930275,55918.96225
2026-07-22 17:15:00+02:00,57003.34455908203,55966.21248
2026-07-22 17:30:00+02:00,56973.67209655107,56322.41219
2026-07-22 17:45:00+02:00,57079.78135191709,56515.06292
2026-07-22 18:00:00+02:00,57390.79094606685,57068.40233
2026-07-22 18:15:00+02:00,57140.66676081648,56480.4686
2026-07-22 18:30:00+02:00,57301.70438104712,56937.31007
2026-07-22 18:45:00+02:00,57460.04539346579,56724.61922
2026-07-22 19:00:00+02:00,57017.06103932594,57506.06674
2026-07-22 19:15:00+02:00,56907.90859797071,56769.13779
2026-07-22 19:30:00+02:00,56535.18829007596,56283.24199
2026-07-22 19:45:00+02:00,56008.94830122796,56323.90504
2026-07-22 20:00:00+02:00,55360.8691598505,56271.28587
2026-07-22 20:15:00+02:00,54593.05155891062,54928.05897
2026-07-22 20:30:00+02:00,53931.770472708544,54666.6634
2026-07-22 20:45:00+02:00,53189.860875450264,54165.55836
2026-07-22 21:00:00+02:00,52846.326394783355,53997.15469
2026-07-22 21:15:00+02:00,52507.55206702057,53600.28257
2026-07-22 21:30:00+02:00,52388.70234120998,53192.63566
2026-07-22 21:45:00+02:00,52320.30808613586,53086.40486
2026-07-22 22:00:00+02:00,51888.30547747689,52246.27296
2026-07-22 22:15:00+02:00,50782.60456667069,51681.91651
2026-07-22 22:30:00+02:00,50265.070055859695,51388.07331
2026-07-22 22:45:00+02:00,49704.373213051964,50532.70942
2026-07-22 23:00:00+02:00,48135.42885864762,49038.11903
2026-07-22 23:15:00+02:00,48085.22216429877,48557.67085
2026-07-22 23:30:00+02:00,46999.764735118755,48317.49397
2026-07-22 23:45:00+02:00,46491.01288671903,47426.47791
2026-07-23 00:00:00+02:00,46487.549066314656,46809.33447
2026-07-23 00:15:00+02:00,46410.18295905415,46767.58683
2026-07-23 00:30:00+02:00,46191.097366890084,46514.84825
2026-07-23 00:45:00+02:00,46168.460815515326,46034.69212
2026-07-23 01:00:00+02:00,45625.796046791984,44986.32204
2026-07-23 01:15:00+02:00,45569.986539173544,45099.67213
2026-07-23 01:30:00+02:00,45305.7852858347,44994.4831
2026-07-23 01:45:00+02:00,45039.16910470949,44590.0707
2026-07-23 02:00:00+02:00,44874.72835389781,43610.99957
2026-07-23 02:15:00+02:00,44731.285456196885,43392.75419
2026-07-23 02:30:00+02:00,44828.260451560986,43252.30857
2026-07-23 02:45:00+02:00,44906.75542088812,43523.33341
2026-07-23 03:00:00+02:00,44776.897005976985,43186.48307
2026-07-23 03:15:00+02:00,44774.8240759094,42991.99424
2026-07-23 03:30:00+02:00,44774.8240759094,42874.22297
2026-07-23 03:45:00+02:00,44837.004600262895,42713.1215
2026-07-23 04:00:00+02:00,45148.97237460948,42951.32918
2026-07-23 04:15:00+02:00,45470.16514335401,43480.35165
2026-07-23 04:30:00+02:00,45712.61498648292,43989.80652
2026-07-23 04:45:00+02:00,45985.86977528548,44146.32119
2026-07-23 05:00:00+02:00,46352.43547083314,45265.00769
2026-07-23 05:15:00+02:00,46804.836229539585,46390.30413
2026-07-23 05:30:00+02:00,47179.668073028144,47482.72794
2026-07-23 05:45:00+02:00,48470.33863654688,48113.08598
2026-07-23 06:00:00+02:00,51592.95208929517,50027.29815
2026-07-23 06:15:00+02:00,53112.988978201196,51608.63352
2026-07-23 06:30:00+02:00,55281.6615514688,52726.67919
2026-07-23 06:45:00+02:00,55962.1066768527,54114.02264
2026-07-23 07:00:00+02:00,57021.17136238738,55520.52445
2026-07-23 07:15:00+02:00,57808.47754580197,56543.69309
2026-07-23 07:30:00+02:00,58578.73387764025,57414.94102
2026-07-23 07:45:00+02:00,59632.81824526412,58273.39784
2026-07-23 08:00:00+02:00,59566.85990893342,58563.66806
2026-07-23 08:15:00+02:00,60319.832526902195,59090.02971
2026-07-23 08:30:00+02:00,60813.89963160972,59972.41739
2026-07-23 08:45:00+02:00,60523.257408905905,59988.93625
2026-07-23 09:00:00+02:00,59759.09006472603,60287.18285
2026-07-23 09:15:00+02:00,59859.646096534285,60720.32863
2026-07-23 09:30:00+02:00,60005.44603697193,61021.57753
2026-07-23 09:45:00+02:00,60002.21245452373,60632.55178
2026-07-23 10:00:00+02:00,59360.825058421375,61028.20808
2026-07-23 10:15:00+02:00,59468.12531175264,61232.5581
2026-07-23 10:30:00+02:00,59430.09810549208,61514.93028
2026-07-23 10:45:00+02:00,59369.56276198381,61268.6744
2026-07-23 11:00:00+02:00,59540.377305831156,60976.3485
2026-07-23 11:15:00+02:00,59369.15770712925,60760.87886
2026-07-23 11:30:00+02:00,59153.39319015642,60873.36961
2026-07-23 11:45:00+02:00,59046.724719999125,60100.67896
2026-07-23 12:00:00+02:00,57838.19567277838,59576.98598
2026-07-23 12:15:00+02:00,57573.37178430997,59193.49619
2026-07-23 12:30:00+02:00,57468.64419826117,59259.65998
2026-07-23 12:45:00+02:00,57120.16384507549,58028.81347
2026-07-23 13:00:00+02:00,57222.38226042293,56573.91376
2026-07-23 13:15:00+02:00,56986.565103437635,57303.28581
2026-07-23 13:30:00+02:00,56400.91856563734,56838.71273
2026-07-23 13:45:00+02:00,55845.2611596654,56013.95693
2026-07-23 14:00:00+02:00,56122.60311132502,55845.98384
2026-07-23 14:15:00+02:00,55289.33003003191,55610.70272
2026-07-23 14:30:00+02:00,55019.24939097952,54928.8315
2026-07-23 14:45:00+02:00,54627.01916602992,54389.67196
2026-07-23 15:00:00+02:00,55322.53056717803,54306.66466
2026-07-23 15:15:00+02:00,54953.517456232024,53300.76055
2026-07-23 15:30:00+02:00,54468.37068841706,53036.83645
2026-07-23 15:45:00+02:00,54804.279428549125,52705.34558
2026-07-23 16:00:00+02:00,55017.44927029227,53354.1125
2026-07-23 16:15:00+02:00,55039.11596492107,52671.54329
2026-07-23 16:30:00+02:00,54965.12488500053,52427.69035
2026-07-23 16:45:00+02:00,54805.572826534444,52408.14891
2026-07-23 17:00:00+02:00,55388.01603365229,52288.53865
2026-07-23 17:15:00+02:00,55421.63327034324,52450.31823
2026-07-23 17:30:00+02:00,55417.40936047731,53496.64464
2026-07-23 17:45:00+02:00,55815.78501895886,53872.44673
2026-07-23 18:00:00+02:00,56495.02842991975,55409.97087
2026-07-23 18:15:00+02:00,56290.782419826304,55372.6445
2026-07-23 18:30:00+02:00,56598.0924874458,55984.2568
2026-07-23 18:45:00+02:00,56619.94313023778,56639.22656
2026-07-23 19:00:00+02:00,57439.218606643015,57510.96342
2026-07-23 19:15:00+02:00,57192.27069913826,57425.38244
2026-07-23 19:30:00+02:00,56820.70678359218,57250.72249
2026-07-23 19:45:00+02:00,56488.18636172664,56976.73733
2026-07-23 20:00:00+02:00,56266.92632774907,56557.23912
2026-07-23 20:15:00+02:00,55750.54320078918,55933.04712
2026-07-23 20:30:00+02:00,54926.43656978699,55237.20336
2026-07-23 20:45:00+02:00,53965.92338610714,54755.64097
2026-07-23 21:00:00+02:00,52699.88072552276,53974.74245
2026-07-23 21:15:00+02:00,52276.86047882503,54164.17916
2026-07-23 21:30:00+02:00,52278.51750731998,54302.45593
2026-07-23 21:45:00+02:00,52046.626485216024,53859.91145
2026-07-23 22:00:00+02:00,50704.67023147859,52381.96817
2026-07-23 22:15:00+02:00,50127.6754153665,52318.74368
2026-07-23 22:30:00+02:00,49323.00485575868,51868.17128
2026-07-23 22:45:00+02:00,48953.884298833786,50654.27364
2026-07-23 23:00:00+02:00,48076.37179148053,49376.45223
2026-07-23 23:15:00+02:00,47273.147107665856,49294.77011
2026-07-23 23:30:00+02:00,46966.25038738073,48837.30615
2026-07-23 23:45:00+02:00,46936.47395868589,48149.44875
2026-07-24 00:00:00+02:00,46330.94364090635,47373.51265
2026-07-24 00:15:00+02:00,46045.56189417011,46845.84864
2026-07-24 00:30:00+02:00,45918.95720257635,46724.58979
2026-07-24 00:45:00+02:00,45618.27930504618,46371.48315
2026-07-24 01:00:00+02:00,45109.78841964653,45768.79078
2026-07-24 01:15:00+02:00,44954.33287996053,45492.80595
2026-07-24 01:30:00+02:00,44763.44398482984,44864.88011
2026-07-24 01:45:00+02:00,44671.449731402216,44563.25816
2026-07-24 02:00:00+02:00,44673.81071993659,44449.35141
2026-07-24 02:15:00+02:00,44651.76991297658,44564.23238
2026-07-24 02:30:00+02:00,44594.304007601924,44386.08107
2026-07-24 02:45:00+02:00,44454.349115967736,44715.24589
2026-07-24 03:00:00+02:00,44709.70960876128,44746.61837
2026-07-24 03:15:00+02:00,44747.723878559314,44557.63686
2026-07-24 03:30:00+02:00,44976.82134129566,44498.88459
2026-07-24 03:45:00+02:00,45015.11652921579,45020.4127
2026-07-24 04:00:00+02:00,45352.9147937724,45509.75622
2026-07-24 04:15:00+02:00,45335.3276829363,45615.72216
2026-07-24 04:30:00+02:00,45627.001741529086,45621.11624
2026-07-24 04:45:00+02:00,45716.93876434402,46170.63804
2026-07-24 05:00:00+02:00,46154.482807351495,47415.50643
2026-07-24 05:15:00+02:00,46558.266089909404,47563.55803
2026-07-24 05:30:00+02:00,47238.018747322385,48115.91179
2026-07-24 05:45:00+02:00,47717.281071712285,49304.7148
2026-07-24 06:00:00+02:00,49804.9401909388,51522.71746
2026-07-24 06:15:00+02:00,50856.717773928605,52963.3345
2026-07-24 06:30:00+02:00,52905.34910512851,53835.96599
2026-07-24 06:45:00+02:00,54348.08566280311,54871.80032
2026-07-24 07:00:00+02:00,55346.726876767694,56349.81801
2026-07-24 07:15:00+02:00,57013.67176970618,57420.23715
2026-07-24 07:30:00+02:00,57845.4379361251,58784.81718
2026-07-24 07:45:00+02:00,58404.22646067515,59691.49778
2026-07-24 08:00:00+02:00,58496.601160027116,59944.94189
2026-07-24 08:15:00+02:00,58885.157543094676,60281.01163
2026-07-24 08:30:00+02:00,59894.45476320208,61212.57658
2026-07-24 08:45:00+02:00,59759.80391218025,61404.06223
2026-07-24 09:00:00+02:00,58576.54896359454,59606.65989
2026-07-24 09:15:00+02:00,59356.669328163356,59800.189
2026-07-24 09:30:00+02:00,59467.71738299883,59648.23701
2026-07-24 09:45:00+02:00,59466.973000145335,58876.83884
2026-07-24 10:00:00+02:00,58907.63027971966,58852.55733
2026-07-24 10:15:00+02:00,58837.52829490046,58544.20371
2026-07-24 10:30:00+02:00,58916.3654593823,58239.01943
2026-07-24 10:45:00+02:00,58843.611164845744,58125.05209
2026-07-24 11:00:00+02:00,58259.12013997671,57754.78264
2026-07-24 11:15:00+02:00,57487.80639864093,57390.62203
2026-07-24 11:30:00+02:00,57400.31379697882,57532.91575
2026-07-24 11:45:00+02:00,57400.31379697882,56927.36911
2026-07-24 12:00:00+02:00,56787.00475551295,56399.90833
2026-07-24 12:15:00+02:00,56624.72855285716,56803.3485
2026-07-24 12:30:00+02:00,56350.348086314574,56578.76496
2026-07-24 12:45:00+02:00,56343.17500432189,56496.46763
2026-07-24 13:00:00+02:00,56192.42467839152,55227.67925
2026-07-24 13:15:00+02:00,55699.28372559039,54490.68927
2026-07-24 13:30:00+02:00,55448.87043147441,54546.0856
2026-07-24 13:45:00+02:00,54676.37702965968,54262.0459
2026-07-24 14:00:00+02:00,54388.066332725415,53116.08718
2026-07-24 14:15:00+02:00,53923.085135458416,52712.69021
2026-07-24 14:30:00+02:00,53911.866286529104,52344.02785
2026-07-24 14:45:00+02:00,53208.46237308799,52196.34326
2026-07-24 15:00:00+02:00,53161.74660632824,52404.6563
2026-07-24 15:15:00+02:00,52976.32606690788,51987.62575
2026-07-24 15:30:00+02:00,53596.47327886322,51361.47154
2026-07-24 15:45:00+02:00,53924.633770330634,51185.27566
2026-07-24 16:00:00+02:00,53909.76669858819,51710.47429
2026-07-24 16:15:00+02:00,53922.14720883366,51422.13191
2026-07-24 16:30:00+02:00,53745.65411359555,52048.53607
2026-07-24 16:45:00+02:00,53752.49097251906,52045.43487
2026-07-24 17:00:00+02:00,54002.5621408582,52514.40877
2026-07-24 17:15:00+02:00,54053.2234207052,52250.30286
2026-07-24 17:30:00+02:00,54656.24806889247,53314.55295
2026-07-24 17:45:00+02:00,54859.27262652994,53897.27407
2026-07-24 18:00:00+02:00,55472.327547195564,54624.41608
2026-07-24 18:15:00+02:00,55498.90957907744,54447.62513
2026-07-24 18:30:00+02:00,55920.01041797617,55241.52876
2026-07-24 18:45:00+02:00,56159.20021856267,55574.17869
2026-07-24 19:00:00+02:00,56081.13484874801,56736.93524
2026-07-24 19:15:00+02:00,55730.33349057327,55841.58758
2026-07-24 19:30:00+02:00,55575.67883836893,55742.32246
2026-07-24 19:45:00+02:00,54451.99384985224,55239.09612
2026-07-24 20:00:00+02:00,54036.86351288793,55090.44113
2026-07-24 20:15:00+02:00,53408.063119599705,54326.31194
2026-07-24 20:30:00+02:00,52545.08755615684,53569.33784
2026-07-24 20:45:00+02:00,51755.68883631512,52943.04855
2026-07-24 21:00:00+02:00,50577.82662152281,52018.00785
2026-07-24 21:15:00+02:00,49867.53277535421,52243.83581
2026-07-24 21:30:00+02:00,49769.82303982726,51839.38897
2026-07-24 21:45:00+02:00,49711.35758203213,51951.26566
2026-07-24 22:00:00+02:00,48824.48599678794,50125.84096
2026-07-24 22:15:00+02:00,48683.33308211251,50092.94998
2026-07-24 22:30:00+02:00,48460.80159263317,49564.28874
2026-07-24 22:45:00+02:00,48381.45552827578,49118.68352
2026-07-24 23:00:00+02:00,47106.656436508194,47492.58269
2026-07-24 23:15:00+02:00,46818.3520895789,47182.76695
2026-07-24 23:30:00+02:00,46605.76704999712,46640.09821
2026-07-24 23:45:00+02:00,46543.768551705456,45806.83839
2026-07-25 00:00:00+02:00,44632.00364446354,45130.79754
2026-07-25 00:15:00+02:00,44573.18530655809,45124.23603
2026-07-25 00:30:00+02:00,44477.99445460686,44981.47441
2026-07-25 00:45:00+02:00,44327.81969242201,44754.91678
2026-07-25 01:00:00+02:00,43731.042941545435,43887.22162
2026-07-25 01:15:00+02:00,42998.389999475425,43547.18982
2026-07-25 01:30:00+02:00,42833.170951974236,43111.31001
2026-07-25 01:45:00+02:00,42924.35022879554,42454.89959
2026-07-25 02:00:00+02:00,42340.021337152786,42195.27466
2026-07-25 02:15:00+02:00,42352.89297333757,42178.05347
2026-07-25 02:30:00+02:00,42500.63665164288,42280.17025
2026-07-25 02:45:00+02:00,42345.132809931216,42556.62979
2026-07-25 03:00:00+02:00,42177.933000661375,42075.1645
2026-07-25 03:15:00+02:00,42333.43684237304,41975.24443
2026-07-25 03:30:00+02:00,42124.513287197115,41907.19015
2026-07-25 03:45:00+02:00,42294.84608196222,41998.2829
2026-07-25 04:00:00+02:00,41840.76568765192,41543.43832
2026-07-25 04:15:00+02:00,41745.50548340677,41331.73121
2026-07-25 04:30:00+02:00,41878.18463456711,41295.7669
2026-07-25 04:45:00+02:00,42402.92379194087,41436.06392
2026-07-25 05:00:00+02:00,42423.68703773065,41851.64945
2026-07-25 05:15:00+02:00,42408.62640887662,41676.45239
2026-07-25 05:30:00+02:00,42158.63595640006,41402.81089
2026-07-25 05:45:00+02:00,42539.097976109886,41528.97051
2026-07-25 06:00:00+02:00,43430.30985626213,42344.03386
2026-07-25 06:15:00+02:00,43869.18867667694,42541.3736
2026-07-25 06:30:00+02:00,43956.661120893055,43093.12877
2026-07-25 06:45:00+02:00,43961.38756931376,43732.53924
2026-07-25 07:00:00+02:00,44247.992850898976,44064.37742
2026-07-25 07:15:00+02:00,45354.49992595365,44899.94572
2026-07-25 07:30:00+02:00,46270.756572070815,45313.65239
2026-07-25 07:45:00+02:00,46546.52024270117,46287.13439
2026-07-25 08:00:00+02:00,46284.613785095105,45692.45975
2026-07-25 08:15:00+02:00,47231.32914884507,46399.1571
2026-07-25 08:30:00+02:00,47626.87495532754,46868.50063
2026-07-25 08:45:00+02:00,48210.15408579563,47552.98265
2026-07-25 09:00:00+02:00,48296.31624098604,47345.25974
2026-07-25 09:15:00+02:00,48296.31624098604,47332.79155
2026-07-25 09:30:00+02:00,48283.795904544335,47268.50254
2026-07-25 09:45:00+02:00,48329.215095373394,47447.54517
2026-07-25 10:00:00+02:00,48713.74892605117,47938.8626
2026-07-25 10:15:00+02:00,48693.806704912975,48261.74779
2026-07-25 10:30:00+02:00,48636.64072182222,48187.47132
2026-07-25 10:45:00+02:00,48604.07469194836,48053.04606
2026-07-25 11:00:00+02:00,47923.378644893804,48022.90483
2026-07-25 11:15:00+02:00,47923.378644893804,48001.28352
2026-07-25 11:30:00+02:00,47795.791400879454,47851.80505
2026-07-25 11:45:00+02:00,47982.323189764946,47534.37454
2026-07-25 12:00:00+02:00,47914.75745633188,47182.03632
2026-07-25 12:15:00+02:00,47619.294935501995,46715.3932
2026-07-25 12:30:00+02:00,47602.9606897702,46428.34875
2026-07-25 12:45:00+02:00,47227.831282453684,46424.07062
2026-07-25 13:00:00+02:00,46671.71490102169,46137.39038
2026-07-25 13:15:00+02:00,46578.89933475347,45872.21847
2026-07-25 13:30:00+02:00,46399.46966238928,46115.16002
2026-07-25 13:45:00+02:00,45706.58787514944,45850.07609
2026-07-25 14:00:00+02:00,45713.9783787433,45599.19563
2026-07-25 14:15:00+02:00,45362.08055239466,44929.45171
2026-07-25 14:30:00+02:00,45037.86701174703,44705.15905
2026-07-25 14:45:00+02:00,45002.62793146256,45018.67031
2026-07-25 15:00:00+02:00,45220.03021586423,44562.73225
2026-07-25 15:15:00+02:00,45188.01959433936,44862.17817
2026-07-25 15:30:00+02:00,44929.79936180562,45004.51318
2026-07-25 15:45:00+02:00,45048.38031497773,44614.91337
2026-07-25 16:00:00+02:00,44902.591301533925,45125.56203
2026-07-25 16:15:00+02:00,44958.17053499398,44908.39617
2026-07-25 16:30:00+02:00,44856.09947085062,44784.34437
2026-07-25 16:45:00+02:00,44913.73311454125,45358.88157
2026-07-25 17:00:00+02:00,45892.36889168799,45189.97146
2026-07-25 17:15:00+02:00,45993.59841189111,45465.57253
2026-07-25 17:30:00+02:00,46288.903574460004,45910.92751
2026-07-25 17:45:00+02:00,46488.15557663109,46077.47831
2026-07-25 18:00:00+02:00,47345.726890270635,46791.53706
2026-07-25 18:15:00+02:00,47381.0554894598,47379.99215
2026-07-25 18:30:00+02:00,47419.79035308316,47969.40007
2026-07-25 18:45:00+02:00,47735.5572384984,48276.80604
2026-07-25 19:00:00+02:00,48377.038266206146,48840.91695
2026-07-25 19:15:00+02:00,48368.13991282834,48468.0674
2026-07-25 19:30:00+02:00,48302.78477520445,48612.86468
2026-07-25 19:45:00+02:00,48199.935978867245,48812.84851
2026-07-25 20:00:00+02:00,48094.11164142262,49250.18937
2026-07-25 20:15:00+02:00,47451.05731356508,48247.29356
2026-07-25 20:30:00+02:00,46926.51647969953,47735.50886
2026-07-25 20:45:00+02:00,46804.82934737972,46930.82384
2026-07-25 21:00:00+02:00,46469.614572286875,45454.66113
2026-07-25 21:15:00+02:00,46265.71049877203,45613.3252
2026-07-25 21:30:00+02:00,46357.13213720439,45527.09272
2026-07-25 21:45:00+02:00,46469.98843578003,45607.84778
2026-07-25 22:00:00+02:00,45692.77721411229,44960.24478
2026-07-25 22:15:00+02:00,45605.36648587609,44758.93772
2026-07-25 22:30:00+02:00,45106.940663219924,44313.42656
2026-07-25 22:45:00+02:00,44876.11898638444,44160.5568
2026-07-25 23:00:00+02:00,44198.85041291875,43198.28021
2026-07-25 23:15:00+02:00,44248.01400618642,43090.22953
2026-07-25 23:30:00+02:00,43735.70686804643,42794.37812
2026-07-25 23:45:00+02:00,42947.20774965544,42183.21716
2026-07-26 00:00:00+02:00,39446.14038204019,42026.38749
2026-07-26 00:15:00+02:00,39207.08584928589,41771.48977
2026-07-26 00:30:00+02:00,39068.32990936454,40784.11408
2026-07-26 00:45:00+02:00,38909.202669885606,40201.58637
2026-07-26 01:00:00+02:00,38435.21350516783,39891.03807
2026-07-26 01:15:00+02:00,38358.72897022838,39634.25719
2026-07-26 01:30:00+02:00,38066.67135629925,39468.14247
2026-07-26 01:45:00+02:00,38045.72352310951,39041.02394
2026-07-26 02:00:00+02:00,38127.531231523906,39215.76891
2026-07-26 02:15:00+02:00,37888.74208292446,38909.02467
2026-07-26 02:30:00+02:00,37831.662345131495,38641.77827
2026-07-26 02:45:00+02:00,37681.44684594252,38182.03441
2026-07-26 03:00:00+02:00,37331.0670144655,38589.88531
2026-07-26 03:15:00+02:00,37331.0670144655,38421.99203
2026-07-26 03:30:00+02:00,37304.17429163552,38117.05947
2026-07-26 03:45:00+02:00,37270.42987962612,37990.52243
2026-07-26 04:00:00+02:00,37174.74187915199,38033.52298
2026-07-26 04:15:00+02:00,37181.44443381311,37784.00458
2026-07-26 04:30:00+02:00,37112.51593152309,37738.74293
2026-07-26 04:45:00+02:00,37203.33039212852,37741.51691
2026-07-26 05:00:00+02:00,37131.37184525338,37915.94864
2026-07-26 05:15:00+02:00,37209.239022769376,37727.52819
2026-07-26 05:30:00+02:00,37231.07413470758,37603.02425
2026-07-26 05:45:00+02:00,37304.333138145914,37627.46522
2026-07-26 06:00:00+02:00,37571.2934370439,38284.00971
2026-07-26 06:15:00+02:00,37627.55663180482,38682.24683
2026-07-26 06:30:00+02:00,37695.31366698291,38990.56012
2026-07-26 06:45:00+02:00,37830.8941475089,39332.39221
2026-07-26 07:00:00+02:00,38367.56345073103,39507.62592
2026-07-26 07:15:00+02:00,38928.005253330535,39795.58521
2026-07-26 07:30:00+02:00,39906.46522659147,40399.11404
2026-07-26 07:45:00+02:00,40749.61739361071,40822.61468
2026-07-26 08:00:00+02:00,41342.54781761454,41811.52917
2026-07-26 08:15:00+02:00,42098.050548605715,42886.75414
2026-07-26 08:30:00+02:00,42803.035155455815,43298.97901
2026-07-26 08:45:00+02:00,42830.12991823556,44061.42263
2026-07-26 09:00:00+02:00,42775.64705083819,43180.63923
2026-07-26 09:15:00+02:00,43437.34696950345,43801.60248
2026-07-26 09:30:00+02:00,43503.36708146017,43694.31178
2026-07-26 09:45:00+02:00,43919.198896135844,43508.65925
2026-07-26 10:00:00+02:00,44298.9721728183,44334.00057
2026-07-26 10:15:00+02:00,44479.9103529963,44352.06591
2026-07-26 10:30:00+02:00,44884.24442430663,44484.58592
2026-07-26 10:45:00+02:00,44930.818558571416,44611.27813
2026-07-26 11:00:00+02:00,45127.7612038238,45558.42768
2026-07-26 11:15:00+02:00,45570.773653478594,46149.9912
2026-07-26 11:30:00+02:00,46006.770377936155,46894.80733
2026-07-26 11:45:00+02:00,45711.897683970754,46774.20399
2026-07-26 12:00:00+02:00,45767.352054480776,46077.77866
2026-07-26 12:15:00+02:00,45562.56959584206,47169.53278
2026-07-26 12:30:00+02:00,45263.0302354005,47284.92145
2026-07-26 12:45:00+02:00,45060.06221971079,47263.67929
2026-07-26 13:00:00+02:00,44885.00375882504,45819.52595
2026-07-26 13:15:00+02:00,44492.5023867223,45371.48935
2026-07-26 13:30:00+02:00,44102.02174368256,45660.76387
2026-07-26 13:45:00+02:00,43539.61719240158,45835.73759
2026-07-26 14:00:00+02:00,43147.212586755864,46303.2854
2026-07-26 14:15:00+02:00,43073.94684522269,46455.36246
2026-07-26 14:30:00+02:00,41987.95578662941,46172.87821
2026-07-26 14:45:00+02:00,41621.16456277073,45218.26366
2026-07-26 15:00:00+02:00,41745.18635355662,45338.94237
2026-07-26 15:15:00+02:00,41669.290102846106,45338.06208
2026-07-26 15:30:00+02:00,41585.74551194249,45249.91965
2026-07-26 15:45:00+02:00,41638.52512036067,44958.8475
2026-07-26 16:00:00+02:00,41676.57419584967,45059.10107
2026-07-26 16:15:00+02:00,41680.19662107768,44341.04431
2026-07-26 16:30:00+02:00,42233.907844169815,44574.31035
2026-07-26 16:45:00+02:00,42318.450303475816,45133.69523
2026-07-26 17:00:00+02:00,42858.14616093584,46393.05386
2026-07-26 17:15:00+02:00,43708.716974240364,47099.66388
2026-07-26 17:30:00+02:00,44210.89369075508,47123.15816
2026-07-26 17:45:00+02:00,44415.7342238131,47734.99333
2026-07-26 18:00:00+02:00,45173.99975951563,48378.04026
2026-07-26 18:15:00+02:00,45387.87723578553,47962.95416
2026-07-26 18:30:00+02:00,45627.4895905437,48022.32233
2026-07-26 18:45:00+02:00,45664.27071124083,47451.21459
2026-07-26 19:00:00+02:00,45883.32714797959,47682.57062
2026-07-26 19:15:00+02:00,45572.40584761481,47570.19607
2026-07-26 19:30:00+02:00,45738.69680427963,47904.67655
2026-07-26 19:45:00+02:00,46327.24980589103,47592.62266
2026-07-26 20:00:00+02:00,46214.68810613384,47347.14276
2026-07-26 20:15:00+02:00,46157.406840388365,46713.50253
2026-07-26 20:30:00+02:00,45843.97424878304,46803.48496
2026-07-26 20:45:00+02:00,45435.57876379024,45710.59317
2026-07-26 21:00:00+02:00,45351.6450145514,45346.78433
2026-07-26 21:15:00+02:00,44992.93169757196,46170.09639
2026-07-26 21:30:00+02:00,45536.10031083399,45948.20756
2026-07-26 21:45:00+02:00,45795.62775508832,45613.95088
2026-07-26 22:00:00+02:00,45718.89378385923,44926.55929
2026-07-26 22:15:00+02:00,46081.71649578952,44890.52674
2026-07-26 22:30:00+02:00,45953.99085408575,44130.4056
2026-07-26 22:45:00+02:00,44907.12461479733,43691.8077
2026-07-26 23:00:00+02:00,43978.17436073438,43490.05626
2026-07-26 23:15:00+02:00,43759.57006115751,43282.25217
2026-07-26 23:30:00+02:00,43166.80695087386,42500.00135
2026-07-26 23:45:00+02:00,43008.59012235285,41952.10364
2026-07-27 00:00:00+02:00,43314.59465452852,41251.38096
2026-07-27 00:15:00+02:00,43276.82476245785,41213.63948
2026-07-27 00:30:00+02:00,43205.96849498712,41201.98721
2026-07-27 00:45:00+02:00,42809.21424583026,41104.50425
2026-07-27 01:00:00+02:00,42542.6188094503,39908.83409
2026-07-27 01:15:00+02:00,42449.0208535243,39778.25952
2026-07-27 01:30:00+02:00,42343.423566369755,39228.0532
2026-07-27 01:45:00+02:00,42097.83971456514,38977.45871
2026-07-27 02:00:00+02:00,42000.31740168068,38162.98272
2026-07-27 02:15:00+02:00,41965.55123565198,38225.87129
2026-07-27 02:30:00+02:00,41965.55123565198,38825.93339
2026-07-27 02:45:00+02:00,41826.939596291966,39217.26816
2026-07-27 03:00:00+02:00,41717.77974180652,39191.15825
2026-07-27 03:15:00+02:00,41743.674531064,38629.53909
2026-07-27 03:30:00+02:00,41660.90175356219,38790.48602
2026-07-27 03:45:00+02:00,41973.16420304337,38646.61928
2026-07-27 04:00:00+02:00,42443.89100865935,38894.39628
2026-07-27 04:15:00+02:00,42238.68696517398,39332.63006
2026-07-27 04:30:00+02:00,42621.75331674307,39275.60303
2026-07-27 04:45:00+02:00,42679.32215211052,39778.92613
2026-07-27 05:00:00+02:00,43427.67657560205,41678.71549
2026-07-27 05:15:00+02:00,44203.43881880805,42615.74997
2026-07-27 05:30:00+02:00,44491.66859596536,43743.52401
2026-07-27 05:45:00+02:00,45937.56281723132,45064.8028
2026-07-27 06:00:00+02:00,48843.28661582018,46855.46249
2026-07-27 06:15:00+02:00,49593.9008296634,48885.78963
2026-07-27 06:30:00+02:00,51478.55899534655,50041.70237
2026-07-27 06:45:00+02:00,52606.96005237151,51006.73964
2026-07-27 07:00:00+02:00,54290.307517946356,51870.944
2026-07-27 07:15:00+02:00,55045.01889814534,52549.25932
2026-07-27 07:30:00+02:00,56039.00606224803,54069.7953
2026-07-27 07:45:00+02:00,57115.53802733054,55171.94283
2026-07-27 08:00:00+02:00,57345.66309324012,55539.74668
2026-07-27 08:15:00+02:00,58759.87517799973,56429.6808
2026-07-27 08:30:00+02:00,59636.80852893045,57764.18504
2026-07-27 08:45:00+02:00,59822.72484314511,58614.23615
2026-07-27 09:00:00+02:00,59605.134030359826,58103.82454
2026-07-27 09:15:00+02:00,59914.33273190061,58956.65534
2026-07-27 09:30:00+02:00,60052.35072341798,59768.2063
2026-07-27 09:45:00+02:00,59917.38506739581,59483.38517
2026-07-27 10:00:00+02:00,59884.5071362174,59931.7527
2026-07-27 10:15:00+02:00,59765.02767491963,59673.82598
2026-07-27 10:30:00+02:00,59673.579382790405,59747.99116
2026-07-27 10:45:00+02:00,59862.44434636693,59037.68129
2026-07-27 11:00:00+02:00,59696.255780244646,59228.06062
2026-07-27 11:15:00+02:00,59707.40887713285,59109.25271
2026-07-27 11:30:00+02:00,59752.864009653866,59375.75326
2026-07-27 11:45:00+02:00,59411.8856066676,59274.92823
2026-07-27 12:00:00+02:00,58225.39023590769,58276.5695
2026-07-27 12:15:00+02:00,57909.18855861974,58455.25003
2026-07-27 12:30:00+02:00,57829.708895934986,58664.97437
2026-07-27 12:45:00+02:00,57711.846397970345,58798.44973
2026-07-27 13:00:00+02:00,57571.945018640035,58056.93892
2026-07-27 13:15:00+02:00,57582.69395258568,57914.82292
2026-07-27 13:30:00+02:00,56501.60404780183,57218.08812
2026-07-27 13:45:00+02:00,56463.27407764896,57049.1376
2026-07-27 14:00:00+02:00,56494.99918814798,56657.27345
2026-07-27 14:15:00+02:00,56317.45134825974,57321.77652
2026-07-27 14:30:00+02:00,55693.20271085598,57469.88813
2026-07-27 14:45:00+02:00,55399.6745901992,56848.70584
2026-07-27 15:00:00+02:00,55550.568224803596,56622.84613
2026-07-27 15:15:00+02:00,55331.10617991789,56160.26948
2026-07-27 15:30:00+02:00,55207.46446326671,55110.08014
2026-07-27 15:45:00+02:00,55090.08106591561,55500.92025
2026-07-27 16:00:00+02:00,55752.26558444865,56185.52302
2026-07-27 16:15:00+02:00,55752.26558444865,55855.42403
2026-07-27 16:30:00+02:00,55742.892983281905,55557.62015
2026-07-27 16:45:00+02:00,55853.201086827634,54507.36791
2026-07-27 17:00:00+02:00,55819.75731882285,54600.63159
2026-07-27 17:15:00+02:00,55891.902396182384,54713.62041
2026-07-27 17:30:00+02:00,56411.030347651926,54978.99493
2026-07-27 17:45:00+02:00,56316.13889396319,55572.70334
2026-07-27 18:00:00+02:00,56621.57099581443,55828.91288
2026-07-27 18:15:00+02:00,56767.443762016315,55757.18729
2026-07-27 18:30:00+02:00,57098.70537196114,55749.56359
2026-07-27 18:45:00+02:00,57219.64606495674,56076.47511
2026-07-27 19:00:00+02:00,57203.634539718005,56519.7677
2026-07-27 19:15:00+02:00,57172.16124467439,56373.32898
2026-07-27 19:30:00+02:00,57109.75344207775,56318.04526
2026-07-27 19:45:00+02:00,56955.21944228705,55380.75159
2026-07-27 20:00:00+02:00,56446.72069195183,55767.29621
2026-07-27 20:15:00+02:00,56017.8801062668,54980.87865
2026-07-27 20:30:00+02:00,55473.53457390649,54500.85318
2026-07-27 20:45:00+02:00,55246.5702753906,53638.35755
2026-07-27 21:00:00+02:00,54536.42036970263,53544.51737
2026-07-27 21:15:00+02:00,53881.22925295546,53356.98551
2026-07-27 21:30:00+02:00,53647.57174931415,53045.14605
2026-07-27 21:45:00+02:00,53865.91908957605,53171.39735
2026-07-27 22:00:00+02:00,52895.87097907824,51637.60275
2026-07-27 22:15:00+02:00,51780.289758309365,51193.04135
2026-07-27 22:30:00+02:00,51193.3108754177,50557.26669
2026-07-27 22:45:00+02:00,50769.987719321194,49882.59791
2026-07-27 23:00:00+02:00,49021.33565887191,48920.33222
2026-07-27 23:15:00+02:00,48661.77824645812,48220.4649
2026-07-27 23:30:00+02:00,48509.72369733285,47686.96342
2026-07-27 23:45:00+02:00,48132.84884482725,47168.08726
2026-07-28 00:00:00+02:00,46229.814342738326,46268.8819
2026-07-28 00:15:00+02:00,46193.09117055925,45749.86239
2026-07-28 00:30:00+02:00,46108.367223737754,45935.37436
2026-07-28 00:45:00+02:00,45846.00166784973,46016.66759
2026-07-28 01:00:00+02:00,45378.40622289198,44841.55694
2026-07-28 01:15:00+02:00,45162.53351298431,45071.59898
2026-07-28 01:30:00+02:00,44676.73854619477,44732.09748
2026-07-28 01:45:00+02:00,44660.61334750037,44735.12342
2026-07-28 02:00:00+02:00,44579.47920704431,44346.8168
2026-07-28 02:15:00+02:00,44566.92472283414,43965.31897
2026-07-28 02:30:00+02:00,44566.92472283414,44012.80126
2026-07-28 02:45:00+02:00,44602.466598250336,43804.31905
2026-07-28 03:00:00+02:00,44727.797869023176,44012.42196
2026-07-28 03:15:00+02:00,44727.797869023176,43919.03725
2026-07-28 03:30:00+02:00,44820.94065551742,43852.49508
2026-07-28 03:45:00+02:00,44807.90026997474,43863.87046
2026-07-28 04:00:00+02:00,44818.96082904182,44549.43594
2026-07-28 04:15:00+02:00,44928.19812745025,44416.07389
2026-07-28 04:30:00+02:00,45485.22637063741,44339.13959
2026-07-28 04:45:00+02:00,45651.27770065072,45072.79883
2026-07-28 05:00:00+02:00,46151.25745096692,46826.64073
2026-07-28 05:15:00+02:00,46229.48462912832,47152.7826
2026-07-28 05:30:00+02:00,47021.861564085506,47736.94478
2026-07-28 05:45:00+02:00,48391.11797876838,47995.9103
2026-07-28 06:00:00+02:00,50256.2810655675,50102.36257
2026-07-28 06:15:00+02:00,52926.06595495461,51620.19149
2026-07-28 06:30:00+02:00,54035.13193174716,52629.20839
2026-07-28 06:45:00+02:00,55145.4625557441,53725.12375
2026-07-28 07:00:00+02:00,56081.92779959925,55406.08233
2026-07-28 07:15:00+02:00,57259.28638196567,57048.69666
2026-07-28 07:30:00+02:00,57949.32363868665,57913.97354
2026-07-28 07:45:00+02:00,58764.314320059544,59199.93598
2026-07-28 08:00:00+02:00,58548.91062303057,59242.30334
2026-07-28 08:15:00+02:00,59043.1348740401,59288.85905
2026-07-28 08:30:00+02:00,59175.97442166803,59906.7962
2026-07-28 08:45:00+02:00,59009.869728145764,59975.71284
2026-07-28 09:00:00+02:00,58037.437842968175,59603.02176
2026-07-28 09:15:00+02:00,58038.14376576756,59298.93828
2026-07-28 09:30:00+02:00,57906.45539085511,60091.81054
2026-07-28 09:45:00+02:00,57897.33186052574,59411.87188
2026-07-28 10:00:00+02:00,57227.62850061132,58740.4971
2026-07-28 10:15:00+02:00,56868.126378095876,57900.4737
2026-07-28 10:30:00+02:00,57075.371901196086,57964.58745
2026-07-28 10:45:00+02:00,57394.63224176635,57477.05383
2026-07-28 11:00:00+02:00,56667.79254363367,57378.41222
2026-07-28 11:15:00+02:00,56277.09589292853,57581.0373
2026-07-28 11:30:00+02:00,56524.06136022227,57121.7421
2026-07-28 11:45:00+02:00,56293.070505400196,57566.3284
2026-07-28 12:00:00+02:00,56019.63664258215,57679.30086
2026-07-28 12:15:00+02:00,55888.1017454126,57643.6847
2026-07-28 12:30:00+02:00,55952.41949620905,57803.48703
2026-07-28 12:45:00+02:00,55873.80605515538,57130.79548
2026-07-28 13:00:00+02:00,55978.07626580927,56905.02792
2026-07-28 13:15:00+02:00,55581.152981931045,56644.21374
2026-07-28 13:30:00+02:00,54831.12238501533,56461.56822
2026-07-28 13:45:00+02:00,54622.844835295386,56111.92528
2026-07-28 14:00:00+02:00,54856.255379681235,54700.84602
2026-07-28 14:15:00+02:00,54778.912287264204,55080.75926
2026-07-28 14:30:00+02:00,54580.15457387422,54914.58712
2026-07-28 14:45:00+02:00,54614.10901189834,54462.09162
2026-07-28 15:00:00+02:00,54784.79036914066,54241.06374
2026-07-28 15:15:00+02:00,54647.879548170815,53668.27164
2026-07-28 15:30:00+02:00,54688.977676156595,52968.241
2026-07-28 15:45:00+02:00,54658.66701976021,53136.26559
2026-07-28 16:00:00+02:00,54860.068153020875,52898.46413
2026-07-28 16:15:00+02:00,54860.068153020875,53048.14423
2026-07-28 16:30:00+02:00,55118.78936139542,52839.77205
2026-07-28 16:45:00+02:00,55118.78936139542,53040.08179
2026-07-28 17:00:00+02:00,55740.39782897959,53473.77716
2026-07-28 17:15:00+02:00,55853.072870971686,53935.67475
2026-07-28 17:30:00+02:00,56247.798432590585,55054.03891
2026-07-28 17:45:00+02:00,56508.47536245559,56132.09423
2026-07-28 18:00:00+02:00,56528.10948366085,56805.56489
2026-07-28 18:15:00+02:00,56660.07035733856,57788.66523
2026-07-28 18:30:00+02:00,56666.83203920219,58436.27469
2026-07-28 18:45:00+02:00,56759.43035996042,59109.14444
2026-07-28 19:00:00+02:00,57452.533129898104,59605.19841
2026-07-28 19:15:00+02:00,57316.9175239633,59404.96826
2026-07-28 19:30:00+02:00,57084.676281855725,58947.10314
2026-07-28 19:45:00+02:00,56956.34531167777,58944.72351
2026-07-28 20:00:00+02:00,56849.187681516436,59113.62449
2026-07-28 20:15:00+02:00,56503.575012234636,58142.02212
2026-07-28 20:30:00+02:00,55440.68375253634,57195.31972
2026-07-28 20:45:00+02:00,55017.06179514576,56258.03289
2026-07-28 21:00:00+02:00,54092.48330746027,55839.9671
2026-07-28 21:15:00+02:00,53635.5448973475,55710.30253
2026-07-28 21:30:00+02:00,53650.25491689691,55611.83298
2026-07-28 21:45:00+02:00,53374.06886451209,55206.31943
2026-07-28 22:00:00+02:00,51282.309595795945,54080.58487
2026-07-28 22:15:00+02:00,51217.50322719575,53045.68869
2026-07-28 22:30:00+02:00,50750.97236982091,52476.27171
2026-07-28 22:45:00+02:00,49735.10882133283,51991.59251
2026-07-28 23:00:00+02:00,48651.17500744363,50896.88546
2026-07-28 23:15:00+02:00,48360.47554003619,50148.92776
2026-07-28 23:30:00+02:00,48137.794250730614,48997.65123
2026-07-28 23:45:00+02:00,47890.08529203167,48226.14024
2026-07-29 00:00:00+02:00,46835.765719232295,47642.89152
2026-07-29 00:15:00+02:00,46470.938639359265,47465.45202
2026-07-29 00:30:00+02:00,46409.059680934624,47362.22892
2026-07-29 00:45:00+02:00,46288.688239401774,47231.63509
2026-07-29 01:00:00+02:00,45864.8522769945,46235.10391
2026-07-29 01:15:00+02:00,45730.721402358264,46203.78844
2026-07-29 01:30:00+02:00,45451.68102518629,46393.73555
2026-07-29 01:45:00+02:00,45419.782895099146,46807.37921
2026-07-29 02:00:00+02:00,44776.97851927361,46104.57222
2026-07-29 02:15:00+02:00,44974.96020873386,45729.07812
2026-07-29 02:30:00+02:00,44864.32428715209,45851.68307
2026-07-29 02:45:00+02:00,45109.723841399325,46087.69066
2026-07-29 03:00:00+02:00,44890.37523445187,45390.32382
2026-07-29 03:15:00+02:00,44890.37523445187,45017.41712
2026-07-29 03:30:00+02:00,45107.624150102056,45062.76326
2026-07-29 03:45:00+02:00,45451.169314657214,45047.1781
2026-07-29 04:00:00+02:00,45576.07177528462,45338.05337
2026-07-29 04:15:00+02:00,45576.07177528462,45704.41712
2026-07-29 04:30:00+02:00,45983.541301971294,45957.82058
2026-07-29 04:45:00+02:00,46176.340794981,46397.20055
2026-07-29 05:00:00+02:00,46580.924816198705,47489.35254
2026-07-29 05:15:00+02:00,46891.36110112083,47779.20655
2026-07-29 05:30:00+02:00,48102.835266299946,48830.42582
2026-07-29 05:45:00+02:00,49104.351337455984,49887.14003
2026-07-29 06:00:00+02:00,51469.14626502227,51495.61192
2026-07-29 06:15:00+02:00,53491.26896883413,53311.22124
2026-07-29 06:30:00+02:00,54740.8725751421,54476.74882
2026-07-29 06:45:00+02:00,55629.9176160875,55838.43793
2026-07-29 07:00:00+02:00,56452.931895355636,56764.66993
2026-07-29 07:15:00+02:00,56743.90216052386,57858.12395
2026-07-29 07:30:00+02:00,58009.835941057616,58973.53104
2026-07-29 07:45:00+02:00,59283.82865941749,59854.28844
2026-07-29 08:00:00+02:00,59628.248705253216,59703.63943
2026-07-29 08:15:00+02:00,59889.024747393494,59572.1418
2026-07-29 08:30:00+02:00,60534.512582604926,59788.33752
2026-07-29 08:45:00+02:00,60316.15338343395,59595.67395
2026-07-29 09:00:00+02:00,59936.08440465056,59303.54016
2026-07-29 09:15:00+02:00,59947.84802382833,59321.58938
2026-07-29 09:30:00+02:00,60146.12201047411,58912.365
2026-07-29 09:45:00+02:00,59792.50906223089,58748.25382
2026-07-29 10:00:00+02:00,59267.44144063836,58101.98441
2026-07-29 10:15:00+02:00,59470.528183123395,57625.03807
2026-07-29 10:30:00+02:00,59586.18548128351,57743.14052
2026-07-29 10:45:00+02:00,59437.763102108,58324.58887
2026-07-29 11:00:00+02:00,58576.19137414713,57715.13072
2026-07-29 11:15:00+02:00,58677.64040503634,57480.28346
2026-07-29 11:30:00+02:00,58876.98724778087,57567.20434
2026-07-29 11:45:00+02:00,58829.80467631145,57547.99204
2026-07-29 12:00:00+02:00,58365.269410877045,57664.07922
2026-07-29 12:15:00+02:00,58240.19766267286,56982.30413
2026-07-29 12:30:00+02:00,58226.802026051424,57869.02111
2026-07-29 12:45:00+02:00,58045.521932939904,58219.27352
2026-07-29 13:00:00+02:00,57956.46437473432,57626.13398
2026-07-29 13:15:00+02:00,57736.70638844659,57122.17187
2026-07-29 13:30:00+02:00,57332.7053226629,57276.44719
2026-07-29 13:45:00+02:00,56628.6907958328,56881.66175
2026-07-29 14:00:00+02:00,56485.399728527074,56456.67905
2026-07-29 14:15:00+02:00,56384.10325802216,56107.94871
2026-07-29 14:30:00+02:00,56103.28317633405,55392.62815
2026-07-29 14:45:00+02:00,55821.85151683558,55291.66476
2026-07-29 15:00:00+02:00,55661.964907027206,54812.60459
2026-07-29 15:15:00+02:00,55367.44821419419,54599.19629
2026-07-29 15:30:00+02:00,55321.73193341553,54702.35262
2026-07-29 15:45:00+02:00,55232.37344925719,54647.89653
2026-07-29 16:00:00+02:00,55516.90907102032,55528.36963
2026-07-29 16:15:00+02:00,55515.561783158766,55155.0733
2026-07-29 16:30:00+02:00,55325.87997725948,55485.36038
2026-07-29 16:45:00+02:00,55466.09636819089,55550.40102
2026-07-29 17:00:00+02:00,55669.506726659274,57064.04746
2026-07-29 17:15:00+02:00,55789.988756754996,57228.43373
2026-07-29 17:30:00+02:00,55866.20865362692,57176.17259
2026-07-29 17:45:00+02:00,56178.17192364917,57390.03208
2026-07-29 18:00:00+02:00,57180.29368269117,59008.6887
2026-07-29 18:15:00+02:00,56794.1076372306,59573.25922
2026-07-29 18:30:00+02:00,57166.559127491375,60514.28984
2026-07-29 18:45:00+02:00,57167.90641535293,60824.60917
2026-07-29 19:00:00+02:00,58575.91727240071,60780.3412
2026-07-29 19:15:00+02:00,58195.0198486688,60390.44005
2026-07-29 19:30:00+02:00,57560.18670732474,59467.24218
2026-07-29 19:45:00+02:00,57504.11426765132,59381.00292
2026-07-29 20:00:00+02:00,57525.49807523069,59052.4086
2026-07-29 20:15:00+02:00,57112.63030771755,57708.6434
2026-07-29 20:30:00+02:00,56794.01721512846,57144.79228
2026-07-29 20:45:00+02:00,56411.05069986759,56986.88928
2026-07-29 21:00:00+02:00,55957.686423331426,56963.96746
2026-07-29 21:15:00+02:00,55836.671639667285,56637.95947
2026-07-29 21:30:00+02:00,55350.22814879753,56708.61439
2026-07-29 21:45:00+02:00,55255.592504519525,56229.66053
2026-07-29 22:00:00+02:00,54501.46471465359,55201.63141
2026-07-29 22:15:00+02:00,53930.545744587456,54524.93054
2026-07-29 22:30:00+02:00,53044.34144900506,54372.80495
2026-07-29 22:45:00+02:00,52440.86404788124,53807.09116
2026-07-29 23:00:00+02:00,50416.89257956493,52562.90879
2026-07-29 23:15:00+02:00,50114.220232896536,51833.8709
2026-07-29 23:30:00+02:00,50007.237840930415,50923.75422
2026-07-29 23:45:00+02:00,49768.86961287347,50549.79217
2026-07-30 00:00:00+02:00,49266.5857996734,49106.74958
2026-07-30 00:15:00+02:00,49243.575899107476,48327.85387
2026-07-30 00:30:00+02:00,48552.46353655835,48224.82796
2026-07-30 00:45:00+02:00,48921.82523079869,47994.4731
2026-07-30 01:00:00+02:00,47814.28315928087,47199.95296
2026-07-30 01:15:00+02:00,47751.5887768369,46746.30009
2026-07-30 01:30:00+02:00,47460.72371829521,46300.19689
2026-07-30 01:45:00+02:00,47128.77844960932,46050.41572
2026-07-30 02:00:00+02:00,46354.31359033614,45506.92983
2026-07-30 02:15:00+02:00,46350.65356071612,45197.96877
2026-07-30 02:30:00+02:00,46350.65356071612,45066.46165
2026-07-30 02:45:00+02:00,46350.65356071612,44871.57343
2026-07-30 03:00:00+02:00,46530.32984376518,45341.73002
2026-07-30 03:15:00+02:00,46376.443740296876,45737.39511
2026-07-30 03:30:00+02:00,46374.76955960445,45665.02954
2026-07-30 03:45:00+02:00,46332.93565574114,45151.7592
2026-07-30 04:00:00+02:00,46564.939380883836,44976.18926
2026-07-30 04:15:00+02:00,46751.615721620095,45130.94333
2026-07-30 04:30:00+02:00,46902.714967536645,45918.95616
2026-07-30 04:45:00+02:00,47292.6192048314,46427.34869
2026-07-30 05:00:00+02:00,48972.85433555881,47524.67523
2026-07-30 05:15:00+02:00,49607.85048745161,48427.18487
2026-07-30 05:30:00+02:00,50493.375875678816,49183.0725
2026-07-30 05:45:00+02:00,51081.58157495336,50191.04983
2026-07-30 06:00:00+02:00,53511.798457218545,52453.79603
2026-07-30 06:15:00+02:00,54251.51098734963,53945.73755
2026-07-30 06:30:00+02:00,55781.98912375028,55076.115
2026-07-30 06:45:00+02:00,56299.604020815175,55596.80079
2026-07-30 07:00:00+02:00,58066.21828076033,55997.75468
2026-07-30 07:15:00+02:00,58955.85007372386,57290.58991
2026-07-30 07:30:00+02:00,59785.576203903205,58452.64983
2026-07-30 07:45:00+02:00,60350.872184105014,59505.11441
2026-07-30 08:00:00+02:00,60544.776243233464,59139.40738
2026-07-30 08:15:00+02:00,60819.01882529353,60089.09433
2026-07-30 08:30:00+02:00,61506.09687159995,60868.21304
2026-07-30 08:45:00+02:00,61520.17210738849,61551.54696
2026-07-30 09:00:00+02:00,60998.325534143594,60560.61985
2026-07-30 09:15:00+02:00,60971.84065572768,61217.96132
2026-07-30 09:30:00+02:00,61242.54637895537,61565.0034
2026-07-30 09:45:00+02:00,60925.43088389817,61516.55884
2026-07-30 10:00:00+02:00,60141.88136081383,61223.74069
2026-07-30 10:15:00+02:00,60245.72162841447,60560.13192
2026-07-30 10:30:00+02:00,60225.65747605233,60234.69997
2026-07-30 10:45:00+02:00,60007.5915908521,60339.36042
2026-07-30 11:00:00+02:00,59196.205410267874,60028.13216
2026-07-30 11:15:00+02:00,59167.55707865026,60773.47692
2026-07-30 11:30:00+02:00,58961.93826966418,60915.89234
2026-07-30 11:45:00+02:00,58792.576459821954,61311.16762
2026-07-30 12:00:00+02:00,58619.80550004798,60607.53732
2026-07-30 12:15:00+02:00,58520.93447555482,60451.91146
2026-07-30 12:30:00+02:00,58429.15842011634,60592.40192
2026-07-30 12:45:00+02:00,58111.628847754066,61078.40173
2026-07-30 13:00:00+02:00,57838.44757635871,60936.18754
2026-07-30 13:15:00+02:00,57766.35852988106,60558.61389
2026-07-30 13:30:00+02:00,57450.94610759678,59385.47982
2026-07-30 13:45:00+02:00,57186.8073248757,58384.44878
2026-07-30 14:00:00+02:00,57188.483800305374,58387.49645
2026-07-30 14:15:00+02:00,57212.19761728561,58531.02001
2026-07-30 14:30:00+02:00,56835.13365958183,58074.56836
2026-07-30 14:45:00+02:00,55963.53585566576,57695.79152
2026-07-30 15:00:00+02:00,57044.371321590086,57345.6547
2026-07-30 15:15:00+02:00,56511.26016122099,57406.94681
2026-07-30 15:30:00+02:00,56399.040070775,57549.52155
2026-07-30 15:45:00+02:00,56399.040070775,57354.24674
2026-07-30 16:00:00+02:00,57224.707891488324,59116.3184
2026-07-30 16:15:00+02:00,57113.96258045846,59454.47206
2026-07-30 16:30:00+02:00,57103.10243295798,59796.06498
2026-07-30 16:45:00+02:00,56899.287581278826,60096.32626
2026-07-30 17:00:00+02:00,57674.42111053451,60971.98411
2026-07-30 17:15:00+02:00,57940.236454619495,60989.95807
2026-07-30 17:30:00+02:00,58260.93790365404,60351.76292
2026-07-30 17:45:00+02:00,58461.20420436674,60856.24788
2026-07-30 18:00:00+02:00,59970.28569278705,61940.2438
2026-07-30 18:15:00+02:00,60020.896541191265,62254.0756
2026-07-30 18:30:00+02:00,60051.179929415426,62887.93493
2026-07-30 18:45:00+02:00,60459.62659513852,62945.09913
2026-07-30 19:00:00+02:00,60497.5490481925,62428.77373
2026-07-30 19:15:00+02:00,60436.98044089035,61580.97861
2026-07-30 19:30:00+02:00,60175.83034872835,60947.6246
2026-07-30 19:45:00+02:00,59868.35722646715,59796.31161
2026-07-30 20:00:00+02:00,59729.234784517,59365.12788
2026-07-30 20:15:00+02:00,59338.914396329,58938.3848
2026-07-30 20:30:00+02:00,58830.714200689246,58598.87982
2026-07-30 20:45:00+02:00,58450.37032372504,58311.19178
2026-07-30 21:00:00+02:00,56930.04036008823,57713.11149
2026-07-30 21:15:00+02:00,56864.04052041491,58104.32056
2026-07-30 21:30:00+02:00,57155.30582947627,58116.67945
2026-07-30 21:45:00+02:00,56836.799332406845,57061.30693
2026-07-30 22:00:00+02:00,54835.404492294845,55388.41485
2026-07-30 22:15:00+02:00,54847.09105207871,53898.65433
2026-07-30 22:30:00+02:00,53721.14455025214,52722.69708
2026-07-30 22:45:00+02:00,53089.18305968632,52006.02722
2026-07-30 23:00:00+02:00,52209.208953287685,51076.64878
2026-07-30 23:15:00+02:00,51961.90449223205,50459.17127
2026-07-30 23:30:00+02:00,51181.9474497736,49439.7931
2026-07-30 23:45:00+02:00,50713.13503799243,48673.08257
2026-07-31 00:00:00+02:00,49285.35576925677,47523.34725
2026-07-31 00:15:00+02:00,48409.86457845859,47388.51794
2026-07-31 00:30:00+02:00,48395.486389390484,47482.32693
2026-07-31 00:45:00+02:00,48208.66754665777,47570.94676
2026-07-31 01:00:00+02:00,47913.385463480634,46949.78543
2026-07-31 01:15:00+02:00,47860.38082258246,46560.53593
2026-07-31 01:30:00+02:00,47578.30894985833,45854.10305
2026-07-31 01:45:00+02:00,47349.34190070419,45646.90368
2026-07-31 02:00:00+02:00,46993.78116977892,45403.25525
2026-07-31 02:15:00+02:00,46839.7416423923,45718.35937
2026-07-31 02:30:00+02:00,46750.63632085342,45845.21369
2026-07-31 02:45:00+02:00,47120.98614116292,45583.73437
2026-07-31 03:00:00+02:00,46913.65286568807,45720.46865
2026-07-31 03:15:00+02:00,46686.46843231256,45719.70186
2026-07-31 03:30:00+02:00,46826.092537560595,45518.6283
2026-07-31 03:45:00+02:00,47197.91394751833,45805.75734
2026-07-31 04:00:00+02:00,47352.66169170408,46423.32605
2026-07-31 04:15:00+02:00,47352.66169170408,46536.57919
2026-07-31 04:30:00+02:00,47591.188292332154,46445.37957
2026-07-31 04:45:00+02:00,47796.84944264648,46495.38501
2026-07-31 05:00:00+02:00,48423.90777683423,47283.93727
2026-07-31 05:15:00+02:00,48842.28414555913,47601.07842
2026-07-31 05:30:00+02:00,49666.66194151636,48649.38969
2026-07-31 05:45:00+02:00,51373.15514996366,49781.61247
2026-07-31 06:00:00+02:00,52492.628808560425,51842.73076
2026-07-31 06:15:00+02:00,54726.73582399718,53308.31981
2026-07-31 06:30:00+02:00,55596.34184679176,54190.67458
2026-07-31 06:45:00+02:00,56855.014916508095,55203.27565
2026-07-31 07:00:00+02:00,58147.60161064867,55897.43058
2026-07-31 07:15:00+02:00,59301.233763529504,57500.91003
2026-07-31 07:30:00+02:00,60044.763308439644,58538.45916
2026-07-31 07:45:00+02:00,60996.393766194524,58558.8361
2026-07-31 08:00:00+02:00,61502.55750420195,58535.11487
2026-07-31 08:15:00+02:00,61860.06940346453,59880.31924
2026-07-31 08:30:00+02:00,62129.1032553711,60914.44591
2026-07-31 08:45:00+02:00,62112.76603292204,61339.53588
2026-07-31 09:00:00+02:00,61477.729855159865,59536.40555
2026-07-31 09:15:00+02:00,61739.49458584964,59596.73525
2026-07-31 09:30:00+02:00,61610.89105787338,60466.33913
2026-07-31 09:45:00+02:00,61248.89865924415,59972.77741
2026-07-31 10:00:00+02:00,60795.4915977795,59084.53344
2026-07-31 10:15:00+02:00,60764.3171060428,58705.424
2026-07-31 10:30:00+02:00,60478.984398566914,58572.31966
2026-07-31 10:45:00+02:00,60437.159860313994,58233.96488
2026-07-31 11:00:00+02:00,59859.18145157825,57440.11701
2026-07-31 11:15:00+02:00,59856.11873573422,57015.55033
2026-07-31 11:30:00+02:00,59856.11873573422,57029.36395
2026-07-31 11:45:00+02:00,59427.57564671304,56765.78909
2026-07-31 12:00:00+02:00,58248.53940644775,56060.9764
2026-07-31 12:15:00+02:00,58548.157715532114,55571.52945
2026-07-31 12:30:00+02:00,58409.7063487649,55306.15272
2026-07-31 12:45:00+02:00,58506.391632094106,55330.87672
2026-07-31 13:00:00+02:00,57670.05319356726,54894.52467
2026-07-31 13:15:00+02:00,57211.01840770312,54746.45771
2026-07-31 13:30:00+02:00,57015.01398431296,54509.86035
2026-07-31 13:45:00+02:00,56288.66398706966,54015.92016
2026-07-31 14:00:00+02:00,56412.37928964094,54140.96923
2026-07-31 14:15:00+02:00,56104.37889360107,53850.63913
2026-07-31 14:30:00+02:00,55539.76710044478,53647.60028
2026-07-31 14:45:00+02:00,55310.105070217316,53726.42134
2026-07-31 15:00:00+02:00,55327.048342542555,54136.50597
2026-07-31 15:15:00+02:00,55242.48913605422,54123.92969
2026-07-31 15:30:00+02:00,55028.22669615683,54503.9066
2026-07-31 15:45:00+02:00,55080.12478304329,54267.43312
2026-07-31 16:00:00+02:00,56136.26228207699,55362.17434
2026-07-31 16:15:00+02:00,55790.59784057571,54700.82692
2026-07-31 16:30:00+02:00,56112.43397139752,54892.7105
2026-07-31 16:45:00+02:00,56158.34379935075,55925.52284
2026-07-31 17:00:00+02:00,57405.21518875957,56968.74195
2026-07-31 17:15:00+02:00,56863.06689168176,56899.91422
2026-07-31 17:30:00+02:00,57618.553166983045,57934.32799
2026-07-31 17:45:00+02:00,58155.41540157691,57758.37008
2026-07-31 18:00:00+02:00,58985.53088795116,58027.43229
2026-07-31 18:15:00+02:00,58476.23463752826,58079.45731
2026-07-31 18:30:00+02:00,59371.797896953176,58342.46863
2026-07-31 18:45:00+02:00,59705.11109786716,57645.4598
2026-07-31 19:00:00+02:00,60064.62820692328,57670.18182
2026-07-31 19:15:00+02:00,59511.190712408505,57305.62457
2026-07-31 19:30:00+02:00,59259.78410279354,56440.90466
2026-07-31 19:45:00+02:00,58775.47114767212,55610.28431
2026-07-31 20:00:00+02:00,58462.54747253239,56310.27353
2026-07-31 20:15:00+02:00,57369.97813002519,55629.22513
2026-07-31 20:30:00+02:00,56805.77288371844,54773.9108
2026-07-31 20:45:00+02:00,56416.12237647067,54073.24872
2026-07-31 21:00:00+02:00,54930.51429081768,54062.96048
2026-07-31 21:15:00+02:00,54273.01298353148,54050.73935
2026-07-31 21:30:00+02:00,54196.019687480315,53549.99954
2026-07-31 21:45:00+02:00,54065.35948959102,52835.55122
2026-07-31 22:00:00+02:00,52509.88876786602,51645.16375
2026-07-31 22:15:00+02:00,52517.12036015863,51365.97561
2026-07-31 22:30:00+02:00,52429.19765038874,50198.62709
2026-07-31 22:45:00+02:00,52176.09596257808,49316.89111
2026-07-31 23:00:00+02:00,50168.53301647925,48609.79346
2026-07-31 23:15:00+02:00,49530.36048940854,47991.57515
2026-07-31 23:30:00+02:00,48779.31631000536,46824.90995
2026-07-31 23:45:00+02:00,48701.461295008055,46729.34155
