,y_pred,y_true
2026-02-01 00:00:00+01:00,108.17551680058357,100.0
2026-02-01 00:15:00+01:00,105.0580340849613,95.14
2026-02-01 00:30:00+01:00,102.81597278003528,95.01
2026-02-01 00:45:00+01:00,101.5991170361797,94.21
2026-02-01 01:00:00+01:00,103.68008835232537,94.63
2026-02-01 01:15:00+01:00,102.52968861167442,94.32
2026-02-01 01:30:00+01:00,101.76729623957871,94.15
2026-02-01 01:45:00+01:00,101.6496425733304,92.93
2026-02-01 02:00:00+01:00,101.64699804730886,98.36
2026-02-01 02:15:00+01:00,100.8863851664168,98.69
2026-02-01 02:30:00+01:00,101.06820129285602,99.09
2026-02-01 02:45:00+01:00,101.05256786433738,97.47
2026-02-01 03:00:00+01:00,101.57769230064446,93.39
2026-02-01 03:15:00+01:00,99.99441661913856,96.77
2026-02-01 03:30:00+01:00,101.03097054007083,95.33
2026-02-01 03:45:00+01:00,98.15205798134413,98.74
2026-02-01 04:00:00+01:00,100.26825330786647,98.85
2026-02-01 04:15:00+01:00,98.83232640023603,98.69
2026-02-01 04:30:00+01:00,99.23387780094271,98.0
2026-02-01 04:45:00+01:00,99.20561832526576,97.71
2026-02-01 05:00:00+01:00,98.19598980403707,97.71
2026-02-01 05:15:00+01:00,101.17772914565558,95.41
2026-02-01 05:30:00+01:00,99.35318659677739,99.89
2026-02-01 05:45:00+01:00,99.858553669466,99.88
2026-02-01 06:00:00+01:00,91.38993540892375,94.47
2026-02-01 06:15:00+01:00,92.977495600422,96.68
2026-02-01 06:30:00+01:00,95.097423332591,95.46
2026-02-01 06:45:00+01:00,96.84278638301028,97.45
2026-02-01 07:00:00+01:00,98.27176530031363,96.84
2026-02-01 07:15:00+01:00,98.24664707919584,96.56
2026-02-01 07:30:00+01:00,94.41098460326529,101.34
2026-02-01 07:45:00+01:00,88.59632029644263,103.26
2026-02-01 08:00:00+01:00,102.03634431500491,102.95
2026-02-01 08:15:00+01:00,101.14518887262292,104.77
2026-02-01 08:30:00+01:00,107.94445277414444,107.23
2026-02-01 08:45:00+01:00,104.89729364786116,106.07
2026-02-01 09:00:00+01:00,115.09329750341763,110.16
2026-02-01 09:15:00+01:00,107.07076304818777,109.3
2026-02-01 09:30:00+01:00,104.18837274726783,108.57
2026-02-01 09:45:00+01:00,103.11255187397504,108.91
2026-02-01 10:00:00+01:00,108.05356727187696,114.07
2026-02-01 10:15:00+01:00,109.82216229529584,109.72
2026-02-01 10:30:00+01:00,108.86228445135497,108.95
2026-02-01 10:45:00+01:00,104.04805024239226,106.64
2026-02-01 11:00:00+01:00,109.42431600725838,108.66
2026-02-01 11:15:00+01:00,107.34658223649635,108.12
2026-02-01 11:30:00+01:00,107.97048782802432,108.1
2026-02-01 11:45:00+01:00,102.53985366171224,107.75
2026-02-01 12:00:00+01:00,108.27002073477176,110.16
2026-02-01 12:15:00+01:00,104.98822481235945,106.27
2026-02-01 12:30:00+01:00,104.87991597029969,107.56
2026-02-01 12:45:00+01:00,104.09208181185303,104.51
2026-02-01 13:00:00+01:00,104.49469406879078,102.81
2026-02-01 13:15:00+01:00,100.90809691838767,99.93
2026-02-01 13:30:00+01:00,103.06072174756639,99.41
2026-02-01 13:45:00+01:00,102.55101434625472,99.4
2026-02-01 14:00:00+01:00,102.09811390468757,100.05
2026-02-01 14:15:00+01:00,104.95402657531177,101.03
2026-02-01 14:30:00+01:00,105.61655100511183,103.42
2026-02-01 14:45:00+01:00,104.16962535209704,104.44
2026-02-01 15:00:00+01:00,103.80432162710798,103.26
2026-02-01 15:15:00+01:00,105.82999720078152,107.36
2026-02-01 15:30:00+01:00,111.06289037700228,111.5
2026-02-01 15:45:00+01:00,112.43305381614708,113.71
2026-02-01 16:00:00+01:00,103.74523141549764,106.35
2026-02-01 16:15:00+01:00,115.27476800290783,112.32
2026-02-01 16:30:00+01:00,118.36352424644366,115.0
2026-02-01 16:45:00+01:00,126.68196464433511,125.0
2026-02-01 17:00:00+01:00,123.48103490971366,123.73
2026-02-01 17:15:00+01:00,128.0322103762801,126.23
2026-02-01 17:30:00+01:00,133.7968810500268,132.01
2026-02-01 17:45:00+01:00,132.1423574769355,135.98
2026-02-01 18:00:00+01:00,138.12424718846907,133.24
2026-02-01 18:15:00+01:00,129.83718970009934,133.81
2026-02-01 18:30:00+01:00,128.43315304157488,141.96
2026-02-01 18:45:00+01:00,125.31759704548517,138.36
2026-02-01 19:00:00+01:00,126.395242747376,141.0
2026-02-01 19:15:00+01:00,121.68963666950683,136.22
2026-02-01 19:30:00+01:00,114.92368642398125,137.51
2026-02-01 19:45:00+01:00,112.67512084678378,134.83
2026-02-01 20:00:00+01:00,123.83423806213328,131.0
2026-02-01 20:15:00+01:00,114.94817620891997,132.0
2026-02-01 20:30:00+01:00,107.38233510700188,123.74
2026-02-01 20:45:00+01:00,100.84073187251963,115.63
2026-02-01 21:00:00+01:00,110.70231332208964,122.15
2026-02-01 21:15:00+01:00,104.83808407346493,118.56
2026-02-01 21:30:00+01:00,99.5955544521083,111.96
2026-02-01 21:45:00+01:00,96.09799159416959,102.76
2026-02-01 22:00:00+01:00,106.36454492148502,117.52
2026-02-01 22:15:00+01:00,101.46886453165145,113.49
2026-02-01 22:30:00+01:00,98.86246905456693,115.49
2026-02-01 22:45:00+01:00,96.59481882197784,109.04
2026-02-01 23:00:00+01:00,100.14013068152856,113.88
2026-02-01 23:15:00+01:00,95.53707654350532,106.17
2026-02-01 23:30:00+01:00,94.08272327298582,106.44
2026-02-01 23:45:00+01:00,96.56614213641281,99.72
2026-02-02 00:00:00+01:00,104.03814019645411,100.41
2026-02-02 00:15:00+01:00,102.35264572552302,101.91
2026-02-02 00:30:00+01:00,101.66992977112758,100.04
2026-02-02 00:45:00+01:00,99.89139460659602,96.01
2026-02-02 01:00:00+01:00,105.53828577643117,99.41
2026-02-02 01:15:00+01:00,102.94252697973118,95.0
2026-02-02 01:30:00+01:00,99.29496999991002,99.62
2026-02-02 01:45:00+01:00,98.08928368800288,97.94
2026-02-02 02:00:00+01:00,100.93334315128328,96.59
2026-02-02 02:15:00+01:00,102.67552412272855,95.2
2026-02-02 02:30:00+01:00,99.9342954084041,94.28
2026-02-02 02:45:00+01:00,99.69264746537834,94.3
2026-02-02 03:00:00+01:00,97.69361305700637,93.01
2026-02-02 03:15:00+01:00,99.74746176751765,90.52
2026-02-02 03:30:00+01:00,94.78425750385028,90.41
2026-02-02 03:45:00+01:00,89.45050639269047,90.06
2026-02-02 04:00:00+01:00,97.64777262867845,91.0
2026-02-02 04:15:00+01:00,92.25877895361491,91.63
2026-02-02 04:30:00+01:00,92.46875107696229,92.05
2026-02-02 04:45:00+01:00,90.13083997427219,92.25
2026-02-02 05:00:00+01:00,93.51286222127112,94.65
2026-02-02 05:15:00+01:00,90.6493405799794,90.57
2026-02-02 05:30:00+01:00,96.03705613938156,95.85
2026-02-02 05:45:00+01:00,96.8079870630075,97.82
2026-02-02 06:00:00+01:00,96.24653018676989,89.78
2026-02-02 06:15:00+01:00,100.47489616942723,103.31
2026-02-02 06:30:00+01:00,100.02974328959617,112.82
2026-02-02 06:45:00+01:00,100.72600447214934,120.39
2026-02-02 07:00:00+01:00,102.54120068265486,112.97
2026-02-02 07:15:00+01:00,101.76717864944783,117.19
2026-02-02 07:30:00+01:00,107.44830355225051,131.19
2026-02-02 07:45:00+01:00,110.37936287775149,130.19
2026-02-02 08:00:00+01:00,110.009641866147,132.06
2026-02-02 08:15:00+01:00,113.82628902672147,139.01
2026-02-02 08:30:00+01:00,116.86245844480459,139.83
2026-02-02 08:45:00+01:00,111.21719503636677,136.57
2026-02-02 09:00:00+01:00,117.86236638705947,154.13
2026-02-02 09:15:00+01:00,115.74384924689647,142.7
2026-02-02 09:30:00+01:00,108.38050872602119,136.03
2026-02-02 09:45:00+01:00,106.98495631171261,127.76
2026-02-02 10:00:00+01:00,116.27185410979007,132.26
2026-02-02 10:15:00+01:00,111.88938685394797,128.66
2026-02-02 10:30:00+01:00,107.87105560631792,123.15
2026-02-02 10:45:00+01:00,99.98576038001313,114.09
2026-02-02 11:00:00+01:00,101.09266095965262,124.83
2026-02-02 11:15:00+01:00,102.52057209115901,116.25
2026-02-02 11:30:00+01:00,97.57803717997223,110.01
2026-02-02 11:45:00+01:00,99.47475049840372,107.58
2026-02-02 12:00:00+01:00,101.03111531101814,112.69
2026-02-02 12:15:00+01:00,100.39348942495117,107.5
2026-02-02 12:30:00+01:00,99.02528673589362,109.15
2026-02-02 12:45:00+01:00,95.96829772030605,107.51
2026-02-02 13:00:00+01:00,101.42110254691579,105.2
2026-02-02 13:15:00+01:00,97.31826870863424,104.1
2026-02-02 13:30:00+01:00,96.90488867435256,103.44
2026-02-02 13:45:00+01:00,98.84278945315734,103.26
2026-02-02 14:00:00+01:00,101.90005904600405,101.49
2026-02-02 14:15:00+01:00,102.68044923271854,101.98
2026-02-02 14:30:00+01:00,101.55221886395542,103.45
2026-02-02 14:45:00+01:00,99.03012451649555,104.69
2026-02-02 15:00:00+01:00,105.13826120781842,101.43
2026-02-02 15:15:00+01:00,97.98609597092722,103.45
2026-02-02 15:30:00+01:00,111.10880833789834,104.75
2026-02-02 15:45:00+01:00,110.18006119192142,110.68
2026-02-02 16:00:00+01:00,101.3629228992101,101.8
2026-02-02 16:15:00+01:00,107.92976490691852,107.3
2026-02-02 16:30:00+01:00,120.99009711452521,112.37
2026-02-02 16:45:00+01:00,123.00303787963018,117.64
2026-02-02 17:00:00+01:00,113.65782736136893,108.94
2026-02-02 17:15:00+01:00,123.00979819661748,117.57
2026-02-02 17:30:00+01:00,137.1375926789271,125.54
2026-02-02 17:45:00+01:00,131.71558936414536,120.74
2026-02-02 18:00:00+01:00,130.52310163541972,123.41
2026-02-02 18:15:00+01:00,123.16271992475379,117.7
2026-02-02 18:30:00+01:00,124.9440688731072,118.83
2026-02-02 18:45:00+01:00,116.58340318171263,115.93
2026-02-02 19:00:00+01:00,121.85996813752482,105.95
2026-02-02 19:15:00+01:00,114.15124227615368,105.35
2026-02-02 19:30:00+01:00,108.29174571527628,106.08
2026-02-02 19:45:00+01:00,104.17419923218152,102.62
2026-02-02 20:00:00+01:00,105.24824616014352,105.23
2026-02-02 20:15:00+01:00,105.00653873694742,103.45
2026-02-02 20:30:00+01:00,100.33200171410668,100.93
2026-02-02 20:45:00+01:00,98.32052422281302,99.41
2026-02-02 21:00:00+01:00,96.29901300116947,107.12
2026-02-02 21:15:00+01:00,95.1019287543849,103.98
2026-02-02 21:30:00+01:00,90.94344917027587,100.0
2026-02-02 21:45:00+01:00,86.8643021476026,96.96
2026-02-02 22:00:00+01:00,89.52021120511394,103.9
2026-02-02 22:15:00+01:00,87.88715557170994,101.22
2026-02-02 22:30:00+01:00,95.18842999922134,100.86
2026-02-02 22:45:00+01:00,86.3709275634008,98.93
2026-02-02 23:00:00+01:00,91.92147918407753,98.56
2026-02-02 23:15:00+01:00,83.67763444874458,90.96
2026-02-02 23:30:00+01:00,84.24940248443605,90.41
2026-02-02 23:45:00+01:00,75.40333678795318,85.61
2026-02-03 00:00:00+01:00,97.71791229838571,97.41
2026-02-03 00:15:00+01:00,96.32457263998577,92.88
2026-02-03 00:30:00+01:00,88.63781371128829,89.07
2026-02-03 00:45:00+01:00,86.3579804616644,87.51
2026-02-03 01:00:00+01:00,92.09763825637575,91.84
2026-02-03 01:15:00+01:00,87.61642009747692,89.62
2026-02-03 01:30:00+01:00,92.79875644829909,88.49
2026-02-03 01:45:00+01:00,89.57634485089132,87.51
2026-02-03 02:00:00+01:00,87.12530332305244,89.08
2026-02-03 02:15:00+01:00,88.90536971406141,85.01
2026-02-03 02:30:00+01:00,87.61824459495809,82.55
2026-02-03 02:45:00+01:00,84.57686045679552,79.39
2026-02-03 03:00:00+01:00,81.90939773248066,82.8
2026-02-03 03:15:00+01:00,83.04896887909526,80.16
2026-02-03 03:30:00+01:00,82.98820767280394,79.37
2026-02-03 03:45:00+01:00,81.77896567930956,77.42
2026-02-03 04:00:00+01:00,81.53145731285943,76.67
2026-02-03 04:15:00+01:00,81.49342285913994,76.02
2026-02-03 04:30:00+01:00,84.4927461737988,76.41
2026-02-03 04:45:00+01:00,83.44635318285943,78.26
2026-02-03 05:00:00+01:00,83.06930378115999,78.29
2026-02-03 05:15:00+01:00,79.84956068026054,78.08
2026-02-03 05:30:00+01:00,83.77689982641287,82.27
2026-02-03 05:45:00+01:00,68.36059866163453,90.0
2026-02-03 06:00:00+01:00,84.59383719993562,84.03
2026-02-03 06:15:00+01:00,92.41121863546624,87.11
2026-02-03 06:30:00+01:00,95.40301412849843,92.58
2026-02-03 06:45:00+01:00,85.33525356384206,100.92
2026-02-03 07:00:00+01:00,100.93378822197108,92.5
2026-02-03 07:15:00+01:00,95.69771299101718,97.01
2026-02-03 07:30:00+01:00,100.008099395897,99.26
2026-02-03 07:45:00+01:00,95.00261380561741,102.0
2026-02-03 08:00:00+01:00,103.05007836999664,104.03
2026-02-03 08:15:00+01:00,107.56687283503065,107.01
2026-02-03 08:30:00+01:00,108.01633221719382,109.15
2026-02-03 08:45:00+01:00,108.49594294758708,104.9
2026-02-03 09:00:00+01:00,114.65207875064681,118.45
2026-02-03 09:15:00+01:00,107.58055289517803,110.16
2026-02-03 09:30:00+01:00,113.34926243587465,106.32
2026-02-03 09:45:00+01:00,112.55125603640188,97.97
2026-02-03 10:00:00+01:00,112.8422980417642,105.92
2026-02-03 10:15:00+01:00,107.09012378464138,100.01
2026-02-03 10:30:00+01:00,106.67259486575253,98.6
2026-02-03 10:45:00+01:00,101.94346270323743,95.23
2026-02-03 11:00:00+01:00,105.7326321153207,97.07
2026-02-03 11:15:00+01:00,102.42170226957765,93.1
2026-02-03 11:30:00+01:00,99.79652049627461,89.4
2026-02-03 11:45:00+01:00,99.38264597304908,83.75
2026-02-03 12:00:00+01:00,99.97731162804395,89.77
2026-02-03 12:15:00+01:00,99.25228723143893,85.35
2026-02-03 12:30:00+01:00,99.07915824557601,87.29
2026-02-03 12:45:00+01:00,97.73166422286245,89.38
2026-02-03 13:00:00+01:00,104.35889840647897,89.81
2026-02-03 13:15:00+01:00,99.58230014696997,89.39
2026-02-03 13:30:00+01:00,95.93569070846254,90.02
2026-02-03 13:45:00+01:00,95.15722627497405,90.4
2026-02-03 14:00:00+01:00,95.95049422925462,86.52
2026-02-03 14:15:00+01:00,92.24291307781765,92.02
2026-02-03 14:30:00+01:00,90.92946523653117,95.69
2026-02-03 14:45:00+01:00,94.29653092623434,98.38
2026-02-03 15:00:00+01:00,94.76183920235404,93.09
2026-02-03 15:15:00+01:00,97.24107843389675,99.89
2026-02-03 15:30:00+01:00,103.27169624743325,102.27
2026-02-03 15:45:00+01:00,109.26869601877435,106.39
2026-02-03 16:00:00+01:00,96.8010254312114,98.5
2026-02-03 16:15:00+01:00,105.63897531789264,103.4
2026-02-03 16:30:00+01:00,111.97360972442941,107.05
2026-02-03 16:45:00+01:00,114.56626154814278,117.51
2026-02-03 17:00:00+01:00,110.34142389685978,112.95
2026-02-03 17:15:00+01:00,117.67488668234341,124.96
2026-02-03 17:30:00+01:00,128.05579476286115,132.58
2026-02-03 17:45:00+01:00,126.35768820013124,132.6
2026-02-03 18:00:00+01:00,125.42036237294991,125.52
2026-02-03 18:15:00+01:00,115.36468401856652,125.55
2026-02-03 18:30:00+01:00,117.9647539330483,126.89
2026-02-03 18:45:00+01:00,111.69178278218205,127.43
2026-02-03 19:00:00+01:00,113.40343950114237,124.38
2026-02-03 19:15:00+01:00,103.75423649180064,124.35
2026-02-03 19:30:00+01:00,106.51009725825067,123.96
2026-02-03 19:45:00+01:00,104.9924124714675,120.22
2026-02-03 20:00:00+01:00,107.26644947011316,118.72
2026-02-03 20:15:00+01:00,107.27831780020102,115.9
2026-02-03 20:30:00+01:00,104.22203341204306,110.84
2026-02-03 20:45:00+01:00,97.8712309595327,106.14
2026-02-03 21:00:00+01:00,100.12443976407344,108.04
2026-02-03 21:15:00+01:00,98.25689614183686,104.82
2026-02-03 21:30:00+01:00,95.17754773186131,101.87
2026-02-03 21:45:00+01:00,92.3114891497009,98.44
2026-02-03 22:00:00+01:00,96.26288598460555,105.86
2026-02-03 22:15:00+01:00,92.28338770246529,101.46
2026-02-03 22:30:00+01:00,96.57166472476644,100.21
2026-02-03 22:45:00+01:00,91.3492003159557,96.05
2026-02-03 23:00:00+01:00,90.93640122044752,98.12
2026-02-03 23:15:00+01:00,85.60242714223469,97.33
2026-02-03 23:30:00+01:00,86.55876807256784,94.88
2026-02-03 23:45:00+01:00,83.8810548070113,88.92
2026-02-04 00:00:00+01:00,102.1716943957141,96.79
2026-02-04 00:15:00+01:00,100.04639209004245,93.22
2026-02-04 00:30:00+01:00,93.06663630000814,94.59
2026-02-04 00:45:00+01:00,89.35834957578327,95.41
2026-02-04 01:00:00+01:00,97.44572744389114,93.65
2026-02-04 01:15:00+01:00,94.97853847444384,92.79
2026-02-04 01:30:00+01:00,94.27201258338327,92.75
2026-02-04 01:45:00+01:00,92.04373355962667,91.96
2026-02-04 02:00:00+01:00,93.5571187502382,92.71
2026-02-04 02:15:00+01:00,90.12571880002442,91.83
2026-02-04 02:30:00+01:00,93.1136717437004,92.85
2026-02-04 02:45:00+01:00,93.43323665768742,94.46
2026-02-04 03:00:00+01:00,88.02973387887184,94.63
2026-02-04 03:15:00+01:00,88.31851718471803,93.53
2026-02-04 03:30:00+01:00,90.53614106137049,95.5
2026-02-04 03:45:00+01:00,93.39632494284574,94.83
2026-02-04 04:00:00+01:00,88.04170242954571,92.53
2026-02-04 04:15:00+01:00,89.59067210704585,92.54
2026-02-04 04:30:00+01:00,89.02314764272532,94.56
2026-02-04 04:45:00+01:00,90.08526012121365,96.2
2026-02-04 05:00:00+01:00,89.81249040325268,92.95
2026-02-04 05:15:00+01:00,88.11769326064002,95.01
2026-02-04 05:30:00+01:00,88.87411950918921,96.98
2026-02-04 05:45:00+01:00,99.04582949910483,101.4
2026-02-04 06:00:00+01:00,88.58185697491064,98.61
2026-02-04 06:15:00+01:00,100.53914703002286,102.56
2026-02-04 06:30:00+01:00,109.71936765022485,108.01
2026-02-04 06:45:00+01:00,126.27752090425737,111.96
2026-02-04 07:00:00+01:00,114.74520132360263,115.02
2026-02-04 07:15:00+01:00,135.69573861325935,120.22
2026-02-04 07:30:00+01:00,146.8835440142465,126.29
2026-02-04 07:45:00+01:00,151.21728806965402,130.21
2026-02-04 08:00:00+01:00,155.95572132450636,133.59
2026-02-04 08:15:00+01:00,160.5250481616083,137.49
2026-02-04 08:30:00+01:00,136.78266102297096,131.01
2026-02-04 08:45:00+01:00,136.61151365839027,124.33
2026-02-04 09:00:00+01:00,143.49159824523394,135.94
2026-02-04 09:15:00+01:00,137.11676523334896,123.76
2026-02-04 09:30:00+01:00,126.74555610447561,118.63
2026-02-04 09:45:00+01:00,118.12156122486816,112.36
2026-02-04 10:00:00+01:00,121.96498087072473,119.73
2026-02-04 10:15:00+01:00,118.99432694442714,113.9
2026-02-04 10:30:00+01:00,111.10406444954823,105.54
2026-02-04 10:45:00+01:00,106.37434519323114,100.83
2026-02-04 11:00:00+01:00,117.83479344345973,102.53
2026-02-04 11:15:00+01:00,113.0530766185356,100.29
2026-02-04 11:30:00+01:00,108.5779593471205,96.54
2026-02-04 11:45:00+01:00,107.66118680712097,95.47
2026-02-04 12:00:00+01:00,115.12133352135575,94.67
2026-02-04 12:15:00+01:00,104.94095203505641,92.14
2026-02-04 12:30:00+01:00,108.00890648346174,90.46
2026-02-04 12:45:00+01:00,101.3151721316662,90.39
2026-02-04 13:00:00+01:00,105.22973922918676,91.4
2026-02-04 13:15:00+01:00,102.77058371642107,90.27
2026-02-04 13:30:00+01:00,101.36276816587143,90.4
2026-02-04 13:45:00+01:00,101.05454802268925,93.46
2026-02-04 14:00:00+01:00,97.47235512549244,92.75
2026-02-04 14:15:00+01:00,99.80718344619909,93.56
2026-02-04 14:30:00+01:00,100.86890208088653,95.41
2026-02-04 14:45:00+01:00,104.39563316353188,102.59
2026-02-04 15:00:00+01:00,101.6565955975138,95.24
2026-02-04 15:15:00+01:00,107.76940401706784,100.56
2026-02-04 15:30:00+01:00,112.97829961536884,106.66
2026-02-04 15:45:00+01:00,121.74206080680585,109.04
2026-02-04 16:00:00+01:00,105.89891809886377,105.65
2026-02-04 16:15:00+01:00,122.29868257733985,109.41
2026-02-04 16:30:00+01:00,120.57193191013171,116.85
2026-02-04 16:45:00+01:00,120.76805420540751,124.83
2026-02-04 17:00:00+01:00,125.08170062283807,117.9
2026-02-04 17:15:00+01:00,121.67168159442453,124.13
2026-02-04 17:30:00+01:00,129.54717341732066,128.43
2026-02-04 17:45:00+01:00,129.05321476516934,128.01
2026-02-04 18:00:00+01:00,124.97854757892348,119.38
2026-02-04 18:15:00+01:00,120.74243446001162,117.03
2026-02-04 18:30:00+01:00,123.51673184295838,116.69
2026-02-04 18:45:00+01:00,120.49087640831219,115.06
2026-02-04 19:00:00+01:00,115.7438986317119,116.57
2026-02-04 19:15:00+01:00,113.42072630383196,105.28
2026-02-04 19:30:00+01:00,114.02641960403508,99.98
2026-02-04 19:45:00+01:00,107.17390797439533,96.25
2026-02-04 20:00:00+01:00,113.49253260831172,103.89
2026-02-04 20:15:00+01:00,107.08985646494203,96.23
2026-02-04 20:30:00+01:00,100.08886773010899,93.58
2026-02-04 20:45:00+01:00,100.67783741668228,91.45
2026-02-04 21:00:00+01:00,105.58044314137541,99.22
2026-02-04 21:15:00+01:00,103.39302211332993,95.29
2026-02-04 21:30:00+01:00,99.27167956165228,92.96
2026-02-04 21:45:00+01:00,97.2112077525298,91.54
2026-02-04 22:00:00+01:00,100.13106748753935,98.24
2026-02-04 22:15:00+01:00,98.61438098082145,95.4
2026-02-04 22:30:00+01:00,101.00994290922907,93.71
2026-02-04 22:45:00+01:00,96.93530688166891,87.94
2026-02-04 23:00:00+01:00,95.10685120223754,92.4
2026-02-04 23:15:00+01:00,92.63618823552505,87.98
2026-02-04 23:30:00+01:00,93.60982005930211,85.09
2026-02-04 23:45:00+01:00,87.93600267311764,79.76
2026-02-05 00:00:00+01:00,91.56889513613041,90.11
2026-02-05 00:15:00+01:00,86.63534298178924,90.55
2026-02-05 00:30:00+01:00,86.885875977903,90.25
2026-02-05 00:45:00+01:00,82.45326122054398,90.3
2026-02-05 01:00:00+01:00,88.05713892153165,89.79
2026-02-05 01:15:00+01:00,85.28725369897234,88.89
2026-02-05 01:30:00+01:00,84.80453913126838,88.61
2026-02-05 01:45:00+01:00,85.00070191131618,86.46
2026-02-05 02:00:00+01:00,84.53251040897494,87.06
2026-02-05 02:15:00+01:00,86.02860797449463,87.12
2026-02-05 02:30:00+01:00,87.87541843744565,88.17
2026-02-05 02:45:00+01:00,87.11519651689711,87.38
2026-02-05 03:00:00+01:00,87.8245503438082,86.59
2026-02-05 03:15:00+01:00,87.35623237716824,88.2
2026-02-05 03:30:00+01:00,87.26956654256647,88.18
2026-02-05 03:45:00+01:00,85.15922609968453,88.21
2026-02-05 04:00:00+01:00,86.7888429647573,87.44
2026-02-05 04:15:00+01:00,87.02714917721143,88.99
2026-02-05 04:30:00+01:00,91.99651760050745,90.17
2026-02-05 04:45:00+01:00,90.09551986518332,91.66
2026-02-05 05:00:00+01:00,90.74485687838397,88.3
2026-02-05 05:15:00+01:00,91.03038191676345,90.56
2026-02-05 05:30:00+01:00,91.16062995617956,92.26
2026-02-05 05:45:00+01:00,97.10781288751134,94.92
2026-02-05 06:00:00+01:00,91.00760053568317,93.33
2026-02-05 06:15:00+01:00,102.3984816242679,104.99
2026-02-05 06:30:00+01:00,104.3987713261296,105.0
2026-02-05 06:45:00+01:00,103.32830142968986,108.06
2026-02-05 07:00:00+01:00,96.72916108155377,103.15
2026-02-05 07:15:00+01:00,108.60976102807135,110.05
2026-02-05 07:30:00+01:00,108.19294484945652,118.63
2026-02-05 07:45:00+01:00,114.6514290824547,121.45
2026-02-05 08:00:00+01:00,124.71122090418537,122.62
2026-02-05 08:15:00+01:00,125.30762976532722,125.34
2026-02-05 08:30:00+01:00,117.01461130411657,127.65
2026-02-05 08:45:00+01:00,114.11199976140948,125.85
2026-02-05 09:00:00+01:00,135.27184738240967,127.66
2026-02-05 09:15:00+01:00,130.09272497235577,122.98
2026-02-05 09:30:00+01:00,120.84376431918233,119.63
2026-02-05 09:45:00+01:00,123.31661426516109,115.81
2026-02-05 10:00:00+01:00,125.82215376194954,127.01
2026-02-05 10:15:00+01:00,118.038379079083,121.37
2026-02-05 10:30:00+01:00,118.0830983116823,115.5
2026-02-05 10:45:00+01:00,114.1904451692797,108.89
2026-02-05 11:00:00+01:00,115.11441783044525,128.26
2026-02-05 11:15:00+01:00,113.13139526484079,121.58
2026-02-05 11:30:00+01:00,117.66716317042842,120.13
2026-02-05 11:45:00+01:00,108.64988622844423,114.3
2026-02-05 12:00:00+01:00,102.28729280316611,110.44
2026-02-05 12:15:00+01:00,107.98148622746005,108.08
2026-02-05 12:30:00+01:00,110.75230104967662,107.56
2026-02-05 12:45:00+01:00,112.30728547607788,106.93
2026-02-05 13:00:00+01:00,109.07075103372281,108.38
2026-02-05 13:15:00+01:00,104.95314809913272,110.0
2026-02-05 13:30:00+01:00,104.73514929170724,110.21
2026-02-05 13:45:00+01:00,106.04449482578076,110.44
2026-02-05 14:00:00+01:00,100.27079932729822,105.28
2026-02-05 14:15:00+01:00,106.0455802375454,108.71
2026-02-05 14:30:00+01:00,117.60448849251351,110.51
2026-02-05 14:45:00+01:00,130.0117560430158,115.91
2026-02-05 15:00:00+01:00,121.69752535860795,107.75
2026-02-05 15:15:00+01:00,139.6831790851111,111.99
2026-02-05 15:30:00+01:00,137.93442020186347,119.87
2026-02-05 15:45:00+01:00,133.09264043368375,128.31
2026-02-05 16:00:00+01:00,128.98746908964267,118.01
2026-02-05 16:15:00+01:00,135.58529083725756,124.01
2026-02-05 16:30:00+01:00,155.1151437203037,130.57
2026-02-05 16:45:00+01:00,147.80922111470898,131.41
2026-02-05 17:00:00+01:00,137.2612476658424,127.82
2026-02-05 17:15:00+01:00,149.6962806941666,134.93
2026-02-05 17:30:00+01:00,159.56097407538468,147.94
2026-02-05 17:45:00+01:00,162.3037339939654,151.31
2026-02-05 18:00:00+01:00,150.5811801576655,139.82
2026-02-05 18:15:00+01:00,150.0408644468289,135.23
2026-02-05 18:30:00+01:00,152.6810526247018,137.98
2026-02-05 18:45:00+01:00,139.62246901629462,133.55
2026-02-05 19:00:00+01:00,160.05474370408257,138.04
2026-02-05 19:15:00+01:00,149.16584338947374,133.45
2026-02-05 19:30:00+01:00,136.06399606331044,131.66
2026-02-05 19:45:00+01:00,125.12205556137118,128.48
2026-02-05 20:00:00+01:00,137.5042139201814,131.0
2026-02-05 20:15:00+01:00,129.82297811873235,124.39
2026-02-05 20:30:00+01:00,119.05447076910319,118.14
2026-02-05 20:45:00+01:00,116.08716037133395,109.71
2026-02-05 21:00:00+01:00,116.51280961074389,113.44
2026-02-05 21:15:00+01:00,114.74568682309004,109.22
2026-02-05 21:30:00+01:00,112.15564764442273,106.98
2026-02-05 21:45:00+01:00,103.75274956168067,101.49
2026-02-05 22:00:00+01:00,112.98308663961944,110.95
2026-02-05 22:15:00+01:00,107.99662926845744,106.57
2026-02-05 22:30:00+01:00,109.40000938412524,104.26
2026-02-05 22:45:00+01:00,104.4016965812332,101.74
2026-02-05 23:00:00+01:00,104.8688443855587,107.33
2026-02-05 23:15:00+01:00,104.34792030417834,103.9
2026-02-05 23:30:00+01:00,100.73175413795873,97.52
2026-02-05 23:45:00+01:00,95.10200691062872,91.4
2026-02-06 00:00:00+01:00,102.96157065346746,100.52
2026-02-06 00:15:00+01:00,98.36583216464837,98.45
2026-02-06 00:30:00+01:00,95.41919500507507,98.16
2026-02-06 00:45:00+01:00,95.8827966043728,100.11
2026-02-06 01:00:00+01:00,100.56649171710562,101.13
2026-02-06 01:15:00+01:00,97.37342147530526,99.4
2026-02-06 01:30:00+01:00,94.81019306461685,98.31
2026-02-06 01:45:00+01:00,94.35545838875905,97.67
2026-02-06 02:00:00+01:00,95.02546920065613,98.8
2026-02-06 02:15:00+01:00,92.27520910514669,97.88
2026-02-06 02:30:00+01:00,94.81851978265222,97.27
2026-02-06 02:45:00+01:00,95.03855532946133,98.4
2026-02-06 03:00:00+01:00,92.88513349911938,96.86
2026-02-06 03:15:00+01:00,93.74883836272427,98.74
2026-02-06 03:30:00+01:00,97.30305894084839,98.4
2026-02-06 03:45:00+01:00,95.45231270630518,98.91
2026-02-06 04:00:00+01:00,94.46710731376969,97.26
2026-02-06 04:15:00+01:00,94.73026530165285,98.78
2026-02-06 04:30:00+01:00,96.36344150189892,98.98
2026-02-06 04:45:00+01:00,96.54996469118618,99.95
2026-02-06 05:00:00+01:00,93.93846730007935,99.36
2026-02-06 05:15:00+01:00,96.56517019640667,100.5
2026-02-06 05:30:00+01:00,96.93298770539415,101.32
2026-02-06 05:45:00+01:00,108.24471828780622,108.15
2026-02-06 06:00:00+01:00,96.77376841927425,99.09
2026-02-06 06:15:00+01:00,105.80363196132464,109.67
2026-02-06 06:30:00+01:00,115.37280479038844,116.35
2026-02-06 06:45:00+01:00,137.17271109919167,136.58
2026-02-06 07:00:00+01:00,129.20374764839184,126.87
2026-02-06 07:15:00+01:00,148.00037105978322,136.82
2026-02-06 07:30:00+01:00,156.8072700662339,147.99
2026-02-06 07:45:00+01:00,174.4551176116808,146.17
2026-02-06 08:00:00+01:00,163.92666424668676,138.67
2026-02-06 08:15:00+01:00,177.89195765792462,145.7
2026-02-06 08:30:00+01:00,182.40968047785051,146.6
2026-02-06 08:45:00+01:00,174.94733859830228,147.99
2026-02-06 09:00:00+01:00,180.76132601069105,148.13
2026-02-06 09:15:00+01:00,170.1864475632736,147.99
2026-02-06 09:30:00+01:00,163.38419359375175,141.71
2026-02-06 09:45:00+01:00,148.43130155241064,138.98
2026-02-06 10:00:00+01:00,160.67963481904403,148.06
2026-02-06 10:15:00+01:00,148.18380367729884,143.59
2026-02-06 10:30:00+01:00,143.92048264145294,140.04
2026-02-06 10:45:00+01:00,143.72148555102586,136.68
2026-02-06 11:00:00+01:00,157.2478525344572,143.66
2026-02-06 11:15:00+01:00,153.05418998876434,141.19
2026-02-06 11:30:00+01:00,149.7817006108406,137.77
2026-02-06 11:45:00+01:00,132.4876093405933,133.02
2026-02-06 12:00:00+01:00,145.90299676551516,138.8
2026-02-06 12:15:00+01:00,139.12955714748978,135.34
2026-02-06 12:30:00+01:00,134.10654215830868,136.68
2026-02-06 12:45:00+01:00,133.0922460995688,134.02
2026-02-06 13:00:00+01:00,143.20567791680386,137.76
2026-02-06 13:15:00+01:00,137.87664467844064,135.66
2026-02-06 13:30:00+01:00,128.7506532329424,136.96
2026-02-06 13:45:00+01:00,121.35866996764737,133.19
2026-02-06 14:00:00+01:00,126.5067518146063,128.35
2026-02-06 14:15:00+01:00,127.93176597084094,134.05
2026-02-06 14:30:00+01:00,148.3668275438664,137.9
2026-02-06 14:45:00+01:00,161.22402651286498,142.37
2026-02-06 15:00:00+01:00,137.49342321319537,132.03
2026-02-06 15:15:00+01:00,154.74847781078415,136.86
2026-02-06 15:30:00+01:00,164.5109925701465,142.29
2026-02-06 15:45:00+01:00,174.9192675734456,146.71
2026-02-06 16:00:00+01:00,163.41650787763447,131.82
2026-02-06 16:15:00+01:00,173.123230997773,133.74
2026-02-06 16:30:00+01:00,177.53506825941986,135.28
2026-02-06 16:45:00+01:00,180.23429884237402,135.01
2026-02-06 17:00:00+01:00,173.16936716400087,128.16
2026-02-06 17:15:00+01:00,174.68756951026103,136.04
2026-02-06 17:30:00+01:00,182.17797048363906,141.27
2026-02-06 17:45:00+01:00,155.60739156394777,143.28
2026-02-06 18:00:00+01:00,198.94915222207553,140.19
2026-02-06 18:15:00+01:00,155.22569729872524,137.62
2026-02-06 18:30:00+01:00,147.56709173029026,125.95
2026-02-06 18:45:00+01:00,144.67264762023734,125.0
2026-02-06 19:00:00+01:00,153.20149683257705,137.26
2026-02-06 19:15:00+01:00,141.06189122982462,124.73
2026-02-06 19:30:00+01:00,131.82920363514634,125.56
2026-02-06 19:45:00+01:00,119.59657391002503,114.96
2026-02-06 20:00:00+01:00,131.29864778411476,119.51
2026-02-06 20:15:00+01:00,114.11522067216278,110.53
2026-02-06 20:30:00+01:00,113.57225352120584,107.55
2026-02-06 20:45:00+01:00,103.57761084249262,106.34
2026-02-06 21:00:00+01:00,116.48601914206917,114.35
2026-02-06 21:15:00+01:00,104.70641036818336,109.83
2026-02-06 21:30:00+01:00,99.76593619124785,107.01
2026-02-06 21:45:00+01:00,97.13984110678193,104.21
2026-02-06 22:00:00+01:00,114.72137706998414,109.8
2026-02-06 22:15:00+01:00,106.78437904038545,106.06
2026-02-06 22:30:00+01:00,104.74603777338068,105.06
2026-02-06 22:45:00+01:00,101.37057790637598,104.13
2026-02-06 23:00:00+01:00,111.6571187731142,107.05
2026-02-06 23:15:00+01:00,100.57823738295536,103.65
2026-02-06 23:30:00+01:00,96.88196565590349,101.41
2026-02-06 23:45:00+01:00,91.63900651631256,96.84
2026-02-07 00:00:00+01:00,108.35570254931947,104.57
2026-02-07 00:15:00+01:00,102.17768075125687,101.03
2026-02-07 00:30:00+01:00,98.88222357534343,100.53
2026-02-07 00:45:00+01:00,96.95048908258592,99.84
2026-02-07 01:00:00+01:00,102.72978703677214,100.25
2026-02-07 01:15:00+01:00,96.98704686591063,98.78
2026-02-07 01:30:00+01:00,99.50835182942724,100.7
2026-02-07 01:45:00+01:00,98.92863679011948,100.27
2026-02-07 02:00:00+01:00,97.43808185147486,100.17
2026-02-07 02:15:00+01:00,99.28327086019135,99.41
2026-02-07 02:30:00+01:00,98.28466928032441,96.89
2026-02-07 02:45:00+01:00,97.46309396084547,95.7
2026-02-07 03:00:00+01:00,96.23899589555387,98.28
2026-02-07 03:15:00+01:00,94.25386080473201,96.5
2026-02-07 03:30:00+01:00,90.67755994364782,97.31
2026-02-07 03:45:00+01:00,91.64098610188542,95.45
2026-02-07 04:00:00+01:00,92.04670276731514,95.86
2026-02-07 04:15:00+01:00,88.52831321711606,96.58
2026-02-07 04:30:00+01:00,87.86756939796503,96.8
2026-02-07 04:45:00+01:00,88.59112869579855,96.34
2026-02-07 05:00:00+01:00,90.52993897840699,94.57
2026-02-07 05:15:00+01:00,93.21221877347207,96.34
2026-02-07 05:30:00+01:00,93.36545386877053,96.74
2026-02-07 05:45:00+01:00,86.70939282802833,99.25
2026-02-07 06:00:00+01:00,95.1920721061802,90.06
2026-02-07 06:15:00+01:00,92.58919704557178,95.97
2026-02-07 06:30:00+01:00,95.13614408114611,98.97
2026-02-07 06:45:00+01:00,92.20596948136763,103.38
2026-02-07 07:00:00+01:00,99.4972290377647,100.28
2026-02-07 07:15:00+01:00,93.47144833073416,102.39
2026-02-07 07:30:00+01:00,88.5473470638234,107.13
2026-02-07 07:45:00+01:00,96.11840361326084,112.39
2026-02-07 08:00:00+01:00,97.80941955526828,108.15
2026-02-07 08:15:00+01:00,107.0490309270508,113.61
2026-02-07 08:30:00+01:00,107.4676978272907,116.99
2026-02-07 08:45:00+01:00,108.7935593606954,117.57
2026-02-07 09:00:00+01:00,110.30126307443484,125.0
2026-02-07 09:15:00+01:00,112.57790575529606,119.51
2026-02-07 09:30:00+01:00,111.81352182993807,117.06
2026-02-07 09:45:00+01:00,110.21930992621033,110.33
2026-02-07 10:00:00+01:00,111.80187474969615,117.03
2026-02-07 10:15:00+01:00,111.77667320751664,109.37
2026-02-07 10:30:00+01:00,106.1075403103737,107.78
2026-02-07 10:45:00+01:00,101.64856713507625,106.07
2026-02-07 11:00:00+01:00,110.95548601140008,106.89
2026-02-07 11:15:00+01:00,106.6951447159926,105.84
2026-02-07 11:30:00+01:00,105.27025846704522,103.76
2026-02-07 11:45:00+01:00,101.27360822861753,101.64
2026-02-07 12:00:00+01:00,107.34789798359269,103.69
2026-02-07 12:15:00+01:00,101.82805106039673,101.15
2026-02-07 12:30:00+01:00,103.86190129181136,98.1
2026-02-07 12:45:00+01:00,101.83268071300698,97.53
2026-02-07 13:00:00+01:00,102.18262606853091,97.92
2026-02-07 13:15:00+01:00,99.5244948907455,97.32
2026-02-07 13:30:00+01:00,99.35720509580688,96.89
2026-02-07 13:45:00+01:00,99.89191464977144,97.42
2026-02-07 14:00:00+01:00,99.33900893882031,96.46
2026-02-07 14:15:00+01:00,96.75282754324584,97.68
2026-02-07 14:30:00+01:00,102.61326805558991,101.43
2026-02-07 14:45:00+01:00,95.1932543164131,104.14
2026-02-07 15:00:00+01:00,92.67956881229664,101.41
2026-02-07 15:15:00+01:00,93.44797942220058,103.59
2026-02-07 15:30:00+01:00,102.26776109989324,108.77
2026-02-07 15:45:00+01:00,109.35537656647944,111.56
2026-02-07 16:00:00+01:00,96.48553580732367,108.08
2026-02-07 16:15:00+01:00,99.99388855392404,116.82
2026-02-07 16:30:00+01:00,111.40681624002511,124.21
2026-02-07 16:45:00+01:00,117.62783008011515,132.05
2026-02-07 17:00:00+01:00,110.92721513635244,127.43
2026-02-07 17:15:00+01:00,122.77162805804498,131.08
2026-02-07 17:30:00+01:00,131.39204652715986,137.11
2026-02-07 17:45:00+01:00,134.70311643803348,140.53
2026-02-07 18:00:00+01:00,124.83368670875316,137.98
2026-02-07 18:15:00+01:00,126.67660328559012,136.38
2026-02-07 18:30:00+01:00,125.2510326540273,134.22
2026-02-07 18:45:00+01:00,127.61284761542458,132.75
2026-02-07 19:00:00+01:00,123.014273027522,131.43
2026-02-07 19:15:00+01:00,117.33600319338088,132.13
2026-02-07 19:30:00+01:00,131.29136726431489,126.72
2026-02-07 19:45:00+01:00,121.62856439325799,119.71
2026-02-07 20:00:00+01:00,116.0821890594272,125.25
2026-02-07 20:15:00+01:00,116.92687511755685,115.47
2026-02-07 20:30:00+01:00,117.77722234184142,108.07
2026-02-07 20:45:00+01:00,109.83274803913086,104.79
2026-02-07 21:00:00+01:00,104.30993848150754,109.19
2026-02-07 21:15:00+01:00,111.4595658411196,105.36
2026-02-07 21:30:00+01:00,107.65963433900939,102.94
2026-02-07 21:45:00+01:00,103.38409474975359,100.07
2026-02-07 22:00:00+01:00,107.12267351411799,107.6
2026-02-07 22:15:00+01:00,98.4977406804638,105.41
2026-02-07 22:30:00+01:00,104.00273257635932,103.25
2026-02-07 22:45:00+01:00,107.71151440217821,100.03
2026-02-07 23:00:00+01:00,102.8997793102577,105.96
2026-02-07 23:15:00+01:00,99.29896826781525,101.17
2026-02-07 23:30:00+01:00,99.86619359562951,96.11
2026-02-07 23:45:00+01:00,90.47187162280731,91.8
2026-02-08 00:00:00+01:00,105.22201373568572,110.04
2026-02-08 00:15:00+01:00,100.98707858472811,101.13
2026-02-08 00:30:00+01:00,97.95544434728329,99.99
2026-02-08 00:45:00+01:00,96.49422146386497,96.98
2026-02-08 01:00:00+01:00,103.25872715206664,101.51
2026-02-08 01:15:00+01:00,98.97957391801651,101.37
2026-02-08 01:30:00+01:00,98.72972576693581,97.1
2026-02-08 01:45:00+01:00,96.03832883766322,96.2
2026-02-08 02:00:00+01:00,97.12529827732969,99.9
2026-02-08 02:15:00+01:00,91.58243732531359,97.49
2026-02-08 02:30:00+01:00,96.26572175195098,96.63
2026-02-08 02:45:00+01:00,95.65600795306065,96.25
2026-02-08 03:00:00+01:00,96.05212486469705,97.43
2026-02-08 03:15:00+01:00,95.78865509023734,96.7
2026-02-08 03:30:00+01:00,96.87724455188828,95.64
2026-02-08 03:45:00+01:00,93.39283753011983,95.93
2026-02-08 04:00:00+01:00,95.55373587094493,94.9
2026-02-08 04:15:00+01:00,95.37559807293506,94.5
2026-02-08 04:30:00+01:00,95.30085030830328,95.05
2026-02-08 04:45:00+01:00,91.73630416283709,94.99
2026-02-08 05:00:00+01:00,92.6592996253853,95.59
2026-02-08 05:15:00+01:00,94.40082440806681,95.41
2026-02-08 05:30:00+01:00,93.21466455450435,95.49
2026-02-08 05:45:00+01:00,94.31199354152389,96.51
2026-02-08 06:00:00+01:00,94.51626766516995,90.28
2026-02-08 06:15:00+01:00,96.10325249408719,92.8
2026-02-08 06:30:00+01:00,98.03051638718165,96.45
2026-02-08 06:45:00+01:00,95.50145768977757,100.47
2026-02-08 07:00:00+01:00,98.9365401858044,91.09
2026-02-08 07:15:00+01:00,101.02257989147715,94.71
2026-02-08 07:30:00+01:00,97.78079789468316,96.3
2026-02-08 07:45:00+01:00,102.59781681857862,101.12
2026-02-08 08:00:00+01:00,101.61426752936595,96.05
2026-02-08 08:15:00+01:00,100.41726287624606,101.24
2026-02-08 08:30:00+01:00,105.51829862644392,101.57
2026-02-08 08:45:00+01:00,105.76021811021207,102.53
2026-02-08 09:00:00+01:00,115.3768413458013,101.92
2026-02-08 09:15:00+01:00,111.87971655429575,102.84
2026-02-08 09:30:00+01:00,110.40316148853738,102.36
2026-02-08 09:45:00+01:00,107.73025456031546,100.83
2026-02-08 10:00:00+01:00,114.9453525747466,104.37
2026-02-08 10:15:00+01:00,111.75527861258553,103.81
2026-02-08 10:30:00+01:00,108.52026420923137,101.62
2026-02-08 10:45:00+01:00,108.25669512300695,100.78
2026-02-08 11:00:00+01:00,112.73394999347278,102.14
2026-02-08 11:15:00+01:00,107.29257430613974,100.85
2026-02-08 11:30:00+01:00,107.22780190799111,98.64
2026-02-08 11:45:00+01:00,108.22668908719126,96.77
2026-02-08 12:00:00+01:00,116.11132182279577,97.86
2026-02-08 12:15:00+01:00,106.80322708708934,96.77
2026-02-08 12:30:00+01:00,104.46494014613607,96.97
2026-02-08 12:45:00+01:00,104.69063385055057,94.69
2026-02-08 13:00:00+01:00,105.15778034749822,95.1
2026-02-08 13:15:00+01:00,104.95876695008553,94.01
2026-02-08 13:30:00+01:00,101.83407091147609,96.26
2026-02-08 13:45:00+01:00,103.32317075145272,96.43
2026-02-08 14:00:00+01:00,103.80642021005244,94.09
2026-02-08 14:15:00+01:00,99.51303622036863,96.62
2026-02-08 14:30:00+01:00,107.36039084558904,97.71
2026-02-08 14:45:00+01:00,114.8390096079919,100.46
2026-02-08 15:00:00+01:00,102.34674748985982,98.03
2026-02-08 15:15:00+01:00,115.00485320337044,100.52
2026-02-08 15:30:00+01:00,119.2047996436619,104.32
2026-02-08 15:45:00+01:00,119.0378637911725,110.42
2026-02-08 16:00:00+01:00,111.28775474421808,100.84
2026-02-08 16:15:00+01:00,117.97254559889188,107.64
2026-02-08 16:30:00+01:00,120.40475822472514,115.03
2026-02-08 16:45:00+01:00,125.00511014410137,123.63
2026-02-08 17:00:00+01:00,124.15537653058362,119.54
2026-02-08 17:15:00+01:00,129.0954434139781,125.98
2026-02-08 17:30:00+01:00,136.95252376646573,131.0
2026-02-08 17:45:00+01:00,144.79929542168136,134.01
2026-02-08 18:00:00+01:00,137.31812833169667,129.79
2026-02-08 18:15:00+01:00,140.12177585876853,132.89
2026-02-08 18:30:00+01:00,148.6655155124677,132.55
2026-02-08 18:45:00+01:00,149.01111384504293,129.84
2026-02-08 19:00:00+01:00,150.8184809084804,132.96
2026-02-08 19:15:00+01:00,146.4289231827264,129.56
2026-02-08 19:30:00+01:00,138.2774877776258,125.09
2026-02-08 19:45:00+01:00,128.8844367167134,120.02
2026-02-08 20:00:00+01:00,147.33202168068294,122.86
2026-02-08 20:15:00+01:00,129.0228338664217,114.26
2026-02-08 20:30:00+01:00,121.0900629222116,109.93
2026-02-08 20:45:00+01:00,114.74262651491799,106.08
2026-02-08 21:00:00+01:00,119.24408237260963,110.84
2026-02-08 21:15:00+01:00,117.54146691328317,109.25
2026-02-08 21:30:00+01:00,113.63462140885265,106.93
2026-02-08 21:45:00+01:00,109.36374669288453,103.49
2026-02-08 22:00:00+01:00,119.3002968228723,108.08
2026-02-08 22:15:00+01:00,111.0859809186322,106.56
2026-02-08 22:30:00+01:00,106.91184690373764,104.14
2026-02-08 22:45:00+01:00,106.21963400314499,101.78
2026-02-08 23:00:00+01:00,111.2579579952776,103.42
2026-02-08 23:15:00+01:00,105.31348446530951,101.71
2026-02-08 23:30:00+01:00,102.91470452561606,100.28
2026-02-08 23:45:00+01:00,98.41646275249803,94.52
2026-02-09 00:00:00+01:00,103.08204884227223,99.98
2026-02-09 00:15:00+01:00,98.77164547584904,97.44
2026-02-09 00:30:00+01:00,101.49705146537977,95.51
2026-02-09 00:45:00+01:00,102.5347294600258,94.05
2026-02-09 01:00:00+01:00,100.6887517986647,97.68
2026-02-09 01:15:00+01:00,101.36645872763113,95.58
2026-02-09 01:30:00+01:00,97.99165998493208,94.9
2026-02-09 01:45:00+01:00,98.06616095103928,93.65
2026-02-09 02:00:00+01:00,97.79621214915824,95.32
2026-02-09 02:15:00+01:00,99.05325398765788,95.17
2026-02-09 02:30:00+01:00,99.92595400961889,96.54
2026-02-09 02:45:00+01:00,98.81315412539597,95.78
2026-02-09 03:00:00+01:00,96.38799883477387,95.71
2026-02-09 03:15:00+01:00,99.05273757105492,94.67
2026-02-09 03:30:00+01:00,96.67572816545201,95.34
2026-02-09 03:45:00+01:00,96.69241749201011,96.15
2026-02-09 04:00:00+01:00,96.92897576466824,93.42
2026-02-09 04:15:00+01:00,96.07461424922657,95.12
2026-02-09 04:30:00+01:00,98.09165289509825,96.81
2026-02-09 04:45:00+01:00,98.57146128730865,100.91
2026-02-09 05:00:00+01:00,100.58533886460924,95.7
2026-02-09 05:15:00+01:00,97.66163681771852,100.99
2026-02-09 05:30:00+01:00,99.88930665277707,105.65
2026-02-09 05:45:00+01:00,110.50834341030144,116.6
2026-02-09 06:00:00+01:00,98.97323283617487,105.0
2026-02-09 06:15:00+01:00,112.47326400850365,121.37
2026-02-09 06:30:00+01:00,127.42711577460929,136.18
2026-02-09 06:45:00+01:00,148.65552432114492,166.39
2026-02-09 07:00:00+01:00,133.75813185337643,137.14
2026-02-09 07:15:00+01:00,149.94468609013978,159.03
2026-02-09 07:30:00+01:00,164.42306543128888,168.26
2026-02-09 07:45:00+01:00,182.01711895724367,169.95
2026-02-09 08:00:00+01:00,175.64317690105133,170.29
2026-02-09 08:15:00+01:00,181.4516494298797,188.94
2026-02-09 08:30:00+01:00,189.70560186421162,185.46
2026-02-09 08:45:00+01:00,167.45940067326498,186.15
2026-02-09 09:00:00+01:00,191.36449442081465,183.9
2026-02-09 09:15:00+01:00,179.46073628886217,174.8
2026-02-09 09:30:00+01:00,163.23015984628933,160.07
2026-02-09 09:45:00+01:00,128.9217041742096,158.06
2026-02-09 10:00:00+01:00,159.8905373269002,166.23
2026-02-09 10:15:00+01:00,149.49365169906818,164.12
2026-02-09 10:30:00+01:00,134.9238536014887,153.99
2026-02-09 10:45:00+01:00,123.38791448351881,144.82
2026-02-09 11:00:00+01:00,137.15939108279912,151.01
2026-02-09 11:15:00+01:00,122.73417018702162,146.46
2026-02-09 11:30:00+01:00,118.27288043034574,142.9
2026-02-09 11:45:00+01:00,118.65220280768179,137.15
2026-02-09 12:00:00+01:00,127.7782176264947,143.19
2026-02-09 12:15:00+01:00,114.72751175069396,138.08
2026-02-09 12:30:00+01:00,116.07040746160756,135.18
2026-02-09 12:45:00+01:00,118.40568888814616,131.84
2026-02-09 13:00:00+01:00,111.14961724622356,136.23
2026-02-09 13:15:00+01:00,113.4872340649356,137.59
2026-02-09 13:30:00+01:00,119.14656357696305,134.26
2026-02-09 13:45:00+01:00,126.32612635963397,132.02
2026-02-09 14:00:00+01:00,116.26533485242983,123.66
2026-02-09 14:15:00+01:00,130.07535045196653,133.63
2026-02-09 14:30:00+01:00,151.76707772633733,142.14
2026-02-09 14:45:00+01:00,161.9678380539252,151.2
2026-02-09 15:00:00+01:00,138.5384768785805,128.85
2026-02-09 15:15:00+01:00,164.38174173547097,138.68
2026-02-09 15:30:00+01:00,166.16571506764154,157.78
2026-02-09 15:45:00+01:00,167.08542859180037,171.0
2026-02-09 16:00:00+01:00,150.26936546685297,141.73
2026-02-09 16:15:00+01:00,164.9269047840304,160.39
2026-02-09 16:30:00+01:00,175.9388746269566,183.82
2026-02-09 16:45:00+01:00,176.33656696112223,189.99
2026-02-09 17:00:00+01:00,154.39530175332982,186.86
2026-02-09 17:15:00+01:00,163.11131053763683,233.57
2026-02-09 17:30:00+01:00,173.17015513475872,244.77
2026-02-09 17:45:00+01:00,175.34657789601323,243.65
2026-02-09 18:00:00+01:00,173.90874000514876,196.61
2026-02-09 18:15:00+01:00,153.47766589277649,186.03
2026-02-09 18:30:00+01:00,147.92144023191506,171.0
2026-02-09 18:45:00+01:00,142.48885130486846,175.26
2026-02-09 19:00:00+01:00,163.66691226478537,187.92
2026-02-09 19:15:00+01:00,143.66765907971325,170.54
2026-02-09 19:30:00+01:00,133.31783328610538,160.74
2026-02-09 19:45:00+01:00,129.0059841390751,144.04
2026-02-09 20:00:00+01:00,146.44930693891365,162.88
2026-02-09 20:15:00+01:00,128.75631386778258,148.31
2026-02-09 20:30:00+01:00,122.33122137055241,139.51
2026-02-09 20:45:00+01:00,113.91118244632287,125.81
2026-02-09 21:00:00+01:00,118.68607587055116,146.31
2026-02-09 21:15:00+01:00,113.05704952969725,142.66
2026-02-09 21:30:00+01:00,110.75159972439072,131.05
2026-02-09 21:45:00+01:00,105.29030345503395,118.38
2026-02-09 22:00:00+01:00,113.61412585734527,130.45
2026-02-09 22:15:00+01:00,109.86190396307438,124.32
2026-02-09 22:30:00+01:00,107.32963516029668,123.09
2026-02-09 22:45:00+01:00,103.32914443551114,113.72
2026-02-09 23:00:00+01:00,106.34640687118191,117.03
2026-02-09 23:15:00+01:00,103.80500490906783,109.09
2026-02-09 23:30:00+01:00,100.84756895582716,107.19
2026-02-09 23:45:00+01:00,95.57969873773276,102.38
2026-02-10 00:00:00+01:00,104.18324549805149,106.37
2026-02-10 00:15:00+01:00,103.03077353299624,104.65
2026-02-10 00:30:00+01:00,101.51324353223382,103.98
2026-02-10 00:45:00+01:00,99.97312592398787,103.57
2026-02-10 01:00:00+01:00,104.75226614681142,105.03
2026-02-10 01:15:00+01:00,101.71324266396343,104.03
2026-02-10 01:30:00+01:00,101.45137446917548,103.04
2026-02-10 01:45:00+01:00,98.5219971746006,102.88
2026-02-10 02:00:00+01:00,103.05750229921172,103.21
2026-02-10 02:15:00+01:00,101.52148092859402,102.54
2026-02-10 02:30:00+01:00,95.98718451819336,102.51
2026-02-10 02:45:00+01:00,95.94636023476643,102.73
2026-02-10 03:00:00+01:00,98.51855965725511,102.83
2026-02-10 03:15:00+01:00,97.75450785008869,102.58
2026-02-10 03:30:00+01:00,97.68584008958175,102.23
2026-02-10 03:45:00+01:00,95.3050536675556,102.1
2026-02-10 04:00:00+01:00,95.96396808084765,102.02
2026-02-10 04:15:00+01:00,97.3256447075606,100.7
2026-02-10 04:30:00+01:00,100.38118109106917,102.95
2026-02-10 04:45:00+01:00,100.62512741418584,104.07
2026-02-10 05:00:00+01:00,100.68438591485179,103.59
2026-02-10 05:15:00+01:00,100.59447329112635,103.2
2026-02-10 05:30:00+01:00,105.01950060077264,104.81
2026-02-10 05:45:00+01:00,103.28527030554271,110.11
2026-02-10 06:00:00+01:00,106.953782915268,102.5
2026-02-10 06:15:00+01:00,108.19804817480447,112.26
2026-02-10 06:30:00+01:00,120.04362718464706,124.49
2026-02-10 06:45:00+01:00,131.56299025100756,140.42
2026-02-10 07:00:00+01:00,133.42529429894725,122.95
2026-02-10 07:15:00+01:00,150.65502660367332,130.57
2026-02-10 07:30:00+01:00,159.74098143312509,141.2
2026-02-10 07:45:00+01:00,150.97789809471277,144.84
2026-02-10 08:00:00+01:00,160.54002991158552,146.49
2026-02-10 08:15:00+01:00,172.81102218972538,150.1
2026-02-10 08:30:00+01:00,161.9037017804434,141.92
2026-02-10 08:45:00+01:00,140.49272952782167,136.8
2026-02-10 09:00:00+01:00,157.97177807141276,141.6
2026-02-10 09:15:00+01:00,148.6156843520768,135.57
2026-02-10 09:30:00+01:00,137.30552508613061,129.51
2026-02-10 09:45:00+01:00,119.81145404645501,121.65
2026-02-10 10:00:00+01:00,141.78058385302592,141.67
2026-02-10 10:15:00+01:00,124.12031786555173,131.0
2026-02-10 10:30:00+01:00,116.54198405420127,126.16
2026-02-10 10:45:00+01:00,111.06873770379951,117.52
2026-02-10 11:00:00+01:00,127.01908370958719,129.96
2026-02-10 11:15:00+01:00,116.81371717248832,124.03
2026-02-10 11:30:00+01:00,116.45958946915535,115.04
2026-02-10 11:45:00+01:00,107.92765750916104,108.74
2026-02-10 12:00:00+01:00,111.07846057873948,112.55
2026-02-10 12:15:00+01:00,110.97415626425368,107.28
2026-02-10 12:30:00+01:00,111.80864766248118,109.13
2026-02-10 12:45:00+01:00,112.3949211671938,107.93
2026-02-10 13:00:00+01:00,115.59760243808003,110.26
2026-02-10 13:15:00+01:00,116.30278616575332,107.42
2026-02-10 13:30:00+01:00,115.47907410326299,109.36
2026-02-10 13:45:00+01:00,113.20321044701761,110.84
2026-02-10 14:00:00+01:00,110.69375653309577,108.79
2026-02-10 14:15:00+01:00,122.73291256022759,112.4
2026-02-10 14:30:00+01:00,131.56227778798493,119.12
2026-02-10 14:45:00+01:00,133.44436071721637,124.58
2026-02-10 15:00:00+01:00,121.61949228845403,118.74
2026-02-10 15:15:00+01:00,131.6275880547703,122.28
2026-02-10 15:30:00+01:00,135.24096754463977,134.65
2026-02-10 15:45:00+01:00,142.2173615548684,136.79
2026-02-10 16:00:00+01:00,129.42004488472227,120.09
2026-02-10 16:15:00+01:00,140.24963684413987,127.42
2026-02-10 16:30:00+01:00,135.66037014640972,126.16
2026-02-10 16:45:00+01:00,140.6618857963525,136.98
2026-02-10 17:00:00+01:00,134.8884348246615,130.45
2026-02-10 17:15:00+01:00,139.6315550663924,131.01
2026-02-10 17:30:00+01:00,153.15919494007468,138.89
2026-02-10 17:45:00+01:00,154.4566100607402,140.62
2026-02-10 18:00:00+01:00,150.06765793081567,141.29
2026-02-10 18:15:00+01:00,145.38200554406998,135.94
2026-02-10 18:30:00+01:00,142.46411218297453,129.53
2026-02-10 18:45:00+01:00,146.00727336148677,120.09
2026-02-10 19:00:00+01:00,149.0495990029654,130.44
2026-02-10 19:15:00+01:00,137.93300370519395,124.28
2026-02-10 19:30:00+01:00,140.7535871473161,118.48
2026-02-10 19:45:00+01:00,125.53939266606363,108.11
2026-02-10 20:00:00+01:00,138.01852617613375,122.78
2026-02-10 20:15:00+01:00,124.69801938630123,112.57
2026-02-10 20:30:00+01:00,115.8759375463514,105.28
2026-02-10 20:45:00+01:00,110.64221063740447,104.38
2026-02-10 21:00:00+01:00,113.94744695704134,110.52
2026-02-10 21:15:00+01:00,109.70571808353768,107.38
2026-02-10 21:30:00+01:00,108.16819589744725,106.56
2026-02-10 21:45:00+01:00,104.61640136289996,104.17
2026-02-10 22:00:00+01:00,112.61692932747731,109.33
2026-02-10 22:15:00+01:00,111.05566256010093,107.91
2026-02-10 22:30:00+01:00,109.25159375039166,106.32
2026-02-10 22:45:00+01:00,107.70396637967949,103.2
2026-02-10 23:00:00+01:00,112.19816154465624,106.03
2026-02-10 23:15:00+01:00,105.23350468981629,103.42
2026-02-10 23:30:00+01:00,102.09923351562975,99.4
2026-02-10 23:45:00+01:00,97.25795304125732,93.26
2026-02-11 00:00:00+01:00,100.05367756635673,96.96
2026-02-11 00:15:00+01:00,100.09601822717299,97.18
2026-02-11 00:30:00+01:00,100.3802435435495,97.03
2026-02-11 00:45:00+01:00,100.09106851553668,95.96
2026-02-11 01:00:00+01:00,100.03542521442435,97.12
2026-02-11 01:15:00+01:00,99.58095722045265,96.99
2026-02-11 01:30:00+01:00,97.07386204574473,96.7
2026-02-11 01:45:00+01:00,97.07852676401446,95.71
2026-02-11 02:00:00+01:00,101.06772156444079,96.84
2026-02-11 02:15:00+01:00,96.28990230738998,95.37
2026-02-11 02:30:00+01:00,99.06076436610773,95.1
2026-02-11 02:45:00+01:00,95.21246362346113,95.11
2026-02-11 03:00:00+01:00,96.88517800252356,94.87
2026-02-11 03:15:00+01:00,95.73409425044082,94.87
2026-02-11 03:30:00+01:00,95.89879261772445,94.87
2026-02-11 03:45:00+01:00,94.81295645910372,94.11
2026-02-11 04:00:00+01:00,94.61303610155727,94.87
2026-02-11 04:15:00+01:00,94.66870483865117,94.77
2026-02-11 04:30:00+01:00,98.3874404502943,94.87
2026-02-11 04:45:00+01:00,98.80568229473636,94.87
2026-02-11 05:00:00+01:00,95.78353419632354,94.83
2026-02-11 05:15:00+01:00,96.30114321850411,96.05
2026-02-11 05:30:00+01:00,99.97518347671229,100.65
2026-02-11 05:45:00+01:00,110.20976365670309,105.04
2026-02-11 06:00:00+01:00,93.82180013599763,98.4
2026-02-11 06:15:00+01:00,105.61324362058443,106.74
2026-02-11 06:30:00+01:00,112.5657424906937,112.91
2026-02-11 06:45:00+01:00,124.83041650580395,123.86
2026-02-11 07:00:00+01:00,119.4413116824436,113.26
2026-02-11 07:15:00+01:00,129.16269759381692,130.5
2026-02-11 07:30:00+01:00,134.80889536888515,136.21
2026-02-11 07:45:00+01:00,143.77601661217244,136.03
2026-02-11 08:00:00+01:00,150.90199165887586,134.48
2026-02-11 08:15:00+01:00,148.71000587725803,136.9
2026-02-11 08:30:00+01:00,143.73189831175347,141.0
2026-02-11 08:45:00+01:00,136.811216885816,135.89
2026-02-11 09:00:00+01:00,152.25276573058736,134.36
2026-02-11 09:15:00+01:00,139.19080520552222,132.83
2026-02-11 09:30:00+01:00,135.8344268134763,131.64
2026-02-11 09:45:00+01:00,122.74460070448588,126.92
2026-02-11 10:00:00+01:00,131.43179820329567,131.0
2026-02-11 10:15:00+01:00,122.41233736388068,128.93
2026-02-11 10:30:00+01:00,132.713574119331,125.52
2026-02-11 10:45:00+01:00,117.91940282340443,124.55
2026-02-11 11:00:00+01:00,127.08437546163037,131.42
2026-02-11 11:15:00+01:00,123.6295295580268,130.61
2026-02-11 11:30:00+01:00,128.85122872426817,123.17
2026-02-11 11:45:00+01:00,118.94469020400737,118.56
2026-02-11 12:00:00+01:00,123.69047465680589,119.87
2026-02-11 12:15:00+01:00,118.10783299701166,116.05
2026-02-11 12:30:00+01:00,119.8879466213563,113.82
2026-02-11 12:45:00+01:00,122.40762607960083,113.71
2026-02-11 13:00:00+01:00,127.04421566958364,119.17
2026-02-11 13:15:00+01:00,128.4485486291605,118.05
2026-02-11 13:30:00+01:00,126.19293088539351,116.01
2026-02-11 13:45:00+01:00,121.90506331006702,113.57
2026-02-11 14:00:00+01:00,120.01554516889443,114.28
2026-02-11 14:15:00+01:00,121.39417902936044,116.5
2026-02-11 14:30:00+01:00,120.92442394837006,117.14
2026-02-11 14:45:00+01:00,115.30877210829155,118.88
2026-02-11 15:00:00+01:00,115.0265505929005,116.37
2026-02-11 15:15:00+01:00,109.33691041407634,116.34
2026-02-11 15:30:00+01:00,115.87168847521673,119.0
2026-02-11 15:45:00+01:00,120.27388676858891,121.03
2026-02-11 16:00:00+01:00,110.99054428179936,117.25
2026-02-11 16:15:00+01:00,117.33250561481151,118.26
2026-02-11 16:30:00+01:00,121.40878066044786,121.99
2026-02-11 16:45:00+01:00,123.90450337772107,131.76
2026-02-11 17:00:00+01:00,121.1255550161553,119.71
2026-02-11 17:15:00+01:00,127.27409228570762,129.83
2026-02-11 17:30:00+01:00,137.66014224995976,130.14
2026-02-11 17:45:00+01:00,136.05164312544866,131.92
2026-02-11 18:00:00+01:00,124.03856538513489,131.01
2026-02-11 18:15:00+01:00,125.09219183198081,128.06
2026-02-11 18:30:00+01:00,132.8308885255856,123.4
2026-02-11 18:45:00+01:00,129.77804024203178,119.39
2026-02-11 19:00:00+01:00,128.06821679894531,122.96
2026-02-11 19:15:00+01:00,119.48165544858855,111.77
2026-02-11 19:30:00+01:00,116.87563910848823,107.41
2026-02-11 19:45:00+01:00,108.5590217201648,105.94
2026-02-11 20:00:00+01:00,115.73960302843986,109.17
2026-02-11 20:15:00+01:00,114.1713889829292,106.36
2026-02-11 20:30:00+01:00,109.07532620626547,103.59
2026-02-11 20:45:00+01:00,103.94479116820362,100.59
2026-02-11 21:00:00+01:00,106.87580259090113,107.41
2026-02-11 21:15:00+01:00,102.35727401068608,106.93
2026-02-11 21:30:00+01:00,103.73998611671624,104.67
2026-02-11 21:45:00+01:00,94.6299798044941,98.51
2026-02-11 22:00:00+01:00,109.81063656769166,106.11
2026-02-11 22:15:00+01:00,103.0849939066008,103.51
2026-02-11 22:30:00+01:00,99.45448172534628,99.99
2026-02-11 22:45:00+01:00,96.11301911182854,98.38
2026-02-11 23:00:00+01:00,104.02832787654557,102.31
2026-02-11 23:15:00+01:00,98.60402200971194,96.33
2026-02-11 23:30:00+01:00,94.2446872340141,93.89
2026-02-11 23:45:00+01:00,86.13392097735029,88.7
2026-02-12 00:00:00+01:00,100.3318437383597,90.02
2026-02-12 00:15:00+01:00,96.28565686613035,87.4
2026-02-12 00:30:00+01:00,95.51596931281372,89.11
2026-02-12 00:45:00+01:00,94.41603376373016,86.24
2026-02-12 01:00:00+01:00,95.97316826920125,88.07
2026-02-12 01:15:00+01:00,96.4368432931405,86.55
2026-02-12 01:30:00+01:00,96.48873179845079,87.6
2026-02-12 01:45:00+01:00,94.26732292114221,88.1
2026-02-12 02:00:00+01:00,91.97677183495576,86.94
2026-02-12 02:15:00+01:00,92.54333068555158,87.45
2026-02-12 02:30:00+01:00,95.77608826641524,85.77
2026-02-12 02:45:00+01:00,95.7846437998575,84.65
2026-02-12 03:00:00+01:00,93.6839564391359,85.03
2026-02-12 03:15:00+01:00,94.68913046603105,83.76
2026-02-12 03:30:00+01:00,94.96595976681107,84.93
2026-02-12 03:45:00+01:00,95.93646969908646,85.85
2026-02-12 04:00:00+01:00,90.68865763941233,85.07
2026-02-12 04:15:00+01:00,93.21166839001626,85.7
2026-02-12 04:30:00+01:00,92.90196633989224,86.09
2026-02-12 04:45:00+01:00,93.22172132294213,87.19
2026-02-12 05:00:00+01:00,93.17761389754499,86.65
2026-02-12 05:15:00+01:00,94.22413056897314,87.2
2026-02-12 05:30:00+01:00,95.00083722524982,90.49
2026-02-12 05:45:00+01:00,99.97986141519128,93.38
2026-02-12 06:00:00+01:00,95.81886042183154,90.7
2026-02-12 06:15:00+01:00,104.35872307493477,97.29
2026-02-12 06:30:00+01:00,109.40111540917002,103.96
2026-02-12 06:45:00+01:00,110.81462528626838,107.5
2026-02-12 07:00:00+01:00,113.70890319228585,103.1
2026-02-12 07:15:00+01:00,120.93553867838341,115.0
2026-02-12 07:30:00+01:00,129.33825801089054,121.04
2026-02-12 07:45:00+01:00,129.94747510006488,124.89
2026-02-12 08:00:00+01:00,130.5166997586356,122.67
2026-02-12 08:15:00+01:00,133.75322751203248,123.92
2026-02-12 08:30:00+01:00,134.65685574536687,123.68
2026-02-12 08:45:00+01:00,131.1562593138669,122.02
2026-02-12 09:00:00+01:00,129.07710600955414,129.67
2026-02-12 09:15:00+01:00,135.35844693981892,123.03
2026-02-12 09:30:00+01:00,128.12293153586066,117.45
2026-02-12 09:45:00+01:00,130.00357139359517,114.67
2026-02-12 10:00:00+01:00,132.3755775609412,124.64
2026-02-12 10:15:00+01:00,142.75992033243716,116.27
2026-02-12 10:30:00+01:00,123.82268981590788,115.13
2026-02-12 10:45:00+01:00,120.16975963781132,114.04
2026-02-12 11:00:00+01:00,132.02599491182204,114.92
2026-02-12 11:15:00+01:00,132.83714314549042,113.16
2026-02-12 11:30:00+01:00,128.80176778722665,110.1
2026-02-12 11:45:00+01:00,121.52339184183573,106.43
2026-02-12 12:00:00+01:00,120.7342215448421,107.59
2026-02-12 12:15:00+01:00,114.8334796659093,104.95
2026-02-12 12:30:00+01:00,113.73780492035786,105.44
2026-02-12 12:45:00+01:00,112.99877242242644,104.08
2026-02-12 13:00:00+01:00,116.28819329831603,105.48
2026-02-12 13:15:00+01:00,114.73714612612693,104.44
2026-02-12 13:30:00+01:00,113.95133694681638,102.87
2026-02-12 13:45:00+01:00,116.61673754241947,101.43
2026-02-12 14:00:00+01:00,117.5746516193313,104.37
2026-02-12 14:15:00+01:00,122.32394875847086,104.7
2026-02-12 14:30:00+01:00,134.50819058620647,105.48
2026-02-12 14:45:00+01:00,147.47320939287323,106.3
2026-02-12 15:00:00+01:00,134.970658256172,103.56
2026-02-12 15:15:00+01:00,136.70108281067348,103.26
2026-02-12 15:30:00+01:00,152.28949988220324,109.47
2026-02-12 15:45:00+01:00,147.5669325213058,115.63
2026-02-12 16:00:00+01:00,134.1010433661273,103.91
2026-02-12 16:15:00+01:00,134.13530049278955,107.15
2026-02-12 16:30:00+01:00,149.08421736567502,113.61
2026-02-12 16:45:00+01:00,148.8424643502312,118.47
2026-02-12 17:00:00+01:00,139.5653703283021,109.02
2026-02-12 17:15:00+01:00,143.6615231650908,121.71
2026-02-12 17:30:00+01:00,148.6665075113938,129.8
2026-02-12 17:45:00+01:00,143.85129467793794,131.67
2026-02-12 18:00:00+01:00,154.90646762863068,130.01
2026-02-12 18:15:00+01:00,142.44989954041736,128.13
2026-02-12 18:30:00+01:00,135.79146064817613,123.15
2026-02-12 18:45:00+01:00,118.2879052797967,121.36
2026-02-12 19:00:00+01:00,136.5250825323268,132.11
2026-02-12 19:15:00+01:00,124.96924579411662,124.16
2026-02-12 19:30:00+01:00,111.73405283167645,117.01
2026-02-12 19:45:00+01:00,107.92079774604238,110.21
2026-02-12 20:00:00+01:00,122.19994564700792,126.27
2026-02-12 20:15:00+01:00,105.55551599335882,107.29
2026-02-12 20:30:00+01:00,99.87230521938486,103.15
2026-02-12 20:45:00+01:00,101.62800173495792,99.7
2026-02-12 21:00:00+01:00,105.93670113263187,106.6
2026-02-12 21:15:00+01:00,102.18829935080811,103.12
2026-02-12 21:30:00+01:00,97.00706934476335,98.19
2026-02-12 21:45:00+01:00,93.32527972481138,90.86
2026-02-12 22:00:00+01:00,103.97657663240446,104.59
2026-02-12 22:15:00+01:00,95.69967768425789,96.66
2026-02-12 22:30:00+01:00,99.66363226360276,94.13
2026-02-12 22:45:00+01:00,96.32600901375557,93.32
2026-02-12 23:00:00+01:00,93.93139351202711,98.42
2026-02-12 23:15:00+01:00,90.75304596318281,90.93
2026-02-12 23:30:00+01:00,89.77132534770307,85.92
2026-02-12 23:45:00+01:00,90.09529002158723,82.06
2026-02-13 00:00:00+01:00,91.9660572123431,85.72
2026-02-13 00:15:00+01:00,92.51860126932326,85.02
2026-02-13 00:30:00+01:00,88.54813807333943,83.16
2026-02-13 00:45:00+01:00,86.75951268219279,81.53
2026-02-13 01:00:00+01:00,91.6705538167364,83.9
2026-02-13 01:15:00+01:00,90.39295787048941,83.89
2026-02-13 01:30:00+01:00,90.26096026319725,83.36
2026-02-13 01:45:00+01:00,89.07082678201864,83.49
2026-02-13 02:00:00+01:00,90.10053995461939,81.72
2026-02-13 02:15:00+01:00,87.92139487943663,82.05
2026-02-13 02:30:00+01:00,88.99588930438685,82.43
2026-02-13 02:45:00+01:00,87.82953211214075,82.67
2026-02-13 03:00:00+01:00,89.90097444795234,81.18
2026-02-13 03:15:00+01:00,88.32851819397328,81.87
2026-02-13 03:30:00+01:00,88.39477667322889,82.31
2026-02-13 03:45:00+01:00,89.68360867307442,82.06
2026-02-13 04:00:00+01:00,87.5629200528397,81.57
2026-02-13 04:15:00+01:00,89.83983105422345,82.66
2026-02-13 04:30:00+01:00,90.98002325992053,83.89
2026-02-13 04:45:00+01:00,93.11329985558265,85.28
2026-02-13 05:00:00+01:00,88.80675554087817,84.06
2026-02-13 05:15:00+01:00,94.3486683401187,83.66
2026-02-13 05:30:00+01:00,95.63149680530562,87.75
2026-02-13 05:45:00+01:00,103.359657746554,93.28
2026-02-13 06:00:00+01:00,91.62585786812274,84.42
2026-02-13 06:15:00+01:00,107.7133054480143,93.56
2026-02-13 06:30:00+01:00,123.14544030531995,103.67
2026-02-13 06:45:00+01:00,125.11587392184279,113.26
2026-02-13 07:00:00+01:00,115.3168331727722,105.21
2026-02-13 07:15:00+01:00,121.85469085831691,119.26
2026-02-13 07:30:00+01:00,129.4715471775886,121.64
2026-02-13 07:45:00+01:00,136.96583975855177,124.8
2026-02-13 08:00:00+01:00,135.22770523984966,122.21
2026-02-13 08:15:00+01:00,148.35056032952312,125.86
2026-02-13 08:30:00+01:00,151.02074660387234,124.58
2026-02-13 08:45:00+01:00,139.80521099730277,122.75
2026-02-13 09:00:00+01:00,155.08102813277793,128.75
2026-02-13 09:15:00+01:00,138.28261525858213,123.8
2026-02-13 09:30:00+01:00,134.5464228802515,115.43
2026-02-13 09:45:00+01:00,127.50548408576554,108.62
2026-02-13 10:00:00+01:00,138.296885396913,112.71
2026-02-13 10:15:00+01:00,124.14981792083164,107.88
2026-02-13 10:30:00+01:00,126.33162318349923,104.38
2026-02-13 10:45:00+01:00,121.70919165037328,100.6
2026-02-13 11:00:00+01:00,120.35596402337285,104.18
2026-02-13 11:15:00+01:00,117.92901237660266,101.7
2026-02-13 11:30:00+01:00,117.22922715866194,99.54
2026-02-13 11:45:00+01:00,111.84200862783185,98.7
2026-02-13 12:00:00+01:00,110.74156609894243,98.62
2026-02-13 12:15:00+01:00,110.5689137531686,97.41
2026-02-13 12:30:00+01:00,111.73493708918723,97.03
2026-02-13 12:45:00+01:00,111.41244980769511,96.14
2026-02-13 13:00:00+01:00,112.93405311885513,96.49
2026-02-13 13:15:00+01:00,112.69041021569888,96.94
2026-02-13 13:30:00+01:00,112.90755255747092,98.61
2026-02-13 13:45:00+01:00,115.28841114124157,97.94
2026-02-13 14:00:00+01:00,108.47101724236559,98.93
2026-02-13 14:15:00+01:00,118.89728347920305,99.74
2026-02-13 14:30:00+01:00,127.96994821340641,103.6
2026-02-13 14:45:00+01:00,138.9723510127235,106.09
2026-02-13 15:00:00+01:00,120.52747340519817,105.73
2026-02-13 15:15:00+01:00,123.77502496430792,111.95
2026-02-13 15:30:00+01:00,143.82687471243116,122.63
2026-02-13 15:45:00+01:00,142.19256553860137,132.08
2026-02-13 16:00:00+01:00,128.89330515320796,117.97
2026-02-13 16:15:00+01:00,136.91589349181834,122.34
2026-02-13 16:30:00+01:00,153.7627064848844,126.63
2026-02-13 16:45:00+01:00,167.80434113580498,136.68
2026-02-13 17:00:00+01:00,147.95888945571235,122.62
2026-02-13 17:15:00+01:00,187.78756866139128,131.77
2026-02-13 17:30:00+01:00,184.79693161533532,135.7
2026-02-13 17:45:00+01:00,190.97300360561707,137.85
2026-02-13 18:00:00+01:00,168.9589895750971,140.35
2026-02-13 18:15:00+01:00,166.60425125928637,135.88
2026-02-13 18:30:00+01:00,155.57400231322254,134.76
2026-02-13 18:45:00+01:00,158.55349613452648,133.1
2026-02-13 19:00:00+01:00,167.48198138463005,144.63
2026-02-13 19:15:00+01:00,154.41293063564424,134.85
2026-02-13 19:30:00+01:00,149.7164341793174,127.69
2026-02-13 19:45:00+01:00,130.7238231237859,120.4
2026-02-13 20:00:00+01:00,143.73627861639596,137.0
2026-02-13 20:15:00+01:00,127.52467515376836,130.66
2026-02-13 20:30:00+01:00,121.51009655763754,122.0
2026-02-13 20:45:00+01:00,115.23417523108586,114.34
2026-02-13 21:00:00+01:00,132.821603036305,127.41
2026-02-13 21:15:00+01:00,126.28247175107752,121.8
2026-02-13 21:30:00+01:00,115.99893146655917,114.7
2026-02-13 21:45:00+01:00,108.4275888145546,106.41
2026-02-13 22:00:00+01:00,119.252309251258,119.88
2026-02-13 22:15:00+01:00,114.5198854261703,110.36
2026-02-13 22:30:00+01:00,110.8197758169238,106.71
2026-02-13 22:45:00+01:00,105.83907378096606,102.84
2026-02-13 23:00:00+01:00,106.20516015339345,106.35
2026-02-13 23:15:00+01:00,102.20533460178157,102.19
2026-02-13 23:30:00+01:00,99.95090305616861,100.72
2026-02-13 23:45:00+01:00,97.05433258008509,94.17
2026-02-14 00:00:00+01:00,106.31839412941456,103.97
2026-02-14 00:15:00+01:00,99.67376686986205,98.7
2026-02-14 00:30:00+01:00,95.58384036868357,94.02
2026-02-14 00:45:00+01:00,94.2716060156257,91.28
2026-02-14 01:00:00+01:00,104.16320875802916,94.83
2026-02-14 01:15:00+01:00,98.75356744954072,93.76
2026-02-14 01:30:00+01:00,95.89401246064759,90.55
2026-02-14 01:45:00+01:00,94.02224091324702,88.18
2026-02-14 02:00:00+01:00,96.22766424155199,91.9
2026-02-14 02:15:00+01:00,95.40404048729764,88.96
2026-02-14 02:30:00+01:00,95.76985683825615,87.21
2026-02-14 02:45:00+01:00,94.53152847733922,88.29
2026-02-14 03:00:00+01:00,95.0052421049039,91.69
2026-02-14 03:15:00+01:00,97.33021175415612,88.76
2026-02-14 03:30:00+01:00,95.97272851064884,87.45
2026-02-14 03:45:00+01:00,96.02768371450298,86.79
2026-02-14 04:00:00+01:00,93.7281214214327,87.63
2026-02-14 04:15:00+01:00,96.26839362695156,88.07
2026-02-14 04:30:00+01:00,95.32852219316261,87.55
2026-02-14 04:45:00+01:00,96.21306252469454,86.78
2026-02-14 05:00:00+01:00,97.20842511633076,88.35
2026-02-14 05:15:00+01:00,95.23455799450102,86.62
2026-02-14 05:30:00+01:00,96.23132278633102,89.24
2026-02-14 05:45:00+01:00,97.36195524458604,90.79
2026-02-14 06:00:00+01:00,95.53078455146637,88.94
2026-02-14 06:15:00+01:00,103.02419372908669,89.5
2026-02-14 06:30:00+01:00,110.33224011875555,89.63
2026-02-14 06:45:00+01:00,103.48581854957408,92.8
2026-02-14 07:00:00+01:00,101.65634018950279,90.94
2026-02-14 07:15:00+01:00,106.46414038052868,90.52
2026-02-14 07:30:00+01:00,110.20025017968896,94.15
2026-02-14 07:45:00+01:00,116.90063166166414,96.86
2026-02-14 08:00:00+01:00,116.77733531978964,97.1
2026-02-14 08:15:00+01:00,122.99459552786799,102.41
2026-02-14 08:30:00+01:00,120.53300729491109,103.9
2026-02-14 08:45:00+01:00,120.05169038359595,103.92
2026-02-14 09:00:00+01:00,125.13389209343863,110.11
2026-02-14 09:15:00+01:00,119.7330655501643,109.13
2026-02-14 09:30:00+01:00,115.0020613716522,106.96
2026-02-14 09:45:00+01:00,107.66097819507416,103.76
2026-02-14 10:00:00+01:00,123.8162612260425,109.93
2026-02-14 10:15:00+01:00,110.7945652340218,104.89
2026-02-14 10:30:00+01:00,108.30305655200134,102.64
2026-02-14 10:45:00+01:00,106.04996806996284,98.42
2026-02-14 11:00:00+01:00,112.58957320517642,101.49
2026-02-14 11:15:00+01:00,108.84117397689255,98.81
2026-02-14 11:30:00+01:00,106.36148701540311,96.87
2026-02-14 11:45:00+01:00,105.31957156389716,95.48
2026-02-14 12:00:00+01:00,105.47346952426093,96.84
2026-02-14 12:15:00+01:00,103.97384711853778,96.54
2026-02-14 12:30:00+01:00,104.50531808563935,94.62
2026-02-14 12:45:00+01:00,103.2987837757296,92.64
2026-02-14 13:00:00+01:00,106.12434264544315,95.24
2026-02-14 13:15:00+01:00,101.54943904009998,94.78
2026-02-14 13:30:00+01:00,104.83997382037036,92.47
2026-02-14 13:45:00+01:00,108.5227354776573,93.4
2026-02-14 14:00:00+01:00,102.86560517155131,91.93
2026-02-14 14:15:00+01:00,103.7323008157031,95.21
2026-02-14 14:30:00+01:00,108.49388952132405,97.87
2026-02-14 14:45:00+01:00,118.95683510107584,103.44
2026-02-14 15:00:00+01:00,105.44211400648626,98.77
2026-02-14 15:15:00+01:00,113.52570301608638,101.92
2026-02-14 15:30:00+01:00,127.96389658165207,106.49
2026-02-14 15:45:00+01:00,134.11848297402184,112.63
2026-02-14 16:00:00+01:00,124.54559206801571,104.96
2026-02-14 16:15:00+01:00,125.91297009732756,114.63
2026-02-14 16:30:00+01:00,132.2977802487032,122.34
2026-02-14 16:45:00+01:00,144.22137384227582,125.62
2026-02-14 17:00:00+01:00,132.30471669175523,113.79
2026-02-14 17:15:00+01:00,148.85309194086378,125.2
2026-02-14 17:30:00+01:00,166.58732532086125,131.94
2026-02-14 17:45:00+01:00,161.96121355562877,133.47
2026-02-14 18:00:00+01:00,153.2395528787884,131.01
2026-02-14 18:15:00+01:00,139.07272602089995,132.22
2026-02-14 18:30:00+01:00,142.9997604275817,133.92
2026-02-14 18:45:00+01:00,145.41676977326443,130.56
2026-02-14 19:00:00+01:00,144.71000036774723,135.0
2026-02-14 19:15:00+01:00,144.94217999655223,129.4
2026-02-14 19:30:00+01:00,140.2710703366186,127.0
2026-02-14 19:45:00+01:00,129.59855313727348,123.48
2026-02-14 20:00:00+01:00,141.24398364711388,129.99
2026-02-14 20:15:00+01:00,129.1353719334979,126.73
2026-02-14 20:30:00+01:00,125.17999412324974,118.33
2026-02-14 20:45:00+01:00,116.10381534665817,117.72
2026-02-14 21:00:00+01:00,128.37062043421784,126.28
2026-02-14 21:15:00+01:00,128.58959914563553,120.97
2026-02-14 21:30:00+01:00,117.20646629753335,114.01
2026-02-14 21:45:00+01:00,109.63503274896567,106.66
2026-02-14 22:00:00+01:00,119.32346062834226,120.88
2026-02-14 22:15:00+01:00,112.08039623315979,113.23
2026-02-14 22:30:00+01:00,109.60857185605386,106.94
2026-02-14 22:45:00+01:00,104.50851586744983,103.76
2026-02-14 23:00:00+01:00,106.97694189527621,103.75
2026-02-14 23:15:00+01:00,105.11604379569128,103.42
2026-02-14 23:30:00+01:00,102.13812340490043,100.9
2026-02-14 23:45:00+01:00,97.5714170493678,96.33
2026-02-15 00:00:00+01:00,97.21995923517639,107.51
2026-02-15 00:15:00+01:00,97.76642826033502,101.67
2026-02-15 00:30:00+01:00,97.34586843209743,99.67
2026-02-15 00:45:00+01:00,95.81336753487703,98.26
2026-02-15 01:00:00+01:00,95.58654029827375,103.9
2026-02-15 01:15:00+01:00,95.62102261778722,100.44
2026-02-15 01:30:00+01:00,93.85224633676148,99.06
2026-02-15 01:45:00+01:00,92.87244816135143,96.39
2026-02-15 02:00:00+01:00,94.33418385027026,100.54
2026-02-15 02:15:00+01:00,93.0891944787321,100.75
2026-02-15 02:30:00+01:00,92.34810462752027,100.9
2026-02-15 02:45:00+01:00,91.71751484747226,100.83
2026-02-15 03:00:00+01:00,91.18694450935654,100.29
2026-02-15 03:15:00+01:00,90.96948357896102,99.15
2026-02-15 03:30:00+01:00,91.17132174945685,97.35
2026-02-15 03:45:00+01:00,90.09805889835923,95.31
2026-02-15 04:00:00+01:00,90.30763787960147,98.25
2026-02-15 04:15:00+01:00,90.14669581259393,97.5
2026-02-15 04:30:00+01:00,91.39625762482694,95.59
2026-02-15 04:45:00+01:00,90.53704696505952,94.74
2026-02-15 05:00:00+01:00,91.55438996232002,96.67
2026-02-15 05:15:00+01:00,89.59074328491238,93.89
2026-02-15 05:30:00+01:00,91.90135465470429,93.19
2026-02-15 05:45:00+01:00,95.83183605049554,93.67
2026-02-15 06:00:00+01:00,94.20933208957186,92.85
2026-02-15 06:15:00+01:00,100.07552011259413,94.19
2026-02-15 06:30:00+01:00,102.63034059264855,94.73
2026-02-15 06:45:00+01:00,119.37367997018278,94.9
2026-02-15 07:00:00+01:00,99.7340140166787,96.58
2026-02-15 07:15:00+01:00,103.43641263589515,94.97
2026-02-15 07:30:00+01:00,112.65635044419096,96.25
2026-02-15 07:45:00+01:00,115.90968951140421,96.66
2026-02-15 08:00:00+01:00,110.21162052166333,100.67
2026-02-15 08:15:00+01:00,120.57594334728016,97.54
2026-02-15 08:30:00+01:00,112.22664959886004,95.67
2026-02-15 08:45:00+01:00,112.51290597609632,93.32
2026-02-15 09:00:00+01:00,114.16116287564664,99.15
2026-02-15 09:15:00+01:00,110.65435699857116,94.3
2026-02-15 09:30:00+01:00,116.2958227244828,92.51
2026-02-15 09:45:00+01:00,105.82676530106622,86.3
2026-02-15 10:00:00+01:00,109.2854931160099,91.49
2026-02-15 10:15:00+01:00,105.49470490679158,86.74
2026-02-15 10:30:00+01:00,103.33209066709189,82.92
2026-02-15 10:45:00+01:00,101.1956587113705,70.92
2026-02-15 11:00:00+01:00,101.40572178296229,79.73
2026-02-15 11:15:00+01:00,100.22855206751284,76.39
2026-02-15 11:30:00+01:00,95.70464703360781,74.42
2026-02-15 11:45:00+01:00,94.35295473151938,68.35
2026-02-15 12:00:00+01:00,98.53339913535731,69.92
2026-02-15 12:15:00+01:00,93.89930789655469,71.3
2026-02-15 12:30:00+01:00,92.84336198885562,66.69
2026-02-15 12:45:00+01:00,91.45053607258536,61.57
2026-02-15 13:00:00+01:00,94.09387958883298,66.88
2026-02-15 13:15:00+01:00,93.5879049732364,64.72
2026-02-15 13:30:00+01:00,92.37438279208418,64.04
2026-02-15 13:45:00+01:00,96.33679704390612,61.99
2026-02-15 14:00:00+01:00,93.7391422115284,63.71
2026-02-15 14:15:00+01:00,94.34040695229268,60.3
2026-02-15 14:30:00+01:00,100.21531744223627,65.83
2026-02-15 14:45:00+01:00,99.63290488677542,67.85
2026-02-15 15:00:00+01:00,98.07043180394862,62.05
2026-02-15 15:15:00+01:00,101.43349572488005,66.37
2026-02-15 15:30:00+01:00,101.66361869855105,74.29
2026-02-15 15:45:00+01:00,107.65022343538043,85.1
2026-02-15 16:00:00+01:00,105.14697705201559,71.2
2026-02-15 16:15:00+01:00,105.70375941717208,82.67
2026-02-15 16:30:00+01:00,109.93830930412665,88.68
2026-02-15 16:45:00+01:00,118.76996668941588,94.27
2026-02-15 17:00:00+01:00,110.16017182378305,92.5
2026-02-15 17:15:00+01:00,119.37735707928972,96.99
2026-02-15 17:30:00+01:00,126.4028259173368,98.5
2026-02-15 17:45:00+01:00,126.36618238191377,97.55
2026-02-15 18:00:00+01:00,125.44167424741148,99.73
2026-02-15 18:15:00+01:00,121.83482525171827,99.98
2026-02-15 18:30:00+01:00,121.12245875637696,98.82
2026-02-15 18:45:00+01:00,120.00092172970814,94.28
2026-02-15 19:00:00+01:00,117.10144938938079,92.7
2026-02-15 19:15:00+01:00,112.69415105081286,87.91
2026-02-15 19:30:00+01:00,106.51640940899497,81.9
2026-02-15 19:45:00+01:00,102.89148284575977,71.94
2026-02-15 20:00:00+01:00,105.84242741193876,82.82
2026-02-15 20:15:00+01:00,105.53669547354549,76.7
2026-02-15 20:30:00+01:00,99.50757493275295,69.49
2026-02-15 20:45:00+01:00,96.71464145380912,55.0
2026-02-15 21:00:00+01:00,100.06374852343782,74.93
2026-02-15 21:15:00+01:00,94.35335536440641,70.25
2026-02-15 21:30:00+01:00,94.32271842036839,65.94
2026-02-15 21:45:00+01:00,90.72577753503633,57.93
2026-02-15 22:00:00+01:00,94.79580192124214,73.0
2026-02-15 22:15:00+01:00,92.47876849195661,66.94
2026-02-15 22:30:00+01:00,95.02907361722409,65.18
2026-02-15 22:45:00+01:00,90.53332419998243,57.34
2026-02-15 23:00:00+01:00,90.10094547054517,71.5
2026-02-15 23:15:00+01:00,84.75116697515891,65.1
2026-02-15 23:30:00+01:00,83.25002158799285,58.49
2026-02-15 23:45:00+01:00,78.8682371858532,37.07
2026-02-16 00:00:00+01:00,53.32118794268614,75.64
2026-02-16 00:15:00+01:00,49.105281767096514,74.09
2026-02-16 00:30:00+01:00,41.556320717230925,65.08
2026-02-16 00:45:00+01:00,42.47342993968488,60.91
2026-02-16 01:00:00+01:00,38.62024311442655,69.29
2026-02-16 01:15:00+01:00,38.183188505966086,64.77
2026-02-16 01:30:00+01:00,39.84376129245153,64.55
2026-02-16 01:45:00+01:00,43.82764563923323,62.89
2026-02-16 02:00:00+01:00,44.6729142110308,64.63
2026-02-16 02:15:00+01:00,48.36312345721483,63.81
2026-02-16 02:30:00+01:00,47.64560687082862,64.63
2026-02-16 02:45:00+01:00,45.8980212767222,64.57
2026-02-16 03:00:00+01:00,48.661019986701255,63.2
2026-02-16 03:15:00+01:00,51.20025112607707,63.71
2026-02-16 03:30:00+01:00,49.90062801535733,65.64
2026-02-16 03:45:00+01:00,45.03441585424736,65.1
2026-02-16 04:00:00+01:00,47.40421162870979,63.01
2026-02-16 04:15:00+01:00,51.126620347009904,63.37
2026-02-16 04:30:00+01:00,56.005784905908655,66.76
2026-02-16 04:45:00+01:00,60.77170418137124,71.07
2026-02-16 05:00:00+01:00,54.44669388237786,60.1
2026-02-16 05:15:00+01:00,63.186267803495,66.37
2026-02-16 05:30:00+01:00,59.635113243422566,75.91
2026-02-16 05:45:00+01:00,62.65104646908531,77.56
2026-02-16 06:00:00+01:00,65.19107888024496,60.47
2026-02-16 06:15:00+01:00,78.60223623831239,73.23
2026-02-16 06:30:00+01:00,78.74716024727557,83.91
2026-02-16 06:45:00+01:00,87.352451493803,99.7
2026-02-16 07:00:00+01:00,78.0357988660202,82.37
2026-02-16 07:15:00+01:00,80.81330042214931,94.32
2026-02-16 07:30:00+01:00,88.60301923862964,99.24
2026-02-16 07:45:00+01:00,95.88401921069253,100.36
2026-02-16 08:00:00+01:00,92.8397625315805,97.01
2026-02-16 08:15:00+01:00,100.05957763452264,103.01
2026-02-16 08:30:00+01:00,102.5475732853701,103.1
2026-02-16 08:45:00+01:00,105.2764941447649,101.01
2026-02-16 09:00:00+01:00,109.94497758116464,106.53
2026-02-16 09:15:00+01:00,107.34727331918992,104.14
2026-02-16 09:30:00+01:00,102.30195358597007,104.0
2026-02-16 09:45:00+01:00,90.37488875608754,103.03
2026-02-16 10:00:00+01:00,104.33663504091355,111.82
2026-02-16 10:15:00+01:00,93.75777604900253,102.01
2026-02-16 10:30:00+01:00,97.37521094575392,97.7
2026-02-16 10:45:00+01:00,94.30300181869225,94.63
2026-02-16 11:00:00+01:00,94.77906930214942,97.58
2026-02-16 11:15:00+01:00,92.73266848095146,94.52
2026-02-16 11:30:00+01:00,89.43097608731517,93.94
2026-02-16 11:45:00+01:00,88.7169875313487,93.4
2026-02-16 12:00:00+01:00,90.50510868354084,91.89
2026-02-16 12:15:00+01:00,92.94821303243631,91.9
2026-02-16 12:30:00+01:00,94.42966154858068,92.27
2026-02-16 12:45:00+01:00,88.49779187039624,91.95
2026-02-16 13:00:00+01:00,91.10833715129885,93.57
2026-02-16 13:15:00+01:00,86.00837867908012,93.46
2026-02-16 13:30:00+01:00,90.20542650470928,93.75
2026-02-16 13:45:00+01:00,94.86830019809418,96.83
2026-02-16 14:00:00+01:00,89.09318278975874,90.99
2026-02-16 14:15:00+01:00,92.89841318242841,93.68
2026-02-16 14:30:00+01:00,108.01380406820022,99.42
2026-02-16 14:45:00+01:00,113.93603956408694,99.96
2026-02-16 15:00:00+01:00,105.9862766904791,95.91
2026-02-16 15:15:00+01:00,121.9912225752838,98.6
2026-02-16 15:30:00+01:00,125.53539545413282,107.87
2026-02-16 15:45:00+01:00,140.19593714336102,113.92
2026-02-16 16:00:00+01:00,117.50669734751807,106.11
2026-02-16 16:15:00+01:00,128.23857401783135,114.65
2026-02-16 16:30:00+01:00,132.8821861924084,118.03
2026-02-16 16:45:00+01:00,142.83051836016568,122.42
2026-02-16 17:00:00+01:00,119.18966187950794,120.2
2026-02-16 17:15:00+01:00,127.86407394523845,129.39
2026-02-16 17:30:00+01:00,137.27958855664173,131.77
2026-02-16 17:45:00+01:00,135.57408972017046,140.06
2026-02-16 18:00:00+01:00,138.8144505194754,132.03
2026-02-16 18:15:00+01:00,131.9113543398346,129.22
2026-02-16 18:30:00+01:00,130.82369067995867,128.8
2026-02-16 18:45:00+01:00,126.18564451838975,126.42
2026-02-16 19:00:00+01:00,139.1945257541129,133.14
2026-02-16 19:15:00+01:00,126.22455355954956,126.59
2026-02-16 19:30:00+01:00,128.99481282735763,126.61
2026-02-16 19:45:00+01:00,133.292636232806,119.08
2026-02-16 20:00:00+01:00,135.10843734729872,121.79
2026-02-16 20:15:00+01:00,129.60835238274154,119.5
2026-02-16 20:30:00+01:00,119.32276996553122,113.81
2026-02-16 20:45:00+01:00,115.14358054833431,107.43
2026-02-16 21:00:00+01:00,121.27896351323211,112.26
2026-02-16 21:15:00+01:00,116.99972271774465,107.94
2026-02-16 21:30:00+01:00,113.0420691798222,99.73
2026-02-16 21:45:00+01:00,104.83887627749084,95.66
2026-02-16 22:00:00+01:00,118.28368068995417,106.0
2026-02-16 22:15:00+01:00,111.27293392107748,104.98
2026-02-16 22:30:00+01:00,106.79456925602608,101.23
2026-02-16 22:45:00+01:00,103.94970533775958,95.47
2026-02-16 23:00:00+01:00,105.4241765548575,101.58
2026-02-16 23:15:00+01:00,102.93581354127541,94.64
2026-02-16 23:30:00+01:00,99.1725785038339,89.32
2026-02-16 23:45:00+01:00,93.89800463810101,85.48
2026-02-17 00:00:00+01:00,101.19019297840335,89.45
2026-02-17 00:15:00+01:00,94.67621623301926,88.09
2026-02-17 00:30:00+01:00,90.77764862361524,85.73
2026-02-17 00:45:00+01:00,86.17734810019482,84.81
2026-02-17 01:00:00+01:00,94.14928335577954,86.56
2026-02-17 01:15:00+01:00,90.90045963948151,84.78
2026-02-17 01:30:00+01:00,87.57141321471165,84.81
2026-02-17 01:45:00+01:00,87.5454569565689,84.27
2026-02-17 02:00:00+01:00,89.35370945586165,84.45
2026-02-17 02:15:00+01:00,87.86473391363265,84.39
2026-02-17 02:30:00+01:00,86.9960400435043,85.27
2026-02-17 02:45:00+01:00,86.21643671572548,85.01
2026-02-17 03:00:00+01:00,89.45776892364917,86.33
2026-02-17 03:15:00+01:00,85.48904146264866,85.85
2026-02-17 03:30:00+01:00,87.8944871277459,85.92
2026-02-17 03:45:00+01:00,88.83694472264646,84.5
2026-02-17 04:00:00+01:00,86.27002479146884,82.47
2026-02-17 04:15:00+01:00,87.75643908506511,86.05
2026-02-17 04:30:00+01:00,88.26491533343436,83.78
2026-02-17 04:45:00+01:00,90.46927430253379,86.97
2026-02-17 05:00:00+01:00,86.92287061454728,83.21
2026-02-17 05:15:00+01:00,89.20978763527404,85.72
2026-02-17 05:30:00+01:00,93.5834958913025,87.98
2026-02-17 05:45:00+01:00,98.20378042329364,98.46
2026-02-17 06:00:00+01:00,94.58649650968692,87.85
2026-02-17 06:15:00+01:00,101.86416710993414,102.99
2026-02-17 06:30:00+01:00,106.92247530429745,105.55
2026-02-17 06:45:00+01:00,121.19516851704351,114.5
2026-02-17 07:00:00+01:00,110.69776137766172,105.66
2026-02-17 07:15:00+01:00,124.90184550663344,110.15
2026-02-17 07:30:00+01:00,128.5382369416218,116.46
2026-02-17 07:45:00+01:00,136.22809339815538,125.04
2026-02-17 08:00:00+01:00,139.09089449989403,118.04
2026-02-17 08:15:00+01:00,152.06526700271485,116.29
2026-02-17 08:30:00+01:00,145.89952807737848,113.54
2026-02-17 08:45:00+01:00,139.82112878817964,111.55
2026-02-17 09:00:00+01:00,140.02479410779748,125.25
2026-02-17 09:15:00+01:00,135.47033392575776,111.8
2026-02-17 09:30:00+01:00,127.68742536722121,105.88
2026-02-17 09:45:00+01:00,122.10057516468237,100.42
2026-02-17 10:00:00+01:00,140.30757694509774,106.26
2026-02-17 10:15:00+01:00,131.45694180458315,103.13
2026-02-17 10:30:00+01:00,122.93862802915487,100.73
2026-02-17 10:45:00+01:00,119.01955127156563,99.48
2026-02-17 11:00:00+01:00,130.92778939870587,100.41
2026-02-17 11:15:00+01:00,125.37171070091861,97.08
2026-02-17 11:30:00+01:00,124.30762633087937,89.44
2026-02-17 11:45:00+01:00,117.70438387480888,85.29
2026-02-17 12:00:00+01:00,116.07352033922555,88.32
2026-02-17 12:15:00+01:00,115.36093923565836,84.42
2026-02-17 12:30:00+01:00,115.17528906132162,83.71
2026-02-17 12:45:00+01:00,112.3551728155099,79.31
2026-02-17 13:00:00+01:00,113.91077838247068,86.98
2026-02-17 13:15:00+01:00,113.40553027659583,83.1
2026-02-17 13:30:00+01:00,112.5987634367307,79.0
2026-02-17 13:45:00+01:00,110.73008752771278,80.09
2026-02-17 14:00:00+01:00,111.13515650140016,82.21
2026-02-17 14:15:00+01:00,113.45141559019605,82.03
2026-02-17 14:30:00+01:00,113.07269438884569,82.29
2026-02-17 14:45:00+01:00,117.13594605386973,83.14
2026-02-17 15:00:00+01:00,108.83899525961891,82.11
2026-02-17 15:15:00+01:00,113.89986788144199,82.74
2026-02-17 15:30:00+01:00,112.9590422543617,86.68
2026-02-17 15:45:00+01:00,120.35567732057078,93.98
2026-02-17 16:00:00+01:00,112.75582116389751,90.35
2026-02-17 16:15:00+01:00,119.80656075061856,91.03
2026-02-17 16:30:00+01:00,121.55434087774026,92.03
2026-02-17 16:45:00+01:00,125.04305710930038,102.92
2026-02-17 17:00:00+01:00,119.22640316042829,103.0
2026-02-17 17:15:00+01:00,124.36172082226197,107.8
2026-02-17 17:30:00+01:00,128.87059586957997,111.84
2026-02-17 17:45:00+01:00,132.03104623353107,120.58
2026-02-17 18:00:00+01:00,130.5294739984561,120.37
2026-02-17 18:15:00+01:00,126.56512641819388,121.5
2026-02-17 18:30:00+01:00,126.23628627928531,131.89
2026-02-17 18:45:00+01:00,127.23843730382615,134.14
2026-02-17 19:00:00+01:00,125.53648579845078,133.39
2026-02-17 19:15:00+01:00,124.38672639688748,129.76
2026-02-17 19:30:00+01:00,122.90200885179858,123.75
2026-02-17 19:45:00+01:00,113.38968670198976,119.5
2026-02-17 20:00:00+01:00,124.44431900243751,119.41
2026-02-17 20:15:00+01:00,118.99575548378067,112.24
2026-02-17 20:30:00+01:00,106.79694801188691,108.43
2026-02-17 20:45:00+01:00,105.92900147723304,104.83
2026-02-17 21:00:00+01:00,113.90373067790648,110.94
2026-02-17 21:15:00+01:00,109.51034431577324,105.19
2026-02-17 21:30:00+01:00,107.57870092654689,97.18
2026-02-17 21:45:00+01:00,100.60099736058578,86.5
2026-02-17 22:00:00+01:00,107.56400315946075,98.04
2026-02-17 22:15:00+01:00,107.0740557400649,95.52
2026-02-17 22:30:00+01:00,107.80668672255956,89.88
2026-02-17 22:45:00+01:00,102.9251695747525,89.46
2026-02-17 23:00:00+01:00,108.1370897243359,93.89
2026-02-17 23:15:00+01:00,100.26783667411976,90.57
2026-02-17 23:30:00+01:00,100.0280874424555,88.26
2026-02-17 23:45:00+01:00,93.25972322683604,85.72
2026-02-18 00:00:00+01:00,92.35190620253424,96.14
2026-02-18 00:15:00+01:00,87.79972900132474,96.66
2026-02-18 00:30:00+01:00,86.3244005505995,95.12
2026-02-18 00:45:00+01:00,83.91823733901498,94.6
2026-02-18 01:00:00+01:00,87.69741750431967,94.66
2026-02-18 01:15:00+01:00,88.0544316623856,93.08
2026-02-18 01:30:00+01:00,86.1396781132309,93.46
2026-02-18 01:45:00+01:00,84.73197706577801,93.05
2026-02-18 02:00:00+01:00,86.55958423089523,92.84
2026-02-18 02:15:00+01:00,84.27616690158737,93.64
2026-02-18 02:30:00+01:00,85.11210316669482,93.85
2026-02-18 02:45:00+01:00,85.58761535407008,92.84
2026-02-18 03:00:00+01:00,84.4073686060799,93.73
2026-02-18 03:15:00+01:00,84.88517643920132,92.44
2026-02-18 03:30:00+01:00,86.15612605123422,91.47
2026-02-18 03:45:00+01:00,85.47216753542533,93.06
2026-02-18 04:00:00+01:00,85.15619455568978,90.4
2026-02-18 04:15:00+01:00,85.50083282977364,93.07
2026-02-18 04:30:00+01:00,86.99592672061227,94.37
2026-02-18 04:45:00+01:00,88.82702573064944,95.83
2026-02-18 05:00:00+01:00,86.30967735512424,96.72
2026-02-18 05:15:00+01:00,86.28975784016892,96.92
2026-02-18 05:30:00+01:00,92.49313760156248,100.99
2026-02-18 05:45:00+01:00,101.35129282757326,110.16
2026-02-18 06:00:00+01:00,86.40568639796385,98.15
2026-02-18 06:15:00+01:00,105.45934067176924,111.62
2026-02-18 06:30:00+01:00,115.31213291638062,129.49
2026-02-18 06:45:00+01:00,151.59136797949174,150.79
2026-02-18 07:00:00+01:00,111.6412920353095,148.45
2026-02-18 07:15:00+01:00,130.74604436218755,165.93
2026-02-18 07:30:00+01:00,139.00695572415643,187.44
2026-02-18 07:45:00+01:00,152.83317299513055,200.93
2026-02-18 08:00:00+01:00,150.60980556676344,206.43
2026-02-18 08:15:00+01:00,170.16182706453986,202.47
2026-02-18 08:30:00+01:00,160.35142215648372,182.48
2026-02-18 08:45:00+01:00,149.41747863780313,152.99
2026-02-18 09:00:00+01:00,158.09945303513197,156.12
2026-02-18 09:15:00+01:00,158.1816742958596,147.6
2026-02-18 09:30:00+01:00,143.12413367043138,125.49
2026-02-18 09:45:00+01:00,134.19343749112227,113.36
2026-02-18 10:00:00+01:00,144.64781618977145,133.54
2026-02-18 10:15:00+01:00,142.96531622756115,118.27
2026-02-18 10:30:00+01:00,136.61500290477844,109.96
2026-02-18 10:45:00+01:00,129.79985297820795,101.75
2026-02-18 11:00:00+01:00,133.6746480426969,112.8
2026-02-18 11:15:00+01:00,124.71658047765544,106.17
2026-02-18 11:30:00+01:00,118.07581415821998,104.34
2026-02-18 11:45:00+01:00,115.79951689789462,101.58
2026-02-18 12:00:00+01:00,120.0101613445954,105.21
2026-02-18 12:15:00+01:00,115.37388258294231,100.81
2026-02-18 12:30:00+01:00,113.85550322167681,99.29
2026-02-18 12:45:00+01:00,115.88278037442159,100.02
2026-02-18 13:00:00+01:00,117.71591486276066,102.36
2026-02-18 13:15:00+01:00,118.7255534630339,100.82
2026-02-18 13:30:00+01:00,118.4103678784313,99.84
2026-02-18 13:45:00+01:00,123.43821109204355,98.99
2026-02-18 14:00:00+01:00,115.49874891553752,97.88
2026-02-18 14:15:00+01:00,121.04963127242925,100.06
2026-02-18 14:30:00+01:00,133.54984166743526,106.16
2026-02-18 14:45:00+01:00,131.13639982150366,110.47
2026-02-18 15:00:00+01:00,121.48455061834302,106.16
2026-02-18 15:15:00+01:00,125.12301564928046,109.5
2026-02-18 15:30:00+01:00,138.53780781254738,114.99
2026-02-18 15:45:00+01:00,139.40976482256767,125.71
2026-02-18 16:00:00+01:00,135.36969183900922,111.0
2026-02-18 16:15:00+01:00,130.82672871686484,120.43
2026-02-18 16:30:00+01:00,141.93441746022458,128.14
2026-02-18 16:45:00+01:00,141.97549137872556,128.76
2026-02-18 17:00:00+01:00,132.8900764470528,137.99
2026-02-18 17:15:00+01:00,148.10072653135612,137.3
2026-02-18 17:30:00+01:00,148.0124749352768,142.38
2026-02-18 17:45:00+01:00,145.11296784761015,143.95
2026-02-18 18:00:00+01:00,146.1675780652145,153.49
2026-02-18 18:15:00+01:00,143.35437320936074,144.94
2026-02-18 18:30:00+01:00,135.1923904433062,139.09
2026-02-18 18:45:00+01:00,132.19630856105474,132.87
2026-02-18 19:00:00+01:00,144.6082592377365,129.54
2026-02-18 19:15:00+01:00,135.19801160928802,120.5
2026-02-18 19:30:00+01:00,123.00438008844795,119.46
2026-02-18 19:45:00+01:00,115.2489739743254,109.87
2026-02-18 20:00:00+01:00,125.5318020283538,117.63
2026-02-18 20:15:00+01:00,119.30049929847063,103.29
2026-02-18 20:30:00+01:00,107.66723903070223,97.78
2026-02-18 20:45:00+01:00,104.30735484800283,91.98
2026-02-18 21:00:00+01:00,113.81650780236374,106.14
2026-02-18 21:15:00+01:00,108.79137804053863,101.21
2026-02-18 21:30:00+01:00,102.6393740622272,88.95
2026-02-18 21:45:00+01:00,97.99901419892902,88.26
2026-02-18 22:00:00+01:00,109.35852164656116,101.94
2026-02-18 22:15:00+01:00,105.8252239151036,96.01
2026-02-18 22:30:00+01:00,100.72975932714778,90.79
2026-02-18 22:45:00+01:00,96.3155476440241,91.65
2026-02-18 23:00:00+01:00,102.77557968619935,97.42
2026-02-18 23:15:00+01:00,94.15831005075606,92.41
2026-02-18 23:30:00+01:00,89.17183071833847,86.92
2026-02-18 23:45:00+01:00,87.58903620644122,81.11
2026-02-19 00:00:00+01:00,95.89500921238606,87.84
2026-02-19 00:15:00+01:00,94.75273600977816,83.29
2026-02-19 00:30:00+01:00,85.99658770825667,83.29
2026-02-19 00:45:00+01:00,83.02822741997419,80.68
2026-02-19 01:00:00+01:00,92.71153856684926,86.75
2026-02-19 01:15:00+01:00,89.57420619349922,83.83
2026-02-19 01:30:00+01:00,89.60030567354468,80.8
2026-02-19 01:45:00+01:00,86.9335778970275,76.02
2026-02-19 02:00:00+01:00,90.49149489046714,84.89
2026-02-19 02:15:00+01:00,87.83712618408619,82.0
2026-02-19 02:30:00+01:00,87.1525117307699,81.0
2026-02-19 02:45:00+01:00,85.88053939769222,79.83
2026-02-19 03:00:00+01:00,88.28048980847625,83.58
2026-02-19 03:15:00+01:00,86.94111516745771,80.76
2026-02-19 03:30:00+01:00,85.61614918444928,80.67
2026-02-19 03:45:00+01:00,85.05633070031168,80.79
2026-02-19 04:00:00+01:00,85.02492972943078,74.09
2026-02-19 04:15:00+01:00,85.85031790096545,76.14
2026-02-19 04:30:00+01:00,85.15600622829305,78.71
2026-02-19 04:45:00+01:00,86.4049886998249,81.68
2026-02-19 05:00:00+01:00,87.48222388601047,79.61
2026-02-19 05:15:00+01:00,85.4909249892313,82.26
2026-02-19 05:30:00+01:00,91.06390859015542,86.39
2026-02-19 05:45:00+01:00,93.67357918584688,88.34
2026-02-19 06:00:00+01:00,90.30685123416,79.98
2026-02-19 06:15:00+01:00,104.8071255932588,83.37
2026-02-19 06:30:00+01:00,108.55413812652614,87.18
2026-02-19 06:45:00+01:00,113.57373580551118,97.92
2026-02-19 07:00:00+01:00,104.73661663942019,82.01
2026-02-19 07:15:00+01:00,114.05235210245135,89.34
2026-02-19 07:30:00+01:00,131.8608955547754,93.55
2026-02-19 07:45:00+01:00,121.95763669783875,92.05
2026-02-19 08:00:00+01:00,123.74775667792687,94.37
2026-02-19 08:15:00+01:00,139.60673394586726,97.84
2026-02-19 08:30:00+01:00,136.5063729567173,98.26
2026-02-19 08:45:00+01:00,127.80641894723968,97.31
2026-02-19 09:00:00+01:00,135.6201957188683,105.63
2026-02-19 09:15:00+01:00,126.78221744624251,104.25
2026-02-19 09:30:00+01:00,119.01088145668315,103.58
2026-02-19 09:45:00+01:00,115.71397281901243,100.98
2026-02-19 10:00:00+01:00,118.97501728476603,106.81
2026-02-19 10:15:00+01:00,116.97969370513127,101.26
2026-02-19 10:30:00+01:00,106.0939401378133,98.3
2026-02-19 10:45:00+01:00,103.03633005300567,97.61
2026-02-19 11:00:00+01:00,106.17523104851973,97.22
2026-02-19 11:15:00+01:00,100.85882451696587,96.84
2026-02-19 11:30:00+01:00,101.91363924666317,95.3
2026-02-19 11:45:00+01:00,92.4700080742629,91.07
2026-02-19 12:00:00+01:00,95.1708474750057,94.52
2026-02-19 12:15:00+01:00,95.50898629669658,90.17
2026-02-19 12:30:00+01:00,95.52690114100659,89.5
2026-02-19 12:45:00+01:00,92.81119929040197,89.81
2026-02-19 13:00:00+01:00,98.33663241370401,90.86
2026-02-19 13:15:00+01:00,94.7939537141561,90.16
2026-02-19 13:30:00+01:00,92.03994747547843,89.76
2026-02-19 13:45:00+01:00,89.25895666936553,89.62
2026-02-19 14:00:00+01:00,91.0219452155281,89.19
2026-02-19 14:15:00+01:00,89.45918207764942,89.7
2026-02-19 14:30:00+01:00,93.19393506784523,89.96
2026-02-19 14:45:00+01:00,96.0789139312034,91.79
2026-02-19 15:00:00+01:00,92.82372186928862,85.28
2026-02-19 15:15:00+01:00,97.2309616868676,88.35
2026-02-19 15:30:00+01:00,104.69817646719352,96.49
2026-02-19 15:45:00+01:00,105.4755008785362,100.23
2026-02-19 16:00:00+01:00,100.52092590720345,88.0
2026-02-19 16:15:00+01:00,101.16629231358468,96.53
2026-02-19 16:30:00+01:00,106.10081456449089,99.33
2026-02-19 16:45:00+01:00,108.35984291502223,101.71
2026-02-19 17:00:00+01:00,108.52241865766679,98.21
2026-02-19 17:15:00+01:00,108.34076674837468,103.36
2026-02-19 17:30:00+01:00,114.85383571940537,108.93
2026-02-19 17:45:00+01:00,124.19258715975543,112.27
2026-02-19 18:00:00+01:00,112.58494443437054,103.92
2026-02-19 18:15:00+01:00,121.78094983858574,106.95
2026-02-19 18:30:00+01:00,132.53217131386512,120.04
2026-02-19 18:45:00+01:00,137.44347794960615,123.16
2026-02-19 19:00:00+01:00,132.1650275960579,123.65
2026-02-19 19:15:00+01:00,122.68186908437058,117.36
2026-02-19 19:30:00+01:00,124.60339605306234,104.44
2026-02-19 19:45:00+01:00,121.90646889042624,100.09
2026-02-19 20:00:00+01:00,115.28152571511463,110.58
2026-02-19 20:15:00+01:00,111.59458191182796,100.0
2026-02-19 20:30:00+01:00,109.0197575699189,97.75
2026-02-19 20:45:00+01:00,107.54675134610399,93.61
2026-02-19 21:00:00+01:00,112.18433785219818,103.92
2026-02-19 21:15:00+01:00,106.50492875893106,97.52
2026-02-19 21:30:00+01:00,99.78683857876152,97.09
2026-02-19 21:45:00+01:00,94.56041864749893,93.93
2026-02-19 22:00:00+01:00,108.07670013349293,98.96
2026-02-19 22:15:00+01:00,100.6087913575845,96.86
2026-02-19 22:30:00+01:00,103.16278968183846,89.05
2026-02-19 22:45:00+01:00,99.43609146989105,83.53
2026-02-19 23:00:00+01:00,102.17045386584809,90.72
2026-02-19 23:15:00+01:00,97.42111494500512,85.34
2026-02-19 23:30:00+01:00,95.96925768700338,83.2
2026-02-19 23:45:00+01:00,92.39734116041427,81.48
2026-02-20 00:00:00+01:00,90.33707810743422,87.53
2026-02-20 00:15:00+01:00,88.47488805170991,85.16
2026-02-20 00:30:00+01:00,85.49903326968699,86.27
2026-02-20 00:45:00+01:00,83.78283132890515,85.28
2026-02-20 01:00:00+01:00,84.92382197592283,86.83
2026-02-20 01:15:00+01:00,82.26202593295363,86.57
2026-02-20 01:30:00+01:00,84.51802976551137,85.62
2026-02-20 01:45:00+01:00,83.2502277685686,84.69
2026-02-20 02:00:00+01:00,80.90382082393498,86.25
2026-02-20 02:15:00+01:00,79.29190717684666,85.28
2026-02-20 02:30:00+01:00,80.81614931302414,84.57
2026-02-20 02:45:00+01:00,79.2212256201714,85.65
2026-02-20 03:00:00+01:00,81.74190469675378,84.74
2026-02-20 03:15:00+01:00,78.94651619625243,84.74
2026-02-20 03:30:00+01:00,80.18865317463485,84.86
2026-02-20 03:45:00+01:00,81.93378134603444,85.18
2026-02-20 04:00:00+01:00,77.51766175758107,82.4
2026-02-20 04:15:00+01:00,79.01937411144229,83.41
2026-02-20 04:30:00+01:00,77.77970880040843,85.08
2026-02-20 04:45:00+01:00,79.68248391731538,86.78
2026-02-20 05:00:00+01:00,79.49399986821642,85.53
2026-02-20 05:15:00+01:00,78.73576687358916,85.32
2026-02-20 05:30:00+01:00,83.46784841186893,89.61
2026-02-20 05:45:00+01:00,92.24504053095036,100.62
2026-02-20 06:00:00+01:00,82.9526034602811,85.22
2026-02-20 06:15:00+01:00,92.84697229643801,105.27
2026-02-20 06:30:00+01:00,94.24974100019074,111.97
2026-02-20 06:45:00+01:00,104.1388031421489,116.87
2026-02-20 07:00:00+01:00,98.534367950811,109.21
2026-02-20 07:15:00+01:00,106.99940067524103,112.4
2026-02-20 07:30:00+01:00,110.70786922564548,118.81
2026-02-20 07:45:00+01:00,116.99029551537589,114.71
2026-02-20 08:00:00+01:00,117.78358352962518,121.17
2026-02-20 08:15:00+01:00,124.37343655997122,121.93
2026-02-20 08:30:00+01:00,119.24753465684151,114.72
2026-02-20 08:45:00+01:00,104.19879927224126,106.75
2026-02-20 09:00:00+01:00,121.19909363464163,122.42
2026-02-20 09:15:00+01:00,117.23582294660994,115.72
2026-02-20 09:30:00+01:00,107.14794888747684,104.29
2026-02-20 09:45:00+01:00,100.75469002323514,94.3
2026-02-20 10:00:00+01:00,107.84144113025563,103.41
2026-02-20 10:15:00+01:00,101.28321416265257,94.34
2026-02-20 10:30:00+01:00,97.32566249518644,85.05
2026-02-20 10:45:00+01:00,94.0164815878111,81.6
2026-02-20 11:00:00+01:00,94.54249622541154,90.08
2026-02-20 11:15:00+01:00,94.48773940212234,85.9
2026-02-20 11:30:00+01:00,92.68467597024255,82.71
2026-02-20 11:45:00+01:00,87.28049576702665,76.04
2026-02-20 12:00:00+01:00,89.171346044599,84.93
2026-02-20 12:15:00+01:00,87.31694835723238,82.41
2026-02-20 12:30:00+01:00,85.52526393662721,79.02
2026-02-20 12:45:00+01:00,80.9208746894629,77.69
2026-02-20 13:00:00+01:00,87.42778708978337,80.22
2026-02-20 13:15:00+01:00,84.86778765180831,81.02
2026-02-20 13:30:00+01:00,84.97134876519996,80.52
2026-02-20 13:45:00+01:00,86.48100601935816,76.64
2026-02-20 14:00:00+01:00,84.61633067516874,75.62
2026-02-20 14:15:00+01:00,81.57064803205097,80.13
2026-02-20 14:30:00+01:00,94.05505295319752,81.04
2026-02-20 14:45:00+01:00,93.12341844679729,83.04
2026-02-20 15:00:00+01:00,91.2448830012586,73.55
2026-02-20 15:15:00+01:00,93.97505534154654,83.59
2026-02-20 15:30:00+01:00,96.89294269267576,85.41
2026-02-20 15:45:00+01:00,101.80326684873371,91.31
2026-02-20 16:00:00+01:00,93.93978621341894,82.52
2026-02-20 16:15:00+01:00,104.71027940355089,93.41
2026-02-20 16:30:00+01:00,105.2224483102549,94.73
2026-02-20 16:45:00+01:00,112.62378567317397,96.77
2026-02-20 17:00:00+01:00,106.04391533845764,97.39
2026-02-20 17:15:00+01:00,104.35764759678679,99.46
2026-02-20 17:30:00+01:00,106.6256656356624,104.94
2026-02-20 17:45:00+01:00,109.97502414413063,103.96
2026-02-20 18:00:00+01:00,108.92059463874176,98.57
2026-02-20 18:15:00+01:00,116.4124366744811,98.16
2026-02-20 18:30:00+01:00,117.32001022795575,90.34
2026-02-20 18:45:00+01:00,118.64666687363092,88.06
2026-02-20 19:00:00+01:00,115.41185858720434,91.46
2026-02-20 19:15:00+01:00,113.26005283214026,89.63
2026-02-20 19:30:00+01:00,103.06129859452076,82.26
2026-02-20 19:45:00+01:00,87.78733409003566,68.6
2026-02-20 20:00:00+01:00,104.13724653710686,96.0
2026-02-20 20:15:00+01:00,90.96696645862755,83.48
2026-02-20 20:30:00+01:00,89.88658782383037,73.02
2026-02-20 20:45:00+01:00,81.50650073884799,62.36
2026-02-20 21:00:00+01:00,91.3211158664018,87.84
2026-02-20 21:15:00+01:00,86.00924589473297,75.43
2026-02-20 21:30:00+01:00,80.76438107791726,61.88
2026-02-20 21:45:00+01:00,78.2231276373541,46.84
2026-02-20 22:00:00+01:00,94.0695546720432,81.64
2026-02-20 22:15:00+01:00,85.70862856527019,69.55
2026-02-20 22:30:00+01:00,77.80442475337139,61.26
2026-02-20 22:45:00+01:00,77.122632349909,46.11
2026-02-20 23:00:00+01:00,88.23283395366091,59.79
2026-02-20 23:15:00+01:00,79.73268081772503,48.65
2026-02-20 23:30:00+01:00,70.80610179938147,45.6
2026-02-20 23:45:00+01:00,64.03117499099692,33.18
2026-02-21 00:00:00+01:00,64.57278132560194,56.53
2026-02-21 00:15:00+01:00,60.98596792509611,52.63
2026-02-21 00:30:00+01:00,58.8392003885408,51.49
2026-02-21 00:45:00+01:00,53.2492346170984,49.11
2026-02-21 01:00:00+01:00,56.94587871244329,52.88
2026-02-21 01:15:00+01:00,56.408930875730505,47.1
2026-02-21 01:30:00+01:00,50.50539124205225,48.18
2026-02-21 01:45:00+01:00,50.09223362558926,38.42
2026-02-21 02:00:00+01:00,52.68713077583192,50.23
2026-02-21 02:15:00+01:00,48.7359294185032,47.09
2026-02-21 02:30:00+01:00,48.08293521524051,41.52
2026-02-21 02:45:00+01:00,46.83017290412533,34.99
2026-02-21 03:00:00+01:00,48.19939484210945,46.37
2026-02-21 03:15:00+01:00,45.27783297888683,41.05
2026-02-21 03:30:00+01:00,44.081136377753154,37.58
2026-02-21 03:45:00+01:00,42.69715713821153,41.63
2026-02-21 04:00:00+01:00,40.66990349039408,40.08
2026-02-21 04:15:00+01:00,39.26742513738561,38.79
2026-02-21 04:30:00+01:00,38.898477167808586,40.03
2026-02-21 04:45:00+01:00,43.08631765386927,37.0
2026-02-21 05:00:00+01:00,44.78588231737712,36.8
2026-02-21 05:15:00+01:00,44.37143526293388,35.72
2026-02-21 05:30:00+01:00,46.70683519340009,40.16
2026-02-21 05:45:00+01:00,57.7132502113575,45.23
2026-02-21 06:00:00+01:00,46.064261211816266,24.94
2026-02-21 06:15:00+01:00,60.87144642286248,29.95
2026-02-21 06:30:00+01:00,67.80808091745568,38.01
2026-02-21 06:45:00+01:00,69.45428414051958,50.54
2026-02-21 07:00:00+01:00,67.29743301567926,42.37
2026-02-21 07:15:00+01:00,75.66983409280749,38.35
2026-02-21 07:30:00+01:00,83.93818782996176,50.66
2026-02-21 07:45:00+01:00,78.13897988693597,56.58
2026-02-21 08:00:00+01:00,86.5489985234043,51.96
2026-02-21 08:15:00+01:00,85.75989674432466,52.93
2026-02-21 08:30:00+01:00,87.37753129473137,59.08
2026-02-21 08:45:00+01:00,83.25458695051458,60.23
2026-02-21 09:00:00+01:00,96.40222245131304,60.02
2026-02-21 09:15:00+01:00,93.70045822327583,55.31
2026-02-21 09:30:00+01:00,89.81867607021829,59.95
2026-02-21 09:45:00+01:00,91.8717024134662,56.86
2026-02-21 10:00:00+01:00,90.58625905232194,64.52
2026-02-21 10:15:00+01:00,90.07313515373556,61.99
2026-02-21 10:30:00+01:00,88.98575331529605,57.18
2026-02-21 10:45:00+01:00,90.22308551495203,54.41
2026-02-21 11:00:00+01:00,77.16484026320808,61.81
2026-02-21 11:15:00+01:00,82.69011946858114,57.78
2026-02-21 11:30:00+01:00,80.92322343708966,53.96
2026-02-21 11:45:00+01:00,69.21224847886015,47.99
2026-02-21 12:00:00+01:00,76.4755397299258,61.8
2026-02-21 12:15:00+01:00,73.413401878555,51.36
2026-02-21 12:30:00+01:00,72.1713969658708,46.47
2026-02-21 12:45:00+01:00,71.56654855193338,42.48
2026-02-21 13:00:00+01:00,76.3668932740868,47.75
2026-02-21 13:15:00+01:00,75.74442682017951,44.92
2026-02-21 13:30:00+01:00,73.8979256416916,44.79
2026-02-21 13:45:00+01:00,75.03116019919314,43.19
2026-02-21 14:00:00+01:00,71.25041892148309,43.05
2026-02-21 14:15:00+01:00,77.61275816225879,50.7
2026-02-21 14:30:00+01:00,83.20926954677158,59.1
2026-02-21 14:45:00+01:00,82.82512583274872,71.17
2026-02-21 15:00:00+01:00,76.17739567424435,49.33
2026-02-21 15:15:00+01:00,79.75041707296133,60.23
2026-02-21 15:30:00+01:00,82.42358819576214,78.08
2026-02-21 15:45:00+01:00,87.74570331795996,87.9
2026-02-21 16:00:00+01:00,78.72753791765858,67.51
2026-02-21 16:15:00+01:00,86.94320785928606,82.75
2026-02-21 16:30:00+01:00,87.59920633085211,88.57
2026-02-21 16:45:00+01:00,93.99701628015582,88.93
2026-02-21 17:00:00+01:00,92.0312260730345,88.26
2026-02-21 17:15:00+01:00,99.0427789364029,96.89
2026-02-21 17:30:00+01:00,105.96571558374102,102.69
2026-02-21 17:45:00+01:00,106.15288197392807,106.7
2026-02-21 18:00:00+01:00,99.07979042161554,106.8
2026-02-21 18:15:00+01:00,104.89784866214082,109.48
2026-02-21 18:30:00+01:00,106.98391301864959,109.72
2026-02-21 18:45:00+01:00,104.86453920331672,107.25
2026-02-21 19:00:00+01:00,104.57623713143361,107.01
2026-02-21 19:15:00+01:00,106.53381651973362,101.8
2026-02-21 19:30:00+01:00,97.28729692014666,98.73
2026-02-21 19:45:00+01:00,94.09184744528206,97.15
2026-02-21 20:00:00+01:00,98.3472993176415,96.49
2026-02-21 20:15:00+01:00,99.40698176973642,87.27
2026-02-21 20:30:00+01:00,92.18200437042958,87.31
2026-02-21 20:45:00+01:00,91.84112929090814,85.32
2026-02-21 21:00:00+01:00,99.30198753232902,86.18
2026-02-21 21:15:00+01:00,94.65644849444236,84.84
2026-02-21 21:30:00+01:00,91.7995742122617,82.23
2026-02-21 21:45:00+01:00,86.95894596866778,78.0
2026-02-21 22:00:00+01:00,98.26277712262849,86.0
2026-02-21 22:15:00+01:00,95.64618449422565,80.64
2026-02-21 22:30:00+01:00,90.56933209846045,72.45
2026-02-21 22:45:00+01:00,85.22350550366865,67.28
2026-02-21 23:00:00+01:00,91.70046027776858,79.7
2026-02-21 23:15:00+01:00,89.70780802362141,73.26
2026-02-21 23:30:00+01:00,82.88215695825858,66.7
2026-02-21 23:45:00+01:00,75.82458481295701,47.18
2026-02-22 00:00:00+01:00,68.56377085255957,68.03
2026-02-22 00:15:00+01:00,68.00713082130993,59.34
2026-02-22 00:30:00+01:00,69.53224183948215,53.62
2026-02-22 00:45:00+01:00,67.61429276141834,45.71
2026-02-22 01:00:00+01:00,63.71104043272757,60.23
2026-02-22 01:15:00+01:00,62.141365934281744,55.96
2026-02-22 01:30:00+01:00,58.338204283677804,50.29
2026-02-22 01:45:00+01:00,62.19886858395026,43.56
2026-02-22 02:00:00+01:00,62.86486774894033,50.01
2026-02-22 02:15:00+01:00,63.50054094626625,45.44
2026-02-22 02:30:00+01:00,63.76495090920132,41.68
2026-02-22 02:45:00+01:00,60.308221005786336,39.1
2026-02-22 03:00:00+01:00,62.01915638113546,38.79
2026-02-22 03:15:00+01:00,58.88559440034258,38.07
2026-02-22 03:30:00+01:00,54.68281422955133,45.16
2026-02-22 03:45:00+01:00,54.94006592242224,41.81
2026-02-22 04:00:00+01:00,56.19903796019919,36.91
2026-02-22 04:15:00+01:00,54.94045115941992,35.54
2026-02-22 04:30:00+01:00,54.482334791210135,41.82
2026-02-22 04:45:00+01:00,52.31238972852295,41.8
2026-02-22 05:00:00+01:00,54.602963993770544,39.08
2026-02-22 05:15:00+01:00,50.075145181250186,40.08
2026-02-22 05:30:00+01:00,59.508788966492205,37.94
2026-02-22 05:45:00+01:00,61.711759605609146,36.05
2026-02-22 06:00:00+01:00,53.953034478606476,32.3
2026-02-22 06:15:00+01:00,58.82604498989422,34.0
2026-02-22 06:30:00+01:00,58.81659654068148,35.26
2026-02-22 06:45:00+01:00,62.185081095746646,37.94
2026-02-22 07:00:00+01:00,60.68116545307124,37.11
2026-02-22 07:15:00+01:00,62.096149840632144,42.65
2026-02-22 07:30:00+01:00,66.68683722249693,41.32
2026-02-22 07:45:00+01:00,67.56342065344352,44.93
2026-02-22 08:00:00+01:00,62.8641530106618,42.06
2026-02-22 08:15:00+01:00,66.39577932331326,44.33
2026-02-22 08:30:00+01:00,67.73716249576141,47.97
2026-02-22 08:45:00+01:00,76.87028530062963,55.06
2026-02-22 09:00:00+01:00,72.2609168922273,53.6
2026-02-22 09:15:00+01:00,71.04748079014519,56.09
2026-02-22 09:30:00+01:00,81.3104511816127,56.09
2026-02-22 09:45:00+01:00,84.0794009005838,56.07
2026-02-22 10:00:00+01:00,81.90955558181115,59.08
2026-02-22 10:15:00+01:00,91.2870044583631,57.35
2026-02-22 10:30:00+01:00,94.08670443765467,54.71
2026-02-22 10:45:00+01:00,89.8880423827204,49.27
2026-02-22 11:00:00+01:00,91.58186352126204,54.71
2026-02-22 11:15:00+01:00,87.3521373435545,55.84
2026-02-22 11:30:00+01:00,86.3585537784182,54.59
2026-02-22 11:45:00+01:00,84.75357391466969,50.71
2026-02-22 12:00:00+01:00,84.43496287847891,51.79
2026-02-22 12:15:00+01:00,85.6141243888546,57.35
2026-02-22 12:30:00+01:00,81.08985530677974,50.37
2026-02-22 12:45:00+01:00,77.50990462829132,42.83
2026-02-22 13:00:00+01:00,88.01293420975868,56.33
2026-02-22 13:15:00+01:00,79.47979266566009,46.09
2026-02-22 13:30:00+01:00,75.90928562394186,40.97
2026-02-22 13:45:00+01:00,73.99175948638168,36.93
2026-02-22 14:00:00+01:00,77.09100040182673,44.13
2026-02-22 14:15:00+01:00,69.137144567312,42.29
2026-02-22 14:30:00+01:00,71.63870158060612,42.02
2026-02-22 14:45:00+01:00,71.63963158157387,44.79
2026-02-22 15:00:00+01:00,63.799812996003205,45.51
2026-02-22 15:15:00+01:00,66.65928541680488,43.32
2026-02-22 15:30:00+01:00,74.8809580500299,45.51
2026-02-22 15:45:00+01:00,80.94464759867749,57.43
2026-02-22 16:00:00+01:00,73.01637439254083,52.77
2026-02-22 16:15:00+01:00,82.6699075326315,51.12
2026-02-22 16:30:00+01:00,87.93261379557268,57.46
2026-02-22 16:45:00+01:00,88.19729095488827,66.36
2026-02-22 17:00:00+01:00,91.6114232234914,66.42
2026-02-22 17:15:00+01:00,93.25795340382118,72.27
2026-02-22 17:30:00+01:00,102.52597196458966,75.88
2026-02-22 17:45:00+01:00,100.30199427121904,89.23
2026-02-22 18:00:00+01:00,98.28558384128795,74.81
2026-02-22 18:15:00+01:00,95.27048107396818,81.23
2026-02-22 18:30:00+01:00,95.04333395903635,82.0
2026-02-22 18:45:00+01:00,94.65747132159736,79.73
2026-02-22 19:00:00+01:00,94.33284793454656,73.0
2026-02-22 19:15:00+01:00,88.91805136209986,75.28
2026-02-22 19:30:00+01:00,81.75625713925584,80.2
2026-02-22 19:45:00+01:00,75.3046277195185,72.0
2026-02-22 20:00:00+01:00,87.21214100237502,71.98
2026-02-22 20:15:00+01:00,79.33290415939037,68.91
2026-02-22 20:30:00+01:00,74.98729291571564,68.24
2026-02-22 20:45:00+01:00,67.4406218667639,64.94
2026-02-22 21:00:00+01:00,77.2994421514843,69.11
2026-02-22 21:15:00+01:00,74.08375411736742,68.12
2026-02-22 21:30:00+01:00,72.95487412272723,68.97
2026-02-22 21:45:00+01:00,58.33095736780994,64.56
2026-02-22 22:00:00+01:00,73.50989636753499,79.94
2026-02-22 22:15:00+01:00,65.71643105369719,76.39
2026-02-22 22:30:00+01:00,72.78650385964087,69.22
2026-02-22 22:45:00+01:00,64.90807121022961,56.09
2026-02-22 23:00:00+01:00,62.39883716917052,71.17
2026-02-22 23:15:00+01:00,56.89900608306587,56.16
2026-02-22 23:30:00+01:00,61.535715245464445,49.36
2026-02-22 23:45:00+01:00,52.60992299146437,31.1
2026-02-23 00:00:00+01:00,59.86689389290711,50.7
2026-02-23 00:15:00+01:00,56.60037358353232,45.71
2026-02-23 00:30:00+01:00,55.05363423878985,37.92
2026-02-23 00:45:00+01:00,49.07352488757277,47.07
2026-02-23 01:00:00+01:00,56.455218869966046,46.0
2026-02-23 01:15:00+01:00,50.08647885744548,43.14
2026-02-23 01:30:00+01:00,52.80060991711631,42.73
2026-02-23 01:45:00+01:00,47.223592709562325,50.18
2026-02-23 02:00:00+01:00,53.37591672643508,45.92
2026-02-23 02:15:00+01:00,53.77171257708831,43.52
2026-02-23 02:30:00+01:00,52.92442367036179,45.56
2026-02-23 02:45:00+01:00,48.710093295933895,40.9
2026-02-23 03:00:00+01:00,51.02489677070929,45.23
2026-02-23 03:15:00+01:00,51.62149137162582,45.1
2026-02-23 03:30:00+01:00,48.52079079930777,44.29
2026-02-23 03:45:00+01:00,47.10595080055929,45.04
2026-02-23 04:00:00+01:00,44.0868044942075,40.75
2026-02-23 04:15:00+01:00,47.491336797450636,44.14
2026-02-23 04:30:00+01:00,51.36678077669021,46.7
2026-02-23 04:45:00+01:00,43.20987088826392,48.99
2026-02-23 05:00:00+01:00,47.69518105523905,47.75
2026-02-23 05:15:00+01:00,46.72943321796245,42.73
2026-02-23 05:30:00+01:00,43.51343755185282,55.11
2026-02-23 05:45:00+01:00,48.248107631960906,78.69
2026-02-23 06:00:00+01:00,40.45391206511634,55.27
2026-02-23 06:15:00+01:00,40.46149674835032,74.45
2026-02-23 06:30:00+01:00,44.742055674054946,88.12
2026-02-23 06:45:00+01:00,61.457635284434005,93.21
2026-02-23 07:00:00+01:00,54.091477150295624,91.8
2026-02-23 07:15:00+01:00,60.720726551559956,94.78
2026-02-23 07:30:00+01:00,67.1043965319423,98.57
2026-02-23 07:45:00+01:00,70.172758077624,98.68
2026-02-23 08:00:00+01:00,69.97002645412596,102.64
2026-02-23 08:15:00+01:00,78.39770275673929,100.49
2026-02-23 08:30:00+01:00,81.95195091629829,99.02
2026-02-23 08:45:00+01:00,76.10003336306463,94.02
2026-02-23 09:00:00+01:00,79.98154315865452,97.26
2026-02-23 09:15:00+01:00,78.55242382666793,94.73
2026-02-23 09:30:00+01:00,74.55477914527467,89.81
2026-02-23 09:45:00+01:00,75.21075171144939,68.07
2026-02-23 10:00:00+01:00,70.51123550724714,92.85
2026-02-23 10:15:00+01:00,71.88781591889594,88.14
2026-02-23 10:30:00+01:00,68.47538855033898,58.16
2026-02-23 10:45:00+01:00,62.030223778762945,28.91
2026-02-23 11:00:00+01:00,65.80491614441269,60.36
2026-02-23 11:15:00+01:00,61.24375046169995,64.46
2026-02-23 11:30:00+01:00,62.34604475814701,47.89
2026-02-23 11:45:00+01:00,59.12662550332981,22.69
2026-02-23 12:00:00+01:00,60.80957517041213,22.95
2026-02-23 12:15:00+01:00,60.704138238849104,5.0
2026-02-23 12:30:00+01:00,56.72924532632807,2.5
2026-02-23 12:45:00+01:00,53.11679667881066,1.07
2026-02-23 13:00:00+01:00,62.08351498690296,2.25
2026-02-23 13:15:00+01:00,59.90459547702509,1.16
2026-02-23 13:30:00+01:00,57.428557523313835,1.36
2026-02-23 13:45:00+01:00,59.41185506763195,6.84
2026-02-23 14:00:00+01:00,63.05425175513205,10.1
2026-02-23 14:15:00+01:00,65.16036818538018,33.32
2026-02-23 14:30:00+01:00,69.06153392684006,47.16
2026-02-23 14:45:00+01:00,67.92563641781175,48.99
2026-02-23 15:00:00+01:00,60.84366837571907,20.09
2026-02-23 15:15:00+01:00,67.46740046173664,39.0
2026-02-23 15:30:00+01:00,71.97766101639851,78.44
2026-02-23 15:45:00+01:00,92.13083532879428,96.5
2026-02-23 16:00:00+01:00,73.08444671508845,41.64
2026-02-23 16:15:00+01:00,81.88560816922076,80.42
2026-02-23 16:30:00+01:00,86.54154480943643,93.56
2026-02-23 16:45:00+01:00,94.40898698023106,102.41
2026-02-23 17:00:00+01:00,94.1657258271814,83.61
2026-02-23 17:15:00+01:00,98.10518359754762,96.58
2026-02-23 17:30:00+01:00,99.70324245796891,99.57
2026-02-23 17:45:00+01:00,103.57882126147572,104.6
2026-02-23 18:00:00+01:00,95.83131799595463,103.96
2026-02-23 18:15:00+01:00,90.18812493603471,105.46
2026-02-23 18:30:00+01:00,96.06119009199105,105.99
2026-02-23 18:45:00+01:00,101.0400726392307,113.67
2026-02-23 19:00:00+01:00,94.98379081107922,109.04
2026-02-23 19:15:00+01:00,94.82177686379863,110.49
2026-02-23 19:30:00+01:00,91.8034444934211,110.91
2026-02-23 19:45:00+01:00,86.5413007313581,113.15
2026-02-23 20:00:00+01:00,88.58970820332142,102.74
2026-02-23 20:15:00+01:00,82.34370658991676,102.8
2026-02-23 20:30:00+01:00,78.67745068327883,93.74
2026-02-23 20:45:00+01:00,79.52828962438308,92.82
2026-02-23 21:00:00+01:00,80.73755399887376,101.27
2026-02-23 21:15:00+01:00,77.87096484723693,99.93
2026-02-23 21:30:00+01:00,76.9700511322777,95.36
2026-02-23 21:45:00+01:00,68.80727895511588,92.38
2026-02-23 22:00:00+01:00,81.21153446019373,100.65
2026-02-23 22:15:00+01:00,77.83934891611585,96.97
2026-02-23 22:30:00+01:00,74.19564824516914,95.37
2026-02-23 22:45:00+01:00,70.44277042812024,90.43
2026-02-23 23:00:00+01:00,73.46003021681595,91.26
2026-02-23 23:15:00+01:00,64.81513111795441,87.89
2026-02-23 23:30:00+01:00,66.12071686357154,87.3
2026-02-23 23:45:00+01:00,52.902272092155265,82.7
2026-02-24 00:00:00+01:00,92.0090859267541,83.99
2026-02-24 00:15:00+01:00,87.66307794462513,84.22
2026-02-24 00:30:00+01:00,85.43272250571546,83.68
2026-02-24 00:45:00+01:00,83.84062526860912,77.54
2026-02-24 01:00:00+01:00,84.99876113344624,83.47
2026-02-24 01:15:00+01:00,86.57086042721097,83.82
2026-02-24 01:30:00+01:00,85.72834877947794,84.2
2026-02-24 01:45:00+01:00,85.97833083961433,84.36
2026-02-24 02:00:00+01:00,84.65821801807351,85.16
2026-02-24 02:15:00+01:00,85.6486661999196,85.66
2026-02-24 02:30:00+01:00,86.68884802367847,85.82
2026-02-24 02:45:00+01:00,86.11787372161376,87.26
2026-02-24 03:00:00+01:00,86.16233060270599,84.15
2026-02-24 03:15:00+01:00,85.68976172266198,85.69
2026-02-24 03:30:00+01:00,85.26893136689723,86.58
2026-02-24 03:45:00+01:00,87.59097412699876,89.38
2026-02-24 04:00:00+01:00,84.22409749603635,87.23
2026-02-24 04:15:00+01:00,84.03959123549231,87.64
2026-02-24 04:30:00+01:00,84.65247022012747,88.01
2026-02-24 04:45:00+01:00,86.558383278373,89.94
2026-02-24 05:00:00+01:00,86.25013053402982,87.66
2026-02-24 05:15:00+01:00,86.28190190279892,88.73
2026-02-24 05:30:00+01:00,91.56042521366854,96.95
2026-02-24 05:45:00+01:00,101.29436995402527,103.34
2026-02-24 06:00:00+01:00,87.18202969385605,94.0
2026-02-24 06:15:00+01:00,98.0152013394763,106.15
2026-02-24 06:30:00+01:00,111.36134052580024,118.74
2026-02-24 06:45:00+01:00,114.93409201344421,125.6
2026-02-24 07:00:00+01:00,112.97253863981837,118.67
2026-02-24 07:15:00+01:00,117.69546236004531,129.59
2026-02-24 07:30:00+01:00,123.81684627705553,138.39
2026-02-24 07:45:00+01:00,144.1909460556104,145.74
2026-02-24 08:00:00+01:00,130.5709228173938,140.56
2026-02-24 08:15:00+01:00,129.15551620053145,147.1
2026-02-24 08:30:00+01:00,136.21798376136078,151.38
2026-02-24 08:45:00+01:00,130.29945848723918,150.86
2026-02-24 09:00:00+01:00,142.2772663897186,147.02
2026-02-24 09:15:00+01:00,128.78912456151326,145.18
2026-02-24 09:30:00+01:00,120.01631312247727,139.39
2026-02-24 09:45:00+01:00,110.41443233341008,131.29
2026-02-24 10:00:00+01:00,127.66201856309675,149.6
2026-02-24 10:15:00+01:00,123.45531998097478,130.37
2026-02-24 10:30:00+01:00,108.86920028547127,121.62
2026-02-24 10:45:00+01:00,103.44396702149332,113.48
2026-02-24 11:00:00+01:00,116.81730791237581,120.98
2026-02-24 11:15:00+01:00,109.63622589758346,111.61
2026-02-24 11:30:00+01:00,107.68430460216514,109.84
2026-02-24 11:45:00+01:00,102.28669053267022,103.15
2026-02-24 12:00:00+01:00,103.06046549313152,104.44
2026-02-24 12:15:00+01:00,97.13241591548574,99.95
2026-02-24 12:30:00+01:00,98.95804038581498,98.57
2026-02-24 12:45:00+01:00,100.77658779635702,97.8
2026-02-24 13:00:00+01:00,101.77584810350021,101.02
2026-02-24 13:15:00+01:00,103.31745100147272,99.98
2026-02-24 13:30:00+01:00,102.6489029950296,98.45
2026-02-24 13:45:00+01:00,102.94606039839398,97.75
2026-02-24 14:00:00+01:00,101.37537462824707,90.33
2026-02-24 14:15:00+01:00,103.80551264581179,95.06
2026-02-24 14:30:00+01:00,119.30990799323345,96.28
2026-02-24 14:45:00+01:00,114.92604969075856,98.35
2026-02-24 15:00:00+01:00,111.76337865553725,97.87
2026-02-24 15:15:00+01:00,111.84754085971838,100.19
2026-02-24 15:30:00+01:00,129.72075560258028,107.99
2026-02-24 15:45:00+01:00,140.69215698292317,122.24
2026-02-24 16:00:00+01:00,124.937424774491,111.0
2026-02-24 16:15:00+01:00,135.9639775919592,115.74
2026-02-24 16:30:00+01:00,161.68799895606108,131.49
2026-02-24 16:45:00+01:00,174.51520059293125,145.0
2026-02-24 17:00:00+01:00,151.03808751898254,132.44
2026-02-24 17:15:00+01:00,171.91908343869687,157.95
2026-02-24 17:30:00+01:00,178.81769576415218,195.47
2026-02-24 17:45:00+01:00,186.01181305077563,243.02
2026-02-24 18:00:00+01:00,158.81217963106735,198.97
2026-02-24 18:15:00+01:00,151.1748725494895,193.97
2026-02-24 18:30:00+01:00,154.5146660773421,181.84
2026-02-24 18:45:00+01:00,155.11394314973302,161.41
2026-02-24 19:00:00+01:00,164.580347090022,179.73
2026-02-24 19:15:00+01:00,148.08173325696802,144.44
2026-02-24 19:30:00+01:00,140.80651292997504,137.86
2026-02-24 19:45:00+01:00,122.57447226011303,115.64
2026-02-24 20:00:00+01:00,145.50504643334722,130.83
2026-02-24 20:15:00+01:00,133.13690056802253,125.01
2026-02-24 20:30:00+01:00,126.42242243968185,115.11
2026-02-24 20:45:00+01:00,118.37909938891204,104.88
2026-02-24 21:00:00+01:00,131.36534384573267,117.82
2026-02-24 21:15:00+01:00,122.81522377543648,111.2
2026-02-24 21:30:00+01:00,113.48643226945964,106.48
2026-02-24 21:45:00+01:00,98.9811022364333,99.4
2026-02-24 22:00:00+01:00,120.8578032661889,107.43
2026-02-24 22:15:00+01:00,111.30676997299588,103.25
2026-02-24 22:30:00+01:00,97.14129232475824,100.11
2026-02-24 22:45:00+01:00,97.10657689771078,96.03
2026-02-24 23:00:00+01:00,99.4012722040451,98.11
2026-02-24 23:15:00+01:00,97.0408624621813,96.61
2026-02-24 23:30:00+01:00,91.03576536166779,92.43
2026-02-24 23:45:00+01:00,83.9396120653489,88.46
2026-02-25 00:00:00+01:00,102.70886482492038,99.04
2026-02-25 00:15:00+01:00,100.18605066172094,92.68
2026-02-25 00:30:00+01:00,95.61850144009925,89.93
2026-02-25 00:45:00+01:00,92.91400844797917,86.92
2026-02-25 01:00:00+01:00,95.0421983293714,91.48
2026-02-25 01:15:00+01:00,94.13209788377426,89.45
2026-02-25 01:30:00+01:00,90.19973956409682,85.32
2026-02-25 01:45:00+01:00,88.96385220276431,83.36
2026-02-25 02:00:00+01:00,89.80794043373588,87.69
2026-02-25 02:15:00+01:00,88.47941356094191,85.81
2026-02-25 02:30:00+01:00,89.25142251700794,83.54
2026-02-25 02:45:00+01:00,90.61462384027331,82.29
2026-02-25 03:00:00+01:00,89.98703821177567,88.53
2026-02-25 03:15:00+01:00,88.69790759424995,88.06
2026-02-25 03:30:00+01:00,88.08145212975282,88.19
2026-02-25 03:45:00+01:00,92.11387149565759,87.6
2026-02-25 04:00:00+01:00,88.53113561946586,88.31
2026-02-25 04:15:00+01:00,88.07979410160765,87.31
2026-02-25 04:30:00+01:00,89.61527371734321,89.24
2026-02-25 04:45:00+01:00,90.3269295722827,89.58
2026-02-25 05:00:00+01:00,90.2589182778086,87.14
2026-02-25 05:15:00+01:00,92.53302730786139,89.72
2026-02-25 05:30:00+01:00,98.25842203379636,96.15
2026-02-25 05:45:00+01:00,107.21498430060747,99.68
2026-02-25 06:00:00+01:00,99.76054728942283,95.7
2026-02-25 06:15:00+01:00,109.02354143993954,108.48
2026-02-25 06:30:00+01:00,120.39643910783306,120.15
2026-02-25 06:45:00+01:00,138.5655095076803,130.94
2026-02-25 07:00:00+01:00,123.18985486539458,124.64
2026-02-25 07:15:00+01:00,140.79215445427008,133.31
2026-02-25 07:30:00+01:00,137.6062108180501,136.42
2026-02-25 07:45:00+01:00,139.90222392178399,128.56
2026-02-25 08:00:00+01:00,137.7732985993349,137.57
2026-02-25 08:15:00+01:00,137.13446188393544,123.9
2026-02-25 08:30:00+01:00,132.78697825136987,115.85
2026-02-25 08:45:00+01:00,127.43617090994326,102.09
2026-02-25 09:00:00+01:00,134.03995125576955,123.76
2026-02-25 09:15:00+01:00,122.17915015504043,110.7
2026-02-25 09:30:00+01:00,113.96175570284485,100.28
2026-02-25 09:45:00+01:00,107.81687616428466,93.96
2026-02-25 10:00:00+01:00,120.34469410151937,102.16
2026-02-25 10:15:00+01:00,110.49391315811937,95.18
2026-02-25 10:30:00+01:00,104.86809487786198,85.25
2026-02-25 10:45:00+01:00,98.21355776362736,80.73
2026-02-25 11:00:00+01:00,108.91708942706474,87.43
2026-02-25 11:15:00+01:00,99.35590182120394,84.29
2026-02-25 11:30:00+01:00,94.67729341269067,82.67
2026-02-25 11:45:00+01:00,89.84251250485381,65.0
2026-02-25 12:00:00+01:00,94.82684639953837,84.4
2026-02-25 12:15:00+01:00,89.59257060799463,70.91
2026-02-25 12:30:00+01:00,86.34236640705247,57.88
2026-02-25 12:45:00+01:00,83.58907306784468,50.02
2026-02-25 13:00:00+01:00,89.91400966634455,66.07
2026-02-25 13:15:00+01:00,87.02551501387835,60.2
2026-02-25 13:30:00+01:00,88.10853814364152,58.81
2026-02-25 13:45:00+01:00,86.58930021978817,55.71
2026-02-25 14:00:00+01:00,89.68572596102803,45.03
2026-02-25 14:15:00+01:00,85.39642281092254,65.92
2026-02-25 14:30:00+01:00,87.70906970814086,75.47
2026-02-25 14:45:00+01:00,97.42976888564375,84.97
2026-02-25 15:00:00+01:00,78.85879875395317,68.65
2026-02-25 15:15:00+01:00,93.12961162891447,73.43
2026-02-25 15:30:00+01:00,104.20516641960691,86.08
2026-02-25 15:45:00+01:00,115.19802263159737,95.77
2026-02-25 16:00:00+01:00,98.40108020277248,77.13
2026-02-25 16:15:00+01:00,106.25442814844723,95.04
2026-02-25 16:30:00+01:00,114.3186104363466,103.98
2026-02-25 16:45:00+01:00,127.55599234886068,129.33
2026-02-25 17:00:00+01:00,119.73710530576341,100.37
2026-02-25 17:15:00+01:00,134.1832364949216,108.21
2026-02-25 17:30:00+01:00,124.42719606301935,120.19
2026-02-25 17:45:00+01:00,121.88607411660945,145.8
2026-02-25 18:00:00+01:00,127.65012147269455,134.34
2026-02-25 18:15:00+01:00,122.48047144893133,123.16
2026-02-25 18:30:00+01:00,119.31843695530935,114.91
2026-02-25 18:45:00+01:00,112.52102894776495,114.67
2026-02-25 19:00:00+01:00,120.48084917562856,112.9
2026-02-25 19:15:00+01:00,113.07528072836918,108.83
2026-02-25 19:30:00+01:00,103.07343296955673,104.23
2026-02-25 19:45:00+01:00,102.44962382077166,102.65
2026-02-25 20:00:00+01:00,109.25893546972831,104.99
2026-02-25 20:15:00+01:00,99.3265127515862,96.24
2026-02-25 20:30:00+01:00,96.95110489333027,91.07
2026-02-25 20:45:00+01:00,91.71188309945175,84.72
2026-02-25 21:00:00+01:00,106.68470996777694,94.9
2026-02-25 21:15:00+01:00,95.44174627991437,90.21
2026-02-25 21:30:00+01:00,91.8349589954907,85.01
2026-02-25 21:45:00+01:00,90.41165072067356,79.0
2026-02-25 22:00:00+01:00,96.88517398933402,98.99
2026-02-25 22:15:00+01:00,94.2322540217157,87.1
2026-02-25 22:30:00+01:00,89.95576614849844,82.3
2026-02-25 22:45:00+01:00,88.41900682434586,78.92
2026-02-25 23:00:00+01:00,93.6505140800559,87.83
2026-02-25 23:15:00+01:00,87.70113664523817,82.39
2026-02-25 23:30:00+01:00,84.72218240297131,78.99
2026-02-25 23:45:00+01:00,81.26739630144122,67.27
2026-02-26 00:00:00+01:00,87.03550341030058,82.39
2026-02-26 00:15:00+01:00,80.81108639001191,77.17
2026-02-26 00:30:00+01:00,75.5359184720225,75.14
2026-02-26 00:45:00+01:00,68.69792737908932,70.99
2026-02-26 01:00:00+01:00,77.30838047585644,80.0
2026-02-26 01:15:00+01:00,68.93672556043832,72.22
2026-02-26 01:30:00+01:00,68.82626532470344,70.64
2026-02-26 01:45:00+01:00,67.65244197015491,66.7
2026-02-26 02:00:00+01:00,69.16761925851411,69.24
2026-02-26 02:15:00+01:00,68.20113516492621,68.24
2026-02-26 02:30:00+01:00,68.20095290857273,68.25
2026-02-26 02:45:00+01:00,68.31050482765454,69.24
2026-02-26 03:00:00+01:00,63.991796063290906,69.46
2026-02-26 03:15:00+01:00,68.30797448031403,69.3
2026-02-26 03:30:00+01:00,68.4678122100859,70.5
2026-02-26 03:45:00+01:00,67.5324264622151,62.47
2026-02-26 04:00:00+01:00,71.55985816685524,64.47
2026-02-26 04:15:00+01:00,71.25728539378355,65.86
2026-02-26 04:30:00+01:00,70.75149323891014,68.25
2026-02-26 04:45:00+01:00,73.90500062895121,70.93
2026-02-26 05:00:00+01:00,70.16675907072043,64.38
2026-02-26 05:15:00+01:00,76.92840893838421,69.19
2026-02-26 05:30:00+01:00,78.05330678038372,76.84
2026-02-26 05:45:00+01:00,88.1147840731511,93.01
2026-02-26 06:00:00+01:00,69.0109264876381,74.06
2026-02-26 06:15:00+01:00,82.80836171190472,101.77
2026-02-26 06:30:00+01:00,83.5482865480569,112.4
2026-02-26 06:45:00+01:00,96.1534095139754,115.04
2026-02-26 07:00:00+01:00,76.201618485826,112.0
2026-02-26 07:15:00+01:00,91.08961268487998,113.77
2026-02-26 07:30:00+01:00,100.21534400011919,112.2
2026-02-26 07:45:00+01:00,100.42780928326789,102.43
2026-02-26 08:00:00+01:00,102.9470951484796,108.19
2026-02-26 08:15:00+01:00,100.28044968659727,101.64
2026-02-26 08:30:00+01:00,97.2365227907456,95.34
2026-02-26 08:45:00+01:00,87.84338603330568,84.62
2026-02-26 09:00:00+01:00,101.36366229771065,95.51
2026-02-26 09:15:00+01:00,91.50044023453572,87.54
2026-02-26 09:30:00+01:00,90.6674813651594,71.39
2026-02-26 09:45:00+01:00,94.60584254211963,67.26
2026-02-26 10:00:00+01:00,100.90409723524917,73.47
2026-02-26 10:15:00+01:00,93.96490024515633,68.74
2026-02-26 10:30:00+01:00,83.8438520537766,66.75
2026-02-26 10:45:00+01:00,77.9702241416642,62.44
2026-02-26 11:00:00+01:00,79.38290715496106,74.62
2026-02-26 11:15:00+01:00,79.92973495757222,63.48
2026-02-26 11:30:00+01:00,81.10018371155476,50.2
2026-02-26 11:45:00+01:00,72.11227127210306,25.08
2026-02-26 12:00:00+01:00,74.53696614495851,44.09
2026-02-26 12:15:00+01:00,74.45192267596393,19.78
2026-02-26 12:30:00+01:00,66.94329174232232,8.85
2026-02-26 12:45:00+01:00,67.94590736318304,7.43
2026-02-26 13:00:00+01:00,75.78124751512848,11.31
2026-02-26 13:15:00+01:00,74.74980632114399,10.06
2026-02-26 13:30:00+01:00,66.2220962997899,13.09
2026-02-26 13:45:00+01:00,56.31701912683986,21.75
2026-02-26 14:00:00+01:00,61.247065366382785,13.52
2026-02-26 14:15:00+01:00,63.35060500518813,40.06
2026-02-26 14:30:00+01:00,75.97468900304413,56.31
2026-02-26 14:45:00+01:00,73.49848823136257,68.66
2026-02-26 15:00:00+01:00,68.6013113626776,54.12
2026-02-26 15:15:00+01:00,66.92743618535917,65.54
2026-02-26 15:30:00+01:00,89.306740616305,73.4
2026-02-26 15:45:00+01:00,99.03687597397034,92.17
2026-02-26 16:00:00+01:00,73.40463936306709,64.68
2026-02-26 16:15:00+01:00,84.58862192803018,89.92
2026-02-26 16:30:00+01:00,93.03034414191067,109.1
2026-02-26 16:45:00+01:00,102.03658768480611,115.23
2026-02-26 17:00:00+01:00,94.57130210805428,100.79
2026-02-26 17:15:00+01:00,105.49608729053212,107.72
2026-02-26 17:30:00+01:00,109.56938262054726,114.24
2026-02-26 17:45:00+01:00,115.95695507001815,121.8
2026-02-26 18:00:00+01:00,112.04449424478871,111.53
2026-02-26 18:15:00+01:00,121.46749047410925,112.56
2026-02-26 18:30:00+01:00,114.8849431497651,114.32
2026-02-26 18:45:00+01:00,113.78288025421293,113.97
2026-02-26 19:00:00+01:00,109.80156720833553,118.5
2026-02-26 19:15:00+01:00,110.50065652777533,111.61
2026-02-26 19:30:00+01:00,104.06080118775243,104.42
2026-02-26 19:45:00+01:00,100.15910668256717,97.41
2026-02-26 20:00:00+01:00,100.84571101813813,104.99
2026-02-26 20:15:00+01:00,97.69117186497436,93.99
2026-02-26 20:30:00+01:00,94.6693230300981,90.29
2026-02-26 20:45:00+01:00,89.30721973191335,84.52
2026-02-26 21:00:00+01:00,95.70927080554772,97.23
2026-02-26 21:15:00+01:00,88.91427663397243,86.25
2026-02-26 21:30:00+01:00,86.39797618152659,81.24
2026-02-26 21:45:00+01:00,84.81103899363924,71.59
2026-02-26 22:00:00+01:00,92.13864148083238,93.23
2026-02-26 22:15:00+01:00,88.33597299967361,82.29
2026-02-26 22:30:00+01:00,80.68593295703145,76.26
2026-02-26 22:45:00+01:00,82.06776892129744,70.05
2026-02-26 23:00:00+01:00,89.75074424969269,81.97
2026-02-26 23:15:00+01:00,80.76182664627417,73.09
2026-02-26 23:30:00+01:00,73.41464094580672,67.93
2026-02-26 23:45:00+01:00,61.80003448316964,63.31
2026-02-27 00:00:00+01:00,77.4351789402414,56.57
2026-02-27 00:15:00+01:00,73.24655799003335,56.55
2026-02-27 00:30:00+01:00,73.94482601149869,52.18
2026-02-27 00:45:00+01:00,69.53264012008573,55.29
2026-02-27 01:00:00+01:00,72.13815481452056,59.39
2026-02-27 01:15:00+01:00,70.97629294779469,58.09
2026-02-27 01:30:00+01:00,66.42631708657478,53.63
2026-02-27 01:45:00+01:00,66.6837909211956,52.92
2026-02-27 02:00:00+01:00,65.60694739976158,57.73
2026-02-27 02:15:00+01:00,67.19349912276076,56.56
2026-02-27 02:30:00+01:00,70.04819908938512,57.17
2026-02-27 02:45:00+01:00,69.16758740054675,57.75
2026-02-27 03:00:00+01:00,69.91004836240614,60.34
2026-02-27 03:15:00+01:00,69.49225308044981,57.38
2026-02-27 03:30:00+01:00,70.3643549737613,59.04
2026-02-27 03:45:00+01:00,64.98721392690211,63.24
2026-02-27 04:00:00+01:00,64.56958918223886,54.99
2026-02-27 04:15:00+01:00,66.41314591162971,60.04
2026-02-27 04:30:00+01:00,67.04343316762963,63.92
2026-02-27 04:45:00+01:00,70.61140139669493,68.23
2026-02-27 05:00:00+01:00,63.52161472266282,59.8
2026-02-27 05:15:00+01:00,68.80160331672725,61.29
2026-02-27 05:30:00+01:00,72.79533768426609,70.0
2026-02-27 05:45:00+01:00,87.08730640678402,72.88
2026-02-27 06:00:00+01:00,70.25705953599852,61.0
2026-02-27 06:15:00+01:00,89.21032436501336,77.0
2026-02-27 06:30:00+01:00,90.29761513419105,83.02
2026-02-27 06:45:00+01:00,88.83739232751762,85.24
2026-02-27 07:00:00+01:00,89.08474493558322,87.55
2026-02-27 07:15:00+01:00,92.987203551627,92.22
2026-02-27 07:30:00+01:00,99.47051914779603,87.8
2026-02-27 07:45:00+01:00,98.60511688362426,86.53
2026-02-27 08:00:00+01:00,94.46940473073757,92.08
2026-02-27 08:15:00+01:00,89.80491688741849,84.78
2026-02-27 08:30:00+01:00,86.60593582040326,78.52
2026-02-27 08:45:00+01:00,83.96408175899595,61.94
2026-02-27 09:00:00+01:00,88.68638261316059,84.62
2026-02-27 09:15:00+01:00,85.17330108524284,69.0
2026-02-27 09:30:00+01:00,70.45204375400772,59.05
2026-02-27 09:45:00+01:00,65.97117146571951,44.99
2026-02-27 10:00:00+01:00,77.63101382868072,61.0
2026-02-27 10:15:00+01:00,74.06001944380905,40.08
2026-02-27 10:30:00+01:00,70.51293044011936,19.17
2026-02-27 10:45:00+01:00,76.1482666248478,5.94
2026-02-27 11:00:00+01:00,77.83720147152658,3.89
2026-02-27 11:15:00+01:00,74.0377307316835,0.0
2026-02-27 11:30:00+01:00,69.19343340902779,0.0
2026-02-27 11:45:00+01:00,51.40560781258741,-0.01
2026-02-27 12:00:00+01:00,60.642877204629265,0.0
2026-02-27 12:15:00+01:00,60.62694549942028,-0.01
2026-02-27 12:30:00+01:00,55.32973984264242,-0.01
2026-02-27 12:45:00+01:00,52.57784833895984,-0.03
2026-02-27 13:00:00+01:00,53.578705320133295,-0.01
2026-02-27 13:15:00+01:00,53.49723317432106,-0.01
2026-02-27 13:30:00+01:00,58.65301801661948,-0.01
2026-02-27 13:45:00+01:00,55.70373898348315,-0.01
2026-02-27 14:00:00+01:00,47.05131783242193,-0.01
2026-02-27 14:15:00+01:00,52.44827544899732,0.0
2026-02-27 14:30:00+01:00,53.4943097887404,1.05
2026-02-27 14:45:00+01:00,80.38321971003244,29.91
2026-02-27 15:00:00+01:00,64.41116205884651,17.34
2026-02-27 15:15:00+01:00,52.933258951734345,53.95
2026-02-27 15:30:00+01:00,72.01316435382805,77.53
2026-02-27 15:45:00+01:00,93.13034246548949,90.2
2026-02-27 16:00:00+01:00,64.7267919257016,68.59
2026-02-27 16:15:00+01:00,82.50054898210595,86.94
2026-02-27 16:30:00+01:00,97.7050533083596,100.76
2026-02-27 16:45:00+01:00,112.96927963071917,111.71
2026-02-27 17:00:00+01:00,101.30980290227303,97.48
2026-02-27 17:15:00+01:00,107.01618446636574,109.68
2026-02-27 17:30:00+01:00,114.47574921036548,121.89
2026-02-27 17:45:00+01:00,122.97640915145017,131.73
2026-02-27 18:00:00+01:00,116.49496000290767,122.05
2026-02-27 18:15:00+01:00,126.27412132325871,120.0
2026-02-27 18:30:00+01:00,121.65238207965932,116.68
2026-02-27 18:45:00+01:00,121.17912728743022,113.67
2026-02-27 19:00:00+01:00,130.06165654911734,117.16
2026-02-27 19:15:00+01:00,120.29260774312522,111.29
2026-02-27 19:30:00+01:00,115.79730079178051,105.0
2026-02-27 19:45:00+01:00,105.01118019785174,103.56
2026-02-27 20:00:00+01:00,116.73235367031137,103.48
2026-02-27 20:15:00+01:00,108.28221495608574,101.77
2026-02-27 20:30:00+01:00,101.58431374379572,99.43
2026-02-27 20:45:00+01:00,94.95200714555614,95.44
2026-02-27 21:00:00+01:00,107.1212806338602,97.48
2026-02-27 21:15:00+01:00,100.69968163087424,93.01
2026-02-27 21:30:00+01:00,94.34749638612054,90.22
2026-02-27 21:45:00+01:00,90.56515345667623,83.14
2026-02-27 22:00:00+01:00,105.224885141452,93.89
2026-02-27 22:15:00+01:00,100.99792031220036,91.43
2026-02-27 22:30:00+01:00,92.23284101323767,83.51
2026-02-27 22:45:00+01:00,90.84718934385927,81.21
2026-02-27 23:00:00+01:00,96.67331420497388,83.36
2026-02-27 23:15:00+01:00,89.78604646385712,82.21
2026-02-27 23:30:00+01:00,84.4438406618129,78.72
2026-02-27 23:45:00+01:00,83.70735286361335,75.72
2026-02-28 00:00:00+01:00,78.89878070928941,82.58
2026-02-28 00:15:00+01:00,75.71690953058707,80.7
2026-02-28 00:30:00+01:00,70.07800108241437,79.45
2026-02-28 00:45:00+01:00,68.7952137229249,77.35
2026-02-28 01:00:00+01:00,76.78045606396847,78.71
2026-02-28 01:15:00+01:00,71.5105698249611,78.0
2026-02-28 01:30:00+01:00,63.44636223108009,75.51
2026-02-28 01:45:00+01:00,59.207135958013254,73.0
2026-02-28 02:00:00+01:00,63.57124983601658,78.51
2026-02-28 02:15:00+01:00,61.259653141832295,75.08
2026-02-28 02:30:00+01:00,63.17341995532099,73.17
2026-02-28 02:45:00+01:00,62.394800761002244,72.15
2026-02-28 03:00:00+01:00,59.649419336387616,74.4
2026-02-28 03:15:00+01:00,62.35430014085544,73.01
2026-02-28 03:30:00+01:00,62.33787383301933,72.19
2026-02-28 03:45:00+01:00,58.641326060969575,67.5
2026-02-28 04:00:00+01:00,50.867241093955585,72.27
2026-02-28 04:15:00+01:00,57.31058248720113,72.32
2026-02-28 04:30:00+01:00,60.06930122049258,71.45
2026-02-28 04:45:00+01:00,61.24931619790375,71.53
2026-02-28 05:00:00+01:00,57.190328494044024,71.86
2026-02-28 05:15:00+01:00,56.84270241734553,70.65
2026-02-28 05:30:00+01:00,67.70483661573934,72.32
2026-02-28 05:45:00+01:00,74.9841968220805,74.17
2026-02-28 06:00:00+01:00,60.51899607507275,69.52
2026-02-28 06:15:00+01:00,77.71372431208835,72.25
2026-02-28 06:30:00+01:00,79.59606025698616,74.31
2026-02-28 06:45:00+01:00,82.18329646013463,75.61
2026-02-28 07:00:00+01:00,83.76919396493417,82.7
2026-02-28 07:15:00+01:00,86.42023749166974,83.01
2026-02-28 07:30:00+01:00,83.67239582183288,75.75
2026-02-28 07:45:00+01:00,88.86067830201978,63.7
2026-02-28 08:00:00+01:00,89.61572049099524,82.97
2026-02-28 08:15:00+01:00,77.7009098877354,67.78
2026-02-28 08:30:00+01:00,77.95982742367016,48.41
2026-02-28 08:45:00+01:00,68.60056111890822,29.3
2026-02-28 09:00:00+01:00,75.80764816221568,47.41
2026-02-28 09:15:00+01:00,74.26678937623322,20.73
2026-02-28 09:30:00+01:00,72.80563159893688,3.04
2026-02-28 09:45:00+01:00,59.022325240185,0.01
2026-02-28 10:00:00+01:00,74.02729736476024,0.0
2026-02-28 10:15:00+01:00,62.59362582685935,0.0
2026-02-28 10:30:00+01:00,57.51945503402793,0.0
2026-02-28 10:45:00+01:00,53.14790271911137,-0.04
2026-02-28 11:00:00+01:00,60.59645854827844,0.0
2026-02-28 11:15:00+01:00,63.130892708173185,-0.01
2026-02-28 11:30:00+01:00,52.85507306323115,-0.02
2026-02-28 11:45:00+01:00,35.0794354775136,-0.08
2026-02-28 12:00:00+01:00,50.65421901193908,-0.02
2026-02-28 12:15:00+01:00,35.9694663289727,-0.06
2026-02-28 12:30:00+01:00,33.22261543690777,-0.28
2026-02-28 12:45:00+01:00,37.112194136125524,-0.65
2026-02-28 13:00:00+01:00,38.374642623737955,-0.27
2026-02-28 13:15:00+01:00,38.69149774675419,-0.48
2026-02-28 13:30:00+01:00,23.171515712920794,-0.09
2026-02-28 13:45:00+01:00,26.92087878810034,-0.05
2026-02-28 14:00:00+01:00,36.98642771351708,-0.03
2026-02-28 14:15:00+01:00,41.12944295438479,-0.01
2026-02-28 14:30:00+01:00,40.53551554606159,0.0
2026-02-28 14:45:00+01:00,50.80264791571703,0.01
2026-02-28 15:00:00+01:00,42.940969175535685,0.0
2026-02-28 15:15:00+01:00,49.11455896413526,0.07
2026-02-28 15:30:00+01:00,67.08862153557276,10.05
2026-02-28 15:45:00+01:00,86.33200589158747,49.33
2026-02-28 16:00:00+01:00,58.30927100111984,33.96
2026-02-28 16:15:00+01:00,74.80522442290037,58.41
2026-02-28 16:30:00+01:00,90.33945757674846,80.33
2026-02-28 16:45:00+01:00,95.22077113471079,89.89
2026-02-28 17:00:00+01:00,87.25812631640068,75.05
2026-02-28 17:15:00+01:00,96.4299462353109,83.1
2026-02-28 17:30:00+01:00,101.70975608751235,96.59
2026-02-28 17:45:00+01:00,108.64159996278087,105.0
2026-02-28 18:00:00+01:00,103.09482955424653,97.21
2026-02-28 18:15:00+01:00,103.29406810677395,96.32
2026-02-28 18:30:00+01:00,107.88280201970414,96.36
2026-02-28 18:45:00+01:00,105.12628639951174,90.88
2026-02-28 19:00:00+01:00,100.0989041949462,92.25
2026-02-28 19:15:00+01:00,101.16743801705437,87.71
2026-02-28 19:30:00+01:00,94.6193154844471,85.12
2026-02-28 19:45:00+01:00,90.35089890888358,75.59
2026-02-28 20:00:00+01:00,94.56420039098155,83.37
2026-02-28 20:15:00+01:00,87.42747056251449,74.27
2026-02-28 20:30:00+01:00,83.87247182994881,61.44
2026-02-28 20:45:00+01:00,80.2481629356555,57.39
2026-02-28 21:00:00+01:00,83.25449006833404,67.91
2026-02-28 21:15:00+01:00,80.02031416722804,68.93
2026-02-28 21:30:00+01:00,83.19022152843684,67.31
2026-02-28 21:45:00+01:00,76.57139720844266,54.52
2026-02-28 22:00:00+01:00,85.13407237089388,72.78
2026-02-28 22:15:00+01:00,82.11176578100574,66.17
2026-02-28 22:30:00+01:00,76.01584430284663,64.23
2026-02-28 22:45:00+01:00,72.03105948442435,55.47
2026-02-28 23:00:00+01:00,78.42147642537714,72.72
2026-02-28 23:15:00+01:00,71.86559236672981,59.07
2026-02-28 23:30:00+01:00,70.71713916577426,59.32
2026-02-28 23:45:00+01:00,55.457255642886835,51.58
2026-03-01 00:00:00+01:00,67.01114737899151,47.65
2026-03-01 00:15:00+01:00,66.4701237065718,48.89
2026-03-01 00:30:00+01:00,63.413906212109666,46.03
2026-03-01 00:45:00+01:00,64.35266231647144,48.02
2026-03-01 01:00:00+01:00,68.22261456415019,49.0
2026-03-01 01:15:00+01:00,65.36835223524778,51.99
2026-03-01 01:30:00+01:00,61.2949254213605,52.77
2026-03-01 01:45:00+01:00,63.03090411441882,52.44
2026-03-01 02:00:00+01:00,64.12744879637563,51.69
2026-03-01 02:15:00+01:00,64.16093778578862,52.49
2026-03-01 02:30:00+01:00,65.75339336444152,55.51
2026-03-01 02:45:00+01:00,67.61433677073043,57.3
2026-03-01 03:00:00+01:00,66.86869733737204,53.34
2026-03-01 03:15:00+01:00,67.72098732260491,54.58
2026-03-01 03:30:00+01:00,71.15993038406549,58.1
2026-03-01 03:45:00+01:00,68.16157647331667,62.27
2026-03-01 04:00:00+01:00,66.37116644664616,53.08
2026-03-01 04:15:00+01:00,67.80550938211168,57.57
2026-03-01 04:30:00+01:00,67.95319347787988,64.38
2026-03-01 04:45:00+01:00,68.18371967981135,69.31
2026-03-01 05:00:00+01:00,66.02679305163205,64.0
2026-03-01 05:15:00+01:00,69.51011741669863,64.3
2026-03-01 05:30:00+01:00,70.59372327509315,65.13
2026-03-01 05:45:00+01:00,76.4262272399464,67.29
2026-03-01 06:00:00+01:00,63.44015202927109,60.27
2026-03-01 06:15:00+01:00,70.28188294375121,66.51
2026-03-01 06:30:00+01:00,79.29553652065529,68.75
2026-03-01 06:45:00+01:00,83.19166848855669,68.5
2026-03-01 07:00:00+01:00,80.09811671522354,68.47
2026-03-01 07:15:00+01:00,77.71808326738957,68.79
2026-03-01 07:30:00+01:00,77.11865161764138,67.35
2026-03-01 07:45:00+01:00,78.6729170690067,55.38
2026-03-01 08:00:00+01:00,81.46183235671161,66.89
2026-03-01 08:15:00+01:00,75.63516159996436,56.24
2026-03-01 08:30:00+01:00,70.36163448042899,45.77
2026-03-01 08:45:00+01:00,63.834178982217814,41.24
2026-03-01 09:00:00+01:00,73.44217110428718,45.87
2026-03-01 09:15:00+01:00,68.14763510880883,24.16
2026-03-01 09:30:00+01:00,58.73925801949346,9.79
2026-03-01 09:45:00+01:00,55.175686323953784,0.1
2026-03-01 10:00:00+01:00,64.82323662362444,0.87
2026-03-01 10:15:00+01:00,60.276410835432635,0.0
2026-03-01 10:30:00+01:00,45.95007451395256,-0.06
2026-03-01 10:45:00+01:00,44.81213684406822,-0.81
2026-03-01 11:00:00+01:00,51.84048289775664,0.01
2026-03-01 11:15:00+01:00,47.018258922161465,0.0
2026-03-01 11:30:00+01:00,41.36184441508784,-0.01
2026-03-01 11:45:00+01:00,27.498784428494872,-0.1
2026-03-01 12:00:00+01:00,41.66724298897775,-0.1
2026-03-01 12:15:00+01:00,25.764585620331587,-0.11
2026-03-01 12:30:00+01:00,13.477373481530279,-0.25
2026-03-01 12:45:00+01:00,12.955151131790416,-1.0
2026-03-01 13:00:00+01:00,20.523197561832532,-1.01
2026-03-01 13:15:00+01:00,15.358020680716336,-1.03
2026-03-01 13:30:00+01:00,17.501335742277078,-1.0
2026-03-01 13:45:00+01:00,27.758235620626166,-0.11
2026-03-01 14:00:00+01:00,21.54155097875811,-1.0
2026-03-01 14:15:00+01:00,36.67420505952042,-0.06
2026-03-01 14:30:00+01:00,43.18921140409966,0.0
2026-03-01 14:45:00+01:00,49.36099964823942,1.04
2026-03-01 15:00:00+01:00,38.10150491771524,0.0
2026-03-01 15:15:00+01:00,52.55699992613527,0.12
2026-03-01 15:30:00+01:00,68.05801415671525,33.61
2026-03-01 15:45:00+01:00,86.10297724675726,70.08
2026-03-01 16:00:00+01:00,58.65873729737845,37.31
2026-03-01 16:15:00+01:00,76.89902420988052,62.4
2026-03-01 16:30:00+01:00,96.35122313693978,94.66
2026-03-01 16:45:00+01:00,109.77077447719044,104.99
2026-03-01 17:00:00+01:00,88.96865788182639,92.01
2026-03-01 17:15:00+01:00,103.193359833409,100.03
2026-03-01 17:30:00+01:00,108.48335224916192,110.0
2026-03-01 17:45:00+01:00,109.58301372969181,113.0
2026-03-01 18:00:00+01:00,112.71278725823565,108.05
2026-03-01 18:15:00+01:00,115.31992713173045,109.84
2026-03-01 18:30:00+01:00,108.31185395774261,113.06
2026-03-01 18:45:00+01:00,106.37907461596899,109.86
2026-03-01 19:00:00+01:00,111.20849326050104,104.64
2026-03-01 19:15:00+01:00,109.0721093605593,103.41
2026-03-01 19:30:00+01:00,106.39853498125359,100.04
2026-03-01 19:45:00+01:00,100.44448510625301,98.65
2026-03-01 20:00:00+01:00,99.31368804354284,96.04
2026-03-01 20:15:00+01:00,94.86493109730979,94.96
2026-03-01 20:30:00+01:00,88.3863747539367,89.01
2026-03-01 20:45:00+01:00,85.53735928408182,82.93
2026-03-01 21:00:00+01:00,91.70097279148399,86.77
2026-03-01 21:15:00+01:00,89.77039485911436,82.17
2026-03-01 21:30:00+01:00,84.00770002498768,80.26
2026-03-01 21:45:00+01:00,79.84669257918516,76.06
2026-03-01 22:00:00+01:00,93.75620955587357,81.11
2026-03-01 22:15:00+01:00,89.5789510473148,77.82
2026-03-01 22:30:00+01:00,83.73933363487642,73.64
2026-03-01 22:45:00+01:00,78.1320704293451,66.09
2026-03-01 23:00:00+01:00,85.78564934581581,73.88
2026-03-01 23:15:00+01:00,77.62252620903986,70.83
2026-03-01 23:30:00+01:00,75.20861331359563,68.76
2026-03-01 23:45:00+01:00,72.58565358249447,59.12
2026-03-02 00:00:00+01:00,62.27391747905519,68.0
2026-03-02 00:15:00+01:00,58.336734058035674,65.08
2026-03-02 00:30:00+01:00,61.83101067113115,65.33
2026-03-02 00:45:00+01:00,60.79809576915196,62.11
2026-03-02 01:00:00+01:00,62.18494955510714,65.0
2026-03-02 01:15:00+01:00,64.97426440091814,65.04
2026-03-02 01:30:00+01:00,65.14627430046019,67.9
2026-03-02 01:45:00+01:00,62.486270538930995,69.84
2026-03-02 02:00:00+01:00,63.790777000930575,69.66
2026-03-02 02:15:00+01:00,63.42828285270674,68.31
2026-03-02 02:30:00+01:00,64.68332879455859,69.36
2026-03-02 02:45:00+01:00,66.6132419488867,68.7
2026-03-02 03:00:00+01:00,64.45942975721931,69.72
2026-03-02 03:15:00+01:00,65.7056846164685,68.19
2026-03-02 03:30:00+01:00,66.50611674576487,68.14
2026-03-02 03:45:00+01:00,68.6321153306002,72.22
2026-03-02 04:00:00+01:00,64.10769197057786,68.29
2026-03-02 04:15:00+01:00,68.32847175564001,70.43
2026-03-02 04:30:00+01:00,69.8997414506784,76.08
2026-03-02 04:45:00+01:00,71.68117361171248,81.32
2026-03-02 05:00:00+01:00,67.57123781107188,76.4
2026-03-02 05:15:00+01:00,68.76689290948282,80.66
2026-03-02 05:30:00+01:00,71.43688714993122,87.24
2026-03-02 05:45:00+01:00,85.20364212787439,95.82
2026-03-02 06:00:00+01:00,67.96749581935542,87.15
2026-03-02 06:15:00+01:00,93.3081508489396,92.6
2026-03-02 06:30:00+01:00,104.09565555839839,107.8
2026-03-02 06:45:00+01:00,97.40441174923339,113.12
2026-03-02 07:00:00+01:00,98.26156318041994,125.4
2026-03-02 07:15:00+01:00,100.45283554452661,164.53
2026-03-02 07:30:00+01:00,106.77797619744491,142.02
2026-03-02 07:45:00+01:00,95.97775162983915,122.66
2026-03-02 08:00:00+01:00,104.54467614154231,181.0
2026-03-02 08:15:00+01:00,99.64911266155676,123.17
2026-03-02 08:30:00+01:00,91.01540397861899,108.99
2026-03-02 08:45:00+01:00,86.39666944583409,86.29
2026-03-02 09:00:00+01:00,102.43544107072348,113.91
2026-03-02 09:15:00+01:00,95.95284150386432,99.5
2026-03-02 09:30:00+01:00,87.9746062429782,85.2
2026-03-02 09:45:00+01:00,81.48769184194198,59.24
2026-03-02 10:00:00+01:00,80.25811133044867,83.85
2026-03-02 10:15:00+01:00,73.5784548020411,74.99
2026-03-02 10:30:00+01:00,74.0273321379785,68.48
2026-03-02 10:45:00+01:00,69.26309258792202,52.28
2026-03-02 11:00:00+01:00,60.69875131709797,79.32
2026-03-02 11:15:00+01:00,69.33041179543136,66.31
2026-03-02 11:30:00+01:00,60.8766700296298,48.55
2026-03-02 11:45:00+01:00,48.401630544951026,20.07
2026-03-02 12:00:00+01:00,48.694734081984805,41.88
2026-03-02 12:15:00+01:00,40.277895987881806,34.99
2026-03-02 12:30:00+01:00,29.76770989807511,22.86
2026-03-02 12:45:00+01:00,19.660821721569548,16.54
2026-03-02 13:00:00+01:00,19.861896524748147,18.47
2026-03-02 13:15:00+01:00,27.58590060892783,31.42
2026-03-02 13:30:00+01:00,33.12891255750416,46.12
2026-03-02 13:45:00+01:00,34.07240384393504,65.0
2026-03-02 14:00:00+01:00,32.34853790749924,14.89
2026-03-02 14:15:00+01:00,33.76382760056214,67.0
2026-03-02 14:30:00+01:00,44.1345256735601,83.23
2026-03-02 14:45:00+01:00,51.564177858379516,91.0
2026-03-02 15:00:00+01:00,51.78249490562023,68.16
2026-03-02 15:15:00+01:00,59.31191950468098,74.95
2026-03-02 15:30:00+01:00,84.8049660083548,87.35
2026-03-02 15:45:00+01:00,104.57270340552836,109.49
2026-03-02 16:00:00+01:00,80.23515675588132,74.89
2026-03-02 16:15:00+01:00,99.7868340623284,98.23
2026-03-02 16:30:00+01:00,126.33958625250469,114.5
2026-03-02 16:45:00+01:00,139.4062586730153,148.99
2026-03-02 17:00:00+01:00,111.57590317924765,106.37
2026-03-02 17:15:00+01:00,143.20998864246837,121.0
2026-03-02 17:30:00+01:00,157.3779778246466,174.27
2026-03-02 17:45:00+01:00,148.55123054638543,292.36
2026-03-02 18:00:00+01:00,164.84904167624018,232.16
2026-03-02 18:15:00+01:00,140.21023424616445,222.31
2026-03-02 18:30:00+01:00,124.21631739045858,158.18
2026-03-02 18:45:00+01:00,117.39519657791769,139.33
2026-03-02 19:00:00+01:00,130.9566527829712,214.01
2026-03-02 19:15:00+01:00,117.53924909537744,137.13
2026-03-02 19:30:00+01:00,109.34666825551437,118.24
2026-03-02 19:45:00+01:00,105.22945158807882,105.06
2026-03-02 20:00:00+01:00,108.17650095198906,119.51
2026-03-02 20:15:00+01:00,101.01706237298274,110.58
2026-03-02 20:30:00+01:00,99.06738383408194,100.98
2026-03-02 20:45:00+01:00,94.30901281695671,99.67
2026-03-02 21:00:00+01:00,97.04890630485487,103.2
2026-03-02 21:15:00+01:00,94.53630051727023,98.99
2026-03-02 21:30:00+01:00,94.15794857927133,94.81
2026-03-02 21:45:00+01:00,90.42964557063839,88.87
2026-03-02 22:00:00+01:00,100.07980082176965,105.0
2026-03-02 22:15:00+01:00,95.36612358177044,99.21
2026-03-02 22:30:00+01:00,91.13283323015709,93.99
2026-03-02 22:45:00+01:00,86.84678958819872,89.0
2026-03-02 23:00:00+01:00,88.06836325742778,94.0
2026-03-02 23:15:00+01:00,84.84078609827534,88.62
2026-03-02 23:30:00+01:00,84.12309326291474,87.26
2026-03-02 23:45:00+01:00,80.80802440191577,85.7
2026-03-03 00:00:00+01:00,94.38936773893207,93.28
2026-03-03 00:15:00+01:00,90.28959808821857,89.95
2026-03-03 00:30:00+01:00,90.15705299737243,87.45
2026-03-03 00:45:00+01:00,87.30769055643502,85.57
2026-03-03 01:00:00+01:00,91.97821668916343,89.85
2026-03-03 01:15:00+01:00,89.09850167662474,89.41
2026-03-03 01:30:00+01:00,88.24948360489964,90.83
2026-03-03 01:45:00+01:00,87.41534287778963,90.4
2026-03-03 02:00:00+01:00,89.97679547843501,89.61
2026-03-03 02:15:00+01:00,88.4933075680616,88.82
2026-03-03 02:30:00+01:00,88.11990282574881,89.99
2026-03-03 02:45:00+01:00,85.85098272706614,89.28
2026-03-03 03:00:00+01:00,89.4756441183541,92.92
2026-03-03 03:15:00+01:00,87.42364335524049,90.16
2026-03-03 03:30:00+01:00,87.31742742021598,94.26
2026-03-03 03:45:00+01:00,87.94129758684228,93.92
2026-03-03 04:00:00+01:00,87.51983959981561,94.9
2026-03-03 04:15:00+01:00,87.1513504467307,95.08
2026-03-03 04:30:00+01:00,88.69767713190468,95.7
2026-03-03 04:45:00+01:00,89.91949517382038,97.21
2026-03-03 05:00:00+01:00,87.0939666936336,92.8
2026-03-03 05:15:00+01:00,90.74001432240351,98.95
2026-03-03 05:30:00+01:00,95.19572253745449,105.61
2026-03-03 05:45:00+01:00,102.7034702573445,115.92
2026-03-03 06:00:00+01:00,90.73604715076303,111.58
2026-03-03 06:15:00+01:00,104.03644450409409,121.93
2026-03-03 06:30:00+01:00,117.15233720229217,130.69
2026-03-03 06:45:00+01:00,129.01725528819168,179.99
2026-03-03 07:00:00+01:00,130.70929778329798,168.3
2026-03-03 07:15:00+01:00,150.19948661852357,163.52
2026-03-03 07:30:00+01:00,154.10296486784344,160.84
2026-03-03 07:45:00+01:00,137.80695235662466,132.93
2026-03-03 08:00:00+01:00,159.4383818571274,193.91
2026-03-03 08:15:00+01:00,136.48716941087883,141.04
2026-03-03 08:30:00+01:00,126.06354335413486,120.49
2026-03-03 08:45:00+01:00,102.70667964657399,91.68
2026-03-03 09:00:00+01:00,127.45578358670076,129.0
2026-03-03 09:15:00+01:00,109.86311556503954,99.28
2026-03-03 09:30:00+01:00,98.25041221900818,89.44
2026-03-03 09:45:00+01:00,95.26654572582127,80.36
2026-03-03 10:00:00+01:00,102.84595159793301,94.76
2026-03-03 10:15:00+01:00,86.92599745815659,87.19
2026-03-03 10:30:00+01:00,68.8727650128576,79.46
2026-03-03 10:45:00+01:00,54.84137803729366,51.27
2026-03-03 11:00:00+01:00,79.89792192843954,83.05
2026-03-03 11:15:00+01:00,70.81526361783035,66.31
2026-03-03 11:30:00+01:00,67.8403187158875,44.24
2026-03-03 11:45:00+01:00,45.89388271215369,30.09
2026-03-03 12:00:00+01:00,59.1049178246931,47.04
2026-03-03 12:15:00+01:00,49.71363775556554,34.99
2026-03-03 12:30:00+01:00,37.229504178087886,25.87
2026-03-03 12:45:00+01:00,30.31269375249829,21.56
2026-03-03 13:00:00+01:00,39.228111925839016,22.62
2026-03-03 13:15:00+01:00,41.02306935235733,23.7
2026-03-03 13:30:00+01:00,51.289059976401944,39.98
2026-03-03 13:45:00+01:00,59.66968551970379,56.35
2026-03-03 14:00:00+01:00,22.895008200064595,33.02
2026-03-03 14:15:00+01:00,59.55049097917719,53.13
2026-03-03 14:30:00+01:00,72.9979239865334,78.18
2026-03-03 14:45:00+01:00,83.25134414269381,92.25
2026-03-03 15:00:00+01:00,64.35726701741372,61.98
2026-03-03 15:15:00+01:00,78.44016843803448,80.16
2026-03-03 15:30:00+01:00,81.13114892508256,91.82
2026-03-03 15:45:00+01:00,111.76792008068155,113.11
2026-03-03 16:00:00+01:00,82.03324515945963,81.82
2026-03-03 16:15:00+01:00,108.60961827216752,98.06
2026-03-03 16:30:00+01:00,123.64294586932118,115.79
2026-03-03 16:45:00+01:00,143.86908198791556,161.05
2026-03-03 17:00:00+01:00,112.10643189167892,93.61
2026-03-03 17:15:00+01:00,127.20114588092828,116.73
2026-03-03 17:30:00+01:00,158.33335529288544,177.72
2026-03-03 17:45:00+01:00,171.77097321880552,246.4
2026-03-03 18:00:00+01:00,162.2605203988109,196.3
2026-03-03 18:15:00+01:00,156.2946663748465,203.42
2026-03-03 18:30:00+01:00,152.0812154151834,219.31
2026-03-03 18:45:00+01:00,153.69222719205646,198.0
2026-03-03 19:00:00+01:00,153.1753564685297,230.04
2026-03-03 19:15:00+01:00,137.57312632549505,180.27
2026-03-03 19:30:00+01:00,132.4748127683533,157.69
2026-03-03 19:45:00+01:00,112.82434128009548,125.48
2026-03-03 20:00:00+01:00,134.66495405221815,152.29
2026-03-03 20:15:00+01:00,124.22974099451642,138.31
2026-03-03 20:30:00+01:00,113.12626196893534,122.71
2026-03-03 20:45:00+01:00,105.47594951915816,113.59
2026-03-03 21:00:00+01:00,116.89645978003729,125.49
2026-03-03 21:15:00+01:00,110.48951328881246,119.73
2026-03-03 21:30:00+01:00,105.78247631892056,115.76
2026-03-03 21:45:00+01:00,97.0620242039779,103.74
2026-03-03 22:00:00+01:00,109.6023898548533,122.36
2026-03-03 22:15:00+01:00,103.25363518204239,112.45
2026-03-03 22:30:00+01:00,98.52183587824474,108.1
2026-03-03 22:45:00+01:00,93.17732774011758,102.37
2026-03-03 23:00:00+01:00,95.64181432498192,112.06
2026-03-03 23:15:00+01:00,88.99925375528375,104.52
2026-03-03 23:30:00+01:00,87.39706697261782,104.21
2026-03-03 23:45:00+01:00,80.08850536369744,97.99
2026-03-04 00:00:00+01:00,98.58526808397973,139.94
2026-03-04 00:15:00+01:00,98.68546928225022,132.3
2026-03-04 00:30:00+01:00,98.90177169847878,126.56
2026-03-04 00:45:00+01:00,95.28448950070485,117.24
2026-03-04 01:00:00+01:00,98.14397468266041,135.58
2026-03-04 01:15:00+01:00,98.66159327259832,127.43
2026-03-04 01:30:00+01:00,97.5545769960516,125.13
2026-03-04 01:45:00+01:00,96.06565526614344,123.15
2026-03-04 02:00:00+01:00,101.36016204959716,127.11
2026-03-04 02:15:00+01:00,98.27698478073691,125.79
2026-03-04 02:30:00+01:00,94.87715860275597,124.98
2026-03-04 02:45:00+01:00,96.72769854409077,123.41
2026-03-04 03:00:00+01:00,99.62606241150584,124.81
2026-03-04 03:15:00+01:00,97.20190302227094,124.73
2026-03-04 03:30:00+01:00,97.01804536833178,124.67
2026-03-04 03:45:00+01:00,97.61413169565208,124.73
2026-03-04 04:00:00+01:00,98.2638983318529,124.74
2026-03-04 04:15:00+01:00,98.00399813567087,125.08
2026-03-04 04:30:00+01:00,96.75409711941546,130.54
2026-03-04 04:45:00+01:00,97.8642207052438,132.45
2026-03-04 05:00:00+01:00,95.86011525538486,124.28
2026-03-04 05:15:00+01:00,97.58124550969012,131.94
2026-03-04 05:30:00+01:00,104.06038628187962,140.22
2026-03-04 05:45:00+01:00,105.1023886880661,168.2
2026-03-04 06:00:00+01:00,105.95104386657812,137.03
2026-03-04 06:15:00+01:00,112.63189575544459,151.57
2026-03-04 06:30:00+01:00,126.56613425090428,211.28
2026-03-04 06:45:00+01:00,157.59012008135755,301.31
2026-03-04 07:00:00+01:00,144.71526867333344,330.86
2026-03-04 07:15:00+01:00,161.05017778042657,335.18
2026-03-04 07:30:00+01:00,154.7926836707734,226.14
2026-03-04 07:45:00+01:00,152.2015339353229,177.76
2026-03-04 08:00:00+01:00,174.6933022874524,294.22
2026-03-04 08:15:00+01:00,165.928652498429,204.5
2026-03-04 08:30:00+01:00,132.89627351308766,151.67
2026-03-04 08:45:00+01:00,109.49904294800832,123.0
2026-03-04 09:00:00+01:00,146.24768173922706,211.29
2026-03-04 09:15:00+01:00,114.69139162976455,148.65
2026-03-04 09:30:00+01:00,103.09695012504578,134.22
2026-03-04 09:45:00+01:00,94.84391195566461,108.88
2026-03-04 10:00:00+01:00,96.11101764316325,137.81
2026-03-04 10:15:00+01:00,91.58404786798718,117.03
2026-03-04 10:30:00+01:00,77.1530424190376,104.9
2026-03-04 10:45:00+01:00,51.640321226680825,81.93
2026-03-04 11:00:00+01:00,79.52113852012067,102.48
2026-03-04 11:15:00+01:00,64.58565015831009,81.0
2026-03-04 11:30:00+01:00,49.30556659096179,77.48
2026-03-04 11:45:00+01:00,38.52210807074083,52.23
2026-03-04 12:00:00+01:00,53.33751695309914,69.97
2026-03-04 12:15:00+01:00,48.23906654656806,39.99
2026-03-04 12:30:00+01:00,27.683563277763923,34.9
2026-03-04 12:45:00+01:00,22.972075314771246,25.12
2026-03-04 13:00:00+01:00,32.699399510491055,31.75
2026-03-04 13:15:00+01:00,33.45324170535734,26.92
2026-03-04 13:30:00+01:00,41.28118159900816,33.39
2026-03-04 13:45:00+01:00,58.301039438197776,39.84
2026-03-04 14:00:00+01:00,24.4672478718131,26.37
2026-03-04 14:15:00+01:00,53.77385306891237,58.19
2026-03-04 14:30:00+01:00,76.9931356031233,79.9
2026-03-04 14:45:00+01:00,91.20063020034732,97.16
2026-03-04 15:00:00+01:00,67.81362745447453,71.17
2026-03-04 15:15:00+01:00,81.07060106359155,93.06
2026-03-04 15:30:00+01:00,94.43162880979028,101.74
2026-03-04 15:45:00+01:00,108.02528585462719,130.48
2026-03-04 16:00:00+01:00,94.65515250009766,93.37
2026-03-04 16:15:00+01:00,106.7310996681888,115.24
2026-03-04 16:30:00+01:00,121.22391565802072,137.63
2026-03-04 16:45:00+01:00,152.6049293884877,202.6
2026-03-04 17:00:00+01:00,99.04413568648226,130.71
2026-03-04 17:15:00+01:00,121.54329960076194,173.91
2026-03-04 17:30:00+01:00,159.64914717158373,243.08
2026-03-04 17:45:00+01:00,165.91789079435904,429.36
2026-03-04 18:00:00+01:00,161.0857669223187,283.32
2026-03-04 18:15:00+01:00,161.90706695315072,337.19
2026-03-04 18:30:00+01:00,160.90491039925547,343.65
2026-03-04 18:45:00+01:00,149.82002962615084,279.28
2026-03-04 19:00:00+01:00,154.55155382915933,328.64
2026-03-04 19:15:00+01:00,142.60248369954488,230.1
2026-03-04 19:30:00+01:00,138.67988709892748,214.09
2026-03-04 19:45:00+01:00,114.12172313123111,185.68
2026-03-04 20:00:00+01:00,130.39255729148456,197.34
2026-03-04 20:15:00+01:00,115.6728175230615,172.0
2026-03-04 20:30:00+01:00,107.05056582863244,159.29
2026-03-04 20:45:00+01:00,101.43899018843314,150.81
2026-03-04 21:00:00+01:00,114.47154354890667,171.64
2026-03-04 21:15:00+01:00,107.74375334369428,158.39
2026-03-04 21:30:00+01:00,101.47609139472983,147.04
2026-03-04 21:45:00+01:00,97.63862783613222,130.44
2026-03-04 22:00:00+01:00,108.85943767943452,157.04
2026-03-04 22:15:00+01:00,103.26327347480509,149.48
2026-03-04 22:30:00+01:00,99.0794491498134,139.13
2026-03-04 22:45:00+01:00,93.44540138090723,123.31
2026-03-04 23:00:00+01:00,98.93903599134607,140.0
2026-03-04 23:15:00+01:00,95.1467175459082,131.9
2026-03-04 23:30:00+01:00,92.27558422673387,119.13
2026-03-04 23:45:00+01:00,86.30333967642767,108.2
2026-03-05 00:00:00+01:00,117.14426133183188,132.01
2026-03-05 00:15:00+01:00,111.39824639176703,114.61
2026-03-05 00:30:00+01:00,108.10326273050299,110.24
2026-03-05 00:45:00+01:00,104.6663516936272,109.08
2026-03-05 01:00:00+01:00,113.78598751404408,111.79
2026-03-05 01:15:00+01:00,108.84995995035823,109.93
2026-03-05 01:30:00+01:00,107.83166161970325,109.2
2026-03-05 01:45:00+01:00,106.8642110396818,108.81
2026-03-05 02:00:00+01:00,110.34649157201775,109.51
2026-03-05 02:15:00+01:00,109.85136852011664,109.44
2026-03-05 02:30:00+01:00,105.81103117872371,109.26
2026-03-05 02:45:00+01:00,104.17394976111596,108.84
2026-03-05 03:00:00+01:00,105.74677752350973,108.79
2026-03-05 03:15:00+01:00,103.8236683344437,108.5
2026-03-05 03:30:00+01:00,104.38491733488684,108.81
2026-03-05 03:45:00+01:00,103.39320740452825,109.04
2026-03-05 04:00:00+01:00,104.25074807495702,109.69
2026-03-05 04:15:00+01:00,102.96556968976174,110.23
2026-03-05 04:30:00+01:00,104.07083077227875,109.95
2026-03-05 04:45:00+01:00,107.15658235848682,114.38
2026-03-05 05:00:00+01:00,105.09327662680374,108.6
2026-03-05 05:15:00+01:00,103.89061424047291,112.12
2026-03-05 05:30:00+01:00,105.56647149386498,137.71
2026-03-05 05:45:00+01:00,110.52280353925171,149.3
2026-03-05 06:00:00+01:00,105.97113947842271,127.73
2026-03-05 06:15:00+01:00,114.05063068467187,154.25
2026-03-05 06:30:00+01:00,122.4111106695019,166.64
2026-03-05 06:45:00+01:00,122.06354068293886,168.93
2026-03-05 07:00:00+01:00,125.66942272755782,205.1
2026-03-05 07:15:00+01:00,152.17899610338532,190.58
2026-03-05 07:30:00+01:00,138.05978388029598,160.0
2026-03-05 07:45:00+01:00,116.86883425063075,146.5
2026-03-05 08:00:00+01:00,169.7831109268797,176.43
2026-03-05 08:15:00+01:00,120.4137138908601,149.94
2026-03-05 08:30:00+01:00,109.042960133241,130.51
2026-03-05 08:45:00+01:00,107.62146142376238,100.44
2026-03-05 09:00:00+01:00,140.26663593720514,129.17
2026-03-05 09:15:00+01:00,119.54605476007694,99.11
2026-03-05 09:30:00+01:00,107.16529850436683,89.24
2026-03-05 09:45:00+01:00,95.59110570787708,70.85
2026-03-05 10:00:00+01:00,109.76938814048714,94.41
2026-03-05 10:15:00+01:00,105.39758553913148,71.0
2026-03-05 10:30:00+01:00,90.70542314060651,59.95
2026-03-05 10:45:00+01:00,74.00114758582896,31.22
2026-03-05 11:00:00+01:00,90.57757941287232,56.78
2026-03-05 11:15:00+01:00,76.69793748185046,25.59
2026-03-05 11:30:00+01:00,68.88181361040242,9.45
2026-03-05 11:45:00+01:00,56.29597931816056,0.0
2026-03-05 12:00:00+01:00,71.88091728137519,8.49
2026-03-05 12:15:00+01:00,58.56230841741999,0.0
2026-03-05 12:30:00+01:00,39.1289510116636,0.0
2026-03-05 12:45:00+01:00,27.353850198422904,0.0
2026-03-05 13:00:00+01:00,41.31112015933739,0.0
2026-03-05 13:15:00+01:00,33.456194003869236,0.0
2026-03-05 13:30:00+01:00,37.44957851668421,1.28
2026-03-05 13:45:00+01:00,40.32995003140293,10.02
2026-03-05 14:00:00+01:00,31.08548101730335,10.08
2026-03-05 14:15:00+01:00,59.93957989959537,32.29
2026-03-05 14:30:00+01:00,80.22574142616975,39.86
2026-03-05 14:45:00+01:00,95.57924134070413,73.11
2026-03-05 15:00:00+01:00,72.52109492726196,58.43
2026-03-05 15:15:00+01:00,88.03614838952261,86.53
2026-03-05 15:30:00+01:00,96.65987707304828,96.65
2026-03-05 15:45:00+01:00,100.16942101174747,118.4
2026-03-05 16:00:00+01:00,94.29121129774548,90.3
2026-03-05 16:15:00+01:00,106.19167834824141,120.39
2026-03-05 16:30:00+01:00,111.10622663228015,144.53
2026-03-05 16:45:00+01:00,125.57690585170175,195.78
2026-03-05 17:00:00+01:00,120.90851058772293,127.89
2026-03-05 17:15:00+01:00,121.28218476284434,158.28
2026-03-05 17:30:00+01:00,120.75169120071988,190.36
2026-03-05 17:45:00+01:00,152.53822962683552,244.97
2026-03-05 18:00:00+01:00,133.55191412948304,230.09
2026-03-05 18:15:00+01:00,137.94532166528177,202.27
2026-03-05 18:30:00+01:00,136.47557541725976,176.93
2026-03-05 18:45:00+01:00,119.99715292661435,158.79
2026-03-05 19:00:00+01:00,142.62168166299935,199.15
2026-03-05 19:15:00+01:00,119.83759359047322,165.86
2026-03-05 19:30:00+01:00,120.73513095314381,152.89
2026-03-05 19:45:00+01:00,115.49595215276865,142.1
2026-03-05 20:00:00+01:00,117.37268489090549,149.04
2026-03-05 20:15:00+01:00,114.08968185524611,135.92
2026-03-05 20:30:00+01:00,107.92248272399635,131.82
2026-03-05 20:45:00+01:00,103.94656731126082,124.2
2026-03-05 21:00:00+01:00,111.86005162896339,145.9
2026-03-05 21:15:00+01:00,105.76200656366096,138.09
2026-03-05 21:30:00+01:00,101.59950254792632,126.68
2026-03-05 21:45:00+01:00,96.03256711643392,111.69
2026-03-05 22:00:00+01:00,106.28088663023833,136.58
2026-03-05 22:15:00+01:00,105.8400347196977,130.34
2026-03-05 22:30:00+01:00,102.74357767506176,128.27
2026-03-05 22:45:00+01:00,98.39039171225247,125.38
2026-03-05 23:00:00+01:00,98.8493373690796,128.68
2026-03-05 23:15:00+01:00,94.46499437612324,121.79
2026-03-05 23:30:00+01:00,95.22455286839829,118.33
2026-03-05 23:45:00+01:00,90.2009416017807,110.0
2026-03-06 00:00:00+01:00,116.03184613409634,103.2
2026-03-06 00:15:00+01:00,110.80471050225373,104.49
2026-03-06 00:30:00+01:00,107.91515980550095,104.44
2026-03-06 00:45:00+01:00,105.4037589933036,104.37
2026-03-06 01:00:00+01:00,111.58018943506518,106.23
2026-03-06 01:15:00+01:00,109.50034327110185,105.85
2026-03-06 01:30:00+01:00,108.31645775373545,106.92
2026-03-06 01:45:00+01:00,107.57601650812555,105.0
2026-03-06 02:00:00+01:00,110.17175756362971,109.38
2026-03-06 02:15:00+01:00,110.75826299433497,108.04
2026-03-06 02:30:00+01:00,107.70035454394628,108.57
2026-03-06 02:45:00+01:00,107.85229566096933,108.1
2026-03-06 03:00:00+01:00,108.18220553971405,108.83
2026-03-06 03:15:00+01:00,106.23112458678867,108.9
2026-03-06 03:30:00+01:00,106.80109900080859,109.54
2026-03-06 03:45:00+01:00,107.185254387664,110.83
2026-03-06 04:00:00+01:00,108.91177666880925,110.74
2026-03-06 04:15:00+01:00,108.45445425584367,109.97
2026-03-06 04:30:00+01:00,110.24038552246577,118.0
2026-03-06 04:45:00+01:00,113.52360670348781,123.29
2026-03-06 05:00:00+01:00,108.29890148582982,114.22
2026-03-06 05:15:00+01:00,112.14173957480797,121.58
2026-03-06 05:30:00+01:00,124.30471998421388,133.16
2026-03-06 05:45:00+01:00,130.80709681444654,149.67
2026-03-06 06:00:00+01:00,116.68884774294075,126.43
2026-03-06 06:15:00+01:00,132.26971753455106,147.36
2026-03-06 06:30:00+01:00,149.00830049890564,161.92
2026-03-06 06:45:00+01:00,193.0122730505804,193.43
2026-03-06 07:00:00+01:00,188.3481757223721,214.51
2026-03-06 07:15:00+01:00,198.36553977983746,195.13
2026-03-06 07:30:00+01:00,182.80295645349727,168.02
2026-03-06 07:45:00+01:00,174.32714254060454,130.44
2026-03-06 08:00:00+01:00,213.3269829361716,184.37
2026-03-06 08:15:00+01:00,188.9968874050988,148.94
2026-03-06 08:30:00+01:00,134.5434671003337,121.4
2026-03-06 08:45:00+01:00,102.38698422909498,98.44
2026-03-06 09:00:00+01:00,141.9599058642874,143.53
2026-03-06 09:15:00+01:00,101.8223266502047,108.6
2026-03-06 09:30:00+01:00,90.28293436524925,103.17
2026-03-06 09:45:00+01:00,81.56465937016016,92.55
2026-03-06 10:00:00+01:00,101.47347598647747,111.98
2026-03-06 10:15:00+01:00,78.59404995621823,100.69
2026-03-06 10:30:00+01:00,69.58897644547349,96.14
2026-03-06 10:45:00+01:00,54.35531814108605,77.19
2026-03-06 11:00:00+01:00,82.41054942603726,87.31
2026-03-06 11:15:00+01:00,62.095703682785704,69.8
2026-03-06 11:30:00+01:00,48.978381111885646,63.2
2026-03-06 11:45:00+01:00,32.79362665889825,46.54
2026-03-06 12:00:00+01:00,43.3122748567174,63.13
2026-03-06 12:15:00+01:00,28.30478225094238,49.39
2026-03-06 12:30:00+01:00,25.65457443061665,51.36
2026-03-06 12:45:00+01:00,24.633126652708853,46.68
2026-03-06 13:00:00+01:00,29.715282475097126,48.25
2026-03-06 13:15:00+01:00,29.6828066072689,47.32
2026-03-06 13:30:00+01:00,46.14330146261228,46.69
2026-03-06 13:45:00+01:00,45.0586283010716,52.35
2026-03-06 14:00:00+01:00,39.465806432233485,45.71
2026-03-06 14:15:00+01:00,53.46013124991585,64.5
2026-03-06 14:30:00+01:00,74.12879084229017,84.59
2026-03-06 14:45:00+01:00,92.32126815273853,100.95
2026-03-06 15:00:00+01:00,67.49607855924631,85.26
2026-03-06 15:15:00+01:00,89.71405000557333,104.01
2026-03-06 15:30:00+01:00,99.73542033616717,105.0
2026-03-06 15:45:00+01:00,130.01054840493745,134.0
2026-03-06 16:00:00+01:00,95.47823644234565,90.86
2026-03-06 16:15:00+01:00,120.525161830938,120.6
2026-03-06 16:30:00+01:00,145.8179151733775,138.87
2026-03-06 16:45:00+01:00,214.95210559327904,171.26
2026-03-06 17:00:00+01:00,128.1490501254818,115.48
2026-03-06 17:15:00+01:00,153.08339342581212,154.67
2026-03-06 17:30:00+01:00,234.9357467251101,190.69
2026-03-06 17:45:00+01:00,281.9583996180736,248.91
2026-03-06 18:00:00+01:00,241.38584437580892,228.15
2026-03-06 18:15:00+01:00,234.5227149413097,244.94
2026-03-06 18:30:00+01:00,225.0110981229762,230.02
2026-03-06 18:45:00+01:00,193.36561530585607,215.1
2026-03-06 19:00:00+01:00,238.85648808318433,238.11
2026-03-06 19:15:00+01:00,174.67383830075343,184.38
2026-03-06 19:30:00+01:00,161.84093246769606,170.41
2026-03-06 19:45:00+01:00,149.39779086868433,166.16
2026-03-06 20:00:00+01:00,162.02252104307956,169.76
2026-03-06 20:15:00+01:00,149.3813775287925,160.05
2026-03-06 20:30:00+01:00,142.94819969001873,153.43
2026-03-06 20:45:00+01:00,129.42695928510955,129.2
2026-03-06 21:00:00+01:00,139.93736058646857,150.39
2026-03-06 21:15:00+01:00,136.8379172034798,141.99
2026-03-06 21:30:00+01:00,127.49280038727747,128.13
2026-03-06 21:45:00+01:00,117.9472472609701,116.26
2026-03-06 22:00:00+01:00,133.1370212550817,135.86
2026-03-06 22:15:00+01:00,129.0021144375733,127.15
2026-03-06 22:30:00+01:00,121.63792786111878,126.83
2026-03-06 22:45:00+01:00,113.18787033020737,119.14
2026-03-06 23:00:00+01:00,120.59604879786369,136.43
2026-03-06 23:15:00+01:00,110.75528315024128,126.95
2026-03-06 23:30:00+01:00,102.97029559223455,124.89
2026-03-06 23:45:00+01:00,100.22237450126534,116.03
2026-03-07 00:00:00+01:00,110.13896803089797,141.31
2026-03-07 00:15:00+01:00,110.38645256611156,136.72
2026-03-07 00:30:00+01:00,107.17247364555658,132.78
2026-03-07 00:45:00+01:00,104.68025195801117,129.84
2026-03-07 01:00:00+01:00,110.73986650832782,137.61
2026-03-07 01:15:00+01:00,107.21412112538808,132.28
2026-03-07 01:30:00+01:00,103.91334672051454,128.19
2026-03-07 01:45:00+01:00,102.9601252306841,124.63
2026-03-07 02:00:00+01:00,105.21300929148804,129.76
2026-03-07 02:15:00+01:00,104.36148829927889,125.66
2026-03-07 02:30:00+01:00,105.83012765798041,124.15
2026-03-07 02:45:00+01:00,105.1091635679216,123.12
2026-03-07 03:00:00+01:00,104.92870709471501,126.49
2026-03-07 03:15:00+01:00,105.95666754179274,124.78
2026-03-07 03:30:00+01:00,102.81338991826145,123.32
2026-03-07 03:45:00+01:00,103.03549624446805,122.97
2026-03-07 04:00:00+01:00,105.53033025049018,122.97
2026-03-07 04:15:00+01:00,103.5424792947503,124.13
2026-03-07 04:30:00+01:00,107.61303276198217,124.5
2026-03-07 04:45:00+01:00,106.2329884916615,127.39
2026-03-07 05:00:00+01:00,103.46752018105907,124.77
2026-03-07 05:15:00+01:00,102.76819701266676,128.93
2026-03-07 05:30:00+01:00,107.77372435605979,129.9
2026-03-07 05:45:00+01:00,106.71637970000914,134.7
2026-03-07 06:00:00+01:00,108.62092080303853,131.43
2026-03-07 06:15:00+01:00,110.7026003995081,138.83
2026-03-07 06:30:00+01:00,105.85648127744736,141.33
2026-03-07 06:45:00+01:00,105.34008076642539,130.89
2026-03-07 07:00:00+01:00,122.77588638717052,146.26
2026-03-07 07:15:00+01:00,109.77191561787151,136.0
2026-03-07 07:30:00+01:00,102.30732749818249,129.3
2026-03-07 07:45:00+01:00,97.28232196366581,106.67
2026-03-07 08:00:00+01:00,120.31228055660863,135.98
2026-03-07 08:15:00+01:00,96.93496734370865,126.11
2026-03-07 08:30:00+01:00,90.39000287228492,104.98
2026-03-07 08:45:00+01:00,82.58647690241169,84.54
2026-03-07 09:00:00+01:00,107.62421755455595,129.03
2026-03-07 09:15:00+01:00,82.28321019079745,108.32
2026-03-07 09:30:00+01:00,81.5702570261571,95.24
2026-03-07 09:45:00+01:00,78.54887227730838,78.56
2026-03-07 10:00:00+01:00,75.02547298479479,102.42
2026-03-07 10:15:00+01:00,82.80332751466835,83.78
2026-03-07 10:30:00+01:00,73.70896299761519,73.78
2026-03-07 10:45:00+01:00,52.4073902797809,37.8
2026-03-07 11:00:00+01:00,60.27601196377355,56.54
2026-03-07 11:15:00+01:00,45.2720049961061,27.69
2026-03-07 11:30:00+01:00,41.53265033197585,19.75
2026-03-07 11:45:00+01:00,35.70332283821929,18.19
2026-03-07 12:00:00+01:00,51.06861829062214,18.51
2026-03-07 12:15:00+01:00,37.05479805119726,14.67
2026-03-07 12:30:00+01:00,26.847578165574816,10.93
2026-03-07 12:45:00+01:00,31.09970816833861,8.01
2026-03-07 13:00:00+01:00,23.317313480253986,5.04
2026-03-07 13:15:00+01:00,31.14601377481928,0.55
2026-03-07 13:30:00+01:00,44.031490342365686,0.0
2026-03-07 13:45:00+01:00,47.811065638356865,0.08
2026-03-07 14:00:00+01:00,22.80300048177105,2.78
2026-03-07 14:15:00+01:00,44.87256678113117,12.4
2026-03-07 14:30:00+01:00,60.025429438098115,23.18
2026-03-07 14:45:00+01:00,75.85375497264712,34.35
2026-03-07 15:00:00+01:00,43.82194272622551,35.15
2026-03-07 15:15:00+01:00,77.9789094599252,76.66
2026-03-07 15:30:00+01:00,94.74582434564648,95.57
2026-03-07 15:45:00+01:00,120.56396138641111,125.76
2026-03-07 16:00:00+01:00,89.18206049176091,81.22
2026-03-07 16:15:00+01:00,117.04344622433491,114.56
2026-03-07 16:30:00+01:00,136.2850806488857,144.98
2026-03-07 16:45:00+01:00,158.6239056072253,164.5
2026-03-07 17:00:00+01:00,121.97255839789207,110.63
2026-03-07 17:15:00+01:00,156.2639514393545,131.95
2026-03-07 17:30:00+01:00,155.93351882017288,150.0
2026-03-07 17:45:00+01:00,262.181214124059,196.9
2026-03-07 18:00:00+01:00,192.31652582527545,168.19
2026-03-07 18:15:00+01:00,225.76800689231476,177.01
2026-03-07 18:30:00+01:00,187.5849472144499,193.95
2026-03-07 18:45:00+01:00,160.95762171931926,184.34
2026-03-07 19:00:00+01:00,220.887844846755,185.27
2026-03-07 19:15:00+01:00,149.37956105516923,169.98
2026-03-07 19:30:00+01:00,143.55881347281553,163.14
2026-03-07 19:45:00+01:00,132.2911079246798,148.51
2026-03-07 20:00:00+01:00,141.36488386901524,157.71
2026-03-07 20:15:00+01:00,129.54965497953884,151.91
2026-03-07 20:30:00+01:00,123.06356711338253,145.28
2026-03-07 20:45:00+01:00,121.26487064873092,137.89
2026-03-07 21:00:00+01:00,130.15156175168792,146.51
2026-03-07 21:15:00+01:00,119.57889060543884,139.98
2026-03-07 21:30:00+01:00,113.21418606343379,135.71
2026-03-07 21:45:00+01:00,105.31908006132741,128.24
2026-03-07 22:00:00+01:00,121.94263286157147,142.12
2026-03-07 22:15:00+01:00,112.00049876783461,133.8
2026-03-07 22:30:00+01:00,112.63360509769043,130.88
2026-03-07 22:45:00+01:00,102.38862287882645,129.99
2026-03-07 23:00:00+01:00,119.0719968949798,144.1
2026-03-07 23:15:00+01:00,110.05886589255597,130.91
2026-03-07 23:30:00+01:00,101.93342505627639,126.62
2026-03-07 23:45:00+01:00,98.53216431011714,120.95
2026-03-08 00:00:00+01:00,122.20001815660649,145.71
2026-03-08 00:15:00+01:00,118.12311422265614,137.27
2026-03-08 00:30:00+01:00,112.97016093807636,131.74
2026-03-08 00:45:00+01:00,110.92735547259072,129.25
2026-03-08 01:00:00+01:00,118.52778290933782,139.38
2026-03-08 01:15:00+01:00,113.26626218100756,135.0
2026-03-08 01:30:00+01:00,113.15486999193371,130.0
2026-03-08 01:45:00+01:00,111.29297613950146,126.55
2026-03-08 02:00:00+01:00,113.080144300389,134.0
2026-03-08 02:15:00+01:00,111.95156169081393,133.42
2026-03-08 02:30:00+01:00,110.26580524484544,130.0
2026-03-08 02:45:00+01:00,109.18786428566028,127.35
2026-03-08 03:00:00+01:00,108.70480404269163,132.52
2026-03-08 03:15:00+01:00,107.80525762435332,130.08
2026-03-08 03:30:00+01:00,106.18413389680171,130.4
2026-03-08 03:45:00+01:00,107.65134907784997,127.37
2026-03-08 04:00:00+01:00,107.37191508717196,129.37
2026-03-08 04:15:00+01:00,105.09827006998506,128.78
2026-03-08 04:30:00+01:00,108.36750758154575,129.2
2026-03-08 04:45:00+01:00,107.33006900510387,129.99
2026-03-08 05:00:00+01:00,113.30304373602078,129.84
2026-03-08 05:15:00+01:00,106.10819919794938,127.4
2026-03-08 05:30:00+01:00,120.28881462175661,129.99
2026-03-08 05:45:00+01:00,112.43974662993747,131.31
2026-03-08 06:00:00+01:00,107.0813696933724,130.54
2026-03-08 06:15:00+01:00,113.54079258475889,134.89
2026-03-08 06:30:00+01:00,111.2414332974198,130.81
2026-03-08 06:45:00+01:00,113.53611697546215,128.15
2026-03-08 07:00:00+01:00,118.89402735937965,139.06
2026-03-08 07:15:00+01:00,112.82403160162836,128.12
2026-03-08 07:30:00+01:00,102.29939841315311,108.95
2026-03-08 07:45:00+01:00,100.08576802260635,91.81
2026-03-08 08:00:00+01:00,105.65385744705404,130.65
2026-03-08 08:15:00+01:00,111.91743534685745,109.2
2026-03-08 08:30:00+01:00,100.02332040868566,104.39
2026-03-08 08:45:00+01:00,82.44587335903816,90.01
2026-03-08 09:00:00+01:00,115.72791411530699,110.99
2026-03-08 09:15:00+01:00,100.35867297056747,94.66
2026-03-08 09:30:00+01:00,90.80664491379306,86.74
2026-03-08 09:45:00+01:00,74.30001045695049,70.48
2026-03-08 10:00:00+01:00,93.95953107993122,90.75
2026-03-08 10:15:00+01:00,81.52445184550814,83.1
2026-03-08 10:30:00+01:00,68.52213816877719,47.34
2026-03-08 10:45:00+01:00,40.12407915323029,30.57
2026-03-08 11:00:00+01:00,51.492196206381585,28.6
2026-03-08 11:15:00+01:00,32.15738363053076,19.77
2026-03-08 11:30:00+01:00,22.40975200866849,14.7
2026-03-08 11:45:00+01:00,24.860297726910176,9.04
2026-03-08 12:00:00+01:00,30.333802345071177,12.95
2026-03-08 12:15:00+01:00,16.870824412239486,9.41
2026-03-08 12:30:00+01:00,31.865082525821606,9.49
2026-03-08 12:45:00+01:00,21.27945283931051,1.48
2026-03-08 13:00:00+01:00,18.191310594791148,0.0
2026-03-08 13:15:00+01:00,21.629533318364608,-0.01
2026-03-08 13:30:00+01:00,17.619860455222707,-0.01
2026-03-08 13:45:00+01:00,14.730483728574939,0.0
2026-03-08 14:00:00+01:00,12.397626946999111,0.0
2026-03-08 14:15:00+01:00,20.510852801910275,0.0
2026-03-08 14:30:00+01:00,31.00048133154985,7.46
2026-03-08 14:45:00+01:00,29.531408039040272,18.46
2026-03-08 15:00:00+01:00,38.91132971665837,15.57
2026-03-08 15:15:00+01:00,72.78074598568642,39.97
2026-03-08 15:30:00+01:00,89.23767123819897,85.74
2026-03-08 15:45:00+01:00,108.80880538206017,115.76
2026-03-08 16:00:00+01:00,75.78339317445464,70.52
2026-03-08 16:15:00+01:00,109.62249192031621,107.79
2026-03-08 16:30:00+01:00,116.9598080691897,135.77
2026-03-08 16:45:00+01:00,130.8615376000461,154.73
2026-03-08 17:00:00+01:00,114.76870312500544,120.88
2026-03-08 17:15:00+01:00,120.64265511275022,135.79
2026-03-08 17:30:00+01:00,129.72866905587753,146.34
2026-03-08 17:45:00+01:00,177.6839143811465,182.24
2026-03-08 18:00:00+01:00,147.30920055160294,154.9
2026-03-08 18:15:00+01:00,160.99002536942632,158.71
2026-03-08 18:30:00+01:00,181.37975086818892,156.64
2026-03-08 18:45:00+01:00,147.21902824055195,170.79
2026-03-08 19:00:00+01:00,174.4438383632054,160.2
2026-03-08 19:15:00+01:00,148.9406665809229,150.87
2026-03-08 19:30:00+01:00,137.017995646707,155.14
2026-03-08 19:45:00+01:00,128.6134274593972,150.0
2026-03-08 20:00:00+01:00,140.95194985917965,150.09
2026-03-08 20:15:00+01:00,129.67445682723508,141.31
2026-03-08 20:30:00+01:00,114.2539384687341,135.78
2026-03-08 20:45:00+01:00,107.21524338947816,127.99
2026-03-08 21:00:00+01:00,110.87491014506854,137.99
2026-03-08 21:15:00+01:00,104.10753965496957,130.98
2026-03-08 21:30:00+01:00,93.54500481100214,124.38
2026-03-08 21:45:00+01:00,96.1868595437026,116.39
2026-03-08 22:00:00+01:00,110.18039487268385,129.99
2026-03-08 22:15:00+01:00,97.77672428075805,120.52
2026-03-08 22:30:00+01:00,103.0249581816516,117.65
2026-03-08 22:45:00+01:00,90.61543897946092,116.3
2026-03-08 23:00:00+01:00,104.20955129456361,119.32
2026-03-08 23:15:00+01:00,95.18823387320413,114.26
2026-03-08 23:30:00+01:00,92.17266070293991,113.8
2026-03-08 23:45:00+01:00,83.14005648151795,106.91
2026-03-09 00:00:00+01:00,108.32142095439359,121.51
2026-03-09 00:15:00+01:00,113.03967517612514,114.46
2026-03-09 00:30:00+01:00,115.05396562477145,112.75
2026-03-09 00:45:00+01:00,109.33181773674197,107.63
2026-03-09 01:00:00+01:00,119.21627082767809,111.56
2026-03-09 01:15:00+01:00,114.92747503163991,109.68
2026-03-09 01:30:00+01:00,113.98750520398609,108.68
2026-03-09 01:45:00+01:00,110.10356170976685,107.17
2026-03-09 02:00:00+01:00,115.15622392735455,108.88
2026-03-09 02:15:00+01:00,113.43590404120475,107.77
2026-03-09 02:30:00+01:00,110.91861546139532,109.87
2026-03-09 02:45:00+01:00,112.02411948101991,109.96
2026-03-09 03:00:00+01:00,113.71281158031029,109.99
2026-03-09 03:15:00+01:00,112.587565385502,110.41
2026-03-09 03:30:00+01:00,110.0016319539003,110.4
2026-03-09 03:45:00+01:00,111.78417293823715,111.12
2026-03-09 04:00:00+01:00,112.67270055634437,113.0
2026-03-09 04:15:00+01:00,110.71752431047702,112.6
2026-03-09 04:30:00+01:00,114.45796181227595,116.12
2026-03-09 04:45:00+01:00,117.60560247985228,123.84
2026-03-09 05:00:00+01:00,115.24732869977305,112.91
2026-03-09 05:15:00+01:00,116.4486874895812,126.0
2026-03-09 05:30:00+01:00,127.18453414413138,142.3
2026-03-09 05:45:00+01:00,131.83999039086657,166.78
2026-03-09 06:00:00+01:00,126.5671619372169,140.92
2026-03-09 06:15:00+01:00,136.541168769646,153.04
2026-03-09 06:30:00+01:00,156.31399903846577,179.27
2026-03-09 06:45:00+01:00,180.24866894901942,182.47
2026-03-09 07:00:00+01:00,165.05445118339384,218.32
2026-03-09 07:15:00+01:00,195.51950089302514,217.53
2026-03-09 07:30:00+01:00,172.8780364958693,180.47
2026-03-09 07:45:00+01:00,150.1251456382115,150.0
2026-03-09 08:00:00+01:00,203.0910884137904,227.52
2026-03-09 08:15:00+01:00,163.00034715720798,158.25
2026-03-09 08:30:00+01:00,130.4046188025394,146.82
2026-03-09 08:45:00+01:00,104.08324569965325,117.83
2026-03-09 09:00:00+01:00,148.51042078007757,160.05
2026-03-09 09:15:00+01:00,110.06533537317553,129.6
2026-03-09 09:30:00+01:00,104.50962996638219,116.29
2026-03-09 09:45:00+01:00,85.02506653906389,102.35
2026-03-09 10:00:00+01:00,108.92242199522481,116.1
2026-03-09 10:15:00+01:00,90.9496327221925,106.8
2026-03-09 10:30:00+01:00,83.40974652368482,94.36
2026-03-09 10:45:00+01:00,58.51531755813241,87.21
2026-03-09 11:00:00+01:00,74.67334043696128,90.39
2026-03-09 11:15:00+01:00,65.52224959442721,84.97
2026-03-09 11:30:00+01:00,63.081439253783564,78.64
2026-03-09 11:45:00+01:00,42.25688523676019,70.19
2026-03-09 12:00:00+01:00,55.369567262808374,69.59
2026-03-09 12:15:00+01:00,57.18202893921531,67.82
2026-03-09 12:30:00+01:00,47.64451079130499,67.25
2026-03-09 12:45:00+01:00,42.08653691743975,66.1
2026-03-09 13:00:00+01:00,55.042115349468624,63.91
2026-03-09 13:15:00+01:00,55.82242491533066,64.84
2026-03-09 13:30:00+01:00,53.06983760467866,68.37
2026-03-09 13:45:00+01:00,60.53918540006898,72.05
2026-03-09 14:00:00+01:00,42.884492550941694,65.95
2026-03-09 14:15:00+01:00,71.12198251984097,79.5
2026-03-09 14:30:00+01:00,78.9500141831814,84.57
2026-03-09 14:45:00+01:00,92.07416445282469,95.48
2026-03-09 15:00:00+01:00,76.55629922707035,91.59
2026-03-09 15:15:00+01:00,99.60001937623198,101.97
2026-03-09 15:30:00+01:00,112.70189144092059,116.07
2026-03-09 15:45:00+01:00,134.27885502095808,142.34
2026-03-09 16:00:00+01:00,99.71523604731117,100.91
2026-03-09 16:15:00+01:00,126.04554940198047,137.26
2026-03-09 16:30:00+01:00,143.09724782063967,150.58
2026-03-09 16:45:00+01:00,165.7858574647289,185.0
2026-03-09 17:00:00+01:00,124.26517248524307,127.14
2026-03-09 17:15:00+01:00,150.41263237382486,161.82
2026-03-09 17:30:00+01:00,187.079538677174,199.53
2026-03-09 17:45:00+01:00,226.89839786324782,259.61
2026-03-09 18:00:00+01:00,204.3668098927978,226.02
2026-03-09 18:15:00+01:00,202.04906056414214,248.65
2026-03-09 18:30:00+01:00,209.02520959890194,250.83
2026-03-09 18:45:00+01:00,209.8500030293257,250.39
2026-03-09 19:00:00+01:00,213.9905860627307,248.13
2026-03-09 19:15:00+01:00,172.563320106169,218.09
2026-03-09 19:30:00+01:00,165.32131562007316,217.77
2026-03-09 19:45:00+01:00,151.2642343549242,205.63
2026-03-09 20:00:00+01:00,164.78268241493723,217.77
2026-03-09 20:15:00+01:00,158.17560947716555,195.18
2026-03-09 20:30:00+01:00,147.15716689619686,160.56
2026-03-09 20:45:00+01:00,132.89619248694865,150.05
2026-03-09 21:00:00+01:00,149.68629797437987,170.01
2026-03-09 21:15:00+01:00,138.662865179955,157.23
2026-03-09 21:30:00+01:00,129.07538036051943,146.7
2026-03-09 21:45:00+01:00,115.55106887956501,134.69
2026-03-09 22:00:00+01:00,137.35129121230352,155.09
2026-03-09 22:15:00+01:00,124.84916232091777,144.69
2026-03-09 22:30:00+01:00,119.37659398675403,143.12
2026-03-09 22:45:00+01:00,116.11755803290609,130.18
2026-03-09 23:00:00+01:00,126.9044483089948,139.13
2026-03-09 23:15:00+01:00,117.4250056538558,134.38
2026-03-09 23:30:00+01:00,115.2514032785754,128.0
2026-03-09 23:45:00+01:00,112.37217820165652,129.27
2026-03-10 00:00:00+01:00,119.69586432208351,149.1
2026-03-10 00:15:00+01:00,116.34012066737311,139.12
2026-03-10 00:30:00+01:00,115.90367263493982,136.02
2026-03-10 00:45:00+01:00,112.37519055050592,130.08
2026-03-10 01:00:00+01:00,118.16894448246214,135.62
2026-03-10 01:15:00+01:00,115.82230412030765,129.99
2026-03-10 01:30:00+01:00,111.92973922931803,128.35
2026-03-10 01:45:00+01:00,107.68226734075708,127.8
2026-03-10 02:00:00+01:00,112.5171836679173,128.87
2026-03-10 02:15:00+01:00,110.87237112177561,127.96
2026-03-10 02:30:00+01:00,112.07449007843587,127.79
2026-03-10 02:45:00+01:00,111.64413166685506,125.83
2026-03-10 03:00:00+01:00,112.28372861366266,125.55
2026-03-10 03:15:00+01:00,112.20316570078148,125.26
2026-03-10 03:30:00+01:00,112.9366834845904,126.81
2026-03-10 03:45:00+01:00,111.9716389379893,129.98
2026-03-10 04:00:00+01:00,111.29632515778005,122.94
2026-03-10 04:15:00+01:00,112.94735186330166,125.34
2026-03-10 04:30:00+01:00,114.449775004392,130.62
2026-03-10 04:45:00+01:00,117.82254133321894,135.03
2026-03-10 05:00:00+01:00,112.55717308791483,126.27
2026-03-10 05:15:00+01:00,116.57384151040675,133.59
2026-03-10 05:30:00+01:00,129.19207597895908,142.94
2026-03-10 05:45:00+01:00,128.85027914468736,160.04
2026-03-10 06:00:00+01:00,127.35055236361663,140.01
2026-03-10 06:15:00+01:00,134.42813189605553,166.09
2026-03-10 06:30:00+01:00,147.08560562445646,174.62
2026-03-10 06:45:00+01:00,161.4564999629149,191.69
2026-03-10 07:00:00+01:00,180.5809867624961,193.99
2026-03-10 07:15:00+01:00,170.76334242916957,199.92
2026-03-10 07:30:00+01:00,163.4229376021404,174.03
2026-03-10 07:45:00+01:00,137.69080198570782,152.74
2026-03-10 08:00:00+01:00,180.46020724294317,227.58
2026-03-10 08:15:00+01:00,151.00491350818925,176.38
2026-03-10 08:30:00+01:00,124.65160505577362,154.99
2026-03-10 08:45:00+01:00,103.54167049521274,134.33
2026-03-10 09:00:00+01:00,143.74871553125612,176.52
2026-03-10 09:15:00+01:00,111.12658684253809,141.8
2026-03-10 09:30:00+01:00,105.00922753554669,128.18
2026-03-10 09:45:00+01:00,95.61397464070296,115.65
2026-03-10 10:00:00+01:00,111.59911635626888,145.14
2026-03-10 10:15:00+01:00,96.85899418498072,112.23
2026-03-10 10:30:00+01:00,92.34400346565921,112.01
2026-03-10 10:45:00+01:00,80.70335382619746,103.62
2026-03-10 11:00:00+01:00,91.66598277768175,117.37
2026-03-10 11:15:00+01:00,77.48283146779407,106.73
2026-03-10 11:30:00+01:00,69.05731180735395,98.7
2026-03-10 11:45:00+01:00,47.28849682793572,92.37
2026-03-10 12:00:00+01:00,69.56358583294626,96.54
2026-03-10 12:15:00+01:00,46.158418194902325,90.57
2026-03-10 12:30:00+01:00,32.48556368168651,87.66
2026-03-10 12:45:00+01:00,28.85793716962924,90.99
2026-03-10 13:00:00+01:00,39.32770161954141,93.88
2026-03-10 13:15:00+01:00,27.25364744642215,94.51
2026-03-10 13:30:00+01:00,29.450546117711326,98.63
2026-03-10 13:45:00+01:00,31.306996242185434,101.13
2026-03-10 14:00:00+01:00,29.679182444968177,101.99
2026-03-10 14:15:00+01:00,57.95369165391441,104.11
2026-03-10 14:30:00+01:00,75.2067861650484,103.92
2026-03-10 14:45:00+01:00,89.04718999220498,118.64
2026-03-10 15:00:00+01:00,71.55129844613188,109.75
2026-03-10 15:15:00+01:00,92.23713449936918,109.27
2026-03-10 15:30:00+01:00,104.41233238788242,116.27
2026-03-10 15:45:00+01:00,126.45583682674473,150.68
2026-03-10 16:00:00+01:00,92.44307902387136,107.36
2026-03-10 16:15:00+01:00,120.87266623231531,136.35
2026-03-10 16:30:00+01:00,135.02532135895427,154.15
2026-03-10 16:45:00+01:00,146.96123838621418,179.71
2026-03-10 17:00:00+01:00,117.10975370159149,132.15
2026-03-10 17:15:00+01:00,135.87413745654513,158.79
2026-03-10 17:30:00+01:00,151.76213605142306,189.5
2026-03-10 17:45:00+01:00,177.1373123871192,235.57
2026-03-10 18:00:00+01:00,182.95023218307904,201.56
2026-03-10 18:15:00+01:00,174.8328561782749,224.35
2026-03-10 18:30:00+01:00,161.56546388424638,229.88
2026-03-10 18:45:00+01:00,149.65384035562238,217.12
2026-03-10 19:00:00+01:00,159.5744155363801,237.15
2026-03-10 19:15:00+01:00,146.3728437652976,205.31
2026-03-10 19:30:00+01:00,138.09492112829463,195.06
2026-03-10 19:45:00+01:00,125.2553834097305,167.0
2026-03-10 20:00:00+01:00,135.25615548533378,175.58
2026-03-10 20:15:00+01:00,124.39800630960806,161.86
2026-03-10 20:30:00+01:00,119.46597043645154,149.87
2026-03-10 20:45:00+01:00,115.00548903969093,150.88
2026-03-10 21:00:00+01:00,126.85577928375253,154.35
2026-03-10 21:15:00+01:00,117.78523018949171,149.55
2026-03-10 21:30:00+01:00,110.88189609781782,138.39
2026-03-10 21:45:00+01:00,108.24560401606908,117.58
2026-03-10 22:00:00+01:00,120.21929794815507,139.81
2026-03-10 22:15:00+01:00,113.83420034855426,129.32
2026-03-10 22:30:00+01:00,110.90488842257919,118.78
2026-03-10 22:45:00+01:00,113.81027927402201,105.11
2026-03-10 23:00:00+01:00,114.08579593118151,120.0
2026-03-10 23:15:00+01:00,113.63180463217319,102.14
2026-03-10 23:30:00+01:00,112.9765484070395,95.29
2026-03-10 23:45:00+01:00,101.87899670570218,76.9
2026-03-11 00:00:00+01:00,110.54150529256209,92.02
2026-03-11 00:15:00+01:00,103.25642785173653,88.96
2026-03-11 00:30:00+01:00,101.22403419376678,84.57
2026-03-11 00:45:00+01:00,94.81151257135565,70.28
2026-03-11 01:00:00+01:00,97.02258292912101,80.74
2026-03-11 01:15:00+01:00,93.41462466151596,73.2
2026-03-11 01:30:00+01:00,90.05817151551767,68.7
2026-03-11 01:45:00+01:00,88.9101602094308,60.58
2026-03-11 02:00:00+01:00,93.57217406783451,68.38
2026-03-11 02:15:00+01:00,88.08675766591091,66.97
2026-03-11 02:30:00+01:00,86.97954781026976,64.0
2026-03-11 02:45:00+01:00,88.65111460009925,62.35
2026-03-11 03:00:00+01:00,90.06206035052955,65.4
2026-03-11 03:15:00+01:00,85.50116658495021,65.41
2026-03-11 03:30:00+01:00,82.64933335436282,62.91
2026-03-11 03:45:00+01:00,76.81701531393746,60.57
2026-03-11 04:00:00+01:00,81.39432907972753,57.48
2026-03-11 04:15:00+01:00,78.47220158931255,52.9
2026-03-11 04:30:00+01:00,82.02441604800858,53.51
2026-03-11 04:45:00+01:00,83.62083972362691,60.4
2026-03-11 05:00:00+01:00,77.96118922677135,59.0
2026-03-11 05:15:00+01:00,80.69999595832287,58.41
2026-03-11 05:30:00+01:00,81.58216209719909,66.42
2026-03-11 05:45:00+01:00,96.77718150236632,74.31
2026-03-11 06:00:00+01:00,84.16068962127216,56.34
2026-03-11 06:15:00+01:00,98.7715674632343,69.1
2026-03-11 06:30:00+01:00,105.1464385363272,82.02
2026-03-11 06:45:00+01:00,98.70552008592041,76.01
2026-03-11 07:00:00+01:00,116.33104977209935,91.73
2026-03-11 07:15:00+01:00,103.77543646362471,86.81
2026-03-11 07:30:00+01:00,108.42347901371309,81.9
2026-03-11 07:45:00+01:00,99.61641934732395,63.04
2026-03-11 08:00:00+01:00,108.46848034518236,89.85
2026-03-11 08:15:00+01:00,108.75560315085214,78.7
2026-03-11 08:30:00+01:00,96.83584733231174,74.46
2026-03-11 08:45:00+01:00,84.84231928798039,59.0
2026-03-11 09:00:00+01:00,106.69714078781125,81.15
2026-03-11 09:15:00+01:00,89.42580751724711,69.91
2026-03-11 09:30:00+01:00,90.15758268562891,56.49
2026-03-11 09:45:00+01:00,78.30350686913037,24.23
2026-03-11 10:00:00+01:00,89.79538366530535,56.03
2026-03-11 10:15:00+01:00,84.3724912639356,35.0
2026-03-11 10:30:00+01:00,65.89752955459991,13.78
2026-03-11 10:45:00+01:00,60.73935694351313,0.1
2026-03-11 11:00:00+01:00,42.928564480804866,23.8
2026-03-11 11:15:00+01:00,44.28573745085486,11.82
2026-03-11 11:30:00+01:00,56.641867791946424,8.26
2026-03-11 11:45:00+01:00,45.798026044557396,4.91
2026-03-11 12:00:00+01:00,54.779834379597666,7.08
2026-03-11 12:15:00+01:00,48.432677338262664,10.04
2026-03-11 12:30:00+01:00,41.024874094881405,10.1
2026-03-11 12:45:00+01:00,36.55948386894072,12.43
2026-03-11 13:00:00+01:00,39.05928334321726,4.04
2026-03-11 13:15:00+01:00,40.15917153374063,10.69
2026-03-11 13:30:00+01:00,28.91781070610071,20.0
2026-03-11 13:45:00+01:00,34.00358753904452,29.82
2026-03-11 14:00:00+01:00,53.399138927128185,24.32
2026-03-11 14:15:00+01:00,55.66351703914574,33.96
2026-03-11 14:30:00+01:00,72.3397670884747,50.81
2026-03-11 14:45:00+01:00,72.1795449593487,80.0
2026-03-11 15:00:00+01:00,59.60491929247269,52.36
2026-03-11 15:15:00+01:00,71.30348468205274,73.68
2026-03-11 15:30:00+01:00,92.1795549908222,85.7
2026-03-11 15:45:00+01:00,109.97504124232782,105.58
2026-03-11 16:00:00+01:00,85.98654292794353,69.92
2026-03-11 16:15:00+01:00,111.87434918181603,100.77
2026-03-11 16:30:00+01:00,115.06410254572317,118.19
2026-03-11 16:45:00+01:00,120.42055266406476,127.54
2026-03-11 17:00:00+01:00,114.67794987690169,105.32
2026-03-11 17:15:00+01:00,124.5667108031858,125.99
2026-03-11 17:30:00+01:00,125.76990111583702,130.52
2026-03-11 17:45:00+01:00,129.718371300738,153.28
2026-03-11 18:00:00+01:00,114.46945182717823,138.05
2026-03-11 18:15:00+01:00,122.24222317330633,147.61
2026-03-11 18:30:00+01:00,124.0332012266465,157.62
2026-03-11 18:45:00+01:00,126.14828786604313,169.27
2026-03-11 19:00:00+01:00,122.59007598317501,154.87
2026-03-11 19:15:00+01:00,118.87487799676127,159.66
2026-03-11 19:30:00+01:00,119.82915389239918,159.56
2026-03-11 19:45:00+01:00,114.11053349416596,152.79
2026-03-11 20:00:00+01:00,118.22200433471997,149.51
2026-03-11 20:15:00+01:00,113.27088705593356,136.0
2026-03-11 20:30:00+01:00,105.00365639784246,122.68
2026-03-11 20:45:00+01:00,106.72695083525012,120.57
2026-03-11 21:00:00+01:00,108.57942378962373,132.19
2026-03-11 21:15:00+01:00,99.73296622108508,123.92
2026-03-11 21:30:00+01:00,101.78468014827864,118.83
2026-03-11 21:45:00+01:00,104.42982551197636,117.17
2026-03-11 22:00:00+01:00,103.20840712900056,124.73
2026-03-11 22:15:00+01:00,102.0918778051934,120.26
2026-03-11 22:30:00+01:00,98.60652248804952,120.18
2026-03-11 22:45:00+01:00,95.7622796274369,112.04
2026-03-11 23:00:00+01:00,88.38547079417378,121.63
2026-03-11 23:15:00+01:00,91.4457242691579,102.41
2026-03-11 23:30:00+01:00,92.87134511151145,99.99
2026-03-11 23:45:00+01:00,81.54825137453956,91.98
2026-03-12 00:00:00+01:00,114.58914323329286,110.37
2026-03-12 00:15:00+01:00,105.86954930519656,101.8
2026-03-12 00:30:00+01:00,97.3963010137661,98.44
2026-03-12 00:45:00+01:00,93.10013420438274,90.13
2026-03-12 01:00:00+01:00,103.56308337747026,99.67
2026-03-12 01:15:00+01:00,102.37357814151443,89.98
2026-03-12 01:30:00+01:00,97.40621320147872,90.44
2026-03-12 01:45:00+01:00,95.08241051582067,88.08
2026-03-12 02:00:00+01:00,102.12426460144786,89.82
2026-03-12 02:15:00+01:00,97.10930278821891,86.43
2026-03-12 02:30:00+01:00,95.02390418006428,89.09
2026-03-12 02:45:00+01:00,95.86628821703431,89.91
2026-03-12 03:00:00+01:00,99.5067871961323,91.21
2026-03-12 03:15:00+01:00,94.0702638766885,89.89
2026-03-12 03:30:00+01:00,95.09077220536982,87.4
2026-03-12 03:45:00+01:00,92.58165772775394,85.94
2026-03-12 04:00:00+01:00,95.21052460214663,92.93
2026-03-12 04:15:00+01:00,95.03814757791727,88.49
2026-03-12 04:30:00+01:00,97.49629750345586,88.5
2026-03-12 04:45:00+01:00,94.8386371624505,88.73
2026-03-12 05:00:00+01:00,93.51721640153752,91.27
2026-03-12 05:15:00+01:00,94.47684931774256,88.5
2026-03-12 05:30:00+01:00,94.0823250173958,101.06
2026-03-12 05:45:00+01:00,91.16747515703801,118.46
2026-03-12 06:00:00+01:00,96.46852270880217,109.44
2026-03-12 06:15:00+01:00,93.12814488181903,126.31
2026-03-12 06:30:00+01:00,90.96257277557888,139.66
2026-03-12 06:45:00+01:00,90.53344744864901,147.26
2026-03-12 07:00:00+01:00,102.4113249757767,151.64
2026-03-12 07:15:00+01:00,95.03514620198817,143.11
2026-03-12 07:30:00+01:00,98.14049409634617,139.45
2026-03-12 07:45:00+01:00,89.60292466114811,114.36
2026-03-12 08:00:00+01:00,90.46983137574097,134.43
2026-03-12 08:15:00+01:00,86.80393446896247,109.44
2026-03-12 08:30:00+01:00,89.67472163062727,101.0
2026-03-12 08:45:00+01:00,78.73020243417002,74.35
2026-03-12 09:00:00+01:00,93.23644995628092,115.21
2026-03-12 09:15:00+01:00,80.00904624720943,88.88
2026-03-12 09:30:00+01:00,66.87037016890253,65.91
2026-03-12 09:45:00+01:00,42.8952944918919,49.99
2026-03-12 10:00:00+01:00,63.12582391118322,73.06
2026-03-12 10:15:00+01:00,44.87919052731342,29.86
2026-03-12 10:30:00+01:00,32.584928849300454,8.86
2026-03-12 10:45:00+01:00,33.86655390935054,2.12
2026-03-12 11:00:00+01:00,29.46475639370385,2.33
2026-03-12 11:15:00+01:00,23.514737677140488,0.0
2026-03-12 11:30:00+01:00,27.18658799773803,-0.04
2026-03-12 11:45:00+01:00,16.870135318010497,-0.92
2026-03-12 12:00:00+01:00,25.210662002531933,-0.61
2026-03-12 12:15:00+01:00,27.290052107156967,-1.0
2026-03-12 12:30:00+01:00,24.56079350401471,-1.09
2026-03-12 12:45:00+01:00,21.257736647473777,-1.67
2026-03-12 13:00:00+01:00,24.899998171378897,-1.83
2026-03-12 13:15:00+01:00,29.28797557901933,-2.2
2026-03-12 13:30:00+01:00,32.59736344306219,-2.94
2026-03-12 13:45:00+01:00,36.6617824582647,-3.0
2026-03-12 14:00:00+01:00,32.00332449653824,-1.72
2026-03-12 14:15:00+01:00,44.223712818790766,-1.32
2026-03-12 14:30:00+01:00,57.06839078510612,-0.56
2026-03-12 14:45:00+01:00,72.16330965980376,-0.01
2026-03-12 15:00:00+01:00,51.86383283773148,0.0
2026-03-12 15:15:00+01:00,66.09859342963543,0.1
2026-03-12 15:30:00+01:00,74.97195022378324,4.01
2026-03-12 15:45:00+01:00,100.29510816519166,10.29
2026-03-12 16:00:00+01:00,68.07744734856104,10.03
2026-03-12 16:15:00+01:00,97.81642475580395,35.6
2026-03-12 16:30:00+01:00,112.45226495181794,62.0
2026-03-12 16:45:00+01:00,122.98062744620495,97.03
2026-03-12 17:00:00+01:00,102.04904099075247,67.62
2026-03-12 17:15:00+01:00,109.06862801537875,93.35
2026-03-12 17:30:00+01:00,118.31911083442094,109.01
2026-03-12 17:45:00+01:00,127.33667956645908,164.33
2026-03-12 18:00:00+01:00,123.22645950797025,120.33
2026-03-12 18:15:00+01:00,121.89335922377172,117.67
2026-03-12 18:30:00+01:00,139.13853087729666,110.97
2026-03-12 18:45:00+01:00,133.3917126776033,110.49
2026-03-12 19:00:00+01:00,120.82247147623244,119.65
2026-03-12 19:15:00+01:00,129.37392779601205,110.62
2026-03-12 19:30:00+01:00,102.48657878562778,99.81
2026-03-12 19:45:00+01:00,92.5647532732701,93.91
2026-03-12 20:00:00+01:00,120.65830060401497,97.66
2026-03-12 20:15:00+01:00,96.86734501175252,86.91
2026-03-12 20:30:00+01:00,82.02372483018334,81.83
2026-03-12 20:45:00+01:00,72.15390397355073,79.88
2026-03-12 21:00:00+01:00,86.8203118376163,78.54
2026-03-12 21:15:00+01:00,80.55131712340142,79.31
2026-03-12 21:30:00+01:00,71.8937643364817,68.28
2026-03-12 21:45:00+01:00,68.36778105480892,53.03
2026-03-12 22:00:00+01:00,98.1678254370378,83.08
2026-03-12 22:15:00+01:00,74.8244474812162,67.31
2026-03-12 22:30:00+01:00,74.15158270051211,59.97
2026-03-12 22:45:00+01:00,68.63035456720534,39.86
2026-03-12 23:00:00+01:00,82.20412539109107,24.2
2026-03-12 23:15:00+01:00,73.83544346101968,19.88
2026-03-12 23:30:00+01:00,72.43286587745598,17.43
2026-03-12 23:45:00+01:00,48.75583878858069,10.1
2026-03-13 00:00:00+01:00,64.18500822804951,9.43
2026-03-13 00:15:00+01:00,57.70329940631845,8.87
2026-03-13 00:30:00+01:00,53.03257599263654,4.28
2026-03-13 00:45:00+01:00,48.455885300830445,2.58
2026-03-13 01:00:00+01:00,60.29084939686461,6.7
2026-03-13 01:15:00+01:00,50.43122790640242,3.58
2026-03-13 01:30:00+01:00,48.40726580648955,2.55
2026-03-13 01:45:00+01:00,44.99026973937437,3.58
2026-03-13 02:00:00+01:00,52.129474470607796,4.67
2026-03-13 02:15:00+01:00,48.69694788489222,2.4
2026-03-13 02:30:00+01:00,48.55139097887857,2.32
2026-03-13 02:45:00+01:00,44.80944842325411,2.16
2026-03-13 03:00:00+01:00,49.60956825918012,2.33
2026-03-13 03:15:00+01:00,45.943950578542896,1.62
2026-03-13 03:30:00+01:00,47.2091466580591,0.54
2026-03-13 03:45:00+01:00,51.57291399599507,0.1
2026-03-13 04:00:00+01:00,44.761440775626305,1.59
2026-03-13 04:15:00+01:00,45.15703482215048,1.0
2026-03-13 04:30:00+01:00,51.37210042486553,1.6
2026-03-13 04:45:00+01:00,55.932669035025455,1.65
2026-03-13 05:00:00+01:00,49.66481829425692,1.61
2026-03-13 05:15:00+01:00,54.389678683384126,1.63
2026-03-13 05:30:00+01:00,59.31970851319527,4.09
2026-03-13 05:45:00+01:00,75.29604823481931,4.3
2026-03-13 06:00:00+01:00,50.5827631194053,4.28
2026-03-13 06:15:00+01:00,61.58638252429273,9.46
2026-03-13 06:30:00+01:00,67.44077732635411,10.03
2026-03-13 06:45:00+01:00,73.54234389353064,10.07
2026-03-13 07:00:00+01:00,108.34227065750662,21.61
2026-03-13 07:15:00+01:00,77.51154567932946,24.24
2026-03-13 07:30:00+01:00,75.99221693952066,21.49
2026-03-13 07:45:00+01:00,71.3513830338467,12.41
2026-03-13 08:00:00+01:00,84.91054168480179,17.16
2026-03-13 08:15:00+01:00,79.11926224447727,4.99
2026-03-13 08:30:00+01:00,69.35366823694093,3.51
2026-03-13 08:45:00+01:00,58.26970507342821,0.0
2026-03-13 09:00:00+01:00,64.77545667707531,0.1
2026-03-13 09:15:00+01:00,65.66882125899221,-0.01
2026-03-13 09:30:00+01:00,57.139879259191055,-0.04
2026-03-13 09:45:00+01:00,43.42240688072908,-1.01
2026-03-13 10:00:00+01:00,61.23385438356633,-2.0
2026-03-13 10:15:00+01:00,44.71447302843989,-4.58
2026-03-13 10:30:00+01:00,22.74187025912795,-5.13
2026-03-13 10:45:00+01:00,7.184216231234501,-8.28
2026-03-13 11:00:00+01:00,19.493469018695663,-8.13
2026-03-13 11:15:00+01:00,12.338595011823003,-8.19
2026-03-13 11:30:00+01:00,9.944770163047252,-9.91
2026-03-13 11:45:00+01:00,11.914825065598336,-9.77
2026-03-13 12:00:00+01:00,9.918048255308406,-9.92
2026-03-13 12:15:00+01:00,12.526811702633665,-9.37
2026-03-13 12:30:00+01:00,5.902583550943504,-7.32
2026-03-13 12:45:00+01:00,4.242081083006539,-6.78
2026-03-13 13:00:00+01:00,5.662011958826838,-4.61
2026-03-13 13:15:00+01:00,11.861191888030334,-2.72
2026-03-13 13:30:00+01:00,12.206411712242186,-1.88
2026-03-13 13:45:00+01:00,20.24242651944334,-1.0
2026-03-13 14:00:00+01:00,14.656238311645026,-0.92
2026-03-13 14:15:00+01:00,25.165137023387302,-0.01
2026-03-13 14:30:00+01:00,29.028779135256087,0.01
2026-03-13 14:45:00+01:00,49.56274173491477,5.61
2026-03-13 15:00:00+01:00,26.334817362465472,4.5
2026-03-13 15:15:00+01:00,48.60111221888414,13.38
2026-03-13 15:30:00+01:00,70.4850379406586,53.6
2026-03-13 15:45:00+01:00,94.82064700582065,116.8
2026-03-13 16:00:00+01:00,69.1821115623445,41.59
2026-03-13 16:15:00+01:00,90.75641768749807,85.68
2026-03-13 16:30:00+01:00,108.79550121388182,127.6
2026-03-13 16:45:00+01:00,117.25134799815237,150.37
2026-03-13 17:00:00+01:00,98.17730683208282,115.04
2026-03-13 17:15:00+01:00,117.20874429585032,131.01
2026-03-13 17:30:00+01:00,119.51775774203772,151.01
2026-03-13 17:45:00+01:00,136.41465936568403,170.66
2026-03-13 18:00:00+01:00,130.41615940851494,136.42
2026-03-13 18:15:00+01:00,126.5509823728142,155.37
2026-03-13 18:30:00+01:00,118.48288644359955,169.18
2026-03-13 18:45:00+01:00,128.7982340407552,185.0
2026-03-13 19:00:00+01:00,124.04809777280116,175.66
2026-03-13 19:15:00+01:00,125.82663088356867,172.98
2026-03-13 19:30:00+01:00,127.03463418123401,165.34
2026-03-13 19:45:00+01:00,117.25789083200083,149.0
2026-03-13 20:00:00+01:00,120.63701911713791,164.09
2026-03-13 20:15:00+01:00,114.27025803306493,151.0
2026-03-13 20:30:00+01:00,111.18923085972472,138.37
2026-03-13 20:45:00+01:00,104.18983540311037,129.43
2026-03-13 21:00:00+01:00,112.559975138317,145.64
2026-03-13 21:15:00+01:00,104.9099461720438,135.4
2026-03-13 21:30:00+01:00,100.53949634132216,124.2
2026-03-13 21:45:00+01:00,96.02295192021583,116.1
2026-03-13 22:00:00+01:00,111.06062615983598,131.67
2026-03-13 22:15:00+01:00,104.6156234353899,120.67
2026-03-13 22:30:00+01:00,100.51827509020056,124.5
2026-03-13 22:45:00+01:00,94.31251884411101,116.85
2026-03-13 23:00:00+01:00,104.23241695436361,133.69
2026-03-13 23:15:00+01:00,96.38644764425476,113.09
2026-03-13 23:30:00+01:00,93.83353968112972,113.1
2026-03-13 23:45:00+01:00,84.28964493903442,103.35
2026-03-14 00:00:00+01:00,125.48341455134074,123.83
2026-03-14 00:15:00+01:00,106.2133421782502,120.22
2026-03-14 00:30:00+01:00,106.92843437416053,105.47
2026-03-14 00:45:00+01:00,103.91906942506708,102.26
2026-03-14 01:00:00+01:00,110.45737507558515,112.41
2026-03-14 01:15:00+01:00,108.2045641876248,109.69
2026-03-14 01:30:00+01:00,105.16754366713238,108.35
2026-03-14 01:45:00+01:00,102.47669645723836,105.83
2026-03-14 02:00:00+01:00,110.92363061873289,106.25
2026-03-14 02:15:00+01:00,107.23466228221558,104.17
2026-03-14 02:30:00+01:00,103.11491980607148,103.37
2026-03-14 02:45:00+01:00,101.18921962445629,102.17
2026-03-14 03:00:00+01:00,98.96806654006882,99.34
2026-03-14 03:15:00+01:00,103.87774274173806,101.81
2026-03-14 03:30:00+01:00,100.12023721967643,102.81
2026-03-14 03:45:00+01:00,103.35452464323397,103.49
2026-03-14 04:00:00+01:00,101.21743365229565,103.21
2026-03-14 04:15:00+01:00,101.82482948765738,103.2
2026-03-14 04:30:00+01:00,104.880082752174,106.31
2026-03-14 04:45:00+01:00,107.75411917485229,107.74
2026-03-14 05:00:00+01:00,101.33122907535365,104.51
2026-03-14 05:15:00+01:00,106.55013704676846,107.38
2026-03-14 05:30:00+01:00,112.45031040089268,110.38
2026-03-14 05:45:00+01:00,115.88988140034719,114.0
2026-03-14 06:00:00+01:00,117.29441281647354,106.27
2026-03-14 06:15:00+01:00,108.66062927328804,111.38
2026-03-14 06:30:00+01:00,115.0070190926625,113.51
2026-03-14 06:45:00+01:00,115.9521378792098,114.92
2026-03-14 07:00:00+01:00,105.14490144254303,119.69
2026-03-14 07:15:00+01:00,116.3505267840341,115.9
2026-03-14 07:30:00+01:00,118.13064383666763,115.74
2026-03-14 07:45:00+01:00,103.49410783736272,115.5
2026-03-14 08:00:00+01:00,128.13425522894224,122.0
2026-03-14 08:15:00+01:00,113.19919582893957,121.94
2026-03-14 08:30:00+01:00,101.28409197674836,121.99
2026-03-14 08:45:00+01:00,93.26213880173208,121.59
2026-03-14 09:00:00+01:00,122.32281261594648,120.05
2026-03-14 09:15:00+01:00,99.61467533354525,120.02
2026-03-14 09:30:00+01:00,90.52509986426122,116.49
2026-03-14 09:45:00+01:00,99.48089591370051,108.0
2026-03-14 10:00:00+01:00,97.17431012702136,112.26
2026-03-14 10:15:00+01:00,94.87072053462393,108.7
2026-03-14 10:30:00+01:00,92.55829524004228,105.86
2026-03-14 10:45:00+01:00,88.87808371439098,103.27
2026-03-14 11:00:00+01:00,95.89817492036558,103.75
2026-03-14 11:15:00+01:00,95.3564917419766,101.62
2026-03-14 11:30:00+01:00,87.69146139183262,103.7
2026-03-14 11:45:00+01:00,75.52346261420598,105.03
2026-03-14 12:00:00+01:00,83.61047749609678,104.56
2026-03-14 12:15:00+01:00,78.94973722049248,104.07
2026-03-14 12:30:00+01:00,77.93216321906803,104.54
2026-03-14 12:45:00+01:00,75.74966737906664,103.61
2026-03-14 13:00:00+01:00,78.93209343949184,105.13
2026-03-14 13:15:00+01:00,79.85962578282218,105.07
2026-03-14 13:30:00+01:00,85.02464422720162,101.66
2026-03-14 13:45:00+01:00,84.70045768018896,101.86
2026-03-14 14:00:00+01:00,81.13119588731311,103.78
2026-03-14 14:15:00+01:00,88.80270161570428,104.87
2026-03-14 14:30:00+01:00,86.17140448450414,105.39
2026-03-14 14:45:00+01:00,90.25298470920859,108.67
2026-03-14 15:00:00+01:00,86.07210726545847,101.07
2026-03-14 15:15:00+01:00,81.25675268117803,113.99
2026-03-14 15:30:00+01:00,98.61844814052147,120.28
2026-03-14 15:45:00+01:00,123.18696718681213,121.54
2026-03-14 16:00:00+01:00,90.16142683208884,120.07
2026-03-14 16:15:00+01:00,111.33761408318117,121.31
2026-03-14 16:30:00+01:00,130.98019634217283,131.96
2026-03-14 16:45:00+01:00,150.86410953098812,146.66
2026-03-14 17:00:00+01:00,112.56939453249515,116.17
2026-03-14 17:15:00+01:00,129.76889017362055,131.88
2026-03-14 17:30:00+01:00,165.70124232652608,142.46
2026-03-14 17:45:00+01:00,204.9975228739106,164.09
2026-03-14 18:00:00+01:00,185.51530717775634,140.0
2026-03-14 18:15:00+01:00,197.37925622771152,148.41
2026-03-14 18:30:00+01:00,176.42595155307413,172.56
2026-03-14 18:45:00+01:00,168.5368999145443,183.43
2026-03-14 19:00:00+01:00,192.96909093577372,183.48
2026-03-14 19:15:00+01:00,151.25820318072715,178.34
2026-03-14 19:30:00+01:00,147.4203889143114,165.51
2026-03-14 19:45:00+01:00,129.8086637374608,152.01
2026-03-14 20:00:00+01:00,142.5920784001511,176.36
2026-03-14 20:15:00+01:00,131.1008691291031,156.19
2026-03-14 20:30:00+01:00,122.02010733813248,139.97
2026-03-14 20:45:00+01:00,114.5467973551842,128.54
2026-03-14 21:00:00+01:00,118.57694157815709,140.0
2026-03-14 21:15:00+01:00,117.41343153912052,133.54
2026-03-14 21:30:00+01:00,115.65157080609235,140.4
2026-03-14 21:45:00+01:00,101.1256177899297,135.87
2026-03-14 22:00:00+01:00,114.48493657630827,139.53
2026-03-14 22:15:00+01:00,105.26354108048572,132.99
2026-03-14 22:30:00+01:00,104.05634570352719,139.81
2026-03-14 22:45:00+01:00,100.02006078713707,128.62
2026-03-14 23:00:00+01:00,99.07390687739809,139.61
2026-03-14 23:15:00+01:00,97.86409608888837,128.82
2026-03-14 23:30:00+01:00,96.97677838220551,127.35
2026-03-14 23:45:00+01:00,96.30159056224977,116.4
2026-03-15 00:00:00+01:00,126.84065282802662,144.99
2026-03-15 00:15:00+01:00,114.24667717675386,143.94
2026-03-15 00:30:00+01:00,111.05733832593901,136.01
2026-03-15 00:45:00+01:00,108.19759967326262,124.43
2026-03-15 01:00:00+01:00,112.39703559240391,140.58
2026-03-15 01:15:00+01:00,108.01185509023796,135.52
2026-03-15 01:30:00+01:00,107.27066441419302,132.83
2026-03-15 01:45:00+01:00,110.69988172231112,125.99
2026-03-15 02:00:00+01:00,115.22650619380627,133.37
2026-03-15 02:15:00+01:00,112.98896106294147,127.08
2026-03-15 02:30:00+01:00,111.12598909296155,120.22
2026-03-15 02:45:00+01:00,111.49089234496219,119.17
2026-03-15 03:00:00+01:00,111.05567236862734,119.75
2026-03-15 03:15:00+01:00,108.54293054237235,120.8
2026-03-15 03:30:00+01:00,108.53750722217727,125.71
2026-03-15 03:45:00+01:00,110.14134043240033,127.85
2026-03-15 04:00:00+01:00,108.50698936598783,120.0
2026-03-15 04:15:00+01:00,105.93944181049646,121.05
2026-03-15 04:30:00+01:00,110.60855541315789,122.67
2026-03-15 04:45:00+01:00,111.38986747050822,124.99
2026-03-15 05:00:00+01:00,108.1897541258849,120.71
2026-03-15 05:15:00+01:00,108.580509241662,120.98
2026-03-15 05:30:00+01:00,110.69347798602583,125.8
2026-03-15 05:45:00+01:00,119.43020916584948,128.99
2026-03-15 06:00:00+01:00,106.30141778352468,121.4
2026-03-15 06:15:00+01:00,130.44195795932458,127.2
2026-03-15 06:30:00+01:00,125.87547930362577,127.21
2026-03-15 06:45:00+01:00,108.39283343389161,121.74
2026-03-15 07:00:00+01:00,121.9394723377463,130.41
2026-03-15 07:15:00+01:00,124.73358996051857,118.99
2026-03-15 07:30:00+01:00,108.58090054921075,117.43
2026-03-15 07:45:00+01:00,106.43621082896453,107.01
2026-03-15 08:00:00+01:00,110.30720043075789,136.0
2026-03-15 08:15:00+01:00,115.30653900754618,114.39
2026-03-15 08:30:00+01:00,100.28775231211841,100.0
2026-03-15 08:45:00+01:00,100.41218120668769,85.99
2026-03-15 09:00:00+01:00,108.27735768005176,105.78
2026-03-15 09:15:00+01:00,100.43693096639981,97.74
2026-03-15 09:30:00+01:00,100.13191864858676,89.27
2026-03-15 09:45:00+01:00,93.61554409909905,86.29
2026-03-15 10:00:00+01:00,101.16648203611823,95.93
2026-03-15 10:15:00+01:00,88.9801176907164,90.28
2026-03-15 10:30:00+01:00,90.87798240380337,85.95
2026-03-15 10:45:00+01:00,80.95363918766938,77.06
2026-03-15 11:00:00+01:00,85.78238282771883,88.58
2026-03-15 11:15:00+01:00,86.88927983774072,83.48
2026-03-15 11:30:00+01:00,78.81451382308332,66.66
2026-03-15 11:45:00+01:00,63.88013017779895,50.12
2026-03-15 12:00:00+01:00,72.71066213946723,76.03
2026-03-15 12:15:00+01:00,57.236303033830126,58.34
2026-03-15 12:30:00+01:00,50.444292428285614,43.95
2026-03-15 12:45:00+01:00,51.79754628387461,33.55
2026-03-15 13:00:00+01:00,53.800359322155785,46.14
2026-03-15 13:15:00+01:00,57.89012234190074,40.17
2026-03-15 13:30:00+01:00,62.42954269315584,31.34
2026-03-15 13:45:00+01:00,58.03827909430855,28.18
2026-03-15 14:00:00+01:00,57.33513434961112,25.71
2026-03-15 14:15:00+01:00,78.1278348697843,31.24
2026-03-15 14:30:00+01:00,74.51469310829667,39.98
2026-03-15 14:45:00+01:00,84.19938928058414,51.86
2026-03-15 15:00:00+01:00,69.83640912184306,49.28
2026-03-15 15:15:00+01:00,81.17955475850519,52.55
2026-03-15 15:30:00+01:00,103.51407087910415,66.47
2026-03-15 15:45:00+01:00,109.70526984743219,84.01
2026-03-15 16:00:00+01:00,89.9063838087922,54.5
2026-03-15 16:15:00+01:00,109.45814376773464,83.48
2026-03-15 16:30:00+01:00,127.01435994872647,97.76
2026-03-15 16:45:00+01:00,147.9006167173468,121.24
2026-03-15 17:00:00+01:00,115.1475672990282,101.0
2026-03-15 17:15:00+01:00,133.619875121203,121.34
2026-03-15 17:30:00+01:00,147.2163645965874,136.57
2026-03-15 17:45:00+01:00,173.34231211405952,152.74
2026-03-15 18:00:00+01:00,143.80389386246395,141.86
2026-03-15 18:15:00+01:00,154.70267149693984,145.47
2026-03-15 18:30:00+01:00,157.00153793203907,154.08
2026-03-15 18:45:00+01:00,150.05558661656357,155.05
2026-03-15 19:00:00+01:00,167.89609421694402,150.6
2026-03-15 19:15:00+01:00,153.58644817390268,135.99
2026-03-15 19:30:00+01:00,136.17580251408467,123.66
2026-03-15 19:45:00+01:00,121.91132379700106,117.23
2026-03-15 20:00:00+01:00,125.96022829128107,119.46
2026-03-15 20:15:00+01:00,116.75140425103817,113.76
2026-03-15 20:30:00+01:00,108.00719575790053,110.32
2026-03-15 20:45:00+01:00,103.19128281768259,90.39
2026-03-15 21:00:00+01:00,115.83699740205164,108.22
2026-03-15 21:15:00+01:00,111.36562364128824,90.13
2026-03-15 21:30:00+01:00,102.64699131162463,91.68
2026-03-15 21:45:00+01:00,90.89481253263793,77.47
2026-03-15 22:00:00+01:00,105.66792818859079,90.05
2026-03-15 22:15:00+01:00,99.01064636539358,89.66
2026-03-15 22:30:00+01:00,98.97029613905545,80.33
2026-03-15 22:45:00+01:00,90.7340275133541,71.41
2026-03-15 23:00:00+01:00,95.7547250288879,83.8
2026-03-15 23:15:00+01:00,86.79141517870654,68.35
2026-03-15 23:30:00+01:00,77.13430921604431,62.77
2026-03-15 23:45:00+01:00,74.53012657232436,41.14
2026-03-16 00:00:00+01:00,81.49400401824873,59.87
2026-03-16 00:15:00+01:00,76.88878073150268,42.69
2026-03-16 00:30:00+01:00,60.410494923113504,21.62
2026-03-16 00:45:00+01:00,56.452164667164524,12.48
2026-03-16 01:00:00+01:00,67.16336689566606,36.12
2026-03-16 01:15:00+01:00,52.781446212773346,23.33
2026-03-16 01:30:00+01:00,49.23240482999672,16.91
2026-03-16 01:45:00+01:00,48.82647178469587,16.95
2026-03-16 02:00:00+01:00,49.65905032580961,24.5
2026-03-16 02:15:00+01:00,49.29224581629102,18.43
2026-03-16 02:30:00+01:00,48.04781203051634,15.5
2026-03-16 02:45:00+01:00,44.715315993462895,11.93
2026-03-16 03:00:00+01:00,46.980413741360024,13.07
2026-03-16 03:15:00+01:00,44.58777471553159,11.48
2026-03-16 03:30:00+01:00,45.88089376658683,15.01
2026-03-16 03:45:00+01:00,48.13575251417738,16.99
2026-03-16 04:00:00+01:00,40.05646296047623,12.43
2026-03-16 04:15:00+01:00,44.39985442058225,16.95
2026-03-16 04:30:00+01:00,48.61528595061562,22.02
2026-03-16 04:45:00+01:00,49.112772089262805,28.83
2026-03-16 05:00:00+01:00,44.30343303160496,20.06
2026-03-16 05:15:00+01:00,47.980457687770986,30.11
2026-03-16 05:30:00+01:00,47.6936247745303,39.52
2026-03-16 05:45:00+01:00,64.89618471113815,60.02
2026-03-16 06:00:00+01:00,52.11005676587462,36.73
2026-03-16 06:15:00+01:00,60.36732424456564,62.31
2026-03-16 06:30:00+01:00,87.56832699204031,81.71
2026-03-16 06:45:00+01:00,88.98032986003096,84.01
2026-03-16 07:00:00+01:00,102.83284237328162,98.03
2026-03-16 07:15:00+01:00,98.26795705259983,96.24
2026-03-16 07:30:00+01:00,94.31452570220944,96.63
2026-03-16 07:45:00+01:00,79.41520248218917,91.37
2026-03-16 08:00:00+01:00,107.12585313786414,117.85
2026-03-16 08:15:00+01:00,87.70665483757271,99.82
2026-03-16 08:30:00+01:00,88.3742810178878,89.39
2026-03-16 08:45:00+01:00,71.12613367293682,76.85
2026-03-16 09:00:00+01:00,95.32904050756837,99.64
2026-03-16 09:15:00+01:00,84.89322982883672,82.83
2026-03-16 09:30:00+01:00,63.08700385362547,64.24
2026-03-16 09:45:00+01:00,43.62679616069774,45.71
2026-03-16 10:00:00+01:00,60.08669172433956,62.47
2026-03-16 10:15:00+01:00,37.68643411931308,52.06
2026-03-16 10:30:00+01:00,41.962618473455954,35.88
2026-03-16 10:45:00+01:00,31.32380837129091,19.97
2026-03-16 11:00:00+01:00,27.16992626675706,22.52
2026-03-16 11:15:00+01:00,21.81717854601895,15.62
2026-03-16 11:30:00+01:00,35.86373232799,14.36
2026-03-16 11:45:00+01:00,14.972191079406386,16.96
2026-03-16 12:00:00+01:00,13.55822357797797,15.08
2026-03-16 12:15:00+01:00,7.261535096855084,11.15
2026-03-16 12:30:00+01:00,10.29770125382234,11.86
2026-03-16 12:45:00+01:00,13.779856799696418,10.05
2026-03-16 13:00:00+01:00,5.581517131919739,10.05
2026-03-16 13:15:00+01:00,8.76122053102118,10.87
2026-03-16 13:30:00+01:00,9.804803285442432,17.0
2026-03-16 13:45:00+01:00,12.01732208266769,25.6
2026-03-16 14:00:00+01:00,21.72071658832982,18.44
2026-03-16 14:15:00+01:00,20.33986159648427,31.06
2026-03-16 14:30:00+01:00,27.50561537466973,56.27
2026-03-16 14:45:00+01:00,47.45810704184787,62.92
2026-03-16 15:00:00+01:00,23.263693570641962,29.17
2026-03-16 15:15:00+01:00,48.07117819560599,40.76
2026-03-16 15:30:00+01:00,85.72697676564339,75.0
2026-03-16 15:45:00+01:00,119.21387009278747,112.85
2026-03-16 16:00:00+01:00,79.7285880402173,53.72
2026-03-16 16:15:00+01:00,113.581973455641,87.99
2026-03-16 16:30:00+01:00,126.26891669319299,130.87
2026-03-16 16:45:00+01:00,122.0381537842145,152.26
2026-03-16 17:00:00+01:00,117.22125400824925,98.51
2026-03-16 17:15:00+01:00,131.8816314424192,127.53
2026-03-16 17:30:00+01:00,135.12008733523746,148.6
2026-03-16 17:45:00+01:00,161.81405775743394,179.77
2026-03-16 18:00:00+01:00,130.92792592636798,145.0
2026-03-16 18:15:00+01:00,144.74168131747442,157.17
2026-03-16 18:30:00+01:00,151.13824192443573,173.43
2026-03-16 18:45:00+01:00,157.04930909185046,184.54
2026-03-16 19:00:00+01:00,151.03302207001335,179.72
2026-03-16 19:15:00+01:00,157.96522823672748,179.92
2026-03-16 19:30:00+01:00,157.97967588221545,179.97
2026-03-16 19:45:00+01:00,139.1310244102336,179.94
2026-03-16 20:00:00+01:00,150.85154303116107,182.64
2026-03-16 20:15:00+01:00,138.0638481582709,163.16
2026-03-16 20:30:00+01:00,133.23397803076304,143.41
2026-03-16 20:45:00+01:00,127.97185248120113,129.93
2026-03-16 21:00:00+01:00,139.1777788152209,142.36
2026-03-16 21:15:00+01:00,130.36176875089768,128.29
2026-03-16 21:30:00+01:00,119.79736205603619,120.54
2026-03-16 21:45:00+01:00,113.0059613049048,111.66
2026-03-16 22:00:00+01:00,127.40547616911479,130.38
2026-03-16 22:15:00+01:00,120.23858223415391,124.2
2026-03-16 22:30:00+01:00,121.7878784805057,123.82
2026-03-16 22:45:00+01:00,112.8479312780462,109.25
2026-03-16 23:00:00+01:00,123.2559577034199,111.67
2026-03-16 23:15:00+01:00,109.09319159265411,103.31
2026-03-16 23:30:00+01:00,105.19190462655703,95.0
2026-03-16 23:45:00+01:00,102.11668691369927,89.08
2026-03-17 00:00:00+01:00,114.2348719903758,132.74
2026-03-17 00:15:00+01:00,94.95514106394133,113.4
2026-03-17 00:30:00+01:00,94.84817603673172,105.6
2026-03-17 00:45:00+01:00,89.40627485931907,102.92
2026-03-17 01:00:00+01:00,98.0817365638634,106.31
2026-03-17 01:15:00+01:00,90.8586956532767,105.9
2026-03-17 01:30:00+01:00,92.20593340973436,106.04
2026-03-17 01:45:00+01:00,89.8573368889348,104.09
2026-03-17 02:00:00+01:00,91.32964849608476,107.47
2026-03-17 02:15:00+01:00,89.40458726130878,107.4
2026-03-17 02:30:00+01:00,90.66348805481243,106.07
2026-03-17 02:45:00+01:00,91.97476361163177,104.75
2026-03-17 03:00:00+01:00,90.49668728898175,106.0
2026-03-17 03:15:00+01:00,91.28247243982514,106.23
2026-03-17 03:30:00+01:00,91.88836478746992,107.3
2026-03-17 03:45:00+01:00,91.8364377855244,106.56
2026-03-17 04:00:00+01:00,95.07680650980328,110.82
2026-03-17 04:15:00+01:00,92.88082620199998,109.33
2026-03-17 04:30:00+01:00,93.57082577183067,109.02
2026-03-17 04:45:00+01:00,96.96387829085343,110.95
2026-03-17 05:00:00+01:00,91.72574493178409,107.87
2026-03-17 05:15:00+01:00,98.61862827413836,109.99
2026-03-17 05:30:00+01:00,103.59013444397158,123.6
2026-03-17 05:45:00+01:00,107.14911327603858,138.2
2026-03-17 06:00:00+01:00,108.51688346424453,131.8
2026-03-17 06:15:00+01:00,111.94753719900118,144.0
2026-03-17 06:30:00+01:00,129.88193034474043,153.52
2026-03-17 06:45:00+01:00,138.36928801600354,162.54
2026-03-17 07:00:00+01:00,129.28526857243256,173.97
2026-03-17 07:15:00+01:00,149.69716061980535,173.88
2026-03-17 07:30:00+01:00,163.41738455657517,174.17
2026-03-17 07:45:00+01:00,144.7378769364451,149.9
2026-03-17 08:00:00+01:00,161.62508448069104,192.66
2026-03-17 08:15:00+01:00,162.81681435517538,160.19
2026-03-17 08:30:00+01:00,132.00459016887112,140.16
2026-03-17 08:45:00+01:00,115.31930962647446,117.04
2026-03-17 09:00:00+01:00,148.62245421659836,149.95
2026-03-17 09:15:00+01:00,123.80911638141677,127.09
2026-03-17 09:30:00+01:00,117.3011691919972,112.07
2026-03-17 09:45:00+01:00,100.96597900719162,107.18
2026-03-17 10:00:00+01:00,113.50491531728349,130.97
2026-03-17 10:15:00+01:00,106.26059377071606,104.59
2026-03-17 10:30:00+01:00,96.95560360385012,98.41
2026-03-17 10:45:00+01:00,90.92055970118226,100.59
2026-03-17 11:00:00+01:00,98.57789086831178,103.19
2026-03-17 11:15:00+01:00,95.471342594925,99.0
2026-03-17 11:30:00+01:00,86.36785833455527,97.64
2026-03-17 11:45:00+01:00,79.99835212251816,102.77
2026-03-17 12:00:00+01:00,87.41191166855751,95.36
2026-03-17 12:15:00+01:00,78.28751451919258,95.3
2026-03-17 12:30:00+01:00,74.83253855350111,95.32
2026-03-17 12:45:00+01:00,76.43897118728945,94.93
2026-03-17 13:00:00+01:00,79.59307587235637,97.0
2026-03-17 13:15:00+01:00,81.0365685352101,97.11
2026-03-17 13:30:00+01:00,86.72591179916749,95.99
2026-03-17 13:45:00+01:00,89.97124506810243,96.96
2026-03-17 14:00:00+01:00,87.43723549109353,96.62
2026-03-17 14:15:00+01:00,94.87032508154078,100.26
2026-03-17 14:30:00+01:00,96.27591543035903,98.63
2026-03-17 14:45:00+01:00,103.74715456334191,101.79
2026-03-17 15:00:00+01:00,97.21448663186024,99.67
2026-03-17 15:15:00+01:00,97.21977818837149,105.55
2026-03-17 15:30:00+01:00,116.10290421149648,115.85
2026-03-17 15:45:00+01:00,130.68704931877218,127.36
2026-03-17 16:00:00+01:00,112.80098624899438,111.7
2026-03-17 16:15:00+01:00,120.95380913321097,124.41
2026-03-17 16:30:00+01:00,132.9928848575485,136.44
2026-03-17 16:45:00+01:00,163.97929488437188,154.56
2026-03-17 17:00:00+01:00,122.38468658355465,128.04
2026-03-17 17:15:00+01:00,135.87762848760926,146.71
2026-03-17 17:30:00+01:00,158.9083329264586,163.18
2026-03-17 17:45:00+01:00,235.54492463836658,210.88
2026-03-17 18:00:00+01:00,170.07054232551224,191.32
2026-03-17 18:15:00+01:00,201.614898254439,211.88
2026-03-17 18:30:00+01:00,194.15969431166718,214.99
2026-03-17 18:45:00+01:00,167.7429343046811,211.0
2026-03-17 19:00:00+01:00,210.6722320979462,213.68
2026-03-17 19:15:00+01:00,167.62069684174404,179.15
2026-03-17 19:30:00+01:00,162.19071256578405,145.91
2026-03-17 19:45:00+01:00,140.9075744691064,142.79
2026-03-17 20:00:00+01:00,171.54639566962092,163.42
2026-03-17 20:15:00+01:00,164.05386637110323,145.11
2026-03-17 20:30:00+01:00,149.8770605135323,138.16
2026-03-17 20:45:00+01:00,134.31329481965395,130.26
2026-03-17 21:00:00+01:00,142.08332122504737,145.27
2026-03-17 21:15:00+01:00,134.35878686435893,135.27
2026-03-17 21:30:00+01:00,120.40899970189668,126.53
2026-03-17 21:45:00+01:00,113.81640622680754,112.09
2026-03-17 22:00:00+01:00,131.1883778777573,133.69
2026-03-17 22:15:00+01:00,119.53830463322016,119.28
2026-03-17 22:30:00+01:00,113.75341354101076,105.7
2026-03-17 22:45:00+01:00,113.96656627176705,98.29
2026-03-17 23:00:00+01:00,119.96164369683345,108.21
2026-03-17 23:15:00+01:00,109.17898263228626,101.67
2026-03-17 23:30:00+01:00,106.88666141616481,98.12
2026-03-17 23:45:00+01:00,92.37777456178443,93.83
2026-03-18 00:00:00+01:00,117.99090581270694,95.7
2026-03-18 00:15:00+01:00,109.46426630649839,88.9
2026-03-18 00:30:00+01:00,101.86582438564312,87.39
2026-03-18 00:45:00+01:00,100.08743881537526,87.21
2026-03-18 01:00:00+01:00,102.26865079023537,89.64
2026-03-18 01:15:00+01:00,101.88957979708466,86.64
2026-03-18 01:30:00+01:00,101.67859730824955,85.83
2026-03-18 01:45:00+01:00,99.59839105116507,84.8
2026-03-18 02:00:00+01:00,98.42592883189167,86.58
2026-03-18 02:15:00+01:00,95.75567263965907,85.39
2026-03-18 02:30:00+01:00,99.27165717463107,85.27
2026-03-18 02:45:00+01:00,95.45049852176743,85.5
2026-03-18 03:00:00+01:00,99.30521457472783,86.15
2026-03-18 03:15:00+01:00,97.32130643331381,86.5
2026-03-18 03:30:00+01:00,99.68758590390871,87.09
2026-03-18 03:45:00+01:00,97.08747507052334,87.73
2026-03-18 04:00:00+01:00,100.7352399676134,87.93
2026-03-18 04:15:00+01:00,96.48081196630869,88.88
2026-03-18 04:30:00+01:00,94.73898871502895,89.06
2026-03-18 04:45:00+01:00,93.6508479351467,89.47
2026-03-18 05:00:00+01:00,94.56608197673458,89.0
2026-03-18 05:15:00+01:00,97.4494483208574,91.52
2026-03-18 05:30:00+01:00,96.76956679654877,102.84
2026-03-18 05:45:00+01:00,105.43779070686888,116.86
2026-03-18 06:00:00+01:00,105.85292383975941,112.58
2026-03-18 06:15:00+01:00,105.54156232960325,130.68
2026-03-18 06:30:00+01:00,113.80494605205429,137.42
2026-03-18 06:45:00+01:00,115.28774969012198,142.28
2026-03-18 07:00:00+01:00,116.99182077527507,150.2
2026-03-18 07:15:00+01:00,113.9487865690609,148.81
2026-03-18 07:30:00+01:00,102.67147735910694,132.01
2026-03-18 07:45:00+01:00,78.03245044371384,103.35
2026-03-18 08:00:00+01:00,104.85969692240154,131.43
2026-03-18 08:15:00+01:00,95.31597744090126,106.9
2026-03-18 08:30:00+01:00,79.86159986535183,87.69
2026-03-18 08:45:00+01:00,70.79087387978313,73.73
2026-03-18 09:00:00+01:00,98.77942326698297,99.91
2026-03-18 09:15:00+01:00,71.14568325666238,81.06
2026-03-18 09:30:00+01:00,60.369741813005746,57.31
2026-03-18 09:45:00+01:00,43.200371261659804,13.52
2026-03-18 10:00:00+01:00,59.96924845535345,37.56
2026-03-18 10:15:00+01:00,56.95886527603702,3.45
2026-03-18 10:30:00+01:00,45.740362676645844,-0.01
2026-03-18 10:45:00+01:00,28.657212249828987,-1.01
2026-03-18 11:00:00+01:00,37.95846425321325,-0.06
2026-03-18 11:15:00+01:00,49.80783723149277,-1.85
2026-03-18 11:30:00+01:00,24.598581095833623,-2.21
2026-03-18 11:45:00+01:00,18.987703664068988,-2.36
2026-03-18 12:00:00+01:00,19.771154251319174,-2.08
2026-03-18 12:15:00+01:00,11.893975640439336,-2.51
2026-03-18 12:30:00+01:00,13.856800795851399,-2.32
2026-03-18 12:45:00+01:00,8.888230011525408,-2.33
2026-03-18 13:00:00+01:00,4.746136069573637,-3.32
2026-03-18 13:15:00+01:00,6.3894480192253695,-3.3
2026-03-18 13:30:00+01:00,15.752089668793019,-3.11
2026-03-18 13:45:00+01:00,26.282059719835345,-1.12
2026-03-18 14:00:00+01:00,13.227649024914683,-1.01
2026-03-18 14:15:00+01:00,31.238689182546807,-0.47
2026-03-18 14:30:00+01:00,41.604193666582276,-0.01
2026-03-18 14:45:00+01:00,59.98719283085806,2.38
2026-03-18 15:00:00+01:00,38.81630048423942,3.32
2026-03-18 15:15:00+01:00,63.42574745981212,13.98
2026-03-18 15:30:00+01:00,84.52847595864543,71.27
2026-03-18 15:45:00+01:00,113.29154334678383,100.21
2026-03-18 16:00:00+01:00,74.52630570388277,65.39
2026-03-18 16:15:00+01:00,102.89943678426198,93.91
2026-03-18 16:30:00+01:00,127.05851163805666,124.98
2026-03-18 16:45:00+01:00,141.65457199580493,143.85
2026-03-18 17:00:00+01:00,115.10163089379445,101.5
2026-03-18 17:15:00+01:00,131.6238392619219,135.89
2026-03-18 17:30:00+01:00,147.68763121232104,159.28
2026-03-18 17:45:00+01:00,182.99520651797977,184.18
2026-03-18 18:00:00+01:00,145.43261276375117,163.03
2026-03-18 18:15:00+01:00,161.7669217758761,176.81
2026-03-18 18:30:00+01:00,175.7428903509084,185.72
2026-03-18 18:45:00+01:00,178.34302345732584,184.93
2026-03-18 19:00:00+01:00,182.90915030202925,192.59
2026-03-18 19:15:00+01:00,170.41304164342205,180.55
2026-03-18 19:30:00+01:00,166.4842872815514,165.4
2026-03-18 19:45:00+01:00,152.14270328330423,142.25
2026-03-18 20:00:00+01:00,164.16900760464728,164.64
2026-03-18 20:15:00+01:00,149.22569640191057,152.01
2026-03-18 20:30:00+01:00,130.82538247964635,141.73
2026-03-18 20:45:00+01:00,131.23360065560377,135.58
2026-03-18 21:00:00+01:00,141.91214120175786,144.97
2026-03-18 21:15:00+01:00,130.24355729955454,138.95
2026-03-18 21:30:00+01:00,120.83353995505627,128.12
2026-03-18 21:45:00+01:00,116.68744040925205,116.19
2026-03-18 22:00:00+01:00,134.8165991471671,136.99
2026-03-18 22:15:00+01:00,127.27041554372786,126.01
2026-03-18 22:30:00+01:00,124.34319799302746,118.13
2026-03-18 22:45:00+01:00,110.76725600077906,113.97
2026-03-18 23:00:00+01:00,127.0150638581101,123.2
2026-03-18 23:15:00+01:00,108.55749783344145,112.63
2026-03-18 23:30:00+01:00,99.9038922457929,111.5
2026-03-18 23:45:00+01:00,97.88692597241185,106.17
2026-03-19 00:00:00+01:00,114.51660394761174,113.04
2026-03-19 00:15:00+01:00,112.64390616784229,108.77
2026-03-19 00:30:00+01:00,109.97865189596246,108.2
2026-03-19 00:45:00+01:00,110.87724497656049,106.99
2026-03-19 01:00:00+01:00,110.3042282823657,112.76
2026-03-19 01:15:00+01:00,109.79682242938145,111.73
2026-03-19 01:30:00+01:00,112.78563144674835,112.85
2026-03-19 01:45:00+01:00,112.22046236921899,113.22
2026-03-19 02:00:00+01:00,112.81109121269202,113.66
2026-03-19 02:15:00+01:00,112.86081514469193,112.79
2026-03-19 02:30:00+01:00,113.25064186883625,113.93
2026-03-19 02:45:00+01:00,112.90542999501196,115.59
2026-03-19 03:00:00+01:00,113.47626064211512,110.05
2026-03-19 03:15:00+01:00,113.81973608843843,112.73
2026-03-19 03:30:00+01:00,116.28013998838054,117.97
2026-03-19 03:45:00+01:00,116.90182154911946,121.35
2026-03-19 04:00:00+01:00,115.6226955236146,120.2
2026-03-19 04:15:00+01:00,116.2253921947077,121.82
2026-03-19 04:30:00+01:00,119.6050028598353,123.98
2026-03-19 04:45:00+01:00,122.58784043021649,127.1
2026-03-19 05:00:00+01:00,114.22899741686288,122.34
2026-03-19 05:15:00+01:00,123.39629149631352,128.14
2026-03-19 05:30:00+01:00,134.53476207954017,132.29
2026-03-19 05:45:00+01:00,153.06384205292053,148.35
2026-03-19 06:00:00+01:00,129.19372933147304,134.52
2026-03-19 06:15:00+01:00,148.33304507319176,157.9
2026-03-19 06:30:00+01:00,166.407358559118,170.86
2026-03-19 06:45:00+01:00,188.1179215416511,177.23
2026-03-19 07:00:00+01:00,202.30081733046904,191.6
2026-03-19 07:15:00+01:00,200.0790848621554,175.51
2026-03-19 07:30:00+01:00,173.0727103748943,150.21
2026-03-19 07:45:00+01:00,160.04278001621924,115.65
2026-03-19 08:00:00+01:00,194.18773487642653,179.47
2026-03-19 08:15:00+01:00,181.36125608615197,151.35
2026-03-19 08:30:00+01:00,133.28419412876536,120.19
2026-03-19 08:45:00+01:00,91.93469401759735,103.4
2026-03-19 09:00:00+01:00,146.3427018488344,121.98
2026-03-19 09:15:00+01:00,102.84355880627409,100.87
2026-03-19 09:30:00+01:00,91.6123487293406,84.16
2026-03-19 09:45:00+01:00,69.30194227780447,56.6
2026-03-19 10:00:00+01:00,102.06254776709544,99.0
2026-03-19 10:15:00+01:00,81.82000226347894,60.76
2026-03-19 10:30:00+01:00,67.2538687121969,40.05
2026-03-19 10:45:00+01:00,46.50850206781543,21.39
2026-03-19 11:00:00+01:00,74.20685045270818,20.63
2026-03-19 11:15:00+01:00,57.89638284736662,9.61
2026-03-19 11:30:00+01:00,26.58726098092947,1.22
2026-03-19 11:45:00+01:00,39.007784076017565,0.02
2026-03-19 12:00:00+01:00,33.03642548751403,0.01
2026-03-19 12:15:00+01:00,29.052527873095997,0.0
2026-03-19 12:30:00+01:00,38.55000248930407,-0.01
2026-03-19 12:45:00+01:00,34.816423743625606,0.0
2026-03-19 13:00:00+01:00,32.30420410533203,0.0
2026-03-19 13:15:00+01:00,34.14897990035289,0.0
2026-03-19 13:30:00+01:00,41.739988430931696,0.6
2026-03-19 13:45:00+01:00,58.0770997467118,9.52
2026-03-19 14:00:00+01:00,41.54002280321328,10.05
2026-03-19 14:15:00+01:00,51.41452615369833,28.44
2026-03-19 14:30:00+01:00,76.03586463421227,58.07
2026-03-19 14:45:00+01:00,81.05863141633185,78.3
2026-03-19 15:00:00+01:00,61.009242561476725,42.77
2026-03-19 15:15:00+01:00,82.74359744342328,81.75
2026-03-19 15:30:00+01:00,98.78768354571537,98.79
2026-03-19 15:45:00+01:00,131.08199564374695,120.48
2026-03-19 16:00:00+01:00,85.98457212683596,97.64
2026-03-19 16:15:00+01:00,117.37709754254107,110.13
2026-03-19 16:30:00+01:00,135.24174196841716,122.85
2026-03-19 16:45:00+01:00,173.7399436056403,150.77
2026-03-19 17:00:00+01:00,113.12708223293166,101.41
2026-03-19 17:15:00+01:00,148.2989850255035,132.96
2026-03-19 17:30:00+01:00,178.76745051299582,163.96
2026-03-19 17:45:00+01:00,245.06346983879996,210.37
2026-03-19 18:00:00+01:00,209.08280426640124,180.37
2026-03-19 18:15:00+01:00,218.98184937890346,202.3
2026-03-19 18:30:00+01:00,220.7323040808809,223.21
2026-03-19 18:45:00+01:00,207.2834044456011,231.19
2026-03-19 19:00:00+01:00,225.5228332760272,240.91
2026-03-19 19:15:00+01:00,186.94795958041516,219.48
2026-03-19 19:30:00+01:00,177.99693035381114,203.32
2026-03-19 19:45:00+01:00,158.74077497519085,193.82
2026-03-19 20:00:00+01:00,181.0060184020012,183.05
2026-03-19 20:15:00+01:00,165.8830455789332,167.86
2026-03-19 20:30:00+01:00,152.71268708319244,157.15
2026-03-19 20:45:00+01:00,135.59282612303826,145.42
2026-03-19 21:00:00+01:00,154.54876935183623,160.79
2026-03-19 21:15:00+01:00,146.6226680095371,155.74
2026-03-19 21:30:00+01:00,139.7991161083542,147.77
2026-03-19 21:45:00+01:00,127.62965347065159,131.86
2026-03-19 22:00:00+01:00,142.1796180270324,150.74
2026-03-19 22:15:00+01:00,133.1347048560809,145.68
2026-03-19 22:30:00+01:00,129.36644006141398,134.44
2026-03-19 22:45:00+01:00,120.72924671846599,127.34
2026-03-19 23:00:00+01:00,123.17947591858001,141.56
2026-03-19 23:15:00+01:00,121.61092921730177,134.05
2026-03-19 23:30:00+01:00,120.89177981021018,131.1
2026-03-19 23:45:00+01:00,109.61173446243421,122.24
2026-03-20 00:00:00+01:00,130.90650360316815,158.56
2026-03-20 00:15:00+01:00,127.48183232085516,145.41
2026-03-20 00:30:00+01:00,126.12772553661279,137.26
2026-03-20 00:45:00+01:00,119.69051785869718,133.02
2026-03-20 01:00:00+01:00,124.27049469818668,141.26
2026-03-20 01:15:00+01:00,122.93539355893066,138.09
2026-03-20 01:30:00+01:00,121.55995824545624,136.65
2026-03-20 01:45:00+01:00,120.06243652302999,135.84
2026-03-20 02:00:00+01:00,123.2276658844807,136.36
2026-03-20 02:15:00+01:00,120.30964773570004,134.98
2026-03-20 02:30:00+01:00,119.39672898162952,135.62
2026-03-20 02:45:00+01:00,118.06656339255628,135.61
2026-03-20 03:00:00+01:00,118.94459474532647,135.93
2026-03-20 03:15:00+01:00,118.52095153767807,135.23
2026-03-20 03:30:00+01:00,122.13484011738656,138.86
2026-03-20 03:45:00+01:00,123.55244183313437,139.88
2026-03-20 04:00:00+01:00,119.83108322326507,131.13
2026-03-20 04:15:00+01:00,120.06371401429215,135.76
2026-03-20 04:30:00+01:00,123.15616963080225,138.99
2026-03-20 04:45:00+01:00,123.62127408829947,149.74
2026-03-20 05:00:00+01:00,122.06844208071931,136.6
2026-03-20 05:15:00+01:00,124.11069710546589,145.37
2026-03-20 05:30:00+01:00,132.546745083954,164.68
2026-03-20 05:45:00+01:00,145.06834667448274,171.71
2026-03-20 06:00:00+01:00,132.84056605846354,164.17
2026-03-20 06:15:00+01:00,153.52010353462515,192.76
2026-03-20 06:30:00+01:00,168.3492781407834,203.3
2026-03-20 06:45:00+01:00,193.6549402642123,208.95
2026-03-20 07:00:00+01:00,182.64976500784542,233.75
2026-03-20 07:15:00+01:00,190.48791143680106,209.73
2026-03-20 07:30:00+01:00,177.04565550565133,190.65
2026-03-20 07:45:00+01:00,147.4935007068908,156.44
2026-03-20 08:00:00+01:00,210.90132558535637,208.14
2026-03-20 08:15:00+01:00,159.6351657576428,169.05
2026-03-20 08:30:00+01:00,132.55875007663857,152.02
2026-03-20 08:45:00+01:00,109.35942210320594,116.0
2026-03-20 09:00:00+01:00,154.31277527447187,169.34
2026-03-20 09:15:00+01:00,118.89564244729277,144.39
2026-03-20 09:30:00+01:00,103.52685367959208,106.3
2026-03-20 09:45:00+01:00,104.24342791956612,108.0
2026-03-20 10:00:00+01:00,117.11058634483156,121.04
2026-03-20 10:15:00+01:00,103.16687773050329,108.0
2026-03-20 10:30:00+01:00,101.72691595757028,90.81
2026-03-20 10:45:00+01:00,82.86772386821283,84.49
2026-03-20 11:00:00+01:00,102.94782333901284,95.52
2026-03-20 11:15:00+01:00,93.852663083628,85.13
2026-03-20 11:30:00+01:00,84.7991644607618,70.68
2026-03-20 11:45:00+01:00,74.47412343350825,62.56
2026-03-20 12:00:00+01:00,83.95745884792429,71.29
2026-03-20 12:15:00+01:00,77.44711414405347,66.52
2026-03-20 12:30:00+01:00,72.5555358806495,65.52
2026-03-20 12:45:00+01:00,74.22055689147524,59.11
2026-03-20 13:00:00+01:00,76.64483905475083,56.25
2026-03-20 13:15:00+01:00,77.90931831782011,60.0
2026-03-20 13:30:00+01:00,81.00373914754553,69.17
2026-03-20 13:45:00+01:00,83.86998579428187,77.02
2026-03-20 14:00:00+01:00,78.44488869251012,59.86
2026-03-20 14:15:00+01:00,87.60999703147738,81.14
2026-03-20 14:30:00+01:00,97.94923694610927,95.57
2026-03-20 14:45:00+01:00,105.8500020507408,113.03
2026-03-20 15:00:00+01:00,92.2303015530964,100.15
2026-03-20 15:15:00+01:00,97.78061251349718,115.0
2026-03-20 15:30:00+01:00,112.03103560229168,118.82
2026-03-20 15:45:00+01:00,134.20549606739314,134.65
2026-03-20 16:00:00+01:00,102.11316734690584,104.3
2026-03-20 16:15:00+01:00,127.92977901015834,138.99
2026-03-20 16:30:00+01:00,143.3886757848911,156.7
2026-03-20 16:45:00+01:00,168.337964482054,178.71
2026-03-20 17:00:00+01:00,118.01880597998407,140.48
2026-03-20 17:15:00+01:00,144.95967981870064,161.61
2026-03-20 17:30:00+01:00,178.18454190903068,178.31
2026-03-20 17:45:00+01:00,201.64768045552864,218.87
2026-03-20 18:00:00+01:00,189.64346852971696,176.65
2026-03-20 18:15:00+01:00,201.84286597578387,217.13
2026-03-20 18:30:00+01:00,198.83518990478123,227.12
2026-03-20 18:45:00+01:00,191.61578363059874,223.12
2026-03-20 19:00:00+01:00,207.954016581194,237.87
2026-03-20 19:15:00+01:00,191.61902037365388,218.01
2026-03-20 19:30:00+01:00,177.23744058699816,205.44
2026-03-20 19:45:00+01:00,158.63506429097868,187.92
2026-03-20 20:00:00+01:00,174.2567574828945,200.77
2026-03-20 20:15:00+01:00,162.00035996787244,182.99
2026-03-20 20:30:00+01:00,151.8609987984864,173.31
2026-03-20 20:45:00+01:00,139.6944791360303,163.07
2026-03-20 21:00:00+01:00,151.1373065766416,174.69
2026-03-20 21:15:00+01:00,147.11592344529268,170.7
2026-03-20 21:30:00+01:00,136.45450950411143,157.81
2026-03-20 21:45:00+01:00,126.24759558371971,149.0
2026-03-20 22:00:00+01:00,141.7450923256584,163.47
2026-03-20 22:15:00+01:00,134.15910879691194,164.09
2026-03-20 22:30:00+01:00,128.63892605264,143.72
2026-03-20 22:45:00+01:00,121.7299013486377,136.13
2026-03-20 23:00:00+01:00,136.64589342338132,162.0
2026-03-20 23:15:00+01:00,125.44332644538908,154.86
2026-03-20 23:30:00+01:00,123.75404997346754,140.42
2026-03-20 23:45:00+01:00,115.32322743581497,135.22
2026-03-21 00:00:00+01:00,128.1864251514068,151.25
2026-03-21 00:15:00+01:00,130.62557867887503,147.36
2026-03-21 00:30:00+01:00,128.2524133579549,139.03
2026-03-21 00:45:00+01:00,122.6178255040359,131.95
2026-03-21 01:00:00+01:00,132.7326889878222,148.63
2026-03-21 01:15:00+01:00,127.4417103984867,138.88
2026-03-21 01:30:00+01:00,125.84079646520313,133.75
2026-03-21 01:45:00+01:00,123.6754645667769,132.11
2026-03-21 02:00:00+01:00,125.29449698451226,142.77
2026-03-21 02:15:00+01:00,123.46862285079419,135.49
2026-03-21 02:30:00+01:00,122.13991472230202,132.62
2026-03-21 02:45:00+01:00,121.31001272661078,133.46
2026-03-21 03:00:00+01:00,122.01877841683194,132.02
2026-03-21 03:15:00+01:00,121.03869873149665,132.04
2026-03-21 03:30:00+01:00,124.06015833084103,132.28
2026-03-21 03:45:00+01:00,124.5095329967461,131.89
2026-03-21 04:00:00+01:00,120.13673344806375,131.34
2026-03-21 04:15:00+01:00,121.72322781975616,130.59
2026-03-21 04:30:00+01:00,122.7146824235528,131.41
2026-03-21 04:45:00+01:00,127.51613585721702,131.43
2026-03-21 05:00:00+01:00,120.13845844898461,135.63
2026-03-21 05:15:00+01:00,125.46276238159636,135.67
2026-03-21 05:30:00+01:00,133.00857710815293,138.45
2026-03-21 05:45:00+01:00,134.82655186976797,140.91
2026-03-21 06:00:00+01:00,126.13826577063654,140.7
2026-03-21 06:15:00+01:00,148.00869677007034,145.47
2026-03-21 06:30:00+01:00,133.48824213858043,141.63
2026-03-21 06:45:00+01:00,126.17129462586347,141.56
2026-03-21 07:00:00+01:00,142.98165270451275,151.04
2026-03-21 07:15:00+01:00,119.01423137750703,147.99
2026-03-21 07:30:00+01:00,120.82933171080872,138.67
2026-03-21 07:45:00+01:00,104.09285155759173,120.95
2026-03-21 08:00:00+01:00,130.8911141558697,143.31
2026-03-21 08:15:00+01:00,114.48818186410314,138.04
2026-03-21 08:30:00+01:00,106.23081504423564,120.7
2026-03-21 08:45:00+01:00,100.50593788504504,107.01
2026-03-21 09:00:00+01:00,118.4960967742006,109.8
2026-03-21 09:15:00+01:00,107.70308427495578,104.0
2026-03-21 09:30:00+01:00,99.02102518936783,96.38
2026-03-21 09:45:00+01:00,74.11936530154628,92.13
2026-03-21 10:00:00+01:00,105.6216629697384,100.01
2026-03-21 10:15:00+01:00,85.34303121015623,80.74
2026-03-21 10:30:00+01:00,70.1949889712363,68.16
2026-03-21 10:45:00+01:00,53.10823013215438,56.98
2026-03-21 11:00:00+01:00,58.03318937720294,62.63
2026-03-21 11:15:00+01:00,56.86508941213492,46.78
2026-03-21 11:30:00+01:00,45.03012055333964,40.41
2026-03-21 11:45:00+01:00,46.08014996716091,33.78
2026-03-21 12:00:00+01:00,41.61863894885421,32.87
2026-03-21 12:15:00+01:00,42.12895806810488,21.08
2026-03-21 12:30:00+01:00,40.95524687991598,20.01
2026-03-21 12:45:00+01:00,42.15757748309433,20.0
2026-03-21 13:00:00+01:00,38.47760630813064,20.41
2026-03-21 13:15:00+01:00,40.66450586692796,21.91
2026-03-21 13:30:00+01:00,36.440378295172934,24.76
2026-03-21 13:45:00+01:00,35.41274529541705,30.0
2026-03-21 14:00:00+01:00,41.45130224259037,42.74
2026-03-21 14:15:00+01:00,33.13078204934683,62.0
2026-03-21 14:30:00+01:00,36.588735035213226,68.26
2026-03-21 14:45:00+01:00,57.01792924390283,78.71
2026-03-21 15:00:00+01:00,45.76201788682518,76.7
2026-03-21 15:15:00+01:00,65.08365377867958,89.04
2026-03-21 15:30:00+01:00,95.76965423253338,90.49
2026-03-21 15:45:00+01:00,113.58504165886394,103.77
2026-03-21 16:00:00+01:00,80.93475891356901,96.26
2026-03-21 16:15:00+01:00,109.80133372876554,104.19
2026-03-21 16:30:00+01:00,134.83494300593125,123.53
2026-03-21 16:45:00+01:00,163.09329569422414,138.68
2026-03-21 17:00:00+01:00,120.81338331544578,122.76
2026-03-21 17:15:00+01:00,134.51771277141606,141.09
2026-03-21 17:30:00+01:00,148.3229016969785,156.49
2026-03-21 17:45:00+01:00,190.32822439814782,163.76
2026-03-21 18:00:00+01:00,160.1155706534505,161.48
2026-03-21 18:15:00+01:00,175.59803524281764,174.38
2026-03-21 18:30:00+01:00,182.78271566364413,177.45
2026-03-21 18:45:00+01:00,183.8731119080714,173.16
2026-03-21 19:00:00+01:00,191.65693901641458,189.71
2026-03-21 19:15:00+01:00,181.41580620902693,168.19
2026-03-21 19:30:00+01:00,170.31010912722118,153.55
2026-03-21 19:45:00+01:00,155.8595877798665,140.97
2026-03-21 20:00:00+01:00,162.5985198603693,156.73
2026-03-21 20:15:00+01:00,157.20813564471302,146.0
2026-03-21 20:30:00+01:00,140.3024705857116,135.1
2026-03-21 20:45:00+01:00,135.50954649596184,129.48
2026-03-21 21:00:00+01:00,145.42191539215008,131.03
2026-03-21 21:15:00+01:00,135.931763084894,129.57
2026-03-21 21:30:00+01:00,132.51118502940312,125.62
2026-03-21 21:45:00+01:00,116.41024968685217,121.28
2026-03-21 22:00:00+01:00,132.29198103111503,127.93
2026-03-21 22:15:00+01:00,122.02714606146999,127.49
2026-03-21 22:30:00+01:00,118.1072495623841,117.1
2026-03-21 22:45:00+01:00,110.96576914914162,108.45
2026-03-21 23:00:00+01:00,118.06822789336518,121.19
2026-03-21 23:15:00+01:00,107.83432779923656,110.34
2026-03-21 23:30:00+01:00,101.22762482491174,103.66
2026-03-21 23:45:00+01:00,94.25910782426793,96.81
2026-03-22 00:00:00+01:00,109.16917894029434,104.54
2026-03-22 00:15:00+01:00,107.35582496243649,101.8
2026-03-22 00:30:00+01:00,104.2702593909124,99.81
2026-03-22 00:45:00+01:00,98.48774264953472,95.5
2026-03-22 01:00:00+01:00,105.9204060652032,98.56
2026-03-22 01:15:00+01:00,105.16861152723192,96.75
2026-03-22 01:30:00+01:00,104.46507602094401,94.93
2026-03-22 01:45:00+01:00,102.14042378228952,92.78
2026-03-22 02:00:00+01:00,106.02967078361502,95.59
2026-03-22 02:15:00+01:00,106.02009935280557,94.2
2026-03-22 02:30:00+01:00,104.08094063919816,93.98
2026-03-22 02:45:00+01:00,103.90460955992822,93.04
2026-03-22 03:00:00+01:00,102.06279562038604,95.67
2026-03-22 03:15:00+01:00,105.43357165828903,94.69
2026-03-22 03:30:00+01:00,105.29196887932017,95.19
2026-03-22 03:45:00+01:00,104.80662034506307,95.49
2026-03-22 04:00:00+01:00,106.62861171895753,97.51
2026-03-22 04:15:00+01:00,105.90218259948222,97.75
2026-03-22 04:30:00+01:00,113.12145616841748,99.05
2026-03-22 04:45:00+01:00,112.88439724642554,100.08
2026-03-22 05:00:00+01:00,106.73932894165759,100.21
2026-03-22 05:15:00+01:00,117.046913411911,101.87
2026-03-22 05:30:00+01:00,119.65390043048285,102.88
2026-03-22 05:45:00+01:00,130.7505506075507,101.69
2026-03-22 06:00:00+01:00,123.36758755875779,102.8
2026-03-22 06:15:00+01:00,133.35969268725768,103.81
2026-03-22 06:30:00+01:00,131.50135937066625,102.18
2026-03-22 06:45:00+01:00,123.8984059502738,91.63
2026-03-22 07:00:00+01:00,155.21169635030776,117.51
2026-03-22 07:15:00+01:00,132.43200922786522,92.91
2026-03-22 07:30:00+01:00,111.78567659735347,78.63
2026-03-22 07:45:00+01:00,78.55814385790632,49.79
2026-03-22 08:00:00+01:00,129.49546892334288,80.75
2026-03-22 08:15:00+01:00,95.42797001586916,46.2
2026-03-22 08:30:00+01:00,81.28011330621996,26.37
2026-03-22 08:45:00+01:00,68.47301014472099,12.0
2026-03-22 09:00:00+01:00,86.12769907378477,19.9
2026-03-22 09:15:00+01:00,70.51653618820353,6.86
2026-03-22 09:30:00+01:00,59.2044349202277,0.43
2026-03-22 09:45:00+01:00,33.83506654887873,-0.1
2026-03-22 10:00:00+01:00,61.943147538995845,0.0
2026-03-22 10:15:00+01:00,30.153840306154464,-0.01
2026-03-22 10:30:00+01:00,15.687208147492754,-0.62
2026-03-22 10:45:00+01:00,7.604150221486492,-1.09
2026-03-22 11:00:00+01:00,16.335186725166537,-2.46
2026-03-22 11:15:00+01:00,7.547091522645218,-3.46
2026-03-22 11:30:00+01:00,2.625403605612604,-4.9
2026-03-22 11:45:00+01:00,11.266202668999355,-6.63
2026-03-22 12:00:00+01:00,10.520707505397965,-9.97
2026-03-22 12:15:00+01:00,10.479369072205074,-11.39
2026-03-22 12:30:00+01:00,11.205425338592633,-12.37
2026-03-22 12:45:00+01:00,8.807949606274164,-13.31
2026-03-22 13:00:00+01:00,5.579047108889355,-12.68
2026-03-22 13:15:00+01:00,7.174702856776236,-11.34
2026-03-22 13:30:00+01:00,4.424734419314504,-9.91
2026-03-22 13:45:00+01:00,12.735264151883555,-7.31
2026-03-22 14:00:00+01:00,11.637514001024144,-3.38
2026-03-22 14:15:00+01:00,15.785892540953697,-2.48
2026-03-22 14:30:00+01:00,19.865699959231748,-1.9
2026-03-22 14:45:00+01:00,25.5706684106445,-0.95
2026-03-22 15:00:00+01:00,31.412867933062003,-0.26
2026-03-22 15:15:00+01:00,46.43348083974326,0.0
2026-03-22 15:30:00+01:00,69.43810692154933,11.66
2026-03-22 15:45:00+01:00,106.23597411966703,33.6
2026-03-22 16:00:00+01:00,66.2361574501264,32.76
2026-03-22 16:15:00+01:00,101.9259843903407,79.85
2026-03-22 16:30:00+01:00,120.04303931386721,108.0
2026-03-22 16:45:00+01:00,143.6512835386607,152.0
2026-03-22 17:00:00+01:00,112.90280946256465,98.63
2026-03-22 17:15:00+01:00,130.6584776573449,141.8
2026-03-22 17:30:00+01:00,150.90221864113613,159.08
2026-03-22 17:45:00+01:00,173.78858311221143,183.03
2026-03-22 18:00:00+01:00,149.61099158967403,161.04
2026-03-22 18:15:00+01:00,172.71424479356412,174.26
2026-03-22 18:30:00+01:00,196.58516332338434,176.0
2026-03-22 18:45:00+01:00,212.81237712253113,185.46
2026-03-22 19:00:00+01:00,203.52848583970984,184.46
2026-03-22 19:15:00+01:00,188.74738443600506,181.7
2026-03-22 19:30:00+01:00,181.68281866054159,168.61
2026-03-22 19:45:00+01:00,164.4352581138317,158.76
2026-03-22 20:00:00+01:00,172.11592943034802,184.13
2026-03-22 20:15:00+01:00,158.3848217570947,167.14
2026-03-22 20:30:00+01:00,149.9911354916191,159.59
2026-03-22 20:45:00+01:00,138.78535312711378,148.07
2026-03-22 21:00:00+01:00,149.15341319979433,165.21
2026-03-22 21:15:00+01:00,144.34050617364494,158.25
2026-03-22 21:30:00+01:00,134.38986375017942,150.05
2026-03-22 21:45:00+01:00,123.15399628178902,148.0
2026-03-22 22:00:00+01:00,142.86267227750162,157.37
2026-03-22 22:15:00+01:00,135.31442996821173,149.99
2026-03-22 22:30:00+01:00,132.54582762354096,141.68
2026-03-22 22:45:00+01:00,124.83700034743978,138.15
2026-03-22 23:00:00+01:00,129.03746906960492,157.79
2026-03-22 23:15:00+01:00,123.55592190845746,147.62
2026-03-22 23:30:00+01:00,116.3126508678887,136.83
2026-03-22 23:45:00+01:00,115.18743562977546,131.78
2026-03-23 00:00:00+01:00,124.98013361544065,136.18
2026-03-23 00:15:00+01:00,114.91220237026653,133.06
2026-03-23 00:30:00+01:00,117.75230220864697,128.55
2026-03-23 00:45:00+01:00,115.2523478311847,126.76
2026-03-23 01:00:00+01:00,119.52367646340662,128.59
2026-03-23 01:15:00+01:00,117.4330913955031,127.75
2026-03-23 01:30:00+01:00,116.22889283592231,124.93
2026-03-23 01:45:00+01:00,118.61118380943844,122.33
2026-03-23 02:00:00+01:00,116.25635435243697,127.33
2026-03-23 02:15:00+01:00,116.68516499702855,124.4
2026-03-23 02:30:00+01:00,118.80271601024165,124.21
2026-03-23 02:45:00+01:00,119.95375180566724,124.7
2026-03-23 03:00:00+01:00,119.64137171361527,129.06
2026-03-23 03:15:00+01:00,119.29299180308587,126.31
2026-03-23 03:30:00+01:00,121.83650026630525,127.51
2026-03-23 03:45:00+01:00,121.39367691322622,131.47
2026-03-23 04:00:00+01:00,118.9917511869669,130.88
2026-03-23 04:15:00+01:00,119.456353283888,136.82
2026-03-23 04:30:00+01:00,121.74580961764732,141.47
2026-03-23 04:45:00+01:00,128.1520849632391,143.9
2026-03-23 05:00:00+01:00,123.41330329173364,140.08
2026-03-23 05:15:00+01:00,127.00396700178545,148.26
2026-03-23 05:30:00+01:00,136.51539081308832,164.06
2026-03-23 05:45:00+01:00,160.23868640056912,170.48
2026-03-23 06:00:00+01:00,137.7369221648686,161.88
2026-03-23 06:15:00+01:00,156.66650395732134,181.86
2026-03-23 06:30:00+01:00,175.16811911429772,193.41
2026-03-23 06:45:00+01:00,175.33152803308008,192.01
2026-03-23 07:00:00+01:00,202.31518823127752,230.64
2026-03-23 07:15:00+01:00,171.28654325320784,190.09
2026-03-23 07:30:00+01:00,161.1270559162702,181.57
2026-03-23 07:45:00+01:00,120.4987217339098,142.44
2026-03-23 08:00:00+01:00,183.89028628821384,199.99
2026-03-23 08:15:00+01:00,135.83362528485122,159.77
2026-03-23 08:30:00+01:00,120.60850466382566,129.03
2026-03-23 08:45:00+01:00,90.94385704226218,101.63
2026-03-23 09:00:00+01:00,118.29519288282947,135.21
2026-03-23 09:15:00+01:00,97.8205383673616,104.91
2026-03-23 09:30:00+01:00,82.56575894628175,109.55
2026-03-23 09:45:00+01:00,73.44336340414783,82.33
2026-03-23 10:00:00+01:00,88.45887905482721,107.37
2026-03-23 10:15:00+01:00,72.06403203164486,85.3
2026-03-23 10:30:00+01:00,57.81651229079559,76.58
2026-03-23 10:45:00+01:00,71.61418987068926,56.48
2026-03-23 11:00:00+01:00,66.60884229413159,67.13
2026-03-23 11:15:00+01:00,73.07517402247034,50.55
2026-03-23 11:30:00+01:00,48.50617760142507,38.56
2026-03-23 11:45:00+01:00,35.65513734992786,36.09
2026-03-23 12:00:00+01:00,34.55049209122203,37.61
2026-03-23 12:15:00+01:00,25.150970716950624,44.32
2026-03-23 12:30:00+01:00,34.35689305244545,51.37
2026-03-23 12:45:00+01:00,47.18890399677933,63.72
2026-03-23 13:00:00+01:00,30.6807172855019,56.68
2026-03-23 13:15:00+01:00,41.45685654305713,68.8
2026-03-23 13:30:00+01:00,58.69195845648813,83.18
2026-03-23 13:45:00+01:00,68.22088634663486,90.84
2026-03-23 14:00:00+01:00,72.58348660155673,82.5
2026-03-23 14:15:00+01:00,84.7043519832093,90.46
2026-03-23 14:30:00+01:00,83.77559150501904,99.74
2026-03-23 14:45:00+01:00,98.14322637505681,107.22
2026-03-23 15:00:00+01:00,90.91115620094533,93.1
2026-03-23 15:15:00+01:00,89.59160521232837,107.16
2026-03-23 15:30:00+01:00,103.79495632614997,118.55
2026-03-23 15:45:00+01:00,135.01619276479238,139.0
2026-03-23 16:00:00+01:00,93.74016569006358,102.21
2026-03-23 16:15:00+01:00,133.88215322482392,132.0
2026-03-23 16:30:00+01:00,145.5856391347133,149.31
2026-03-23 16:45:00+01:00,163.64028604046587,170.65
2026-03-23 17:00:00+01:00,126.42897474059379,132.0
2026-03-23 17:15:00+01:00,147.49795943025453,168.68
2026-03-23 17:30:00+01:00,169.54422316092717,195.8
2026-03-23 17:45:00+01:00,213.25304715908726,266.62
2026-03-23 18:00:00+01:00,190.29590111362535,195.99
2026-03-23 18:15:00+01:00,220.32934663696562,260.66
2026-03-23 18:30:00+01:00,226.6307928591848,285.19
2026-03-23 18:45:00+01:00,218.2059053034548,310.2
2026-03-23 19:00:00+01:00,234.1836499510522,267.95
2026-03-23 19:15:00+01:00,201.13092465738742,244.97
2026-03-23 19:30:00+01:00,181.6006953101408,235.92
2026-03-23 19:45:00+01:00,165.06735087772822,217.4
2026-03-23 20:00:00+01:00,183.3118158052251,246.6
2026-03-23 20:15:00+01:00,167.84921118685284,216.74
2026-03-23 20:30:00+01:00,156.3948380890313,187.91
2026-03-23 20:45:00+01:00,146.62054528571366,175.1
2026-03-23 21:00:00+01:00,158.3339352241819,219.55
2026-03-23 21:15:00+01:00,156.19700201676767,182.48
2026-03-23 21:30:00+01:00,144.23804035099323,158.96
2026-03-23 21:45:00+01:00,134.20870415976674,148.29
2026-03-23 22:00:00+01:00,147.37489913411662,169.0
2026-03-23 22:15:00+01:00,141.7104734932158,154.24
2026-03-23 22:30:00+01:00,137.23716031366584,151.99
2026-03-23 22:45:00+01:00,127.96318200857749,147.73
2026-03-23 23:00:00+01:00,136.75247275302823,152.95
2026-03-23 23:15:00+01:00,135.02260701679583,144.17
2026-03-23 23:30:00+01:00,129.72951039998233,138.15
2026-03-23 23:45:00+01:00,124.82204598596516,126.53
2026-03-24 00:00:00+01:00,130.09050542355084,149.0
2026-03-24 00:15:00+01:00,114.32574672083115,145.68
2026-03-24 00:30:00+01:00,114.47812782941575,136.56
2026-03-24 00:45:00+01:00,107.35425638347182,133.01
2026-03-24 01:00:00+01:00,116.20666397031842,139.06
2026-03-24 01:15:00+01:00,109.84584068250757,130.12
2026-03-24 01:30:00+01:00,104.85720158750975,116.53
2026-03-24 01:45:00+01:00,101.69446183786535,111.56
2026-03-24 02:00:00+01:00,108.32129721544274,119.26
2026-03-24 02:15:00+01:00,105.23029069835218,111.57
2026-03-24 02:30:00+01:00,99.9583766374069,106.22
2026-03-24 02:45:00+01:00,99.4355927223329,102.94
2026-03-24 03:00:00+01:00,106.34988718694831,107.08
2026-03-24 03:15:00+01:00,101.6433488000483,101.54
2026-03-24 03:30:00+01:00,106.18103051236756,99.36
2026-03-24 03:45:00+01:00,104.08904468243361,98.58
2026-03-24 04:00:00+01:00,105.26700486362634,100.46
2026-03-24 04:15:00+01:00,106.1607030484888,99.17
2026-03-24 04:30:00+01:00,105.10308352418079,101.56
2026-03-24 04:45:00+01:00,105.91478307757717,100.31
2026-03-24 05:00:00+01:00,102.58947278308757,98.22
2026-03-24 05:15:00+01:00,105.07839383731466,97.0
2026-03-24 05:30:00+01:00,107.82034686428466,99.03
2026-03-24 05:45:00+01:00,94.8144748988718,109.64
2026-03-24 06:00:00+01:00,114.99504413671944,107.08
2026-03-24 06:15:00+01:00,107.36247879231702,111.3
2026-03-24 06:30:00+01:00,111.54273415330736,113.57
2026-03-24 06:45:00+01:00,110.29491033491352,111.32
2026-03-24 07:00:00+01:00,127.17649478702933,134.1
2026-03-24 07:15:00+01:00,119.77270842355271,120.44
2026-03-24 07:30:00+01:00,120.53994700578393,106.58
2026-03-24 07:45:00+01:00,103.86787710483424,91.07
2026-03-24 08:00:00+01:00,129.96602387081242,132.08
2026-03-24 08:15:00+01:00,100.09401422450782,103.46
2026-03-24 08:30:00+01:00,81.07708638186024,89.9
2026-03-24 08:45:00+01:00,60.38603718311068,64.39
2026-03-24 09:00:00+01:00,83.78379339144726,99.55
2026-03-24 09:15:00+01:00,66.33640521542178,80.22
2026-03-24 09:30:00+01:00,49.075789572483686,64.72
2026-03-24 09:45:00+01:00,27.354131621470856,39.13
2026-03-24 10:00:00+01:00,63.347149568284884,57.64
2026-03-24 10:15:00+01:00,28.474243682023356,23.32
2026-03-24 10:30:00+01:00,24.300824648659713,10.04
2026-03-24 10:45:00+01:00,33.14621544865585,3.91
2026-03-24 11:00:00+01:00,13.099561901207267,4.5
2026-03-24 11:15:00+01:00,9.288442360029023,0.3
2026-03-24 11:30:00+01:00,22.334067625048505,-0.01
2026-03-24 11:45:00+01:00,6.049409609632448,-0.01
2026-03-24 12:00:00+01:00,25.09911296332301,0.0
2026-03-24 12:15:00+01:00,9.463603533713481,-0.01
2026-03-24 12:30:00+01:00,7.853283115137174,-0.01
2026-03-24 12:45:00+01:00,2.297362287186985,-0.02
2026-03-24 13:00:00+01:00,7.035563532720801,-0.04
2026-03-24 13:15:00+01:00,7.65107970551432,-0.02
2026-03-24 13:30:00+01:00,13.88271931585723,-0.01
2026-03-24 13:45:00+01:00,19.621437394984284,-0.01
2026-03-24 14:00:00+01:00,17.778516272599703,-0.02
2026-03-24 14:15:00+01:00,31.341123570442527,-0.01
2026-03-24 14:30:00+01:00,40.72999791937856,0.0
2026-03-24 14:45:00+01:00,60.06209500080763,0.02
2026-03-24 15:00:00+01:00,39.794458781522216,1.04
2026-03-24 15:15:00+01:00,51.727224529723834,7.77
2026-03-24 15:30:00+01:00,74.93258476595756,14.97
2026-03-24 15:45:00+01:00,92.86623219558152,56.21
2026-03-24 16:00:00+01:00,74.35497782871138,33.93
2026-03-24 16:15:00+01:00,93.82976197853863,66.79
2026-03-24 16:30:00+01:00,120.58670311686609,101.01
2026-03-24 16:45:00+01:00,128.44989782730488,108.0
2026-03-24 17:00:00+01:00,105.67107834274165,91.31
2026-03-24 17:15:00+01:00,127.91430058463011,101.01
2026-03-24 17:30:00+01:00,136.4550289680483,118.7
2026-03-24 17:45:00+01:00,163.19292847170314,140.34
2026-03-24 18:00:00+01:00,142.28702171786145,130.0
2026-03-24 18:15:00+01:00,155.11369588099194,141.0
2026-03-24 18:30:00+01:00,168.51060031910043,131.36
2026-03-24 18:45:00+01:00,156.06575165620433,141.01
2026-03-24 19:00:00+01:00,150.4208665645052,147.99
2026-03-24 19:15:00+01:00,152.97112674969816,131.68
2026-03-24 19:30:00+01:00,146.36861853971936,139.6
2026-03-24 19:45:00+01:00,129.60038689075063,132.7
2026-03-24 20:00:00+01:00,136.3839750859215,129.08
2026-03-24 20:15:00+01:00,124.22969787038109,106.47
2026-03-24 20:30:00+01:00,112.28254818318906,90.82
2026-03-24 20:45:00+01:00,98.44640379708542,78.03
2026-03-24 21:00:00+01:00,120.46968063894258,91.98
2026-03-24 21:15:00+01:00,107.06503948725769,86.04
2026-03-24 21:30:00+01:00,99.67690104751871,68.61
2026-03-24 21:45:00+01:00,87.73991335942142,51.36
2026-03-24 22:00:00+01:00,110.43011450377371,86.66
2026-03-24 22:15:00+01:00,96.45205989392954,78.15
2026-03-24 22:30:00+01:00,91.43160830939314,64.34
2026-03-24 22:45:00+01:00,87.57037321022435,35.26
2026-03-24 23:00:00+01:00,102.69395403652922,45.54
2026-03-24 23:15:00+01:00,80.19190036302615,17.51
2026-03-24 23:30:00+01:00,80.2658735866608,16.59
2026-03-24 23:45:00+01:00,61.6176138965594,8.75
2026-03-25 00:00:00+01:00,57.798626242732226,3.0
2026-03-25 00:15:00+01:00,48.10178942919249,2.4
2026-03-25 00:30:00+01:00,39.13353681177783,1.78
2026-03-25 00:45:00+01:00,41.91637906308748,0.06
2026-03-25 01:00:00+01:00,47.099917997729136,1.36
2026-03-25 01:15:00+01:00,44.23390144902196,0.1
2026-03-25 01:30:00+01:00,42.754136834129135,0.01
2026-03-25 01:45:00+01:00,42.35995537475606,0.0
2026-03-25 02:00:00+01:00,45.68139266927387,0.0
2026-03-25 02:15:00+01:00,43.89640237091893,0.0
2026-03-25 02:30:00+01:00,45.52824338056022,0.0
2026-03-25 02:45:00+01:00,45.36215652306829,-0.01
2026-03-25 03:00:00+01:00,46.894838848684095,-0.01
2026-03-25 03:15:00+01:00,46.588221443738355,-0.01
2026-03-25 03:30:00+01:00,48.11347266738018,-0.01
2026-03-25 03:45:00+01:00,49.66365397357278,-0.01
2026-03-25 04:00:00+01:00,47.950256234244335,-0.01
2026-03-25 04:15:00+01:00,49.05110334439684,-0.01
2026-03-25 04:30:00+01:00,53.11839381117009,0.0
2026-03-25 04:45:00+01:00,53.922689909323765,0.0
2026-03-25 05:00:00+01:00,50.9121324507775,0.0
2026-03-25 05:15:00+01:00,52.188107652623465,0.0
2026-03-25 05:30:00+01:00,55.03551117070846,0.1
2026-03-25 05:45:00+01:00,68.67804431910781,1.36
2026-03-25 06:00:00+01:00,44.928710647606636,2.45
2026-03-25 06:15:00+01:00,59.523197112929154,2.81
2026-03-25 06:30:00+01:00,85.83741443757157,4.8
2026-03-25 06:45:00+01:00,89.04338723823075,4.51
2026-03-25 07:00:00+01:00,87.74592417183706,11.87
2026-03-25 07:15:00+01:00,114.61562492850332,10.0
2026-03-25 07:30:00+01:00,80.61181227051763,9.61
2026-03-25 07:45:00+01:00,64.40070639487614,4.13
2026-03-25 08:00:00+01:00,98.7110580018355,3.61
2026-03-25 08:15:00+01:00,63.890994168043584,0.02
2026-03-25 08:30:00+01:00,55.490074296992795,0.0
2026-03-25 08:45:00+01:00,51.26051568934586,0.0
2026-03-25 09:00:00+01:00,56.76929960236589,0.0
2026-03-25 09:15:00+01:00,55.679714335757794,-0.01
2026-03-25 09:30:00+01:00,41.233922590654146,-0.04
2026-03-25 09:45:00+01:00,31.186046056021894,-0.07
2026-03-25 10:00:00+01:00,37.48232951791459,-0.01
2026-03-25 10:15:00+01:00,28.35567250865543,-0.02
2026-03-25 10:30:00+01:00,26.891937698354,-0.04
2026-03-25 10:45:00+01:00,32.60342877305666,-0.04
2026-03-25 11:00:00+01:00,18.793656155899555,-0.01
2026-03-25 11:15:00+01:00,25.549575445510058,-0.01
2026-03-25 11:30:00+01:00,37.97698551293086,-0.01
2026-03-25 11:45:00+01:00,25.393985028625906,-0.01
2026-03-25 12:00:00+01:00,30.894042320770943,-0.01
2026-03-25 12:15:00+01:00,21.415545253528904,-0.01
2026-03-25 12:30:00+01:00,16.181970464626858,-0.01
2026-03-25 12:45:00+01:00,15.420309478910298,-0.01
2026-03-25 13:00:00+01:00,17.69316614416097,-0.01
2026-03-25 13:15:00+01:00,17.692741560640286,-0.01
2026-03-25 13:30:00+01:00,21.858206427496626,-0.01
2026-03-25 13:45:00+01:00,24.367765846995383,-0.01
2026-03-25 14:00:00+01:00,30.67019070924433,-0.01
2026-03-25 14:15:00+01:00,36.98542326975463,0.0
2026-03-25 14:30:00+01:00,38.61202665126066,0.0
2026-03-25 14:45:00+01:00,38.80203676647065,0.04
2026-03-25 15:00:00+01:00,32.334150909610955,0.1
2026-03-25 15:15:00+01:00,34.99428814592268,3.18
2026-03-25 15:30:00+01:00,53.76351140631441,5.75
2026-03-25 15:45:00+01:00,77.78643800545669,10.07
2026-03-25 16:00:00+01:00,41.86751919926487,10.07
2026-03-25 16:15:00+01:00,74.59692216919115,20.08
2026-03-25 16:30:00+01:00,100.28227101586043,50.02
2026-03-25 16:45:00+01:00,110.62035531033948,87.44
2026-03-25 17:00:00+01:00,95.00645971094096,71.41
2026-03-25 17:15:00+01:00,116.2737073692308,92.94
2026-03-25 17:30:00+01:00,123.65841574346874,108.41
2026-03-25 17:45:00+01:00,148.07957841007075,122.59
2026-03-25 18:00:00+01:00,128.8301412857864,110.82
2026-03-25 18:15:00+01:00,143.28794780392604,115.81
2026-03-25 18:30:00+01:00,144.72747178746397,142.62
2026-03-25 18:45:00+01:00,159.03149679998012,170.07
2026-03-25 19:00:00+01:00,153.98136507359845,175.34
2026-03-25 19:15:00+01:00,142.21892899397474,167.29
2026-03-25 19:30:00+01:00,132.1072618037345,153.72
2026-03-25 19:45:00+01:00,135.94764608702025,151.35
2026-03-25 20:00:00+01:00,136.04295834405332,152.67
2026-03-25 20:15:00+01:00,120.532281952765,142.92
2026-03-25 20:30:00+01:00,102.82384696649434,127.72
2026-03-25 20:45:00+01:00,94.9522938481967,116.32
2026-03-25 21:00:00+01:00,110.47406818772515,122.58
2026-03-25 21:15:00+01:00,105.82300765850093,120.02
2026-03-25 21:30:00+01:00,87.5576258898422,112.23
2026-03-25 21:45:00+01:00,73.16633790032802,103.01
2026-03-25 22:00:00+01:00,100.91962217823021,112.03
2026-03-25 22:15:00+01:00,91.39188326480426,110.89
2026-03-25 22:30:00+01:00,85.02736452519518,110.17
2026-03-25 22:45:00+01:00,71.73220582567333,99.31
2026-03-25 23:00:00+01:00,74.532753299219,102.92
2026-03-25 23:15:00+01:00,69.20587271783324,88.67
2026-03-25 23:30:00+01:00,54.58046607257757,87.65
2026-03-25 23:45:00+01:00,54.2304567930246,75.97
2026-03-26 00:00:00+01:00,82.6780808852784,106.8
2026-03-26 00:15:00+01:00,85.7464681707806,101.25
2026-03-26 00:30:00+01:00,77.6521348867637,96.99
2026-03-26 00:45:00+01:00,66.12998432369845,93.51
2026-03-26 01:00:00+01:00,75.64160667113171,99.66
2026-03-26 01:15:00+01:00,69.59856474285287,96.53
2026-03-26 01:30:00+01:00,60.85437404322613,92.88
2026-03-26 01:45:00+01:00,57.26236541688423,91.22
2026-03-26 02:00:00+01:00,65.40370227163434,92.75
2026-03-26 02:15:00+01:00,60.531051821455,90.57
2026-03-26 02:30:00+01:00,57.18327277448635,90.96
2026-03-26 02:45:00+01:00,57.068840020342,92.14
2026-03-26 03:00:00+01:00,52.032811312488164,94.14
2026-03-26 03:15:00+01:00,51.21076801653128,91.67
2026-03-26 03:30:00+01:00,50.05908851795586,97.25
2026-03-26 03:45:00+01:00,50.36233086106501,96.42
2026-03-26 04:00:00+01:00,48.17931875417567,95.49
2026-03-26 04:15:00+01:00,48.316243890828524,96.66
2026-03-26 04:30:00+01:00,49.27868361714224,97.76
2026-03-26 04:45:00+01:00,55.61796643682518,100.4
2026-03-26 05:00:00+01:00,55.14827425183666,98.0
2026-03-26 05:15:00+01:00,54.05907684160655,97.47
2026-03-26 05:30:00+01:00,61.60147932366076,110.21
2026-03-26 05:45:00+01:00,66.60467033872686,115.39
2026-03-26 06:00:00+01:00,52.945265238359035,103.93
2026-03-26 06:15:00+01:00,63.89022663393756,122.7
2026-03-26 06:30:00+01:00,73.17031235222832,127.58
2026-03-26 06:45:00+01:00,74.55366756163829,126.91
2026-03-26 07:00:00+01:00,112.01329230409401,145.31
2026-03-26 07:15:00+01:00,94.8844610666209,148.09
2026-03-26 07:30:00+01:00,89.56133261359051,133.93
2026-03-26 07:45:00+01:00,55.935240141230835,122.05
2026-03-26 08:00:00+01:00,104.60774590151176,151.2
2026-03-26 08:15:00+01:00,65.6533953667428,139.45
2026-03-26 08:30:00+01:00,39.997271694872495,116.64
2026-03-26 08:45:00+01:00,32.56626875551015,95.87
2026-03-26 09:00:00+01:00,38.198459619009554,112.05
2026-03-26 09:15:00+01:00,36.82735437085053,89.31
2026-03-26 09:30:00+01:00,21.258672761003567,77.75
2026-03-26 09:45:00+01:00,20.785664157907476,70.55
2026-03-26 10:00:00+01:00,21.362323264570776,79.08
2026-03-26 10:15:00+01:00,13.620662000149835,49.56
2026-03-26 10:30:00+01:00,11.043471966138924,23.78
2026-03-26 10:45:00+01:00,13.455591587538308,14.99
2026-03-26 11:00:00+01:00,0.025622547164005027,20.07
2026-03-26 11:15:00+01:00,5.913827643047384,15.0
2026-03-26 11:30:00+01:00,6.886098533641558,10.06
2026-03-26 11:45:00+01:00,6.120926735829755,9.83
2026-03-26 12:00:00+01:00,6.32938156753103,6.62
2026-03-26 12:15:00+01:00,7.971682438852,4.62
2026-03-26 12:30:00+01:00,7.050096470369525,1.09
2026-03-26 12:45:00+01:00,14.832790659390668,0.15
2026-03-26 13:00:00+01:00,7.44970742332012,1.12
2026-03-26 13:15:00+01:00,14.611307045882995,0.2
2026-03-26 13:30:00+01:00,20.5263022233909,0.14
2026-03-26 13:45:00+01:00,12.726029412013602,1.06
2026-03-26 14:00:00+01:00,21.53889760150487,0.22
2026-03-26 14:15:00+01:00,5.441229557227544,2.51
2026-03-26 14:30:00+01:00,3.1572128571657885,8.79
2026-03-26 14:45:00+01:00,6.1487581784344485,12.09
2026-03-26 15:00:00+01:00,5.4404957370645946,10.0
2026-03-26 15:15:00+01:00,9.114362409885118,20.07
2026-03-26 15:30:00+01:00,33.0938351304828,40.02
2026-03-26 15:45:00+01:00,62.90477745051033,79.65
2026-03-26 16:00:00+01:00,36.233760800447726,38.68
2026-03-26 16:15:00+01:00,62.90707442403283,73.68
2026-03-26 16:30:00+01:00,96.87288005969585,80.07
2026-03-26 16:45:00+01:00,99.51018877753921,110.84
2026-03-26 17:00:00+01:00,91.17510974420857,76.86
2026-03-26 17:15:00+01:00,109.01344862464316,109.09
2026-03-26 17:30:00+01:00,122.53593262464611,128.18
2026-03-26 17:45:00+01:00,131.32071846910057,149.56
2026-03-26 18:00:00+01:00,115.65383053850255,131.44
2026-03-26 18:15:00+01:00,126.40761899821374,147.25
2026-03-26 18:30:00+01:00,133.29319444503687,160.79
2026-03-26 18:45:00+01:00,139.23852001738885,182.19
2026-03-26 19:00:00+01:00,136.88891864173175,164.47
2026-03-26 19:15:00+01:00,135.94095536550293,168.01
2026-03-26 19:30:00+01:00,130.4930657977075,169.7
2026-03-26 19:45:00+01:00,130.43295896710438,166.7
2026-03-26 20:00:00+01:00,126.70917215914842,171.0
2026-03-26 20:15:00+01:00,120.10562083444282,155.66
2026-03-26 20:30:00+01:00,112.73955441118237,147.76
2026-03-26 20:45:00+01:00,112.46844236721746,140.56
2026-03-26 21:00:00+01:00,113.94641823288953,146.93
2026-03-26 21:15:00+01:00,110.86814638922606,132.95
2026-03-26 21:30:00+01:00,111.19849898876562,123.82
2026-03-26 21:45:00+01:00,111.9482136266397,118.32
2026-03-26 22:00:00+01:00,119.59422550232192,131.07
2026-03-26 22:15:00+01:00,117.16902552139263,121.51
2026-03-26 22:30:00+01:00,121.468801610733,124.14
2026-03-26 22:45:00+01:00,117.14028511074248,120.77
2026-03-26 23:00:00+01:00,112.84252391727064,123.77
2026-03-26 23:15:00+01:00,102.67770044851162,114.06
2026-03-26 23:30:00+01:00,95.63703493209624,115.94
2026-03-26 23:45:00+01:00,88.30933972386657,106.33
2026-03-27 00:00:00+01:00,127.75006797020899,124.51
2026-03-27 00:15:00+01:00,121.55514865549554,120.29
2026-03-27 00:30:00+01:00,108.14009329833513,117.14
2026-03-27 00:45:00+01:00,104.23470226593122,115.63
2026-03-27 01:00:00+01:00,112.77965438290933,122.15
2026-03-27 01:15:00+01:00,106.04107261162534,119.4
2026-03-27 01:30:00+01:00,108.76781684026122,119.33
2026-03-27 01:45:00+01:00,107.83385953686002,117.12
2026-03-27 02:00:00+01:00,107.37035488212166,120.92
2026-03-27 02:15:00+01:00,105.77668785436043,118.14
2026-03-27 02:30:00+01:00,108.94214799506317,115.3
2026-03-27 02:45:00+01:00,108.09464218302543,115.01
2026-03-27 03:00:00+01:00,106.43611154920646,116.5
2026-03-27 03:15:00+01:00,104.03097568721608,119.49
2026-03-27 03:30:00+01:00,110.19270337650764,117.0
2026-03-27 03:45:00+01:00,110.56060658112897,118.34
2026-03-27 04:00:00+01:00,111.12042068441605,117.67
2026-03-27 04:15:00+01:00,111.2373855909595,118.73
2026-03-27 04:30:00+01:00,111.98573807159818,120.93
2026-03-27 04:45:00+01:00,116.92078697875424,123.66
2026-03-27 05:00:00+01:00,110.60099197656531,119.8
2026-03-27 05:15:00+01:00,113.80103365534232,129.0
2026-03-27 05:30:00+01:00,129.47955422593236,143.99
2026-03-27 05:45:00+01:00,140.44198039060527,153.06
2026-03-27 06:00:00+01:00,127.9675856449484,152.2
2026-03-27 06:15:00+01:00,142.52970811422708,168.99
2026-03-27 06:30:00+01:00,157.86203635068094,179.1
2026-03-27 06:45:00+01:00,166.4903019735458,190.23
2026-03-27 07:00:00+01:00,180.67866747830573,203.74
2026-03-27 07:15:00+01:00,164.32147228874803,191.36
2026-03-27 07:30:00+01:00,152.06979155857246,170.92
2026-03-27 07:45:00+01:00,132.2509539117586,139.56
2026-03-27 08:00:00+01:00,169.88141743550736,194.19
2026-03-27 08:15:00+01:00,142.7801163153532,151.4
2026-03-27 08:30:00+01:00,130.85293732208422,136.77
2026-03-27 08:45:00+01:00,102.49124680819672,107.87
2026-03-27 09:00:00+01:00,128.79979163523515,136.41
2026-03-27 09:15:00+01:00,113.65074832446815,122.21
2026-03-27 09:30:00+01:00,101.77130117479773,109.38
2026-03-27 09:45:00+01:00,96.64173313078399,88.01
2026-03-27 10:00:00+01:00,109.81325866483407,101.21
2026-03-27 10:15:00+01:00,94.08795933274403,90.13
2026-03-27 10:30:00+01:00,81.43357005167351,86.53
2026-03-27 10:45:00+01:00,65.09384691506075,71.17
2026-03-27 11:00:00+01:00,81.40114743216233,85.31
2026-03-27 11:15:00+01:00,72.60126275250435,77.93
2026-03-27 11:30:00+01:00,57.79225337971718,68.83
2026-03-27 11:45:00+01:00,42.499250330842024,59.17
2026-03-27 12:00:00+01:00,57.91902809696325,70.74
2026-03-27 12:15:00+01:00,37.999716438384255,64.99
2026-03-27 12:30:00+01:00,24.48263920503225,61.01
2026-03-27 12:45:00+01:00,8.980087557053082,56.54
2026-03-27 13:00:00+01:00,27.12923573837385,61.21
2026-03-27 13:15:00+01:00,11.283445763458317,59.19
2026-03-27 13:30:00+01:00,1.2695894047608647,57.9
2026-03-27 13:45:00+01:00,14.067266986431534,60.1
2026-03-27 14:00:00+01:00,15.47062354484288,58.27
2026-03-27 14:15:00+01:00,33.26177801920046,67.62
2026-03-27 14:30:00+01:00,57.54944881034551,82.3
2026-03-27 14:45:00+01:00,70.53971090995951,88.11
2026-03-27 15:00:00+01:00,57.66178088525038,78.83
2026-03-27 15:15:00+01:00,65.09957292577087,91.99
2026-03-27 15:30:00+01:00,68.81064572796154,95.32
2026-03-27 15:45:00+01:00,107.87721829724464,103.15
2026-03-27 16:00:00+01:00,61.817148214874635,90.64
2026-03-27 16:15:00+01:00,89.79410860648912,100.02
2026-03-27 16:30:00+01:00,131.55430481604498,100.98
2026-03-27 16:45:00+01:00,159.37501631964616,120.69
2026-03-27 17:00:00+01:00,117.5881106076192,105.61
2026-03-27 17:15:00+01:00,132.61372409236532,130.77
2026-03-27 17:30:00+01:00,159.26333481117294,146.59
2026-03-27 17:45:00+01:00,182.9562248369984,173.23
2026-03-27 18:00:00+01:00,182.72351412792108,145.81
2026-03-27 18:15:00+01:00,173.37705634156924,159.0
2026-03-27 18:30:00+01:00,222.22384639416367,163.46
2026-03-27 18:45:00+01:00,204.31145843811765,167.46
2026-03-27 19:00:00+01:00,212.04284313287354,192.98
2026-03-27 19:15:00+01:00,189.3809197496417,177.61
2026-03-27 19:30:00+01:00,171.83684358833415,158.25
2026-03-27 19:45:00+01:00,153.46900460859985,144.14
2026-03-27 20:00:00+01:00,172.68693282456573,174.9
2026-03-27 20:15:00+01:00,161.9944582742154,150.14
2026-03-27 20:30:00+01:00,133.30678300721218,127.52
2026-03-27 20:45:00+01:00,137.60230478894323,119.0
2026-03-27 21:00:00+01:00,138.32113954588738,124.13
2026-03-27 21:15:00+01:00,129.20922116412981,122.5
2026-03-27 21:30:00+01:00,123.9905016022802,119.78
2026-03-27 21:45:00+01:00,123.60176004353633,109.57
2026-03-27 22:00:00+01:00,129.82063762079014,123.1
2026-03-27 22:15:00+01:00,125.14039407617845,117.9
2026-03-27 22:30:00+01:00,121.8438218709348,117.59
2026-03-27 22:45:00+01:00,112.65766050095503,108.05
2026-03-27 23:00:00+01:00,120.48585444199753,113.65
2026-03-27 23:15:00+01:00,109.05032413169918,106.89
2026-03-27 23:30:00+01:00,102.35537424017332,105.25
2026-03-27 23:45:00+01:00,87.76909837808586,98.26
2026-03-28 00:00:00+01:00,115.54924049108706,97.61
2026-03-28 00:15:00+01:00,109.21827160590615,99.04
2026-03-28 00:30:00+01:00,105.78633755338241,94.25
2026-03-28 00:45:00+01:00,100.01606641385234,89.64
2026-03-28 01:00:00+01:00,107.12908967441894,96.0
2026-03-28 01:15:00+01:00,101.58416478571336,93.3
2026-03-28 01:30:00+01:00,101.04772543205021,91.64
2026-03-28 01:45:00+01:00,100.72482649289358,89.72
2026-03-28 02:00:00+01:00,101.31426946004608,92.09
2026-03-28 02:15:00+01:00,101.0443685158681,89.74
2026-03-28 02:30:00+01:00,98.94106485163837,88.6
2026-03-28 02:45:00+01:00,97.89407090417825,87.76
2026-03-28 03:00:00+01:00,100.56670569859398,87.56
2026-03-28 03:15:00+01:00,100.57909046657059,87.43
2026-03-28 03:30:00+01:00,94.58696059606105,87.11
2026-03-28 03:45:00+01:00,96.91292563540766,86.95
2026-03-28 04:00:00+01:00,99.01177925308231,87.53
2026-03-28 04:15:00+01:00,98.773606151351,87.94
2026-03-28 04:30:00+01:00,98.45294060549729,88.18
2026-03-28 04:45:00+01:00,97.97666364927377,88.82
2026-03-28 05:00:00+01:00,99.05578524557995,88.53
2026-03-28 05:15:00+01:00,98.0832112256687,89.95
2026-03-28 05:30:00+01:00,105.242584463482,92.85
2026-03-28 05:45:00+01:00,108.74810401503488,95.12
2026-03-28 06:00:00+01:00,113.803049038985,91.02
2026-03-28 06:15:00+01:00,110.33488833653085,90.74
2026-03-28 06:30:00+01:00,102.08726589590277,87.99
2026-03-28 06:45:00+01:00,102.35957434217129,81.93
2026-03-28 07:00:00+01:00,111.26546876286442,89.16
2026-03-28 07:15:00+01:00,120.42051097713103,80.24
2026-03-28 07:30:00+01:00,116.94589108902014,79.12
2026-03-28 07:45:00+01:00,97.78562689050865,68.22
2026-03-28 08:00:00+01:00,122.48938283701426,80.69
2026-03-28 08:15:00+01:00,108.5330895059073,75.52
2026-03-28 08:30:00+01:00,96.93931209742976,67.46
2026-03-28 08:45:00+01:00,91.24342173907671,49.53
2026-03-28 09:00:00+01:00,98.8630229468485,76.16
2026-03-28 09:15:00+01:00,92.99261867455448,49.19
2026-03-28 09:30:00+01:00,103.85826854328295,40.89
2026-03-28 09:45:00+01:00,84.6031350015976,13.39
2026-03-28 10:00:00+01:00,92.85108455812525,36.94
2026-03-28 10:15:00+01:00,84.47047133560193,16.79
2026-03-28 10:30:00+01:00,88.94357576302423,9.9
2026-03-28 10:45:00+01:00,74.33509679826234,6.7
2026-03-28 11:00:00+01:00,85.3927831853798,9.05
2026-03-28 11:15:00+01:00,82.95069273899524,8.04
2026-03-28 11:30:00+01:00,69.96349528805763,7.13
2026-03-28 11:45:00+01:00,63.29207935730825,6.35
2026-03-28 12:00:00+01:00,79.1509421112894,7.0
2026-03-28 12:15:00+01:00,64.48007185480888,4.92
2026-03-28 12:30:00+01:00,67.47884003052422,6.43
2026-03-28 12:45:00+01:00,66.48796752431329,8.43
2026-03-28 13:00:00+01:00,65.5424045558952,6.4
2026-03-28 13:15:00+01:00,68.09202437137168,6.7
2026-03-28 13:30:00+01:00,67.10413436788455,8.52
2026-03-28 13:45:00+01:00,62.659527543365456,9.77
2026-03-28 14:00:00+01:00,57.233472469562926,7.97
2026-03-28 14:15:00+01:00,63.63486394362777,10.0
2026-03-28 14:30:00+01:00,77.30890514264955,25.04
2026-03-28 14:45:00+01:00,85.49645747598935,38.89
2026-03-28 15:00:00+01:00,68.08413324825344,24.04
2026-03-28 15:15:00+01:00,84.68770438381293,45.0
2026-03-28 15:30:00+01:00,81.44644691128948,63.58
2026-03-28 15:45:00+01:00,104.44228687227229,84.35
2026-03-28 16:00:00+01:00,74.81474263075873,60.35
2026-03-28 16:15:00+01:00,97.16035203399527,74.12
2026-03-28 16:30:00+01:00,118.03640287833888,88.4
2026-03-28 16:45:00+01:00,138.53479065098387,101.34
2026-03-28 17:00:00+01:00,114.9812783287721,89.44
2026-03-28 17:15:00+01:00,131.67977008684898,99.89
2026-03-28 17:30:00+01:00,151.5475164079313,122.31
2026-03-28 17:45:00+01:00,153.10576814569632,129.72
2026-03-28 18:00:00+01:00,143.77091433091627,124.42
2026-03-28 18:15:00+01:00,151.85413593043054,134.6
2026-03-28 18:30:00+01:00,161.28621886734777,141.35
2026-03-28 18:45:00+01:00,183.2945427504622,155.33
2026-03-28 19:00:00+01:00,172.00961600703434,158.0
2026-03-28 19:15:00+01:00,179.60057576546276,156.34
2026-03-28 19:30:00+01:00,164.49573112018317,154.96
2026-03-28 19:45:00+01:00,159.66206732173856,146.98
2026-03-28 20:00:00+01:00,168.41715495050312,161.79
2026-03-28 20:15:00+01:00,158.11863853132022,148.9
2026-03-28 20:30:00+01:00,144.62547153089372,137.35
2026-03-28 20:45:00+01:00,139.91308040353113,127.77
2026-03-28 21:00:00+01:00,139.1513548523741,141.14
2026-03-28 21:15:00+01:00,139.09140965501902,132.19
2026-03-28 21:30:00+01:00,136.2029154415482,128.26
2026-03-28 21:45:00+01:00,121.35595708349487,124.79
2026-03-28 22:00:00+01:00,130.21763411558962,127.51
2026-03-28 22:15:00+01:00,132.69893715249844,126.87
2026-03-28 22:30:00+01:00,124.28602275007422,126.01
2026-03-28 22:45:00+01:00,122.43805401121497,120.93
2026-03-28 23:00:00+01:00,123.08017408760796,130.0
2026-03-28 23:15:00+01:00,110.8809284140822,118.05
2026-03-28 23:30:00+01:00,110.23195996254307,120.92
2026-03-28 23:45:00+01:00,104.99584675983249,109.35
2026-03-29 00:00:00+01:00,119.76137819458346,125.88
2026-03-29 00:15:00+01:00,109.88504150535309,120.23
2026-03-29 00:30:00+01:00,104.40503877735938,108.28
2026-03-29 00:45:00+01:00,100.66213946444994,103.85
2026-03-29 01:00:00+01:00,108.77338658416667,112.05
2026-03-29 01:15:00+01:00,103.93927093452265,107.51
2026-03-29 01:30:00+01:00,101.83066724446208,107.01
2026-03-29 01:45:00+01:00,100.66480396132731,104.22
2026-03-29 03:00:00+02:00,103.49760625784955,104.1356
2026-03-29 03:15:00+02:00,103.52159116330385,104.0512
2026-03-29 03:30:00+02:00,104.0620392197724,103.9668
2026-03-29 03:45:00+02:00,100.91001507549336,103.8824
2026-03-29 04:00:00+02:00,102.40580023405266,103.798
2026-03-29 04:15:00+02:00,102.93719127912891,103.376
2026-03-29 04:30:00+02:00,100.64932929853495,102.954
2026-03-29 04:45:00+02:00,99.75240768297344,102.532
2026-03-29 05:00:00+02:00,101.14164605156942,102.11
2026-03-29 05:15:00+02:00,100.23916400788691,100.26
2026-03-29 05:30:00+02:00,102.50550245011658,101.18
2026-03-29 05:45:00+02:00,101.06377960039083,101.11
2026-03-29 06:00:00+02:00,100.94928895705196,109.41
2026-03-29 06:15:00+02:00,99.18210501267286,103.35
2026-03-29 06:30:00+02:00,110.07093822583775,104.32
2026-03-29 06:45:00+02:00,111.14250361670193,103.82
2026-03-29 07:00:00+02:00,117.60920006097984,103.57
2026-03-29 07:15:00+02:00,115.3310347245307,103.68
2026-03-29 07:30:00+02:00,121.05105282801458,105.24
2026-03-29 07:45:00+02:00,118.64482867025396,105.93
2026-03-29 08:00:00+02:00,130.743509930941,102.33
2026-03-29 08:15:00+02:00,131.82988405737458,105.3
2026-03-29 08:30:00+02:00,123.63559966530548,113.59
2026-03-29 08:45:00+02:00,111.40458245017408,117.8
2026-03-29 09:00:00+02:00,135.26581930781035,119.67
2026-03-29 09:15:00+02:00,113.82705143733232,115.24
2026-03-29 09:30:00+02:00,107.14737898324368,113.0
2026-03-29 09:45:00+02:00,83.04476135294814,112.21
2026-03-29 10:00:00+02:00,108.98407986646959,122.47
2026-03-29 10:15:00+02:00,99.05436843336392,125.0
2026-03-29 10:30:00+02:00,82.74564692392876,108.99
2026-03-29 10:45:00+02:00,63.69893514600751,102.91
2026-03-29 11:00:00+02:00,83.18632847250203,112.24
2026-03-29 11:15:00+02:00,62.50298112985611,94.82
2026-03-29 11:30:00+02:00,54.534190374167665,89.06
2026-03-29 11:45:00+02:00,32.835526293059715,81.47
2026-03-29 12:00:00+02:00,37.11786611558439,97.96
2026-03-29 12:15:00+02:00,35.90856735957103,83.91
2026-03-29 12:30:00+02:00,36.11749297923487,70.55
2026-03-29 12:45:00+02:00,34.99143905041005,46.81
2026-03-29 13:00:00+02:00,34.9910472033657,70.6
2026-03-29 13:15:00+02:00,27.801978812583016,55.29
2026-03-29 13:30:00+02:00,24.198893229165364,42.91
2026-03-29 13:45:00+02:00,16.56092388173498,9.99
2026-03-29 14:00:00+02:00,29.91611654184578,26.23
2026-03-29 14:15:00+02:00,19.162838945460337,7.78
2026-03-29 14:30:00+02:00,12.534603517465797,4.69
2026-03-29 14:45:00+02:00,5.306874234100036,0.22
2026-03-29 15:00:00+02:00,16.305920613148515,1.09
2026-03-29 15:15:00+02:00,8.835267904110026,0.0
2026-03-29 15:30:00+02:00,9.554306714290504,-0.06
2026-03-29 15:45:00+02:00,26.027472410991805,-1.05
2026-03-29 16:00:00+02:00,14.174858410029515,-1.01
2026-03-29 16:15:00+02:00,36.37485257645481,-1.21
2026-03-29 16:30:00+02:00,47.742197597716874,-2.11
2026-03-29 16:45:00+02:00,73.90469046525556,-2.81
2026-03-29 17:00:00+02:00,34.18031104108596,-2.02
2026-03-29 17:15:00+02:00,73.28516947297749,-2.4
2026-03-29 17:30:00+02:00,93.6499251684718,-2.07
2026-03-29 17:45:00+02:00,113.14601518984061,-1.91
2026-03-29 18:00:00+02:00,90.60167094110588,-0.08
2026-03-29 18:15:00+02:00,114.3898407139445,0.0
2026-03-29 18:30:00+02:00,111.02564888054118,0.0
2026-03-29 18:45:00+02:00,142.49375683552702,3.57
2026-03-29 19:00:00+02:00,125.32574201043845,2.5
2026-03-29 19:15:00+02:00,122.5540208694971,14.41
2026-03-29 19:30:00+02:00,136.38107497299063,34.25
2026-03-29 19:45:00+02:00,134.01130734110913,82.08
2026-03-29 20:00:00+02:00,144.32207535005972,58.05
2026-03-29 20:15:00+02:00,132.45296713725136,80.91
2026-03-29 20:30:00+02:00,125.1050032654952,97.98
2026-03-29 20:45:00+02:00,117.65559796100749,120.1
2026-03-29 21:00:00+02:00,129.98075475673718,99.24
2026-03-29 21:15:00+02:00,128.03743756971855,108.84
2026-03-29 21:30:00+02:00,116.50144799455855,108.62
2026-03-29 21:45:00+02:00,105.57252828437876,106.01
2026-03-29 22:00:00+02:00,118.47124383324307,119.71
2026-03-29 22:15:00+02:00,109.22990113608269,107.91
2026-03-29 22:30:00+02:00,104.40944245637824,81.18
2026-03-29 22:45:00+02:00,89.99287924179326,71.92
2026-03-29 23:00:00+02:00,111.75274420274404,96.33
2026-03-29 23:15:00+02:00,100.90511112365836,85.31
2026-03-29 23:30:00+02:00,95.26274228151772,63.92
2026-03-29 23:45:00+02:00,88.60055608309553,53.69
2026-03-30 00:00:00+02:00,91.78387819159879,96.59
2026-03-30 00:00:00+02:00,81.05080100722326,17.76
2026-03-30 00:15:00+02:00,81.57656400583954,77.99
2026-03-30 00:15:00+02:00,71.0012520048532,9.43
2026-03-30 00:30:00+02:00,76.60950788409535,62.23
2026-03-30 00:30:00+02:00,64.22072940325893,5.17
2026-03-30 00:45:00+02:00,61.629844793944756,30.59
2026-03-30 00:45:00+02:00,67.94697012952444,4.43
2026-03-30 01:00:00+02:00,67.38352807241866,4.25
2026-03-30 01:15:00+02:00,59.67440535378838,3.14
2026-03-30 01:30:00+02:00,58.90095698157839,1.59
2026-03-30 01:45:00+02:00,49.454746552409574,0.22
2026-03-30 02:00:00+02:00,63.15631984110004,5.48
2026-03-30 02:15:00+02:00,57.5256927921562,4.5
2026-03-30 02:30:00+02:00,56.71362580232923,4.97
2026-03-30 02:45:00+02:00,57.370261055483454,5.13
2026-03-30 03:00:00+02:00,61.77426496971332,3.08
2026-03-30 03:15:00+02:00,61.15329291014226,3.8
2026-03-30 03:30:00+02:00,57.57928235321677,3.91
2026-03-30 03:45:00+02:00,63.15224992987724,4.51
2026-03-30 04:00:00+02:00,48.63322140187688,2.19
2026-03-30 04:15:00+02:00,51.03095717865365,3.54
2026-03-30 04:30:00+02:00,55.10468028153969,4.08
2026-03-30 04:45:00+02:00,58.163041099931576,7.62
2026-03-30 05:00:00+02:00,60.28231354688662,3.54
2026-03-30 05:15:00+02:00,59.91380460499222,7.62
2026-03-30 05:30:00+02:00,81.62045026698132,17.23
2026-03-30 05:45:00+02:00,76.06833091178967,45.3
2026-03-30 06:00:00+02:00,59.46915902105454,26.05
2026-03-30 06:15:00+02:00,78.37590429672477,63.5
2026-03-30 06:30:00+02:00,88.6981820050032,87.96
2026-03-30 06:45:00+02:00,95.2099893956898,89.97
2026-03-30 07:00:00+02:00,107.95640973274215,73.12
2026-03-30 07:15:00+02:00,109.82434417859564,89.48
2026-03-30 07:30:00+02:00,102.47977213200818,100.52
2026-03-30 07:45:00+02:00,92.80294269834623,98.13
2026-03-30 08:00:00+02:00,122.79021812723153,116.73
2026-03-30 08:15:00+02:00,97.53107994640428,108.26
2026-03-30 08:30:00+02:00,84.09699794871091,108.39
2026-03-30 08:45:00+02:00,79.7193269767987,103.51
2026-03-30 09:00:00+02:00,78.99587496738917,111.85
2026-03-30 09:15:00+02:00,84.0585686354816,102.16
2026-03-30 09:30:00+02:00,68.3937494157334,96.34
2026-03-30 09:45:00+02:00,54.205323793523185,77.0
2026-03-30 10:00:00+02:00,70.30888487862504,85.99
2026-03-30 10:15:00+02:00,69.08636954369813,71.54
2026-03-30 10:30:00+02:00,55.6053649556074,82.24
2026-03-30 10:45:00+02:00,22.112253447043273,55.62
2026-03-30 11:00:00+02:00,50.033835679404696,71.28
2026-03-30 11:15:00+02:00,24.67908830544468,50.3
2026-03-30 11:30:00+02:00,19.72040374863991,39.17
2026-03-30 11:45:00+02:00,21.21947749105587,23.24
2026-03-30 12:00:00+02:00,16.625652006859,39.41
2026-03-30 12:15:00+02:00,14.343106031077298,25.03
2026-03-30 12:30:00+02:00,17.807468911540084,19.91
2026-03-30 12:45:00+02:00,11.259905005474579,10.0
2026-03-30 13:00:00+02:00,21.67810686021602,17.55
2026-03-30 13:15:00+02:00,18.751823079833315,15.55
2026-03-30 13:30:00+02:00,6.65379305272171,9.91
2026-03-30 13:45:00+02:00,6.218836264400693,2.59
2026-03-30 14:00:00+02:00,16.276421316480935,9.4
2026-03-30 14:15:00+02:00,31.835532421220094,8.67
2026-03-30 14:30:00+02:00,32.622824789958294,7.59
2026-03-30 14:45:00+02:00,41.34547421351129,4.51
2026-03-30 15:00:00+02:00,34.70379751638676,9.38
2026-03-30 15:15:00+02:00,28.34582701313016,10.73
2026-03-30 15:30:00+02:00,47.12663394372113,11.66
2026-03-30 15:45:00+02:00,78.91753372722896,19.98
2026-03-30 16:00:00+02:00,37.82168932632496,9.98
2026-03-30 16:15:00+02:00,65.62523107347066,23.34
2026-03-30 16:30:00+02:00,83.05226734274191,44.26
2026-03-30 16:45:00+02:00,110.41078119909633,63.0
2026-03-30 17:00:00+02:00,85.71448588180081,45.46
2026-03-30 17:15:00+02:00,107.00689035080623,65.46
2026-03-30 17:30:00+02:00,119.13811538411954,86.79
2026-03-30 17:45:00+02:00,155.29342126524645,112.09
2026-03-30 18:00:00+02:00,125.49759735923531,85.0
2026-03-30 18:15:00+02:00,151.21796593833213,105.03
2026-03-30 18:30:00+02:00,155.66588518406192,109.38
2026-03-30 18:45:00+02:00,148.80143250833277,119.9
2026-03-30 19:00:00+02:00,165.8236786006454,114.06
2026-03-30 19:15:00+02:00,147.71408446291375,117.28
2026-03-30 19:30:00+02:00,134.8455214252227,122.27
2026-03-30 19:45:00+02:00,121.94498663198664,133.0
2026-03-30 20:00:00+02:00,138.4644950359675,124.79
2026-03-30 20:15:00+02:00,134.5888278919186,124.4
2026-03-30 20:30:00+02:00,118.73773735377574,127.35
2026-03-30 20:45:00+02:00,108.55371461539828,125.89
2026-03-30 21:00:00+02:00,127.14407504712942,135.99
2026-03-30 21:15:00+02:00,116.47387834366192,124.82
2026-03-30 21:30:00+02:00,106.44502630851468,127.98
2026-03-30 21:45:00+02:00,96.99690506357334,115.87
2026-03-30 22:00:00+02:00,109.71803383542643,129.52
2026-03-30 22:15:00+02:00,108.75309699423846,119.43
2026-03-30 22:30:00+02:00,104.23873973757235,120.1
2026-03-30 22:45:00+02:00,91.25815985957483,115.65
2026-03-30 23:00:00+02:00,99.02584073277784,115.23
2026-03-30 23:15:00+02:00,89.8384805460377,110.15
2026-03-30 23:30:00+02:00,85.37894080656176,107.6
2026-03-30 23:45:00+02:00,80.24710081563934,102.54
2026-03-31 00:00:00+02:00,104.07884210564092,123.0
2026-03-31 00:15:00+02:00,103.78258630411598,108.88
2026-03-31 00:30:00+02:00,98.0049961422735,104.6
2026-03-31 00:45:00+02:00,95.15537232580418,100.5
2026-03-31 01:00:00+02:00,102.4332516125455,102.56
2026-03-31 01:15:00+02:00,96.29667884780903,103.07
2026-03-31 01:30:00+02:00,96.54788894882348,103.08
2026-03-31 01:45:00+02:00,96.20137096748678,102.01
2026-03-31 02:00:00+02:00,97.49705598489363,102.65
2026-03-31 02:15:00+02:00,96.11660034119407,101.39
2026-03-31 02:30:00+02:00,93.0765751134336,100.89
2026-03-31 02:45:00+02:00,92.88075620268208,100.11
2026-03-31 03:00:00+02:00,93.96995534759951,100.64
2026-03-31 03:15:00+02:00,92.8159022999702,100.13
2026-03-31 03:30:00+02:00,95.51119899092852,100.99
2026-03-31 03:45:00+02:00,95.38006739057236,100.38
2026-03-31 04:00:00+02:00,94.74571817081862,100.55
2026-03-31 04:15:00+02:00,94.4432653222387,101.79
2026-03-31 04:30:00+02:00,95.91168938267222,101.27
2026-03-31 04:45:00+02:00,99.54116264962363,103.11
2026-03-31 05:00:00+02:00,97.00896340125276,94.84
2026-03-31 05:15:00+02:00,96.96319823731626,99.42
2026-03-31 05:30:00+02:00,103.94865638283238,112.97
2026-03-31 05:45:00+02:00,103.80717780380009,124.94
2026-03-31 06:00:00+02:00,100.83141080508564,113.77
2026-03-31 06:15:00+02:00,100.86219626128323,127.5
2026-03-31 06:30:00+02:00,103.4436105447473,151.11
2026-03-31 06:45:00+02:00,111.2909402393029,156.41
2026-03-31 07:00:00+02:00,104.53686761127078,152.47
2026-03-31 07:15:00+02:00,108.38797784832886,153.0
2026-03-31 07:30:00+02:00,95.69598007463968,154.44
2026-03-31 07:45:00+02:00,100.1257139090703,148.59
2026-03-31 08:00:00+02:00,104.65163568813762,203.4
2026-03-31 08:15:00+02:00,101.55760164098662,180.22
2026-03-31 08:30:00+02:00,97.1025926036047,145.56
2026-03-31 08:45:00+02:00,101.22127321817621,125.98
2026-03-31 09:00:00+02:00,102.8025586175472,163.15
2026-03-31 09:15:00+02:00,108.2427834372327,134.76
2026-03-31 09:30:00+02:00,92.11870316562478,125.31
2026-03-31 09:45:00+02:00,75.92084207775979,119.0
2026-03-31 10:00:00+02:00,94.21740629216352,117.09
2026-03-31 10:15:00+02:00,73.98630335436854,108.85
2026-03-31 10:30:00+02:00,76.08322165194929,98.11
2026-03-31 10:45:00+02:00,55.998538844475675,92.97
2026-03-31 11:00:00+02:00,79.19904261059999,99.03
2026-03-31 11:15:00+02:00,63.99096212207715,93.08
2026-03-31 11:30:00+02:00,49.27857697252358,84.13
2026-03-31 11:45:00+02:00,28.706837399458614,73.16
2026-03-31 12:00:00+02:00,43.590908212954666,88.78
2026-03-31 12:15:00+02:00,35.29483483420397,82.34
2026-03-31 12:30:00+02:00,22.683559156254695,78.18
2026-03-31 12:45:00+02:00,2.0676699418830964,65.38
2026-03-31 13:00:00+02:00,14.906470897913337,73.54
2026-03-31 13:15:00+02:00,2.189866364554703,60.9
2026-03-31 13:30:00+02:00,-5.319358636442047,46.39
2026-03-31 13:45:00+02:00,-3.3957069896119236,40.07
2026-03-31 14:00:00+02:00,-2.0702413509761044,51.2
2026-03-31 14:15:00+02:00,2.293470111128954,51.34
2026-03-31 14:30:00+02:00,25.158719264771364,54.02
2026-03-31 14:45:00+02:00,37.03633410425506,57.39
2026-03-31 15:00:00+02:00,21.79273494306446,54.0
2026-03-31 15:15:00+02:00,46.9452615184679,62.4
2026-03-31 15:30:00+02:00,63.58558796202694,62.76
2026-03-31 15:45:00+02:00,83.54042143757431,73.05
2026-03-31 16:00:00+02:00,43.46010946778322,64.03
2026-03-31 16:15:00+02:00,68.60748411367695,80.4
2026-03-31 16:30:00+02:00,93.77169312005195,89.27
2026-03-31 16:45:00+02:00,97.33684211628702,95.17
2026-03-31 17:00:00+02:00,79.59892244086026,96.06
2026-03-31 17:15:00+02:00,98.94141870679857,101.22
2026-03-31 17:30:00+02:00,119.70905899461172,105.81
2026-03-31 17:45:00+02:00,120.65490912111305,140.78
2026-03-31 18:00:00+02:00,118.2155319342394,108.58
2026-03-31 18:15:00+02:00,126.36727839043189,141.83
2026-03-31 18:30:00+02:00,129.00508815208266,158.72
2026-03-31 18:45:00+02:00,145.84418007758524,194.87
2026-03-31 19:00:00+02:00,116.77597349411542,153.48
2026-03-31 19:15:00+02:00,131.0730487475702,176.56
2026-03-31 19:30:00+02:00,125.6556797279773,181.96
2026-03-31 19:45:00+02:00,132.407759289469,188.01
2026-03-31 20:00:00+02:00,133.05638291935784,189.75
2026-03-31 20:15:00+02:00,131.48960143411915,180.74
2026-03-31 20:30:00+02:00,130.10238592343572,173.54
2026-03-31 20:45:00+02:00,123.9983668679042,159.99
2026-03-31 21:00:00+02:00,131.2306363416695,201.16
2026-03-31 21:15:00+02:00,123.1110438463426,171.46
2026-03-31 21:30:00+02:00,121.86965415791826,162.62
2026-03-31 21:45:00+02:00,118.16550561300456,151.66
2026-03-31 22:00:00+02:00,127.80255417362564,169.14
2026-03-31 22:15:00+02:00,120.51801264092532,161.3
2026-03-31 22:30:00+02:00,121.29512822547055,152.95
2026-03-31 22:45:00+02:00,117.81605626475739,149.93
2026-03-31 23:00:00+02:00,117.66354828042931,152.98
2026-03-31 23:15:00+02:00,109.98769509175187,149.56
2026-03-31 23:30:00+02:00,112.53066474192124,149.96
2026-03-31 23:45:00+02:00,114.49878154618813,141.4
2026-04-01 00:00:00+02:00,139.89917939842624,159.02
2026-04-01 00:15:00+02:00,138.46010009431217,146.7
2026-04-01 00:30:00+02:00,131.4154153223167,142.99
2026-04-01 00:45:00+02:00,122.40948123795634,133.33
2026-04-01 01:00:00+02:00,135.43613952411292,137.31
2026-04-01 01:15:00+02:00,131.11103799051014,129.2
2026-04-01 01:30:00+02:00,128.18115885907298,129.2
2026-04-01 01:45:00+02:00,124.97427136911585,122.24
2026-04-01 02:00:00+02:00,131.59955103316614,125.68
2026-04-01 02:15:00+02:00,127.9156870656384,124.18
2026-04-01 02:30:00+02:00,122.97991157306264,125.49
2026-04-01 02:45:00+02:00,120.60033339051597,126.03
2026-04-01 03:00:00+02:00,122.43804878511537,123.68
2026-04-01 03:15:00+02:00,122.75056896109717,128.0
2026-04-01 03:30:00+02:00,125.28466341828367,132.12
2026-04-01 03:45:00+02:00,121.4543881821147,133.91
2026-04-01 04:00:00+02:00,122.49519706200682,128.28
2026-04-01 04:15:00+02:00,124.07066604753987,131.62
2026-04-01 04:30:00+02:00,126.166077700358,138.8
2026-04-01 04:45:00+02:00,131.39240550924418,145.4
2026-04-01 05:00:00+02:00,123.38727568763761,134.67
2026-04-01 05:15:00+02:00,125.343078828999,143.47
2026-04-01 05:30:00+02:00,138.40062164146244,150.06
2026-04-01 05:45:00+02:00,144.95278245727644,168.26
2026-04-01 06:00:00+02:00,138.817188107344,155.67
2026-04-01 06:15:00+02:00,142.480391053932,177.23
2026-04-01 06:30:00+02:00,155.5873692585131,190.54
2026-04-01 06:45:00+02:00,177.09238838395785,199.9
2026-04-01 07:00:00+02:00,185.19319427921607,235.93
2026-04-01 07:15:00+02:00,195.98051695072215,239.03
2026-04-01 07:30:00+02:00,185.16787427407945,221.02
2026-04-01 07:45:00+02:00,158.61407599622927,211.81
2026-04-01 08:00:00+02:00,230.0157623405493,239.12
2026-04-01 08:15:00+02:00,173.58103849048675,214.59
2026-04-01 08:30:00+02:00,143.27874114116085,184.15
2026-04-01 08:45:00+02:00,115.24826951051845,162.05
2026-04-01 09:00:00+02:00,161.60382517239697,209.0
2026-04-01 09:15:00+02:00,126.04603866499347,185.81
2026-04-01 09:30:00+02:00,112.70245420879114,161.39
2026-04-01 09:45:00+02:00,96.20028225629395,129.86
2026-04-01 10:00:00+02:00,115.16474641707251,163.37
2026-04-01 10:15:00+02:00,98.89517609190413,141.74
2026-04-01 10:30:00+02:00,88.2800581373858,130.51
2026-04-01 10:45:00+02:00,79.53238435422638,123.58
2026-04-01 11:00:00+02:00,89.85351597683345,138.63
2026-04-01 11:15:00+02:00,76.36935848224687,130.77
2026-04-01 11:30:00+02:00,72.08703116213908,122.32
2026-04-01 11:45:00+02:00,60.307430610079905,120.59
2026-04-01 12:00:00+02:00,73.03353840684406,130.49
2026-04-01 12:15:00+02:00,61.456314745938414,112.75
2026-04-01 12:30:00+02:00,56.84371448128712,111.84
2026-04-01 12:45:00+02:00,51.38319415643724,105.13
2026-04-01 13:00:00+02:00,55.96300609743895,106.35
2026-04-01 13:15:00+02:00,44.328649180198646,98.56
2026-04-01 13:30:00+02:00,42.66189330837477,90.03
2026-04-01 13:45:00+02:00,43.420220752913146,80.4
2026-04-01 14:00:00+02:00,50.123271671382355,89.01
2026-04-01 14:15:00+02:00,52.69622054985521,85.33
2026-04-01 14:30:00+02:00,66.78790983853729,85.33
2026-04-01 14:45:00+02:00,70.90581065165986,85.66
2026-04-01 15:00:00+02:00,64.66716753706018,84.51
2026-04-01 15:15:00+02:00,87.52164953601698,88.43
2026-04-01 15:30:00+02:00,93.65510991318598,96.78
2026-04-01 15:45:00+02:00,104.52063775525978,105.63
2026-04-01 16:00:00+02:00,90.579851706396,84.94
2026-04-01 16:15:00+02:00,99.04837322883759,98.23
2026-04-01 16:30:00+02:00,107.75279300398661,108.99
2026-04-01 16:45:00+02:00,134.02450182539977,129.9
2026-04-01 17:00:00+02:00,97.85124768429093,119.93
2026-04-01 17:15:00+02:00,124.38765867681238,119.91
2026-04-01 17:30:00+02:00,157.1947841526042,128.56
2026-04-01 17:45:00+02:00,192.86303636345292,152.08
2026-04-01 18:00:00+02:00,167.9448438968272,111.1
2026-04-01 18:15:00+02:00,165.64179929410423,142.01
2026-04-01 18:30:00+02:00,204.27269573695983,157.8
2026-04-01 18:45:00+02:00,205.35074676801491,197.47
2026-04-01 19:00:00+02:00,224.9593704722829,162.56
2026-04-01 19:15:00+02:00,187.2786326400026,185.75
2026-04-01 19:30:00+02:00,168.64025629349305,200.38
2026-04-01 19:45:00+02:00,174.887998729324,205.97
2026-04-01 20:00:00+02:00,180.54428041697076,197.83
2026-04-01 20:15:00+02:00,170.12876783953402,190.73
2026-04-01 20:30:00+02:00,160.96838119620213,180.0
2026-04-01 20:45:00+02:00,150.72856457990935,156.21
2026-04-01 21:00:00+02:00,172.9121873029162,178.68
2026-04-01 21:15:00+02:00,164.4736738098181,168.58
2026-04-01 21:30:00+02:00,148.50948951241756,163.93
2026-04-01 21:45:00+02:00,138.34564967010647,152.1
2026-04-01 22:00:00+02:00,157.10346602077468,167.64
2026-04-01 22:15:00+02:00,148.8381439772322,153.87
2026-04-01 22:30:00+02:00,142.81634845148713,151.35
2026-04-01 22:45:00+02:00,134.14919010498215,138.43
2026-04-01 23:00:00+02:00,140.08189299269176,147.52
2026-04-01 23:15:00+02:00,134.3596708573677,137.85
2026-04-01 23:30:00+02:00,129.92979489325185,130.58
2026-04-01 23:45:00+02:00,121.26454878679345,119.18
2026-04-02 00:00:00+02:00,124.36430417032938,139.4
2026-04-02 00:15:00+02:00,118.19572490737355,128.44
2026-04-02 00:30:00+02:00,123.13263567546326,121.55
2026-04-02 00:45:00+02:00,118.5843148418825,119.3
2026-04-02 01:00:00+02:00,118.28386536008912,125.43
2026-04-02 01:15:00+02:00,116.05312547497893,119.36
2026-04-02 01:30:00+02:00,109.75059714807193,116.61
2026-04-02 01:45:00+02:00,109.55392697446077,114.58
2026-04-02 02:00:00+02:00,109.63253392665656,116.9
2026-04-02 02:15:00+02:00,107.01752913415207,114.44
2026-04-02 02:30:00+02:00,107.9943320205914,113.75
2026-04-02 02:45:00+02:00,108.93608742173211,111.43
2026-04-02 03:00:00+02:00,108.51025482781355,110.23
2026-04-02 03:15:00+02:00,108.37638133139265,107.65
2026-04-02 03:30:00+02:00,107.20231960087253,108.86
2026-04-02 03:45:00+02:00,108.18517201056098,110.0
2026-04-02 04:00:00+02:00,108.43889347079883,105.42
2026-04-02 04:15:00+02:00,109.50150203091296,104.97
2026-04-02 04:30:00+02:00,109.56858706980799,108.92
2026-04-02 04:45:00+02:00,109.04241264916928,110.33
2026-04-02 05:00:00+02:00,113.38393670342302,108.29
2026-04-02 05:15:00+02:00,112.75873196307242,113.17
2026-04-02 05:30:00+02:00,118.59027732422709,119.3
2026-04-02 05:45:00+02:00,133.41418301260012,136.41
2026-04-02 06:00:00+02:00,118.97925608940788,131.0
2026-04-02 06:15:00+02:00,147.66745409803445,150.04
2026-04-02 06:30:00+02:00,154.50530354891833,161.61
2026-04-02 06:45:00+02:00,176.9679253139185,165.56
2026-04-02 07:00:00+02:00,147.42932892433328,163.62
2026-04-02 07:15:00+02:00,157.38001535175954,166.68
2026-04-02 07:30:00+02:00,152.57645838236678,161.52
2026-04-02 07:45:00+02:00,147.53133039382828,148.21
2026-04-02 08:00:00+02:00,187.24596272737148,196.93
2026-04-02 08:15:00+02:00,156.96263111140843,173.46
2026-04-02 08:30:00+02:00,143.52663523251562,154.05
2026-04-02 08:45:00+02:00,120.95539331431685,106.19
2026-04-02 09:00:00+02:00,159.26693004462098,127.01
2026-04-02 09:15:00+02:00,124.21884104497619,117.01
2026-04-02 09:30:00+02:00,121.06063076888871,113.42
2026-04-02 09:45:00+02:00,97.20666113458043,99.67
2026-04-02 10:00:00+02:00,121.57715291372307,107.91
2026-04-02 10:15:00+02:00,99.83556000014343,98.89
2026-04-02 10:30:00+02:00,84.29838852137163,91.94
2026-04-02 10:45:00+02:00,75.30104765711884,63.91
2026-04-02 11:00:00+02:00,79.07294566396223,88.43
2026-04-02 11:15:00+02:00,70.07856112614765,78.75
2026-04-02 11:30:00+02:00,55.90286868700338,71.95
2026-04-02 11:45:00+02:00,59.32832970975521,57.87
2026-04-02 12:00:00+02:00,60.01925050183826,75.01
2026-04-02 12:15:00+02:00,67.51286832893129,62.42
2026-04-02 12:30:00+02:00,68.56922717506933,55.54
2026-04-02 12:45:00+02:00,57.68373443842832,46.01
2026-04-02 13:00:00+02:00,63.63129124205607,49.81
2026-04-02 13:15:00+02:00,50.16977578110615,43.2
2026-04-02 13:30:00+02:00,49.99085363248955,42.1
2026-04-02 13:45:00+02:00,48.748561251946064,34.71
2026-04-02 14:00:00+02:00,56.23415838969742,42.62
2026-04-02 14:15:00+02:00,62.15872683996007,49.97
2026-04-02 14:30:00+02:00,63.18469002102475,54.75
2026-04-02 14:45:00+02:00,67.99784891812735,64.1
2026-04-02 15:00:00+02:00,76.31430297513953,52.55
2026-04-02 15:15:00+02:00,79.1024486281674,72.99
2026-04-02 15:30:00+02:00,91.74894356416338,79.3
2026-04-02 15:45:00+02:00,98.906696180131,90.24
2026-04-02 16:00:00+02:00,81.38704781886779,80.01
2026-04-02 16:15:00+02:00,98.10077642802395,93.18
2026-04-02 16:30:00+02:00,110.24013801366372,96.82
2026-04-02 16:45:00+02:00,117.06517408918202,101.02
2026-04-02 17:00:00+02:00,109.72941402822777,98.73
2026-04-02 17:15:00+02:00,113.11216236473484,103.15
2026-04-02 17:30:00+02:00,130.03992158918916,112.86
2026-04-02 17:45:00+02:00,148.17189610630965,120.5
2026-04-02 18:00:00+02:00,124.61534833268779,118.4
2026-04-02 18:15:00+02:00,148.67158526375954,126.46
2026-04-02 18:30:00+02:00,160.38039996184565,139.67
2026-04-02 18:45:00+02:00,193.10669472007794,153.01
2026-04-02 19:00:00+02:00,156.63105270364204,142.56
2026-04-02 19:15:00+02:00,172.86069438299572,155.8
2026-04-02 19:30:00+02:00,191.07222485914102,168.58
2026-04-02 19:45:00+02:00,185.90415360297789,180.42
2026-04-02 20:00:00+02:00,188.1707082329914,172.57
2026-04-02 20:15:00+02:00,176.2416243524665,160.94
2026-04-02 20:30:00+02:00,166.3212251791726,157.06
2026-04-02 20:45:00+02:00,151.89744555262308,147.97
2026-04-02 21:00:00+02:00,168.3597867041252,162.88
2026-04-02 21:15:00+02:00,158.16253169049511,150.75
2026-04-02 21:30:00+02:00,144.6948135018876,142.38
2026-04-02 21:45:00+02:00,138.45770201789185,130.08
2026-04-02 22:00:00+02:00,159.70938897477433,147.53
2026-04-02 22:15:00+02:00,140.85720607000945,137.96
2026-04-02 22:30:00+02:00,138.92621186202223,130.07
2026-04-02 22:45:00+02:00,126.79274539047438,124.43
2026-04-02 23:00:00+02:00,135.16516102418933,130.05
2026-04-02 23:15:00+02:00,129.11735509781607,123.78
2026-04-02 23:30:00+02:00,120.29918250638505,127.81
2026-04-02 23:45:00+02:00,112.68069188526695,114.24
2026-04-03 00:00:00+02:00,129.0069749023256,144.84
2026-04-03 00:15:00+02:00,117.85424243351994,136.52
2026-04-03 00:30:00+02:00,116.87415960011438,129.14
2026-04-03 00:45:00+02:00,112.23150579189527,123.9
2026-04-03 01:00:00+02:00,118.50542209678032,124.53
2026-04-03 01:15:00+02:00,116.38242694765788,124.1
2026-04-03 01:30:00+02:00,109.75247101498539,124.41
2026-04-03 01:45:00+02:00,108.68990082610782,114.9
2026-04-03 02:00:00+02:00,112.6459569878149,127.53
2026-04-03 02:15:00+02:00,109.05976093178406,120.0
2026-04-03 02:30:00+02:00,110.529056378612,114.76
2026-04-03 02:45:00+02:00,108.7098655180976,115.77
2026-04-03 03:00:00+02:00,107.39322826847324,119.28
2026-04-03 03:15:00+02:00,107.03824368364712,117.16
2026-04-03 03:30:00+02:00,109.00728395012082,115.5
2026-04-03 03:45:00+02:00,106.63543092563216,118.73
2026-04-03 04:00:00+02:00,111.03205109729022,120.59
2026-04-03 04:15:00+02:00,108.76990552139998,121.05
2026-04-03 04:30:00+02:00,109.5260401035812,120.17
2026-04-03 04:45:00+02:00,115.82106373709158,118.92
2026-04-03 05:00:00+02:00,106.5272840064829,121.05
2026-04-03 05:15:00+02:00,113.00974078668274,123.44
2026-04-03 05:30:00+02:00,113.4463125585975,121.1
2026-04-03 05:45:00+02:00,115.52083118150378,128.02
2026-04-03 06:00:00+02:00,109.23216725610216,121.02
2026-04-03 06:15:00+02:00,125.74572683486869,132.34
2026-04-03 06:30:00+02:00,135.4302303317922,139.95
2026-04-03 06:45:00+02:00,130.61727851271178,139.19
2026-04-03 07:00:00+02:00,141.57437332474615,139.16
2026-04-03 07:15:00+02:00,131.7445228925208,138.84
2026-04-03 07:30:00+02:00,125.12550332078968,135.65
2026-04-03 07:45:00+02:00,115.14041539012388,129.8
2026-04-03 08:00:00+02:00,137.78075958670308,156.58
2026-04-03 08:15:00+02:00,128.86398386954244,135.59
2026-04-03 08:30:00+02:00,109.50463592368077,128.15
2026-04-03 08:45:00+02:00,102.9408858427775,103.85
2026-04-03 09:00:00+02:00,119.19555644582418,143.14
2026-04-03 09:15:00+02:00,118.50748214588802,121.59
2026-04-03 09:30:00+02:00,102.73829433825276,103.66
2026-04-03 09:45:00+02:00,87.38042140590161,84.33
2026-04-03 10:00:00+02:00,106.21325789095252,126.78
2026-04-03 10:15:00+02:00,69.41908865123904,95.78
2026-04-03 10:30:00+02:00,66.00841138934862,64.66
2026-04-03 10:45:00+02:00,62.1655091151095,55.12
2026-04-03 11:00:00+02:00,63.73936973340314,72.0
2026-04-03 11:15:00+02:00,42.68889430362378,60.0
2026-04-03 11:30:00+02:00,46.97108311325506,49.07
2026-04-03 11:45:00+02:00,42.8037455100837,30.76
2026-04-03 12:00:00+02:00,43.92634310027152,48.59
2026-04-03 12:15:00+02:00,50.88939363601121,31.06
2026-04-03 12:30:00+02:00,38.76851876427905,19.79
2026-04-03 12:45:00+02:00,23.478385991521577,8.6
2026-04-03 13:00:00+02:00,28.232288988283173,19.08
2026-04-03 13:15:00+02:00,17.922648565485524,11.64
2026-04-03 13:30:00+02:00,4.996540420745653,7.7
2026-04-03 13:45:00+02:00,7.330486367003999,1.36
2026-04-03 14:00:00+02:00,17.745912374687812,4.5
2026-04-03 14:15:00+02:00,21.923576099505965,1.91
2026-04-03 14:30:00+02:00,11.614131641945377,0.1
2026-04-03 14:45:00+02:00,30.03220569125112,0.1
2026-04-03 15:00:00+02:00,50.920277774128365,0.0
2026-04-03 15:15:00+02:00,55.81139137340666,0.1
2026-04-03 15:30:00+02:00,35.8117409779284,3.0
2026-04-03 15:45:00+02:00,28.20483769645743,9.1
2026-04-03 16:00:00+02:00,53.76596643823435,2.62
2026-04-03 16:15:00+02:00,44.52174788065505,11.81
2026-04-03 16:30:00+02:00,58.796363186302884,32.64
2026-04-03 16:45:00+02:00,69.71135567245514,48.7
2026-04-03 17:00:00+02:00,67.24746918745689,43.35
2026-04-03 17:15:00+02:00,78.3740030970771,62.51
2026-04-03 17:30:00+02:00,85.0445499630186,73.99
2026-04-03 17:45:00+02:00,109.25600667059975,87.34
2026-04-03 18:00:00+02:00,87.28675226499229,77.03
2026-04-03 18:15:00+02:00,109.39866376385572,86.17
2026-04-03 18:30:00+02:00,122.76893201308125,93.29
2026-04-03 18:45:00+02:00,133.6564167397345,99.4
2026-04-03 19:00:00+02:00,123.05670139768802,96.85
2026-04-03 19:15:00+02:00,142.7114924592365,98.88
2026-04-03 19:30:00+02:00,147.01145646892363,101.61
2026-04-03 19:45:00+02:00,148.13290623321194,100.22
2026-04-03 20:00:00+02:00,137.71501889551712,103.64
2026-04-03 20:15:00+02:00,127.82841515256072,101.08
2026-04-03 20:30:00+02:00,115.16316986987714,94.07
2026-04-03 20:45:00+02:00,106.46544206115146,86.56
2026-04-03 21:00:00+02:00,117.45402011114057,94.01
2026-04-03 21:15:00+02:00,115.86964320948034,87.76
2026-04-03 21:30:00+02:00,96.05295368079364,79.06
2026-04-03 21:45:00+02:00,88.8241360336206,75.98
2026-04-03 22:00:00+02:00,108.50010526913637,89.35
2026-04-03 22:15:00+02:00,101.51021678537641,80.05
2026-04-03 22:30:00+02:00,84.75371651943742,79.98
2026-04-03 22:45:00+02:00,73.67457864275454,75.74
2026-04-03 23:00:00+02:00,97.47685861376303,78.19
2026-04-03 23:15:00+02:00,79.00286621613961,63.14
2026-04-03 23:30:00+02:00,69.76669500834939,50.49
2026-04-03 23:45:00+02:00,44.05439515229996,50.53
2026-04-04 00:00:00+02:00,43.2155125504865,12.44
2026-04-04 00:15:00+02:00,41.108682892071265,17.35
2026-04-04 00:30:00+02:00,32.98626251113558,4.76
2026-04-04 00:45:00+02:00,32.733240941409576,4.36
2026-04-04 01:00:00+02:00,40.12261479344317,14.23
2026-04-04 01:15:00+02:00,32.55068291098547,10.08
2026-04-04 01:30:00+02:00,39.15790364883459,9.26
2026-04-04 01:45:00+02:00,45.23310616652732,2.25
2026-04-04 02:00:00+02:00,39.382678902283864,10.73
2026-04-04 02:15:00+02:00,39.48406363982592,7.09
2026-04-04 02:30:00+02:00,38.225812423780894,3.81
2026-04-04 02:45:00+02:00,43.974104765743476,4.1
2026-04-04 03:00:00+02:00,41.46668372792492,0.38
2026-04-04 03:15:00+02:00,39.21293190342749,2.97
2026-04-04 03:30:00+02:00,41.81266638360173,2.04
2026-04-04 03:45:00+02:00,48.52302405843525,2.56
2026-04-04 04:00:00+02:00,37.94820442064475,4.43
2026-04-04 04:15:00+02:00,50.955887937543125,3.39
2026-04-04 04:30:00+02:00,46.1105134921709,9.29
2026-04-04 04:45:00+02:00,49.93304595821385,8.5
2026-04-04 05:00:00+02:00,49.448221552579646,13.39
2026-04-04 05:15:00+02:00,49.14290312923326,8.95
2026-04-04 05:30:00+02:00,51.43673930205216,10.1
2026-04-04 05:45:00+02:00,46.61028268728029,14.5
2026-04-04 06:00:00+02:00,41.68085467844656,7.77
2026-04-04 06:15:00+02:00,54.251457115942294,9.91
2026-04-04 06:30:00+02:00,59.804087709481315,15.03
2026-04-04 06:45:00+02:00,61.81824255716719,20.74
2026-04-04 07:00:00+02:00,76.71435885354977,19.9
2026-04-04 07:15:00+02:00,80.85514908555987,18.37
2026-04-04 07:30:00+02:00,86.15414215907205,23.46
2026-04-04 07:45:00+02:00,78.0644716704075,15.34
2026-04-04 08:00:00+02:00,91.90064562217546,21.88
2026-04-04 08:15:00+02:00,78.88803090897287,19.97
2026-04-04 08:30:00+02:00,49.14963857163592,16.03
2026-04-04 08:45:00+02:00,61.82198574091808,8.9
2026-04-04 09:00:00+02:00,75.07740791710907,12.98
2026-04-04 09:15:00+02:00,38.76973906707714,6.45
2026-04-04 09:30:00+02:00,41.015948498448154,4.51
2026-04-04 09:45:00+02:00,50.39166737454158,2.46
2026-04-04 10:00:00+02:00,21.991901505685547,3.94
2026-04-04 10:15:00+02:00,52.93437438303703,2.0
2026-04-04 10:30:00+02:00,56.21047568625291,1.3
2026-04-04 10:45:00+02:00,32.29778217443677,0.0
2026-04-04 11:00:00+02:00,54.443772014205955,0.0
2026-04-04 11:15:00+02:00,47.060372815122776,-0.01
2026-04-04 11:30:00+02:00,39.655994146254606,-0.01
2026-04-04 11:45:00+02:00,22.4941556442583,-0.02
2026-04-04 12:00:00+02:00,45.630299440129114,-0.06
2026-04-04 12:15:00+02:00,23.187317653862657,-0.62
2026-04-04 12:30:00+02:00,27.71038816066342,-0.26
2026-04-04 12:45:00+02:00,19.578797456138716,-0.05
2026-04-04 13:00:00+02:00,24.37064841516844,-0.04
2026-04-04 13:15:00+02:00,21.143009262679314,-0.04
2026-04-04 13:30:00+02:00,10.832892755496495,-0.03
2026-04-04 13:45:00+02:00,1.2946061531139748,-0.03
2026-04-04 14:00:00+02:00,9.534289028115097,-0.03
2026-04-04 14:15:00+02:00,12.532623285148851,-0.02
2026-04-04 14:30:00+02:00,5.434968873764561,-0.01
2026-04-04 14:45:00+02:00,3.0453764553587916,-0.01
2026-04-04 15:00:00+02:00,2.6584599315395963,-0.01
2026-04-04 15:15:00+02:00,17.32278746550658,0.0
2026-04-04 15:30:00+02:00,22.98189233037617,0.0
2026-04-04 15:45:00+02:00,22.634380036450935,0.11
2026-04-04 16:00:00+02:00,21.329437444061597,0.0
2026-04-04 16:15:00+02:00,38.68882271205217,2.74
2026-04-04 16:30:00+02:00,60.07457131391352,6.63
2026-04-04 16:45:00+02:00,68.97224051447122,33.39
2026-04-04 17:00:00+02:00,80.03103552935026,13.39
2026-04-04 17:15:00+02:00,79.57127890320695,47.95
2026-04-04 17:30:00+02:00,89.26312318198939,91.14
2026-04-04 17:45:00+02:00,113.2065518476255,98.46
2026-04-04 18:00:00+02:00,103.24603942065777,61.62
2026-04-04 18:15:00+02:00,119.39118439741773,93.37
2026-04-04 18:30:00+02:00,107.9195050627874,120.98
2026-04-04 18:45:00+02:00,122.61994212937904,162.41
2026-04-04 19:00:00+02:00,108.15678112569317,127.98
2026-04-04 19:15:00+02:00,118.74115782830052,137.08
2026-04-04 19:30:00+02:00,136.50750677808634,165.87
2026-04-04 19:45:00+02:00,138.2397289935545,168.56
2026-04-04 20:00:00+02:00,124.61130617239627,174.95
2026-04-04 20:15:00+02:00,125.08242085868103,136.01
2026-04-04 20:30:00+02:00,126.9901336344949,127.14
2026-04-04 20:45:00+02:00,104.75938981604308,104.86
2026-04-04 21:00:00+02:00,121.5614235855773,134.01
2026-04-04 21:15:00+02:00,102.58790644859648,106.55
2026-04-04 21:30:00+02:00,104.17117891940669,96.06
2026-04-04 21:45:00+02:00,90.13586331009836,78.73
2026-04-04 22:00:00+02:00,102.96868731633666,109.81
2026-04-04 22:15:00+02:00,104.74400199046708,79.97
2026-04-04 22:30:00+02:00,92.29853442738619,64.54
2026-04-04 22:45:00+02:00,82.35089428157703,52.91
2026-04-04 23:00:00+02:00,101.45668729986241,67.09
2026-04-04 23:15:00+02:00,87.0044713821298,44.79
2026-04-04 23:30:00+02:00,66.18048277647699,33.4
2026-04-04 23:45:00+02:00,39.759932474232045,22.05
2026-04-05 00:00:00+02:00,59.13401530240498,2.29
2026-04-05 00:15:00+02:00,50.92702360401637,1.95
2026-04-05 00:30:00+02:00,50.13317866576697,0.0
2026-04-05 00:45:00+02:00,52.42536560253274,-0.01
2026-04-05 01:00:00+02:00,47.48700093940353,0.1
2026-04-05 01:15:00+02:00,52.20540901792842,0.0
2026-04-05 01:30:00+02:00,53.06023487149811,-0.02
2026-04-05 01:45:00+02:00,47.1813911660172,-0.1
2026-04-05 02:00:00+02:00,47.55789905602718,-0.07
2026-04-05 02:15:00+02:00,46.59845482703693,-0.18
2026-04-05 02:30:00+02:00,42.93729976775074,-0.2
2026-04-05 02:45:00+02:00,45.68021418140409,-1.0
2026-04-05 03:00:00+02:00,44.36879937765187,-0.71
2026-04-05 03:15:00+02:00,50.90718480039811,-1.04
2026-04-05 03:30:00+02:00,49.04285464896978,-1.09
2026-04-05 03:45:00+02:00,45.223125890743205,-1.99
2026-04-05 04:00:00+02:00,53.24640446040543,-1.07
2026-04-05 04:15:00+02:00,47.67583483682404,-1.99
2026-04-05 04:30:00+02:00,46.969633229687396,-1.42
2026-04-05 04:45:00+02:00,46.3304127218663,-1.99
2026-04-05 05:00:00+02:00,43.80054167826855,-1.99
2026-04-05 05:15:00+02:00,40.80366912348581,-2.12
2026-04-05 05:30:00+02:00,35.13967859544614,-2.02
2026-04-05 05:45:00+02:00,47.309748449585065,-2.04
2026-04-05 06:00:00+02:00,36.61551402634825,-3.17
2026-04-05 06:15:00+02:00,47.29825261946588,-3.36
2026-04-05 06:30:00+02:00,59.99730583329297,-2.86
2026-04-05 06:45:00+02:00,44.33941220640649,-2.59
2026-04-05 07:00:00+02:00,70.19275506846117,-1.09
2026-04-05 07:15:00+02:00,57.90452556328213,-1.04
2026-04-05 07:30:00+02:00,58.27026875389204,-1.01
2026-04-05 07:45:00+02:00,44.84898969764022,-2.02
2026-04-05 08:00:00+02:00,85.72383969101955,-0.51
2026-04-05 08:15:00+02:00,53.33728538968069,-1.04
2026-04-05 08:30:00+02:00,41.11747960824587,-2.76
2026-04-05 08:45:00+02:00,26.284248902908516,-5.41
2026-04-05 09:00:00+02:00,45.60526704944539,-4.93
2026-04-05 09:15:00+02:00,18.408219668140887,-7.72
2026-04-05 09:30:00+02:00,21.919167833495052,-10.08
2026-04-05 09:45:00+02:00,6.542229624732556,-19.5
2026-04-05 10:00:00+02:00,25.557640422405242,-23.66
2026-04-05 10:15:00+02:00,14.800716147269483,-30.01
2026-04-05 10:30:00+02:00,3.1092032552870563,-46.2
2026-04-05 10:45:00+02:00,-3.896573059464501,-60.0
2026-04-05 11:00:00+02:00,4.470848607918242,-60.0
2026-04-05 11:15:00+02:00,2.8987443602092497,-70.0
2026-04-05 11:30:00+02:00,-9.710566316265442,-74.0
2026-04-05 11:45:00+02:00,-0.9392384819536801,-81.37
2026-04-05 12:00:00+02:00,-3.7060948002102663,-74.06
2026-04-05 12:15:00+02:00,5.677918665931095,-84.81
2026-04-05 12:30:00+02:00,1.4167626687527246,-86.1
2026-04-05 12:45:00+02:00,1.263271693741764,-94.84
2026-04-05 13:00:00+02:00,4.809472155189049,-99.52
2026-04-05 13:15:00+02:00,5.250700263167239,-103.17
2026-04-05 13:30:00+02:00,3.878238864643869,-110.44
2026-04-05 13:45:00+02:00,-1.4529934067695507,-107.57
2026-04-05 14:00:00+02:00,5.153261377381938,-114.53
2026-04-05 14:15:00+02:00,10.441507000713614,-101.01
2026-04-05 14:30:00+02:00,4.344960735692197,-93.78
2026-04-05 14:45:00+02:00,4.145825399376349,-85.5
2026-04-05 15:00:00+02:00,1.7812163337941769,-80.0
2026-04-05 15:15:00+02:00,5.7995989918255475,-73.74
2026-04-05 15:30:00+02:00,15.14045677270056,-63.93
2026-04-05 15:45:00+02:00,30.942545019584045,-49.96
2026-04-05 16:00:00+02:00,21.10787751909257,-49.93
2026-04-05 16:15:00+02:00,28.784902718258763,-30.0
2026-04-05 16:30:00+02:00,48.24942363119527,-24.96
2026-04-05 16:45:00+02:00,68.24955573362718,-15.03
2026-04-05 17:00:00+02:00,49.83768844233337,-14.99
2026-04-05 17:15:00+02:00,67.04880369744771,-6.82
2026-04-05 17:30:00+02:00,91.19340497204988,-3.45
2026-04-05 17:45:00+02:00,109.38847647030354,-1.09
2026-04-05 18:00:00+02:00,80.93522872320652,-2.14
2026-04-05 18:15:00+02:00,101.10027610144324,-0.92
2026-04-05 18:30:00+02:00,108.99476378109505,0.0
2026-04-05 18:45:00+02:00,126.28396857679007,2.65
2026-04-05 19:00:00+02:00,128.58372204827552,4.5
2026-04-05 19:15:00+02:00,126.5842458158829,14.01
2026-04-05 19:30:00+02:00,137.93218943614943,29.91
2026-04-05 19:45:00+02:00,140.19067324462878,31.75
2026-04-05 20:00:00+02:00,131.03071308526043,29.87
2026-04-05 20:15:00+02:00,116.86221107411143,32.61
2026-04-05 20:30:00+02:00,96.18921566110123,34.72
2026-04-05 20:45:00+02:00,95.91511744006245,36.2
2026-04-05 21:00:00+02:00,103.39743035513533,36.33
2026-04-05 21:15:00+02:00,96.98410765413554,33.07
2026-04-05 21:30:00+02:00,86.33314256672718,31.4
2026-04-05 21:45:00+02:00,74.91958892398299,20.02
2026-04-05 22:00:00+02:00,97.96708810680252,35.72
2026-04-05 22:15:00+02:00,83.89591071637719,30.95
2026-04-05 22:30:00+02:00,77.66033599116707,32.92
2026-04-05 22:45:00+02:00,62.50698747694139,21.92
2026-04-05 23:00:00+02:00,85.0480377478406,34.15
2026-04-05 23:15:00+02:00,62.0221499841469,22.28
2026-04-05 23:30:00+02:00,61.29263206212277,12.96
2026-04-05 23:45:00+02:00,48.17379560474357,6.7
2026-04-06 00:00:00+02:00,25.543962902880452,3.99
2026-04-06 00:15:00+02:00,26.9018605665495,3.95
2026-04-06 00:30:00+02:00,22.54572030242163,2.47
2026-04-06 00:45:00+02:00,29.92016269305178,2.55
2026-04-06 01:00:00+02:00,22.93933972486174,3.18
2026-04-06 01:15:00+02:00,32.29932796151179,2.45
2026-04-06 01:30:00+02:00,35.621210588697,1.59
2026-04-06 01:45:00+02:00,39.685251458878724,0.72
2026-04-06 02:00:00+02:00,30.621762626683108,1.61
2026-04-06 02:15:00+02:00,26.844404460786762,1.17
2026-04-06 02:30:00+02:00,34.23276401286169,0.9
2026-04-06 02:45:00+02:00,41.22926323527657,0.48
2026-04-06 03:00:00+02:00,27.334292554368275,1.38
2026-04-06 03:15:00+02:00,31.307976555841407,1.34
2026-04-06 03:30:00+02:00,46.22090903775694,1.36
2026-04-06 03:45:00+02:00,45.6353628956065,1.36
2026-04-06 04:00:00+02:00,40.06224791086226,0.66
2026-04-06 04:15:00+02:00,38.44059052302621,0.99
2026-04-06 04:30:00+02:00,54.71206784612109,1.59
2026-04-06 04:45:00+02:00,50.95572559359935,1.0
2026-04-06 05:00:00+02:00,47.176450886413654,2.49
2026-04-06 05:15:00+02:00,50.02073063403959,2.5
2026-04-06 05:30:00+02:00,52.83093962916233,2.11
2026-04-06 05:45:00+02:00,46.23186343193295,1.34
2026-04-06 06:00:00+02:00,57.46600319510982,2.44
2026-04-06 06:15:00+02:00,62.19806858369754,2.12
2026-04-06 06:30:00+02:00,54.83559293772759,2.07
2026-04-06 06:45:00+02:00,66.17649628389444,1.31
2026-04-06 07:00:00+02:00,54.11949172603558,2.44
2026-04-06 07:15:00+02:00,67.27503823991961,1.56
2026-04-06 07:30:00+02:00,56.70622889540172,1.33
2026-04-06 07:45:00+02:00,40.51059832878944,0.0
2026-04-06 08:00:00+02:00,61.29492738469851,-0.01
2026-04-06 08:15:00+02:00,40.25132011432842,-0.02
2026-04-06 08:30:00+02:00,20.6527124760229,-1.01
2026-04-06 08:45:00+02:00,22.306416448996643,-2.73
2026-04-06 09:00:00+02:00,30.496002196104953,-6.1
2026-04-06 09:15:00+02:00,8.974116395584772,-9.95
2026-04-06 09:30:00+02:00,9.968778310838118,-13.36
2026-04-06 09:45:00+02:00,0.021737819606627795,-15.01
2026-04-06 10:00:00+02:00,-0.7884600288287942,-15.01
2026-04-06 10:15:00+02:00,-4.806747749596596,-19.98
2026-04-06 10:30:00+02:00,-6.726466728605189,-26.6
2026-04-06 10:45:00+02:00,0.5002543407850055,-42.42
2026-04-06 11:00:00+02:00,-7.547883174263347,-41.7
2026-04-06 11:15:00+02:00,-3.681846610059111,-55.01
2026-04-06 11:30:00+02:00,-5.513729182804624,-68.34
2026-04-06 11:45:00+02:00,-18.135468133839915,-73.99
2026-04-06 12:00:00+02:00,-3.0626264785260986,-53.05
2026-04-06 12:15:00+02:00,-14.997887807713852,-82.77
2026-04-06 12:30:00+02:00,-13.695187801925904,-87.42
2026-04-06 12:45:00+02:00,-10.151810727553695,-94.82
2026-04-06 13:00:00+02:00,-10.440424320201636,-105.25
2026-04-06 13:15:00+02:00,-9.098268905667759,-116.16
2026-04-06 13:30:00+02:00,-15.829729407437483,-134.09
2026-04-06 13:45:00+02:00,-9.432256980715053,-147.05
2026-04-06 14:00:00+02:00,-7.864813396814945,-136.89
2026-04-06 14:15:00+02:00,-11.454948338292581,-127.89
2026-04-06 14:30:00+02:00,-11.57467429749073,-123.06
2026-04-06 14:45:00+02:00,-7.601089848359933,-106.3
2026-04-06 15:00:00+02:00,-12.608749499141254,-114.53
2026-04-06 15:15:00+02:00,-4.067329254766321,-90.0
2026-04-06 15:30:00+02:00,9.922038460315648,-74.0
2026-04-06 15:45:00+02:00,31.655140741432305,-59.94
2026-04-06 16:00:00+02:00,23.474751840735678,-59.0
2026-04-06 16:15:00+02:00,26.35775045045841,-33.0
2026-04-06 16:30:00+02:00,59.669567714736964,-15.87
2026-04-06 16:45:00+02:00,77.92784720887202,-7.01
2026-04-06 17:00:00+02:00,53.638025078921885,-13.29
2026-04-06 17:15:00+02:00,77.01733169229347,-6.58
2026-04-06 17:30:00+02:00,98.67236641071037,-3.33
2026-04-06 17:45:00+02:00,129.34977980746763,0.76
2026-04-06 18:00:00+02:00,94.29641062590127,0.0
2026-04-06 18:15:00+02:00,119.15059489799584,9.99
2026-04-06 18:30:00+02:00,123.691340315976,73.31
2026-04-06 18:45:00+02:00,134.69565546025956,111.2
2026-04-06 19:00:00+02:00,140.54743859415973,93.45
2026-04-06 19:15:00+02:00,144.0550357250349,110.02
2026-04-06 19:30:00+02:00,146.24568548635713,111.45
2026-04-06 19:45:00+02:00,154.52287000834335,115.83
2026-04-06 20:00:00+02:00,163.52408530390454,117.57
2026-04-06 20:15:00+02:00,159.61016964613916,117.29
2026-04-06 20:30:00+02:00,150.61230645388056,117.27
2026-04-06 20:45:00+02:00,129.65955793293463,111.89
2026-04-06 21:00:00+02:00,149.54401663963762,111.08
2026-04-06 21:15:00+02:00,133.70348253175533,111.01
2026-04-06 21:30:00+02:00,124.45514999194202,108.59
2026-04-06 21:45:00+02:00,110.18109732651963,106.21
2026-04-06 22:00:00+02:00,132.52633552778974,121.5
2026-04-06 22:15:00+02:00,125.53116689374694,117.35
2026-04-06 22:30:00+02:00,115.40129097053376,111.76
2026-04-06 22:45:00+02:00,109.0037054344655,104.78
2026-04-06 23:00:00+02:00,113.59949169361536,116.59
2026-04-06 23:15:00+02:00,104.06406382476547,110.63
2026-04-06 23:30:00+02:00,101.35774977196553,106.81
2026-04-06 23:45:00+02:00,92.7212647253289,101.19
2026-04-07 00:00:00+02:00,112.29514607048851,107.54
2026-04-07 00:15:00+02:00,106.42376590073428,107.23
2026-04-07 00:30:00+02:00,101.2691712344459,107.19
2026-04-07 00:45:00+02:00,98.51562722145016,103.64
2026-04-07 01:00:00+02:00,101.91100907935538,104.28
2026-04-07 01:15:00+02:00,100.80137925097969,101.74
2026-04-07 01:30:00+02:00,99.64725220283829,100.63
2026-04-07 01:45:00+02:00,100.11946969347053,98.53
2026-04-07 02:00:00+02:00,101.86780296224794,102.44
2026-04-07 02:15:00+02:00,100.34675001389414,101.96
2026-04-07 02:30:00+02:00,99.63478483790124,101.25
2026-04-07 02:45:00+02:00,98.59236055199806,100.94
2026-04-07 03:00:00+02:00,98.99556110863668,101.96
2026-04-07 03:15:00+02:00,98.99718398220851,101.63
2026-04-07 03:30:00+02:00,99.74528189915983,102.24
2026-04-07 03:45:00+02:00,98.07265829292531,103.29
2026-04-07 04:00:00+02:00,103.77986983688837,100.28
2026-04-07 04:15:00+02:00,102.49738046489335,103.31
2026-04-07 04:30:00+02:00,104.05368508617434,103.5
2026-04-07 04:45:00+02:00,104.59343610492168,113.45
2026-04-07 05:00:00+02:00,104.77907015610742,109.39
2026-04-07 05:15:00+02:00,105.52711130917208,109.21
2026-04-07 05:30:00+02:00,116.75201631206377,124.0
2026-04-07 05:45:00+02:00,132.69793286435623,128.47
2026-04-07 06:00:00+02:00,117.6162705110173,118.59
2026-04-07 06:15:00+02:00,135.56040857233052,138.13
2026-04-07 06:30:00+02:00,154.24791136976893,149.94
2026-04-07 06:45:00+02:00,141.01696596051596,168.99
2026-04-07 07:00:00+02:00,166.24114803251064,210.34
2026-04-07 07:15:00+02:00,156.53652832166733,204.84
2026-04-07 07:30:00+02:00,135.27205455135496,169.23
2026-04-07 07:45:00+02:00,130.02893505780563,128.64
2026-04-07 08:00:00+02:00,172.71334823303633,198.98
2026-04-07 08:15:00+02:00,133.13076196947242,137.87
2026-04-07 08:30:00+02:00,133.64432126092785,101.59
2026-04-07 08:45:00+02:00,98.33985927254993,72.99
2026-04-07 09:00:00+02:00,137.8845555797939,128.73
2026-04-07 09:15:00+02:00,113.24305877056412,88.41
2026-04-07 09:30:00+02:00,101.12947135110142,71.0
2026-04-07 09:45:00+02:00,75.5147420485008,39.07
2026-04-07 10:00:00+02:00,99.63055793070909,69.3
2026-04-07 10:15:00+02:00,78.74955825710751,27.59
2026-04-07 10:30:00+02:00,70.984843504746,2.67
2026-04-07 10:45:00+02:00,38.15367092854541,-0.01
2026-04-07 11:00:00+02:00,51.38110317074535,1.06
2026-04-07 11:15:00+02:00,23.25579554109904,0.0
2026-04-07 11:30:00+02:00,8.949775764131303,-0.09
2026-04-07 11:45:00+02:00,15.08473592529971,-1.0
2026-04-07 12:00:00+02:00,14.147671565617522,-0.2
2026-04-07 12:15:00+02:00,19.134301905595386,-1.99
2026-04-07 12:30:00+02:00,25.078227092388346,-4.74
2026-04-07 12:45:00+02:00,6.679989251309564,-5.11
2026-04-07 13:00:00+02:00,5.266567976981769,-6.1
2026-04-07 13:15:00+02:00,6.534532528216637,-9.94
2026-04-07 13:30:00+02:00,5.627373541230462,-14.06
2026-04-07 13:45:00+02:00,6.168979246036201,-15.05
2026-04-07 14:00:00+02:00,-4.865946608861414,-15.07
2026-04-07 14:15:00+02:00,3.2694057939302112,-14.65
2026-04-07 14:30:00+02:00,9.113431235105253,-10.09
2026-04-07 14:45:00+02:00,22.209629781666912,-5.11
2026-04-07 15:00:00+02:00,3.7510796373948665,-12.27
2026-04-07 15:15:00+02:00,24.06367922689649,-4.3
2026-04-07 15:30:00+02:00,32.75297765147186,-0.24
2026-04-07 15:45:00+02:00,45.85755481738174,-0.01
2026-04-07 16:00:00+02:00,33.15192701293119,-1.42
2026-04-07 16:15:00+02:00,49.8191280146415,-0.01
2026-04-07 16:30:00+02:00,42.97896420354192,0.01
2026-04-07 16:45:00+02:00,83.07921580831606,16.62
2026-04-07 17:00:00+02:00,57.756509897044204,11.59
2026-04-07 17:15:00+02:00,62.4868708956807,69.85
2026-04-07 17:30:00+02:00,83.78433234670638,102.65
2026-04-07 17:45:00+02:00,164.7859582048576,135.52
2026-04-07 18:00:00+02:00,100.89036440456773,91.25
2026-04-07 18:15:00+02:00,143.1466299703772,124.79
2026-04-07 18:30:00+02:00,174.9969921849709,140.68
2026-04-07 18:45:00+02:00,192.80888922293283,195.26
2026-04-07 19:00:00+02:00,188.76040942546044,148.71
2026-04-07 19:15:00+02:00,180.9720185668555,179.96
2026-04-07 19:30:00+02:00,164.15535800663864,218.59
2026-04-07 19:45:00+02:00,154.11698176862072,228.85
2026-04-07 20:00:00+02:00,166.33567108543417,228.39
2026-04-07 20:15:00+02:00,150.24882618394176,213.51
2026-04-07 20:30:00+02:00,146.2747027261923,171.11
2026-04-07 20:45:00+02:00,133.53771881373922,142.52
2026-04-07 21:00:00+02:00,141.3726060453324,172.55
2026-04-07 21:15:00+02:00,142.44982548970802,145.31
2026-04-07 21:30:00+02:00,128.92487108762268,137.21
2026-04-07 21:45:00+02:00,117.98669605113686,120.94
2026-04-07 22:00:00+02:00,142.27077366667214,135.5
2026-04-07 22:15:00+02:00,128.44215271114385,129.01
2026-04-07 22:30:00+02:00,127.08500714786376,130.55
2026-04-07 22:45:00+02:00,115.71876706347592,120.98
2026-04-07 23:00:00+02:00,121.21592404133946,127.88
2026-04-07 23:15:00+02:00,115.40304932925648,117.72
2026-04-07 23:30:00+02:00,116.34013848601583,114.54
2026-04-07 23:45:00+02:00,109.99667421001604,112.66
2026-04-08 00:00:00+02:00,117.4802264542622,115.57
2026-04-08 00:15:00+02:00,115.56782470369853,108.22
2026-04-08 00:30:00+02:00,111.1464234128724,103.78
2026-04-08 00:45:00+02:00,112.3443331721819,101.11
2026-04-08 01:00:00+02:00,112.03652516728593,103.93
2026-04-08 01:15:00+02:00,111.16230567783701,103.0
2026-04-08 01:30:00+02:00,111.49670439995236,101.59
2026-04-08 01:45:00+02:00,108.08954823814862,100.32
2026-04-08 02:00:00+02:00,114.02112372569985,101.98
2026-04-08 02:15:00+02:00,110.22498940444376,100.09
2026-04-08 02:30:00+02:00,110.18228432416265,100.37
2026-04-08 02:45:00+02:00,110.1883429435252,100.84
2026-04-08 03:00:00+02:00,108.0871587074459,102.32
2026-04-08 03:15:00+02:00,109.49707376913372,102.38
2026-04-08 03:30:00+02:00,109.27256842810175,103.94
2026-04-08 03:45:00+02:00,113.38527129788316,105.35
2026-04-08 04:00:00+02:00,110.8305943134717,102.32
2026-04-08 04:15:00+02:00,109.56034928535419,104.68
2026-04-08 04:30:00+02:00,111.36158323349598,109.38
2026-04-08 04:45:00+02:00,116.90609677944957,113.67
2026-04-08 05:00:00+02:00,114.2881037027733,103.84
2026-04-08 05:15:00+02:00,115.87374369195557,112.3
2026-04-08 05:30:00+02:00,129.99281949915678,117.89
2026-04-08 05:45:00+02:00,142.05984424052485,133.68
2026-04-08 06:00:00+02:00,130.7741522629275,123.39
2026-04-08 06:15:00+02:00,147.47075727951682,141.24
2026-04-08 06:30:00+02:00,160.35349534465644,164.68
2026-04-08 06:45:00+02:00,148.45256326012813,169.87
2026-04-08 07:00:00+02:00,201.81674862924604,186.79
2026-04-08 07:15:00+02:00,164.5869268441654,184.81
2026-04-08 07:30:00+02:00,143.25458875929215,168.0
2026-04-08 07:45:00+02:00,137.82280100259342,135.59
2026-04-08 08:00:00+02:00,170.9901226201624,185.94
2026-04-08 08:15:00+02:00,145.8446600343696,141.77
2026-04-08 08:30:00+02:00,113.0463459310279,127.79
2026-04-08 08:45:00+02:00,91.54406158979404,98.53
2026-04-08 09:00:00+02:00,127.91408341833282,134.37
2026-04-08 09:15:00+02:00,109.76129060388898,105.99
2026-04-08 09:30:00+02:00,92.24828588698885,87.5
2026-04-08 09:45:00+02:00,63.18353791755111,61.94
2026-04-08 10:00:00+02:00,99.03204282998101,102.36
2026-04-08 10:15:00+02:00,65.28033516922876,75.99
2026-04-08 10:30:00+02:00,57.2127002210564,26.13
2026-04-08 10:45:00+02:00,39.048378116988715,0.0
2026-04-08 11:00:00+02:00,53.10945694337563,5.9
2026-04-08 11:15:00+02:00,37.93801201174654,-0.01
2026-04-08 11:30:00+02:00,38.72582570751979,-1.09
2026-04-08 11:45:00+02:00,24.891075122014787,-5.0
2026-04-08 12:00:00+02:00,29.97177290982846,-5.3
2026-04-08 12:15:00+02:00,24.48809492236353,-18.71
2026-04-08 12:30:00+02:00,13.618362949409288,-21.57
2026-04-08 12:45:00+02:00,2.6824753656080773,-29.73
2026-04-08 13:00:00+02:00,13.148102196953083,-26.72
2026-04-08 13:15:00+02:00,-1.1512644993757064,-30.91
2026-04-08 13:30:00+02:00,-7.849850134362747,-33.56
2026-04-08 13:45:00+02:00,-7.170055558947631,-39.93
2026-04-08 14:00:00+02:00,-2.4675942035852216,-34.0
2026-04-08 14:15:00+02:00,-15.066190365491906,-33.0
2026-04-08 14:30:00+02:00,3.0120791300980727,-29.99
2026-04-08 14:45:00+02:00,-2.5341517717648685,-21.95
2026-04-08 15:00:00+02:00,-5.975587859608595,-23.03
2026-04-08 15:15:00+02:00,3.920200846092257,-18.1
2026-04-08 15:30:00+02:00,-0.4167373321491681,-10.4
2026-04-08 15:45:00+02:00,5.368899822584083,-1.09
2026-04-08 16:00:00+02:00,8.044583273872291,-5.89
2026-04-08 16:15:00+02:00,16.794606220790726,-0.01
2026-04-08 16:30:00+02:00,23.261687579770296,1.36
2026-04-08 16:45:00+02:00,73.70739690592359,57.95
2026-04-08 17:00:00+02:00,24.980459780087003,30.08
2026-04-08 17:15:00+02:00,62.43571936317478,85.64
2026-04-08 17:30:00+02:00,94.55170596102698,113.24
2026-04-08 17:45:00+02:00,136.16571615633487,138.54
2026-04-08 18:00:00+02:00,79.58271227310689,109.9
2026-04-08 18:15:00+02:00,126.60128095593147,126.08
2026-04-08 18:30:00+02:00,151.16094197108305,137.92
2026-04-08 18:45:00+02:00,171.16673912752879,163.09
2026-04-08 19:00:00+02:00,169.04814232803778,145.95
2026-04-08 19:15:00+02:00,162.0278844682876,167.02
2026-04-08 19:30:00+02:00,174.1296164353441,181.67
2026-04-08 19:45:00+02:00,157.66144831869929,185.39
2026-04-08 20:00:00+02:00,159.644130165705,201.01
2026-04-08 20:15:00+02:00,132.99083644037253,163.56
2026-04-08 20:30:00+02:00,123.35387518132413,142.67
2026-04-08 20:45:00+02:00,114.86934252363159,134.97
2026-04-08 21:00:00+02:00,123.84244714449598,154.93
2026-04-08 21:15:00+02:00,116.09377457960551,141.68
2026-04-08 21:30:00+02:00,111.2269537619873,134.8
2026-04-08 21:45:00+02:00,97.79185200070444,117.0
2026-04-08 22:00:00+02:00,110.73600337640106,127.3
2026-04-08 22:15:00+02:00,104.20866156628338,122.59
2026-04-08 22:30:00+02:00,105.03051873073713,121.16
2026-04-08 22:45:00+02:00,99.95547361839697,114.52
2026-04-08 23:00:00+02:00,108.72157650244762,117.37
2026-04-08 23:15:00+02:00,97.58125575483966,110.95
2026-04-08 23:30:00+02:00,93.09734321078263,107.75
2026-04-08 23:45:00+02:00,83.40485482430381,101.83
2026-04-09 00:00:00+02:00,119.33483672807091,109.56
2026-04-09 00:15:00+02:00,110.43569537427494,105.54
2026-04-09 00:30:00+02:00,106.63341493404836,103.09
2026-04-09 00:45:00+02:00,103.3550970931187,101.4
2026-04-09 01:00:00+02:00,106.97471637681785,101.87
2026-04-09 01:15:00+02:00,104.8950274257668,101.42
2026-04-09 01:30:00+02:00,104.55896263655167,100.8
2026-04-09 01:45:00+02:00,101.08993894651155,100.32
2026-04-09 02:00:00+02:00,103.35409462952965,100.81
2026-04-09 02:15:00+02:00,100.49715252658635,100.81
2026-04-09 02:30:00+02:00,99.03832036439509,101.2
2026-04-09 02:45:00+02:00,100.0880063567903,101.56
2026-04-09 03:00:00+02:00,98.62797603384702,100.74
2026-04-09 03:15:00+02:00,99.08219010812616,101.5
2026-04-09 03:30:00+02:00,100.62770787614524,101.95
2026-04-09 03:45:00+02:00,98.65544002464375,103.26
2026-04-09 04:00:00+02:00,99.28215990511006,99.8
2026-04-09 04:15:00+02:00,99.49934579135719,102.4
2026-04-09 04:30:00+02:00,99.4054415490996,105.36
2026-04-09 04:45:00+02:00,100.67598891707944,112.84
2026-04-09 05:00:00+02:00,99.79722498826915,105.09
2026-04-09 05:15:00+02:00,99.94076721611495,110.32
2026-04-09 05:30:00+02:00,106.51355873683515,119.61
2026-04-09 05:45:00+02:00,115.64085292638326,128.47
2026-04-09 06:00:00+02:00,110.98748804255385,118.55
2026-04-09 06:15:00+02:00,120.80397245813602,131.63
2026-04-09 06:30:00+02:00,133.034831353723,142.8
2026-04-09 06:45:00+02:00,144.34693468144604,148.2
2026-04-09 07:00:00+02:00,135.082704828198,156.25
2026-04-09 07:15:00+02:00,149.20347501290863,154.83
2026-04-09 07:30:00+02:00,143.62991778776637,146.39
2026-04-09 07:45:00+02:00,134.194045761601,128.93
2026-04-09 08:00:00+02:00,167.2176678654497,158.75
2026-04-09 08:15:00+02:00,143.1932204492629,135.8
2026-04-09 08:30:00+02:00,119.33213454107273,119.69
2026-04-09 08:45:00+02:00,82.9152835512629,98.12
2026-04-09 09:00:00+02:00,136.88741015897952,131.7
2026-04-09 09:15:00+02:00,102.71594472773324,108.58
2026-04-09 09:30:00+02:00,82.5771521187354,89.56
2026-04-09 09:45:00+02:00,56.85327831238577,68.86
2026-04-09 10:00:00+02:00,85.12392115717117,88.44
2026-04-09 10:15:00+02:00,28.317031939692228,74.85
2026-04-09 10:30:00+02:00,15.68251221870078,47.09
2026-04-09 10:45:00+02:00,7.4113992897965915,9.61
2026-04-09 11:00:00+02:00,11.49892145974357,4.83
2026-04-09 11:15:00+02:00,-4.586812321639144,0.01
2026-04-09 11:30:00+02:00,-5.391303612332237,0.0
2026-04-09 11:45:00+02:00,-9.014002972589537,-0.01
2026-04-09 12:00:00+02:00,-1.070293942907938,-0.01
2026-04-09 12:15:00+02:00,-12.92838249351675,-0.1
2026-04-09 12:30:00+02:00,-19.095258803929852,-1.09
2026-04-09 12:45:00+02:00,-20.137014001859015,-2.92
2026-04-09 13:00:00+02:00,-21.2521036258603,-3.0
2026-04-09 13:15:00+02:00,-24.32045572093554,-5.16
2026-04-09 13:30:00+02:00,-21.63686606515303,-9.96
2026-04-09 13:45:00+02:00,-24.52127703068018,-13.34
2026-04-09 14:00:00+02:00,-22.482025402603597,-10.25
2026-04-09 14:15:00+02:00,-21.45363098038863,-9.99
2026-04-09 14:30:00+02:00,-26.937897755596126,-7.17
2026-04-09 14:45:00+02:00,-20.762351968930062,-5.14
2026-04-09 15:00:00+02:00,-10.253135041175682,-2.99
2026-04-09 15:15:00+02:00,-11.410737785359231,-1.2
2026-04-09 15:30:00+02:00,-3.188040743521867,-0.93
2026-04-09 15:45:00+02:00,3.3048933146245645,-0.09
2026-04-09 16:00:00+02:00,4.037593735341147,-0.01
2026-04-09 16:15:00+02:00,17.94058911392925,3.68
2026-04-09 16:30:00+02:00,27.94433220519724,33.41
2026-04-09 16:45:00+02:00,61.497869738994744,71.24
2026-04-09 17:00:00+02:00,38.174416684428465,27.4
2026-04-09 17:15:00+02:00,80.0912176273667,77.85
2026-04-09 17:30:00+02:00,98.30301371741186,100.71
2026-04-09 17:45:00+02:00,107.44442683246177,124.15
2026-04-09 18:00:00+02:00,96.40112054661901,90.66
2026-04-09 18:15:00+02:00,97.64174288294306,111.65
2026-04-09 18:30:00+02:00,124.84540597280059,126.24
2026-04-09 18:45:00+02:00,160.10172400008605,132.87
2026-04-09 19:00:00+02:00,149.50279739819092,129.26
2026-04-09 19:15:00+02:00,150.656869930153,132.5
2026-04-09 19:30:00+02:00,139.61781232504646,143.54
2026-04-09 19:45:00+02:00,148.12447000817093,143.37
2026-04-09 20:00:00+02:00,144.49646996513712,154.12
2026-04-09 20:15:00+02:00,129.3516108376992,129.49
2026-04-09 20:30:00+02:00,134.83895115643028,119.65
2026-04-09 20:45:00+02:00,120.94737222719282,106.04
2026-04-09 21:00:00+02:00,137.81530885352035,131.9
2026-04-09 21:15:00+02:00,117.7313413572678,120.15
2026-04-09 21:30:00+02:00,110.23417434492991,105.48
2026-04-09 21:45:00+02:00,92.88938262560657,86.27
2026-04-09 22:00:00+02:00,111.85850802064404,109.52
2026-04-09 22:15:00+02:00,101.2249578538668,104.84
2026-04-09 22:30:00+02:00,100.33213985358337,98.23
2026-04-09 22:45:00+02:00,91.57981906911071,88.33
2026-04-09 23:00:00+02:00,92.47297135179238,90.31
2026-04-09 23:15:00+02:00,82.27000997154738,85.51
2026-04-09 23:30:00+02:00,80.01254812552409,79.69
2026-04-09 23:45:00+02:00,71.89742611374272,68.7
2026-04-10 00:00:00+02:00,78.9754233647059,85.57
2026-04-10 00:15:00+02:00,75.62849760497437,81.9
2026-04-10 00:30:00+02:00,73.3560231644669,80.25
2026-04-10 00:45:00+02:00,77.12967847023093,79.8
2026-04-10 01:00:00+02:00,76.31284701108194,81.0
2026-04-10 01:15:00+02:00,80.55735556735716,79.86
2026-04-10 01:30:00+02:00,78.94478516409728,78.42
2026-04-10 01:45:00+02:00,69.79934131564471,78.0
2026-04-10 02:00:00+02:00,75.70582678934429,81.11
2026-04-10 02:15:00+02:00,80.16001057518851,78.58
2026-04-10 02:30:00+02:00,82.05392300498912,78.45
2026-04-10 02:45:00+02:00,82.1086866693064,77.18
2026-04-10 03:00:00+02:00,85.40699672261393,78.49
2026-04-10 03:15:00+02:00,85.15349094320317,78.71
2026-04-10 03:30:00+02:00,85.12942259410462,78.94
2026-04-10 03:45:00+02:00,85.69320203913651,78.07
2026-04-10 04:00:00+02:00,84.4113071043862,78.27
2026-04-10 04:15:00+02:00,85.10450420900483,80.58
2026-04-10 04:30:00+02:00,90.25095696138277,80.84
2026-04-10 04:45:00+02:00,93.2759502461946,84.8
2026-04-10 05:00:00+02:00,87.46615344973904,81.92
2026-04-10 05:15:00+02:00,88.35079919002068,88.08
2026-04-10 05:30:00+02:00,92.79865647051204,86.61
2026-04-10 05:45:00+02:00,117.49925457373185,98.46
2026-04-10 06:00:00+02:00,93.92639012404813,89.88
2026-04-10 06:15:00+02:00,118.45485760077842,118.01
2026-04-10 06:30:00+02:00,142.88445816050623,116.62
2026-04-10 06:45:00+02:00,134.0111265949039,124.12
2026-04-10 07:00:00+02:00,121.13755706840261,127.41
2026-04-10 07:15:00+02:00,148.85692244116652,129.2
2026-04-10 07:30:00+02:00,134.88914472537516,126.21
2026-04-10 07:45:00+02:00,117.68872769540866,122.93
2026-04-10 08:00:00+02:00,146.05681044785126,132.29
2026-04-10 08:15:00+02:00,130.78986565714365,127.2
2026-04-10 08:30:00+02:00,119.05616593256332,123.01
2026-04-10 08:45:00+02:00,114.26171191729654,110.14
2026-04-10 09:00:00+02:00,125.44545898141351,131.18
2026-04-10 09:15:00+02:00,121.24736518206356,119.53
2026-04-10 09:30:00+02:00,115.16992340876739,117.11
2026-04-10 09:45:00+02:00,109.28313391959207,109.24
2026-04-10 10:00:00+02:00,117.1693432366372,118.68
2026-04-10 10:15:00+02:00,111.06698843497124,110.78
2026-04-10 10:30:00+02:00,103.82481912391071,111.0
2026-04-10 10:45:00+02:00,97.33709223566078,98.9
2026-04-10 11:00:00+02:00,109.00060377093828,110.21
2026-04-10 11:15:00+02:00,97.33746829660943,102.57
2026-04-10 11:30:00+02:00,93.99928946201565,100.18
2026-04-10 11:45:00+02:00,85.10416957247645,99.0
2026-04-10 12:00:00+02:00,92.64933486827573,95.48
2026-04-10 12:15:00+02:00,78.7874964980289,88.48
2026-04-10 12:30:00+02:00,68.68065697124143,96.02
2026-04-10 12:45:00+02:00,61.46209697033778,88.38
2026-04-10 13:00:00+02:00,68.39256879606648,96.11
2026-04-10 13:15:00+02:00,55.026752638722684,87.94
2026-04-10 13:30:00+02:00,45.12960948568518,84.89
2026-04-10 13:45:00+02:00,42.67323761932247,86.81
2026-04-10 14:00:00+02:00,43.68209239544415,87.91
2026-04-10 14:15:00+02:00,54.93054186373661,85.68
2026-04-10 14:30:00+02:00,70.01557280317073,88.06
2026-04-10 14:45:00+02:00,72.08646776429073,87.95
2026-04-10 15:00:00+02:00,66.8227223964106,86.52
2026-04-10 15:15:00+02:00,75.92437806878814,94.04
2026-04-10 15:30:00+02:00,86.9909662109648,97.13
2026-04-10 15:45:00+02:00,105.22337572686479,98.38
2026-04-10 16:00:00+02:00,73.21708682568799,94.6
2026-04-10 16:15:00+02:00,89.54969033747076,104.03
2026-04-10 16:30:00+02:00,99.73607402887923,112.85
2026-04-10 16:45:00+02:00,115.10095074415676,123.64
2026-04-10 17:00:00+02:00,99.94441825521639,110.2
2026-04-10 17:15:00+02:00,101.15739627609864,123.0
2026-04-10 17:30:00+02:00,128.73669348694304,131.13
2026-04-10 17:45:00+02:00,142.35806091333765,156.08
2026-04-10 18:00:00+02:00,114.44631158272117,128.1
2026-04-10 18:15:00+02:00,135.05735467170584,134.44
2026-04-10 18:30:00+02:00,147.22097261157137,154.01
2026-04-10 18:45:00+02:00,158.470371298939,204.61
2026-04-10 19:00:00+02:00,156.8956318740711,165.53
2026-04-10 19:15:00+02:00,152.8559590984968,193.17
2026-04-10 19:30:00+02:00,159.64242105208518,237.77
2026-04-10 19:45:00+02:00,168.862212336585,314.6
2026-04-10 20:00:00+02:00,159.66314257087933,272.0
2026-04-10 20:15:00+02:00,155.78745736445399,259.0
2026-04-10 20:30:00+02:00,146.68591367891523,239.53
2026-04-10 20:45:00+02:00,139.58737678371847,209.93
2026-04-10 21:00:00+02:00,152.00501670217872,215.66
2026-04-10 21:15:00+02:00,136.43055895030452,177.03
2026-04-10 21:30:00+02:00,139.5191304959218,167.0
2026-04-10 21:45:00+02:00,120.08820110514843,146.22
2026-04-10 22:00:00+02:00,139.3480593048339,168.53
2026-04-10 22:15:00+02:00,127.19777567558194,152.51
2026-04-10 22:30:00+02:00,128.6278142214572,144.06
2026-04-10 22:45:00+02:00,126.72490950647244,132.12
2026-04-10 23:00:00+02:00,129.99445534391492,137.88
2026-04-10 23:15:00+02:00,132.7740023367803,132.3
2026-04-10 23:30:00+02:00,123.73831933502822,132.29
2026-04-10 23:45:00+02:00,114.7250564988944,125.37
2026-04-11 00:00:00+02:00,129.49556435045122,147.15
2026-04-11 00:15:00+02:00,129.39630392873767,136.26
2026-04-11 00:30:00+02:00,120.85906217897097,129.36
2026-04-11 00:45:00+02:00,118.043101424933,123.29
2026-04-11 01:00:00+02:00,121.49228567149564,127.94
2026-04-11 01:15:00+02:00,113.87222942879592,123.91
2026-04-11 01:30:00+02:00,106.12719701110422,115.78
2026-04-11 01:45:00+02:00,103.07506692106966,114.9
2026-04-11 02:00:00+02:00,107.41750997465473,116.62
2026-04-11 02:15:00+02:00,102.79664083643618,114.05
2026-04-11 02:30:00+02:00,102.1287724261909,114.14
2026-04-11 02:45:00+02:00,97.56807616547489,112.72
2026-04-11 03:00:00+02:00,101.56472335161597,114.99
2026-04-11 03:15:00+02:00,98.04333937944186,113.25
2026-04-11 03:30:00+02:00,94.58364055179219,112.32
2026-04-11 03:45:00+02:00,94.76106724566725,108.84
2026-04-11 04:00:00+02:00,94.64654267043127,113.01
2026-04-11 04:15:00+02:00,96.69959565188717,112.06
2026-04-11 04:30:00+02:00,97.3338713694945,111.08
2026-04-11 04:45:00+02:00,98.08330231738682,107.2
2026-04-11 05:00:00+02:00,95.53274865531714,111.76
2026-04-11 05:15:00+02:00,97.5882778872925,107.76
2026-04-11 05:30:00+02:00,103.69367566744151,107.53
2026-04-11 05:45:00+02:00,108.55496219102238,106.39
2026-04-11 06:00:00+02:00,106.65833304503192,107.42
2026-04-11 06:15:00+02:00,100.10097348401104,108.66
2026-04-11 06:30:00+02:00,89.18142265956931,108.46
2026-04-11 06:45:00+02:00,84.61522533327758,101.88
2026-04-11 07:00:00+02:00,121.87408130111726,110.3
2026-04-11 07:15:00+02:00,98.39426788086307,105.7
2026-04-11 07:30:00+02:00,88.85569027044913,90.49
2026-04-11 07:45:00+02:00,70.87810700259811,66.46
2026-04-11 08:00:00+02:00,106.49131309735631,103.62
2026-04-11 08:15:00+02:00,93.17218158249224,87.41
2026-04-11 08:30:00+02:00,81.7654802425314,63.77
2026-04-11 08:45:00+02:00,56.077356775623265,23.64
2026-04-11 09:00:00+02:00,88.24309164718669,55.81
2026-04-11 09:15:00+02:00,73.97927279372334,22.46
2026-04-11 09:30:00+02:00,51.6826267117373,8.0
2026-04-11 09:45:00+02:00,15.693534048167663,0.01
2026-04-11 10:00:00+02:00,55.35131455486657,7.73
2026-04-11 10:15:00+02:00,18.198014379628376,0.0
2026-04-11 10:30:00+02:00,-13.923560047231305,-1.01
2026-04-11 10:45:00+02:00,-24.269584798664752,-7.35
2026-04-11 11:00:00+02:00,-18.804170346332057,-1.0
2026-04-11 11:15:00+02:00,-11.50344601123092,-2.17
2026-04-11 11:30:00+02:00,-23.227557195453954,-9.99
2026-04-11 11:45:00+02:00,-22.331326358291584,-20.07
2026-04-11 12:00:00+02:00,-7.768336219824079,-20.09
2026-04-11 12:15:00+02:00,-20.525276595499456,-39.93
2026-04-11 12:30:00+02:00,-25.26084032733003,-42.74
2026-04-11 12:45:00+02:00,-29.264204788563248,-58.25
2026-04-11 13:00:00+02:00,-32.68350378258215,-70.01
2026-04-11 13:15:00+02:00,-36.29406071701266,-74.74
2026-04-11 13:30:00+02:00,-43.57833248429807,-84.8
2026-04-11 13:45:00+02:00,-44.95877637796822,-90.31
2026-04-11 14:00:00+02:00,-35.530897784512916,-82.01
2026-04-11 14:15:00+02:00,-31.330836448879005,-79.75
2026-04-11 14:30:00+02:00,-28.001421443638804,-74.99
2026-04-11 14:45:00+02:00,-29.625880958503473,-73.79
2026-04-11 15:00:00+02:00,-39.05636603264925,-63.01
2026-04-11 15:15:00+02:00,-28.06053209646319,-50.3
2026-04-11 15:30:00+02:00,-9.1094074294206,-40.0
2026-04-11 15:45:00+02:00,-12.934632059196645,-30.0
2026-04-11 16:00:00+02:00,-3.415968584595035,-29.93
2026-04-11 16:15:00+02:00,3.3375458711702066,-15.0
2026-04-11 16:30:00+02:00,9.73583006134804,-8.3
2026-04-11 16:45:00+02:00,42.01381329812152,-9.96
2026-04-11 17:00:00+02:00,20.75753320318249,-4.1
2026-04-11 17:15:00+02:00,46.75181611495128,-3.0
2026-04-11 17:30:00+02:00,54.90806466954882,-0.55
2026-04-11 17:45:00+02:00,64.70705875726497,4.79
2026-04-11 18:00:00+02:00,45.001662572654055,2.38
2026-04-11 18:15:00+02:00,64.68047878664996,37.1
2026-04-11 18:30:00+02:00,115.00279581508407,60.41
2026-04-11 18:45:00+02:00,136.41259665394685,74.9
2026-04-11 19:00:00+02:00,124.34724795948665,68.11
2026-04-11 19:15:00+02:00,124.82903720286461,75.32
2026-04-11 19:30:00+02:00,129.93375827951775,76.99
2026-04-11 19:45:00+02:00,108.57535020068588,74.85
2026-04-11 20:00:00+02:00,137.71711553204793,86.19
2026-04-11 20:15:00+02:00,111.0465513053148,70.09
2026-04-11 20:30:00+02:00,102.99215602857774,74.95
2026-04-11 20:45:00+02:00,98.81617529211643,67.92
2026-04-11 21:00:00+02:00,118.55791053886318,67.99
2026-04-11 21:15:00+02:00,111.19000170352629,66.94
2026-04-11 21:30:00+02:00,96.3064757701899,63.0
2026-04-11 21:45:00+02:00,92.90682719075157,63.0
2026-04-11 22:00:00+02:00,99.92533266451073,69.97
2026-04-11 22:15:00+02:00,103.7531227459736,71.04
2026-04-11 22:30:00+02:00,89.13946669022604,70.51
2026-04-11 22:45:00+02:00,64.3536634242098,62.99
2026-04-11 23:00:00+02:00,106.5416249042474,70.01
2026-04-11 23:15:00+02:00,84.35718755567945,70.05
2026-04-11 23:30:00+02:00,70.2555649407056,69.13
2026-04-11 23:45:00+02:00,63.35839758863371,65.31
2026-04-12 00:00:00+02:00,63.81337880173289,70.01
2026-04-12 00:15:00+02:00,65.81905050416688,71.02
2026-04-12 00:30:00+02:00,63.28606795813786,75.15
2026-04-12 00:45:00+02:00,53.976045960739775,73.91
2026-04-12 01:00:00+02:00,62.69096242095181,77.1
2026-04-12 01:15:00+02:00,61.99487888064002,73.27
2026-04-12 01:30:00+02:00,63.30494369252233,76.21
2026-04-12 01:45:00+02:00,62.032367183602375,79.71
2026-04-12 02:00:00+02:00,60.22110333481556,77.47
2026-04-12 02:15:00+02:00,58.437247967075855,80.11
2026-04-12 02:30:00+02:00,63.186006595305834,80.68
2026-04-12 02:45:00+02:00,59.573281581472976,83.43
2026-04-12 03:00:00+02:00,59.223280250458345,82.4
2026-04-12 03:15:00+02:00,61.35680579760513,85.59
2026-04-12 03:30:00+02:00,56.265680977689755,84.93
2026-04-12 03:45:00+02:00,63.61013972286577,88.12
2026-04-12 04:00:00+02:00,58.13358594067006,91.29
2026-04-12 04:15:00+02:00,60.402843888042824,93.06
2026-04-12 04:30:00+02:00,63.607343263472316,96.18
2026-04-12 04:45:00+02:00,69.19333670942927,99.88
2026-04-12 05:00:00+02:00,65.35749831281125,95.62
2026-04-12 05:15:00+02:00,65.62953874864971,99.34
2026-04-12 05:30:00+02:00,74.68221200720613,99.31
2026-04-12 05:45:00+02:00,83.73217072301132,97.93
2026-04-12 06:00:00+02:00,71.05674543056489,101.6
2026-04-12 06:15:00+02:00,85.28671305575494,101.13
2026-04-12 06:30:00+02:00,110.08936669204307,97.06
2026-04-12 06:45:00+02:00,99.73161254550372,95.01
2026-04-12 07:00:00+02:00,125.04545074718929,105.19
2026-04-12 07:15:00+02:00,120.42698977342171,95.95
2026-04-12 07:30:00+02:00,100.33426744242158,89.19
2026-04-12 07:45:00+02:00,98.5380554711974,86.94
2026-04-12 08:00:00+02:00,109.60650993059242,87.99
2026-04-12 08:15:00+02:00,110.37283337199136,81.28
2026-04-12 08:30:00+02:00,119.181187159677,77.14
2026-04-12 08:45:00+02:00,97.68762022896588,58.0
2026-04-12 09:00:00+02:00,115.49094415982681,63.61
2026-04-12 09:15:00+02:00,109.21766356992319,56.98
2026-04-12 09:30:00+02:00,106.90666066595726,47.69
2026-04-12 09:45:00+02:00,105.0761172079959,45.01
2026-04-12 10:00:00+02:00,112.4171545062338,49.72
2026-04-12 10:15:00+02:00,110.80969410560714,24.93
2026-04-12 10:30:00+02:00,101.68377460475212,25.05
2026-04-12 10:45:00+02:00,94.77472640218981,21.23
2026-04-12 11:00:00+02:00,87.77679882783221,26.25
2026-04-12 11:15:00+02:00,89.86579716118223,23.67
2026-04-12 11:30:00+02:00,97.07597680920742,20.79
2026-04-12 11:45:00+02:00,82.53972164092679,18.95
2026-04-12 12:00:00+02:00,90.18299777917942,21.58
2026-04-12 12:15:00+02:00,72.08710958904665,16.25
2026-04-12 12:30:00+02:00,74.72880120420446,15.0
2026-04-12 12:45:00+02:00,74.32247806952923,7.07
2026-04-12 13:00:00+02:00,70.84952927402415,5.56
2026-04-12 13:15:00+02:00,72.05723917340936,2.0
2026-04-12 13:30:00+02:00,64.69705672353857,0.18
2026-04-12 13:45:00+02:00,59.28080050225806,0.14
2026-04-12 14:00:00+02:00,66.0222955106883,0.0
2026-04-12 14:15:00+02:00,73.77097060988469,3.29
2026-04-12 14:30:00+02:00,71.60587358543317,8.1
2026-04-12 14:45:00+02:00,78.36844807233852,7.11
2026-04-12 15:00:00+02:00,76.51487309182082,5.96
2026-04-12 15:15:00+02:00,90.7059265538224,10.04
2026-04-12 15:30:00+02:00,101.06463369122922,17.23
2026-04-12 15:45:00+02:00,106.81883193782004,30.39
2026-04-12 16:00:00+02:00,89.78283665978545,33.09
2026-04-12 16:15:00+02:00,104.27253463891583,62.55
2026-04-12 16:30:00+02:00,127.4495385822642,67.35
2026-04-12 16:45:00+02:00,135.26815872685657,107.21
2026-04-12 17:00:00+02:00,128.0441517791948,64.22
2026-04-12 17:15:00+02:00,127.35644935854157,98.68
2026-04-12 17:30:00+02:00,138.54772592846192,132.84
2026-04-12 17:45:00+02:00,164.12668921596236,144.97
2026-04-12 18:00:00+02:00,150.42956964012706,123.0
2026-04-12 18:15:00+02:00,162.13709205628803,130.98
2026-04-12 18:30:00+02:00,175.4377830468451,140.14
2026-04-12 18:45:00+02:00,178.72352999616336,147.43
2026-04-12 19:00:00+02:00,165.7850551810463,138.38
2026-04-12 19:15:00+02:00,165.92464739515282,137.36
2026-04-12 19:30:00+02:00,180.12902474184102,146.27
2026-04-12 19:45:00+02:00,172.78959819590446,157.05
2026-04-12 20:00:00+02:00,191.96132527349553,150.82
2026-04-12 20:15:00+02:00,167.97993233516007,148.84
2026-04-12 20:30:00+02:00,157.56664028369497,147.04
2026-04-12 20:45:00+02:00,146.95557232397067,140.51
2026-04-12 21:00:00+02:00,151.69749954290887,140.92
2026-04-12 21:15:00+02:00,140.36908201496243,135.3
2026-04-12 21:30:00+02:00,139.38778736890563,137.3
2026-04-12 21:45:00+02:00,133.06253534631423,133.41
2026-04-12 22:00:00+02:00,143.87848796888025,139.59
2026-04-12 22:15:00+02:00,137.10521030330784,134.7
2026-04-12 22:30:00+02:00,137.24387748676577,128.72
2026-04-12 22:45:00+02:00,127.18760062865812,119.42
2026-04-12 23:00:00+02:00,138.40525515204257,135.05
2026-04-12 23:15:00+02:00,130.1200902102085,119.37
2026-04-12 23:30:00+02:00,128.1063560293321,119.42
2026-04-12 23:45:00+02:00,121.81737559713527,110.23
2026-04-13 00:00:00+02:00,143.8259815786967,123.33
2026-04-13 00:15:00+02:00,128.99164862112178,119.38
2026-04-13 00:30:00+02:00,125.56570772723434,113.46
2026-04-13 00:45:00+02:00,115.75081059587237,110.0
2026-04-13 01:00:00+02:00,119.51299648802949,113.29
2026-04-13 01:15:00+02:00,117.86052953857612,110.6
2026-04-13 01:30:00+02:00,116.13708916730198,110.0
2026-04-13 01:45:00+02:00,110.92101072164583,105.29
2026-04-13 02:00:00+02:00,116.28530467567484,109.2
2026-04-13 02:15:00+02:00,113.82656187930482,104.06
2026-04-13 02:30:00+02:00,111.84373120601347,108.32
2026-04-13 02:45:00+02:00,112.80715487264393,107.68
2026-04-13 03:00:00+02:00,112.89638980107566,109.5
2026-04-13 03:15:00+02:00,109.02968248297294,106.9
2026-04-13 03:30:00+02:00,112.62906510624589,108.09
2026-04-13 03:45:00+02:00,111.33609465466537,105.87
2026-04-13 04:00:00+02:00,109.213007136925,109.16
2026-04-13 04:15:00+02:00,107.75956700997867,109.57
2026-04-13 04:30:00+02:00,106.3051036008538,108.72
2026-04-13 04:45:00+02:00,114.96547838594597,112.63
2026-04-13 05:00:00+02:00,111.13115813207116,112.68
2026-04-13 05:15:00+02:00,112.01608892968036,114.37
2026-04-13 05:30:00+02:00,123.8316935471328,119.44
2026-04-13 05:45:00+02:00,126.61663559324181,129.8
2026-04-13 06:00:00+02:00,123.04120706108137,125.98
2026-04-13 06:15:00+02:00,132.57890711225528,135.37
2026-04-13 06:30:00+02:00,140.39096681301046,142.73
2026-04-13 06:45:00+02:00,139.71308617594525,140.38
2026-04-13 07:00:00+02:00,137.45922320130165,145.96
2026-04-13 07:15:00+02:00,151.96884742259795,145.26
2026-04-13 07:30:00+02:00,126.13531705896786,144.37
2026-04-13 07:45:00+02:00,136.60852083194783,144.89
2026-04-13 08:00:00+02:00,139.8832656163465,218.0
2026-04-13 08:15:00+02:00,142.66114359646144,172.22
2026-04-13 08:30:00+02:00,131.89579592770156,156.19
2026-04-13 08:45:00+02:00,119.92003130800143,149.11
2026-04-13 09:00:00+02:00,136.01290688807694,192.37
2026-04-13 09:15:00+02:00,124.3413743836141,174.81
2026-04-13 09:30:00+02:00,118.12666971304162,145.78
2026-04-13 09:45:00+02:00,116.24395598102001,130.9
2026-04-13 10:00:00+02:00,118.25614176509086,177.03
2026-04-13 10:15:00+02:00,113.20591396710171,133.0
2026-04-13 10:30:00+02:00,106.14619406702982,126.4
2026-04-13 10:45:00+02:00,111.74457864925338,118.09
2026-04-13 11:00:00+02:00,111.03478112490131,126.53
2026-04-13 11:15:00+02:00,109.4712307200801,112.81
2026-04-13 11:30:00+02:00,99.3636686747997,110.91
2026-04-13 11:45:00+02:00,93.82626873351265,113.75
2026-04-13 12:00:00+02:00,101.01431828988089,112.82
2026-04-13 12:15:00+02:00,87.03017170863248,101.02
2026-04-13 12:30:00+02:00,92.5148429217582,104.84
2026-04-13 12:45:00+02:00,92.45316617151694,100.26
2026-04-13 13:00:00+02:00,87.69556166044026,99.79
2026-04-13 13:15:00+02:00,91.28601413508633,97.45
2026-04-13 13:30:00+02:00,92.65954826959256,97.04
2026-04-13 13:45:00+02:00,90.58999936434388,95.29
2026-04-13 14:00:00+02:00,85.17564719391409,98.25
2026-04-13 14:15:00+02:00,92.01662459920749,99.31
2026-04-13 14:30:00+02:00,81.20790875140416,103.3
2026-04-13 14:45:00+02:00,92.52050874806483,105.92
2026-04-13 15:00:00+02:00,87.70436549513663,100.4
2026-04-13 15:15:00+02:00,95.6374590335535,103.78
2026-04-13 15:30:00+02:00,87.39109518988067,103.37
2026-04-13 15:45:00+02:00,83.96641486644938,111.0
2026-04-13 16:00:00+02:00,94.36975059345964,97.93
2026-04-13 16:15:00+02:00,96.53909797546416,103.38
2026-04-13 16:30:00+02:00,85.86597200151445,117.7
2026-04-13 16:45:00+02:00,107.00179931357108,139.38
2026-04-13 17:00:00+02:00,97.25392819293369,101.21
2026-04-13 17:15:00+02:00,102.18860683029561,122.41
2026-04-13 17:30:00+02:00,129.28764768545918,140.89
2026-04-13 17:45:00+02:00,128.5671539057323,157.0
2026-04-13 18:00:00+02:00,108.87907434328919,132.24
2026-04-13 18:15:00+02:00,122.60601776773089,141.86
2026-04-13 18:30:00+02:00,123.37810398002802,150.17
2026-04-13 18:45:00+02:00,151.3023669986216,168.53
2026-04-13 19:00:00+02:00,140.1988185699325,149.68
2026-04-13 19:15:00+02:00,156.63274477416337,162.83
2026-04-13 19:30:00+02:00,175.98817473458078,166.56
2026-04-13 19:45:00+02:00,171.2190985954495,179.02
2026-04-13 20:00:00+02:00,184.63710124882553,165.6
2026-04-13 20:15:00+02:00,171.54357258242592,165.37
2026-04-13 20:30:00+02:00,152.11345182819306,151.47
2026-04-13 20:45:00+02:00,140.21565198703925,144.0
2026-04-13 21:00:00+02:00,161.77768403599376,152.42
2026-04-13 21:15:00+02:00,147.14058229275517,144.3
2026-04-13 21:30:00+02:00,139.79852195053587,131.88
2026-04-13 21:45:00+02:00,129.56307353883807,127.59
2026-04-13 22:00:00+02:00,141.9554236242334,137.14
2026-04-13 22:15:00+02:00,134.3764688944686,131.99
2026-04-13 22:30:00+02:00,131.87189273522978,127.96
2026-04-13 22:45:00+02:00,125.09864345274097,121.95
2026-04-13 23:00:00+02:00,132.60287589563822,130.92
2026-04-13 23:15:00+02:00,121.74584333404326,124.36
2026-04-13 23:30:00+02:00,119.67631493502603,122.0
2026-04-13 23:45:00+02:00,104.45760652220328,113.23
2026-04-14 00:00:00+02:00,131.26654722489107,123.64
2026-04-14 00:15:00+02:00,118.3964671598168,116.21
2026-04-14 00:30:00+02:00,110.56060813242433,113.33
2026-04-14 00:45:00+02:00,108.52402175137907,111.07
2026-04-14 01:00:00+02:00,114.53398696013444,113.56
2026-04-14 01:15:00+02:00,112.90641638382252,113.25
2026-04-14 01:30:00+02:00,116.04020721236742,112.79
2026-04-14 01:45:00+02:00,113.49290802440856,115.06
2026-04-14 02:00:00+02:00,114.36307725553743,115.1
2026-04-14 02:15:00+02:00,114.13753529350329,115.0
2026-04-14 02:30:00+02:00,114.12896503715994,114.39
2026-04-14 02:45:00+02:00,113.90805537974614,115.47
2026-04-14 03:00:00+02:00,112.62612978953373,113.2
2026-04-14 03:15:00+02:00,114.60769037307105,112.86
2026-04-14 03:30:00+02:00,117.37463167847315,113.8
2026-04-14 03:45:00+02:00,120.6533849438213,113.68
2026-04-14 04:00:00+02:00,121.66516920597708,113.49
2026-04-14 04:15:00+02:00,120.00900182720731,114.55
2026-04-14 04:30:00+02:00,118.94039766247627,114.94
2026-04-14 04:45:00+02:00,122.73420806740816,115.74
2026-04-14 05:00:00+02:00,120.13681150565539,114.27
2026-04-14 05:15:00+02:00,125.30028982552948,116.19
2026-04-14 05:30:00+02:00,132.24563210279058,117.37
2026-04-14 05:45:00+02:00,141.32469070723127,124.76
2026-04-14 06:00:00+02:00,133.21741254010118,119.56
2026-04-14 06:15:00+02:00,144.67173738574016,136.61
2026-04-14 06:30:00+02:00,156.01592725739027,142.53
2026-04-14 06:45:00+02:00,166.4764325596961,156.18
2026-04-14 07:00:00+02:00,151.07719678478176,156.85
2026-04-14 07:15:00+02:00,154.70745976134452,167.82
2026-04-14 07:30:00+02:00,161.25442932556427,171.86
2026-04-14 07:45:00+02:00,148.26081220194496,155.56
2026-04-14 08:00:00+02:00,181.96495137784382,196.18
2026-04-14 08:15:00+02:00,173.20002806062877,179.4
2026-04-14 08:30:00+02:00,157.48306151400584,150.29
2026-04-14 08:45:00+02:00,148.41506207538526,132.11
2026-04-14 09:00:00+02:00,168.8123801496459,172.43
2026-04-14 09:15:00+02:00,150.91334850956318,145.1
2026-04-14 09:30:00+02:00,139.7311470336904,139.98
2026-04-14 09:45:00+02:00,117.866153769681,119.81
2026-04-14 10:00:00+02:00,151.8819815523634,142.04
2026-04-14 10:15:00+02:00,122.69191194275264,129.9
2026-04-14 10:30:00+02:00,116.22756036861566,121.58
2026-04-14 10:45:00+02:00,106.4854733696192,121.8
2026-04-14 11:00:00+02:00,122.08482805815282,120.14
2026-04-14 11:15:00+02:00,115.12171050265687,118.85
2026-04-14 11:30:00+02:00,93.58449529736322,116.48
2026-04-14 11:45:00+02:00,82.21376493655126,113.86
2026-04-14 12:00:00+02:00,100.378498198821,114.14
2026-04-14 12:15:00+02:00,72.81121634518556,110.3
2026-04-14 12:30:00+02:00,73.52128534745498,107.84
2026-04-14 12:45:00+02:00,75.9668836714846,105.75
2026-04-14 13:00:00+02:00,74.75169734594174,106.95
2026-04-14 13:15:00+02:00,71.6771721495648,105.83
2026-04-14 13:30:00+02:00,76.88757944980115,105.07
2026-04-14 13:45:00+02:00,79.94823984727702,100.95
2026-04-14 14:00:00+02:00,73.59296725777341,100.87
2026-04-14 14:15:00+02:00,82.82135228888669,105.19
2026-04-14 14:30:00+02:00,77.36010745355021,109.3
2026-04-14 14:45:00+02:00,91.77528535364547,120.28
2026-04-14 15:00:00+02:00,86.50882648060703,103.41
2026-04-14 15:15:00+02:00,96.08927034239166,112.6
2026-04-14 15:30:00+02:00,102.68693057338612,120.0
2026-04-14 15:45:00+02:00,110.37705704936819,126.26
2026-04-14 16:00:00+02:00,100.27491683114489,110.29
2026-04-14 16:15:00+02:00,105.06064401111918,114.16
2026-04-14 16:30:00+02:00,109.43361865698854,127.0
2026-04-14 16:45:00+02:00,136.2237608268559,135.33
2026-04-14 17:00:00+02:00,107.99767244973145,118.28
2026-04-14 17:15:00+02:00,127.55100348619372,135.3
2026-04-14 17:30:00+02:00,139.38948541721535,146.21
2026-04-14 17:45:00+02:00,158.70422172759115,149.96
2026-04-14 18:00:00+02:00,125.67010771674788,135.06
2026-04-14 18:15:00+02:00,141.06484855886816,148.96
2026-04-14 18:30:00+02:00,173.24503420797492,164.24
2026-04-14 18:45:00+02:00,183.89999381958768,191.8
2026-04-14 19:00:00+02:00,162.55778309489716,173.74
2026-04-14 19:15:00+02:00,174.751326721144,195.19
2026-04-14 19:30:00+02:00,195.58986837978466,236.85
2026-04-14 19:45:00+02:00,200.73442754576433,293.23
2026-04-14 20:00:00+02:00,200.91405444960665,261.01
2026-04-14 20:15:00+02:00,191.92363782184498,255.73
2026-04-14 20:30:00+02:00,174.51132645617622,225.48
2026-04-14 20:45:00+02:00,156.17514317184964,194.89
2026-04-14 21:00:00+02:00,168.18532571310132,186.67
2026-04-14 21:15:00+02:00,154.19810614996987,171.0
2026-04-14 21:30:00+02:00,145.1170151838623,156.41
2026-04-14 21:45:00+02:00,135.33234550930695,149.71
2026-04-14 22:00:00+02:00,151.81456463065507,160.64
2026-04-14 22:15:00+02:00,138.39142662245501,152.06
2026-04-14 22:30:00+02:00,135.2331402831415,145.55
2026-04-14 22:45:00+02:00,127.72331669196498,134.78
2026-04-14 23:00:00+02:00,138.68128830179285,150.01
2026-04-14 23:15:00+02:00,130.512189552701,139.93
2026-04-14 23:30:00+02:00,124.1235545694043,131.53
2026-04-14 23:45:00+02:00,114.26027178125871,120.01
2026-04-15 00:00:00+02:00,139.4705867825225,126.14
2026-04-15 00:15:00+02:00,125.52520823346266,123.58
2026-04-15 00:30:00+02:00,127.079782441449,120.0
2026-04-15 00:45:00+02:00,122.9962998753469,116.68
2026-04-15 01:00:00+02:00,130.4840850938423,119.9
2026-04-15 01:15:00+02:00,126.75281706729803,118.03
2026-04-15 01:30:00+02:00,126.21787721603548,114.89
2026-04-15 01:45:00+02:00,122.0775998488848,113.01
2026-04-15 02:00:00+02:00,126.15643721694143,113.69
2026-04-15 02:15:00+02:00,124.20027260571835,112.7
2026-04-15 02:30:00+02:00,122.62438957109924,110.67
2026-04-15 02:45:00+02:00,123.27776276696409,110.01
2026-04-15 03:00:00+02:00,121.87464973093888,110.0
2026-04-15 03:15:00+02:00,123.195184749943,110.02
2026-04-15 03:30:00+02:00,123.19632224628097,110.04
2026-04-15 03:45:00+02:00,124.19110205241114,110.01
2026-04-15 04:00:00+02:00,118.3599084042398,110.1
2026-04-15 04:15:00+02:00,122.56451275389927,109.01
2026-04-15 04:30:00+02:00,124.22293351463554,111.27
2026-04-15 04:45:00+02:00,125.80955191953278,112.99
2026-04-15 05:00:00+02:00,122.94837019986441,114.68
2026-04-15 05:15:00+02:00,130.88281168074937,119.66
2026-04-15 05:30:00+02:00,133.08185958478825,124.88
2026-04-15 05:45:00+02:00,151.21289029020747,133.5
2026-04-15 06:00:00+02:00,136.30488685426707,137.86
2026-04-15 06:15:00+02:00,157.47335102450873,147.47
2026-04-15 06:30:00+02:00,173.6538794087159,151.83
2026-04-15 06:45:00+02:00,176.31643342121833,156.6
2026-04-15 07:00:00+02:00,184.64103099419464,166.92
2026-04-15 07:15:00+02:00,191.41498741971765,164.87
2026-04-15 07:30:00+02:00,163.43204905149761,161.28
2026-04-15 07:45:00+02:00,152.38800322069068,145.14
2026-04-15 08:00:00+02:00,197.10014194480584,164.5
2026-04-15 08:15:00+02:00,149.62773138027825,145.88
2026-04-15 08:30:00+02:00,143.4762360622331,135.77
2026-04-15 08:45:00+02:00,110.68052637633049,114.25
2026-04-15 09:00:00+02:00,144.6695396222375,130.0
2026-04-15 09:15:00+02:00,119.02640212123961,121.94
2026-04-15 09:30:00+02:00,111.63476830257879,110.1
2026-04-15 09:45:00+02:00,101.4470024891779,103.24
2026-04-15 10:00:00+02:00,117.49156202314578,126.0
2026-04-15 10:15:00+02:00,108.71325143811085,101.84
2026-04-15 10:30:00+02:00,92.695250056073,94.31
2026-04-15 10:45:00+02:00,73.89902038344555,81.06
2026-04-15 11:00:00+02:00,91.05580728144646,99.33
2026-04-15 11:15:00+02:00,67.48926969447233,84.92
2026-04-15 11:30:00+02:00,64.1295764103206,74.39
2026-04-15 11:45:00+02:00,53.88796994169991,57.12
2026-04-15 12:00:00+02:00,69.2141806198015,69.62
2026-04-15 12:15:00+02:00,55.74824111734568,60.08
2026-04-15 12:30:00+02:00,62.897916478999214,54.46
2026-04-15 12:45:00+02:00,65.92747858215272,49.11
2026-04-15 13:00:00+02:00,59.31221528878618,50.05
2026-04-15 13:15:00+02:00,67.38196242446952,48.1
2026-04-15 13:30:00+02:00,68.15884755327555,50.44
2026-04-15 13:45:00+02:00,70.0162595900952,52.34
2026-04-15 14:00:00+02:00,71.08192794440069,48.99
2026-04-15 14:15:00+02:00,81.04174942332014,61.05
2026-04-15 14:30:00+02:00,105.0011180743016,73.01
2026-04-15 14:45:00+02:00,114.3651066629028,85.98
2026-04-15 15:00:00+02:00,88.01826898643932,65.53
2026-04-15 15:15:00+02:00,109.687842022733,76.49
2026-04-15 15:30:00+02:00,110.74517042965788,86.5
2026-04-15 15:45:00+02:00,114.86006731168789,97.45
2026-04-15 16:00:00+02:00,99.31801427279912,84.77
2026-04-15 16:15:00+02:00,107.96580937739978,96.5
2026-04-15 16:30:00+02:00,121.63582732032907,104.64
2026-04-15 16:45:00+02:00,143.02920958170054,111.11
2026-04-15 17:00:00+02:00,108.42498922711941,109.41
2026-04-15 17:15:00+02:00,127.82074442054139,118.4
2026-04-15 17:30:00+02:00,144.06454023793137,130.91
2026-04-15 17:45:00+02:00,167.89844069272826,140.64
2026-04-15 18:00:00+02:00,136.25710635740552,127.12
2026-04-15 18:15:00+02:00,156.79648936672731,135.0
2026-04-15 18:30:00+02:00,183.99730968966188,145.86
2026-04-15 18:45:00+02:00,227.44433080034855,159.62
2026-04-15 19:00:00+02:00,199.2615960067235,158.13
2026-04-15 19:15:00+02:00,207.59228103445287,164.62
2026-04-15 19:30:00+02:00,189.57508619410658,187.92
2026-04-15 19:45:00+02:00,193.14067824831696,209.65
2026-04-15 20:00:00+02:00,194.58554725948744,204.51
2026-04-15 20:15:00+02:00,173.51733532028857,188.23
2026-04-15 20:30:00+02:00,160.94377106581032,178.22
2026-04-15 20:45:00+02:00,155.85071044667657,152.24
2026-04-15 21:00:00+02:00,159.77448204721634,170.1
2026-04-15 21:15:00+02:00,151.74170671968557,149.58
2026-04-15 21:30:00+02:00,141.6773965471732,142.54
2026-04-15 21:45:00+02:00,133.99447747177913,130.1
2026-04-15 22:00:00+02:00,148.7970280230859,142.94
2026-04-15 22:15:00+02:00,141.20802053412902,135.01
2026-04-15 22:30:00+02:00,134.83347861463787,129.08
2026-04-15 22:45:00+02:00,122.64592439435087,123.71
2026-04-15 23:00:00+02:00,134.5273377333317,131.73
2026-04-15 23:15:00+02:00,125.37763325897527,121.91
2026-04-15 23:30:00+02:00,121.5347372404614,113.17
2026-04-15 23:45:00+02:00,114.89287907481163,104.27
2026-04-16 00:00:00+02:00,129.80207969016183,112.51
2026-04-16 00:15:00+02:00,120.89046747197847,108.71
2026-04-16 00:30:00+02:00,115.5981144350089,103.53
2026-04-16 00:45:00+02:00,110.35459134582155,100.11
2026-04-16 01:00:00+02:00,118.358449631443,104.62
2026-04-16 01:15:00+02:00,117.49833748004163,100.89
2026-04-16 01:30:00+02:00,115.30768569624495,100.35
2026-04-16 01:45:00+02:00,112.9936858063001,99.73
2026-04-16 02:00:00+02:00,114.34374590936146,99.69
2026-04-16 02:15:00+02:00,111.12754242612442,100.5
2026-04-16 02:30:00+02:00,113.29638096208959,100.08
2026-04-16 02:45:00+02:00,113.77586807491406,98.11
2026-04-16 03:00:00+02:00,115.85577679977985,96.78
2026-04-16 03:15:00+02:00,114.78597975707297,98.25
2026-04-16 03:30:00+02:00,117.35490053063879,99.46
2026-04-16 03:45:00+02:00,112.52584327701868,98.97
2026-04-16 04:00:00+02:00,113.69284310243576,96.72
2026-04-16 04:15:00+02:00,116.0138116764536,98.91
2026-04-16 04:30:00+02:00,114.97195624939143,102.29
2026-04-16 04:45:00+02:00,117.9763286360365,105.69
2026-04-16 05:00:00+02:00,114.85829264960061,99.81
2026-04-16 05:15:00+02:00,118.82197372854606,103.13
2026-04-16 05:30:00+02:00,122.59831651929967,112.95
2026-04-16 05:45:00+02:00,135.16559567759666,126.53
2026-04-16 06:00:00+02:00,133.42291585034488,124.81
2026-04-16 06:15:00+02:00,140.05405443321442,135.92
2026-04-16 06:30:00+02:00,149.56642320680277,142.11
2026-04-16 06:45:00+02:00,155.42379151680404,155.06
2026-04-16 07:00:00+02:00,148.68237942637128,150.73
2026-04-16 07:15:00+02:00,165.9565175621606,150.19
2026-04-16 07:30:00+02:00,157.68669923916275,144.2
2026-04-16 07:45:00+02:00,134.9167533057536,134.97
2026-04-16 08:00:00+02:00,183.64187480670373,159.99
2026-04-16 08:15:00+02:00,152.4190634742473,141.44
2026-04-16 08:30:00+02:00,144.51461305788368,130.36
2026-04-16 08:45:00+02:00,116.96565664114851,102.75
2026-04-16 09:00:00+02:00,136.84683386512566,124.5
2026-04-16 09:15:00+02:00,126.74747717802605,109.99
2026-04-16 09:30:00+02:00,128.10402424107488,103.86
2026-04-16 09:45:00+02:00,108.87819559099336,102.43
2026-04-16 10:00:00+02:00,134.41030828064805,120.93
2026-04-16 10:15:00+02:00,115.53155990400946,105.0
2026-04-16 10:30:00+02:00,107.66580821644715,90.79
2026-04-16 10:45:00+02:00,92.83982457403613,68.69
2026-04-16 11:00:00+02:00,94.48990106536672,96.73
2026-04-16 11:15:00+02:00,89.9666327318102,85.0
2026-04-16 11:30:00+02:00,77.99276080207818,67.98
2026-04-16 11:45:00+02:00,68.19215891757086,52.98
2026-04-16 12:00:00+02:00,82.73914998793553,80.98
2026-04-16 12:15:00+02:00,76.17580080146912,63.09
2026-04-16 12:30:00+02:00,68.85509255808938,54.09
2026-04-16 12:45:00+02:00,62.61727293718867,43.89
2026-04-16 13:00:00+02:00,65.4294617239558,57.21
2026-04-16 13:15:00+02:00,63.49285598246782,50.01
2026-04-16 13:30:00+02:00,65.42126511406235,41.94
2026-04-16 13:45:00+02:00,50.43652412732742,33.91
2026-04-16 14:00:00+02:00,62.53083951542091,36.72
2026-04-16 14:15:00+02:00,46.847747867396365,50.01
2026-04-16 14:30:00+02:00,67.78323225001327,60.56
2026-04-16 14:45:00+02:00,78.11926937628873,68.6
2026-04-16 15:00:00+02:00,56.78944436692319,52.79
2026-04-16 15:15:00+02:00,74.11558817713764,64.22
2026-04-16 15:30:00+02:00,89.99153113519051,75.89
2026-04-16 15:45:00+02:00,96.59474989632821,90.58
2026-04-16 16:00:00+02:00,78.8054894829909,64.99
2026-04-16 16:15:00+02:00,99.93925279306117,86.39
2026-04-16 16:30:00+02:00,106.02199183968813,100.56
2026-04-16 16:45:00+02:00,123.52225069341482,107.09
2026-04-16 17:00:00+02:00,107.64780704469523,97.58
2026-04-16 17:15:00+02:00,120.35682429427314,106.3
2026-04-16 17:30:00+02:00,135.06687222934528,117.35
2026-04-16 17:45:00+02:00,145.01912210147378,124.99
2026-04-16 18:00:00+02:00,126.19722106089867,105.28
2026-04-16 18:15:00+02:00,136.89326636391027,127.12
2026-04-16 18:30:00+02:00,143.52216873924948,137.06
2026-04-16 18:45:00+02:00,171.89450826114933,155.12
2026-04-16 19:00:00+02:00,150.1226064485391,135.59
2026-04-16 19:15:00+02:00,173.0436412661197,150.93
2026-04-16 19:30:00+02:00,190.1465981310157,175.26
2026-04-16 19:45:00+02:00,216.53919540631134,205.93
2026-04-16 20:00:00+02:00,217.3979527976261,193.59
2026-04-16 20:15:00+02:00,205.3079647503144,196.09
2026-04-16 20:30:00+02:00,192.85885046325382,185.86
2026-04-16 20:45:00+02:00,169.8638483394704,173.73
2026-04-16 21:00:00+02:00,179.97155077168367,174.82
2026-04-16 21:15:00+02:00,158.49344533721643,160.43
2026-04-16 21:30:00+02:00,154.20310137103874,146.16
2026-04-16 21:45:00+02:00,142.19453332503653,138.63
2026-04-16 22:00:00+02:00,156.07783795660765,151.44
2026-04-16 22:15:00+02:00,145.74876669506543,141.44
2026-04-16 22:30:00+02:00,136.61166914433846,135.58
2026-04-16 22:45:00+02:00,129.76177324009626,126.58
2026-04-16 23:00:00+02:00,139.13388325435426,135.0
2026-04-16 23:15:00+02:00,132.6963197731851,128.68
2026-04-16 23:30:00+02:00,130.2609197029928,125.85
2026-04-16 23:45:00+02:00,114.0602091051562,119.92
2026-04-17 00:00:00+02:00,139.63167467137555,128.48
2026-04-17 00:15:00+02:00,133.17010076473403,123.41
2026-04-17 00:30:00+02:00,125.75192030438194,118.83
2026-04-17 00:45:00+02:00,119.67506329698305,116.37
2026-04-17 01:00:00+02:00,127.24454703710985,118.0
2026-04-17 01:15:00+02:00,122.54262998365103,117.34
2026-04-17 01:30:00+02:00,123.25476689456734,113.98
2026-04-17 01:45:00+02:00,115.4437962907924,112.77
2026-04-17 02:00:00+02:00,123.9730268191575,113.04
2026-04-17 02:15:00+02:00,121.44196749989575,112.77
2026-04-17 02:30:00+02:00,113.86918865296522,112.31
2026-04-17 02:45:00+02:00,116.75056916599516,112.01
2026-04-17 03:00:00+02:00,119.84788984564922,109.22
2026-04-17 03:15:00+02:00,118.79906910042749,107.99
2026-04-17 03:30:00+02:00,117.28262151784963,108.47
2026-04-17 03:45:00+02:00,121.06368775605979,108.37
2026-04-17 04:00:00+02:00,121.93427720632079,110.41
2026-04-17 04:15:00+02:00,121.39199224960795,110.26
2026-04-17 04:30:00+02:00,123.76335715899242,111.59
2026-04-17 04:45:00+02:00,125.3737239412797,113.61
2026-04-17 05:00:00+02:00,120.8484222448229,108.53
2026-04-17 05:15:00+02:00,126.4897754592028,113.48
2026-04-17 05:30:00+02:00,133.0433721004479,119.75
2026-04-17 05:45:00+02:00,137.74041640957262,139.01
2026-04-17 06:00:00+02:00,136.97845689507434,130.21
2026-04-17 06:15:00+02:00,152.10532433693217,151.48
2026-04-17 06:30:00+02:00,149.87868928472471,149.59
2026-04-17 06:45:00+02:00,179.05877692889737,154.99
2026-04-17 07:00:00+02:00,183.13986712922008,158.47
2026-04-17 07:15:00+02:00,186.71995522540897,151.93
2026-04-17 07:30:00+02:00,165.67589219513331,148.36
2026-04-17 07:45:00+02:00,150.76864835465037,135.46
2026-04-17 08:00:00+02:00,180.4382539289495,155.38
2026-04-17 08:15:00+02:00,157.39036393122103,136.12
2026-04-17 08:30:00+02:00,137.45806276941914,119.8
2026-04-17 08:45:00+02:00,107.83688557710946,97.33
2026-04-17 09:00:00+02:00,143.30668077620905,123.02
2026-04-17 09:15:00+02:00,116.38153828391009,106.6
2026-04-17 09:30:00+02:00,108.53208061796731,93.68
2026-04-17 09:45:00+02:00,101.5101257789484,84.31
2026-04-17 10:00:00+02:00,120.99170582656798,112.42
2026-04-17 10:15:00+02:00,97.2503441862217,98.53
2026-04-17 10:30:00+02:00,90.36237817381317,92.24
2026-04-17 10:45:00+02:00,69.49140681228162,59.94
2026-04-17 11:00:00+02:00,92.33137471409151,89.93
2026-04-17 11:15:00+02:00,71.8227065992493,75.33
2026-04-17 11:30:00+02:00,65.47480142776323,41.88
2026-04-17 11:45:00+02:00,39.19586857520947,24.38
2026-04-17 12:00:00+02:00,60.5014307411975,43.06
2026-04-17 12:15:00+02:00,42.24457937858758,33.31
2026-04-17 12:30:00+02:00,32.89938646974272,25.1
2026-04-17 12:45:00+02:00,24.340344516162006,22.01
2026-04-17 13:00:00+02:00,24.983390586014227,25.01
2026-04-17 13:15:00+02:00,23.388615708952294,25.07
2026-04-17 13:30:00+02:00,26.440230657802697,26.25
2026-04-17 13:45:00+02:00,52.89608666284502,29.45
2026-04-17 14:00:00+02:00,40.43524304228576,20.08
2026-04-17 14:15:00+02:00,68.02164413106158,25.5
2026-04-17 14:30:00+02:00,72.34977137971724,33.36
2026-04-17 14:45:00+02:00,85.1801531992346,46.55
2026-04-17 15:00:00+02:00,74.04210841499365,25.06
2026-04-17 15:15:00+02:00,78.60882808578481,51.46
2026-04-17 15:30:00+02:00,83.10353365961768,74.41
2026-04-17 15:45:00+02:00,85.96514064297564,89.06
2026-04-17 16:00:00+02:00,77.84579085646423,58.69
2026-04-17 16:15:00+02:00,92.04889908517443,78.31
2026-04-17 16:30:00+02:00,93.32405538274935,88.13
2026-04-17 16:45:00+02:00,110.38548664958165,102.15
2026-04-17 17:00:00+02:00,103.81813220260943,87.73
2026-04-17 17:15:00+02:00,114.30014010920769,98.06
2026-04-17 17:30:00+02:00,127.9245177781479,106.81
2026-04-17 17:45:00+02:00,137.3819356191562,116.64
2026-04-17 18:00:00+02:00,116.57732253964167,112.18
2026-04-17 18:15:00+02:00,135.22116909122397,119.37
2026-04-17 18:30:00+02:00,144.2748270024222,135.38
2026-04-17 18:45:00+02:00,176.57644842785604,140.09
2026-04-17 19:00:00+02:00,157.7327927778564,139.52
2026-04-17 19:15:00+02:00,166.22321402804226,146.98
2026-04-17 19:30:00+02:00,185.9680970538536,159.61
2026-04-17 19:45:00+02:00,199.56153824311812,183.51
2026-04-17 20:00:00+02:00,212.67626606062927,168.18
2026-04-17 20:15:00+02:00,174.71931581328982,162.54
2026-04-17 20:30:00+02:00,159.2968248236176,153.25
2026-04-17 20:45:00+02:00,146.0590362869186,144.48
2026-04-17 21:00:00+02:00,156.26307986635655,154.4
2026-04-17 21:15:00+02:00,144.2054501143861,140.33
2026-04-17 21:30:00+02:00,138.56903568134447,135.4
2026-04-17 21:45:00+02:00,136.1170942416479,121.9
2026-04-17 22:00:00+02:00,140.50980337946095,137.12
2026-04-17 22:15:00+02:00,141.87278770194732,125.74
2026-04-17 22:30:00+02:00,134.56893421874776,119.37
2026-04-17 22:45:00+02:00,125.26590738081515,113.49
2026-04-17 23:00:00+02:00,133.2624080819046,116.8
2026-04-17 23:15:00+02:00,125.46479364607477,113.89
2026-04-17 23:30:00+02:00,117.70940197763196,110.44
2026-04-17 23:45:00+02:00,114.1310692889501,109.71
2026-04-18 00:00:00+02:00,131.1080304016615,123.17
2026-04-18 00:15:00+02:00,121.34956115073112,118.24
2026-04-18 00:30:00+02:00,120.7764731082778,112.87
2026-04-18 00:45:00+02:00,111.95860194226998,110.7
2026-04-18 01:00:00+02:00,122.6704680210626,113.01
2026-04-18 01:15:00+02:00,118.18391823119858,111.74
2026-04-18 01:30:00+02:00,113.80323035963717,110.99
2026-04-18 01:45:00+02:00,114.12199629909429,107.77
2026-04-18 02:00:00+02:00,115.66263241788336,110.21
2026-04-18 02:15:00+02:00,113.41314108948026,109.12
2026-04-18 02:30:00+02:00,116.55734317430993,109.85
2026-04-18 02:45:00+02:00,116.51196350106976,109.47
2026-04-18 03:00:00+02:00,112.98206414923472,108.19
2026-04-18 03:15:00+02:00,112.72052102842835,107.47
2026-04-18 03:30:00+02:00,113.09334334909585,107.41
2026-04-18 03:45:00+02:00,113.35715155206289,107.71
2026-04-18 04:00:00+02:00,117.6256447673178,107.86
2026-04-18 04:15:00+02:00,117.8966544792566,108.51
2026-04-18 04:30:00+02:00,119.42639712410147,108.78
2026-04-18 04:45:00+02:00,119.17163356187169,110.34
2026-04-18 05:00:00+02:00,118.00914138823629,110.46
2026-04-18 05:15:00+02:00,124.21209006135642,110.34
2026-04-18 05:30:00+02:00,125.81719025735474,111.98
2026-04-18 05:45:00+02:00,130.01186946944148,110.84
2026-04-18 06:00:00+02:00,131.72658596517627,112.0
2026-04-18 06:15:00+02:00,141.0351507791455,111.43
2026-04-18 06:30:00+02:00,141.61062216362828,114.18
2026-04-18 06:45:00+02:00,131.6927188435084,105.71
2026-04-18 07:00:00+02:00,151.96702190809543,109.99
2026-04-18 07:15:00+02:00,142.60171252884342,111.19
2026-04-18 07:30:00+02:00,127.34883426733889,107.58
2026-04-18 07:45:00+02:00,121.94264694852633,94.21
2026-04-18 08:00:00+02:00,151.41198236016882,105.82
2026-04-18 08:15:00+02:00,131.2223959049112,99.28
2026-04-18 08:30:00+02:00,116.43265026512859,87.06
2026-04-18 08:45:00+02:00,87.69296314450808,76.99
2026-04-18 09:00:00+02:00,118.3823225160441,95.23
2026-04-18 09:15:00+02:00,99.69489131559374,87.37
2026-04-18 09:30:00+02:00,83.43415198316671,66.91
2026-04-18 09:45:00+02:00,73.53845787648098,51.0
2026-04-18 10:00:00+02:00,92.44997530712052,81.05
2026-04-18 10:15:00+02:00,60.46376633372243,38.04
2026-04-18 10:30:00+02:00,31.558710750210473,20.6
2026-04-18 10:45:00+02:00,1.3119199477049932,18.58
2026-04-18 11:00:00+02:00,6.794561867440734,17.03
2026-04-18 11:15:00+02:00,-2.462605975187813,0.01
2026-04-18 11:30:00+02:00,-11.261411132334445,-0.08
2026-04-18 11:45:00+02:00,-7.39687769233425,-1.2
2026-04-18 12:00:00+02:00,-10.236725249429696,-1.1
2026-04-18 12:15:00+02:00,-6.509076852814445,-2.93
2026-04-18 12:30:00+02:00,-8.821507247032855,-4.49
2026-04-18 12:45:00+02:00,-14.389473785729457,-5.01
2026-04-18 13:00:00+02:00,-8.611060254757142,-5.51
2026-04-18 13:15:00+02:00,-8.600719213657612,-5.1
2026-04-18 13:30:00+02:00,-9.267387602978147,-3.14
2026-04-18 13:45:00+02:00,-16.186172388700733,-2.57
2026-04-18 14:00:00+02:00,-9.978528403416057,-2.02
2026-04-18 14:15:00+02:00,-17.54236317673626,-0.04
2026-04-18 14:30:00+02:00,-5.433796287207976,0.23
2026-04-18 14:45:00+02:00,4.074348014391688,1.43
2026-04-18 15:00:00+02:00,-0.9756310942988051,10.3
2026-04-18 15:15:00+02:00,26.500973911088273,15.46
2026-04-18 15:30:00+02:00,69.45000704408623,24.46
2026-04-18 15:45:00+02:00,73.97114681476425,25.37
2026-04-18 16:00:00+02:00,54.538420701496875,15.73
2026-04-18 16:15:00+02:00,79.49156087492145,32.01
2026-04-18 16:30:00+02:00,90.02491419225096,58.21
2026-04-18 16:45:00+02:00,100.59867880763771,73.6
2026-04-18 17:00:00+02:00,80.83211000580036,57.65
2026-04-18 17:15:00+02:00,94.92892774353132,86.25
2026-04-18 17:30:00+02:00,105.52019816034087,102.38
2026-04-18 17:45:00+02:00,107.04927869222176,116.94
2026-04-18 18:00:00+02:00,99.96947392382359,106.31
2026-04-18 18:15:00+02:00,111.62866304394375,115.0
2026-04-18 18:30:00+02:00,135.4092970447535,127.08
2026-04-18 18:45:00+02:00,155.49130486458512,129.99
2026-04-18 19:00:00+02:00,128.97642566513042,116.0
2026-04-18 19:15:00+02:00,158.09179498842366,129.01
2026-04-18 19:30:00+02:00,160.0955474133041,138.39
2026-04-18 19:45:00+02:00,176.51316194752695,142.76
2026-04-18 20:00:00+02:00,168.55806933265046,142.95
2026-04-18 20:15:00+02:00,158.258132589423,146.71
2026-04-18 20:30:00+02:00,157.8344417616099,146.89
2026-04-18 20:45:00+02:00,151.81139435031983,143.01
2026-04-18 21:00:00+02:00,151.6222937127003,150.43
2026-04-18 21:15:00+02:00,149.8038965050537,141.46
2026-04-18 21:30:00+02:00,147.26586008925491,135.53
2026-04-18 21:45:00+02:00,136.32987954828425,133.76
2026-04-18 22:00:00+02:00,148.31902516070218,134.38
2026-04-18 22:15:00+02:00,136.55902885998327,133.77
2026-04-18 22:30:00+02:00,131.32047594813105,128.28
2026-04-18 22:45:00+02:00,125.28696998640872,123.54
2026-04-18 23:00:00+02:00,139.32138252125944,133.25
2026-04-18 23:15:00+02:00,132.37199407261718,125.53
2026-04-18 23:30:00+02:00,127.7627177061954,122.96
2026-04-18 23:45:00+02:00,120.31466688188635,118.26
2026-04-19 00:00:00+02:00,128.89182124676276,123.78
2026-04-19 00:15:00+02:00,124.49990603751286,117.06
2026-04-19 00:30:00+02:00,114.62081630757065,113.48
2026-04-19 00:45:00+02:00,111.64217938263903,111.92
2026-04-19 01:00:00+02:00,117.93179976795643,112.32
2026-04-19 01:15:00+02:00,117.017844201397,109.94
2026-04-19 01:30:00+02:00,114.06044249326831,109.75
2026-04-19 01:45:00+02:00,111.77368622176294,107.79
2026-04-19 02:00:00+02:00,113.51988107725546,111.68
2026-04-19 02:15:00+02:00,110.49334043175918,109.98
2026-04-19 02:30:00+02:00,110.84842242135423,108.86
2026-04-19 02:45:00+02:00,111.21505866641421,106.3
2026-04-19 03:00:00+02:00,111.22535750857442,108.36
2026-04-19 03:15:00+02:00,111.10388927835781,106.47
2026-04-19 03:30:00+02:00,108.91281132860601,105.46
2026-04-19 03:45:00+02:00,108.80104556417056,105.0
2026-04-19 04:00:00+02:00,112.11528921567111,105.54
2026-04-19 04:15:00+02:00,108.77557827170628,105.42
2026-04-19 04:30:00+02:00,110.83155466156373,105.44
2026-04-19 04:45:00+02:00,107.80129476705571,105.26
2026-04-19 05:00:00+02:00,113.26761504934262,106.2
2026-04-19 05:15:00+02:00,110.22913589212978,106.51
2026-04-19 05:30:00+02:00,110.1301486577853,106.54
2026-04-19 05:45:00+02:00,115.62629134741913,106.95
2026-04-19 06:00:00+02:00,112.27414447482495,105.88
2026-04-19 06:15:00+02:00,117.30938076093682,105.35
2026-04-19 06:30:00+02:00,125.18603102760972,105.0
2026-04-19 06:45:00+02:00,125.77380899117237,102.9
2026-04-19 07:00:00+02:00,126.02676253427056,104.69
2026-04-19 07:15:00+02:00,118.37982308863931,100.44
2026-04-19 07:30:00+02:00,117.03511184071995,96.07
2026-04-19 07:45:00+02:00,114.89252610455922,98.93
2026-04-19 08:00:00+02:00,120.61887088687556,104.15
2026-04-19 08:15:00+02:00,115.34421319070476,100.02
2026-04-19 08:30:00+02:00,106.81500128608491,92.35
2026-04-19 08:45:00+02:00,96.18527029638389,90.0
2026-04-19 09:00:00+02:00,114.21311408489714,99.27
2026-04-19 09:15:00+02:00,109.12918358423926,94.95
2026-04-19 09:30:00+02:00,94.0950832646532,95.15
2026-04-19 09:45:00+02:00,85.87564834429088,86.0
2026-04-19 10:00:00+02:00,104.06667547206759,90.99
2026-04-19 10:15:00+02:00,87.61090966834621,77.59
2026-04-19 10:30:00+02:00,63.98234210183994,67.59
2026-04-19 10:45:00+02:00,40.14753965339042,49.37
2026-04-19 11:00:00+02:00,65.28711994801388,49.0
2026-04-19 11:15:00+02:00,47.04043119505606,42.23
2026-04-19 11:30:00+02:00,30.72870320812569,25.38
2026-04-19 11:45:00+02:00,23.937660856453437,11.33
2026-04-19 12:00:00+02:00,29.03856496484551,22.0
2026-04-19 12:15:00+02:00,20.04050624227911,0.95
2026-04-19 12:30:00+02:00,11.947764325097893,0.0
2026-04-19 12:45:00+02:00,7.7576023340656,-0.01
2026-04-19 13:00:00+02:00,15.122156057256712,0.0
2026-04-19 13:15:00+02:00,8.479495512569851,-0.09
2026-04-19 13:30:00+02:00,5.36442550194014,-1.2
2026-04-19 13:45:00+02:00,-3.0046610662061184,-2.1
2026-04-19 14:00:00+02:00,8.467446975145283,-2.1
2026-04-19 14:15:00+02:00,17.888216836575083,-2.49
2026-04-19 14:30:00+02:00,4.489478567337201,-3.04
2026-04-19 14:45:00+02:00,-10.501454781919534,-4.39
2026-04-19 15:00:00+02:00,-0.36563197123307134,-3.21
2026-04-19 15:15:00+02:00,-2.841715198568366,-2.8
2026-04-19 15:30:00+02:00,-19.358818847373513,-2.01
2026-04-19 15:45:00+02:00,-4.469214803463231,-1.0
2026-04-19 16:00:00+02:00,-5.523258901797405,-0.64
2026-04-19 16:15:00+02:00,11.70452030683731,-0.01
2026-04-19 16:30:00+02:00,27.614589895038463,13.73
2026-04-19 16:45:00+02:00,29.833307179911117,51.0
2026-04-19 17:00:00+02:00,48.65085985500009,28.24
2026-04-19 17:15:00+02:00,40.607832065968324,67.81
2026-04-19 17:30:00+02:00,49.21370993079471,89.19
2026-04-19 17:45:00+02:00,71.13870090691378,109.79
2026-04-19 18:00:00+02:00,43.66198059618604,85.35
2026-04-19 18:15:00+02:00,69.67794104674769,97.52
2026-04-19 18:30:00+02:00,108.89922209240731,110.05
2026-04-19 18:45:00+02:00,148.7990495810034,122.5
2026-04-19 19:00:00+02:00,117.2182267259131,110.71
2026-04-19 19:15:00+02:00,131.99710450596967,115.86
2026-04-19 19:30:00+02:00,138.78153727597905,119.06
2026-04-19 19:45:00+02:00,160.73970405090574,123.78
2026-04-19 20:00:00+02:00,153.6231202943468,123.2
2026-04-19 20:15:00+02:00,148.67279779693854,124.47
2026-04-19 20:30:00+02:00,137.57677961781235,126.33
2026-04-19 20:45:00+02:00,124.63855684785348,122.45
2026-04-19 21:00:00+02:00,129.84916840273522,129.68
2026-04-19 21:15:00+02:00,114.98190173421715,121.48
2026-04-19 21:30:00+02:00,116.34630894930234,119.12
2026-04-19 21:45:00+02:00,111.83739160590788,115.91
2026-04-19 22:00:00+02:00,121.83738183998778,124.19
2026-04-19 22:15:00+02:00,119.39425879379807,120.08
2026-04-19 22:30:00+02:00,117.05362345502782,119.33
2026-04-19 22:45:00+02:00,118.67463791820484,113.85
2026-04-19 23:00:00+02:00,113.47095827993199,115.61
2026-04-19 23:15:00+02:00,116.16986505155143,111.97
2026-04-19 23:30:00+02:00,112.81208780370528,110.59
2026-04-19 23:45:00+02:00,99.69626254931205,106.76
2026-04-20 00:00:00+02:00,113.65891949882482,115.22
2026-04-20 00:15:00+02:00,109.39696761052073,106.59
2026-04-20 00:30:00+02:00,104.20826594346322,103.55
2026-04-20 00:45:00+02:00,101.75970456275343,99.87
2026-04-20 01:00:00+02:00,101.5848538247753,104.9
2026-04-20 01:15:00+02:00,103.5258963122231,102.7
2026-04-20 01:30:00+02:00,104.73634773828172,102.1
2026-04-20 01:45:00+02:00,103.07148030728979,94.75
2026-04-20 02:00:00+02:00,102.80726850935262,102.8
2026-04-20 02:15:00+02:00,100.00817404422483,97.29
2026-04-20 02:30:00+02:00,101.06571563178328,99.0
2026-04-20 02:45:00+02:00,100.24155906229426,96.96
2026-04-20 03:00:00+02:00,101.04175070913048,98.5
2026-04-20 03:15:00+02:00,101.34260031077616,97.29
2026-04-20 03:30:00+02:00,101.1156666935069,99.21
2026-04-20 03:45:00+02:00,100.15786120794522,101.16
2026-04-20 04:00:00+02:00,99.84516538810503,98.46
2026-04-20 04:15:00+02:00,101.61710805387364,101.32
2026-04-20 04:30:00+02:00,103.17761041797085,102.26
2026-04-20 04:45:00+02:00,106.32213936870244,107.17
2026-04-20 05:00:00+02:00,101.63591853945978,100.37
2026-04-20 05:15:00+02:00,102.83313781357663,106.07
2026-04-20 05:30:00+02:00,111.63106690239819,114.09
2026-04-20 05:45:00+02:00,121.81803827347446,125.87
2026-04-20 06:00:00+02:00,112.47102229067431,116.38
2026-04-20 06:15:00+02:00,125.75569742587182,129.12
2026-04-20 06:30:00+02:00,133.95780645271242,136.83
2026-04-20 06:45:00+02:00,143.2887861856787,135.21
2026-04-20 07:00:00+02:00,145.32140293170139,147.34
2026-04-20 07:15:00+02:00,144.8808772822247,151.0
2026-04-20 07:30:00+02:00,146.7135085518983,144.53
2026-04-20 07:45:00+02:00,130.87247420567223,125.96
2026-04-20 08:00:00+02:00,174.70733388104225,163.93
2026-04-20 08:15:00+02:00,137.29739780028416,135.18
2026-04-20 08:30:00+02:00,123.98156876262686,124.08
2026-04-20 08:45:00+02:00,105.74988258410137,114.09
2026-04-20 09:00:00+02:00,144.95870356955638,141.98
2026-04-20 09:15:00+02:00,112.31062156837646,117.94
2026-04-20 09:30:00+02:00,100.46083210796455,102.31
2026-04-20 09:45:00+02:00,88.00810629008211,77.83
2026-04-20 10:00:00+02:00,110.43537745177225,111.22
2026-04-20 10:15:00+02:00,75.51383150210431,85.64
2026-04-20 10:30:00+02:00,65.79888082668319,89.42
2026-04-20 10:45:00+02:00,46.78660915671441,74.51
2026-04-20 11:00:00+02:00,47.3544840335479,90.57
2026-04-20 11:15:00+02:00,37.733224196456625,82.36
2026-04-20 11:30:00+02:00,27.11294599765882,73.71
2026-04-20 11:45:00+02:00,31.70459255920739,56.91
2026-04-20 12:00:00+02:00,49.4170883910818,73.64
2026-04-20 12:15:00+02:00,36.43571357239966,51.71
2026-04-20 12:30:00+02:00,31.930028173270333,45.13
2026-04-20 12:45:00+02:00,24.48277450030476,34.25
2026-04-20 13:00:00+02:00,35.17497308421106,47.14
2026-04-20 13:15:00+02:00,21.26740240910191,36.57
2026-04-20 13:30:00+02:00,22.744538723780455,26.73
2026-04-20 13:45:00+02:00,22.81277382429545,19.94
2026-04-20 14:00:00+02:00,22.386845263877046,20.18
2026-04-20 14:15:00+02:00,43.929963246901075,27.4
2026-04-20 14:30:00+02:00,46.941521379617534,28.69
2026-04-20 14:45:00+02:00,50.63718977351024,42.01
2026-04-20 15:00:00+02:00,36.84424315848087,24.78
2026-04-20 15:15:00+02:00,50.75756073363622,36.84
2026-04-20 15:30:00+02:00,47.62227494983546,53.28
2026-04-20 15:45:00+02:00,53.696853696700465,71.0
2026-04-20 16:00:00+02:00,55.79763473473121,62.61
2026-04-20 16:15:00+02:00,45.55214396569235,77.17
2026-04-20 16:30:00+02:00,79.765468136957,81.88
2026-04-20 16:45:00+02:00,83.41846490773449,91.64
2026-04-20 17:00:00+02:00,68.55491982318141,81.59
2026-04-20 17:15:00+02:00,87.94003918486464,87.73
2026-04-20 17:30:00+02:00,100.67694410886588,101.76
2026-04-20 17:45:00+02:00,129.92957918935784,117.9
2026-04-20 18:00:00+02:00,110.26159086008258,99.21
2026-04-20 18:15:00+02:00,120.27971587482858,112.77
2026-04-20 18:30:00+02:00,142.3724340150015,118.06
2026-04-20 18:45:00+02:00,139.3496580929978,121.6
2026-04-20 19:00:00+02:00,142.0592744475293,118.48
2026-04-20 19:15:00+02:00,136.02824643573513,122.43
2026-04-20 19:30:00+02:00,146.2101983770493,125.01
2026-04-20 19:45:00+02:00,152.67108088776928,127.71
2026-04-20 20:00:00+02:00,144.6925080753991,129.09
2026-04-20 20:15:00+02:00,122.71536661703777,127.72
2026-04-20 20:30:00+02:00,128.92689239290956,126.91
2026-04-20 20:45:00+02:00,122.10498654459744,125.0
2026-04-20 21:00:00+02:00,135.5933600330701,130.04
2026-04-20 21:15:00+02:00,128.12953461648007,122.91
2026-04-20 21:30:00+02:00,115.17948850439147,119.65
2026-04-20 21:45:00+02:00,109.61786094932266,115.16
2026-04-20 22:00:00+02:00,111.77375026022372,123.1
2026-04-20 22:15:00+02:00,113.06539411511223,117.57
2026-04-20 22:30:00+02:00,111.06449247061974,116.12
2026-04-20 22:45:00+02:00,100.97714126095539,107.1
2026-04-20 23:00:00+02:00,106.27528271238994,115.07
2026-04-20 23:15:00+02:00,98.65699190854689,107.49
2026-04-20 23:30:00+02:00,94.7331868238701,105.44
2026-04-20 23:45:00+02:00,86.91823926235321,99.17
2026-04-21 00:00:00+02:00,111.59970048035625,101.59
2026-04-21 00:15:00+02:00,105.2719813199385,99.82
2026-04-21 00:30:00+02:00,101.60520493338889,98.6
2026-04-21 00:45:00+02:00,97.22899837857584,95.99
2026-04-21 01:00:00+02:00,99.30145711986985,100.57
2026-04-21 01:15:00+02:00,98.36565442820546,98.42
2026-04-21 01:30:00+02:00,97.65145726175311,98.28
2026-04-21 01:45:00+02:00,95.5881457554792,97.3
2026-04-21 02:00:00+02:00,99.40421447919562,98.09
2026-04-21 02:15:00+02:00,95.98470145993541,97.92
2026-04-21 02:30:00+02:00,96.00808121757186,98.74
2026-04-21 02:45:00+02:00,96.53797621686377,98.74
2026-04-21 03:00:00+02:00,95.63845371558297,97.51
2026-04-21 03:15:00+02:00,97.01085195554582,98.38
2026-04-21 03:30:00+02:00,96.4844649257901,98.7
2026-04-21 03:45:00+02:00,97.52531380212632,101.71
2026-04-21 04:00:00+02:00,97.32828290306418,97.64
2026-04-21 04:15:00+02:00,100.91945030753018,98.55
2026-04-21 04:30:00+02:00,102.42426907070337,101.05
2026-04-21 04:45:00+02:00,104.61312555970107,103.52
2026-04-21 05:00:00+02:00,98.97658401695956,100.03
2026-04-21 05:15:00+02:00,102.59596630428359,103.6
2026-04-21 05:30:00+02:00,110.37204021706177,111.69
2026-04-21 05:45:00+02:00,123.63158780888479,118.47
2026-04-21 06:00:00+02:00,113.847820029013,116.71
2026-04-21 06:15:00+02:00,130.33655125327095,127.37
2026-04-21 06:30:00+02:00,141.34742900696955,129.93
2026-04-21 06:45:00+02:00,139.06163099995857,134.33
2026-04-21 07:00:00+02:00,137.7895801574745,144.79
2026-04-21 07:15:00+02:00,143.30211155916868,144.61
2026-04-21 07:30:00+02:00,133.67368911490524,133.53
2026-04-21 07:45:00+02:00,116.65661579728894,118.38
2026-04-21 08:00:00+02:00,145.66889211581952,141.14
2026-04-21 08:15:00+02:00,119.06401973843865,124.12
2026-04-21 08:30:00+02:00,107.86516650783007,115.07
2026-04-21 08:45:00+02:00,100.60091118661667,95.46
2026-04-21 09:00:00+02:00,115.13246001678571,131.44
2026-04-21 09:15:00+02:00,106.78672617890476,111.0
2026-04-21 09:30:00+02:00,99.53255118416237,85.83
2026-04-21 09:45:00+02:00,68.37736168246177,60.95
2026-04-21 10:00:00+02:00,99.75129379384593,87.7
2026-04-21 10:15:00+02:00,70.9587605544076,80.53
2026-04-21 10:30:00+02:00,67.59171256232483,54.1
2026-04-21 10:45:00+02:00,39.46344654115266,17.25
2026-04-21 11:00:00+02:00,60.82796071756057,44.02
2026-04-21 11:15:00+02:00,37.91444829263898,24.01
2026-04-21 11:30:00+02:00,15.080624795620693,10.38
2026-04-21 11:45:00+02:00,14.816389805597684,0.0
2026-04-21 12:00:00+02:00,9.243723557606295,0.0
2026-04-21 12:15:00+02:00,18.035537311903127,0.0
2026-04-21 12:30:00+02:00,17.027314291714603,-0.04
2026-04-21 12:45:00+02:00,12.347087628639091,-0.35
2026-04-21 13:00:00+02:00,14.729925436484457,-1.0
2026-04-21 13:15:00+02:00,13.66930148579336,-1.01
2026-04-21 13:30:00+02:00,-1.8843816918526812,-1.91
2026-04-21 13:45:00+02:00,-1.9738868339298925,-3.09
2026-04-21 14:00:00+02:00,4.752862103622196,-5.11
2026-04-21 14:15:00+02:00,5.740964125013129,-3.89
2026-04-21 14:30:00+02:00,22.947684520902634,-3.48
2026-04-21 14:45:00+02:00,32.60905043088744,-2.32
2026-04-21 15:00:00+02:00,18.59818688244267,-5.1
2026-04-21 15:15:00+02:00,35.11489275559131,-1.36
2026-04-21 15:30:00+02:00,44.853074350529056,-0.9
2026-04-21 15:45:00+02:00,44.678398002746846,-0.09
2026-04-21 16:00:00+02:00,39.471231971993554,-0.08
2026-04-21 16:15:00+02:00,37.553570853962285,0.0
2026-04-21 16:30:00+02:00,30.277066910190953,13.96
2026-04-21 16:45:00+02:00,57.14560587507631,44.26
2026-04-21 17:00:00+02:00,37.278381624010756,27.4
2026-04-21 17:15:00+02:00,75.09203950439868,61.23
2026-04-21 17:30:00+02:00,102.69271678574795,86.42
2026-04-21 17:45:00+02:00,121.39592938020965,104.27
2026-04-21 18:00:00+02:00,92.52084785486764,84.05
2026-04-21 18:15:00+02:00,120.0504904225916,95.27
2026-04-21 18:30:00+02:00,135.64182567960748,109.97
2026-04-21 18:45:00+02:00,155.50198809469853,121.29
2026-04-21 19:00:00+02:00,140.97091907144994,117.68
2026-04-21 19:15:00+02:00,147.89914562090797,126.72
2026-04-21 19:30:00+02:00,152.64420519958057,137.71
2026-04-21 19:45:00+02:00,164.44147045718444,154.33
2026-04-21 20:00:00+02:00,173.38876019427568,150.5
2026-04-21 20:15:00+02:00,164.27458479160512,151.27
2026-04-21 20:30:00+02:00,146.87182674250792,144.98
2026-04-21 20:45:00+02:00,135.31760819558843,132.35
2026-04-21 21:00:00+02:00,143.20438114364407,147.72
2026-04-21 21:15:00+02:00,136.21998176961736,131.23
2026-04-21 21:30:00+02:00,131.40231062548725,122.66
2026-04-21 21:45:00+02:00,117.21182316954935,116.87
2026-04-21 22:00:00+02:00,130.5617595931996,127.99
2026-04-21 22:15:00+02:00,125.5156278434872,122.29
2026-04-21 22:30:00+02:00,131.23488563175087,118.03
2026-04-21 22:45:00+02:00,121.50681667636786,111.07
2026-04-21 23:00:00+02:00,120.9960516575979,118.01
2026-04-21 23:15:00+02:00,117.48352309549972,115.01
2026-04-21 23:30:00+02:00,111.85602454974952,110.98
2026-04-21 23:45:00+02:00,110.579975198533,103.49
2026-04-22 00:00:00+02:00,121.99464410886195,110.94
2026-04-22 00:15:00+02:00,112.93150105687886,108.55
2026-04-22 00:30:00+02:00,106.53028724495496,106.12
2026-04-22 00:45:00+02:00,105.75258367844611,102.77
2026-04-22 01:00:00+02:00,108.8125804353175,106.08
2026-04-22 01:15:00+02:00,107.85341015487823,104.07
2026-04-22 01:30:00+02:00,105.83534876460988,103.85
2026-04-22 01:45:00+02:00,106.47417737720997,102.44
2026-04-22 02:00:00+02:00,108.18722808428436,107.4
2026-04-22 02:15:00+02:00,108.36271192759874,103.93
2026-04-22 02:30:00+02:00,109.08486460261098,103.02
2026-04-22 02:45:00+02:00,110.13391623593698,102.45
2026-04-22 03:00:00+02:00,106.77240816071347,103.53
2026-04-22 03:15:00+02:00,107.6127171854042,103.72
2026-04-22 03:30:00+02:00,108.71139981046402,105.48
2026-04-22 03:45:00+02:00,113.86343175952459,106.66
2026-04-22 04:00:00+02:00,111.92401874218551,104.13
2026-04-22 04:15:00+02:00,111.61288691864407,107.53
2026-04-22 04:30:00+02:00,114.04089496553254,110.23
2026-04-22 04:45:00+02:00,114.07791351763733,116.88
2026-04-22 05:00:00+02:00,112.19677749932629,107.36
2026-04-22 05:15:00+02:00,114.57547646517702,116.01
2026-04-22 05:30:00+02:00,118.36024699700758,123.4
2026-04-22 05:45:00+02:00,138.45783392786976,138.16
2026-04-22 06:00:00+02:00,124.78055850146879,125.6
2026-04-22 06:15:00+02:00,145.0535435998556,137.93
2026-04-22 06:30:00+02:00,146.66898474769596,145.19
2026-04-22 06:45:00+02:00,132.77398955308874,150.65
2026-04-22 07:00:00+02:00,168.22696142431968,154.98
2026-04-22 07:15:00+02:00,158.09476417716223,143.22
2026-04-22 07:30:00+02:00,138.73188125699218,130.1
2026-04-22 07:45:00+02:00,129.1133950484609,110.89
2026-04-22 08:00:00+02:00,155.248519715849,140.46
2026-04-22 08:15:00+02:00,137.32264554860473,125.58
2026-04-22 08:30:00+02:00,115.96260054885697,116.01
2026-04-22 08:45:00+02:00,91.20736997471408,73.41
2026-04-22 09:00:00+02:00,127.52942803395653,123.86
2026-04-22 09:15:00+02:00,97.9452587673558,98.87
2026-04-22 09:30:00+02:00,81.32492738428216,68.89
2026-04-22 09:45:00+02:00,53.852563732480874,26.6
2026-04-22 10:00:00+02:00,87.06972045665749,65.72
2026-04-22 10:15:00+02:00,51.273380120662665,17.33
2026-04-22 10:30:00+02:00,38.20651240450333,0.0
2026-04-22 10:45:00+02:00,8.49615045910646,-2.43
2026-04-22 11:00:00+02:00,18.90301013413881,-0.36
2026-04-22 11:15:00+02:00,2.0743878552575765,-0.98
2026-04-22 11:30:00+02:00,-2.275646270219525,-1.17
2026-04-22 11:45:00+02:00,-2.9484181542573467,-7.17
2026-04-22 12:00:00+02:00,-2.3361441277038253,-3.88
2026-04-22 12:15:00+02:00,-9.643669859496498,-7.51
2026-04-22 12:30:00+02:00,-10.298411927319961,-9.49
2026-04-22 12:45:00+02:00,-18.247031504687527,-14.45
2026-04-22 13:00:00+02:00,-15.965205322965108,-15.0
2026-04-22 13:15:00+02:00,-21.465754024150883,-18.38
2026-04-22 13:30:00+02:00,-25.175090704950144,-25.0
2026-04-22 13:45:00+02:00,-27.07912640524995,-25.56
2026-04-22 14:00:00+02:00,-24.357304979094152,-28.36
2026-04-22 14:15:00+02:00,-30.247065395638515,-22.33
2026-04-22 14:30:00+02:00,-26.480734720442328,-14.99
2026-04-22 14:45:00+02:00,-17.771741347068783,-10.32
2026-04-22 15:00:00+02:00,-15.320262902180588,-9.83
2026-04-22 15:15:00+02:00,-9.76784770529352,-6.0
2026-04-22 15:30:00+02:00,-4.631637851764452,-2.46
2026-04-22 15:45:00+02:00,-0.2247427973342866,-1.39
2026-04-22 16:00:00+02:00,-0.13886778100183506,-1.47
2026-04-22 16:15:00+02:00,2.28391427127778,-2.0
2026-04-22 16:30:00+02:00,8.123903171764297,-0.06
2026-04-22 16:45:00+02:00,33.71340776163629,3.49
2026-04-22 17:00:00+02:00,32.475486371489,4.32
2026-04-22 17:15:00+02:00,56.590543977398966,29.37
2026-04-22 17:30:00+02:00,73.15700388918562,82.3
2026-04-22 17:45:00+02:00,98.82853103761533,113.63
2026-04-22 18:00:00+02:00,77.49686511888596,75.16
2026-04-22 18:15:00+02:00,93.62296483623072,94.65
2026-04-22 18:30:00+02:00,113.16656209483601,118.46
2026-04-22 18:45:00+02:00,141.2228422101489,132.92
2026-04-22 19:00:00+02:00,133.96852719204554,112.94
2026-04-22 19:15:00+02:00,141.11263619594052,127.1
2026-04-22 19:30:00+02:00,153.59542685484658,142.92
2026-04-22 19:45:00+02:00,158.13800911435024,177.51
2026-04-22 20:00:00+02:00,166.72688345625843,167.66
2026-04-22 20:15:00+02:00,152.25141467759897,157.78
2026-04-22 20:30:00+02:00,141.1042901094718,155.88
2026-04-22 20:45:00+02:00,129.71062788663008,134.32
2026-04-22 21:00:00+02:00,140.43105733302104,150.01
2026-04-22 21:15:00+02:00,135.42050968178876,126.74
2026-04-22 21:30:00+02:00,129.403890910806,122.3
2026-04-22 21:45:00+02:00,117.22150242959366,114.99
2026-04-22 22:00:00+02:00,131.85984867519446,125.79
2026-04-22 22:15:00+02:00,124.02579132760806,117.45
2026-04-22 22:30:00+02:00,123.25252126250996,110.48
2026-04-22 22:45:00+02:00,119.54617340695071,104.08
2026-04-22 23:00:00+02:00,124.85062374527209,109.47
2026-04-22 23:15:00+02:00,117.88035521621507,107.14
2026-04-22 23:30:00+02:00,116.27043407780914,103.77
2026-04-22 23:45:00+02:00,110.6259542503044,99.93
2026-04-23 00:00:00+02:00,107.29664972517425,103.45
2026-04-23 00:15:00+02:00,104.5282173109814,101.44
2026-04-23 00:30:00+02:00,102.67186907358695,99.5
2026-04-23 00:45:00+02:00,97.9916172296761,96.17
2026-04-23 01:00:00+02:00,101.08069247099071,100.61
2026-04-23 01:15:00+02:00,96.85991796160677,98.4
2026-04-23 01:30:00+02:00,97.516648505046,96.99
2026-04-23 01:45:00+02:00,96.29561725065147,94.5
2026-04-23 02:00:00+02:00,99.53677542337448,97.79
2026-04-23 02:15:00+02:00,97.89785082350316,96.46
2026-04-23 02:30:00+02:00,101.34986465864992,96.32
2026-04-23 02:45:00+02:00,98.8356801133842,96.37
2026-04-23 03:00:00+02:00,100.86098585586532,96.61
2026-04-23 03:15:00+02:00,99.12767448261688,96.01
2026-04-23 03:30:00+02:00,99.47001637658738,96.1
2026-04-23 03:45:00+02:00,97.29000026424086,96.11
2026-04-23 04:00:00+02:00,97.72896952066999,92.98
2026-04-23 04:15:00+02:00,99.61785434124698,95.54
2026-04-23 04:30:00+02:00,98.4289984216819,96.38
2026-04-23 04:45:00+02:00,99.78284008719298,98.5
2026-04-23 05:00:00+02:00,97.36605037232528,97.89
2026-04-23 05:15:00+02:00,100.43051692351197,100.97
2026-04-23 05:30:00+02:00,99.41209205147658,106.78
2026-04-23 05:45:00+02:00,108.92786903077973,111.0
2026-04-23 06:00:00+02:00,105.82322489583639,113.62
2026-04-23 06:15:00+02:00,119.24700889014392,119.43
2026-04-23 06:30:00+02:00,124.03263748987555,121.89
2026-04-23 06:45:00+02:00,103.08044243336597,121.06
2026-04-23 07:00:00+02:00,115.25280388928108,128.39
2026-04-23 07:15:00+02:00,118.20821148572783,121.9
2026-04-23 07:30:00+02:00,98.38930805487985,120.62
2026-04-23 07:45:00+02:00,91.99258907695412,106.69
2026-04-23 08:00:00+02:00,122.20605790392455,131.58
2026-04-23 08:15:00+02:00,106.8311829462241,126.69
2026-04-23 08:30:00+02:00,89.72587814847651,109.98
2026-04-23 08:45:00+02:00,56.79160038256989,70.54
2026-04-23 09:00:00+02:00,89.38742097723332,117.59
2026-04-23 09:15:00+02:00,78.54221258337151,79.37
2026-04-23 09:30:00+02:00,61.32518436530642,50.91
2026-04-23 09:45:00+02:00,4.839150262741711,5.3
2026-04-23 10:00:00+02:00,52.69636653571382,0.5
2026-04-23 10:15:00+02:00,12.02372669964042,-0.09
2026-04-23 10:30:00+02:00,-10.404017945426958,-1.0
2026-04-23 10:45:00+02:00,-8.267471782593802,-1.66
2026-04-23 11:00:00+02:00,-13.083789390192976,-1.84
2026-04-23 11:15:00+02:00,-9.071150199273617,-3.53
2026-04-23 11:30:00+02:00,-11.411467871429771,-7.58
2026-04-23 11:45:00+02:00,-14.791517068081102,-11.75
2026-04-23 12:00:00+02:00,-14.517791001634535,-13.99
2026-04-23 12:15:00+02:00,-16.762420182212644,-23.94
2026-04-23 12:30:00+02:00,-21.123397946016045,-32.19
2026-04-23 12:45:00+02:00,-26.82755157005324,-45.91
2026-04-23 13:00:00+02:00,-26.87253180759255,-39.98
2026-04-23 13:15:00+02:00,-31.971945486670784,-49.72
2026-04-23 13:30:00+02:00,-42.919874136743964,-51.59
2026-04-23 13:45:00+02:00,-53.50300383215378,-56.95
2026-04-23 14:00:00+02:00,-45.35711374761499,-56.32
2026-04-23 14:15:00+02:00,-42.853843756282146,-51.01
2026-04-23 14:30:00+02:00,-31.220050557596707,-48.14
2026-04-23 14:45:00+02:00,-22.453159773444717,-39.98
2026-04-23 15:00:00+02:00,-28.123454875469953,-39.0
2026-04-23 15:15:00+02:00,-14.309119229758736,-28.46
2026-04-23 15:30:00+02:00,-11.56401129116918,-14.99
2026-04-23 15:45:00+02:00,0.513327832783574,-9.11
2026-04-23 16:00:00+02:00,-15.604136733703044,-6.53
2026-04-23 16:15:00+02:00,-0.18984724976499479,-1.09
2026-04-23 16:30:00+02:00,4.107797504552963,-0.1
2026-04-23 16:45:00+02:00,13.193259659588861,0.0
2026-04-23 17:00:00+02:00,11.515510450223033,-0.05
2026-04-23 17:15:00+02:00,33.49734846179342,0.09
2026-04-23 17:30:00+02:00,63.2335888632403,7.35
2026-04-23 17:45:00+02:00,88.65399467658318,80.48
2026-04-23 18:00:00+02:00,63.91397086418554,47.57
2026-04-23 18:15:00+02:00,91.34006703100164,84.0
2026-04-23 18:30:00+02:00,112.45551897589428,111.81
2026-04-23 18:45:00+02:00,127.5773426234214,130.91
2026-04-23 19:00:00+02:00,117.21286835888912,105.21
2026-04-23 19:15:00+02:00,132.84584563733793,116.27
2026-04-23 19:30:00+02:00,138.8854396909427,127.4
2026-04-23 19:45:00+02:00,145.65405592593828,137.12
2026-04-23 20:00:00+02:00,139.81589715131634,144.91
2026-04-23 20:15:00+02:00,134.3512141449214,141.12
2026-04-23 20:30:00+02:00,127.7862342105778,136.03
2026-04-23 20:45:00+02:00,116.75913445771668,125.76
2026-04-23 21:00:00+02:00,129.5353438825779,125.39
2026-04-23 21:15:00+02:00,113.88851329791814,118.75
2026-04-23 21:30:00+02:00,106.28417845441732,113.99
2026-04-23 21:45:00+02:00,96.36198231647393,107.02
2026-04-23 22:00:00+02:00,110.27049135206573,113.46
2026-04-23 22:15:00+02:00,105.05772315309498,110.37
2026-04-23 22:30:00+02:00,97.74912313551008,107.98
2026-04-23 22:45:00+02:00,82.445752983088,101.13
2026-04-23 23:00:00+02:00,98.15139394858582,104.64
2026-04-23 23:15:00+02:00,88.92741362092364,99.77
2026-04-23 23:30:00+02:00,81.80755987020842,98.88
2026-04-23 23:45:00+02:00,71.88334519970076,94.54
2026-04-24 00:00:00+02:00,109.00139171391861,111.03
2026-04-24 00:15:00+02:00,102.7519954142569,101.27
2026-04-24 00:30:00+02:00,97.28769655490278,98.27
2026-04-24 00:45:00+02:00,94.3529370790415,99.25
2026-04-24 01:00:00+02:00,94.64064906502908,101.39
2026-04-24 01:15:00+02:00,94.14573764446315,99.96
2026-04-24 01:30:00+02:00,91.70103445194238,99.65
2026-04-24 01:45:00+02:00,93.73407562553503,99.52
2026-04-24 02:00:00+02:00,91.92518584175131,101.7
2026-04-24 02:15:00+02:00,92.13631412591981,100.45
2026-04-24 02:30:00+02:00,93.26730660933865,100.36
2026-04-24 02:45:00+02:00,94.1465014961324,100.33
2026-04-24 03:00:00+02:00,94.14933971279555,100.57
2026-04-24 03:15:00+02:00,93.18910813836986,101.38
2026-04-24 03:30:00+02:00,94.37103761193949,102.28
2026-04-24 03:45:00+02:00,94.93570182236475,102.53
2026-04-24 04:00:00+02:00,93.63557480245146,102.15
2026-04-24 04:15:00+02:00,93.56258636557868,104.2
2026-04-24 04:30:00+02:00,95.66656108848416,106.78
2026-04-24 04:45:00+02:00,93.55207760553978,108.3
2026-04-24 05:00:00+02:00,96.39405511547679,104.95
2026-04-24 05:15:00+02:00,92.80035361607787,111.09
2026-04-24 05:30:00+02:00,95.13550308342789,121.39
2026-04-24 05:45:00+02:00,105.75528885456661,127.79
2026-04-24 06:00:00+02:00,97.43602062220769,125.18
2026-04-24 06:15:00+02:00,120.39934184785321,133.35
2026-04-24 06:30:00+02:00,130.93671058273682,133.58
2026-04-24 06:45:00+02:00,133.63130295513577,135.38
2026-04-24 07:00:00+02:00,144.37363021787095,149.44
2026-04-24 07:15:00+02:00,141.5820762868203,142.82
2026-04-24 07:30:00+02:00,136.06631459166545,135.96
2026-04-24 07:45:00+02:00,120.7743203217598,123.73
2026-04-24 08:00:00+02:00,152.10337540818983,154.95
2026-04-24 08:15:00+02:00,134.93656310190593,126.1
2026-04-24 08:30:00+02:00,117.18264385190265,113.2
2026-04-24 08:45:00+02:00,87.86505045714503,76.49
2026-04-24 09:00:00+02:00,112.01948839392291,128.29
2026-04-24 09:15:00+02:00,99.80338909022252,82.77
2026-04-24 09:30:00+02:00,85.6930634071057,68.38
2026-04-24 09:45:00+02:00,48.32882272754027,44.18
2026-04-24 10:00:00+02:00,67.4354031515862,59.69
2026-04-24 10:15:00+02:00,47.459065916715055,17.37
2026-04-24 10:30:00+02:00,14.01182958744257,1.23
2026-04-24 10:45:00+02:00,-8.150455939422606,0.0
2026-04-24 11:00:00+02:00,-1.3930785042027338,0.09
2026-04-24 11:15:00+02:00,-10.258365951462935,0.0
2026-04-24 11:30:00+02:00,-14.943592286519674,-0.03
2026-04-24 11:45:00+02:00,-18.07640121767399,-0.2
2026-04-24 12:00:00+02:00,-14.067686470820874,-1.5
2026-04-24 12:15:00+02:00,-18.24970846153527,-4.51
2026-04-24 12:30:00+02:00,-17.73631201511185,-7.05
2026-04-24 12:45:00+02:00,-25.707763774170672,-14.57
2026-04-24 13:00:00+02:00,-25.4283748820123,-15.0
2026-04-24 13:15:00+02:00,-29.495940037205028,-20.06
2026-04-24 13:30:00+02:00,-26.749397977412386,-30.0
2026-04-24 13:45:00+02:00,-29.722017188522834,-39.5
2026-04-24 14:00:00+02:00,-30.983872875409368,-32.69
2026-04-24 14:15:00+02:00,-24.775172124557244,-31.26
2026-04-24 14:30:00+02:00,-21.546302622311174,-30.0
2026-04-24 14:45:00+02:00,-27.810536293221176,-26.06
2026-04-24 15:00:00+02:00,-12.343375819333247,-26.73
2026-04-24 15:15:00+02:00,-9.01232763675199,-19.68
2026-04-24 15:30:00+02:00,-14.250293100971632,-12.81
2026-04-24 15:45:00+02:00,-18.06063036393951,-7.0
2026-04-24 16:00:00+02:00,-2.055956431648866,-5.43
2026-04-24 16:15:00+02:00,-4.248671938430903,-1.01
2026-04-24 16:30:00+02:00,-0.42407075019906415,-0.02
2026-04-24 16:45:00+02:00,26.01577626639262,0.01
2026-04-24 17:00:00+02:00,3.4338928754941946,0.0
2026-04-24 17:15:00+02:00,25.30596821212464,17.3
2026-04-24 17:30:00+02:00,48.44235966245543,79.33
2026-04-24 17:45:00+02:00,98.18201478646935,107.0
2026-04-24 18:00:00+02:00,64.00638592990805,58.02
2026-04-24 18:15:00+02:00,95.05876085380831,96.13
2026-04-24 18:30:00+02:00,116.06369336786571,119.06
2026-04-24 18:45:00+02:00,142.48675772093435,146.06
2026-04-24 19:00:00+02:00,127.45711134440131,107.98
2026-04-24 19:15:00+02:00,133.73843815960777,123.55
2026-04-24 19:30:00+02:00,140.81262149470865,133.5
2026-04-24 19:45:00+02:00,138.45842040501685,170.21
2026-04-24 20:00:00+02:00,141.89726399753812,141.51
2026-04-24 20:15:00+02:00,139.77629082509011,136.03
2026-04-24 20:30:00+02:00,130.82736818120634,141.06
2026-04-24 20:45:00+02:00,122.06844086222797,130.76
2026-04-24 21:00:00+02:00,132.63599227653543,163.25
2026-04-24 21:15:00+02:00,126.8575819908939,129.56
2026-04-24 21:30:00+02:00,118.43219451271693,122.01
2026-04-24 21:45:00+02:00,111.53627104056869,109.28
2026-04-24 22:00:00+02:00,114.38426600069893,129.86
2026-04-24 22:15:00+02:00,114.26397553557365,124.91
2026-04-24 22:30:00+02:00,121.50235943069373,120.72
2026-04-24 22:45:00+02:00,117.31652913649299,112.02
2026-04-24 23:00:00+02:00,117.5332561995702,117.96
2026-04-24 23:15:00+02:00,112.3565976917195,114.8
2026-04-24 23:30:00+02:00,113.47840301782469,111.92
2026-04-24 23:45:00+02:00,109.48376055649034,109.09
2026-04-25 00:00:00+02:00,105.67022858317414,106.72
2026-04-25 00:15:00+02:00,101.06959951485617,99.05
2026-04-25 00:30:00+02:00,99.52001765635299,100.15
2026-04-25 00:45:00+02:00,96.74771395013897,96.58
2026-04-25 01:00:00+02:00,101.53298278661433,98.2
2026-04-25 01:15:00+02:00,101.51611017138136,94.63
2026-04-25 01:30:00+02:00,102.2369210865162,95.46
2026-04-25 01:45:00+02:00,99.1174927908055,93.87
2026-04-25 02:00:00+02:00,101.15077021205728,97.95
2026-04-25 02:15:00+02:00,97.80927494275086,96.19
2026-04-25 02:30:00+02:00,97.21332904715968,93.22
2026-04-25 02:45:00+02:00,96.63155189818853,93.12
2026-04-25 03:00:00+02:00,99.37836010926567,97.71
2026-04-25 03:15:00+02:00,96.58577345710427,94.81
2026-04-25 03:30:00+02:00,95.70993226698862,94.96
2026-04-25 03:45:00+02:00,95.51806537952895,93.15
2026-04-25 04:00:00+02:00,94.64608500007937,88.35
2026-04-25 04:15:00+02:00,95.62254307484241,87.91
2026-04-25 04:30:00+02:00,94.38892682303874,88.7
2026-04-25 04:45:00+02:00,88.28384765135353,88.87
2026-04-25 05:00:00+02:00,97.9514989733862,88.78
2026-04-25 05:15:00+02:00,96.7246497571067,88.18
2026-04-25 05:30:00+02:00,101.97516108252594,89.43
2026-04-25 05:45:00+02:00,95.43206595880145,85.73
2026-04-25 06:00:00+02:00,99.51352303310891,89.86
2026-04-25 06:15:00+02:00,96.0443210108134,90.87
2026-04-25 06:30:00+02:00,93.19565971501054,86.0
2026-04-25 06:45:00+02:00,68.77321895450697,66.0
2026-04-25 07:00:00+02:00,97.19773450248982,95.07
2026-04-25 07:15:00+02:00,76.2395470793387,88.64
2026-04-25 07:30:00+02:00,53.93849655069431,65.81
2026-04-25 07:45:00+02:00,45.59996278276867,35.93
2026-04-25 08:00:00+02:00,59.07980208647706,58.87
2026-04-25 08:15:00+02:00,45.550488267209474,17.07
2026-04-25 08:30:00+02:00,36.24712602393248,4.1
2026-04-25 08:45:00+02:00,23.42444754301782,0.1
2026-04-25 09:00:00+02:00,47.43986041151669,0.2
2026-04-25 09:15:00+02:00,26.04624421034906,-0.01
2026-04-25 09:30:00+02:00,9.244701076297048,-0.01
2026-04-25 09:45:00+02:00,5.065207477404755,-0.35
2026-04-25 10:00:00+02:00,0.9117148792643661,-0.08
2026-04-25 10:15:00+02:00,-3.3335139878759463,-2.02
2026-04-25 10:30:00+02:00,-12.529670903142161,-7.0
2026-04-25 10:45:00+02:00,-15.562479336999814,-19.98
2026-04-25 11:00:00+02:00,-22.886251953476602,-15.03
2026-04-25 11:15:00+02:00,-20.21731826687767,-30.0
2026-04-25 11:30:00+02:00,-18.06808515111895,-51.43
2026-04-25 11:45:00+02:00,-19.883517506972993,-72.11
2026-04-25 12:00:00+02:00,-27.615698805001045,-70.29
2026-04-25 12:15:00+02:00,-21.34944495165025,-89.98
2026-04-25 12:30:00+02:00,-21.269510866550917,-109.94
2026-04-25 12:45:00+02:00,-23.36681534420572,-131.84
2026-04-25 13:00:00+02:00,-24.23719440445143,-130.06
2026-04-25 13:15:00+02:00,-27.708201288224238,-183.57
2026-04-25 13:30:00+02:00,-31.953885154125793,-190.44
2026-04-25 13:45:00+02:00,-45.536081955789584,-201.7
2026-04-25 14:00:00+02:00,-24.028074237697496,-195.84
2026-04-25 14:15:00+02:00,-24.27673254446988,-193.53
2026-04-25 14:30:00+02:00,-22.44177653858044,-190.92
2026-04-25 14:45:00+02:00,-29.47913796942882,-183.17
2026-04-25 15:00:00+02:00,-33.386435660294154,-166.95
2026-04-25 15:15:00+02:00,-22.841018224660317,-154.01
2026-04-25 15:30:00+02:00,-17.203121122972433,-120.45
2026-04-25 15:45:00+02:00,-23.829035793449933,-93.8
2026-04-25 16:00:00+02:00,-14.067171689964027,-93.74
2026-04-25 16:15:00+02:00,-14.471589722823325,-67.16
2026-04-25 16:30:00+02:00,3.518262752315337,-39.0
2026-04-25 16:45:00+02:00,26.793281965648802,-16.0
2026-04-25 17:00:00+02:00,18.203421123449772,-15.0
2026-04-25 17:15:00+02:00,38.34529528892425,-4.93
2026-04-25 17:30:00+02:00,46.79849444065316,-1.0
2026-04-25 17:45:00+02:00,67.16340627910873,-0.05
2026-04-25 18:00:00+02:00,44.08140276799796,-1.03
2026-04-25 18:15:00+02:00,78.01124659695002,-0.01
2026-04-25 18:30:00+02:00,103.04872126224285,2.48
2026-04-25 18:45:00+02:00,116.33358202222438,17.02
2026-04-25 19:00:00+02:00,101.07236546925643,38.95
2026-04-25 19:15:00+02:00,110.3977262615682,62.8
2026-04-25 19:30:00+02:00,124.9227878908774,73.32
2026-04-25 19:45:00+02:00,136.6089953807563,85.72
2026-04-25 20:00:00+02:00,130.61131175122335,75.47
2026-04-25 20:15:00+02:00,124.11454993554679,77.54
2026-04-25 20:30:00+02:00,122.10197190258013,76.01
2026-04-25 20:45:00+02:00,106.86848350505124,72.66
2026-04-25 21:00:00+02:00,106.7843349600047,81.86
2026-04-25 21:15:00+02:00,98.55991052718882,76.33
2026-04-25 21:30:00+02:00,95.85783429779781,69.76
2026-04-25 21:45:00+02:00,90.84137299914863,60.07
2026-04-25 22:00:00+02:00,101.15990034513625,79.88
2026-04-25 22:15:00+02:00,95.20974495873857,73.15
2026-04-25 22:30:00+02:00,92.51424826822881,72.24
2026-04-25 22:45:00+02:00,80.56150811487296,65.44
2026-04-25 23:00:00+02:00,87.53840986199211,72.8
2026-04-25 23:15:00+02:00,73.4487372417795,65.71
2026-04-25 23:30:00+02:00,67.28015345341365,71.89
2026-04-25 23:45:00+02:00,50.00627399696485,69.52
2026-04-26 00:00:00+02:00,54.35526206423639,78.31
2026-04-26 00:15:00+02:00,54.31856406192441,76.49
2026-04-26 00:30:00+02:00,56.51875372854802,80.45
2026-04-26 00:45:00+02:00,62.31186884173146,82.51
2026-04-26 01:00:00+02:00,60.20162497970944,81.39
2026-04-26 01:15:00+02:00,62.82444913829573,81.55
2026-04-26 01:30:00+02:00,66.47840859571565,85.43
2026-04-26 01:45:00+02:00,65.73404874842416,86.01
2026-04-26 02:00:00+02:00,65.97312649992185,85.35
2026-04-26 02:15:00+02:00,68.9074516594158,85.74
2026-04-26 02:30:00+02:00,67.05984268597223,88.25
2026-04-26 02:45:00+02:00,71.33878823399246,89.06
2026-04-26 03:00:00+02:00,67.80513172764023,87.93
2026-04-26 03:15:00+02:00,68.55577268571535,89.37
2026-04-26 03:30:00+02:00,69.64295804815673,91.27
2026-04-26 03:45:00+02:00,73.22938974449677,93.38
2026-04-26 04:00:00+02:00,73.43769411851846,88.47
2026-04-26 04:15:00+02:00,77.70056541023519,91.15
2026-04-26 04:30:00+02:00,80.46085638726824,98.27
2026-04-26 04:45:00+02:00,84.28674208281404,98.72
2026-04-26 05:00:00+02:00,82.43713304725772,94.22
2026-04-26 05:15:00+02:00,86.96460425134501,99.49
2026-04-26 05:30:00+02:00,82.21631808021029,99.9
2026-04-26 05:45:00+02:00,77.06807278324357,100.95
2026-04-26 06:00:00+02:00,86.30732286819672,97.1
2026-04-26 06:15:00+02:00,77.64751568090546,97.2
2026-04-26 06:30:00+02:00,79.7782421651161,94.04
2026-04-26 06:45:00+02:00,75.42383423635243,88.4
2026-04-26 07:00:00+02:00,108.04299584498992,92.25
2026-04-26 07:15:00+02:00,88.33592890938095,88.22
2026-04-26 07:30:00+02:00,73.2403901100985,83.16
2026-04-26 07:45:00+02:00,40.080401079525075,68.98
2026-04-26 08:00:00+02:00,63.805798496497786,88.85
2026-04-26 08:15:00+02:00,42.17665805867556,73.0
2026-04-26 08:30:00+02:00,16.560208088088658,45.72
2026-04-26 08:45:00+02:00,8.046596247632351,9.68
2026-04-26 09:00:00+02:00,9.725244516197549,4.91
2026-04-26 09:15:00+02:00,0.5241372688562649,-0.09
2026-04-26 09:30:00+02:00,-1.3515146736908576,-0.81
2026-04-26 09:45:00+02:00,-5.462723375592276,-4.05
2026-04-26 10:00:00+02:00,-13.33961689760146,-5.01
2026-04-26 10:15:00+02:00,-16.16780889334197,-19.64
2026-04-26 10:30:00+02:00,-18.44069900680789,-38.0
2026-04-26 10:45:00+02:00,-12.282364080218485,-50.09
2026-04-26 11:00:00+02:00,-12.581129303144536,-72.0
2026-04-26 11:15:00+02:00,-23.744310703349704,-86.99
2026-04-26 11:30:00+02:00,-21.08474961567496,-137.11
2026-04-26 11:45:00+02:00,-17.98582282497866,-213.36
2026-04-26 12:00:00+02:00,-21.024179935065867,-213.54
2026-04-26 12:15:00+02:00,-17.543316151958557,-247.77
2026-04-26 12:30:00+02:00,-20.70927546515334,-256.17
2026-04-26 12:45:00+02:00,-29.32391799322759,-322.36
2026-04-26 13:00:00+02:00,-24.891444163177084,-360.35
2026-04-26 13:15:00+02:00,-36.03927740729068,-376.09
2026-04-26 13:30:00+02:00,-37.41432287996824,-451.35
2026-04-26 13:45:00+02:00,-45.04252781721458,-467.29
2026-04-26 14:00:00+02:00,-48.20050615886727,-480.01
2026-04-26 14:15:00+02:00,-52.81543749790084,-451.12
2026-04-26 14:30:00+02:00,-59.073228478187374,-392.82
2026-04-26 14:45:00+02:00,-70.00712068379136,-329.03
2026-04-26 15:00:00+02:00,-50.89543917151445,-321.1
2026-04-26 15:15:00+02:00,-41.89615613844943,-276.53
2026-04-26 15:30:00+02:00,-54.72968329442408,-225.99
2026-04-26 15:45:00+02:00,-48.984425675582884,-119.95
2026-04-26 16:00:00+02:00,-22.354652382967174,-89.22
2026-04-26 16:15:00+02:00,-25.09263311571283,-44.99
2026-04-26 16:30:00+02:00,-2.482486698186861,-12.0
2026-04-26 16:45:00+02:00,23.22481645809988,-3.01
2026-04-26 17:00:00+02:00,-5.82682676471066,-2.1
2026-04-26 17:15:00+02:00,26.362040047825403,-0.13
2026-04-26 17:30:00+02:00,88.35966210101338,0.39
2026-04-26 17:45:00+02:00,95.93262196497815,46.55
2026-04-26 18:00:00+02:00,49.34421358432817,42.67
2026-04-26 18:15:00+02:00,79.68950134913783,100.92
2026-04-26 18:30:00+02:00,106.58475960091913,144.26
2026-04-26 18:45:00+02:00,172.6358793639425,164.54
2026-04-26 19:00:00+02:00,117.16448727564293,114.89
2026-04-26 19:15:00+02:00,143.10757682266635,132.34
2026-04-26 19:30:00+02:00,158.07077019273467,164.64
2026-04-26 19:45:00+02:00,158.14399147179336,189.28
2026-04-26 20:00:00+02:00,160.55481613369977,151.98
2026-04-26 20:15:00+02:00,161.21685732917896,161.01
2026-04-26 20:30:00+02:00,149.69221488045773,166.23
2026-04-26 20:45:00+02:00,136.24344331542522,152.04
2026-04-26 21:00:00+02:00,156.36634415075991,150.0
2026-04-26 21:15:00+02:00,140.47961207377045,142.46
2026-04-26 21:30:00+02:00,133.69064840181062,136.88
2026-04-26 21:45:00+02:00,128.4294950926543,133.27
2026-04-26 22:00:00+02:00,136.27333878581868,133.98
2026-04-26 22:15:00+02:00,135.3374790318935,129.96
2026-04-26 22:30:00+02:00,122.89698116289864,123.91
2026-04-26 22:45:00+02:00,118.99927773953036,117.78
2026-04-26 23:00:00+02:00,130.54422090053723,124.86
2026-04-26 23:15:00+02:00,122.57254063234996,127.56
2026-04-26 23:30:00+02:00,123.42955158026732,121.08
2026-04-26 23:45:00+02:00,118.80157077101472,118.0
2026-04-27 00:00:00+02:00,120.09946535741295,125.91
2026-04-27 00:15:00+02:00,110.94811909001251,119.8
2026-04-27 00:30:00+02:00,112.61365913679552,115.38
2026-04-27 00:45:00+02:00,111.58640988480255,112.7
2026-04-27 01:00:00+02:00,113.95309052179664,114.48
2026-04-27 01:15:00+02:00,112.72268686127552,113.59
2026-04-27 01:30:00+02:00,113.51773512713157,112.31
2026-04-27 01:45:00+02:00,112.95317953294293,111.74
2026-04-27 02:00:00+02:00,114.00346445572141,113.01
2026-04-27 02:15:00+02:00,113.11869622780137,112.71
2026-04-27 02:30:00+02:00,113.86750045767059,112.71
2026-04-27 02:45:00+02:00,112.23478187508616,112.41
2026-04-27 03:00:00+02:00,111.67857046570619,112.97
2026-04-27 03:15:00+02:00,111.33042473636857,112.14
2026-04-27 03:30:00+02:00,111.63296521222014,112.67
2026-04-27 03:45:00+02:00,112.26375886975788,113.52
2026-04-27 04:00:00+02:00,112.93453417150214,112.71
2026-04-27 04:15:00+02:00,111.41738556221155,113.92
2026-04-27 04:30:00+02:00,114.63275867681541,116.87
2026-04-27 04:45:00+02:00,124.32766926644433,123.46
2026-04-27 05:00:00+02:00,114.2303126964861,116.7
2026-04-27 05:15:00+02:00,120.42367194918295,124.0
2026-04-27 05:30:00+02:00,132.44045844353587,129.79
2026-04-27 05:45:00+02:00,140.24073428635057,132.18
2026-04-27 06:00:00+02:00,135.40520409180388,150.1
2026-04-27 06:15:00+02:00,150.87138649985124,166.4
2026-04-27 06:30:00+02:00,153.87194970462645,169.98
2026-04-27 06:45:00+02:00,156.4744815549645,175.79
2026-04-27 07:00:00+02:00,184.56315401376264,185.21
2026-04-27 07:15:00+02:00,175.20914994749967,171.27
2026-04-27 07:30:00+02:00,152.76231511517543,143.41
2026-04-27 07:45:00+02:00,137.86778929408732,114.87
2026-04-27 08:00:00+02:00,176.66705448945376,173.8
2026-04-27 08:15:00+02:00,135.77888929037948,135.01
2026-04-27 08:30:00+02:00,122.8942631744564,109.38
2026-04-27 08:45:00+02:00,89.94958991442377,88.0
2026-04-27 09:00:00+02:00,132.13571566142386,124.98
2026-04-27 09:15:00+02:00,99.97463686405285,99.27
2026-04-27 09:30:00+02:00,93.2837739418579,86.62
2026-04-27 09:45:00+02:00,68.73726318323615,59.24
2026-04-27 10:00:00+02:00,99.90193367278322,92.67
2026-04-27 10:15:00+02:00,68.73012520072734,67.9
2026-04-27 10:30:00+02:00,58.57004634114831,52.47
2026-04-27 10:45:00+02:00,41.28739501168247,23.53
2026-04-27 11:00:00+02:00,46.912842350719714,16.59
2026-04-27 11:15:00+02:00,37.479309352549905,0.0
2026-04-27 11:30:00+02:00,20.128748831663888,-0.01
2026-04-27 11:45:00+02:00,6.605689262441441,-0.02
2026-04-27 12:00:00+02:00,8.697723348175842,-0.01
2026-04-27 12:15:00+02:00,-2.3328607869055915,-0.05
2026-04-27 12:30:00+02:00,-2.6008628285385775,-0.1
2026-04-27 12:45:00+02:00,5.400393575845622,-0.23
2026-04-27 13:00:00+02:00,-5.0133504368525585,-0.5
2026-04-27 13:15:00+02:00,0.00639925880711445,-0.82
2026-04-27 13:30:00+02:00,4.883811402695641,-1.0
2026-04-27 13:45:00+02:00,3.939021025392659,-1.0
2026-04-27 14:00:00+02:00,4.203452334234139,-0.5
2026-04-27 14:15:00+02:00,7.362396780341292,-0.1
2026-04-27 14:30:00+02:00,22.51611180586803,-0.05
2026-04-27 14:45:00+02:00,28.027473685263455,0.0
2026-04-27 15:00:00+02:00,5.127435328932918,-0.01
2026-04-27 15:15:00+02:00,40.493109317332305,0.0
2026-04-27 15:30:00+02:00,25.319017335533715,0.01
2026-04-27 15:45:00+02:00,37.21198289142298,20.57
2026-04-27 16:00:00+02:00,36.7456320545539,18.66
2026-04-27 16:15:00+02:00,53.24136060601818,53.61
2026-04-27 16:30:00+02:00,74.30817079947423,88.62
2026-04-27 16:45:00+02:00,88.87984486346667,113.77
2026-04-27 17:00:00+02:00,70.73835716796665,68.25
2026-04-27 17:15:00+02:00,86.74989910098265,105.18
2026-04-27 17:30:00+02:00,111.66820829610178,123.55
2026-04-27 17:45:00+02:00,125.68379250669724,131.76
2026-04-27 18:00:00+02:00,106.09300094484938,109.05
2026-04-27 18:15:00+02:00,133.94813646981228,123.74
2026-04-27 18:30:00+02:00,142.98218940391226,139.33
2026-04-27 18:45:00+02:00,169.38686143256479,147.29
2026-04-27 19:00:00+02:00,131.8882196824774,132.91
2026-04-27 19:15:00+02:00,155.48316835202863,156.54
2026-04-27 19:30:00+02:00,169.0566526574762,175.42
2026-04-27 19:45:00+02:00,187.90562308786187,224.33
2026-04-27 20:00:00+02:00,172.16983027316428,217.55
2026-04-27 20:15:00+02:00,162.8078230257763,205.14
2026-04-27 20:30:00+02:00,159.0159371509809,179.38
2026-04-27 20:45:00+02:00,138.89394603935156,150.4
2026-04-27 21:00:00+02:00,160.83399702483564,193.94
2026-04-27 21:15:00+02:00,144.2230329859575,150.9
2026-04-27 21:30:00+02:00,132.94345350245214,129.0
2026-04-27 21:45:00+02:00,116.27456605442259,120.0
2026-04-27 22:00:00+02:00,133.7743464362057,138.37
2026-04-27 22:15:00+02:00,130.34680347140676,130.02
2026-04-27 22:30:00+02:00,120.45136821993266,122.83
2026-04-27 22:45:00+02:00,112.58780656404458,111.37
2026-04-27 23:00:00+02:00,123.03578576150342,124.74
2026-04-27 23:15:00+02:00,114.22152218011655,117.45
2026-04-27 23:30:00+02:00,110.484179377784,111.54
2026-04-27 23:45:00+02:00,104.7233302128455,107.08
2026-04-28 00:00:00+02:00,105.99609862506199,119.92
2026-04-28 00:15:00+02:00,104.22896744946097,113.69
2026-04-28 00:30:00+02:00,99.73128391736788,109.91
2026-04-28 00:45:00+02:00,98.36241216212008,107.12
2026-04-28 01:00:00+02:00,100.8996414343822,110.83
2026-04-28 01:15:00+02:00,99.27423888663952,107.61
2026-04-28 01:30:00+02:00,97.91583279181674,106.26
2026-04-28 01:45:00+02:00,96.81882560198792,102.91
2026-04-28 02:00:00+02:00,99.3172908701364,104.02
2026-04-28 02:15:00+02:00,97.42698016968363,102.51
2026-04-28 02:30:00+02:00,97.01060289879307,102.64
2026-04-28 02:45:00+02:00,98.44940004804735,102.75
2026-04-28 03:00:00+02:00,97.60428020479353,102.36
2026-04-28 03:15:00+02:00,97.84394346771505,102.08
2026-04-28 03:30:00+02:00,97.81840608881717,102.95
2026-04-28 03:45:00+02:00,99.6282290322172,103.93
2026-04-28 04:00:00+02:00,96.52078238619038,102.73
2026-04-28 04:15:00+02:00,98.09363164903937,103.47
2026-04-28 04:30:00+02:00,100.30559719144152,105.52
2026-04-28 04:45:00+02:00,102.98197863677754,109.39
2026-04-28 05:00:00+02:00,98.28970584518987,104.55
2026-04-28 05:15:00+02:00,102.9859538659826,109.24
2026-04-28 05:30:00+02:00,106.14331682948836,115.2
2026-04-28 05:45:00+02:00,117.33069775344526,118.35
2026-04-28 06:00:00+02:00,114.46305721452633,118.79
2026-04-28 06:15:00+02:00,127.1617439225429,121.4
2026-04-28 06:30:00+02:00,130.8299127558572,124.89
2026-04-28 06:45:00+02:00,125.80672196616501,123.32
2026-04-28 07:00:00+02:00,129.37293484878927,134.29
2026-04-28 07:15:00+02:00,126.04195762164579,126.94
2026-04-28 07:30:00+02:00,117.65142462942546,116.4
2026-04-28 07:45:00+02:00,103.15219516134698,108.09
2026-04-28 08:00:00+02:00,124.17816221445534,128.91
2026-04-28 08:15:00+02:00,112.71569267696549,121.07
2026-04-28 08:30:00+02:00,96.65140793226311,109.71
2026-04-28 08:45:00+02:00,74.28491359341423,89.57
2026-04-28 09:00:00+02:00,99.86583416173946,113.0
2026-04-28 09:15:00+02:00,77.50239056606284,97.01
2026-04-28 09:30:00+02:00,55.13325266737554,70.07
2026-04-28 09:45:00+02:00,12.450588971342938,39.03
2026-04-28 10:00:00+02:00,22.93469765624438,68.65
2026-04-28 10:15:00+02:00,2.074608666912468,23.19
2026-04-28 10:30:00+02:00,-1.6067489369463672,-0.07
2026-04-28 10:45:00+02:00,-6.798911300755201,-4.51
2026-04-28 11:00:00+02:00,-2.537596227397941,0.05
2026-04-28 11:15:00+02:00,-12.995356147226957,-0.4
2026-04-28 11:30:00+02:00,-12.613578706483494,-1.0
2026-04-28 11:45:00+02:00,-23.677202189443648,-2.99
2026-04-28 12:00:00+02:00,-21.064792444669052,-6.39
2026-04-28 12:15:00+02:00,-31.48058674769573,-10.7
2026-04-28 12:30:00+02:00,-34.040962188882325,-17.1
2026-04-28 12:45:00+02:00,-43.25497886651953,-21.98
2026-04-28 13:00:00+02:00,-43.33189687948739,-22.09
2026-04-28 13:15:00+02:00,-56.87278819222031,-28.45
2026-04-28 13:30:00+02:00,-58.190184600999515,-29.99
2026-04-28 13:45:00+02:00,-65.12369969797979,-35.47
2026-04-28 14:00:00+02:00,-71.11525852556203,-32.94
2026-04-28 14:15:00+02:00,-70.5071576998979,-30.0
2026-04-28 14:30:00+02:00,-73.75210568100394,-28.63
2026-04-28 14:45:00+02:00,-64.35512007052117,-24.46
2026-04-28 15:00:00+02:00,-54.515271910191196,-26.09
2026-04-28 15:15:00+02:00,-47.56235542093965,-20.0
2026-04-28 15:30:00+02:00,-20.57462705712824,-15.01
2026-04-28 15:45:00+02:00,-3.4403551297204302,-8.22
2026-04-28 16:00:00+02:00,-11.33134752851037,-12.49
2026-04-28 16:15:00+02:00,-16.039623654151356,-5.11
2026-04-28 16:30:00+02:00,2.9526233454296005,-1.02
2026-04-28 16:45:00+02:00,7.848206804517147,0.0
2026-04-28 17:00:00+02:00,2.395019537413532,-0.05
2026-04-28 17:15:00+02:00,31.147472797446596,5.81
2026-04-28 17:30:00+02:00,53.39143091372003,45.6
2026-04-28 17:45:00+02:00,94.53107854638874,81.9
2026-04-28 18:00:00+02:00,57.25294005091777,58.65
2026-04-28 18:15:00+02:00,90.19156375650567,79.39
2026-04-28 18:30:00+02:00,112.97231473985072,105.36
2026-04-28 18:45:00+02:00,133.16661992071175,117.0
2026-04-28 19:00:00+02:00,119.08613928423534,105.22
2026-04-28 19:15:00+02:00,127.76248350196987,115.2
2026-04-28 19:30:00+02:00,131.08527296026833,120.18
2026-04-28 19:45:00+02:00,139.82993877688006,129.0
2026-04-28 20:00:00+02:00,130.89505692047538,124.01
2026-04-28 20:15:00+02:00,121.02305269665108,120.06
2026-04-28 20:30:00+02:00,124.20288697036169,121.07
2026-04-28 20:45:00+02:00,115.79549842714385,118.75
2026-04-28 21:00:00+02:00,134.08506871884077,119.87
2026-04-28 21:15:00+02:00,113.57509435046671,118.91
2026-04-28 21:30:00+02:00,113.00170647552156,115.48
2026-04-28 21:45:00+02:00,105.40882490745136,109.05
2026-04-28 22:00:00+02:00,114.00426002534186,118.02
2026-04-28 22:15:00+02:00,108.9902661452634,112.41
2026-04-28 22:30:00+02:00,111.85921828598156,110.5
2026-04-28 22:45:00+02:00,108.63978166794826,104.25
2026-04-28 23:00:00+02:00,105.51108819561915,107.12
2026-04-28 23:15:00+02:00,107.58083960368411,102.04
2026-04-28 23:30:00+02:00,108.6078362436801,100.41
2026-04-28 23:45:00+02:00,100.83188976970338,97.51
2026-04-29 00:00:00+02:00,105.69019297343546,101.96
2026-04-29 00:15:00+02:00,105.82467397062418,98.38
2026-04-29 00:30:00+02:00,102.62588734988097,97.46
2026-04-29 00:45:00+02:00,101.5240753544663,95.03
2026-04-29 01:00:00+02:00,103.3641308719907,97.82
2026-04-29 01:15:00+02:00,100.06501646126073,96.32
2026-04-29 01:30:00+02:00,99.08530599725577,96.7
2026-04-29 01:45:00+02:00,97.2936163054579,96.06
2026-04-29 02:00:00+02:00,98.79529056345841,97.83
2026-04-29 02:15:00+02:00,98.86967103858409,97.54
2026-04-29 02:30:00+02:00,99.01101903534006,98.44
2026-04-29 02:45:00+02:00,100.1890510498546,97.86
2026-04-29 03:00:00+02:00,99.57550630744248,97.59
2026-04-29 03:15:00+02:00,100.42293743452751,98.03
2026-04-29 03:30:00+02:00,100.86593083274387,98.71
2026-04-29 03:45:00+02:00,102.68130025063634,99.78
2026-04-29 04:00:00+02:00,99.66229646821307,98.68
2026-04-29 04:15:00+02:00,101.82207354640516,99.8
2026-04-29 04:30:00+02:00,105.07687497216315,100.79
2026-04-29 04:45:00+02:00,108.59851285395284,103.33
2026-04-29 05:00:00+02:00,105.52676615163658,102.07
2026-04-29 05:15:00+02:00,106.26124403204616,105.04
2026-04-29 05:30:00+02:00,118.32187489758348,109.71
2026-04-29 05:45:00+02:00,128.1382417167798,114.8
2026-04-29 06:00:00+02:00,121.18742434187072,121.58
2026-04-29 06:15:00+02:00,128.93905916382082,137.93
2026-04-29 06:30:00+02:00,133.96081331523996,149.84
2026-04-29 06:45:00+02:00,135.85898742850722,149.84
2026-04-29 07:00:00+02:00,140.06903812024535,153.0
2026-04-29 07:15:00+02:00,139.2621779170636,130.17
2026-04-29 07:30:00+02:00,133.5205238978955,119.2
2026-04-29 07:45:00+02:00,108.20002110578126,105.02
2026-04-29 08:00:00+02:00,145.47775185487066,134.59
2026-04-29 08:15:00+02:00,121.29526013802129,120.46
2026-04-29 08:30:00+02:00,110.21775634760162,105.15
2026-04-29 08:45:00+02:00,70.90878701326325,89.26
2026-04-29 09:00:00+02:00,111.22618928558131,117.75
2026-04-29 09:15:00+02:00,88.90206644728904,96.95
2026-04-29 09:30:00+02:00,64.71491828456703,50.54
2026-04-29 09:45:00+02:00,23.590972974940918,0.44
2026-04-29 10:00:00+02:00,48.87404646790814,10.8
2026-04-29 10:15:00+02:00,3.7423860227967936,-0.02
2026-04-29 10:30:00+02:00,-6.503505998588203,-4.28
2026-04-29 10:45:00+02:00,-9.7128804381966,-10.81
2026-04-29 11:00:00+02:00,-11.694495137833357,-7.52
2026-04-29 11:15:00+02:00,-18.329721265548784,-7.99
2026-04-29 11:30:00+02:00,-15.020113685657996,-10.7
2026-04-29 11:45:00+02:00,-15.661196124055493,-20.06
2026-04-29 12:00:00+02:00,-15.639740329290028,-20.0
2026-04-29 12:15:00+02:00,-26.603753810195535,-30.0
2026-04-29 12:30:00+02:00,-19.697290597614376,-36.06
2026-04-29 12:45:00+02:00,-17.52806762186893,-49.0
2026-04-29 13:00:00+02:00,-24.580389117452917,-49.95
2026-04-29 13:15:00+02:00,-29.582788398089214,-57.79
2026-04-29 13:30:00+02:00,-33.78542942290271,-63.47
2026-04-29 13:45:00+02:00,-42.67535456426501,-70.24
2026-04-29 14:00:00+02:00,-42.19267215754479,-63.51
2026-04-29 14:15:00+02:00,-44.50092983584793,-57.71
2026-04-29 14:30:00+02:00,-40.4933169908769,-51.51
2026-04-29 14:45:00+02:00,-39.977275673428004,-49.0
2026-04-29 15:00:00+02:00,-36.540298996012325,-50.0
2026-04-29 15:15:00+02:00,-32.2568838401927,-39.89
2026-04-29 15:30:00+02:00,-41.17316649396098,-32.91
2026-04-29 15:45:00+02:00,-28.359628981245322,-22.08
2026-04-29 16:00:00+02:00,-22.266693757174394,-26.47
2026-04-29 16:15:00+02:00,-11.2505505188186,-13.12
2026-04-29 16:30:00+02:00,-2.587270073256576,-5.1
2026-04-29 16:45:00+02:00,27.168870369637204,-0.31
2026-04-29 17:00:00+02:00,4.443737101241666,-6.36
2026-04-29 17:15:00+02:00,34.79923011722815,-0.1
2026-04-29 17:30:00+02:00,51.76989495562012,8.05
2026-04-29 17:45:00+02:00,101.99587907012598,76.99
2026-04-29 18:00:00+02:00,67.28274380835292,41.92
2026-04-29 18:15:00+02:00,88.41018511435965,85.07
2026-04-29 18:30:00+02:00,115.38538523531489,110.92
2026-04-29 18:45:00+02:00,130.46573608502882,126.67
2026-04-29 19:00:00+02:00,113.45228839828461,104.21
2026-04-29 19:15:00+02:00,118.35014298120728,110.63
2026-04-29 19:30:00+02:00,137.19217580691702,127.21
2026-04-29 19:45:00+02:00,159.36908916057502,161.19
2026-04-29 20:00:00+02:00,153.56414695290053,144.85
2026-04-29 20:15:00+02:00,152.00089315815296,143.87
2026-04-29 20:30:00+02:00,133.82676113863408,149.2
2026-04-29 20:45:00+02:00,127.53626184684886,144.45
2026-04-29 21:00:00+02:00,141.76454772011908,158.5
2026-04-29 21:15:00+02:00,127.28301354975775,131.32
2026-04-29 21:30:00+02:00,124.60247471110239,118.72
2026-04-29 21:45:00+02:00,112.2478432166759,111.26
2026-04-29 22:00:00+02:00,127.91656362827612,123.5
2026-04-29 22:15:00+02:00,119.97728574209326,117.26
2026-04-29 22:30:00+02:00,117.03352266620237,114.21
2026-04-29 22:45:00+02:00,111.80735397049696,107.66
2026-04-29 23:00:00+02:00,116.0161789487298,111.96
2026-04-29 23:15:00+02:00,111.5395169557726,106.21
2026-04-29 23:30:00+02:00,111.07470854781164,103.32
2026-04-29 23:45:00+02:00,107.46811177153953,98.9
2026-04-30 00:00:00+02:00,107.24006865618328,99.4
2026-04-30 00:15:00+02:00,101.75312412309651,101.55
2026-04-30 00:30:00+02:00,100.99614304206857,101.1
2026-04-30 00:45:00+02:00,99.11462717932069,99.23
2026-04-30 01:00:00+02:00,102.10148319141379,99.57
2026-04-30 01:15:00+02:00,99.65219732956632,99.19
2026-04-30 01:30:00+02:00,99.87384890758844,99.97
2026-04-30 01:45:00+02:00,97.10327092457503,101.71
2026-04-30 02:00:00+02:00,101.04170869942695,100.33
2026-04-30 02:15:00+02:00,98.72262721256755,97.81
2026-04-30 02:30:00+02:00,99.4885446741861,98.02
2026-04-30 02:45:00+02:00,98.83187855173585,98.12
2026-04-30 03:00:00+02:00,98.89230820806209,98.75
2026-04-30 03:15:00+02:00,99.87432691041214,99.01
2026-04-30 03:30:00+02:00,100.43650060813872,99.29
2026-04-30 03:45:00+02:00,101.40576446276157,100.86
2026-04-30 04:00:00+02:00,99.33894358714595,98.35
2026-04-30 04:15:00+02:00,102.80466263644604,101.48
2026-04-30 04:30:00+02:00,106.44240291349364,106.89
2026-04-30 04:45:00+02:00,107.78182539327166,109.64
2026-04-30 05:00:00+02:00,106.03201049629617,106.81
2026-04-30 05:15:00+02:00,109.09105865855375,110.88
2026-04-30 05:30:00+02:00,116.09323291851176,116.28
2026-04-30 05:45:00+02:00,118.87119328117419,122.44
2026-04-30 06:00:00+02:00,120.76104308282669,119.63
2026-04-30 06:15:00+02:00,137.8963039390907,147.97
2026-04-30 06:30:00+02:00,144.9364517192783,150.34
2026-04-30 06:45:00+02:00,141.4667886155819,138.54
2026-04-30 07:00:00+02:00,150.08322704218858,155.36
2026-04-30 07:15:00+02:00,129.94307898899294,130.68
2026-04-30 07:30:00+02:00,121.86697503505282,113.9
2026-04-30 07:45:00+02:00,103.21206730418766,89.2
2026-04-30 08:00:00+02:00,129.15212787411252,127.7
2026-04-30 08:15:00+02:00,116.65219082746864,115.3
2026-04-30 08:30:00+02:00,97.39343163328812,93.2
2026-04-30 08:45:00+02:00,78.78526869031855,48.67
2026-04-30 09:00:00+02:00,108.63947707784563,108.35
2026-04-30 09:15:00+02:00,93.27795059334777,59.2
2026-04-30 09:30:00+02:00,42.26174914445628,14.66
2026-04-30 09:45:00+02:00,12.115486511675705,0.01
2026-04-30 10:00:00+02:00,31.992117828355873,1.98
2026-04-30 10:15:00+02:00,2.812034864387172,0.0
2026-04-30 10:30:00+02:00,-3.027616572377589,-0.09
2026-04-30 10:45:00+02:00,-10.845177605454275,-2.04
2026-04-30 11:00:00+02:00,-5.030784732732599,-0.51
2026-04-30 11:15:00+02:00,-17.829621066229215,-1.29
2026-04-30 11:30:00+02:00,-18.971216717138283,-4.0
2026-04-30 11:45:00+02:00,-25.19820288454605,-9.7
2026-04-30 12:00:00+02:00,-24.61670612202188,-8.17
2026-04-30 12:15:00+02:00,-28.592583965982318,-14.34
2026-04-30 12:30:00+02:00,-37.346920514587,-18.23
2026-04-30 12:45:00+02:00,-29.365190366888527,-24.27
2026-04-30 13:00:00+02:00,-35.30342851500825,-26.01
2026-04-30 13:15:00+02:00,-35.16669915440432,-29.99
2026-04-30 13:30:00+02:00,-39.038748592126936,-34.63
2026-04-30 13:45:00+02:00,-41.81969703136578,-37.45
2026-04-30 14:00:00+02:00,-47.53396760763881,-36.16
2026-04-30 14:15:00+02:00,-54.62811089352385,-30.01
2026-04-30 14:30:00+02:00,-44.020843783786994,-28.35
2026-04-30 14:45:00+02:00,-41.3697514683077,-21.2
2026-04-30 15:00:00+02:00,-43.12329202674019,-20.73
2026-04-30 15:15:00+02:00,-30.9621478480476,-15.01
2026-04-30 15:30:00+02:00,-38.196806917802775,-9.47
2026-04-30 15:45:00+02:00,-30.700796256668895,-2.99
2026-04-30 16:00:00+02:00,-27.921990564165284,-5.86
2026-04-30 16:15:00+02:00,-13.083752075750013,-1.65
2026-04-30 16:30:00+02:00,-6.470358608321405,-0.94
2026-04-30 16:45:00+02:00,2.492551542571107,-0.72
2026-04-30 17:00:00+02:00,-3.6964369545184326,-1.68
2026-04-30 17:15:00+02:00,12.89749370908757,-0.01
2026-04-30 17:30:00+02:00,55.17746539804043,13.7
2026-04-30 17:45:00+02:00,84.78431804027872,70.31
2026-04-30 18:00:00+02:00,46.89632429247861,31.14
2026-04-30 18:15:00+02:00,84.83934481526614,88.61
2026-04-30 18:30:00+02:00,109.01475904915212,112.47
2026-04-30 18:45:00+02:00,127.06627949925613,137.5
2026-04-30 19:00:00+02:00,108.67780089808483,104.13
2026-04-30 19:15:00+02:00,107.3977024552199,121.7
2026-04-30 19:30:00+02:00,129.56168374588378,144.27
2026-04-30 19:45:00+02:00,146.25474800736063,186.25
2026-04-30 20:00:00+02:00,146.62924137202987,178.01
2026-04-30 20:15:00+02:00,132.1169778555427,188.47
2026-04-30 20:30:00+02:00,137.32411736738533,181.09
2026-04-30 20:45:00+02:00,133.43080338469213,166.91
2026-04-30 21:00:00+02:00,143.2140356168781,181.63
2026-04-30 21:15:00+02:00,123.24571461690857,155.44
2026-04-30 21:30:00+02:00,120.13342978901449,131.23
2026-04-30 21:45:00+02:00,113.84152999849273,115.06
2026-04-30 22:00:00+02:00,125.40262231204963,132.37
2026-04-30 22:15:00+02:00,116.48720652040596,120.1
2026-04-30 22:30:00+02:00,112.7107329597475,113.94
2026-04-30 22:45:00+02:00,107.79030565984718,109.27
2026-04-30 23:00:00+02:00,108.55938075990477,117.59
2026-04-30 23:15:00+02:00,110.36133327806384,111.12
2026-04-30 23:30:00+02:00,109.99337484822838,106.74
2026-04-30 23:45:00+02:00,102.78083482010543,102.98
2026-05-01 00:00:00+02:00,102.63884249256981,115.99
2026-05-01 00:15:00+02:00,101.67302596134674,108.86
2026-05-01 00:30:00+02:00,101.29503527095623,103.48
2026-05-01 00:45:00+02:00,98.21206648100329,100.58
2026-05-01 01:00:00+02:00,100.05639011228968,104.92
2026-05-01 01:15:00+02:00,96.55953102461577,103.16
2026-05-01 01:30:00+02:00,98.41300373181456,103.16
2026-05-01 01:45:00+02:00,95.26982504723857,101.1
2026-05-01 02:00:00+02:00,98.49333830449174,102.84
2026-05-01 02:15:00+02:00,96.24742477889903,100.51
2026-05-01 02:30:00+02:00,94.76226799844262,101.09
2026-05-01 02:45:00+02:00,94.63323645375057,101.1
2026-05-01 03:00:00+02:00,96.98644430557346,99.01
2026-05-01 03:15:00+02:00,96.10065709643405,98.96
2026-05-01 03:30:00+02:00,97.81054800523016,99.78
2026-05-01 03:45:00+02:00,98.80876193415254,99.23
2026-05-01 04:00:00+02:00,96.32813002390621,97.8
2026-05-01 04:15:00+02:00,98.2349911254706,98.21
2026-05-01 04:30:00+02:00,100.793776219261,97.0
2026-05-01 04:45:00+02:00,101.39144953614822,98.91
2026-05-01 05:00:00+02:00,101.459679746392,97.35
2026-05-01 05:15:00+02:00,103.69626557927982,97.87
2026-05-01 05:30:00+02:00,106.260289961279,99.37
2026-05-01 05:45:00+02:00,96.10812646722293,95.39
2026-05-01 06:00:00+02:00,99.3641430611024,112.68
2026-05-01 06:15:00+02:00,92.94596270069354,110.66
2026-05-01 06:30:00+02:00,91.30131505034323,106.74
2026-05-01 06:45:00+02:00,73.832832787223,84.99
2026-05-01 07:00:00+02:00,97.24651813491322,124.78
2026-05-01 07:15:00+02:00,78.99844927914549,95.88
2026-05-01 07:30:00+02:00,67.3122685069215,70.02
2026-05-01 07:45:00+02:00,47.26230292911352,30.68
2026-05-01 08:00:00+02:00,80.91950291036406,98.65
2026-05-01 08:15:00+02:00,64.43717923171539,34.99
2026-05-01 08:30:00+02:00,39.0348801219634,7.66
2026-05-01 08:45:00+02:00,13.761658709238901,0.03
2026-05-01 09:00:00+02:00,27.372904266239956,1.16
2026-05-01 09:15:00+02:00,11.472549487913042,0.0
2026-05-01 09:30:00+02:00,10.765721539931775,-0.01
2026-05-01 09:45:00+02:00,0.8875448002463457,-1.26
2026-05-01 10:00:00+02:00,4.421209551815011,-1.38
2026-05-01 10:15:00+02:00,-1.9610627901733153,-7.99
2026-05-01 10:30:00+02:00,-12.097070165159387,-25.0
2026-05-01 10:45:00+02:00,-21.295729263620554,-50.35
2026-05-01 11:00:00+02:00,-22.79798152271644,-69.98
2026-05-01 11:15:00+02:00,-30.615533744368655,-90.47
2026-05-01 11:30:00+02:00,-43.78893138332822,-120.0
2026-05-01 11:45:00+02:00,-54.9396641611723,-154.02
2026-05-01 12:00:00+02:00,-61.0339417066899,-160.02
2026-05-01 12:15:00+02:00,-68.3457392787886,-280.77
2026-05-01 12:30:00+02:00,-84.05201288426098,-340.21
2026-05-01 12:45:00+02:00,-102.91531594550888,-493.32
2026-05-01 13:00:00+02:00,-106.40344271942955,-496.03
2026-05-01 13:15:00+02:00,-132.83029342124973,-499.99
2026-05-01 13:30:00+02:00,-146.18823513244448,-499.99
2026-05-01 13:45:00+02:00,-156.7477710998783,-499.99
2026-05-01 14:00:00+02:00,-143.4665789416527,-499.99
2026-05-01 14:15:00+02:00,-139.2397843713285,-499.99
2026-05-01 14:30:00+02:00,-137.5361943469079,-499.89
2026-05-01 14:45:00+02:00,-123.93451364011077,-400.0
2026-05-01 15:00:00+02:00,-113.10116752852548,-400.0
2026-05-01 15:15:00+02:00,-103.91403088847231,-215.65
2026-05-01 15:30:00+02:00,-89.66106055249901,-129.95
2026-05-01 15:45:00+02:00,-60.03886379161875,-77.91
2026-05-01 16:00:00+02:00,-56.497595762253226,-63.83
2026-05-01 16:15:00+02:00,-28.426018003922763,-30.0
2026-05-01 16:30:00+02:00,-13.800328824979474,-9.96
2026-05-01 16:45:00+02:00,-3.9258148778516357,-1.2
2026-05-01 17:00:00+02:00,-3.9609035443091614,-1.57
2026-05-01 17:15:00+02:00,5.022850377105328,-0.21
2026-05-01 17:30:00+02:00,9.572003416965103,0.0
2026-05-01 17:45:00+02:00,48.96270455974653,24.0
2026-05-01 18:00:00+02:00,38.66331007274174,5.09
2026-05-01 18:15:00+02:00,61.542731242042365,79.1
2026-05-01 18:30:00+02:00,98.14730315498448,109.67
2026-05-01 18:45:00+02:00,143.67799192519152,176.26
2026-05-01 19:00:00+02:00,98.8801659743176,106.63
2026-05-01 19:15:00+02:00,116.6042335689699,124.15
2026-05-01 19:30:00+02:00,133.47423016703362,152.99
2026-05-01 19:45:00+02:00,158.37323678835762,232.99
2026-05-01 20:00:00+02:00,150.2357097142703,180.71
2026-05-01 20:15:00+02:00,139.4643548182646,181.22
2026-05-01 20:30:00+02:00,146.1209818636366,181.02
2026-05-01 20:45:00+02:00,136.96771376791483,150.35
2026-05-01 21:00:00+02:00,148.00020129785796,210.0
2026-05-01 21:15:00+02:00,137.4250519790176,135.32
2026-05-01 21:30:00+02:00,122.62183944286096,116.65
2026-05-01 21:45:00+02:00,111.68115605630227,109.83
2026-05-01 22:00:00+02:00,121.61300326472731,127.7
2026-05-01 22:15:00+02:00,117.60729705111936,115.99
2026-05-01 22:30:00+02:00,112.46800063526173,106.0
2026-05-01 22:45:00+02:00,107.40119613404634,103.2
2026-05-01 23:00:00+02:00,112.44001867452675,104.09
2026-05-01 23:15:00+02:00,105.70803720658125,102.13
2026-05-01 23:30:00+02:00,106.12862666050479,94.84
2026-05-01 23:45:00+02:00,101.46754813641628,86.87
2026-05-02 00:00:00+02:00,105.36230727882298,138.0
2026-05-02 00:15:00+02:00,97.8961376638014,123.31
2026-05-02 00:30:00+02:00,95.49494167678986,105.13
2026-05-02 00:45:00+02:00,92.84657391706766,103.26
2026-05-02 01:00:00+02:00,98.52732467704521,109.59
2026-05-02 01:15:00+02:00,93.23795875107781,104.87
2026-05-02 01:30:00+02:00,93.98134352643949,102.24
2026-05-02 01:45:00+02:00,89.87498264670151,98.15
2026-05-02 02:00:00+02:00,92.66143960145564,104.17
2026-05-02 02:15:00+02:00,90.4760561590639,98.91
2026-05-02 02:30:00+02:00,88.55855660721274,97.33
2026-05-02 02:45:00+02:00,85.7813436924784,97.5
2026-05-02 03:00:00+02:00,92.0058404891416,97.37
2026-05-02 03:15:00+02:00,90.84488255913746,92.12
2026-05-02 03:30:00+02:00,91.33746034086224,92.08
2026-05-02 03:45:00+02:00,91.48656717586658,91.77
2026-05-02 04:00:00+02:00,88.65583866988587,91.52
2026-05-02 04:15:00+02:00,90.27004172654898,94.22
2026-05-02 04:30:00+02:00,90.95040455217662,94.22
2026-05-02 04:45:00+02:00,84.96996110282717,94.22
2026-05-02 05:00:00+02:00,86.61871049927146,92.82
2026-05-02 05:15:00+02:00,88.49430203131156,91.78
2026-05-02 05:30:00+02:00,90.5948133330656,95.14
2026-05-02 05:45:00+02:00,87.3031172554644,95.05
2026-05-02 06:00:00+02:00,93.04983183298395,95.65
2026-05-02 06:15:00+02:00,92.13779235340377,96.78
2026-05-02 06:30:00+02:00,86.7589044283722,93.47
2026-05-02 06:45:00+02:00,55.88519974063408,81.22
2026-05-02 07:00:00+02:00,95.81190322002551,110.85
2026-05-02 07:15:00+02:00,62.937124378394,86.56
2026-05-02 07:30:00+02:00,54.00604050556808,72.04
2026-05-02 07:45:00+02:00,28.243363125615915,42.6
2026-05-02 08:00:00+02:00,63.96477332946631,46.21
2026-05-02 08:15:00+02:00,28.051683570092536,20.0
2026-05-02 08:30:00+02:00,14.026408219352348,4.77
2026-05-02 08:45:00+02:00,3.306344329187965,2.1
2026-05-02 09:00:00+02:00,3.568718905868593,4.79
2026-05-02 09:15:00+02:00,7.402373837165385,0.33
2026-05-02 09:30:00+02:00,-4.922450213130247,0.0
2026-05-02 09:45:00+02:00,-9.187501568147482,-0.04
2026-05-02 10:00:00+02:00,-7.143207844383255,-0.01
2026-05-02 10:15:00+02:00,-7.448558871119332,-0.09
2026-05-02 10:30:00+02:00,-14.834661577224992,-1.26
2026-05-02 10:45:00+02:00,-36.88453916378466,-8.19
2026-05-02 11:00:00+02:00,-49.04045007003694,-10.0
2026-05-02 11:15:00+02:00,-56.89254236947795,-14.45
2026-05-02 11:30:00+02:00,-73.91969879015653,-23.31
2026-05-02 11:45:00+02:00,-95.23774461737116,-39.89
2026-05-02 12:00:00+02:00,-91.29017702273919,-59.95
2026-05-02 12:15:00+02:00,-126.84004178443814,-74.03
2026-05-02 12:30:00+02:00,-140.18737753488105,-88.0
2026-05-02 12:45:00+02:00,-174.3110406949245,-112.45
2026-05-02 13:00:00+02:00,-174.80622167077522,-114.16
2026-05-02 13:15:00+02:00,-195.41675030803103,-129.04
2026-05-02 13:30:00+02:00,-207.29461821203856,-147.01
2026-05-02 13:45:00+02:00,-215.56742325931683,-129.9
2026-05-02 14:00:00+02:00,-211.30870069551008,-120.01
2026-05-02 14:15:00+02:00,-200.07046719357416,-95.49
2026-05-02 14:30:00+02:00,-191.7122627702496,-74.0
2026-05-02 14:45:00+02:00,-197.16873683427653,-57.87
2026-05-02 15:00:00+02:00,-172.4932761824819,-34.99
2026-05-02 15:15:00+02:00,-145.23295663398437,-14.99
2026-05-02 15:30:00+02:00,-95.99476189883596,-5.09
2026-05-02 15:45:00+02:00,-76.8832730225478,-1.08
2026-05-02 16:00:00+02:00,-62.827277749455135,-0.11
2026-05-02 16:15:00+02:00,-37.089427705616785,-0.01
2026-05-02 16:30:00+02:00,-16.036964818284247,0.0
2026-05-02 16:45:00+02:00,-0.7570385672398174,0.25
2026-05-02 17:00:00+02:00,-6.4098062747739135,0.37
2026-05-02 17:15:00+02:00,1.0516830209586487,6.19
2026-05-02 17:30:00+02:00,2.0124860139392666,68.82
2026-05-02 17:45:00+02:00,35.86206710563064,144.4
2026-05-02 18:00:00+02:00,23.70880937927035,78.71
2026-05-02 18:15:00+02:00,66.4741461967801,113.51
2026-05-02 18:30:00+02:00,101.28710575447982,136.31
2026-05-02 18:45:00+02:00,154.50591091500132,180.03
2026-05-02 19:00:00+02:00,100.59370852406525,115.68
2026-05-02 19:15:00+02:00,122.21749827048231,137.46
2026-05-02 19:30:00+02:00,156.58042724979754,155.77
2026-05-02 19:45:00+02:00,173.11819448058947,251.09
2026-05-02 20:00:00+02:00,166.86052071406388,176.98
2026-05-02 20:15:00+02:00,160.8274849699919,199.77
2026-05-02 20:30:00+02:00,151.48819977965604,217.0
2026-05-02 20:45:00+02:00,145.07647042883102,188.05
2026-05-02 21:00:00+02:00,165.4261647057054,210.76
2026-05-02 21:15:00+02:00,142.66209647978934,147.94
2026-05-02 21:30:00+02:00,137.83632253628954,133.78
2026-05-02 21:45:00+02:00,125.70066346317931,124.8
2026-05-02 22:00:00+02:00,137.16237899041988,174.8
2026-05-02 22:15:00+02:00,128.9406651577629,137.8
2026-05-02 22:30:00+02:00,120.13814260137563,125.4
2026-05-02 22:45:00+02:00,115.41762652255419,121.84
2026-05-02 23:00:00+02:00,123.11920942168322,135.11
2026-05-02 23:15:00+02:00,117.19903469355263,129.16
2026-05-02 23:30:00+02:00,113.59417703774295,117.74
2026-05-02 23:45:00+02:00,108.58486552491516,113.45
2026-05-03 00:00:00+02:00,130.90507301289986,129.53
2026-05-03 00:15:00+02:00,122.52777836302309,120.08
2026-05-03 00:30:00+02:00,109.94422272746311,119.66
2026-05-03 00:45:00+02:00,104.92132095636208,115.51
2026-05-03 01:00:00+02:00,110.3247311665729,118.26
2026-05-03 01:15:00+02:00,105.1632615457691,117.91
2026-05-03 01:30:00+02:00,103.23477935615317,115.95
2026-05-03 01:45:00+02:00,100.47341476742076,112.01
2026-05-03 02:00:00+02:00,103.2789849788091,111.26
2026-05-03 02:15:00+02:00,100.46085553169532,110.89
2026-05-03 02:30:00+02:00,98.47715242891086,110.0
2026-05-03 02:45:00+02:00,99.89485542801879,108.5
2026-05-03 03:00:00+02:00,100.10922188771843,109.3
2026-05-03 03:15:00+02:00,100.03281410197131,109.12
2026-05-03 03:30:00+02:00,102.1143766547575,107.9
2026-05-03 03:45:00+02:00,102.47224313575403,107.59
2026-05-03 04:00:00+02:00,98.49247001967474,106.86
2026-05-03 04:15:00+02:00,99.25223956827607,105.64
2026-05-03 04:30:00+02:00,102.9852484436162,106.06
2026-05-03 04:45:00+02:00,103.34052411535903,106.61
2026-05-03 05:00:00+02:00,105.6144977387651,104.7
2026-05-03 05:15:00+02:00,105.68487968878668,107.16
2026-05-03 05:30:00+02:00,99.36563405201105,107.14
2026-05-03 05:45:00+02:00,91.27161219765611,109.29
2026-05-03 06:00:00+02:00,107.34651816355449,107.83
2026-05-03 06:15:00+02:00,92.70367916173484,103.94
2026-05-03 06:30:00+02:00,79.2539661774119,102.74
2026-05-03 06:45:00+02:00,64.30761205475505,92.29
2026-05-03 07:00:00+02:00,100.41723191168614,119.77
2026-05-03 07:15:00+02:00,70.51848130301971,93.26
2026-05-03 07:30:00+02:00,58.77026973639377,69.1
2026-05-03 07:45:00+02:00,31.877636119754584,59.22
2026-05-03 08:00:00+02:00,60.88573795535214,87.76
2026-05-03 08:15:00+02:00,32.01669864769909,75.25
2026-05-03 08:30:00+02:00,15.732747077554606,67.29
2026-05-03 08:45:00+02:00,7.363147784256228,56.65
2026-05-03 09:00:00+02:00,18.87611509019277,62.23
2026-05-03 09:15:00+02:00,16.019495413858394,36.36
2026-05-03 09:30:00+02:00,10.314192253739193,25.82
2026-05-03 09:45:00+02:00,6.547531703748454,6.22
2026-05-03 10:00:00+02:00,11.499190100230834,6.35
2026-05-03 10:15:00+02:00,2.5756020344719843,0.0
2026-05-03 10:30:00+02:00,-10.565515109027622,-0.59
2026-05-03 10:45:00+02:00,2.0290251827873185,-0.61
2026-05-03 11:00:00+02:00,-23.981846540652306,-0.36
2026-05-03 11:15:00+02:00,-22.20406721948296,-0.77
2026-05-03 11:30:00+02:00,-13.154261995128765,-1.45
2026-05-03 11:45:00+02:00,-13.140417773374923,-3.13
2026-05-03 12:00:00+02:00,-14.047805942418648,-5.34
2026-05-03 12:15:00+02:00,-11.642206934697418,-6.55
2026-05-03 12:30:00+02:00,-13.861447786247645,-7.27
2026-05-03 12:45:00+02:00,-20.863988531070376,-8.0
2026-05-03 13:00:00+02:00,-19.000242173835932,-12.59
2026-05-03 13:15:00+02:00,-29.682581534592657,-15.0
2026-05-03 13:30:00+02:00,-35.112260848364315,-15.15
2026-05-03 13:45:00+02:00,-63.64761194416955,-15.0
2026-05-03 14:00:00+02:00,-47.96775349243486,-11.63
2026-05-03 14:15:00+02:00,-54.344040805082855,-12.7
2026-05-03 14:30:00+02:00,-54.272403058156506,-9.6
2026-05-03 14:45:00+02:00,-43.28700562672955,-9.6
2026-05-03 15:00:00+02:00,-27.69599103403023,-10.01
2026-05-03 15:15:00+02:00,-33.31766235829532,-4.7
2026-05-03 15:30:00+02:00,-34.210744855080144,-1.09
2026-05-03 15:45:00+02:00,-35.06430728008816,-0.07
2026-05-03 16:00:00+02:00,-24.620208636724755,-0.85
2026-05-03 16:15:00+02:00,-19.596138252369272,-0.6
2026-05-03 16:30:00+02:00,6.90294522225247,0.19
2026-05-03 16:45:00+02:00,28.63805439328665,37.79
2026-05-03 17:00:00+02:00,-0.33954563552575223,21.26
2026-05-03 17:15:00+02:00,53.78543497177129,68.25
2026-05-03 17:30:00+02:00,51.96557636883699,99.69
2026-05-03 17:45:00+02:00,90.43683195633622,133.63
2026-05-03 18:00:00+02:00,47.88849565386117,101.69
2026-05-03 18:15:00+02:00,96.51156919732102,114.99
2026-05-03 18:30:00+02:00,120.99330246468374,127.99
2026-05-03 18:45:00+02:00,153.4379867830057,137.62
2026-05-03 19:00:00+02:00,110.52458999517866,123.52
2026-05-03 19:15:00+02:00,130.69681642196863,124.77
2026-05-03 19:30:00+02:00,149.3610873361345,137.89
2026-05-03 19:45:00+02:00,152.70974905838935,153.0
2026-05-03 20:00:00+02:00,150.63831516594524,139.64
2026-05-03 20:15:00+02:00,149.82865062477654,142.03
2026-05-03 20:30:00+02:00,152.8850522068445,141.98
2026-05-03 20:45:00+02:00,149.36980009114768,139.83
2026-05-03 21:00:00+02:00,158.41040579135432,147.94
2026-05-03 21:15:00+02:00,132.09485113730807,138.68
2026-05-03 21:30:00+02:00,130.12577538666025,133.94
2026-05-03 21:45:00+02:00,114.91384333399574,128.68
2026-05-03 22:00:00+02:00,135.89874970485698,140.07
2026-05-03 22:15:00+02:00,128.24089234538002,137.75
2026-05-03 22:30:00+02:00,114.27167119772692,124.87
2026-05-03 22:45:00+02:00,100.90416893401317,118.82
2026-05-03 23:00:00+02:00,121.26578696101934,133.96
2026-05-03 23:15:00+02:00,99.5057008476724,121.24
2026-05-03 23:30:00+02:00,95.75892151006177,115.95
2026-05-03 23:45:00+02:00,102.36055431734755,113.31
2026-05-04 00:00:00+02:00,117.1275670617044,126.79
2026-05-04 00:15:00+02:00,112.12664334515904,120.08
2026-05-04 00:30:00+02:00,107.64350986105985,112.47
2026-05-04 00:45:00+02:00,107.40807273059956,110.08
2026-05-04 01:00:00+02:00,109.94138513541863,110.65
2026-05-04 01:15:00+02:00,107.71844719238379,109.42
2026-05-04 01:30:00+02:00,107.31663417895604,108.35
2026-05-04 01:45:00+02:00,108.01419646021138,105.22
2026-05-04 02:00:00+02:00,107.85882184188453,113.26
2026-05-04 02:15:00+02:00,106.85789106829266,110.64
2026-05-04 02:30:00+02:00,106.1337903478523,110.1
2026-05-04 02:45:00+02:00,108.96512713783214,108.23
2026-05-04 03:00:00+02:00,105.00634044695387,106.55
2026-05-04 03:15:00+02:00,109.99765877920524,105.45
2026-05-04 03:30:00+02:00,110.14983459078304,105.93
2026-05-04 03:45:00+02:00,111.77090707641537,107.46
2026-05-04 04:00:00+02:00,108.94300516942793,107.04
2026-05-04 04:15:00+02:00,109.74925383273323,108.75
2026-05-04 04:30:00+02:00,112.06134458853204,111.0
2026-05-04 04:45:00+02:00,116.4150058867205,112.84
2026-05-04 05:00:00+02:00,115.22799729741912,111.37
2026-05-04 05:15:00+02:00,112.38221815810647,119.09
2026-05-04 05:30:00+02:00,120.69696067215772,134.49
2026-05-04 05:45:00+02:00,132.39567397577704,150.58
2026-05-04 06:00:00+02:00,130.54364783689036,141.72
2026-05-04 06:15:00+02:00,147.19760714746053,153.93
2026-05-04 06:30:00+02:00,148.89559497458768,152.0
2026-05-04 06:45:00+02:00,138.45043920456294,150.54
2026-05-04 07:00:00+02:00,153.03332308826825,163.33
2026-05-04 07:15:00+02:00,155.97628030709853,154.26
2026-05-04 07:30:00+02:00,140.15073643210476,147.19
2026-05-04 07:45:00+02:00,131.2751439777617,140.29
2026-05-04 08:00:00+02:00,175.93154307744655,155.51
2026-05-04 08:15:00+02:00,139.6450375081588,142.88
2026-05-04 08:30:00+02:00,121.40382620292996,131.2
2026-05-04 08:45:00+02:00,96.28997499145586,108.82
2026-05-04 09:00:00+02:00,124.83010291163613,129.89
2026-05-04 09:15:00+02:00,106.0213936835107,112.12
2026-05-04 09:30:00+02:00,95.5646718060308,111.41
2026-05-04 09:45:00+02:00,80.78089499001834,101.08
2026-05-04 10:00:00+02:00,109.6799474497881,118.94
2026-05-04 10:15:00+02:00,80.38708190290635,98.17
2026-05-04 10:30:00+02:00,61.36252419316603,96.98
2026-05-04 10:45:00+02:00,44.983864625965595,85.87
2026-05-04 11:00:00+02:00,54.7089699922818,97.49
2026-05-04 11:15:00+02:00,44.05570400542811,93.61
2026-05-04 11:30:00+02:00,36.32007215506875,93.28
2026-05-04 11:45:00+02:00,17.58641499843766,88.0
2026-05-04 12:00:00+02:00,34.112025149908746,87.48
2026-05-04 12:15:00+02:00,31.84985418128795,74.44
2026-05-04 12:30:00+02:00,31.25952956034459,70.63
2026-05-04 12:45:00+02:00,22.235751724276817,67.71
2026-05-04 13:00:00+02:00,25.897464993359247,72.41
2026-05-04 13:15:00+02:00,20.309180618316574,68.9
2026-05-04 13:30:00+02:00,22.747302218057616,63.0
2026-05-04 13:45:00+02:00,31.041682925345118,73.32
2026-05-04 14:00:00+02:00,26.54163814718636,72.81
2026-05-04 14:15:00+02:00,33.077570514484165,79.55
2026-05-04 14:30:00+02:00,58.44130146392062,83.79
2026-05-04 14:45:00+02:00,55.87458969276791,88.16
2026-05-04 15:00:00+02:00,37.11578182265102,83.34
2026-05-04 15:15:00+02:00,60.69229378397195,89.63
2026-05-04 15:30:00+02:00,73.49821974620924,93.97
2026-05-04 15:45:00+02:00,87.71651328247975,109.07
2026-05-04 16:00:00+02:00,67.72798665156967,88.55
2026-05-04 16:15:00+02:00,80.2075377677154,99.55
2026-05-04 16:30:00+02:00,95.24179423658886,112.63
2026-05-04 16:45:00+02:00,115.47079930581599,131.14
2026-05-04 17:00:00+02:00,90.96824299503469,93.34
2026-05-04 17:15:00+02:00,107.87430625396884,126.0
2026-05-04 17:30:00+02:00,129.1668320181159,141.19
2026-05-04 17:45:00+02:00,140.46055212715677,155.44
2026-05-04 18:00:00+02:00,118.63166569826706,135.27
2026-05-04 18:15:00+02:00,136.07447314397274,146.92
2026-05-04 18:30:00+02:00,145.88625318762783,178.74
2026-05-04 18:45:00+02:00,160.20433571780558,215.07
2026-05-04 19:00:00+02:00,142.8726252382046,156.7
2026-05-04 19:15:00+02:00,167.99337400040167,196.47
2026-05-04 19:30:00+02:00,172.2777630498706,270.68
2026-05-04 19:45:00+02:00,186.40013619089424,356.27
2026-05-04 20:00:00+02:00,190.93600910696034,285.76
2026-05-04 20:15:00+02:00,173.4047979845858,282.0
2026-05-04 20:30:00+02:00,162.6734854332425,272.72
2026-05-04 20:45:00+02:00,150.26079483615203,226.86
2026-05-04 21:00:00+02:00,173.45123871274853,272.99
2026-05-04 21:15:00+02:00,151.1365059819793,202.64
2026-05-04 21:30:00+02:00,141.17727028929897,158.91
2026-05-04 21:45:00+02:00,127.84298979603632,142.66
2026-05-04 22:00:00+02:00,154.5617785237614,181.0
2026-05-04 22:15:00+02:00,140.94722524922668,152.71
2026-05-04 22:30:00+02:00,134.3688355778451,141.36
2026-05-04 22:45:00+02:00,127.06914123697645,137.11
2026-05-04 23:00:00+02:00,133.5445872984825,152.25
2026-05-04 23:15:00+02:00,132.2627715204898,139.09
2026-05-04 23:30:00+02:00,124.84087281850046,132.0
2026-05-04 23:45:00+02:00,117.11970413533871,125.46
2026-05-05 00:00:00+02:00,139.47129509183554,143.42
2026-05-05 00:15:00+02:00,126.43510182650554,132.45
2026-05-05 00:30:00+02:00,124.88095662411726,126.22
2026-05-05 00:45:00+02:00,120.71556779724808,123.35
2026-05-05 01:00:00+02:00,122.33092757582486,131.88
2026-05-05 01:15:00+02:00,123.92365621437997,126.15
2026-05-05 01:30:00+02:00,121.39903422606764,125.35
2026-05-05 01:45:00+02:00,118.38757589113949,121.42
2026-05-05 02:00:00+02:00,116.76084996858137,123.28
2026-05-05 02:15:00+02:00,117.6739095848544,121.79
2026-05-05 02:30:00+02:00,118.14583061900606,121.59
2026-05-05 02:45:00+02:00,118.23123038843146,121.78
2026-05-05 03:00:00+02:00,115.29862033884737,122.18
2026-05-05 03:15:00+02:00,114.84812876674107,121.84
2026-05-05 03:30:00+02:00,116.11563920466548,122.68
2026-05-05 03:45:00+02:00,116.37055384714634,121.48
2026-05-05 04:00:00+02:00,114.08946219721354,120.69
2026-05-05 04:15:00+02:00,116.06267454024906,122.34
2026-05-05 04:30:00+02:00,117.52723791246143,125.44
2026-05-05 04:45:00+02:00,121.31402466944049,127.13
2026-05-05 05:00:00+02:00,116.02253398896259,124.19
2026-05-05 05:15:00+02:00,123.58264546985271,127.57
2026-05-05 05:30:00+02:00,120.69624595843531,136.58
2026-05-05 05:45:00+02:00,132.68790514273078,147.27
2026-05-05 06:00:00+02:00,139.61239484307814,149.39
2026-05-05 06:15:00+02:00,150.39221288908826,155.53
2026-05-05 06:30:00+02:00,154.08295751163465,163.67
2026-05-05 06:45:00+02:00,156.8081509938139,171.86
2026-05-05 07:00:00+02:00,155.81258634280712,178.34
2026-05-05 07:15:00+02:00,152.78481562950878,165.55
2026-05-05 07:30:00+02:00,152.90862391438168,151.59
2026-05-05 07:45:00+02:00,149.39314820532158,147.58
2026-05-05 08:00:00+02:00,169.24873975005946,167.15
2026-05-05 08:15:00+02:00,149.1345478401199,146.97
2026-05-05 08:30:00+02:00,143.8873720027947,144.78
2026-05-05 08:45:00+02:00,121.86899415572603,130.03
2026-05-05 09:00:00+02:00,163.4314347532577,141.41
2026-05-05 09:15:00+02:00,136.24561915956986,130.03
2026-05-05 09:30:00+02:00,118.62669309369808,126.0
2026-05-05 09:45:00+02:00,104.46686298590346,121.0
2026-05-05 10:00:00+02:00,123.46457412815718,124.66
2026-05-05 10:15:00+02:00,104.23219877484574,115.89
2026-05-05 10:30:00+02:00,104.86005535590643,108.72
2026-05-05 10:45:00+02:00,92.96506976346663,107.21
2026-05-05 11:00:00+02:00,110.29941597992483,113.08
2026-05-05 11:15:00+02:00,113.29481694492209,109.99
2026-05-05 11:30:00+02:00,93.14838254435034,106.36
2026-05-05 11:45:00+02:00,67.63644824651705,103.6
2026-05-05 12:00:00+02:00,95.68087004593394,106.28
2026-05-05 12:15:00+02:00,69.41991629845089,97.28
2026-05-05 12:30:00+02:00,59.27319016903183,95.3
2026-05-05 12:45:00+02:00,67.16734576666873,97.51
2026-05-05 13:00:00+02:00,69.69929765701707,98.25
2026-05-05 13:15:00+02:00,77.89835038966545,98.3
2026-05-05 13:30:00+02:00,75.40462307358295,97.36
2026-05-05 13:45:00+02:00,70.14134844848274,98.31
2026-05-05 14:00:00+02:00,75.72964457712419,92.33
2026-05-05 14:15:00+02:00,82.64113629917921,98.3
2026-05-05 14:30:00+02:00,61.83612837239248,99.34
2026-05-05 14:45:00+02:00,86.15315564603105,101.01
2026-05-05 15:00:00+02:00,89.98714653309209,111.11
2026-05-05 15:15:00+02:00,85.99866877147251,102.15
2026-05-05 15:30:00+02:00,93.75505213510098,105.3
2026-05-05 15:45:00+02:00,97.97720459488691,105.4
2026-05-05 16:00:00+02:00,85.73881114061558,109.53
2026-05-05 16:15:00+02:00,94.2971661930547,105.57
2026-05-05 16:30:00+02:00,94.83892843945675,108.42
2026-05-05 16:45:00+02:00,115.90197829935387,124.39
2026-05-05 17:00:00+02:00,95.67629587003835,116.16
2026-05-05 17:15:00+02:00,117.1556971495321,123.43
2026-05-05 17:30:00+02:00,127.80585881387617,132.79
2026-05-05 17:45:00+02:00,149.37740608945066,142.3
2026-05-05 18:00:00+02:00,124.21255686373925,133.41
2026-05-05 18:15:00+02:00,131.98892745702977,132.23
2026-05-05 18:30:00+02:00,140.68080806777976,149.6
2026-05-05 18:45:00+02:00,159.81565451045145,167.81
2026-05-05 19:00:00+02:00,149.95101854687417,148.97
2026-05-05 19:15:00+02:00,155.36715522109347,157.1
2026-05-05 19:30:00+02:00,154.70744280687407,162.83
2026-05-05 19:45:00+02:00,162.5697911016597,185.84
2026-05-05 20:00:00+02:00,168.3204741084908,165.17
2026-05-05 20:15:00+02:00,152.66467361864167,169.32
2026-05-05 20:30:00+02:00,146.5456420213138,166.08
2026-05-05 20:45:00+02:00,139.45653471951368,155.04
2026-05-05 21:00:00+02:00,147.28396670183335,157.0
2026-05-05 21:15:00+02:00,142.6247076905829,151.96
2026-05-05 21:30:00+02:00,134.39969637491606,146.04
2026-05-05 21:45:00+02:00,124.02276548676836,132.99
2026-05-05 22:00:00+02:00,136.585055622865,146.61
2026-05-05 22:15:00+02:00,132.79059620467788,135.61
2026-05-05 22:30:00+02:00,122.89669222531771,130.03
2026-05-05 22:45:00+02:00,118.43283617877299,118.73
2026-05-05 23:00:00+02:00,123.73026470646468,128.03
2026-05-05 23:15:00+02:00,114.56459853574476,117.41
2026-05-05 23:30:00+02:00,111.837685429775,110.92
2026-05-05 23:45:00+02:00,106.56515666007105,104.81
2026-05-06 00:00:00+02:00,116.70006579169632,128.01
2026-05-06 00:15:00+02:00,112.9713420505353,119.76
2026-05-06 00:30:00+02:00,107.52258936178674,118.18
2026-05-06 00:45:00+02:00,99.96197919376564,114.19
2026-05-06 01:00:00+02:00,108.91274281894343,118.03
2026-05-06 01:15:00+02:00,104.66402412318773,114.15
2026-05-06 01:30:00+02:00,100.58362452703865,113.02
2026-05-06 01:45:00+02:00,100.6093741277815,111.72
2026-05-06 02:00:00+02:00,101.42315810502707,113.46
2026-05-06 02:15:00+02:00,98.42567278411622,113.01
2026-05-06 02:30:00+02:00,98.87744601959643,112.76
2026-05-06 02:45:00+02:00,97.65143349339783,113.43
2026-05-06 03:00:00+02:00,96.8807914859479,112.61
2026-05-06 03:15:00+02:00,97.72058933634939,112.83
2026-05-06 03:30:00+02:00,98.04345714581078,113.54
2026-05-06 03:45:00+02:00,98.05355299516891,113.0
2026-05-06 04:00:00+02:00,96.13714934274387,112.99
2026-05-06 04:15:00+02:00,99.49189392111884,112.66
2026-05-06 04:30:00+02:00,102.41112456247787,113.72
2026-05-06 04:45:00+02:00,105.29242142068838,113.99
2026-05-06 05:00:00+02:00,101.58560647328788,112.56
2026-05-06 05:15:00+02:00,106.33962934384873,116.12
2026-05-06 05:30:00+02:00,110.56189427095663,119.09
2026-05-06 05:45:00+02:00,126.22081547792084,125.13
2026-05-06 06:00:00+02:00,119.20165831647083,120.6
2026-05-06 06:15:00+02:00,129.27590529412456,129.72
2026-05-06 06:30:00+02:00,138.84937543491924,136.04
2026-05-06 06:45:00+02:00,134.52680683660088,138.2
2026-05-06 07:00:00+02:00,139.63621560807786,150.1
2026-05-06 07:15:00+02:00,137.24770193611369,149.96
2026-05-06 07:30:00+02:00,128.88582881265623,141.04
2026-05-06 07:45:00+02:00,123.51903099779454,128.7
2026-05-06 08:00:00+02:00,141.00254506210112,177.79
2026-05-06 08:15:00+02:00,139.62087986305275,143.93
2026-05-06 08:30:00+02:00,118.63310667871303,131.37
2026-05-06 08:45:00+02:00,103.50399013804747,113.11
2026-05-06 09:00:00+02:00,113.87337725502722,136.86
2026-05-06 09:15:00+02:00,109.2488508498604,125.49
2026-05-06 09:30:00+02:00,101.75040474935909,115.83
2026-05-06 09:45:00+02:00,94.90837179612907,107.04
2026-05-06 10:00:00+02:00,106.55592834859168,119.47
2026-05-06 10:15:00+02:00,90.35098590001864,110.19
2026-05-06 10:30:00+02:00,87.62033086117611,102.77
2026-05-06 10:45:00+02:00,81.21507387489885,102.77
2026-05-06 11:00:00+02:00,77.19610228817905,111.0
2026-05-06 11:15:00+02:00,84.66260713168975,102.73
2026-05-06 11:30:00+02:00,84.07086321261025,102.57
2026-05-06 11:45:00+02:00,67.58854907117151,100.18
2026-05-06 12:00:00+02:00,79.73054365517743,99.79
2026-05-06 12:15:00+02:00,57.70960006328097,99.72
2026-05-06 12:30:00+02:00,56.052590358341675,103.31
2026-05-06 12:45:00+02:00,38.259369376227696,97.55
2026-05-06 13:00:00+02:00,47.933902832680644,96.3
2026-05-06 13:15:00+02:00,41.94331388710108,91.64
2026-05-06 13:30:00+02:00,34.502686565921586,85.62
2026-05-06 13:45:00+02:00,29.30283064408288,83.8
2026-05-06 14:00:00+02:00,34.35915746605597,85.74
2026-05-06 14:15:00+02:00,51.23610544270356,88.77
2026-05-06 14:30:00+02:00,57.49102364313218,92.96
2026-05-06 14:45:00+02:00,71.6780352030783,97.85
2026-05-06 15:00:00+02:00,58.01417527922062,102.66
2026-05-06 15:15:00+02:00,64.56580531408578,99.76
2026-05-06 15:30:00+02:00,80.29763247065578,102.4
2026-05-06 15:45:00+02:00,94.4589157091061,107.68
2026-05-06 16:00:00+02:00,69.90096585984546,105.69
2026-05-06 16:15:00+02:00,84.05307574612024,104.67
2026-05-06 16:30:00+02:00,98.9045878054877,115.16
2026-05-06 16:45:00+02:00,113.083898107669,125.13
2026-05-06 17:00:00+02:00,98.68435014972762,111.71
2026-05-06 17:15:00+02:00,106.48602825861792,119.64
2026-05-06 17:30:00+02:00,126.72606651833297,129.04
2026-05-06 17:45:00+02:00,129.23666323534184,139.82
2026-05-06 18:00:00+02:00,124.90008376976628,124.08
2026-05-06 18:15:00+02:00,133.43359067345267,131.45
2026-05-06 18:30:00+02:00,140.42446814583076,141.11
2026-05-06 18:45:00+02:00,150.68526429569764,155.0
2026-05-06 19:00:00+02:00,147.97271350414962,140.5
2026-05-06 19:15:00+02:00,146.5842531576216,150.01
2026-05-06 19:30:00+02:00,167.89323947665443,157.31
2026-05-06 19:45:00+02:00,157.6027345369861,170.6
2026-05-06 20:00:00+02:00,166.4372489755724,146.0
2026-05-06 20:15:00+02:00,159.2698009628497,151.24
2026-05-06 20:30:00+02:00,148.50306324775838,160.19
2026-05-06 20:45:00+02:00,142.42348747947426,170.23
2026-05-06 21:00:00+02:00,147.7747924440213,163.72
2026-05-06 21:15:00+02:00,144.3887926359138,162.3
2026-05-06 21:30:00+02:00,136.8767983390295,153.0
2026-05-06 21:45:00+02:00,127.45942086475753,139.42
2026-05-06 22:00:00+02:00,139.42549091650608,155.83
2026-05-06 22:15:00+02:00,133.54123801482376,148.44
2026-05-06 22:30:00+02:00,126.44471479608654,139.95
2026-05-06 22:45:00+02:00,121.51523961011519,129.43
2026-05-06 23:00:00+02:00,127.97055196243906,137.0
2026-05-06 23:15:00+02:00,119.66191661600585,129.51
2026-05-06 23:30:00+02:00,117.57344934538617,126.1
2026-05-06 23:45:00+02:00,111.93240631793364,120.43
2026-05-07 00:00:00+02:00,128.5362981307021,132.57
2026-05-07 00:15:00+02:00,121.36640103640265,126.0
2026-05-07 00:30:00+02:00,116.16270689794092,123.09
2026-05-07 00:45:00+02:00,113.5731450203202,118.95
2026-05-07 01:00:00+02:00,116.29160601510206,118.17
2026-05-07 01:15:00+02:00,113.99098469300273,116.51
2026-05-07 01:30:00+02:00,112.30876330032591,115.96
2026-05-07 01:45:00+02:00,110.51369874065561,115.3
2026-05-07 02:00:00+02:00,116.12082166505253,114.48
2026-05-07 02:15:00+02:00,112.20043770106581,115.26
2026-05-07 02:30:00+02:00,111.11831924400627,114.86
2026-05-07 02:45:00+02:00,109.0267353563383,116.43
2026-05-07 03:00:00+02:00,109.58244291180276,115.9
2026-05-07 03:15:00+02:00,107.88254721898471,115.08
2026-05-07 03:30:00+02:00,108.78168133212945,116.34
2026-05-07 03:45:00+02:00,108.31461910346384,118.64
2026-05-07 04:00:00+02:00,109.81078347265706,114.13
2026-05-07 04:15:00+02:00,110.6517044279278,117.59
2026-05-07 04:30:00+02:00,112.147690807548,120.26
2026-05-07 04:45:00+02:00,113.86465268598617,124.57
2026-05-07 05:00:00+02:00,111.16049883608405,118.87
2026-05-07 05:15:00+02:00,117.84750496397234,123.71
2026-05-07 05:30:00+02:00,124.75987121788988,128.71
2026-05-07 05:45:00+02:00,139.94152958961777,136.21
2026-05-07 06:00:00+02:00,134.36182260080645,139.02
2026-05-07 06:15:00+02:00,146.1820514625401,151.35
2026-05-07 06:30:00+02:00,149.07879236070397,153.59
2026-05-07 06:45:00+02:00,147.81342746391522,160.04
2026-05-07 07:00:00+02:00,159.85010040000736,170.65
2026-05-07 07:15:00+02:00,143.464839414528,171.78
2026-05-07 07:30:00+02:00,142.95738204523582,166.74
2026-05-07 07:45:00+02:00,141.38584527752454,160.0
2026-05-07 08:00:00+02:00,164.01723009845875,186.15
2026-05-07 08:15:00+02:00,145.15809169777566,155.11
2026-05-07 08:30:00+02:00,137.5910456190262,148.93
2026-05-07 08:45:00+02:00,122.62872403807624,132.18
2026-05-07 09:00:00+02:00,152.81651931078335,151.33
2026-05-07 09:15:00+02:00,131.53992384981774,140.15
2026-05-07 09:30:00+02:00,122.33172725368155,130.96
2026-05-07 09:45:00+02:00,112.01998685834764,123.2
2026-05-07 10:00:00+02:00,128.5894291932325,134.28
2026-05-07 10:15:00+02:00,114.94181616613548,123.6
2026-05-07 10:30:00+02:00,109.23730446083403,113.47
2026-05-07 10:45:00+02:00,106.06451429467717,109.18
2026-05-07 11:00:00+02:00,114.7560738959709,117.02
2026-05-07 11:15:00+02:00,111.1089664888314,112.85
2026-05-07 11:30:00+02:00,109.96678781299025,114.2
2026-05-07 11:45:00+02:00,103.59973390937446,110.03
2026-05-07 12:00:00+02:00,107.09185075633751,108.25
2026-05-07 12:15:00+02:00,98.06327597198992,104.13
2026-05-07 12:30:00+02:00,102.45308928230321,102.46
2026-05-07 12:45:00+02:00,99.22700600281902,100.85
2026-05-07 13:00:00+02:00,98.2061861669103,103.67
2026-05-07 13:15:00+02:00,101.35579391810208,103.4
2026-05-07 13:30:00+02:00,100.06607393494069,100.73
2026-05-07 13:45:00+02:00,86.76959317783712,99.86
2026-05-07 14:00:00+02:00,98.02582188617721,99.88
2026-05-07 14:15:00+02:00,95.848036989191,100.96
2026-05-07 14:30:00+02:00,95.30460595341937,102.12
2026-05-07 14:45:00+02:00,94.14261713751745,103.96
2026-05-07 15:00:00+02:00,101.21480083689991,105.0
2026-05-07 15:15:00+02:00,96.45390384457276,105.89
2026-05-07 15:30:00+02:00,99.87195335797301,107.3
2026-05-07 15:45:00+02:00,106.65339931438197,111.59
2026-05-07 16:00:00+02:00,98.05913910855452,111.92
2026-05-07 16:15:00+02:00,103.5812692794266,113.0
2026-05-07 16:30:00+02:00,109.76439274087615,117.96
2026-05-07 16:45:00+02:00,123.05005323087279,129.11
2026-05-07 17:00:00+02:00,100.6167715544378,115.42
2026-05-07 17:15:00+02:00,120.20190439926981,123.15
2026-05-07 17:30:00+02:00,130.48894089004594,138.15
2026-05-07 17:45:00+02:00,138.34926677121015,153.52
2026-05-07 18:00:00+02:00,121.73555533693897,132.44
2026-05-07 18:15:00+02:00,131.82105636111615,141.06
2026-05-07 18:30:00+02:00,146.30098979828622,152.7
2026-05-07 18:45:00+02:00,174.0227611973913,168.62
2026-05-07 19:00:00+02:00,140.1080730414764,163.1
2026-05-07 19:15:00+02:00,161.36767797583363,167.78
2026-05-07 19:30:00+02:00,194.17014974568553,188.89
2026-05-07 19:45:00+02:00,227.65216779501168,222.85
2026-05-07 20:00:00+02:00,211.26076109599785,219.07
2026-05-07 20:15:00+02:00,203.2188399686023,225.27
2026-05-07 20:30:00+02:00,193.98765893911954,224.98
2026-05-07 20:45:00+02:00,177.7451020889636,216.59
2026-05-07 21:00:00+02:00,177.24377081054308,218.78
2026-05-07 21:15:00+02:00,170.5838526447956,188.24
2026-05-07 21:30:00+02:00,153.84124745873473,168.03
2026-05-07 21:45:00+02:00,146.10858757084173,155.81
2026-05-07 22:00:00+02:00,161.35148204954493,165.05
2026-05-07 22:15:00+02:00,149.66130620990705,154.81
2026-05-07 22:30:00+02:00,142.078161744902,154.16
2026-05-07 22:45:00+02:00,131.04442756704907,143.72
2026-05-07 23:00:00+02:00,141.00040330235848,156.99
2026-05-07 23:15:00+02:00,136.90043248002613,146.68
2026-05-07 23:30:00+02:00,129.73456580641863,136.58
2026-05-07 23:45:00+02:00,119.8774141246933,130.78
2026-05-08 00:00:00+02:00,132.93194159270885,138.0
2026-05-08 00:15:00+02:00,125.73658498643651,134.15
2026-05-08 00:30:00+02:00,121.39115761661836,127.17
2026-05-08 00:45:00+02:00,117.85878598193598,122.05
2026-05-08 01:00:00+02:00,121.40766359817408,124.95
2026-05-08 01:15:00+02:00,118.26071375450819,121.52
2026-05-08 01:30:00+02:00,116.76029830710532,120.0
2026-05-08 01:45:00+02:00,115.49572857666182,116.17
2026-05-08 02:00:00+02:00,114.7006193324074,119.47
2026-05-08 02:15:00+02:00,116.97002299038525,118.59
2026-05-08 02:30:00+02:00,118.47937929665332,118.67
2026-05-08 02:45:00+02:00,117.27610582686471,116.13
2026-05-08 03:00:00+02:00,114.23623854960914,117.39
2026-05-08 03:15:00+02:00,112.73715581750142,117.35
2026-05-08 03:30:00+02:00,115.66972928532105,116.43
2026-05-08 03:45:00+02:00,113.87523885759708,116.74
2026-05-08 04:00:00+02:00,115.20393165861844,116.19
2026-05-08 04:15:00+02:00,113.83309625207038,117.13
2026-05-08 04:30:00+02:00,116.21348386851079,119.51
2026-05-08 04:45:00+02:00,118.49133905609753,121.43
2026-05-08 05:00:00+02:00,113.68829592733594,120.22
2026-05-08 05:15:00+02:00,119.2745288389764,121.36
2026-05-08 05:30:00+02:00,127.57558121697637,127.12
2026-05-08 05:45:00+02:00,139.11747651885045,136.04
2026-05-08 06:00:00+02:00,138.45890381828818,135.5
2026-05-08 06:15:00+02:00,153.16786497939853,145.5
2026-05-08 06:30:00+02:00,167.28251117018704,146.61
2026-05-08 06:45:00+02:00,167.48603604115934,146.79
2026-05-08 07:00:00+02:00,179.78663222752536,155.65
2026-05-08 07:15:00+02:00,162.04088895069873,151.4
2026-05-08 07:30:00+02:00,142.31050593518313,145.9
2026-05-08 07:45:00+02:00,126.73471824639947,135.16
2026-05-08 08:00:00+02:00,154.97031270728877,161.08
2026-05-08 08:15:00+02:00,137.75830385126935,142.29
2026-05-08 08:30:00+02:00,123.23743235928367,132.31
2026-05-08 08:45:00+02:00,103.13791168990812,113.92
2026-05-08 09:00:00+02:00,128.49961664819546,132.11
2026-05-08 09:15:00+02:00,108.88907074112495,119.53
2026-05-08 09:30:00+02:00,93.96120813618171,108.33
2026-05-08 09:45:00+02:00,78.53028924992819,101.02
2026-05-08 10:00:00+02:00,103.61146520969588,115.23
2026-05-08 10:15:00+02:00,83.52832200056304,101.71
2026-05-08 10:30:00+02:00,69.94235665848515,91.65
2026-05-08 10:45:00+02:00,38.79676356810579,82.4
2026-05-08 11:00:00+02:00,52.71326810378608,93.99
2026-05-08 11:15:00+02:00,36.307530138111694,85.01
2026-05-08 11:30:00+02:00,22.426340430360565,67.25
2026-05-08 11:45:00+02:00,8.064469667463253,56.99
2026-05-08 12:00:00+02:00,18.95684928164054,76.01
2026-05-08 12:15:00+02:00,19.086220514582397,67.38
2026-05-08 12:30:00+02:00,19.37831891867187,62.11
2026-05-08 12:45:00+02:00,22.78717115500706,55.98
2026-05-08 13:00:00+02:00,20.492661486472635,67.26
2026-05-08 13:15:00+02:00,19.509061630146018,61.15
2026-05-08 13:30:00+02:00,13.741292234077939,55.63
2026-05-08 13:45:00+02:00,19.754231048494166,50.79
2026-05-08 14:00:00+02:00,13.250684301646919,54.2
2026-05-08 14:15:00+02:00,23.90909286737775,60.28
2026-05-08 14:30:00+02:00,34.46573707391675,74.09
2026-05-08 14:45:00+02:00,48.25585575749594,68.79
2026-05-08 15:00:00+02:00,24.1342048966035,69.34
2026-05-08 15:15:00+02:00,59.0605981436324,74.72
2026-05-08 15:30:00+02:00,67.60933580476159,91.12
2026-05-08 15:45:00+02:00,75.98161090591732,92.39
2026-05-08 16:00:00+02:00,56.676109373111444,83.7
2026-05-08 16:15:00+02:00,78.82550818118315,89.8
2026-05-08 16:30:00+02:00,91.8893276888499,96.18
2026-05-08 16:45:00+02:00,105.61916392228788,106.57
2026-05-08 17:00:00+02:00,91.01794355167368,96.81
2026-05-08 17:15:00+02:00,103.48507846513853,102.52
2026-05-08 17:30:00+02:00,115.68667800502482,114.58
2026-05-08 17:45:00+02:00,129.09616848202643,124.09
2026-05-08 18:00:00+02:00,111.7738507786125,110.46
2026-05-08 18:15:00+02:00,126.96464588475389,123.04
2026-05-08 18:30:00+02:00,135.6730111837506,133.2
2026-05-08 18:45:00+02:00,149.35528231353172,144.56
2026-05-08 19:00:00+02:00,136.63778659601053,131.83
2026-05-08 19:15:00+02:00,145.77453687193488,136.66
2026-05-08 19:30:00+02:00,162.4172774930232,147.34
2026-05-08 19:45:00+02:00,192.9968781638206,158.34
2026-05-08 20:00:00+02:00,164.02792873030725,154.5
2026-05-08 20:15:00+02:00,164.54089303207962,154.1
2026-05-08 20:30:00+02:00,177.54342876361318,153.3
2026-05-08 20:45:00+02:00,160.3164614055408,150.01
2026-05-08 21:00:00+02:00,173.29545945168576,152.05
2026-05-08 21:15:00+02:00,150.06543164894285,143.99
2026-05-08 21:30:00+02:00,138.65966172436933,132.63
2026-05-08 21:45:00+02:00,128.3431685159175,126.93
2026-05-08 22:00:00+02:00,144.14438889223518,139.31
2026-05-08 22:15:00+02:00,133.74008990579898,127.9
2026-05-08 22:30:00+02:00,130.28955741558894,124.09
2026-05-08 22:45:00+02:00,122.5969130117365,118.71
2026-05-08 23:00:00+02:00,134.81353902749734,124.66
2026-05-08 23:15:00+02:00,122.98338561097498,123.99
2026-05-08 23:30:00+02:00,115.98980260069122,118.85
2026-05-08 23:45:00+02:00,114.22427809826246,109.06
2026-05-09 00:00:00+02:00,122.59915190136567,133.46
2026-05-09 00:15:00+02:00,118.20830021811364,127.1
2026-05-09 00:30:00+02:00,112.3192116437429,125.51
2026-05-09 00:45:00+02:00,112.57403741012097,124.7
2026-05-09 01:00:00+02:00,113.04337655982219,125.24
2026-05-09 01:15:00+02:00,110.89559324439578,124.8
2026-05-09 01:30:00+02:00,111.80877162438753,122.4
2026-05-09 01:45:00+02:00,108.71255303926588,121.19
2026-05-09 02:00:00+02:00,113.17353327291562,122.99
2026-05-09 02:15:00+02:00,108.74374906496853,125.1
2026-05-09 02:30:00+02:00,109.86360918923876,122.0
2026-05-09 02:45:00+02:00,110.89997036063552,123.83
2026-05-09 03:00:00+02:00,109.80877802706594,124.01
2026-05-09 03:15:00+02:00,108.75942865701408,124.39
2026-05-09 03:30:00+02:00,107.86045854881334,124.59
2026-05-09 03:45:00+02:00,107.92739135704394,124.42
2026-05-09 04:00:00+02:00,108.15126869173783,124.25
2026-05-09 04:15:00+02:00,109.14301925407938,124.77
2026-05-09 04:30:00+02:00,107.94465238824978,126.32
2026-05-09 04:45:00+02:00,112.23332824857033,127.61
2026-05-09 05:00:00+02:00,110.1145979229374,124.74
2026-05-09 05:15:00+02:00,112.89155317092009,126.26
2026-05-09 05:30:00+02:00,109.45544824202196,127.4
2026-05-09 05:45:00+02:00,109.28260293757656,127.41
2026-05-09 06:00:00+02:00,119.28034135232298,130.98
2026-05-09 06:15:00+02:00,116.1731117919192,129.27
2026-05-09 06:30:00+02:00,116.18179058082818,127.95
2026-05-09 06:45:00+02:00,102.16118120325308,121.89
2026-05-09 07:00:00+02:00,124.38260938355016,127.18
2026-05-09 07:15:00+02:00,119.29515108246854,123.46
2026-05-09 07:30:00+02:00,102.26001084115188,119.32
2026-05-09 07:45:00+02:00,73.80107660717667,104.72
2026-05-09 08:00:00+02:00,109.91402807704175,133.35
2026-05-09 08:15:00+02:00,101.42417268411656,116.55
2026-05-09 08:30:00+02:00,73.85548063029267,103.68
2026-05-09 08:45:00+02:00,40.293127445918714,77.11
2026-05-09 09:00:00+02:00,70.7002512114249,126.22
2026-05-09 09:15:00+02:00,38.587232107936416,85.0
2026-05-09 09:30:00+02:00,37.87413137549255,46.46
2026-05-09 09:45:00+02:00,8.415624653235483,15.55
2026-05-09 10:00:00+02:00,31.53713423508696,31.72
2026-05-09 10:15:00+02:00,15.795336258465206,7.93
2026-05-09 10:30:00+02:00,4.331356920384081,0.07
2026-05-09 10:45:00+02:00,-13.504433685638222,-0.01
2026-05-09 11:00:00+02:00,-14.100489039031302,0.0
2026-05-09 11:15:00+02:00,-30.65800119000867,-0.01
2026-05-09 11:30:00+02:00,-36.92691811061759,-0.01
2026-05-09 11:45:00+02:00,-44.204637322076735,-0.04
2026-05-09 12:00:00+02:00,-50.537732757496386,-0.04
2026-05-09 12:15:00+02:00,-70.33970518684094,-0.09
2026-05-09 12:30:00+02:00,-70.70744340635062,-0.03
2026-05-09 12:45:00+02:00,-70.69950093065144,-0.09
2026-05-09 13:00:00+02:00,-73.975384649266,-0.09
2026-05-09 13:15:00+02:00,-66.63556561599546,-0.09
2026-05-09 13:30:00+02:00,-71.2446984940661,-0.09
2026-05-09 13:45:00+02:00,-72.04315559786853,-0.09
2026-05-09 14:00:00+02:00,-69.33666766160414,-0.02
2026-05-09 14:15:00+02:00,-85.60343918995623,-0.01
2026-05-09 14:30:00+02:00,-93.66360148197899,-0.01
2026-05-09 14:45:00+02:00,-90.6454870169032,-0.01
2026-05-09 15:00:00+02:00,-71.01138894182309,0.0
2026-05-09 15:15:00+02:00,-68.72815992083841,0.0
2026-05-09 15:30:00+02:00,-53.40264465381981,0.0
2026-05-09 15:45:00+02:00,-26.496050081774356,0.01
2026-05-09 16:00:00+02:00,-26.42500936974305,0.1
2026-05-09 16:15:00+02:00,-17.219497195777308,7.49
2026-05-09 16:30:00+02:00,3.5559715829207192,35.09
2026-05-09 16:45:00+02:00,28.99075578415328,68.18
2026-05-09 17:00:00+02:00,18.385473438006713,36.94
2026-05-09 17:15:00+02:00,66.31606561157288,89.42
2026-05-09 17:30:00+02:00,74.91754806978764,114.58
2026-05-09 17:45:00+02:00,98.50155338634244,133.82
2026-05-09 18:00:00+02:00,91.27334812179916,106.7
2026-05-09 18:15:00+02:00,107.66034299905013,121.01
2026-05-09 18:30:00+02:00,127.05938634274158,126.88
2026-05-09 18:45:00+02:00,146.54977931827932,138.17
2026-05-09 19:00:00+02:00,126.28849472072696,126.94
2026-05-09 19:15:00+02:00,139.19353717943736,132.11
2026-05-09 19:30:00+02:00,148.02521221159893,140.1
2026-05-09 19:45:00+02:00,168.17986529784002,154.88
2026-05-09 20:00:00+02:00,153.76243717665577,143.42
2026-05-09 20:15:00+02:00,162.5026516818499,147.03
2026-05-09 20:30:00+02:00,168.28641379159308,148.69
2026-05-09 20:45:00+02:00,154.57963758770484,148.72
2026-05-09 21:00:00+02:00,169.0086045571352,157.52
2026-05-09 21:15:00+02:00,144.4627493131584,146.09
2026-05-09 21:30:00+02:00,137.3954450491234,139.63
2026-05-09 21:45:00+02:00,136.04696442138933,130.7
2026-05-09 22:00:00+02:00,144.66720436508754,145.87
2026-05-09 22:15:00+02:00,134.07724660774656,140.27
2026-05-09 22:30:00+02:00,129.0219466930392,132.09
2026-05-09 22:45:00+02:00,124.88268340999637,126.97
2026-05-09 23:00:00+02:00,133.63523116811868,132.09
2026-05-09 23:15:00+02:00,127.01103833173477,127.53
2026-05-09 23:30:00+02:00,124.51858891762062,126.15
2026-05-09 23:45:00+02:00,116.67259059266864,122.58
2026-05-10 00:00:00+02:00,134.19818853842176,133.41
2026-05-10 00:15:00+02:00,128.14740372515342,127.49
2026-05-10 00:30:00+02:00,121.69230330746464,126.0
2026-05-10 00:45:00+02:00,120.92542676804585,125.47
2026-05-10 01:00:00+02:00,116.80486615794536,127.56
2026-05-10 01:15:00+02:00,116.16022948418347,126.49
2026-05-10 01:30:00+02:00,116.04559824639826,124.69
2026-05-10 01:45:00+02:00,113.50291386025455,123.05
2026-05-10 02:00:00+02:00,115.05786190930257,129.36
2026-05-10 02:15:00+02:00,114.84780268144144,124.9
2026-05-10 02:30:00+02:00,114.38733481152596,124.28
2026-05-10 02:45:00+02:00,113.28854480264422,123.19
2026-05-10 03:00:00+02:00,115.16736893538378,124.99
2026-05-10 03:15:00+02:00,113.17643289696356,123.11
2026-05-10 03:30:00+02:00,112.83734799807678,123.09
2026-05-10 03:45:00+02:00,112.30387857430598,122.74
2026-05-10 04:00:00+02:00,111.0356766369601,121.74
2026-05-10 04:15:00+02:00,113.31319855691606,126.49
2026-05-10 04:30:00+02:00,116.33874020448567,125.41
2026-05-10 04:45:00+02:00,115.63230929353082,123.15
2026-05-10 05:00:00+02:00,120.02339131189774,123.4
2026-05-10 05:15:00+02:00,119.02580095736054,126.34
2026-05-10 05:30:00+02:00,117.3733186787751,126.61
2026-05-10 05:45:00+02:00,116.5385285090484,119.41
2026-05-10 06:00:00+02:00,121.59628828549542,130.32
2026-05-10 06:15:00+02:00,114.2643422381326,119.68
2026-05-10 06:30:00+02:00,113.54882377409419,108.57
2026-05-10 06:45:00+02:00,102.52183778928283,101.99
2026-05-10 07:00:00+02:00,116.05025544664753,122.0
2026-05-10 07:15:00+02:00,98.67727086535558,103.7
2026-05-10 07:30:00+02:00,89.66890427641218,97.1
2026-05-10 07:45:00+02:00,77.11723865035944,81.87
2026-05-10 08:00:00+02:00,105.42842609473311,111.06
2026-05-10 08:15:00+02:00,81.99828802592623,96.22
2026-05-10 08:30:00+02:00,73.80448844596276,63.18
2026-05-10 08:45:00+02:00,47.515453633816065,12.88
2026-05-10 09:00:00+02:00,75.40461672067988,33.59
2026-05-10 09:15:00+02:00,45.46954012509991,9.96
2026-05-10 09:30:00+02:00,37.417835568268565,1.15
2026-05-10 09:45:00+02:00,12.107176967840104,0.02
2026-05-10 10:00:00+02:00,34.689937744090834,0.07
2026-05-10 10:15:00+02:00,7.089645070051091,0.0
2026-05-10 10:30:00+02:00,-2.099830276779379,-0.01
2026-05-10 10:45:00+02:00,-4.943465616599017,-0.05
2026-05-10 11:00:00+02:00,-21.555068156114785,-0.05
2026-05-10 11:15:00+02:00,-31.6164017076256,-0.49
2026-05-10 11:30:00+02:00,-39.23628064877828,-0.87
2026-05-10 11:45:00+02:00,-55.74677661658832,-1.27
2026-05-10 12:00:00+02:00,-51.30798520732489,-0.99
2026-05-10 12:15:00+02:00,-71.0775817389947,-1.43
2026-05-10 12:30:00+02:00,-82.83693838381842,-1.99
2026-05-10 12:45:00+02:00,-97.931498718906,-3.11
2026-05-10 13:00:00+02:00,-120.82455154854846,-2.19
2026-05-10 13:15:00+02:00,-127.60926442458688,-2.05
2026-05-10 13:30:00+02:00,-140.21061940809406,-2.4
2026-05-10 13:45:00+02:00,-132.33829340131695,-2.02
2026-05-10 14:00:00+02:00,-128.45849008450796,-2.01
2026-05-10 14:15:00+02:00,-128.69954345094135,-1.24
2026-05-10 14:30:00+02:00,-111.25807499674337,-1.3
2026-05-10 14:45:00+02:00,-102.73316175653515,-1.05
2026-05-10 15:00:00+02:00,-67.75098250078807,-0.83
2026-05-10 15:15:00+02:00,-55.21346352451987,-0.11
2026-05-10 15:30:00+02:00,-41.729166848135755,-0.07
2026-05-10 15:45:00+02:00,-21.542079047931736,-0.01
2026-05-10 16:00:00+02:00,-22.464599678145575,-0.06
2026-05-10 16:15:00+02:00,-22.330204256479618,-0.03
2026-05-10 16:30:00+02:00,0.993175595071861,0.23
2026-05-10 16:45:00+02:00,21.492343156999624,7.39
2026-05-10 17:00:00+02:00,11.005464756312094,10.13
2026-05-10 17:15:00+02:00,14.749486116826063,59.03
2026-05-10 17:30:00+02:00,31.42516605160918,95.49
2026-05-10 17:45:00+02:00,106.52261788253493,119.37
2026-05-10 18:00:00+02:00,62.25041779211946,90.98
2026-05-10 18:15:00+02:00,105.03552711575156,108.78
2026-05-10 18:30:00+02:00,124.26322039076956,119.52
2026-05-10 18:45:00+02:00,143.53678116773594,124.49
2026-05-10 19:00:00+02:00,111.96568652795092,112.28
2026-05-10 19:15:00+02:00,131.03158007983689,121.51
2026-05-10 19:30:00+02:00,144.0736942319289,125.22
2026-05-10 19:45:00+02:00,168.81231013566205,128.99
2026-05-10 20:00:00+02:00,153.69208577020032,127.02
2026-05-10 20:15:00+02:00,153.99528425521433,129.3
2026-05-10 20:30:00+02:00,161.91170157839272,130.23
2026-05-10 20:45:00+02:00,156.43398474195416,130.72
2026-05-10 21:00:00+02:00,160.579039964828,131.29
2026-05-10 21:15:00+02:00,142.20038717878717,128.95
2026-05-10 21:30:00+02:00,134.45719319525185,127.41
2026-05-10 21:45:00+02:00,129.14164818056705,126.41
2026-05-10 22:00:00+02:00,143.80266859651485,126.89
2026-05-10 22:15:00+02:00,135.70188040453164,124.91
2026-05-10 22:30:00+02:00,126.38929936760775,123.62
2026-05-10 22:45:00+02:00,118.39191574764921,121.14
2026-05-10 23:00:00+02:00,131.4958094701183,124.15
2026-05-10 23:15:00+02:00,120.58391518795835,121.59
2026-05-10 23:30:00+02:00,119.73212273555356,120.47
2026-05-10 23:45:00+02:00,117.87455067883597,113.14
2026-05-11 00:00:00+02:00,123.87443772411838,125.16
2026-05-11 00:15:00+02:00,115.6434769399929,119.85
2026-05-11 00:30:00+02:00,111.1220481610777,116.72
2026-05-11 00:45:00+02:00,109.27592039416463,113.41
2026-05-11 01:00:00+02:00,111.08701297872905,117.45
2026-05-11 01:15:00+02:00,109.57074859135146,113.18
2026-05-11 01:30:00+02:00,110.22157911087766,110.37
2026-05-11 01:45:00+02:00,106.83103327884392,108.34
2026-05-11 02:00:00+02:00,110.97926515909116,111.1
2026-05-11 02:15:00+02:00,109.39876735871022,109.87
2026-05-11 02:30:00+02:00,108.32072743156003,110.09
2026-05-11 02:45:00+02:00,107.2669674602271,110.65
2026-05-11 03:00:00+02:00,109.70946601847568,110.34
2026-05-11 03:15:00+02:00,109.55588820426095,112.08
2026-05-11 03:30:00+02:00,106.36524006293051,113.43
2026-05-11 03:45:00+02:00,106.43953487689717,114.78
2026-05-11 04:00:00+02:00,105.84548718825212,107.94
2026-05-11 04:15:00+02:00,106.29767246082153,108.64
2026-05-11 04:30:00+02:00,107.37121661761807,115.52
2026-05-11 04:45:00+02:00,112.99344277048992,120.27
2026-05-11 05:00:00+02:00,106.65092872808104,118.01
2026-05-11 05:15:00+02:00,111.29245149006672,120.08
2026-05-11 05:30:00+02:00,116.07038927806119,123.75
2026-05-11 05:45:00+02:00,134.3826168153529,126.71
2026-05-11 06:00:00+02:00,125.93488392281823,125.44
2026-05-11 06:15:00+02:00,136.02859395740157,133.62
2026-05-11 06:30:00+02:00,141.8726448513835,140.2
2026-05-11 06:45:00+02:00,138.90728374126698,146.64
2026-05-11 07:00:00+02:00,162.69412668016625,152.98
2026-05-11 07:15:00+02:00,149.72406223224078,159.06
2026-05-11 07:30:00+02:00,142.8983556188946,156.12
2026-05-11 07:45:00+02:00,135.9638184276783,148.03
2026-05-11 08:00:00+02:00,162.10085573812137,173.57
2026-05-11 08:15:00+02:00,136.86789362004913,152.51
2026-05-11 08:30:00+02:00,129.8399913565143,142.2
2026-05-11 08:45:00+02:00,117.1054186036092,131.77
2026-05-11 09:00:00+02:00,136.72426745751756,152.95
2026-05-11 09:15:00+02:00,125.23803374859261,137.67
2026-05-11 09:30:00+02:00,113.54467428437088,133.44
2026-05-11 09:45:00+02:00,104.21907154623591,123.14
2026-05-11 10:00:00+02:00,115.37317609589678,139.49
2026-05-11 10:15:00+02:00,105.54848814843274,128.25
2026-05-11 10:30:00+02:00,90.69107610976161,122.14
2026-05-11 10:45:00+02:00,91.84572938774693,115.35
2026-05-11 11:00:00+02:00,98.0395601132558,126.04
2026-05-11 11:15:00+02:00,97.81050484258745,114.96
2026-05-11 11:30:00+02:00,86.08277017577696,106.73
2026-05-11 11:45:00+02:00,80.94289581880234,106.0
2026-05-11 12:00:00+02:00,81.45773513642021,108.4
2026-05-11 12:15:00+02:00,68.71502112488231,106.2
2026-05-11 12:30:00+02:00,61.62705686277779,106.19
2026-05-11 12:45:00+02:00,44.93804552984803,101.15
2026-05-11 13:00:00+02:00,71.49843597306318,101.66
2026-05-11 13:15:00+02:00,61.96288186171927,101.22
2026-05-11 13:30:00+02:00,57.220802715078975,98.72
2026-05-11 13:45:00+02:00,63.0217041492326,93.52
2026-05-11 14:00:00+02:00,59.7177274930468,97.33
2026-05-11 14:15:00+02:00,79.70052062578759,97.32
2026-05-11 14:30:00+02:00,83.28767453982692,94.02
2026-05-11 14:45:00+02:00,94.42616338110602,95.25
2026-05-11 15:00:00+02:00,94.38518711587565,95.04
2026-05-11 15:15:00+02:00,80.47907363987149,96.02
2026-05-11 15:30:00+02:00,77.0735343009703,95.9
2026-05-11 15:45:00+02:00,94.79398667690378,97.84
2026-05-11 16:00:00+02:00,84.68018164963095,91.15
2026-05-11 16:15:00+02:00,94.77830524894063,96.57
2026-05-11 16:30:00+02:00,91.48114607896869,101.68
2026-05-11 16:45:00+02:00,109.18443124024878,112.56
2026-05-11 17:00:00+02:00,90.03617179585144,101.65
2026-05-11 17:15:00+02:00,108.06018026734995,115.57
2026-05-11 17:30:00+02:00,113.08930421566774,120.98
2026-05-11 17:45:00+02:00,130.5887493592114,127.01
2026-05-11 18:00:00+02:00,112.22916581986459,120.52
2026-05-11 18:15:00+02:00,122.23886330638383,122.0
2026-05-11 18:30:00+02:00,123.94347074293385,122.52
2026-05-11 18:45:00+02:00,132.20369373913647,126.88
2026-05-11 19:00:00+02:00,147.79931225055827,123.68
2026-05-11 19:15:00+02:00,129.1827101480376,129.0
2026-05-11 19:30:00+02:00,129.90063287231425,131.98
2026-05-11 19:45:00+02:00,155.07335047250453,138.21
2026-05-11 20:00:00+02:00,152.0018296554896,129.59
2026-05-11 20:15:00+02:00,139.3645434952709,128.2
2026-05-11 20:30:00+02:00,128.5584800301077,133.33
2026-05-11 20:45:00+02:00,120.13146020931842,133.36
2026-05-11 21:00:00+02:00,130.0800580890122,135.38
2026-05-11 21:15:00+02:00,126.4484961381546,129.99
2026-05-11 21:30:00+02:00,124.4554969267064,127.64
2026-05-11 21:45:00+02:00,118.12472834999198,118.48
2026-05-11 22:00:00+02:00,125.33442449749268,126.86
2026-05-11 22:15:00+02:00,119.01216466154705,121.01
2026-05-11 22:30:00+02:00,114.52730990669247,121.86
2026-05-11 22:45:00+02:00,113.09062737202396,113.33
2026-05-11 23:00:00+02:00,106.59376016694169,119.35
2026-05-11 23:15:00+02:00,106.27460610561991,108.8
2026-05-11 23:30:00+02:00,102.37455073084486,106.6
2026-05-11 23:45:00+02:00,96.37763394574019,101.06
2026-05-12 00:00:00+02:00,109.59874172477815,105.91
2026-05-12 00:15:00+02:00,93.16454257310622,100.86
2026-05-12 00:30:00+02:00,93.7306937493224,96.68
2026-05-12 00:45:00+02:00,85.98870214244292,92.81
2026-05-12 01:00:00+02:00,93.83306488507615,99.59
2026-05-12 01:15:00+02:00,88.16188157042272,94.69
2026-05-12 01:30:00+02:00,89.03239259417154,94.5
2026-05-12 01:45:00+02:00,82.52485898184104,92.32
2026-05-12 02:00:00+02:00,88.4254973874624,92.13
2026-05-12 02:15:00+02:00,86.90710001241439,91.55
2026-05-12 02:30:00+02:00,84.26228490753219,91.7
2026-05-12 02:45:00+02:00,79.89739402605507,91.54
2026-05-12 03:00:00+02:00,86.1354432686859,92.31
2026-05-12 03:15:00+02:00,83.11524935974091,90.99
2026-05-12 03:30:00+02:00,76.88243168068088,90.3
2026-05-12 03:45:00+02:00,78.72129715402279,85.99
2026-05-12 04:00:00+02:00,60.008179641652944,84.44
2026-05-12 04:15:00+02:00,59.18866018625986,89.63
2026-05-12 04:30:00+02:00,67.43936844206812,92.32
2026-05-12 04:45:00+02:00,70.29047576548595,99.11
2026-05-12 05:00:00+02:00,64.53275928101175,85.4
2026-05-12 05:15:00+02:00,67.6672170318096,90.01
2026-05-12 05:30:00+02:00,77.92106034458764,98.9
2026-05-12 05:45:00+02:00,79.05902171070383,101.7
2026-05-12 06:00:00+02:00,70.22488553659002,99.88
2026-05-12 06:15:00+02:00,74.88726099260427,110.62
2026-05-12 06:30:00+02:00,88.0298740828519,114.69
2026-05-12 06:45:00+02:00,77.09708298132665,119.86
2026-05-12 07:00:00+02:00,93.91838431720012,125.44
2026-05-12 07:15:00+02:00,93.37872192982866,125.01
2026-05-12 07:30:00+02:00,89.55579673810428,122.85
2026-05-12 07:45:00+02:00,89.85322118834547,117.0
2026-05-12 08:00:00+02:00,100.79712866479889,125.05
2026-05-12 08:15:00+02:00,86.94257167387029,118.0
2026-05-12 08:30:00+02:00,95.19359633265444,108.53
2026-05-12 08:45:00+02:00,81.62526380135967,97.0
2026-05-12 09:00:00+02:00,94.20388474154467,108.53
2026-05-12 09:15:00+02:00,83.4713715943748,100.0
2026-05-12 09:30:00+02:00,71.20508796565356,92.78
2026-05-12 09:45:00+02:00,47.43057838152622,74.99
2026-05-12 10:00:00+02:00,68.46410181351254,96.84
2026-05-12 10:15:00+02:00,34.95958776797149,87.7
2026-05-12 10:30:00+02:00,39.10196522983681,73.69
2026-05-12 10:45:00+02:00,8.974369160713234,60.0
2026-05-12 11:00:00+02:00,18.318169446659827,72.65
2026-05-12 11:15:00+02:00,3.9187161803536377,65.1
2026-05-12 11:30:00+02:00,7.556615010408924,60.08
2026-05-12 11:45:00+02:00,6.866208934254024,56.31
2026-05-12 12:00:00+02:00,6.583803176475683,55.91
2026-05-12 12:15:00+02:00,2.7678296719942432,45.96
2026-05-12 12:30:00+02:00,-1.5692752651377386,40.91
2026-05-12 12:45:00+02:00,3.365462741748062,40.86
2026-05-12 13:00:00+02:00,1.1171675432686294,32.31
2026-05-12 13:15:00+02:00,6.812089487946981,30.01
2026-05-12 13:30:00+02:00,5.855029956414221,24.48
2026-05-12 13:45:00+02:00,0.10816541236529575,22.52
2026-05-12 14:00:00+02:00,4.308675875481282,15.13
2026-05-12 14:15:00+02:00,-1.2334655238402306,17.44
2026-05-12 14:30:00+02:00,1.1534802969951627,21.01
2026-05-12 14:45:00+02:00,-3.7680873606486447,26.31
2026-05-12 15:00:00+02:00,2.5288931485715196,30.36
2026-05-12 15:15:00+02:00,-1.3966247390298996,37.52
2026-05-12 15:30:00+02:00,4.411028807756303,50.1
2026-05-12 15:45:00+02:00,5.406372806435925,61.06
2026-05-12 16:00:00+02:00,2.540746031117358,45.65
2026-05-12 16:15:00+02:00,0.034657628652041694,68.39
2026-05-12 16:30:00+02:00,19.214332861267778,87.41
2026-05-12 16:45:00+02:00,44.55859478094777,96.17
2026-05-12 17:00:00+02:00,37.452701353663244,70.1
2026-05-12 17:15:00+02:00,58.41604549548506,94.8
2026-05-12 17:30:00+02:00,92.74987587717584,102.62
2026-05-12 17:45:00+02:00,112.39552736345996,116.48
2026-05-12 18:00:00+02:00,94.01035353841095,97.39
2026-05-12 18:15:00+02:00,92.69140834595069,111.21
2026-05-12 18:30:00+02:00,110.76682373677156,121.08
2026-05-12 18:45:00+02:00,124.27782626344234,129.84
2026-05-12 19:00:00+02:00,119.70381658598312,121.98
2026-05-12 19:15:00+02:00,128.94514155889163,129.65
2026-05-12 19:30:00+02:00,119.53162444101534,140.45
2026-05-12 19:45:00+02:00,141.70629960199835,153.03
2026-05-12 20:00:00+02:00,129.49982690853372,138.29
2026-05-12 20:15:00+02:00,142.80806131435756,143.01
2026-05-12 20:30:00+02:00,136.81588691092333,146.49
2026-05-12 20:45:00+02:00,132.6373776999595,144.15
2026-05-12 21:00:00+02:00,144.18067262693884,151.78
2026-05-12 21:15:00+02:00,125.37507464334651,147.32
2026-05-12 21:30:00+02:00,122.63911555450338,139.61
2026-05-12 21:45:00+02:00,113.79515337220366,132.26
2026-05-12 22:00:00+02:00,128.00887004972503,138.16
2026-05-12 22:15:00+02:00,122.87306564011524,132.89
2026-05-12 22:30:00+02:00,121.61972003146616,129.45
2026-05-12 22:45:00+02:00,114.35639604910922,124.4
2026-05-12 23:00:00+02:00,117.1886737485586,127.14
2026-05-12 23:15:00+02:00,110.6358733365503,120.33
2026-05-12 23:30:00+02:00,108.85194241626826,115.17
2026-05-12 23:45:00+02:00,101.6525528815613,110.74
2026-05-13 00:00:00+02:00,118.25952299230839,126.05
2026-05-13 00:15:00+02:00,107.94343748770034,115.29
2026-05-13 00:30:00+02:00,105.01270797173753,110.3
2026-05-13 00:45:00+02:00,103.61360118991334,105.68
2026-05-13 01:00:00+02:00,104.46014445502708,110.54
2026-05-13 01:15:00+02:00,101.69750876530088,105.15
2026-05-13 01:30:00+02:00,103.14585554371939,105.12
2026-05-13 01:45:00+02:00,101.1717694860075,104.06
2026-05-13 02:00:00+02:00,103.6824520825074,104.69
2026-05-13 02:15:00+02:00,102.11775941951169,104.03
2026-05-13 02:30:00+02:00,99.67039576737605,103.6
2026-05-13 02:45:00+02:00,99.49246402467863,105.11
2026-05-13 03:00:00+02:00,101.24220011078604,104.49
2026-05-13 03:15:00+02:00,99.45410965940717,106.39
2026-05-13 03:30:00+02:00,98.65494193822614,109.13
2026-05-13 03:45:00+02:00,98.18584171545453,109.73
2026-05-13 04:00:00+02:00,94.36139126189273,106.09
2026-05-13 04:15:00+02:00,95.0108539198499,110.34
2026-05-13 04:30:00+02:00,99.07275606974407,111.78
2026-05-13 04:45:00+02:00,101.64121284319103,116.57
2026-05-13 05:00:00+02:00,95.17138692947694,111.72
2026-05-13 05:15:00+02:00,99.39535809102846,115.6
2026-05-13 05:30:00+02:00,114.92972016272144,123.68
2026-05-13 05:45:00+02:00,121.27764305284742,129.0
2026-05-13 06:00:00+02:00,119.51223914387809,128.38
2026-05-13 06:15:00+02:00,128.95350217612366,138.68
2026-05-13 06:30:00+02:00,131.34341372756222,141.37
2026-05-13 06:45:00+02:00,134.0766029693201,140.3
2026-05-13 07:00:00+02:00,144.6517123349656,144.09
2026-05-13 07:15:00+02:00,133.73260379500633,142.4
2026-05-13 07:30:00+02:00,124.19437525442923,143.8
2026-05-13 07:45:00+02:00,116.38436236845888,134.2
2026-05-13 08:00:00+02:00,128.37664251422652,143.91
2026-05-13 08:15:00+02:00,122.08648357623937,132.22
2026-05-13 08:30:00+02:00,113.03483751281614,123.89
2026-05-13 08:45:00+02:00,93.39091742428595,106.78
2026-05-13 09:00:00+02:00,120.42057163423135,123.24
2026-05-13 09:15:00+02:00,100.74236056250469,102.22
2026-05-13 09:30:00+02:00,71.73345530249475,97.7
2026-05-13 09:45:00+02:00,59.431912413543806,86.94
2026-05-13 10:00:00+02:00,75.50588242633955,97.88
2026-05-13 10:15:00+02:00,42.249593605024444,89.45
2026-05-13 10:30:00+02:00,24.17485660687394,84.17
2026-05-13 10:45:00+02:00,16.105388001339684,74.26
2026-05-13 11:00:00+02:00,19.671700175049825,88.9
2026-05-13 11:15:00+02:00,12.65946413998955,83.14
2026-05-13 11:30:00+02:00,16.443898261231162,83.07
2026-05-13 11:45:00+02:00,11.505202202294846,80.0
2026-05-13 12:00:00+02:00,16.462334341759266,81.69
2026-05-13 12:15:00+02:00,18.217556377293477,76.3
2026-05-13 12:30:00+02:00,19.097614625394137,71.04
2026-05-13 12:45:00+02:00,16.547445308447397,67.38
2026-05-13 13:00:00+02:00,17.954125921820246,74.43
2026-05-13 13:15:00+02:00,19.477411933768746,73.72
2026-05-13 13:30:00+02:00,19.333750442544325,71.85
2026-05-13 13:45:00+02:00,17.882566949295875,67.09
2026-05-13 14:00:00+02:00,19.433107677243036,64.0
2026-05-13 14:15:00+02:00,12.605153282814248,66.42
2026-05-13 14:30:00+02:00,13.443533917403805,72.63
2026-05-13 14:45:00+02:00,17.176386692816862,77.76
2026-05-13 15:00:00+02:00,18.931205404802668,69.14
2026-05-13 15:15:00+02:00,20.34494279245972,77.33
2026-05-13 15:30:00+02:00,20.59747080936131,85.58
2026-05-13 15:45:00+02:00,22.897635991070665,97.02
2026-05-13 16:00:00+02:00,10.362345290392092,75.77
2026-05-13 16:15:00+02:00,22.79635099762858,88.06
2026-05-13 16:30:00+02:00,36.09669111667346,95.35
2026-05-13 16:45:00+02:00,66.9139040875079,110.32
2026-05-13 17:00:00+02:00,39.70186665135509,93.59
2026-05-13 17:15:00+02:00,78.82096152501308,105.0
2026-05-13 17:30:00+02:00,100.01195780664892,120.97
2026-05-13 17:45:00+02:00,126.6748972679577,130.85
2026-05-13 18:00:00+02:00,93.82600357174367,117.07
2026-05-13 18:15:00+02:00,112.5362789859115,129.89
2026-05-13 18:30:00+02:00,126.91902426814016,135.32
2026-05-13 18:45:00+02:00,143.16011589410562,147.14
2026-05-13 19:00:00+02:00,125.36654942222472,133.75
2026-05-13 19:15:00+02:00,141.36584296727773,143.53
2026-05-13 19:30:00+02:00,132.60392339865825,153.0
2026-05-13 19:45:00+02:00,163.72642564665637,175.69
2026-05-13 20:00:00+02:00,147.0502457740706,164.15
2026-05-13 20:15:00+02:00,150.1354893293935,169.42
2026-05-13 20:30:00+02:00,149.58577061832932,176.42
2026-05-13 20:45:00+02:00,140.71990854705587,175.08
2026-05-13 21:00:00+02:00,148.31991911912812,183.0
2026-05-13 21:15:00+02:00,142.7408611099321,161.97
2026-05-13 21:30:00+02:00,139.47119775821855,151.97
2026-05-13 21:45:00+02:00,133.06360834501905,143.24
2026-05-13 22:00:00+02:00,138.5730636914834,156.03
2026-05-13 22:15:00+02:00,130.35719374166408,143.57
2026-05-13 22:30:00+02:00,124.78436886257289,136.82
2026-05-13 22:45:00+02:00,118.35081424042527,132.4
2026-05-13 23:00:00+02:00,126.70777877057931,130.64
2026-05-13 23:15:00+02:00,118.55022352655689,126.75
2026-05-13 23:30:00+02:00,114.03060171936671,119.06
2026-05-13 23:45:00+02:00,109.10568498183736,115.93
2026-05-14 00:00:00+02:00,129.54358264071243,141.19
2026-05-14 00:15:00+02:00,125.32888139727386,133.38
2026-05-14 00:30:00+02:00,119.41945945211182,126.37
2026-05-14 00:45:00+02:00,113.54852592281101,121.22
2026-05-14 01:00:00+02:00,117.86868709583241,127.08
2026-05-14 01:15:00+02:00,114.2724268799816,122.2
2026-05-14 01:30:00+02:00,105.3513367711017,120.4
2026-05-14 01:45:00+02:00,103.85425898866559,117.32
2026-05-14 02:00:00+02:00,107.67705968325704,122.98
2026-05-14 02:15:00+02:00,104.77569456844039,119.89
2026-05-14 02:30:00+02:00,101.99436798798962,118.29
2026-05-14 02:45:00+02:00,99.69911065188407,115.74
2026-05-14 03:00:00+02:00,104.0429933789138,117.62
2026-05-14 03:15:00+02:00,101.08237474324481,116.44
2026-05-14 03:30:00+02:00,99.75209016241699,114.32
2026-05-14 03:45:00+02:00,101.47977123070328,114.17
2026-05-14 04:00:00+02:00,100.92127012685023,113.55
2026-05-14 04:15:00+02:00,98.47022259039467,112.11
2026-05-14 04:30:00+02:00,102.52636041810554,112.15
2026-05-14 04:45:00+02:00,98.3426643179247,113.86
2026-05-14 05:00:00+02:00,102.96030003648487,113.15
2026-05-14 05:15:00+02:00,103.61783793443209,111.86
2026-05-14 05:30:00+02:00,98.58428171172095,112.6
2026-05-14 05:45:00+02:00,98.32019101694821,110.57
2026-05-14 06:00:00+02:00,97.4082114447109,113.77
2026-05-14 06:15:00+02:00,96.33152233902507,114.51
2026-05-14 06:30:00+02:00,97.13214189302795,113.14
2026-05-14 06:45:00+02:00,85.43551390111942,104.2
2026-05-14 07:00:00+02:00,111.7826998548021,120.91
2026-05-14 07:15:00+02:00,88.97002600040486,109.2
2026-05-14 07:30:00+02:00,80.27814351164038,103.11
2026-05-14 07:45:00+02:00,59.25268625113561,99.14
2026-05-14 08:00:00+02:00,71.05151352503955,110.5
2026-05-14 08:15:00+02:00,63.03072100169749,105.01
2026-05-14 08:30:00+02:00,57.119487985070755,97.9
2026-05-14 08:45:00+02:00,47.59488754755146,83.62
2026-05-14 09:00:00+02:00,54.722198055406025,101.03
2026-05-14 09:15:00+02:00,41.57168050632709,95.18
2026-05-14 09:30:00+02:00,43.42487209722796,80.4
2026-05-14 09:45:00+02:00,21.041797559977013,63.99
2026-05-14 10:00:00+02:00,33.89863608802986,82.65
2026-05-14 10:15:00+02:00,36.53229050212838,64.0
2026-05-14 10:30:00+02:00,21.810727294910862,50.07
2026-05-14 10:45:00+02:00,9.883246538956325,37.85
2026-05-14 11:00:00+02:00,11.648492753132572,43.4
2026-05-14 11:15:00+02:00,1.8042747090864282,40.09
2026-05-14 11:30:00+02:00,-0.8153592312848357,33.72
2026-05-14 11:45:00+02:00,-2.871693699353532,25.06
2026-05-14 12:00:00+02:00,-2.9291556931380676,23.78
2026-05-14 12:15:00+02:00,-21.22700785790837,15.97
2026-05-14 12:30:00+02:00,-18.310921817349374,14.22
2026-05-14 12:45:00+02:00,-19.426022190480126,10.25
2026-05-14 13:00:00+02:00,-31.12794912457465,10.21
2026-05-14 13:15:00+02:00,-31.626971613545095,8.25
2026-05-14 13:30:00+02:00,-36.13664032250764,6.51
2026-05-14 13:45:00+02:00,-41.21695656845714,5.24
2026-05-14 14:00:00+02:00,-41.85296120791885,3.31
2026-05-14 14:15:00+02:00,-22.77074832010266,4.53
2026-05-14 14:30:00+02:00,-22.059876645581998,4.83
2026-05-14 14:45:00+02:00,-15.183402608150308,5.74
2026-05-14 15:00:00+02:00,-12.481957437841457,5.02
2026-05-14 15:15:00+02:00,-5.843447884138865,7.84
2026-05-14 15:30:00+02:00,-5.195160496273928,17.97
2026-05-14 15:45:00+02:00,-8.971933199676599,40.56
2026-05-14 16:00:00+02:00,-0.23893054071483277,24.03
2026-05-14 16:15:00+02:00,3.4913683915607834,56.23
2026-05-14 16:30:00+02:00,0.4419584188934351,81.85
2026-05-14 16:45:00+02:00,18.057080422386733,105.54
2026-05-14 17:00:00+02:00,16.394958976879337,60.46
2026-05-14 17:15:00+02:00,41.41059471572703,90.51
2026-05-14 17:30:00+02:00,67.70147206527753,102.94
2026-05-14 17:45:00+02:00,107.08066906806098,125.13
2026-05-14 18:00:00+02:00,80.03126398053317,105.78
2026-05-14 18:15:00+02:00,103.40886598109434,122.08
2026-05-14 18:30:00+02:00,115.36698914527061,132.29
2026-05-14 18:45:00+02:00,112.44941559644633,143.85
2026-05-14 19:00:00+02:00,108.60346367040188,132.96
2026-05-14 19:15:00+02:00,107.86182787390632,138.21
2026-05-14 19:30:00+02:00,131.80300379534972,146.06
2026-05-14 19:45:00+02:00,148.25535479414296,153.1
2026-05-14 20:00:00+02:00,150.0640901250771,143.03
2026-05-14 20:15:00+02:00,156.7186520201361,148.37
2026-05-14 20:30:00+02:00,159.2266788327133,153.06
2026-05-14 20:45:00+02:00,146.87382304544144,157.33
2026-05-14 21:00:00+02:00,152.6851100567163,153.84
2026-05-14 21:15:00+02:00,137.07002214007284,154.67
2026-05-14 21:30:00+02:00,136.20992546013622,152.76
2026-05-14 21:45:00+02:00,133.38660335594082,147.54
2026-05-14 22:00:00+02:00,149.7088104344722,168.17
2026-05-14 22:15:00+02:00,134.90684326516234,150.27
2026-05-14 22:30:00+02:00,128.31167398285976,145.39
2026-05-14 22:45:00+02:00,122.68230590489621,139.81
2026-05-14 23:00:00+02:00,129.95011868485201,144.42
2026-05-14 23:15:00+02:00,127.5716393900105,137.4
2026-05-14 23:30:00+02:00,122.11781219561068,133.71
2026-05-14 23:45:00+02:00,114.62292573073003,129.75
2026-05-15 00:00:00+02:00,132.71610883567382,146.37
2026-05-15 00:15:00+02:00,127.64580741664541,139.97
2026-05-15 00:30:00+02:00,126.79633232157238,137.76
2026-05-15 00:45:00+02:00,123.76103880689519,127.79
2026-05-15 01:00:00+02:00,122.10526612174155,141.73
2026-05-15 01:15:00+02:00,123.51311299308247,133.43
2026-05-15 01:30:00+02:00,122.23417893529863,128.19
2026-05-15 01:45:00+02:00,116.07521268127017,122.14
2026-05-15 02:00:00+02:00,122.49460992698721,131.48
2026-05-15 02:15:00+02:00,119.45032445022167,126.68
2026-05-15 02:30:00+02:00,115.07978407041745,124.2
2026-05-15 02:45:00+02:00,113.79762090885724,122.89
2026-05-15 03:00:00+02:00,113.88890322119107,122.33
2026-05-15 03:15:00+02:00,115.92697526569467,121.15
2026-05-15 03:30:00+02:00,115.75278247397446,122.66
2026-05-15 03:45:00+02:00,117.02615625165114,121.61
2026-05-15 04:00:00+02:00,114.52588119864768,120.75
2026-05-15 04:15:00+02:00,119.98778071073656,122.7
2026-05-15 04:30:00+02:00,117.55807910789154,124.09
2026-05-15 04:45:00+02:00,121.06942136327807,127.31
2026-05-15 05:00:00+02:00,116.96430397240066,124.1
2026-05-15 05:15:00+02:00,119.54199346010805,125.4
2026-05-15 05:30:00+02:00,120.69157356934035,127.95
2026-05-15 05:45:00+02:00,121.17735576837302,131.19
2026-05-15 06:00:00+02:00,125.56166241308847,132.7
2026-05-15 06:15:00+02:00,128.1407632736187,137.6
2026-05-15 06:30:00+02:00,120.19063802524896,137.1
2026-05-15 06:45:00+02:00,119.21873482961162,137.0
2026-05-15 07:00:00+02:00,129.97390153713044,141.85
2026-05-15 07:15:00+02:00,126.82284237343622,138.77
2026-05-15 07:30:00+02:00,114.44684875252634,135.32
2026-05-15 07:45:00+02:00,108.93738535450964,114.12
2026-05-15 08:00:00+02:00,122.93817500987284,136.79
2026-05-15 08:15:00+02:00,115.60556076234863,129.64
2026-05-15 08:30:00+02:00,108.32737437138253,120.58
2026-05-15 08:45:00+02:00,93.61634509504081,108.97
2026-05-15 09:00:00+02:00,111.66642256909785,121.75
2026-05-15 09:15:00+02:00,101.57225549029334,110.67
2026-05-15 09:30:00+02:00,83.16731142914371,97.62
2026-05-15 09:45:00+02:00,58.016066623243304,88.12
2026-05-15 10:00:00+02:00,82.30810497029665,99.23
2026-05-15 10:15:00+02:00,54.07341288214067,83.05
2026-05-15 10:30:00+02:00,39.41246286166092,77.36
2026-05-15 10:45:00+02:00,40.7294028801571,67.49
2026-05-15 11:00:00+02:00,53.68193668356906,83.0
2026-05-15 11:15:00+02:00,43.34059043809121,75.53
2026-05-15 11:30:00+02:00,34.11105609806913,60.09
2026-05-15 11:45:00+02:00,41.6272492656902,48.65
2026-05-15 12:00:00+02:00,43.02144882492098,70.52
2026-05-15 12:15:00+02:00,39.963851739353686,60.01
2026-05-15 12:30:00+02:00,32.303094640077056,47.64
2026-05-15 12:45:00+02:00,35.39679233599573,39.04
2026-05-15 13:00:00+02:00,31.2220539998201,50.44
2026-05-15 13:15:00+02:00,27.241863174073615,40.99
2026-05-15 13:30:00+02:00,31.792974264174937,38.29
2026-05-15 13:45:00+02:00,26.83703543310846,31.57
2026-05-15 14:00:00+02:00,25.40115411614712,32.03
2026-05-15 14:15:00+02:00,14.09862397658776,37.11
2026-05-15 14:30:00+02:00,10.044885115717928,43.46
2026-05-15 14:45:00+02:00,13.944803266268837,47.99
2026-05-15 15:00:00+02:00,9.197371045309541,28.34
2026-05-15 15:15:00+02:00,11.773817466973187,44.0
2026-05-15 15:30:00+02:00,23.784308517814328,57.0
2026-05-15 15:45:00+02:00,20.28001679060553,74.67
2026-05-15 16:00:00+02:00,12.253930695098063,43.56
2026-05-15 16:15:00+02:00,16.465850942230446,69.31
2026-05-15 16:30:00+02:00,23.770337442747973,93.84
2026-05-15 16:45:00+02:00,51.528755554985366,102.57
2026-05-15 17:00:00+02:00,31.935054600753553,86.8
2026-05-15 17:15:00+02:00,80.33819133257687,99.6
2026-05-15 17:30:00+02:00,108.2469481767392,111.77
2026-05-15 17:45:00+02:00,122.35492549583918,122.02
2026-05-15 18:00:00+02:00,94.70008863752383,115.95
2026-05-15 18:15:00+02:00,114.87596861655979,122.0
2026-05-15 18:30:00+02:00,129.10847301593478,126.8
2026-05-15 18:45:00+02:00,138.59850653526948,135.42
2026-05-15 19:00:00+02:00,118.35613743999747,135.98
2026-05-15 19:15:00+02:00,126.92095485891006,140.29
2026-05-15 19:30:00+02:00,141.18085515690643,144.98
2026-05-15 19:45:00+02:00,168.8616723034122,151.99
2026-05-15 20:00:00+02:00,147.95984983662703,151.87
2026-05-15 20:15:00+02:00,161.23963464123656,151.78
2026-05-15 20:30:00+02:00,161.5907546451112,153.08
2026-05-15 20:45:00+02:00,146.8721297005982,157.09
2026-05-15 21:00:00+02:00,160.20650198990117,162.67
2026-05-15 21:15:00+02:00,138.67129220774694,153.21
2026-05-15 21:30:00+02:00,145.10731427546762,146.56
2026-05-15 21:45:00+02:00,138.13421352772005,142.14
2026-05-15 22:00:00+02:00,149.18874624569125,150.94
2026-05-15 22:15:00+02:00,141.31615704885908,144.52
2026-05-15 22:30:00+02:00,137.7887296524116,144.21
2026-05-15 22:45:00+02:00,131.50356805735916,139.07
2026-05-15 23:00:00+02:00,133.86536619296666,144.48
2026-05-15 23:15:00+02:00,132.99315178943078,137.21
2026-05-15 23:30:00+02:00,128.2532099658404,131.2
2026-05-15 23:45:00+02:00,120.99017861870388,129.16
2026-05-16 00:00:00+02:00,138.10798113810066,139.14
2026-05-16 00:15:00+02:00,132.55772928891633,131.63
2026-05-16 00:30:00+02:00,126.85071663939274,126.47
2026-05-16 00:45:00+02:00,120.58558409510576,122.76
2026-05-16 01:00:00+02:00,128.05734083957964,124.59
2026-05-16 01:15:00+02:00,121.2187960947721,122.61
2026-05-16 01:30:00+02:00,116.61127438001859,120.69
2026-05-16 01:45:00+02:00,109.50844899273191,119.26
2026-05-16 02:00:00+02:00,116.99699773811705,119.59
2026-05-16 02:15:00+02:00,112.5934750289934,117.67
2026-05-16 02:30:00+02:00,109.1104614465985,117.21
2026-05-16 02:45:00+02:00,106.23874737259814,115.78
2026-05-16 03:00:00+02:00,111.9021568869357,117.85
2026-05-16 03:15:00+02:00,103.60692745653083,116.09
2026-05-16 03:30:00+02:00,103.87176695354712,115.22
2026-05-16 03:45:00+02:00,102.03620066990105,114.85
2026-05-16 04:00:00+02:00,101.08537571027506,114.73
2026-05-16 04:15:00+02:00,99.99045420187325,113.61
2026-05-16 04:30:00+02:00,101.92728058163657,112.76
2026-05-16 04:45:00+02:00,100.72125844920734,114.98
2026-05-16 05:00:00+02:00,99.89132426360484,114.82
2026-05-16 05:15:00+02:00,100.69425874990341,110.19
2026-05-16 05:30:00+02:00,102.68883765529903,106.8
2026-05-16 05:45:00+02:00,103.81051899675045,105.56
2026-05-16 06:00:00+02:00,106.81077808876668,110.47
2026-05-16 06:15:00+02:00,103.37148277009013,106.47
2026-05-16 06:30:00+02:00,103.67818725074929,105.1
2026-05-16 06:45:00+02:00,82.57930591155474,100.79
2026-05-16 07:00:00+02:00,116.82801399712856,107.97
2026-05-16 07:15:00+02:00,94.92504556913065,103.28
2026-05-16 07:30:00+02:00,67.89102766398376,98.64
2026-05-16 07:45:00+02:00,66.91302431004756,90.29
2026-05-16 08:00:00+02:00,72.93062283742906,100.31
2026-05-16 08:15:00+02:00,72.99897192758931,95.23
2026-05-16 08:30:00+02:00,54.14262760396657,81.7
2026-05-16 08:45:00+02:00,32.50591919756383,70.57
2026-05-16 09:00:00+02:00,48.53664976255271,89.05
2026-05-16 09:15:00+02:00,29.966041724699124,62.13
2026-05-16 09:30:00+02:00,36.50421379140821,17.46
2026-05-16 09:45:00+02:00,31.71470883754185,7.17
2026-05-16 10:00:00+02:00,43.72005035361876,13.65
2026-05-16 10:15:00+02:00,28.890300135263537,3.06
2026-05-16 10:30:00+02:00,22.024045382809927,0.1
2026-05-16 10:45:00+02:00,15.380534092318396,0.0
2026-05-16 11:00:00+02:00,21.34116121350941,0.0
2026-05-16 11:15:00+02:00,11.14161152579299,-0.01
2026-05-16 11:30:00+02:00,1.4632261084012832,-0.02
2026-05-16 11:45:00+02:00,-4.078715473289051,-0.09
2026-05-16 12:00:00+02:00,-5.213188827966423,-1.0
2026-05-16 12:15:00+02:00,-24.519775242010716,-1.09
2026-05-16 12:30:00+02:00,-20.44224241352872,-1.2
2026-05-16 12:45:00+02:00,-26.452030981957833,-1.49
2026-05-16 13:00:00+02:00,-33.830912065095355,-2.33
2026-05-16 13:15:00+02:00,-48.09145327842272,-2.24
2026-05-16 13:30:00+02:00,-55.2067959469327,-2.22
2026-05-16 13:45:00+02:00,-47.003137632960225,-2.01
2026-05-16 14:00:00+02:00,-49.995578847873766,-2.06
2026-05-16 14:15:00+02:00,-28.543612694179803,-2.02
2026-05-16 14:30:00+02:00,-22.966350525335304,-1.99
2026-05-16 14:45:00+02:00,-13.004088302612184,-1.66
2026-05-16 15:00:00+02:00,-10.410774902252394,-1.6
2026-05-16 15:15:00+02:00,-4.488471205333411,-1.05
2026-05-16 15:30:00+02:00,-3.125867245212838,-0.89
2026-05-16 15:45:00+02:00,24.68553162615946,-0.45
2026-05-16 16:00:00+02:00,14.125456082920476,-0.16
2026-05-16 16:15:00+02:00,41.54749553636089,-0.01
2026-05-16 16:30:00+02:00,59.39614499088651,0.25
2026-05-16 16:45:00+02:00,64.22730743083326,19.04
2026-05-16 17:00:00+02:00,38.49419133089405,6.31
2026-05-16 17:15:00+02:00,70.96915444137527,43.72
2026-05-16 17:30:00+02:00,87.44332594139607,86.33
2026-05-16 17:45:00+02:00,105.26416240959772,104.01
2026-05-16 18:00:00+02:00,85.23791532326568,71.46
2026-05-16 18:15:00+02:00,109.59572498154344,95.81
2026-05-16 18:30:00+02:00,109.91203928084298,114.52
2026-05-16 18:45:00+02:00,109.3016476967193,119.1
2026-05-16 19:00:00+02:00,107.63715669380906,112.9
2026-05-16 19:15:00+02:00,120.67124359374965,121.0
2026-05-16 19:30:00+02:00,120.99963296103265,132.0
2026-05-16 19:45:00+02:00,129.48112130050265,139.98
2026-05-16 20:00:00+02:00,128.29659344127387,133.98
2026-05-16 20:15:00+02:00,123.58630804802395,138.5
2026-05-16 20:30:00+02:00,138.22469450659534,141.44
2026-05-16 20:45:00+02:00,143.0091611746303,146.07
2026-05-16 21:00:00+02:00,138.77390224401847,144.08
2026-05-16 21:15:00+02:00,133.62943412575828,141.35
2026-05-16 21:30:00+02:00,130.1890694488569,139.26
2026-05-16 21:45:00+02:00,128.70959232247952,138.06
2026-05-16 22:00:00+02:00,148.25098543709936,142.34
2026-05-16 22:15:00+02:00,136.9485595151123,136.44
2026-05-16 22:30:00+02:00,123.94222719076602,134.31
2026-05-16 22:45:00+02:00,121.40197908127062,130.87
2026-05-16 23:00:00+02:00,126.90054025738665,134.27
2026-05-16 23:15:00+02:00,122.30487652827597,129.2
2026-05-16 23:30:00+02:00,119.45221221383932,127.95
2026-05-16 23:45:00+02:00,117.38287724362482,119.38
2026-05-17 00:00:00+02:00,136.99543611703854,137.95
2026-05-17 00:15:00+02:00,134.25468365525475,130.21
2026-05-17 00:30:00+02:00,128.24659391580605,122.74
2026-05-17 00:45:00+02:00,123.31576716548402,119.97
2026-05-17 01:00:00+02:00,132.6812221914607,125.77
2026-05-17 01:15:00+02:00,126.60188143540675,118.74
2026-05-17 01:30:00+02:00,121.53166556205841,116.51
2026-05-17 01:45:00+02:00,117.40144183063938,115.23
2026-05-17 02:00:00+02:00,121.82802736048198,118.72
2026-05-17 02:15:00+02:00,117.98703503431315,117.01
2026-05-17 02:30:00+02:00,113.66417998826792,113.64
2026-05-17 02:45:00+02:00,112.56310975110918,112.89
2026-05-17 03:00:00+02:00,115.16275404483218,111.32
2026-05-17 03:15:00+02:00,112.30146774017831,113.82
2026-05-17 03:30:00+02:00,114.14212836464608,114.03
2026-05-17 03:45:00+02:00,113.48666114744576,116.42
2026-05-17 04:00:00+02:00,112.86254886922693,110.58
2026-05-17 04:15:00+02:00,112.71192666913669,110.09
2026-05-17 04:30:00+02:00,111.84147697042975,107.89
2026-05-17 04:45:00+02:00,110.92763741770447,108.12
2026-05-17 05:00:00+02:00,110.77984053833563,107.33
2026-05-17 05:15:00+02:00,110.18156298855126,106.8
2026-05-17 05:30:00+02:00,111.89005395750848,105.33
2026-05-17 05:45:00+02:00,109.28155312328478,102.32
2026-05-17 06:00:00+02:00,114.08239111964181,105.64
2026-05-17 06:15:00+02:00,107.469022628143,102.63
2026-05-17 06:30:00+02:00,105.34765851460836,95.84
2026-05-17 06:45:00+02:00,102.62986935607282,91.06
2026-05-17 07:00:00+02:00,119.13315418262786,100.19
2026-05-17 07:15:00+02:00,97.90269515998682,88.79
2026-05-17 07:30:00+02:00,86.19824865755449,70.88
2026-05-17 07:45:00+02:00,75.03614785853011,63.32
2026-05-17 08:00:00+02:00,90.45814324610004,83.8
2026-05-17 08:15:00+02:00,72.82149344800595,65.43
2026-05-17 08:30:00+02:00,56.758085355672094,49.18
2026-05-17 08:45:00+02:00,36.788875329557655,16.96
2026-05-17 09:00:00+02:00,37.615963561316676,38.61
2026-05-17 09:15:00+02:00,15.018742463068904,21.46
2026-05-17 09:30:00+02:00,13.761593639207206,9.99
2026-05-17 09:45:00+02:00,11.974863897225603,5.82
2026-05-17 10:00:00+02:00,10.938224575637136,8.07
2026-05-17 10:15:00+02:00,2.817370274639444,4.51
2026-05-17 10:30:00+02:00,7.241973597972148,1.34
2026-05-17 10:45:00+02:00,6.046021010474622,0.04
2026-05-17 11:00:00+02:00,-5.59952978128366,2.0
2026-05-17 11:15:00+02:00,-12.636914525596751,0.19
2026-05-17 11:30:00+02:00,-26.922348501661993,0.05
2026-05-17 11:45:00+02:00,-34.84126010209229,0.0
2026-05-17 12:00:00+02:00,-32.89924930381434,1.34
2026-05-17 12:15:00+02:00,-38.88955945071989,0.98
2026-05-17 12:30:00+02:00,-32.62081815509401,0.97
2026-05-17 12:45:00+02:00,-32.689512425512206,0.0
2026-05-17 13:00:00+02:00,-33.97926970651035,0.0
2026-05-17 13:15:00+02:00,-30.72924653917702,0.0
2026-05-17 13:30:00+02:00,-35.33357864013766,0.0
2026-05-17 13:45:00+02:00,-32.97401035491118,0.0
2026-05-17 14:00:00+02:00,-34.496892148882615,0.0
2026-05-17 14:15:00+02:00,-34.83884601512443,0.0
2026-05-17 14:30:00+02:00,-24.175264053839953,0.05
2026-05-17 14:45:00+02:00,-18.65200054900797,3.87
2026-05-17 15:00:00+02:00,-7.652336405495301,3.47
2026-05-17 15:15:00+02:00,-4.448306637552287,4.97
2026-05-17 15:30:00+02:00,11.51896701814637,10.55
2026-05-17 15:45:00+02:00,10.44725362808898,26.25
2026-05-17 16:00:00+02:00,9.763543546622095,12.51
2026-05-17 16:15:00+02:00,7.691849971786652,26.34
2026-05-17 16:30:00+02:00,34.66428768431397,67.0
2026-05-17 16:45:00+02:00,62.59550590854748,103.9
2026-05-17 17:00:00+02:00,41.59021706825079,66.93
2026-05-17 17:15:00+02:00,89.86688382878539,91.45
2026-05-17 17:30:00+02:00,107.98614624480449,112.76
2026-05-17 17:45:00+02:00,126.67211561965821,130.12
2026-05-17 18:00:00+02:00,103.38738749715267,108.03
2026-05-17 18:15:00+02:00,121.61613078887578,126.54
2026-05-17 18:30:00+02:00,132.1740816518606,138.18
2026-05-17 18:45:00+02:00,144.72229032669523,144.8
2026-05-17 19:00:00+02:00,124.34035676266417,135.2
2026-05-17 19:15:00+02:00,134.34489324260565,142.23
2026-05-17 19:30:00+02:00,146.65072769575409,146.87
2026-05-17 19:45:00+02:00,148.37824524082072,147.97
2026-05-17 20:00:00+02:00,142.71851682995486,150.83
2026-05-17 20:15:00+02:00,144.82445693230576,158.57
2026-05-17 20:30:00+02:00,152.7184364059349,159.72
2026-05-17 20:45:00+02:00,147.50191501115094,154.08
2026-05-17 21:00:00+02:00,150.33542115376054,164.37
2026-05-17 21:15:00+02:00,142.56927791316852,157.5
2026-05-17 21:30:00+02:00,140.16706401031405,153.23
2026-05-17 21:45:00+02:00,132.9841617660457,151.72
2026-05-17 22:00:00+02:00,144.22099429538315,158.1
2026-05-17 22:15:00+02:00,139.31108245521472,151.0
2026-05-17 22:30:00+02:00,130.29731440948888,149.23
2026-05-17 22:45:00+02:00,125.24553440539152,147.14
2026-05-17 23:00:00+02:00,132.65378612366098,147.82
2026-05-17 23:15:00+02:00,123.8468122384621,143.96
2026-05-17 23:30:00+02:00,119.75002165672237,144.3
2026-05-17 23:45:00+02:00,116.98259465603725,134.22
2026-05-18 00:00:00+02:00,141.5137885111049,146.56
2026-05-18 00:15:00+02:00,133.07387017440763,136.6
2026-05-18 00:30:00+02:00,128.0847792109263,130.07
2026-05-18 00:45:00+02:00,124.61675056684147,125.4
2026-05-18 01:00:00+02:00,129.81697458833978,130.09
2026-05-18 01:15:00+02:00,125.00318823594887,125.15
2026-05-18 01:30:00+02:00,119.31837615466871,124.51
2026-05-18 01:45:00+02:00,114.78010657646598,124.14
2026-05-18 02:00:00+02:00,121.09727462863023,125.05
2026-05-18 02:15:00+02:00,116.9694713778891,126.34
2026-05-18 02:30:00+02:00,115.16590449505985,126.33
2026-05-18 02:45:00+02:00,114.55867159453223,126.27
2026-05-18 03:00:00+02:00,115.30537419160358,126.54
2026-05-18 03:15:00+02:00,113.84355938487931,125.75
2026-05-18 03:30:00+02:00,113.01449997338685,126.55
2026-05-18 03:45:00+02:00,114.38351598399386,126.73
2026-05-18 04:00:00+02:00,112.15948334935658,126.85
2026-05-18 04:15:00+02:00,112.32793484413111,128.42
2026-05-18 04:30:00+02:00,110.60878050139138,128.65
2026-05-18 04:45:00+02:00,114.33696619903755,133.52
2026-05-18 05:00:00+02:00,112.41508718800053,126.21
2026-05-18 05:15:00+02:00,113.471352628313,134.11
2026-05-18 05:30:00+02:00,123.46231305296868,139.47
2026-05-18 05:45:00+02:00,135.2115672207144,148.3
2026-05-18 06:00:00+02:00,127.9012266206724,144.36
2026-05-18 06:15:00+02:00,141.71221858530552,150.0
2026-05-18 06:30:00+02:00,141.7163603048546,153.7
2026-05-18 06:45:00+02:00,136.36952938041242,162.01
2026-05-18 07:00:00+02:00,152.336705966011,170.73
2026-05-18 07:15:00+02:00,140.87283159775816,161.72
2026-05-18 07:30:00+02:00,136.17754963475736,159.09
2026-05-18 07:45:00+02:00,118.4112428633408,148.76
2026-05-18 08:00:00+02:00,153.7297430187068,168.97
2026-05-18 08:15:00+02:00,133.41779593231973,160.65
2026-05-18 08:30:00+02:00,117.46431618970551,149.07
2026-05-18 08:45:00+02:00,104.25020198770727,129.73
2026-05-18 09:00:00+02:00,122.70584309188557,141.2
2026-05-18 09:15:00+02:00,106.39838971553321,131.48
2026-05-18 09:30:00+02:00,104.06598019434867,120.03
2026-05-18 09:45:00+02:00,85.72609844224436,110.81
2026-05-18 10:00:00+02:00,105.9194701623538,119.45
2026-05-18 10:15:00+02:00,88.97935700323217,108.66
2026-05-18 10:30:00+02:00,75.3333047963906,106.13
2026-05-18 10:45:00+02:00,63.15903572226728,97.16
2026-05-18 11:00:00+02:00,74.80740457577625,103.11
2026-05-18 11:15:00+02:00,72.1475115140366,100.78
2026-05-18 11:30:00+02:00,50.22018652749668,98.3
2026-05-18 11:45:00+02:00,33.53738067887952,98.02
2026-05-18 12:00:00+02:00,53.88626544823908,101.0
2026-05-18 12:15:00+02:00,46.564815822253316,95.67
2026-05-18 12:30:00+02:00,50.565235805074366,93.05
2026-05-18 12:45:00+02:00,46.451829088493895,89.86
2026-05-18 13:00:00+02:00,50.12277392241023,94.96
2026-05-18 13:15:00+02:00,47.84571062481352,95.34
2026-05-18 13:30:00+02:00,39.747100253075786,97.6
2026-05-18 13:45:00+02:00,36.568752705808954,92.01
2026-05-18 14:00:00+02:00,38.28704882699786,87.87
2026-05-18 14:15:00+02:00,48.4335600182015,94.73
2026-05-18 14:30:00+02:00,61.46187236837022,100.89
2026-05-18 14:45:00+02:00,76.72997748773133,103.59
2026-05-18 15:00:00+02:00,66.3992799712514,90.0
2026-05-18 15:15:00+02:00,77.1465636691521,102.33
2026-05-18 15:30:00+02:00,89.45123756377197,106.96
2026-05-18 15:45:00+02:00,84.5955797649305,110.33
2026-05-18 16:00:00+02:00,84.49716723258568,102.93
2026-05-18 16:15:00+02:00,80.78798320646396,108.09
2026-05-18 16:30:00+02:00,95.25145786997739,116.88
2026-05-18 16:45:00+02:00,112.39344715578534,127.96
2026-05-18 17:00:00+02:00,98.57899221505293,117.96
2026-05-18 17:15:00+02:00,103.59655545202541,125.35
2026-05-18 17:30:00+02:00,122.56699923526233,138.93
2026-05-18 17:45:00+02:00,129.9466823207665,154.02
2026-05-18 18:00:00+02:00,119.5794561142293,133.01
2026-05-18 18:15:00+02:00,129.17731667285244,142.66
2026-05-18 18:30:00+02:00,140.49703394130637,153.3
2026-05-18 18:45:00+02:00,152.40939220680897,179.58
2026-05-18 19:00:00+02:00,138.40497288506347,149.36
2026-05-18 19:15:00+02:00,152.23420342971824,167.24
2026-05-18 19:30:00+02:00,179.25565673752408,194.87
2026-05-18 19:45:00+02:00,189.4380395528667,259.94
2026-05-18 20:00:00+02:00,169.35834836437226,231.64
2026-05-18 20:15:00+02:00,178.5558415959071,246.32
2026-05-18 20:30:00+02:00,189.23880596459256,269.1
2026-05-18 20:45:00+02:00,177.65136801241238,256.53
2026-05-18 21:00:00+02:00,187.2429758848583,278.16
2026-05-18 21:15:00+02:00,166.00527218847668,224.3
2026-05-18 21:30:00+02:00,153.0594640558647,192.96
2026-05-18 21:45:00+02:00,145.53882212164,161.93
2026-05-18 22:00:00+02:00,153.8283806062496,176.36
2026-05-18 22:15:00+02:00,143.2518007797069,161.01
2026-05-18 22:30:00+02:00,142.00348425441678,155.91
2026-05-18 22:45:00+02:00,132.99708209003447,149.31
2026-05-18 23:00:00+02:00,137.66605472723197,158.17
2026-05-18 23:15:00+02:00,135.6201887019715,148.64
2026-05-18 23:30:00+02:00,127.55193427984331,148.41
2026-05-18 23:45:00+02:00,127.68865600469337,140.36
2026-05-19 00:00:00+02:00,138.23592421175857,159.63
2026-05-19 00:15:00+02:00,134.42853933721491,148.47
2026-05-19 00:30:00+02:00,128.77681526438676,143.89
2026-05-19 00:45:00+02:00,125.06178847631215,141.02
2026-05-19 01:00:00+02:00,132.28247715878263,149.05
2026-05-19 01:15:00+02:00,124.75015425550646,140.9
2026-05-19 01:30:00+02:00,122.87506214130882,139.01
2026-05-19 01:45:00+02:00,121.16233858203714,138.81
2026-05-19 02:00:00+02:00,123.33274374317214,140.9
2026-05-19 02:15:00+02:00,122.16656327390064,138.03
2026-05-19 02:30:00+02:00,122.44375631543147,139.31
2026-05-19 02:45:00+02:00,120.19256833097457,139.05
2026-05-19 03:00:00+02:00,121.15524256524532,138.65
2026-05-19 03:15:00+02:00,120.39271551251711,137.03
2026-05-19 03:30:00+02:00,120.37311991196545,138.24
2026-05-19 03:45:00+02:00,120.63378367904352,140.24
2026-05-19 04:00:00+02:00,117.47320317305318,135.64
2026-05-19 04:15:00+02:00,119.00380933304733,136.8
2026-05-19 04:30:00+02:00,124.13689378126247,143.79
2026-05-19 04:45:00+02:00,127.34472714366198,150.04
2026-05-19 05:00:00+02:00,122.32985744883169,140.19
2026-05-19 05:15:00+02:00,126.30027909696568,144.05
2026-05-19 05:30:00+02:00,127.63788170586783,149.52
2026-05-19 05:45:00+02:00,143.03700133783727,153.92
2026-05-19 06:00:00+02:00,135.5451391476429,159.86
2026-05-19 06:15:00+02:00,148.09155513471785,172.32
2026-05-19 06:30:00+02:00,144.33584124072453,170.53
2026-05-19 06:45:00+02:00,142.93600002589397,155.13
2026-05-19 07:00:00+02:00,161.65099238222223,174.74
2026-05-19 07:15:00+02:00,144.7734768221458,156.79
2026-05-19 07:30:00+02:00,134.2012987198615,150.56
2026-05-19 07:45:00+02:00,118.67805060834188,133.0
2026-05-19 08:00:00+02:00,149.085653613745,153.56
2026-05-19 08:15:00+02:00,135.80441567524446,140.35
2026-05-19 08:30:00+02:00,116.38956143055528,125.05
2026-05-19 08:45:00+02:00,100.46500716476001,108.46
2026-05-19 09:00:00+02:00,123.8585081693223,126.01
2026-05-19 09:15:00+02:00,103.37270886198485,116.24
2026-05-19 09:30:00+02:00,93.87166332583494,101.28
2026-05-19 09:45:00+02:00,81.48496234918997,91.44
2026-05-19 10:00:00+02:00,103.21447907921683,104.17
2026-05-19 10:15:00+02:00,92.5587361065594,98.53
2026-05-19 10:30:00+02:00,57.434141554803645,90.03
2026-05-19 10:45:00+02:00,35.45495532527927,84.33
2026-05-19 11:00:00+02:00,53.29570246377804,90.03
2026-05-19 11:15:00+02:00,33.68029167371671,84.35
2026-05-19 11:30:00+02:00,34.293249459438556,79.79
2026-05-19 11:45:00+02:00,30.00226820590501,74.17
2026-05-19 12:00:00+02:00,34.17459052854461,76.65
2026-05-19 12:15:00+02:00,35.66374991754603,76.21
2026-05-19 12:30:00+02:00,25.646219758247273,70.33
2026-05-19 12:45:00+02:00,28.246114597798112,69.39
2026-05-19 13:00:00+02:00,30.6215343365006,74.12
2026-05-19 13:15:00+02:00,26.35740045233439,73.65
2026-05-19 13:30:00+02:00,30.380190882739395,74.02
2026-05-19 13:45:00+02:00,34.86122925044679,73.16
2026-05-19 14:00:00+02:00,34.65062134709697,69.07
2026-05-19 14:15:00+02:00,33.6017090684733,78.01
2026-05-19 14:30:00+02:00,41.93243866717521,83.48
2026-05-19 14:45:00+02:00,39.36163911271508,88.68
2026-05-19 15:00:00+02:00,25.314410928692446,77.67
2026-05-19 15:15:00+02:00,35.476634233614206,84.7
2026-05-19 15:30:00+02:00,52.58587565641177,91.25
2026-05-19 15:45:00+02:00,81.8977900287382,96.66
2026-05-19 16:00:00+02:00,41.93298846898099,89.48
2026-05-19 16:15:00+02:00,71.65133033560375,98.42
2026-05-19 16:30:00+02:00,96.27945324859735,105.84
2026-05-19 16:45:00+02:00,111.15790364688617,115.26
2026-05-19 17:00:00+02:00,89.21200638030417,110.09
2026-05-19 17:15:00+02:00,107.42589534888728,118.33
2026-05-19 17:30:00+02:00,120.33342003192656,136.59
2026-05-19 17:45:00+02:00,135.15819676343597,144.16
2026-05-19 18:00:00+02:00,118.39492050724972,129.21
2026-05-19 18:15:00+02:00,128.69972444752645,138.66
2026-05-19 18:30:00+02:00,138.7585736873727,148.74
2026-05-19 18:45:00+02:00,145.6510111621852,163.19
2026-05-19 19:00:00+02:00,132.16413131426336,148.84
2026-05-19 19:15:00+02:00,147.3283849691318,159.35
2026-05-19 19:30:00+02:00,166.6139722473358,172.48
2026-05-19 19:45:00+02:00,172.3353541847448,209.27
2026-05-19 20:00:00+02:00,163.826339825369,187.34
2026-05-19 20:15:00+02:00,161.29396500321303,183.63
2026-05-19 20:30:00+02:00,168.11612835974992,178.96
2026-05-19 20:45:00+02:00,157.0433990391186,173.68
2026-05-19 21:00:00+02:00,168.77016951570988,187.32
2026-05-19 21:15:00+02:00,146.94819119337356,163.0
2026-05-19 21:30:00+02:00,136.11438887686657,157.85
2026-05-19 21:45:00+02:00,131.88060325551206,146.35
2026-05-19 22:00:00+02:00,146.35913091570808,161.14
2026-05-19 22:15:00+02:00,134.17057108801114,150.89
2026-05-19 22:30:00+02:00,129.57273725751858,141.38
2026-05-19 22:45:00+02:00,123.2878943857868,128.77
2026-05-19 23:00:00+02:00,126.77815031006958,140.89
2026-05-19 23:15:00+02:00,127.58761082472427,133.99
2026-05-19 23:30:00+02:00,125.77399234915252,128.71
2026-05-19 23:45:00+02:00,115.50009154160239,123.62
2026-05-20 00:00:00+02:00,138.78179620517517,135.39
2026-05-20 00:15:00+02:00,133.58215382142362,127.9
2026-05-20 00:30:00+02:00,130.10183883106518,118.67
2026-05-20 00:45:00+02:00,124.72630749401532,112.96
2026-05-20 01:00:00+02:00,129.15727825653005,120.11
2026-05-20 01:15:00+02:00,123.57747671350931,115.7
2026-05-20 01:30:00+02:00,118.27955015443041,113.69
2026-05-20 01:45:00+02:00,114.58336191794075,109.04
2026-05-20 02:00:00+02:00,118.67144883045756,111.37
2026-05-20 02:15:00+02:00,115.26290215117015,109.0
2026-05-20 02:30:00+02:00,115.36508323886208,109.2
2026-05-20 02:45:00+02:00,112.99437371194594,109.44
2026-05-20 03:00:00+02:00,114.67866654177159,111.81
2026-05-20 03:15:00+02:00,112.81394861748831,110.12
2026-05-20 03:30:00+02:00,111.49380778213057,109.73
2026-05-20 03:45:00+02:00,109.4263460278182,108.23
2026-05-20 04:00:00+02:00,111.12641618978898,108.69
2026-05-20 04:15:00+02:00,109.33963100228983,109.13
2026-05-20 04:30:00+02:00,110.33470003646347,111.44
2026-05-20 04:45:00+02:00,113.21099414675868,112.38
2026-05-20 05:00:00+02:00,111.38001180310127,111.67
2026-05-20 05:15:00+02:00,110.29298693642082,115.0
2026-05-20 05:30:00+02:00,121.49883310425466,119.34
2026-05-20 05:45:00+02:00,124.74848535316335,130.19
2026-05-20 06:00:00+02:00,120.5056877935677,127.9
2026-05-20 06:15:00+02:00,131.72617825070066,138.73
2026-05-20 06:30:00+02:00,135.0903761358581,139.3
2026-05-20 06:45:00+02:00,137.77641102831845,134.02
2026-05-20 07:00:00+02:00,146.43154237666784,148.4
2026-05-20 07:15:00+02:00,147.0702135091792,143.33
2026-05-20 07:30:00+02:00,138.80483719940463,132.67
2026-05-20 07:45:00+02:00,128.1607939398123,123.5
2026-05-20 08:00:00+02:00,166.17938490607162,139.14
2026-05-20 08:15:00+02:00,133.07793612360058,132.14
2026-05-20 08:30:00+02:00,140.38649765957513,121.57
2026-05-20 08:45:00+02:00,121.35708649704826,109.2
2026-05-20 09:00:00+02:00,137.22964279637972,120.27
2026-05-20 09:15:00+02:00,124.72144912725224,110.67
2026-05-20 09:30:00+02:00,121.98137494465253,107.96
2026-05-20 09:45:00+02:00,107.74972400410013,97.34
2026-05-20 10:00:00+02:00,126.78560940553825,95.27
2026-05-20 10:15:00+02:00,108.63482759443252,92.0
2026-05-20 10:30:00+02:00,94.60653212978876,90.0
2026-05-20 10:45:00+02:00,88.63303008668704,81.53
2026-05-20 11:00:00+02:00,100.91474581354956,88.32
2026-05-20 11:15:00+02:00,97.81499814446028,74.06
2026-05-20 11:30:00+02:00,104.82603051410969,75.74
2026-05-20 11:45:00+02:00,87.65678731621848,63.73
2026-05-20 12:00:00+02:00,97.75945899189406,83.58
2026-05-20 12:15:00+02:00,74.96779189812926,66.14
2026-05-20 12:30:00+02:00,71.44852868977,59.12
2026-05-20 12:45:00+02:00,62.11838858990283,47.18
2026-05-20 13:00:00+02:00,65.33266423807588,60.01
2026-05-20 13:15:00+02:00,56.9892959743221,48.98
2026-05-20 13:30:00+02:00,47.581125501930295,42.01
2026-05-20 13:45:00+02:00,50.619629905836916,28.99
2026-05-20 14:00:00+02:00,44.61671176969206,27.36
2026-05-20 14:15:00+02:00,56.7448641307694,30.07
2026-05-20 14:30:00+02:00,61.565209419040855,35.95
2026-05-20 14:45:00+02:00,57.1956706880823,40.67
2026-05-20 15:00:00+02:00,62.773908404727344,31.59
2026-05-20 15:15:00+02:00,65.01025134280499,38.78
2026-05-20 15:30:00+02:00,70.0113544142595,48.84
2026-05-20 15:45:00+02:00,89.81685161275536,63.43
2026-05-20 16:00:00+02:00,54.029019030064305,18.01
2026-05-20 16:15:00+02:00,100.88565861286142,60.0
2026-05-20 16:30:00+02:00,112.79095140063058,84.72
2026-05-20 16:45:00+02:00,116.21004630645953,97.31
2026-05-20 17:00:00+02:00,109.04455769162261,72.69
2026-05-20 17:15:00+02:00,111.19191525924435,96.22
2026-05-20 17:30:00+02:00,120.97424792296876,106.91
2026-05-20 17:45:00+02:00,130.15158494258165,121.77
2026-05-20 18:00:00+02:00,119.41518207375995,105.75
2026-05-20 18:15:00+02:00,124.77158201615264,122.0
2026-05-20 18:30:00+02:00,125.32753004479868,140.03
2026-05-20 18:45:00+02:00,139.4979374852321,153.07
2026-05-20 19:00:00+02:00,137.21390753333486,127.2
2026-05-20 19:15:00+02:00,133.27981315868703,144.24
2026-05-20 19:30:00+02:00,148.69787394049237,153.0
2026-05-20 19:45:00+02:00,165.6829472028517,173.83
2026-05-20 20:00:00+02:00,153.20267620240242,151.79
2026-05-20 20:15:00+02:00,157.4575473053672,163.47
2026-05-20 20:30:00+02:00,162.30372258310092,172.76
2026-05-20 20:45:00+02:00,164.99860144207503,183.67
2026-05-20 21:00:00+02:00,165.71727474110423,183.03
2026-05-20 21:15:00+02:00,156.4608684717599,170.74
2026-05-20 21:30:00+02:00,158.58659449529276,160.49
2026-05-20 21:45:00+02:00,144.73133759853937,145.74
2026-05-20 22:00:00+02:00,158.5123289973216,168.31
2026-05-20 22:15:00+02:00,149.39730136993907,152.27
2026-05-20 22:30:00+02:00,140.83025705687936,144.45
2026-05-20 22:45:00+02:00,132.03772569120719,135.05
2026-05-20 23:00:00+02:00,138.3423235686825,145.72
2026-05-20 23:15:00+02:00,132.29153303947436,142.56
2026-05-20 23:30:00+02:00,130.6130248787442,136.64
2026-05-20 23:45:00+02:00,122.44231040668845,131.09
2026-05-21 00:00:00+02:00,139.48493187084347,143.41
2026-05-21 00:15:00+02:00,132.51616062040762,136.51
2026-05-21 00:30:00+02:00,125.0861608934729,129.8
2026-05-21 00:45:00+02:00,120.36519136670111,122.39
2026-05-21 01:00:00+02:00,127.07156256811022,129.13
2026-05-21 01:15:00+02:00,122.13348550910322,123.64
2026-05-21 01:30:00+02:00,120.22346930935744,118.58
2026-05-21 01:45:00+02:00,115.19270412554181,115.29
2026-05-21 02:00:00+02:00,123.14589399748667,117.54
2026-05-21 02:15:00+02:00,119.36137255406894,115.3
2026-05-21 02:30:00+02:00,117.02725784495911,115.29
2026-05-21 02:45:00+02:00,115.78001379548736,115.96
2026-05-21 03:00:00+02:00,119.30976735723851,113.16
2026-05-21 03:15:00+02:00,116.91529260563081,112.94
2026-05-21 03:30:00+02:00,113.67120986512927,113.75
2026-05-21 03:45:00+02:00,111.3686231858036,114.35
2026-05-21 04:00:00+02:00,115.65503248404804,110.35
2026-05-21 04:15:00+02:00,113.77394608966627,113.43
2026-05-21 04:30:00+02:00,112.07055177102609,117.68
2026-05-21 04:45:00+02:00,112.73181704787798,122.58
2026-05-21 05:00:00+02:00,115.40868885312852,120.6
2026-05-21 05:15:00+02:00,112.1877433944036,124.72
2026-05-21 05:30:00+02:00,118.20852563067874,132.6
2026-05-21 05:45:00+02:00,123.50595435872607,135.7
2026-05-21 06:00:00+02:00,121.25359025756494,135.49
2026-05-21 06:15:00+02:00,135.44843505208186,144.64
2026-05-21 06:30:00+02:00,130.3579829798659,145.69
2026-05-21 06:45:00+02:00,127.2030047381259,145.44
2026-05-21 07:00:00+02:00,133.1719303517578,155.12
2026-05-21 07:15:00+02:00,132.6090878437198,148.25
2026-05-21 07:30:00+02:00,125.85330905519206,141.26
2026-05-21 07:45:00+02:00,112.77658541162208,129.84
2026-05-21 08:00:00+02:00,132.20478168366702,153.0
2026-05-21 08:15:00+02:00,123.60647297362374,134.38
2026-05-21 08:30:00+02:00,110.21132513268158,124.15
2026-05-21 08:45:00+02:00,93.81747429685134,114.02
2026-05-21 09:00:00+02:00,119.99801549544416,118.59
2026-05-21 09:15:00+02:00,96.4128362175062,103.93
2026-05-21 09:30:00+02:00,80.09893906095147,100.82
2026-05-21 09:45:00+02:00,40.56221590817508,93.22
2026-05-21 10:00:00+02:00,70.88912652855045,98.62
2026-05-21 10:15:00+02:00,49.53265359365837,91.92
2026-05-21 10:30:00+02:00,38.96534669917092,79.01
2026-05-21 10:45:00+02:00,28.53656609052257,55.24
2026-05-21 11:00:00+02:00,32.398876321742314,71.73
2026-05-21 11:15:00+02:00,28.882056097632223,54.02
2026-05-21 11:30:00+02:00,29.496902468654334,30.26
2026-05-21 11:45:00+02:00,26.457529732545517,15.0
2026-05-21 12:00:00+02:00,37.74164345251648,15.0
2026-05-21 12:15:00+02:00,39.74712690019578,11.77
2026-05-21 12:30:00+02:00,29.257022994137383,11.77
2026-05-21 12:45:00+02:00,35.86618733877434,10.01
2026-05-21 13:00:00+02:00,35.83792904857077,10.12
2026-05-21 13:15:00+02:00,33.45017124007609,8.45
2026-05-21 13:30:00+02:00,33.259779016939454,6.26
2026-05-21 13:45:00+02:00,19.858099705004015,4.65
2026-05-21 14:00:00+02:00,19.018206140369465,5.0
2026-05-21 14:15:00+02:00,20.726481458970174,9.1
2026-05-21 14:30:00+02:00,21.42163927519113,9.34
2026-05-21 14:45:00+02:00,24.935198214746013,11.81
2026-05-21 15:00:00+02:00,20.269514435726393,9.1
2026-05-21 15:15:00+02:00,16.20404251314634,20.08
2026-05-21 15:30:00+02:00,21.914430283145848,46.72
2026-05-21 15:45:00+02:00,64.33937057698598,64.9
2026-05-21 16:00:00+02:00,25.706369245335676,27.57
2026-05-21 16:15:00+02:00,61.80628304601527,67.33
2026-05-21 16:30:00+02:00,76.99773215785767,90.66
2026-05-21 16:45:00+02:00,93.77988233060802,101.27
2026-05-21 17:00:00+02:00,71.16750569602611,78.07
2026-05-21 17:15:00+02:00,97.76370081034962,100.0
2026-05-21 17:30:00+02:00,115.15890207071378,110.97
2026-05-21 17:45:00+02:00,132.68519996133074,130.94
2026-05-21 18:00:00+02:00,111.4828273755374,113.13
2026-05-21 18:15:00+02:00,123.60811818480467,130.93
2026-05-21 18:30:00+02:00,137.48359312218776,146.45
2026-05-21 18:45:00+02:00,146.8258720846408,153.04
2026-05-21 19:00:00+02:00,131.628662836909,141.59
2026-05-21 19:15:00+02:00,134.33513518623033,153.0
2026-05-21 19:30:00+02:00,160.08028949351294,164.02
2026-05-21 19:45:00+02:00,183.75313855430724,194.81
2026-05-21 20:00:00+02:00,153.88581477627727,176.01
2026-05-21 20:15:00+02:00,169.9284400531062,194.58
2026-05-21 20:30:00+02:00,173.81961583793048,218.71
2026-05-21 20:45:00+02:00,168.73803220341836,229.48
2026-05-21 21:00:00+02:00,178.5392037215806,216.56
2026-05-21 21:15:00+02:00,157.9595434806453,194.74
2026-05-21 21:30:00+02:00,148.5061170502164,179.72
2026-05-21 21:45:00+02:00,149.13667748435114,162.65
2026-05-21 22:00:00+02:00,159.69593464281957,195.75
2026-05-21 22:15:00+02:00,146.1200699724783,164.27
2026-05-21 22:30:00+02:00,144.93545489191686,155.42
2026-05-21 22:45:00+02:00,141.47109271419822,148.7
2026-05-21 23:00:00+02:00,146.99451217486936,153.65
2026-05-21 23:15:00+02:00,140.48705040875487,149.09
2026-05-21 23:30:00+02:00,135.61971312217645,144.01
2026-05-21 23:45:00+02:00,129.32115224866152,138.82
2026-05-22 00:00:00+02:00,140.61389542585977,152.24
2026-05-22 00:15:00+02:00,135.4515230571184,148.44
2026-05-22 00:30:00+02:00,127.12974284042514,140.67
2026-05-22 00:45:00+02:00,122.9488595980826,135.91
2026-05-22 01:00:00+02:00,130.50860484773781,148.44
2026-05-22 01:15:00+02:00,123.17642201493446,135.9
2026-05-22 01:30:00+02:00,124.26392832972354,133.16
2026-05-22 01:45:00+02:00,119.39270276368458,130.1
2026-05-22 02:00:00+02:00,127.8198980249295,132.73
2026-05-22 02:15:00+02:00,122.65824496492851,132.0
2026-05-22 02:30:00+02:00,121.54358002264472,130.8
2026-05-22 02:45:00+02:00,122.55093554215881,131.02
2026-05-22 03:00:00+02:00,122.26203672288065,130.62
2026-05-22 03:15:00+02:00,122.59210766889609,129.86
2026-05-22 03:30:00+02:00,122.19314424927076,127.84
2026-05-22 03:45:00+02:00,124.29870730631052,127.48
2026-05-22 04:00:00+02:00,119.95898274757545,127.55
2026-05-22 04:15:00+02:00,125.7403079112741,129.46
2026-05-22 04:30:00+02:00,126.47102047890418,133.94
2026-05-22 04:45:00+02:00,127.8856923756281,135.04
2026-05-22 05:00:00+02:00,126.33814189146165,129.96
2026-05-22 05:15:00+02:00,129.20793286250228,134.97
2026-05-22 05:30:00+02:00,129.9234387729657,137.32
2026-05-22 05:45:00+02:00,139.0753829845458,140.62
2026-05-22 06:00:00+02:00,134.00313933319762,142.56
2026-05-22 06:15:00+02:00,146.52176824190772,147.22
2026-05-22 06:30:00+02:00,148.47997516977725,146.15
2026-05-22 06:45:00+02:00,149.03876422900976,141.49
2026-05-22 07:00:00+02:00,161.96712679618452,156.58
2026-05-22 07:15:00+02:00,144.8880192313233,147.15
2026-05-22 07:30:00+02:00,145.44581451010157,134.01
2026-05-22 07:45:00+02:00,128.7419724932962,114.97
2026-05-22 08:00:00+02:00,146.95264252170887,141.0
2026-05-22 08:15:00+02:00,135.66539111352176,130.24
2026-05-22 08:30:00+02:00,124.28349314931123,118.84
2026-05-22 08:45:00+02:00,96.85665513043395,102.46
2026-05-22 09:00:00+02:00,122.53240811104024,130.97
2026-05-22 09:15:00+02:00,100.21685509562082,100.91
2026-05-22 09:30:00+02:00,89.09171126270543,80.97
2026-05-22 09:45:00+02:00,51.24004054818585,54.68
2026-05-22 10:00:00+02:00,80.91915692684523,92.82
2026-05-22 10:15:00+02:00,67.85872666536902,60.99
2026-05-22 10:30:00+02:00,46.03827598732492,14.79
2026-05-22 10:45:00+02:00,35.276858171656514,1.32
2026-05-22 11:00:00+02:00,51.94547444245833,13.75
2026-05-22 11:15:00+02:00,39.74284464187821,1.91
2026-05-22 11:30:00+02:00,32.07358652841087,0.09
2026-05-22 11:45:00+02:00,18.837354641442086,0.01
2026-05-22 12:00:00+02:00,16.71158992174639,0.01
2026-05-22 12:15:00+02:00,15.502310227049374,0.01
2026-05-22 12:30:00+02:00,17.421745504602228,0.0
2026-05-22 12:45:00+02:00,22.387704497923952,0.0
2026-05-22 13:00:00+02:00,28.802806501269696,0.0
2026-05-22 13:15:00+02:00,22.211233155177347,0.0
2026-05-22 13:30:00+02:00,20.57694814458369,0.0
2026-05-22 13:45:00+02:00,23.59533858924354,0.0
2026-05-22 14:00:00+02:00,21.468231718212053,0.0
2026-05-22 14:15:00+02:00,16.583824384714518,0.0
2026-05-22 14:30:00+02:00,15.183617344961014,0.09
2026-05-22 14:45:00+02:00,14.205689388927777,3.91
2026-05-22 15:00:00+02:00,15.863884740032617,1.21
2026-05-22 15:15:00+02:00,8.626676770540838,9.1
2026-05-22 15:30:00+02:00,21.83376585630712,22.37
2026-05-22 15:45:00+02:00,42.72089461144813,48.54
2026-05-22 16:00:00+02:00,18.717704148255294,15.34
2026-05-22 16:15:00+02:00,43.128101945141466,60.42
2026-05-22 16:30:00+02:00,52.890186912439226,91.71
2026-05-22 16:45:00+02:00,81.7192407589653,113.49
2026-05-22 17:00:00+02:00,44.295466168671986,72.07
2026-05-22 17:15:00+02:00,89.87574242751226,91.01
2026-05-22 17:30:00+02:00,109.07614118247231,113.71
2026-05-22 17:45:00+02:00,130.97337334045216,139.99
2026-05-22 18:00:00+02:00,104.43633089350836,109.17
2026-05-22 18:15:00+02:00,125.12720867849772,131.63
2026-05-22 18:30:00+02:00,141.59387595830378,142.34
2026-05-22 18:45:00+02:00,148.31778258947654,156.66
2026-05-22 19:00:00+02:00,141.12689486753357,130.08
2026-05-22 19:15:00+02:00,151.8089453956451,141.97
2026-05-22 19:30:00+02:00,171.1340131144698,162.64
2026-05-22 19:45:00+02:00,187.16186409523564,210.2
2026-05-22 20:00:00+02:00,168.1552352858622,188.88
2026-05-22 20:15:00+02:00,173.2067889777053,205.93
2026-05-22 20:30:00+02:00,194.33327113044365,231.22
2026-05-22 20:45:00+02:00,188.36572274164791,247.68
2026-05-22 21:00:00+02:00,207.09910269270424,230.63
2026-05-22 21:15:00+02:00,173.8657958519102,207.31
2026-05-22 21:30:00+02:00,153.91361659352623,174.97
2026-05-22 21:45:00+02:00,141.94186149465364,161.74
2026-05-22 22:00:00+02:00,161.42175109043464,181.39
2026-05-22 22:15:00+02:00,143.33056302024917,159.0
2026-05-22 22:30:00+02:00,140.24710961529806,145.61
2026-05-22 22:45:00+02:00,130.6501553194813,132.54
2026-05-22 23:00:00+02:00,135.40593755237342,153.0
2026-05-22 23:15:00+02:00,134.05833268318085,144.01
2026-05-22 23:30:00+02:00,131.74101513974762,135.9
2026-05-22 23:45:00+02:00,123.39818108242673,130.03
2026-05-23 00:00:00+02:00,144.13131977357148,158.13
2026-05-23 00:15:00+02:00,139.4981993465835,141.5
2026-05-23 00:30:00+02:00,129.36881004007768,128.37
2026-05-23 00:45:00+02:00,126.36009364631596,119.04
2026-05-23 01:00:00+02:00,133.5844474654031,136.14
2026-05-23 01:15:00+02:00,127.54294723357225,130.04
2026-05-23 01:30:00+02:00,117.99720036907864,130.88
2026-05-23 01:45:00+02:00,117.79880464528603,122.94
2026-05-23 02:00:00+02:00,120.78144137971928,131.69
2026-05-23 02:15:00+02:00,117.3075510081722,128.23
2026-05-23 02:30:00+02:00,115.53029166732549,121.01
2026-05-23 02:45:00+02:00,114.88917087485345,122.54
2026-05-23 03:00:00+02:00,117.25664854548353,126.48
2026-05-23 03:15:00+02:00,116.13555815640615,126.47
2026-05-23 03:30:00+02:00,114.29645078225704,126.45
2026-05-23 03:45:00+02:00,116.17421189220177,122.07
2026-05-23 04:00:00+02:00,114.84717103573384,121.72
2026-05-23 04:15:00+02:00,117.39216450657679,119.87
2026-05-23 04:30:00+02:00,118.25165970990531,121.44
2026-05-23 04:45:00+02:00,117.2148387525412,123.9
2026-05-23 05:00:00+02:00,118.78475364499214,126.47
2026-05-23 05:15:00+02:00,117.40693441826802,121.6
2026-05-23 05:30:00+02:00,116.24582254731175,117.93
2026-05-23 05:45:00+02:00,112.75019974807459,111.04
2026-05-23 06:00:00+02:00,116.43872893066218,130.3
2026-05-23 06:15:00+02:00,116.15942301012896,121.91
2026-05-23 06:30:00+02:00,110.64276661235567,109.98
2026-05-23 06:45:00+02:00,100.07252214711427,103.28
2026-05-23 07:00:00+02:00,123.37863755339572,131.84
2026-05-23 07:15:00+02:00,106.16938185046143,103.94
2026-05-23 07:30:00+02:00,95.81938760991079,90.86
2026-05-23 07:45:00+02:00,77.82393084034112,61.7
2026-05-23 08:00:00+02:00,105.18107189363623,104.14
2026-05-23 08:15:00+02:00,85.1574672473356,63.43
2026-05-23 08:30:00+02:00,56.67706045927216,24.41
2026-05-23 08:45:00+02:00,22.26121973599956,7.47
2026-05-23 09:00:00+02:00,45.21639661941872,5.4
2026-05-23 09:15:00+02:00,23.63518838927628,1.0
2026-05-23 09:30:00+02:00,9.45152066858978,0.0
2026-05-23 09:45:00+02:00,10.77407999224836,0.0
2026-05-23 10:00:00+02:00,16.28720705316104,-0.01
2026-05-23 10:15:00+02:00,22.807576140791433,-0.02
2026-05-23 10:30:00+02:00,-3.305183702983946,-0.3
2026-05-23 10:45:00+02:00,-10.676420119194209,-1.0
2026-05-23 11:00:00+02:00,-1.8706916514823106,-2.02
2026-05-23 11:15:00+02:00,-8.42122867435296,-2.11
2026-05-23 11:30:00+02:00,-6.872792324672574,-5.99
2026-05-23 11:45:00+02:00,-10.60478790607139,-5.48
2026-05-23 12:00:00+02:00,-16.8233062642826,-6.01
2026-05-23 12:15:00+02:00,-26.586164790719252,-10.03
2026-05-23 12:30:00+02:00,-33.95841128747557,-13.54
2026-05-23 12:45:00+02:00,-41.358817713885806,-19.99
2026-05-23 13:00:00+02:00,-53.04291867170686,-25.0
2026-05-23 13:15:00+02:00,-46.587743946748944,-30.0
2026-05-23 13:30:00+02:00,-62.215158201103286,-36.65
2026-05-23 13:45:00+02:00,-82.53075643181582,-35.62
2026-05-23 14:00:00+02:00,-63.538159958269944,-27.03
2026-05-23 14:15:00+02:00,-78.222769734529,-20.06
2026-05-23 14:30:00+02:00,-71.66486664126946,-13.54
2026-05-23 14:45:00+02:00,-68.0290738048952,-13.05
2026-05-23 15:00:00+02:00,-56.376044948267655,-8.67
2026-05-23 15:15:00+02:00,-33.420196166320686,-3.23
2026-05-23 15:30:00+02:00,-28.044021718297515,-2.1
2026-05-23 15:45:00+02:00,-2.840036433783311,-2.0
2026-05-23 16:00:00+02:00,-16.407607832385786,-1.07
2026-05-23 16:15:00+02:00,1.9528581259702236,-0.09
2026-05-23 16:30:00+02:00,7.337718372394278,0.0
2026-05-23 16:45:00+02:00,26.351689771950518,0.01
2026-05-23 17:00:00+02:00,22.102679011584208,0.1
2026-05-23 17:15:00+02:00,41.18113995631834,3.8
2026-05-23 17:30:00+02:00,69.96413056378574,55.51
2026-05-23 17:45:00+02:00,128.85294202298584,118.38
2026-05-23 18:00:00+02:00,84.30687876799539,82.37
2026-05-23 18:15:00+02:00,115.59568421448468,113.59
2026-05-23 18:30:00+02:00,130.7922282899474,133.0
2026-05-23 18:45:00+02:00,145.47915732494135,154.09
2026-05-23 19:00:00+02:00,112.87245687019873,125.87
2026-05-23 19:15:00+02:00,128.66433913340109,140.19
2026-05-23 19:30:00+02:00,143.80950874981863,154.83
2026-05-23 19:45:00+02:00,173.49892722543635,177.74
2026-05-23 20:00:00+02:00,154.28398092459358,157.5
2026-05-23 20:15:00+02:00,163.0818894029693,165.59
2026-05-23 20:30:00+02:00,187.08028368791474,184.68
2026-05-23 20:45:00+02:00,185.28538670944104,190.31
2026-05-23 21:00:00+02:00,176.7434543749029,180.88
2026-05-23 21:15:00+02:00,155.68317183252455,173.03
2026-05-23 21:30:00+02:00,147.77511958547834,167.9
2026-05-23 21:45:00+02:00,135.24997917509353,162.45
2026-05-23 22:00:00+02:00,156.59242870531997,181.05
2026-05-23 22:15:00+02:00,136.99312528164575,158.92
2026-05-23 22:30:00+02:00,127.26181444274707,148.92
2026-05-23 22:45:00+02:00,122.30439278559572,138.77
2026-05-23 23:00:00+02:00,135.89219676463367,153.6
2026-05-23 23:15:00+02:00,129.78986399562197,148.8
2026-05-23 23:30:00+02:00,121.21252834071898,139.27
2026-05-23 23:45:00+02:00,115.59283994258418,136.94
2026-05-24 00:00:00+02:00,149.69452890070846,153.0
2026-05-24 00:15:00+02:00,138.01211244926174,150.07
2026-05-24 00:30:00+02:00,131.91054998256413,136.77
2026-05-24 00:45:00+02:00,127.962842586416,135.37
2026-05-24 01:00:00+02:00,132.50032098291138,137.14
2026-05-24 01:15:00+02:00,127.72982803184952,136.38
2026-05-24 01:30:00+02:00,123.78036841602623,131.2
2026-05-24 01:45:00+02:00,119.23550355750507,128.79
2026-05-24 02:00:00+02:00,128.5456864608434,142.49
2026-05-24 02:15:00+02:00,123.59313072048235,139.03
2026-05-24 02:30:00+02:00,120.41810789717692,135.29
2026-05-24 02:45:00+02:00,121.51252244689118,130.73
2026-05-24 03:00:00+02:00,119.08874775692325,126.41
2026-05-24 03:15:00+02:00,120.08130186031329,125.79
2026-05-24 03:30:00+02:00,122.60718135747418,125.47
2026-05-24 03:45:00+02:00,121.6227084203516,124.09
2026-05-24 04:00:00+02:00,115.68794462206311,121.3
2026-05-24 04:15:00+02:00,119.77423386624531,121.15
2026-05-24 04:30:00+02:00,121.50657790705111,125.0
2026-05-24 04:45:00+02:00,122.45470663765992,124.11
2026-05-24 05:00:00+02:00,123.64278753743378,124.69
2026-05-24 05:15:00+02:00,118.83789328995039,120.33
2026-05-24 05:30:00+02:00,114.16042643852414,115.47
2026-05-24 05:45:00+02:00,112.47674802415243,110.4
2026-05-24 06:00:00+02:00,116.438192550907,119.52
2026-05-24 06:15:00+02:00,117.86107637929373,113.0
2026-05-24 06:30:00+02:00,111.40783194104618,103.89
2026-05-24 06:45:00+02:00,103.95752209406967,98.77
2026-05-24 07:00:00+02:00,127.71707068672073,123.75
2026-05-24 07:15:00+02:00,110.56441832973078,97.76
2026-05-24 07:30:00+02:00,92.92342188472949,84.7
2026-05-24 07:45:00+02:00,80.06115547423877,47.64
2026-05-24 08:00:00+02:00,103.81642137398205,57.02
2026-05-24 08:15:00+02:00,68.6778891889933,7.96
2026-05-24 08:30:00+02:00,64.20665316624326,0.49
2026-05-24 08:45:00+02:00,63.35894444307068,0.0
2026-05-24 09:00:00+02:00,50.083329297791906,0.01
2026-05-24 09:15:00+02:00,39.49258456596726,0.0
2026-05-24 09:30:00+02:00,38.190937627749726,-0.01
2026-05-24 09:45:00+02:00,32.38330340206697,-0.11
2026-05-24 10:00:00+02:00,30.96652376721314,-0.11
2026-05-24 10:15:00+02:00,30.801414950734312,-0.9
2026-05-24 10:30:00+02:00,7.23495110508258,-3.0
2026-05-24 10:45:00+02:00,-4.69385260738569,-6.0
2026-05-24 11:00:00+02:00,-2.8677335359340077,-6.0
2026-05-24 11:15:00+02:00,-16.70250676007518,-11.3
2026-05-24 11:30:00+02:00,-33.45096209274638,-14.4
2026-05-24 11:45:00+02:00,-34.825722475383365,-23.63
2026-05-24 12:00:00+02:00,-34.29215448376556,-19.6
2026-05-24 12:15:00+02:00,-66.52836720567018,-29.99
2026-05-24 12:30:00+02:00,-63.39802352457671,-42.07
2026-05-24 12:45:00+02:00,-70.91818899196885,-58.79
2026-05-24 13:00:00+02:00,-81.45284570019878,-60.03
2026-05-24 13:15:00+02:00,-96.55097528493135,-72.01
2026-05-24 13:30:00+02:00,-113.91908933248985,-85.0
2026-05-24 13:45:00+02:00,-113.8785226662878,-86.71
2026-05-24 14:00:00+02:00,-104.36621678500306,-77.91
2026-05-24 14:15:00+02:00,-86.54610770392935,-70.01
2026-05-24 14:30:00+02:00,-62.05668847535524,-59.0
2026-05-24 14:45:00+02:00,-58.64730273349006,-40.09
2026-05-24 15:00:00+02:00,-40.330813493300205,-46.33
2026-05-24 15:15:00+02:00,-28.3211829934185,-27.27
2026-05-24 15:30:00+02:00,-30.12680592725105,-14.37
2026-05-24 15:45:00+02:00,-25.520695766019088,-6.0
2026-05-24 16:00:00+02:00,-15.2838670702399,-6.0
2026-05-24 16:15:00+02:00,-1.4620357931193837,-1.52
2026-05-24 16:30:00+02:00,-3.961798668991918,-0.27
2026-05-24 16:45:00+02:00,10.607452881250737,-0.04
2026-05-24 17:00:00+02:00,-1.3890296503829376,-0.01
2026-05-24 17:15:00+02:00,12.242629956975208,0.0
2026-05-24 17:30:00+02:00,60.357390916370996,1.96
2026-05-24 17:45:00+02:00,114.21342130824902,55.55
2026-05-24 18:00:00+02:00,78.72114563892822,22.69
2026-05-24 18:15:00+02:00,105.8875806047878,89.78
2026-05-24 18:30:00+02:00,121.4802887864875,130.46
2026-05-24 18:45:00+02:00,142.5929018954155,142.58
2026-05-24 19:00:00+02:00,112.50778322086816,120.26
2026-05-24 19:15:00+02:00,124.66044623175168,126.09
2026-05-24 19:30:00+02:00,141.80284107420633,134.39
2026-05-24 19:45:00+02:00,165.35368023342292,152.13
2026-05-24 20:00:00+02:00,146.96045250556494,133.12
2026-05-24 20:15:00+02:00,150.0272459005417,147.84
2026-05-24 20:30:00+02:00,156.54947087282028,159.96
2026-05-24 20:45:00+02:00,157.87931823889352,163.15
2026-05-24 21:00:00+02:00,179.36309651562146,161.01
2026-05-24 21:15:00+02:00,148.75957063953285,159.13
2026-05-24 21:30:00+02:00,139.5327738811428,151.62
2026-05-24 21:45:00+02:00,134.13937949058314,141.15
2026-05-24 22:00:00+02:00,152.62931270312234,157.72
2026-05-24 22:15:00+02:00,138.54819338819462,149.99
2026-05-24 22:30:00+02:00,136.26221104779938,139.38
2026-05-24 22:45:00+02:00,133.35990335397307,130.59
2026-05-24 23:00:00+02:00,135.90782322347349,138.39
2026-05-24 23:15:00+02:00,132.0218498780998,132.96
2026-05-24 23:30:00+02:00,129.52999933353607,129.7
2026-05-24 23:45:00+02:00,124.64924798614096,127.35
2026-05-25 00:00:00+02:00,145.52878564627943,136.13
2026-05-25 00:15:00+02:00,132.70288389944287,130.02
2026-05-25 00:30:00+02:00,128.37575120685403,131.76
2026-05-25 00:45:00+02:00,127.45920804411847,125.56
2026-05-25 01:00:00+02:00,128.2087323400056,131.17
2026-05-25 01:15:00+02:00,128.71202362270023,125.52
2026-05-25 01:30:00+02:00,124.7037917088655,123.01
2026-05-25 01:45:00+02:00,120.93251579868856,124.23
2026-05-25 02:00:00+02:00,130.97743981885097,125.68
2026-05-25 02:15:00+02:00,125.74621460313591,125.58
2026-05-25 02:30:00+02:00,124.58705177283552,125.0
2026-05-25 02:45:00+02:00,120.59547629426729,124.7
2026-05-25 03:00:00+02:00,123.58238395838607,120.93
2026-05-25 03:15:00+02:00,120.19420896144094,123.96
2026-05-25 03:30:00+02:00,119.87551161102775,127.15
2026-05-25 03:45:00+02:00,120.90483595946367,132.01
2026-05-25 04:00:00+02:00,116.66797051456558,124.79
2026-05-25 04:15:00+02:00,119.73160475267686,128.98
2026-05-25 04:30:00+02:00,120.2663441185911,129.17
2026-05-25 04:45:00+02:00,123.41685282554423,134.31
2026-05-25 05:00:00+02:00,120.79868737940889,128.55
2026-05-25 05:15:00+02:00,123.00244462569927,130.71
2026-05-25 05:30:00+02:00,121.85928400498968,133.76
2026-05-25 05:45:00+02:00,116.3483787701367,134.96
2026-05-25 06:00:00+02:00,133.21113716307084,137.89
2026-05-25 06:15:00+02:00,125.08079456414337,134.96
2026-05-25 06:30:00+02:00,116.69603906645473,129.13
2026-05-25 06:45:00+02:00,104.87019881063026,118.8
2026-05-25 07:00:00+02:00,124.35970809265858,138.41
2026-05-25 07:15:00+02:00,107.88469960143428,126.44
2026-05-25 07:30:00+02:00,106.85733915416152,114.0
2026-05-25 07:45:00+02:00,82.10930837441767,92.66
2026-05-25 08:00:00+02:00,114.1932280914119,134.96
2026-05-25 08:15:00+02:00,80.84278113662523,103.51
2026-05-25 08:30:00+02:00,51.042532312208166,65.57
2026-05-25 08:45:00+02:00,41.948165732341536,6.68
2026-05-25 09:00:00+02:00,64.40913996212248,16.73
2026-05-25 09:15:00+02:00,50.54202272848275,3.08
2026-05-25 09:30:00+02:00,38.29036902079021,0.19
2026-05-25 09:45:00+02:00,22.746332386882997,0.0
2026-05-25 10:00:00+02:00,21.069183459346107,0.0
2026-05-25 10:15:00+02:00,19.0851207300923,-0.02
2026-05-25 10:30:00+02:00,4.894030323881815,-0.07
2026-05-25 10:45:00+02:00,-14.844479797512491,-0.58
2026-05-25 11:00:00+02:00,-11.659287673810077,-2.01
2026-05-25 11:15:00+02:00,-21.691463263642934,-3.04
2026-05-25 11:30:00+02:00,-27.221193691758447,-6.01
2026-05-25 11:45:00+02:00,-36.175750426679535,-9.99
2026-05-25 12:00:00+02:00,-37.269222653864766,-10.67
2026-05-25 12:15:00+02:00,-59.26586323917587,-11.33
2026-05-25 12:30:00+02:00,-72.03435320324137,-13.06
2026-05-25 12:45:00+02:00,-92.4390540914014,-15.79
2026-05-25 13:00:00+02:00,-98.3105393512801,-22.07
2026-05-25 13:15:00+02:00,-105.45267276157053,-27.45
2026-05-25 13:30:00+02:00,-113.23938590226793,-32.66
2026-05-25 13:45:00+02:00,-107.45869414880313,-35.0
2026-05-25 14:00:00+02:00,-100.84323833640092,-32.36
2026-05-25 14:15:00+02:00,-93.79220550451849,-30.0
2026-05-25 14:30:00+02:00,-86.4928798928116,-25.01
2026-05-25 14:45:00+02:00,-79.5741124531241,-21.36
2026-05-25 15:00:00+02:00,-60.67157802823254,-17.13
2026-05-25 15:15:00+02:00,-38.47253005774575,-10.77
2026-05-25 15:30:00+02:00,-21.96861099306608,-7.3
2026-05-25 15:45:00+02:00,-11.22185795885214,-5.0
2026-05-25 16:00:00+02:00,-4.711659744105532,-3.67
2026-05-25 16:15:00+02:00,5.441386350769477,-2.94
2026-05-25 16:30:00+02:00,16.12413213047421,-4.95
2026-05-25 16:45:00+02:00,43.32086512044968,-0.1
2026-05-25 17:00:00+02:00,26.03491416120996,0.0
2026-05-25 17:15:00+02:00,49.962875814650616,1.34
2026-05-25 17:30:00+02:00,38.81483624179468,17.15
2026-05-25 17:45:00+02:00,105.5536277819516,109.31
2026-05-25 18:00:00+02:00,65.52963009864601,70.98
2026-05-25 18:15:00+02:00,106.84688638356666,105.58
2026-05-25 18:30:00+02:00,134.5237324764105,140.97
2026-05-25 18:45:00+02:00,148.73404227626796,157.76
2026-05-25 19:00:00+02:00,122.49626651878594,128.55
2026-05-25 19:15:00+02:00,131.10973494047593,142.68
2026-05-25 19:30:00+02:00,146.08325973339905,151.97
2026-05-25 19:45:00+02:00,197.24321786300402,179.1
2026-05-25 20:00:00+02:00,148.09739350495906,154.32
2026-05-25 20:15:00+02:00,177.76319144534182,168.56
2026-05-25 20:30:00+02:00,195.0173593176288,180.76
2026-05-25 20:45:00+02:00,188.59546522878347,185.1
2026-05-25 21:00:00+02:00,180.73436089853047,185.13
2026-05-25 21:15:00+02:00,166.8623425987062,176.68
2026-05-25 21:30:00+02:00,160.4154290173909,164.59
2026-05-25 21:45:00+02:00,154.68122417545652,154.6
2026-05-25 22:00:00+02:00,169.21415514995286,178.47
2026-05-25 22:15:00+02:00,149.02276032751834,161.73
2026-05-25 22:30:00+02:00,140.80333139585932,148.28
2026-05-25 22:45:00+02:00,136.9636436875415,140.85
2026-05-25 23:00:00+02:00,143.72960552449848,149.1
2026-05-25 23:15:00+02:00,138.69900103808814,142.5
2026-05-25 23:30:00+02:00,133.12245281146994,140.99
2026-05-25 23:45:00+02:00,128.25158249256197,131.51
2026-05-26 00:00:00+02:00,138.03048232308484,152.99
2026-05-26 00:15:00+02:00,135.90371500909964,140.11
2026-05-26 00:30:00+02:00,130.9110463871773,130.16
2026-05-26 00:45:00+02:00,125.81326413170599,122.18
2026-05-26 01:00:00+02:00,134.12459482797487,134.23
2026-05-26 01:15:00+02:00,130.57064674819918,126.6
2026-05-26 01:30:00+02:00,125.5380670569501,122.83
2026-05-26 01:45:00+02:00,125.07932798814339,118.93
2026-05-26 02:00:00+02:00,127.17608450572487,124.03
2026-05-26 02:15:00+02:00,126.97501594998239,121.08
2026-05-26 02:30:00+02:00,125.37155750268158,120.14
2026-05-26 02:45:00+02:00,124.0214833692882,117.33
2026-05-26 03:00:00+02:00,121.23134387229416,122.82
2026-05-26 03:15:00+02:00,123.63842364573715,121.05
2026-05-26 03:30:00+02:00,124.69127778166623,120.99
2026-05-26 03:45:00+02:00,127.48771362548074,119.86
2026-05-26 04:00:00+02:00,124.2887042993654,117.53
2026-05-26 04:15:00+02:00,124.02089920177319,117.84
2026-05-26 04:30:00+02:00,127.66782781734452,120.04
2026-05-26 04:45:00+02:00,129.0406704744253,122.71
2026-05-26 05:00:00+02:00,130.2362374776922,122.11
2026-05-26 05:15:00+02:00,129.3847855464718,124.83
2026-05-26 05:30:00+02:00,130.88130811144063,131.01
2026-05-26 05:45:00+02:00,135.1510266600705,137.69
2026-05-26 06:00:00+02:00,137.16417296646387,138.73
2026-05-26 06:15:00+02:00,152.5683517227097,146.91
2026-05-26 06:30:00+02:00,150.8504411779146,143.59
2026-05-26 06:45:00+02:00,144.21468582766025,143.19
2026-05-26 07:00:00+02:00,156.93186613038884,161.79
2026-05-26 07:15:00+02:00,142.18382068017632,145.25
2026-05-26 07:30:00+02:00,133.25519121975864,139.8
2026-05-26 07:45:00+02:00,112.29178591866855,119.32
2026-05-26 08:00:00+02:00,139.75050860304546,159.3
2026-05-26 08:15:00+02:00,127.83076555209357,130.33
2026-05-26 08:30:00+02:00,112.6292301641437,108.86
2026-05-26 08:45:00+02:00,69.21752229597678,89.69
2026-05-26 09:00:00+02:00,119.71357053263435,137.05
2026-05-26 09:15:00+02:00,80.88204951160833,92.61
2026-05-26 09:30:00+02:00,37.269021762151695,70.01
2026-05-26 09:45:00+02:00,13.764054422775914,15.53
2026-05-26 10:00:00+02:00,31.587573467231884,22.24
2026-05-26 10:15:00+02:00,17.479802078024257,3.8
2026-05-26 10:30:00+02:00,1.6683875399496415,0.06
2026-05-26 10:45:00+02:00,-2.0857298108195295,-0.02
2026-05-26 11:00:00+02:00,2.9590157800619465,0.0
2026-05-26 11:15:00+02:00,3.2018458924524467,0.0
2026-05-26 11:30:00+02:00,-3.52828948053471,-0.01
2026-05-26 11:45:00+02:00,-7.273124339777754,-0.02
2026-05-26 12:00:00+02:00,-10.914741567260913,-0.58
2026-05-26 12:15:00+02:00,-10.98789185065555,-1.19
2026-05-26 12:30:00+02:00,-17.029161807715976,-2.07
2026-05-26 12:45:00+02:00,-21.842404347208685,-3.46
2026-05-26 13:00:00+02:00,-20.61543890269613,-2.01
2026-05-26 13:15:00+02:00,-19.551571265270763,-2.02
2026-05-26 13:30:00+02:00,-26.00848962969449,-2.97
2026-05-26 13:45:00+02:00,-28.183073402321448,-3.0
2026-05-26 14:00:00+02:00,-23.13268498460675,-1.26
2026-05-26 14:15:00+02:00,-17.785471981638757,-1.01
2026-05-26 14:30:00+02:00,-12.765568431637726,-0.94
2026-05-26 14:45:00+02:00,-9.224946931611177,-0.13
2026-05-26 15:00:00+02:00,-8.492186331304765,-0.04
2026-05-26 15:15:00+02:00,-7.7624786511928505,-0.01
2026-05-26 15:30:00+02:00,-3.8926944790915847,-0.01
2026-05-26 15:45:00+02:00,2.269095376714297,0.0
2026-05-26 16:00:00+02:00,4.000668337961304,-0.01
2026-05-26 16:15:00+02:00,5.376539070939373,0.96
2026-05-26 16:30:00+02:00,-0.004792518921703959,5.79
2026-05-26 16:45:00+02:00,14.646000587713502,45.72
2026-05-26 17:00:00+02:00,5.140609760921905,9.1
2026-05-26 17:15:00+02:00,16.59537988123273,83.86
2026-05-26 17:30:00+02:00,48.9501340973487,126.47
2026-05-26 17:45:00+02:00,117.85104559563408,139.31
2026-05-26 18:00:00+02:00,74.34009931375442,92.62
2026-05-26 18:15:00+02:00,108.67695119892538,122.96
2026-05-26 18:30:00+02:00,136.5924105623498,146.0
2026-05-26 18:45:00+02:00,147.11806811094013,177.57
2026-05-26 19:00:00+02:00,127.93302250072955,127.97
2026-05-26 19:15:00+02:00,146.0445941071017,152.99
2026-05-26 19:30:00+02:00,152.52275191247577,187.28
2026-05-26 19:45:00+02:00,189.96509356155525,272.17
2026-05-26 20:00:00+02:00,173.9875453838655,199.18
2026-05-26 20:15:00+02:00,184.71693175717138,226.87
2026-05-26 20:30:00+02:00,169.01426250719757,230.09
2026-05-26 20:45:00+02:00,158.42692082605333,215.65
2026-05-26 21:00:00+02:00,188.36427441926207,223.62
2026-05-26 21:15:00+02:00,157.85457353124266,189.04
2026-05-26 21:30:00+02:00,143.64527908617964,173.64
2026-05-26 21:45:00+02:00,131.1784619624393,152.84
2026-05-26 22:00:00+02:00,146.33451550002258,181.15
2026-05-26 22:15:00+02:00,141.4667168974848,154.19
2026-05-26 22:30:00+02:00,130.62387923995146,147.6
2026-05-26 22:45:00+02:00,125.4734358104154,132.16
2026-05-26 23:00:00+02:00,129.60376566996047,141.88
2026-05-26 23:15:00+02:00,122.58550072861082,137.06
2026-05-26 23:30:00+02:00,115.89476783421709,128.48
2026-05-26 23:45:00+02:00,114.24362012019093,114.71
2026-05-27 00:00:00+02:00,140.2558711331383,140.12
2026-05-27 00:15:00+02:00,131.53593479375942,135.31
2026-05-27 00:30:00+02:00,126.41725675670658,133.53
2026-05-27 00:45:00+02:00,124.22396796381356,130.19
2026-05-27 01:00:00+02:00,124.08095286534052,133.49
2026-05-27 01:15:00+02:00,121.35046973695299,128.1
2026-05-27 01:30:00+02:00,116.19500820251643,126.88
2026-05-27 01:45:00+02:00,114.58872891068948,121.6
2026-05-27 02:00:00+02:00,117.42504696332405,122.66
2026-05-27 02:15:00+02:00,116.73244897030104,121.04
2026-05-27 02:30:00+02:00,112.74950397715035,120.07
2026-05-27 02:45:00+02:00,112.71829822394116,118.4
2026-05-27 03:00:00+02:00,113.15064401567909,119.29
2026-05-27 03:15:00+02:00,114.06851156932146,118.85
2026-05-27 03:30:00+02:00,113.74342489084528,118.88
2026-05-27 03:45:00+02:00,116.05943920423253,118.46
2026-05-27 04:00:00+02:00,109.96479427153936,116.35
2026-05-27 04:15:00+02:00,111.04886875526711,118.94
2026-05-27 04:30:00+02:00,110.60077991698525,119.54
2026-05-27 04:45:00+02:00,112.66972611071942,121.36
2026-05-27 05:00:00+02:00,112.08631682593042,115.67
2026-05-27 05:15:00+02:00,111.60247895023723,117.02
2026-05-27 05:30:00+02:00,120.18059359153116,123.3
2026-05-27 05:45:00+02:00,122.13051572569633,128.95
2026-05-27 06:00:00+02:00,123.18937338520738,129.59
2026-05-27 06:15:00+02:00,123.48845968223237,138.1
2026-05-27 06:30:00+02:00,123.14156789034718,137.54
2026-05-27 06:45:00+02:00,126.08851177179207,131.57
2026-05-27 07:00:00+02:00,138.4121920250936,147.7
2026-05-27 07:15:00+02:00,125.09950279932303,138.96
2026-05-27 07:30:00+02:00,122.33071075857508,126.03
2026-05-27 07:45:00+02:00,108.42687553455552,111.71
2026-05-27 08:00:00+02:00,134.0011944073158,142.81
2026-05-27 08:15:00+02:00,123.42309286894753,114.69
2026-05-27 08:30:00+02:00,104.07078705968942,98.32
2026-05-27 08:45:00+02:00,65.252717882035,69.99
2026-05-27 09:00:00+02:00,116.93167287016412,104.0
2026-05-27 09:15:00+02:00,68.59780117707491,67.98
2026-05-27 09:30:00+02:00,51.35990240078751,17.27
2026-05-27 09:45:00+02:00,28.092909091821,3.69
2026-05-27 10:00:00+02:00,19.080198603125567,11.0
2026-05-27 10:15:00+02:00,26.304634190372852,2.65
2026-05-27 10:30:00+02:00,2.5490270761816944,0.07
2026-05-27 10:45:00+02:00,-1.929782017315727,-0.02
2026-05-27 11:00:00+02:00,3.2409246210132885,0.0
2026-05-27 11:15:00+02:00,-0.7622380927540284,-0.03
2026-05-27 11:30:00+02:00,-2.304923332657781,-0.28
2026-05-27 11:45:00+02:00,-1.8855990811742487,-0.77
2026-05-27 12:00:00+02:00,0.16910478007086516,-0.78
2026-05-27 12:15:00+02:00,-5.156546694137907,-1.0
2026-05-27 12:30:00+02:00,-9.542964619364602,-1.21
2026-05-27 12:45:00+02:00,-7.753597544521625,-1.21
2026-05-27 13:00:00+02:00,-13.721620467606952,-1.17
2026-05-27 13:15:00+02:00,-13.082814846281593,-1.37
2026-05-27 13:30:00+02:00,-18.290518913561517,-2.0
2026-05-27 13:45:00+02:00,-23.945059615674236,-2.0
2026-05-27 14:00:00+02:00,-19.470631649591397,-1.91
2026-05-27 14:15:00+02:00,-19.605501702178582,-1.28
2026-05-27 14:30:00+02:00,-10.46783037546563,-1.62
2026-05-27 14:45:00+02:00,-4.599509393813104,-1.77
2026-05-27 15:00:00+02:00,-9.21430269973189,-1.8
2026-05-27 15:15:00+02:00,-9.03893967701234,-2.02
2026-05-27 15:30:00+02:00,-2.313242218399594,-1.9
2026-05-27 15:45:00+02:00,-1.7377117979973242,-1.09
2026-05-27 16:00:00+02:00,0.4624461034421188,-1.88
2026-05-27 16:15:00+02:00,3.5903282457074397,-0.09
2026-05-27 16:30:00+02:00,-1.3171176878919795,-0.01
2026-05-27 16:45:00+02:00,5.222095888558258,0.29
2026-05-27 17:00:00+02:00,1.329379688619312,2.0
2026-05-27 17:15:00+02:00,22.230822269404456,5.0
2026-05-27 17:30:00+02:00,43.13932827880872,39.17
2026-05-27 17:45:00+02:00,111.0116500487955,82.66
2026-05-27 18:00:00+02:00,68.1142021223063,38.62
2026-05-27 18:15:00+02:00,105.0638548448029,88.05
2026-05-27 18:30:00+02:00,122.37522113947253,121.37
2026-05-27 18:45:00+02:00,127.4391828431399,143.35
2026-05-27 19:00:00+02:00,120.62259193728909,113.08
2026-05-27 19:15:00+02:00,132.88193103472474,134.51
2026-05-27 19:30:00+02:00,137.9891370087352,145.49
2026-05-27 19:45:00+02:00,165.0692804442288,152.99
2026-05-27 20:00:00+02:00,143.93736646127928,140.99
2026-05-27 20:15:00+02:00,142.9222635898386,149.55
2026-05-27 20:30:00+02:00,149.61978927865104,164.87
2026-05-27 20:45:00+02:00,155.84785764659213,171.3
2026-05-27 21:00:00+02:00,159.03915979702404,168.96
2026-05-27 21:15:00+02:00,139.33180394699397,161.88
2026-05-27 21:30:00+02:00,125.32040074413935,154.84
2026-05-27 21:45:00+02:00,119.89775368707787,144.44
2026-05-27 22:00:00+02:00,127.06241078814615,154.4
2026-05-27 22:15:00+02:00,121.23629306805381,145.69
2026-05-27 22:30:00+02:00,119.03488498220652,141.3
2026-05-27 22:45:00+02:00,115.03675875018308,135.25
2026-05-27 23:00:00+02:00,125.55197261998364,140.32
2026-05-27 23:15:00+02:00,116.6984096266126,134.31
2026-05-27 23:30:00+02:00,116.00437343154186,130.27
2026-05-27 23:45:00+02:00,110.54573819573754,128.92
2026-05-28 00:00:00+02:00,142.9004661785839,138.6
2026-05-28 00:15:00+02:00,132.96795177411133,132.54
2026-05-28 00:30:00+02:00,131.51853211490652,130.61
2026-05-28 00:45:00+02:00,126.78446937493402,130.03
2026-05-28 01:00:00+02:00,130.22967637260626,136.0
2026-05-28 01:15:00+02:00,128.97345142201615,128.58
2026-05-28 01:30:00+02:00,126.03324611629087,127.85
2026-05-28 01:45:00+02:00,123.00957270802216,125.72
2026-05-28 02:00:00+02:00,127.97097602689098,128.08
2026-05-28 02:15:00+02:00,125.13565421753549,125.79
2026-05-28 02:30:00+02:00,125.16886415687058,127.78
2026-05-28 02:45:00+02:00,121.58490361194768,127.3
2026-05-28 03:00:00+02:00,122.52357857205187,127.04
2026-05-28 03:15:00+02:00,122.96201132897625,127.27
2026-05-28 03:30:00+02:00,124.46313216573137,127.6
2026-05-28 03:45:00+02:00,128.98265354627458,127.54
2026-05-28 04:00:00+02:00,122.22783295068858,126.09
2026-05-28 04:15:00+02:00,124.19580046087228,127.96
2026-05-28 04:30:00+02:00,127.25731973963872,130.81
2026-05-28 04:45:00+02:00,131.24073852393622,135.5
2026-05-28 05:00:00+02:00,125.89450410494908,131.16
2026-05-28 05:15:00+02:00,130.5959219908956,134.81
2026-05-28 05:30:00+02:00,133.82643395180753,138.47
2026-05-28 05:45:00+02:00,140.7735135136119,137.57
2026-05-28 06:00:00+02:00,138.52548058097187,146.72
2026-05-28 06:15:00+02:00,152.85301159984863,152.08
2026-05-28 06:30:00+02:00,150.74315116977797,148.81
2026-05-28 06:45:00+02:00,147.13938057254416,146.2
2026-05-28 07:00:00+02:00,158.9304182093945,152.69
2026-05-28 07:15:00+02:00,144.55629782476194,145.41
2026-05-28 07:30:00+02:00,135.2734644292993,136.7
2026-05-28 07:45:00+02:00,113.57872190406535,117.82
2026-05-28 08:00:00+02:00,146.42431387303637,143.89
2026-05-28 08:15:00+02:00,130.24137468485372,131.71
2026-05-28 08:30:00+02:00,107.90613493613415,120.74
2026-05-28 08:45:00+02:00,73.43420316571162,97.27
2026-05-28 09:00:00+02:00,126.40183144774396,123.88
2026-05-28 09:15:00+02:00,78.66850001166048,94.45
2026-05-28 09:30:00+02:00,54.42034253625357,77.76
2026-05-28 09:45:00+02:00,12.265804958534567,54.08
2026-05-28 10:00:00+02:00,22.630112140142472,51.39
2026-05-28 10:15:00+02:00,5.813719676968617,17.01
2026-05-28 10:30:00+02:00,-0.8178419713073595,6.32
2026-05-28 10:45:00+02:00,-2.799866955785582,2.51
2026-05-28 11:00:00+02:00,-0.8375088240647521,1.56
2026-05-28 11:15:00+02:00,-0.3185040955105425,0.7
2026-05-28 11:30:00+02:00,2.6503959929698997,0.01
2026-05-28 11:45:00+02:00,2.481707574795045,0.0
2026-05-28 12:00:00+02:00,0.2817200934971287,0.03
2026-05-28 12:15:00+02:00,2.762926396802623,0.0
2026-05-28 12:30:00+02:00,0.6994812210120083,-0.01
2026-05-28 12:45:00+02:00,-3.093743888546577,-0.01
2026-05-28 13:00:00+02:00,-1.830117785160008,0.0
2026-05-28 13:15:00+02:00,-2.191111315556936,-0.01
2026-05-28 13:30:00+02:00,-1.8253662651124076,-0.01
2026-05-28 13:45:00+02:00,-1.9508305984723646,-0.03
2026-05-28 14:00:00+02:00,3.807721848928281,-0.02
2026-05-28 14:15:00+02:00,2.6733279648446975,0.0
2026-05-28 14:30:00+02:00,-0.7965004528920566,0.0
2026-05-28 14:45:00+02:00,-0.20035375602735117,0.02
2026-05-28 15:00:00+02:00,4.552022018002075,0.0
2026-05-28 15:15:00+02:00,4.071917040104276,0.01
2026-05-28 15:30:00+02:00,3.377327530683637,0.84
2026-05-28 15:45:00+02:00,-0.04967210977675762,4.34
2026-05-28 16:00:00+02:00,-1.2083489638799634,2.84
2026-05-28 16:15:00+02:00,-3.4175130177320483,10.0
2026-05-28 16:30:00+02:00,10.70325505121994,52.31
2026-05-28 16:45:00+02:00,24.494922592401892,93.43
2026-05-28 17:00:00+02:00,1.5242289062083074,65.43
2026-05-28 17:15:00+02:00,46.68733110423342,92.56
2026-05-28 17:30:00+02:00,94.56029269827197,111.01
2026-05-28 17:45:00+02:00,127.4701450592545,136.03
2026-05-28 18:00:00+02:00,74.3541389815534,110.33
2026-05-28 18:15:00+02:00,120.19406521771057,130.09
2026-05-28 18:30:00+02:00,141.93124244189883,147.28
2026-05-28 18:45:00+02:00,163.4623794761196,165.3
2026-05-28 19:00:00+02:00,126.67755261868058,154.47
2026-05-28 19:15:00+02:00,146.17781112358398,170.65
2026-05-28 19:30:00+02:00,181.40462893894053,204.46
2026-05-28 19:45:00+02:00,208.57786602585827,340.83
2026-05-28 20:00:00+02:00,176.80510445055543,266.94
2026-05-28 20:15:00+02:00,205.80070866300434,373.45
2026-05-28 20:30:00+02:00,216.14435533984408,468.31
2026-05-28 20:45:00+02:00,205.1510128069752,467.04
2026-05-28 21:00:00+02:00,216.63142767021444,434.98
2026-05-28 21:15:00+02:00,198.98497752001708,442.02
2026-05-28 21:30:00+02:00,175.99529019936693,361.81
2026-05-28 21:45:00+02:00,159.269379233984,233.26
2026-05-28 22:00:00+02:00,174.3833769075751,321.71
2026-05-28 22:15:00+02:00,163.11563901319442,211.88
2026-05-28 22:30:00+02:00,152.00775622484264,171.13
2026-05-28 22:45:00+02:00,141.44444808916757,158.28
2026-05-28 23:00:00+02:00,153.97450824462763,174.39
2026-05-28 23:15:00+02:00,145.25790924889253,165.5
2026-05-28 23:30:00+02:00,141.0529053400947,155.42
2026-05-28 23:45:00+02:00,131.5639519522933,143.88
2026-05-29 00:00:00+02:00,146.09514095376602,162.14
2026-05-29 00:15:00+02:00,139.21892931750455,151.73
2026-05-29 00:30:00+02:00,131.52671305338032,137.0
2026-05-29 00:45:00+02:00,126.41242496423992,126.9
2026-05-29 01:00:00+02:00,135.73358505314167,144.99
2026-05-29 01:15:00+02:00,126.31224833473505,137.01
2026-05-29 01:30:00+02:00,125.05133318092824,129.76
2026-05-29 01:45:00+02:00,121.094988926719,123.95
2026-05-29 02:00:00+02:00,125.181530994283,129.43
2026-05-29 02:15:00+02:00,122.22606224253691,128.08
2026-05-29 02:30:00+02:00,117.13739254917765,127.83
2026-05-29 02:45:00+02:00,119.46535311049153,126.56
2026-05-29 03:00:00+02:00,118.57626249031817,128.05
2026-05-29 03:15:00+02:00,122.18923765002106,127.0
2026-05-29 03:30:00+02:00,122.59613080939985,126.0
2026-05-29 03:45:00+02:00,119.87468854188019,123.72
2026-05-29 04:00:00+02:00,118.64456273316954,124.3
2026-05-29 04:15:00+02:00,119.77560950921968,125.0
2026-05-29 04:30:00+02:00,118.53292249169586,125.4
2026-05-29 04:45:00+02:00,121.58423015051387,126.41
2026-05-29 05:00:00+02:00,121.86183491592992,125.07
2026-05-29 05:15:00+02:00,121.36591017196046,124.7
2026-05-29 05:30:00+02:00,126.067092655796,124.4
2026-05-29 05:45:00+02:00,127.50941226061845,127.81
2026-05-29 06:00:00+02:00,131.44755041643836,131.65
2026-05-29 06:15:00+02:00,132.95400581330375,137.04
2026-05-29 06:30:00+02:00,128.704245638208,132.49
2026-05-29 06:45:00+02:00,127.04700072226383,126.36
2026-05-29 07:00:00+02:00,141.26948417895915,136.96
2026-05-29 07:15:00+02:00,133.7874721953025,130.1
2026-05-29 07:30:00+02:00,129.82564117507195,124.97
2026-05-29 07:45:00+02:00,105.31310637211193,111.95
2026-05-29 08:00:00+02:00,137.1556741873347,135.21
2026-05-29 08:15:00+02:00,121.1989276423419,120.54
2026-05-29 08:30:00+02:00,98.21726766556117,107.0
2026-05-29 08:45:00+02:00,51.05941320736115,91.51
2026-05-29 09:00:00+02:00,107.06492079293064,108.14
2026-05-29 09:15:00+02:00,60.66482817711836,87.32
2026-05-29 09:30:00+02:00,34.63017943428777,61.63
2026-05-29 09:45:00+02:00,15.369981448205678,30.54
2026-05-29 10:00:00+02:00,26.60179617015814,39.0
2026-05-29 10:15:00+02:00,9.143555263973681,16.92
2026-05-29 10:30:00+02:00,1.0188071719868717,8.34
2026-05-29 10:45:00+02:00,-0.0667124769901477,3.85
2026-05-29 11:00:00+02:00,-1.2521153475371563,1.36
2026-05-29 11:15:00+02:00,-4.148550798588911,0.0
2026-05-29 11:30:00+02:00,-5.997649255878171,-0.05
2026-05-29 11:45:00+02:00,-4.546989432357007,-0.15
2026-05-29 12:00:00+02:00,-4.7097679023371235,-0.04
2026-05-29 12:15:00+02:00,-3.12747385150689,-0.04
2026-05-29 12:30:00+02:00,-4.604621753440522,-0.07
2026-05-29 12:45:00+02:00,-13.712920308078049,-0.07
2026-05-29 13:00:00+02:00,-10.738572582299017,-0.09
2026-05-29 13:15:00+02:00,-6.642475773914097,-0.04
2026-05-29 13:30:00+02:00,-5.280976285707237,-0.01
2026-05-29 13:45:00+02:00,-7.338019544287235,0.0
2026-05-29 14:00:00+02:00,-8.04949603172036,-0.21
2026-05-29 14:15:00+02:00,-7.82726928557243,-0.09
2026-05-29 14:30:00+02:00,-6.276293894605233,0.0
2026-05-29 14:45:00+02:00,-2.065048781739281,0.3
2026-05-29 15:00:00+02:00,-7.212034830408664,0.84
2026-05-29 15:15:00+02:00,3.9688491375621786,2.11
2026-05-29 15:30:00+02:00,8.172164111892533,9.1
2026-05-29 15:45:00+02:00,2.2178104381322647,25.59
2026-05-29 16:00:00+02:00,5.219241767053912,5.27
2026-05-29 16:15:00+02:00,4.5566247684036725,29.31
2026-05-29 16:30:00+02:00,14.960792212194342,70.0
2026-05-29 16:45:00+02:00,31.986348373551806,101.86
2026-05-29 17:00:00+02:00,24.373482960663722,73.14
2026-05-29 17:15:00+02:00,67.86011800540723,90.63
2026-05-29 17:30:00+02:00,96.55958422862159,111.68
2026-05-29 17:45:00+02:00,131.65659953727774,138.18
2026-05-29 18:00:00+02:00,92.56769394414225,112.36
2026-05-29 18:15:00+02:00,119.70721426678344,129.06
2026-05-29 18:30:00+02:00,140.85126666703025,145.24
2026-05-29 18:45:00+02:00,150.9734665328359,161.28
2026-05-29 19:00:00+02:00,125.71244978756147,146.17
2026-05-29 19:15:00+02:00,140.8637597858354,163.69
2026-05-29 19:30:00+02:00,164.124213331034,184.34
2026-05-29 19:45:00+02:00,223.42797989373594,205.59
2026-05-29 20:00:00+02:00,173.1892528886471,212.39
2026-05-29 20:15:00+02:00,185.00265915667214,237.21
2026-05-29 20:30:00+02:00,204.9259641341618,251.66
2026-05-29 20:45:00+02:00,201.9740185697591,261.18
2026-05-29 21:00:00+02:00,188.98143139118397,237.99
2026-05-29 21:15:00+02:00,177.331487277363,207.39
2026-05-29 21:30:00+02:00,168.15078376260806,192.35
2026-05-29 21:45:00+02:00,154.05173864669663,167.89
2026-05-29 22:00:00+02:00,179.4625869766279,182.99
2026-05-29 22:15:00+02:00,153.11240329857245,164.8
2026-05-29 22:30:00+02:00,143.34565912913294,155.27
2026-05-29 22:45:00+02:00,131.56639999942055,143.74
2026-05-29 23:00:00+02:00,141.60940011119868,152.99
2026-05-29 23:15:00+02:00,137.15286603432142,150.71
2026-05-29 23:30:00+02:00,132.0170501318508,142.76
2026-05-29 23:45:00+02:00,128.92675805159402,134.31
2026-05-30 00:00:00+02:00,152.2652412545788,145.0
2026-05-30 00:15:00+02:00,147.85615369903084,136.85
2026-05-30 00:30:00+02:00,134.73421308988196,132.43
2026-05-30 00:45:00+02:00,131.17253062769643,127.78
2026-05-30 01:00:00+02:00,136.39589647656967,133.39
2026-05-30 01:15:00+02:00,133.6616606210652,129.2
2026-05-30 01:30:00+02:00,127.26469269832626,126.54
2026-05-30 01:45:00+02:00,122.7857218935124,124.67
2026-05-30 02:00:00+02:00,130.87871451643366,125.01
2026-05-30 02:15:00+02:00,127.06118613638783,123.65
2026-05-30 02:30:00+02:00,127.62901165386687,124.0
2026-05-30 02:45:00+02:00,122.70360425919534,122.43
2026-05-30 03:00:00+02:00,124.25944131886327,122.23
2026-05-30 03:15:00+02:00,121.7325209819966,120.07
2026-05-30 03:30:00+02:00,119.42619581112683,120.86
2026-05-30 03:45:00+02:00,118.63383340368995,121.18
2026-05-30 04:00:00+02:00,118.9877507084185,122.77
2026-05-30 04:15:00+02:00,118.90334566141823,124.33
2026-05-30 04:30:00+02:00,120.15563486627381,126.26
2026-05-30 04:45:00+02:00,122.21784634039471,128.07
2026-05-30 05:00:00+02:00,120.6712147537454,128.62
2026-05-30 05:15:00+02:00,119.45607899238338,125.87
2026-05-30 05:30:00+02:00,124.3060389714775,124.0
2026-05-30 05:45:00+02:00,124.7105937239922,121.69
2026-05-30 06:00:00+02:00,132.55703526764526,123.56
2026-05-30 06:15:00+02:00,128.61473180678303,120.3
2026-05-30 06:30:00+02:00,122.97562648953259,119.64
2026-05-30 06:45:00+02:00,116.19736454669561,112.47
2026-05-30 07:00:00+02:00,129.37361035120168,120.53
2026-05-30 07:15:00+02:00,114.87059548171173,114.24
2026-05-30 07:30:00+02:00,110.88644599585074,108.48
2026-05-30 07:45:00+02:00,111.48808424065373,93.13
2026-05-30 08:00:00+02:00,120.73420003222017,117.09
2026-05-30 08:15:00+02:00,109.8296445820645,96.74
2026-05-30 08:30:00+02:00,102.84834008443242,79.31
2026-05-30 08:45:00+02:00,75.498264348171,62.33
2026-05-30 09:00:00+02:00,108.05757591288994,75.59
2026-05-30 09:15:00+02:00,76.48103944437088,46.95
2026-05-30 09:30:00+02:00,24.319149395853323,16.59
2026-05-30 09:45:00+02:00,23.093006827907907,7.6
2026-05-30 10:00:00+02:00,28.27401252946698,9.99
2026-05-30 10:15:00+02:00,17.997653598035185,1.75
2026-05-30 10:30:00+02:00,17.554794990936436,0.1
2026-05-30 10:45:00+02:00,10.267293256460075,0.0
2026-05-30 11:00:00+02:00,17.205265701514808,0.0
2026-05-30 11:15:00+02:00,12.063734329802795,0.0
2026-05-30 11:30:00+02:00,6.693285854256924,-0.01
2026-05-30 11:45:00+02:00,2.494219422457058,-0.01
2026-05-30 12:00:00+02:00,2.549830988767638,-0.01
2026-05-30 12:15:00+02:00,-2.4499938358017097,-0.05
2026-05-30 12:30:00+02:00,-2.21640542325898,-0.05
2026-05-30 12:45:00+02:00,-6.562594313573969,-0.1
2026-05-30 13:00:00+02:00,-8.57258449995387,-1.01
2026-05-30 13:15:00+02:00,-5.068898117738451,-1.29
2026-05-30 13:30:00+02:00,-6.010524115780415,-1.44
2026-05-30 13:45:00+02:00,-5.462713023883895,-2.03
2026-05-30 14:00:00+02:00,-7.835266438632022,-1.08
2026-05-30 14:15:00+02:00,-4.270260215674184,-1.0
2026-05-30 14:30:00+02:00,-8.161577995223777,-0.71
2026-05-30 14:45:00+02:00,-12.744597473791808,-0.2
2026-05-30 15:00:00+02:00,-5.423706598539759,-0.02
2026-05-30 15:15:00+02:00,0.5536539718804683,-0.01
2026-05-30 15:30:00+02:00,7.304605026337473,-0.01
2026-05-30 15:45:00+02:00,16.324690822883884,0.0
2026-05-30 16:00:00+02:00,12.607586593641305,0.0
2026-05-30 16:15:00+02:00,22.473144086892848,0.0
2026-05-30 16:30:00+02:00,33.676063127117274,0.51
2026-05-30 16:45:00+02:00,42.801405739977135,11.52
2026-05-30 17:00:00+02:00,33.51490261258312,8.44
2026-05-30 17:15:00+02:00,43.759835995892914,49.08
2026-05-30 17:30:00+02:00,83.58457735509988,87.48
2026-05-30 17:45:00+02:00,119.17973654621072,105.0
2026-05-30 18:00:00+02:00,82.40568881996788,78.97
2026-05-30 18:15:00+02:00,121.35255273189182,102.19
2026-05-30 18:30:00+02:00,135.80386523205166,119.58
2026-05-30 18:45:00+02:00,146.4560928021948,127.29
2026-05-30 19:00:00+02:00,126.59264150187792,125.3
2026-05-30 19:15:00+02:00,134.42817949017913,132.4
2026-05-30 19:30:00+02:00,142.5387312242222,146.21
2026-05-30 19:45:00+02:00,179.7935675914714,155.58
2026-05-30 20:00:00+02:00,146.7938935994201,142.31
2026-05-30 20:15:00+02:00,171.82484467244993,155.2
2026-05-30 20:30:00+02:00,179.98039051940106,168.14
2026-05-30 20:45:00+02:00,201.42644642816933,176.45
2026-05-30 21:00:00+02:00,183.5038672811536,172.21
2026-05-30 21:15:00+02:00,184.80734773175757,170.38
2026-05-30 21:30:00+02:00,171.47818070179227,176.28
2026-05-30 21:45:00+02:00,156.14592879113906,168.51
2026-05-30 22:00:00+02:00,175.47475381814752,173.86
2026-05-30 22:15:00+02:00,158.4625485915389,160.92
2026-05-30 22:30:00+02:00,142.33125299867228,156.0
2026-05-30 22:45:00+02:00,132.673936472148,146.83
2026-05-30 23:00:00+02:00,149.75067278308205,150.13
2026-05-30 23:15:00+02:00,143.62438377414537,142.71
2026-05-30 23:30:00+02:00,135.0888878228881,140.61
2026-05-30 23:45:00+02:00,130.10589361883322,138.71
2026-05-31 00:00:00+02:00,146.19223815631852,146.56
2026-05-31 00:15:00+02:00,140.39133292174745,139.0
2026-05-31 00:30:00+02:00,132.05502560575826,134.18
2026-05-31 00:45:00+02:00,127.77252394219752,125.91
2026-05-31 01:00:00+02:00,135.89918079932488,132.55
2026-05-31 01:15:00+02:00,131.58427578708935,129.61
2026-05-31 01:30:00+02:00,127.22291415176375,128.09
2026-05-31 01:45:00+02:00,122.93593316100662,126.17
2026-05-31 02:00:00+02:00,129.25355232910715,127.54
2026-05-31 02:15:00+02:00,126.10535687498896,126.55
2026-05-31 02:30:00+02:00,126.21812233292798,126.31
2026-05-31 02:45:00+02:00,124.48969598953795,123.26
2026-05-31 03:00:00+02:00,123.38379547050144,124.98
2026-05-31 03:15:00+02:00,122.89392033222703,124.08
2026-05-31 03:30:00+02:00,124.3488998988873,125.16
2026-05-31 03:45:00+02:00,123.94173730727786,126.57
2026-05-31 04:00:00+02:00,120.7555433984513,127.8
2026-05-31 04:15:00+02:00,123.51309062222657,127.6
2026-05-31 04:30:00+02:00,122.60207723373966,127.8
2026-05-31 04:45:00+02:00,124.35643254472606,124.6
2026-05-31 05:00:00+02:00,122.17984266845053,128.99
2026-05-31 05:15:00+02:00,123.60668653055133,124.68
2026-05-31 05:30:00+02:00,123.59875667878343,122.76
2026-05-31 05:45:00+02:00,120.80780284557638,117.0
2026-05-31 06:00:00+02:00,128.97460107976565,123.04
2026-05-31 06:15:00+02:00,118.44212308121726,119.82
2026-05-31 06:30:00+02:00,117.21474277792765,112.08
2026-05-31 06:45:00+02:00,112.39959606290265,105.07
2026-05-31 07:00:00+02:00,123.29653727460489,111.87
2026-05-31 07:15:00+02:00,110.76851396417347,105.72
2026-05-31 07:30:00+02:00,104.30659270506003,99.24
2026-05-31 07:45:00+02:00,93.34756063839372,85.41
2026-05-31 08:00:00+02:00,116.1911113292231,104.68
2026-05-31 08:15:00+02:00,103.97706975468606,94.56
2026-05-31 08:30:00+02:00,96.18550592950398,84.13
2026-05-31 08:45:00+02:00,68.74410832813678,78.38
2026-05-31 09:00:00+02:00,79.75422748835075,77.89
2026-05-31 09:15:00+02:00,77.77276192827446,62.52
2026-05-31 09:30:00+02:00,71.62095753006604,51.11
2026-05-31 09:45:00+02:00,35.705134474667894,33.64
2026-05-31 10:00:00+02:00,49.29389357915558,26.2
2026-05-31 10:15:00+02:00,25.003396806002606,4.06
2026-05-31 10:30:00+02:00,11.757204348284672,0.01
2026-05-31 10:45:00+02:00,12.999996294604356,0.0
2026-05-31 11:00:00+02:00,9.609395955690484,0.0
2026-05-31 11:15:00+02:00,11.244746423539212,0.0
2026-05-31 11:30:00+02:00,8.222574614313864,0.0
2026-05-31 11:45:00+02:00,9.3115934811211,0.0
2026-05-31 12:00:00+02:00,10.848383123841844,0.0
2026-05-31 12:15:00+02:00,6.053189469244081,0.0
2026-05-31 12:30:00+02:00,5.482998960203743,-0.01
2026-05-31 12:45:00+02:00,3.9539120339565557,-0.01
2026-05-31 13:00:00+02:00,1.9744043462992762,-0.01
2026-05-31 13:15:00+02:00,11.100786901593713,-0.01
2026-05-31 13:30:00+02:00,8.810615478627764,-0.01
2026-05-31 13:45:00+02:00,7.495555136175714,-0.01
2026-05-31 14:00:00+02:00,5.706905127603819,-0.01
2026-05-31 14:15:00+02:00,9.462456944796351,-0.01
2026-05-31 14:30:00+02:00,0.9942742787397633,-0.01
2026-05-31 14:45:00+02:00,2.3776967801569464,-0.01
2026-05-31 15:00:00+02:00,-1.0957645329533385,-0.01
2026-05-31 15:15:00+02:00,8.291280722043386,0.0
2026-05-31 15:30:00+02:00,8.149799154073428,0.0
2026-05-31 15:45:00+02:00,11.150462982864674,0.01
2026-05-31 16:00:00+02:00,10.84604197820474,7.73
2026-05-31 16:15:00+02:00,18.319996678628634,38.06
2026-05-31 16:30:00+02:00,45.76918878433935,63.88
2026-05-31 16:45:00+02:00,72.02764110050471,86.34
2026-05-31 17:00:00+02:00,44.75268219341572,65.94
2026-05-31 17:15:00+02:00,79.68304126727652,89.41
2026-05-31 17:30:00+02:00,99.52419293864342,104.0
2026-05-31 17:45:00+02:00,121.69372538199588,124.35
2026-05-31 18:00:00+02:00,100.9344976317129,104.0
2026-05-31 18:15:00+02:00,113.50337830511744,119.02
2026-05-31 18:30:00+02:00,126.8594524981725,136.47
2026-05-31 18:45:00+02:00,133.76175638092337,149.57
2026-05-31 19:00:00+02:00,126.34206787725738,131.77
2026-05-31 19:15:00+02:00,132.61103294712575,137.98
2026-05-31 19:30:00+02:00,137.13103938151272,145.22
2026-05-31 19:45:00+02:00,154.67203496548547,150.51
2026-05-31 20:00:00+02:00,134.86291399571317,144.07
2026-05-31 20:15:00+02:00,150.02248162245783,147.98
2026-05-31 20:30:00+02:00,159.2012907756917,157.35
2026-05-31 20:45:00+02:00,175.09827229899298,161.65
2026-05-31 21:00:00+02:00,165.2317016676889,158.51
2026-05-31 21:15:00+02:00,170.50485894672786,155.56
2026-05-31 21:30:00+02:00,171.43559516508816,154.78
2026-05-31 21:45:00+02:00,155.3151383641134,155.29
2026-05-31 22:00:00+02:00,161.60099811374909,162.16
2026-05-31 22:15:00+02:00,158.82581018920362,154.86
2026-05-31 22:30:00+02:00,145.28489883124269,150.94
2026-05-31 22:45:00+02:00,141.57111177082749,144.55
2026-05-31 23:00:00+02:00,145.96612025485288,151.52
2026-05-31 23:15:00+02:00,144.94159592014518,146.95
2026-05-31 23:30:00+02:00,136.76243903652906,142.99
2026-05-31 23:45:00+02:00,130.66784668508032,139.93
2026-06-01 00:00:00+02:00,144.62941294375182,151.03
2026-06-01 00:15:00+02:00,138.33034891655058,138.97
2026-06-01 00:30:00+02:00,131.7577682265236,140.84
2026-06-01 00:45:00+02:00,128.0865946273907,133.19
2026-06-01 01:00:00+02:00,131.24669066587197,138.53
2026-06-01 01:15:00+02:00,128.3411035732032,129.39
2026-06-01 01:30:00+02:00,126.14579802406857,124.37
2026-06-01 01:45:00+02:00,122.87065224499581,120.73
2026-06-01 02:00:00+02:00,125.70011965476706,121.29
2026-06-01 02:15:00+02:00,124.13810292306295,125.7
2026-06-01 02:30:00+02:00,123.25108093776072,124.02
2026-06-01 02:45:00+02:00,123.83908315662994,121.54
2026-06-01 03:00:00+02:00,121.81802964553077,120.12
2026-06-01 03:15:00+02:00,121.20813409376869,120.14
2026-06-01 03:30:00+02:00,122.40934456585816,120.27
2026-06-01 03:45:00+02:00,125.80226967677578,120.65
2026-06-01 04:00:00+02:00,121.390263760409,120.77
2026-06-01 04:15:00+02:00,126.1361370570682,121.49
2026-06-01 04:30:00+02:00,128.46330926764153,125.99
2026-06-01 04:45:00+02:00,132.18110142378433,129.7
2026-06-01 05:00:00+02:00,127.09026446861375,124.65
2026-06-01 05:15:00+02:00,129.44810009103136,130.16
2026-06-01 05:30:00+02:00,131.2659073303664,138.23
2026-06-01 05:45:00+02:00,141.28425899283673,147.33
2026-06-01 06:00:00+02:00,136.60058819982262,159.76
2026-06-01 06:15:00+02:00,148.05540631659355,172.17
2026-06-01 06:30:00+02:00,151.87118788045012,162.83
2026-06-01 06:45:00+02:00,151.2410372960722,161.36
2026-06-01 07:00:00+02:00,162.78869868932958,174.07
2026-06-01 07:15:00+02:00,154.8329331693325,161.15
2026-06-01 07:30:00+02:00,148.6846805363109,155.0
2026-06-01 07:45:00+02:00,129.30343790841894,149.78
2026-06-01 08:00:00+02:00,166.10898262180856,176.53
2026-06-01 08:15:00+02:00,145.96719839449767,165.41
2026-06-01 08:30:00+02:00,130.9306556746084,141.68
2026-06-01 08:45:00+02:00,112.13140197417596,123.24
2026-06-01 09:00:00+02:00,130.22310281717188,162.51
2026-06-01 09:15:00+02:00,115.11215744410764,138.13
2026-06-01 09:30:00+02:00,105.7324329280159,120.74
2026-06-01 09:45:00+02:00,101.41326671948576,111.42
2026-06-01 10:00:00+02:00,116.74766723777378,129.91
2026-06-01 10:15:00+02:00,93.49889525442362,115.9
2026-06-01 10:30:00+02:00,80.0250111796256,113.69
2026-06-01 10:45:00+02:00,66.37288310957366,111.14
2026-06-01 11:00:00+02:00,82.18136303142025,116.31
2026-06-01 11:15:00+02:00,82.08087236767345,111.36
2026-06-01 11:30:00+02:00,65.62162164581085,106.79
2026-06-01 11:45:00+02:00,54.750404287089204,98.11
2026-06-01 12:00:00+02:00,64.16805441690873,100.01
2026-06-01 12:15:00+02:00,55.840237663983956,93.33
2026-06-01 12:30:00+02:00,46.773683528118625,91.81
2026-06-01 12:45:00+02:00,49.65058286760469,87.18
2026-06-01 13:00:00+02:00,47.57562724982542,92.62
2026-06-01 13:15:00+02:00,51.66980863769336,92.21
2026-06-01 13:30:00+02:00,45.7930423849699,88.45
2026-06-01 13:45:00+02:00,37.433962016244585,86.35
2026-06-01 14:00:00+02:00,40.20390813192159,86.35
2026-06-01 14:15:00+02:00,43.88862593635642,86.95
2026-06-01 14:30:00+02:00,56.52267108271053,86.61
2026-06-01 14:45:00+02:00,63.00174210940054,89.88
2026-06-01 15:00:00+02:00,50.85317355262017,86.0
2026-06-01 15:15:00+02:00,55.06771572459947,92.59
2026-06-01 15:30:00+02:00,64.8751672651058,95.5
2026-06-01 15:45:00+02:00,67.84652840061102,106.3
2026-06-01 16:00:00+02:00,50.33401057760447,88.99
2026-06-01 16:15:00+02:00,74.91264633111446,99.53
2026-06-01 16:30:00+02:00,106.16189690110363,111.32
2026-06-01 16:45:00+02:00,123.57067160654215,127.1
2026-06-01 17:00:00+02:00,91.80816776557737,105.54
2026-06-01 17:15:00+02:00,113.88588014128464,113.63
2026-06-01 17:30:00+02:00,135.25676824741362,131.0
2026-06-01 17:45:00+02:00,148.81767989011036,150.8
2026-06-01 18:00:00+02:00,124.59558729605936,112.73
2026-06-01 18:15:00+02:00,139.17501570376035,128.46
2026-06-01 18:30:00+02:00,150.70560581117488,147.76
2026-06-01 18:45:00+02:00,172.96815172209338,176.88
2026-06-01 19:00:00+02:00,148.14594995577357,163.94
2026-06-01 19:15:00+02:00,162.05527280175335,186.99
2026-06-01 19:30:00+02:00,192.25589670005735,230.0
2026-06-01 19:45:00+02:00,245.3000457553835,325.52
2026-06-01 20:00:00+02:00,208.42555349446155,278.25
2026-06-01 20:15:00+02:00,208.91653788252808,340.48
2026-06-01 20:30:00+02:00,225.074489252629,380.0
2026-06-01 20:45:00+02:00,204.5466957043685,422.28
2026-06-01 21:00:00+02:00,217.5791437818365,399.91
2026-06-01 21:15:00+02:00,185.56504458082415,358.57
2026-06-01 21:30:00+02:00,177.93999305592325,311.36
2026-06-01 21:45:00+02:00,164.96173739072395,263.63
2026-06-01 22:00:00+02:00,184.65376061860428,311.97
2026-06-01 22:15:00+02:00,162.56537502929496,231.97
2026-06-01 22:30:00+02:00,156.34366159191225,186.32
2026-06-01 22:45:00+02:00,148.303209691092,159.75
2026-06-01 23:00:00+02:00,158.75151949851693,175.44
2026-06-01 23:15:00+02:00,151.52662214915074,164.6
2026-06-01 23:30:00+02:00,145.0933301549024,156.98
2026-06-01 23:45:00+02:00,137.68916586260752,147.08
2026-06-02 00:00:00+02:00,146.872544960059,151.73
2026-06-02 00:15:00+02:00,141.678420934446,142.16
2026-06-02 00:30:00+02:00,132.25404912020164,142.01
2026-06-02 00:45:00+02:00,125.56459252370075,132.36
2026-06-02 01:00:00+02:00,134.62507840280028,144.81
2026-06-02 01:15:00+02:00,126.73290054302237,131.77
2026-06-02 01:30:00+02:00,121.96298787186255,127.61
2026-06-02 01:45:00+02:00,117.6200180112144,122.7
2026-06-02 02:00:00+02:00,122.51568809552708,128.94
2026-06-02 02:15:00+02:00,116.28192628069466,124.98
2026-06-02 02:30:00+02:00,116.78854816859833,124.61
2026-06-02 02:45:00+02:00,115.91909795068528,121.81
2026-06-02 03:00:00+02:00,117.14794577827676,123.69
2026-06-02 03:15:00+02:00,117.97227979792054,120.71
2026-06-02 03:30:00+02:00,116.84866663619847,120.2
2026-06-02 03:45:00+02:00,118.4493814803305,119.06
2026-06-02 04:00:00+02:00,115.72137942077146,118.81
2026-06-02 04:15:00+02:00,117.41765738548986,119.01
2026-06-02 04:30:00+02:00,118.96970932151939,120.72
2026-06-02 04:45:00+02:00,121.71071825349362,123.97
2026-06-02 05:00:00+02:00,119.51763556604486,121.56
2026-06-02 05:15:00+02:00,118.90979633643032,122.36
2026-06-02 05:30:00+02:00,126.28245709083558,125.0
2026-06-02 05:45:00+02:00,129.51544309557556,127.94
2026-06-02 06:00:00+02:00,132.33240466008152,128.96
2026-06-02 06:15:00+02:00,137.55814722213302,135.76
2026-06-02 06:30:00+02:00,135.53439459123686,134.0
2026-06-02 06:45:00+02:00,131.0217188577607,125.39
2026-06-02 07:00:00+02:00,142.44942180706335,139.08
2026-06-02 07:15:00+02:00,136.23454264790618,132.96
2026-06-02 07:30:00+02:00,127.89643579673141,130.42
2026-06-02 07:45:00+02:00,118.15777589033839,124.72
2026-06-02 08:00:00+02:00,137.34727832057774,130.23
2026-06-02 08:15:00+02:00,123.89928702488949,127.02
2026-06-02 08:30:00+02:00,122.03007005515782,118.72
2026-06-02 08:45:00+02:00,105.93001200635727,108.36
2026-06-02 09:00:00+02:00,117.80043041645887,121.93
2026-06-02 09:15:00+02:00,102.08611684325886,108.09
2026-06-02 09:30:00+02:00,97.51910253044076,97.54
2026-06-02 09:45:00+02:00,80.06835457537066,94.08
2026-06-02 10:00:00+02:00,96.87140625928417,98.93
2026-06-02 10:15:00+02:00,70.38064779372232,93.24
2026-06-02 10:30:00+02:00,46.23957209972839,89.46
2026-06-02 10:45:00+02:00,20.78664422253611,80.43
2026-06-02 11:00:00+02:00,29.468269294880805,89.82
2026-06-02 11:15:00+02:00,32.59027678485511,86.05
2026-06-02 11:30:00+02:00,17.086761503989,82.77
2026-06-02 11:45:00+02:00,21.14698066174885,80.16
2026-06-02 12:00:00+02:00,19.321527782896023,79.76
2026-06-02 12:15:00+02:00,26.14564361754341,78.86
2026-06-02 12:30:00+02:00,23.819479344085902,79.41
2026-06-02 12:45:00+02:00,22.06911557918535,83.14
2026-06-02 13:00:00+02:00,20.67551497351194,80.09
2026-06-02 13:15:00+02:00,23.45475664502891,85.6
2026-06-02 13:30:00+02:00,31.040898970395382,86.52
2026-06-02 13:45:00+02:00,37.042517821549644,87.62
2026-06-02 14:00:00+02:00,38.63381592961593,84.91
2026-06-02 14:15:00+02:00,41.359282022336686,89.21
2026-06-02 14:30:00+02:00,27.647921488338515,92.5
2026-06-02 14:45:00+02:00,29.872645597007075,96.51
2026-06-02 15:00:00+02:00,45.65552626446965,91.88
2026-06-02 15:15:00+02:00,37.5054849358716,96.5
2026-06-02 15:30:00+02:00,47.018690713458284,101.83
2026-06-02 15:45:00+02:00,88.56658250006453,108.74
2026-06-02 16:00:00+02:00,53.881912476136556,101.25
2026-06-02 16:15:00+02:00,88.67485794046914,107.34
2026-06-02 16:30:00+02:00,102.58641482284513,114.32
2026-06-02 16:45:00+02:00,108.5592921589507,126.08
2026-06-02 17:00:00+02:00,106.51898720870466,120.58
2026-06-02 17:15:00+02:00,110.66719477987313,126.28
2026-06-02 17:30:00+02:00,125.94892304072964,134.06
2026-06-02 17:45:00+02:00,137.5597045851525,143.63
2026-06-02 18:00:00+02:00,124.66092730447453,135.46
2026-06-02 18:15:00+02:00,135.42922049113986,142.77
2026-06-02 18:30:00+02:00,143.7878005337953,148.72
2026-06-02 18:45:00+02:00,153.94786329511814,160.96
2026-06-02 19:00:00+02:00,142.47716076714715,156.0
2026-06-02 19:15:00+02:00,152.1631986001892,162.95
2026-06-02 19:30:00+02:00,162.57373898912957,175.18
2026-06-02 19:45:00+02:00,188.90738309292104,177.62
2026-06-02 20:00:00+02:00,176.83120829877274,176.93
2026-06-02 20:15:00+02:00,184.12383209275873,166.94
2026-06-02 20:30:00+02:00,200.39685479742326,164.29
2026-06-02 20:45:00+02:00,194.8441242566011,160.93
2026-06-02 21:00:00+02:00,202.70485407970602,165.28
2026-06-02 21:15:00+02:00,187.33052555348263,156.0
2026-06-02 21:30:00+02:00,170.42061529114704,149.03
2026-06-02 21:45:00+02:00,139.09620753622488,138.99
2026-06-02 22:00:00+02:00,168.48039939393033,146.13
2026-06-02 22:15:00+02:00,140.2486567909388,142.67
2026-06-02 22:30:00+02:00,130.5412558089781,137.94
2026-06-02 22:45:00+02:00,121.10480708898797,135.0
2026-06-02 23:00:00+02:00,124.94848338179803,137.09
2026-06-02 23:15:00+02:00,117.11425590517348,126.03
2026-06-02 23:30:00+02:00,111.85945924125146,124.79
2026-06-02 23:45:00+02:00,108.45748473410595,113.04
2026-06-03 00:00:00+02:00,133.4406597709054,119.1
2026-06-03 00:15:00+02:00,129.2524464057714,118.1
2026-06-03 00:30:00+02:00,123.83587681939461,115.01
2026-06-03 00:45:00+02:00,122.12814144720421,112.99
2026-06-03 01:00:00+02:00,121.9287542124115,115.01
2026-06-03 01:15:00+02:00,121.49728332555854,113.2
2026-06-03 01:30:00+02:00,119.87854869231802,111.1
2026-06-03 01:45:00+02:00,116.61100871232466,108.27
2026-06-03 02:00:00+02:00,121.50682173666998,109.75
2026-06-03 02:15:00+02:00,119.66621244947748,107.68
2026-06-03 02:30:00+02:00,117.89579768297054,107.76
2026-06-03 02:45:00+02:00,115.49461762831854,106.88
2026-06-03 03:00:00+02:00,116.89484706504157,107.5
2026-06-03 03:15:00+02:00,115.25905479961925,106.63
2026-06-03 03:30:00+02:00,114.7728742441715,106.73
2026-06-03 03:45:00+02:00,116.32130896738693,108.34
2026-06-03 04:00:00+02:00,114.76000697852963,106.52
2026-06-03 04:15:00+02:00,116.82448989206311,106.42
2026-06-03 04:30:00+02:00,117.10260069778478,107.68
2026-06-03 04:45:00+02:00,118.64542787236974,108.14
2026-06-03 05:00:00+02:00,115.8510798105957,108.29
2026-06-03 05:15:00+02:00,120.48309773013247,109.84
2026-06-03 05:30:00+02:00,122.39141492603238,113.69
2026-06-03 05:45:00+02:00,129.72541845423746,121.28
2026-06-03 06:00:00+02:00,125.99278514005853,127.34
2026-06-03 06:15:00+02:00,141.67748880564537,130.18
2026-06-03 06:30:00+02:00,149.55217997502837,132.23
2026-06-03 06:45:00+02:00,141.72632340755808,133.2
2026-06-03 07:00:00+02:00,154.2355483004516,144.42
2026-06-03 07:15:00+02:00,155.40290595738225,139.54
2026-06-03 07:30:00+02:00,148.44650996709177,134.02
2026-06-03 07:45:00+02:00,133.14828929260887,129.34
2026-06-03 08:00:00+02:00,153.4420335336606,146.41
2026-06-03 08:15:00+02:00,140.41827907336025,135.32
2026-06-03 08:30:00+02:00,132.42395097577725,129.27
2026-06-03 08:45:00+02:00,107.69204634186748,113.31
2026-06-03 09:00:00+02:00,134.9708605061513,133.27
2026-06-03 09:15:00+02:00,113.16885721749479,116.89
2026-06-03 09:30:00+02:00,107.46317126538867,106.27
2026-06-03 09:45:00+02:00,85.94607180291696,92.16
2026-06-03 10:00:00+02:00,108.80073496311438,103.2
2026-06-03 10:15:00+02:00,69.32873994713881,94.48
2026-06-03 10:30:00+02:00,43.49616730207416,92.93
2026-06-03 10:45:00+02:00,24.304510800492857,85.76
2026-06-03 11:00:00+02:00,32.652434042221856,89.95
2026-06-03 11:15:00+02:00,21.116823556843016,82.4
2026-06-03 11:30:00+02:00,25.1103134499489,82.04
2026-06-03 11:45:00+02:00,25.67831532225441,66.6
2026-06-03 12:00:00+02:00,22.533906042201597,77.52
2026-06-03 12:15:00+02:00,32.75753697297637,65.0
2026-06-03 12:30:00+02:00,33.626573827224476,52.37
2026-06-03 12:45:00+02:00,26.707634327315382,37.79
2026-06-03 13:00:00+02:00,33.05976485512457,50.09
2026-06-03 13:15:00+02:00,32.11851545576456,40.0
2026-06-03 13:30:00+02:00,31.005449422363068,35.35
2026-06-03 13:45:00+02:00,28.66913387547389,25.89
2026-06-03 14:00:00+02:00,25.246647158576806,29.21
2026-06-03 14:15:00+02:00,33.45393200752252,36.06
2026-06-03 14:30:00+02:00,39.73488987560419,37.88
2026-06-03 14:45:00+02:00,33.158512950708804,49.02
2026-06-03 15:00:00+02:00,30.93007600023089,29.38
2026-06-03 15:15:00+02:00,38.30053980900431,44.81
2026-06-03 15:30:00+02:00,51.933879794246465,48.75
2026-06-03 15:45:00+02:00,58.53400248564942,65.46
2026-06-03 16:00:00+02:00,23.602140894773093,44.72
2026-06-03 16:15:00+02:00,65.84042096227581,70.98
2026-06-03 16:30:00+02:00,84.72232062544025,84.14
2026-06-03 16:45:00+02:00,95.88607980390708,107.76
2026-06-03 17:00:00+02:00,74.0372252818141,67.87
2026-06-03 17:15:00+02:00,100.9894451775546,85.98
2026-06-03 17:30:00+02:00,109.7057600109056,106.37
2026-06-03 17:45:00+02:00,126.18930199459926,121.91
2026-06-03 18:00:00+02:00,111.26664795649802,103.26
2026-06-03 18:15:00+02:00,126.4910847634844,115.96
2026-06-03 18:30:00+02:00,137.5251053406446,130.81
2026-06-03 18:45:00+02:00,148.96822732133998,138.72
2026-06-03 19:00:00+02:00,138.0341703723373,125.93
2026-06-03 19:15:00+02:00,146.46918023602487,131.81
2026-06-03 19:30:00+02:00,165.50932134267458,141.58
2026-06-03 19:45:00+02:00,167.60507366124497,154.15
2026-06-03 20:00:00+02:00,164.01986921101414,146.5
2026-06-03 20:15:00+02:00,159.28204631963328,147.84
2026-06-03 20:30:00+02:00,169.57930768750373,145.29
2026-06-03 20:45:00+02:00,186.71262731550024,145.32
2026-06-03 21:00:00+02:00,172.52298016571302,149.96
2026-06-03 21:15:00+02:00,172.75486548575643,137.08
2026-06-03 21:30:00+02:00,166.12441122094188,127.64
2026-06-03 21:45:00+02:00,143.58205464025386,119.0
2026-06-03 22:00:00+02:00,156.51851351608016,136.0
2026-06-03 22:15:00+02:00,147.97918030354992,124.67
2026-06-03 22:30:00+02:00,142.148244327243,117.73
2026-06-03 22:45:00+02:00,132.0396757511353,105.41
2026-06-03 23:00:00+02:00,141.58722067478357,113.09
2026-06-03 23:15:00+02:00,129.01679944422213,103.13
2026-06-03 23:30:00+02:00,124.35809818068148,99.0
2026-06-03 23:45:00+02:00,116.90979734627875,82.41
2026-06-04 00:00:00+02:00,119.38615461234363,100.55
2026-06-04 00:15:00+02:00,108.53321388699842,90.2
2026-06-04 00:30:00+02:00,93.06170457920166,85.64
2026-06-04 00:45:00+02:00,91.71310075022015,68.43
2026-06-04 01:00:00+02:00,97.55590344154123,80.46
2026-06-04 01:15:00+02:00,94.01227726499246,79.81
2026-06-04 01:30:00+02:00,87.94897017861034,73.25
2026-06-04 01:45:00+02:00,91.70257611754434,68.43
2026-06-04 02:00:00+02:00,91.2029219057393,68.67
2026-06-04 02:15:00+02:00,85.12235159185833,68.7
2026-06-04 02:30:00+02:00,84.58846258508795,67.06
2026-06-04 02:45:00+02:00,85.49156226097571,63.25
2026-06-04 03:00:00+02:00,84.75637284054758,68.4
2026-06-04 03:15:00+02:00,85.5566789889811,65.82
2026-06-04 03:30:00+02:00,83.44852623896027,66.98
2026-06-04 03:45:00+02:00,77.94332088501511,68.69
2026-06-04 04:00:00+02:00,82.41025650168072,66.49
2026-06-04 04:15:00+02:00,86.40259895669767,66.2
2026-06-04 04:30:00+02:00,80.96553579982609,66.17
2026-06-04 04:45:00+02:00,86.82131123280854,74.31
2026-06-04 05:00:00+02:00,75.81713511760282,68.61
2026-06-04 05:15:00+02:00,74.60840562728744,69.99
2026-06-04 05:30:00+02:00,89.16921369203997,74.14
2026-06-04 05:45:00+02:00,93.35250885364101,72.0
2026-06-04 06:00:00+02:00,99.10102418356483,71.72
2026-06-04 06:15:00+02:00,100.54972629901508,75.89
2026-06-04 06:30:00+02:00,106.9517359631771,76.75
2026-06-04 06:45:00+02:00,100.24354258658653,71.52
2026-06-04 07:00:00+02:00,97.19091384447366,94.03
2026-06-04 07:15:00+02:00,97.18385212487715,91.05
2026-06-04 07:30:00+02:00,96.29320794254409,84.51
2026-06-04 07:45:00+02:00,74.05303686859452,78.73
2026-06-04 08:00:00+02:00,88.86662972469172,102.37
2026-06-04 08:15:00+02:00,95.42627931336808,85.14
2026-06-04 08:30:00+02:00,78.79406356314894,69.15
2026-06-04 08:45:00+02:00,53.42651130667766,45.82
2026-06-04 09:00:00+02:00,97.97986950285403,62.4
2026-06-04 09:15:00+02:00,58.06829440632622,43.8
2026-06-04 09:30:00+02:00,41.45472334832774,20.54
2026-06-04 09:45:00+02:00,14.210535776799937,9.76
2026-06-04 10:00:00+02:00,22.46392460849458,14.14
2026-06-04 10:15:00+02:00,20.29106144680052,5.0
2026-06-04 10:30:00+02:00,23.943690931225703,0.02
2026-06-04 10:45:00+02:00,9.660772410256339,0.0
2026-06-04 11:00:00+02:00,13.89298276156104,0.0
2026-06-04 11:15:00+02:00,20.60258067689542,0.0
2026-06-04 11:30:00+02:00,7.531038927299663,0.0
2026-06-04 11:45:00+02:00,1.1761405368865745,-0.01
2026-06-04 12:00:00+02:00,10.494743517770104,-0.01
2026-06-04 12:15:00+02:00,-2.0724736705504694,-0.03
2026-06-04 12:30:00+02:00,-8.61203739269899,-0.03
2026-06-04 12:45:00+02:00,-9.527320630393701,-0.03
2026-06-04 13:00:00+02:00,-3.752960461378737,-0.03
2026-06-04 13:15:00+02:00,-15.527397168686003,-0.05
2026-06-04 13:30:00+02:00,-22.463640512859268,-0.03
2026-06-04 13:45:00+02:00,-20.663610649086902,-0.08
2026-06-04 14:00:00+02:00,-22.32569314833794,-0.04
2026-06-04 14:15:00+02:00,-13.415989606406116,-0.05
2026-06-04 14:30:00+02:00,-8.590304976532684,-0.04
2026-06-04 14:45:00+02:00,-2.615615795754225,-0.01
2026-06-04 15:00:00+02:00,-7.4506937631345505,-0.01
2026-06-04 15:15:00+02:00,-1.9188634501841912,0.0
2026-06-04 15:30:00+02:00,1.425613179491874,0.03
2026-06-04 15:45:00+02:00,16.20986725201783,6.45
2026-06-04 16:00:00+02:00,12.915846190991733,6.3
2026-06-04 16:15:00+02:00,22.459834153016097,14.67
2026-06-04 16:30:00+02:00,34.38466915958705,34.98
2026-06-04 16:45:00+02:00,34.67291592916327,58.6
2026-06-04 17:00:00+02:00,43.629087775634545,37.06
2026-06-04 17:15:00+02:00,49.492207596895476,60.69
2026-06-04 17:30:00+02:00,89.82889835819162,84.13
2026-06-04 17:45:00+02:00,81.19981079238246,98.73
2026-06-04 18:00:00+02:00,77.00717742924294,74.4
2026-06-04 18:15:00+02:00,82.59271583534604,96.81
2026-06-04 18:30:00+02:00,99.0291134438014,117.51
2026-06-04 18:45:00+02:00,103.9133983377677,117.29
2026-06-04 19:00:00+02:00,109.00422427763951,105.01
2026-06-04 19:15:00+02:00,110.95965586628041,112.28
2026-06-04 19:30:00+02:00,119.5476191012238,117.62
2026-06-04 19:45:00+02:00,134.86747324082464,121.75
2026-06-04 20:00:00+02:00,118.56804195155898,114.27
2026-06-04 20:15:00+02:00,132.13169216416728,117.46
2026-06-04 20:30:00+02:00,135.95999707949036,119.56
2026-06-04 20:45:00+02:00,155.74549705016133,120.56
2026-06-04 21:00:00+02:00,155.94176664458337,115.92
2026-06-04 21:15:00+02:00,155.28413879032252,116.36
2026-06-04 21:30:00+02:00,139.49416606552407,115.6
2026-06-04 21:45:00+02:00,119.71211207091423,113.61
2026-06-04 22:00:00+02:00,132.0786150351968,115.96
2026-06-04 22:15:00+02:00,124.6016154931126,112.12
2026-06-04 22:30:00+02:00,97.7972533050637,111.68
2026-06-04 22:45:00+02:00,79.30886752944193,107.0
2026-06-04 23:00:00+02:00,100.99644801397002,107.24
2026-06-04 23:15:00+02:00,85.04447165946229,103.44
2026-06-04 23:30:00+02:00,70.68246744484946,99.31
2026-06-04 23:45:00+02:00,67.32800323845316,90.21
2026-06-05 00:00:00+02:00,95.79035379985996,93.68
2026-06-05 00:15:00+02:00,79.93661052753131,80.73
2026-06-05 00:30:00+02:00,79.54397341418499,75.07
2026-06-05 00:45:00+02:00,71.27161170352238,73.3
2026-06-05 01:00:00+02:00,83.07715311268626,82.11
2026-06-05 01:15:00+02:00,77.1845177279092,79.21
2026-06-05 01:30:00+02:00,80.19688100816919,80.74
2026-06-05 01:45:00+02:00,75.31906994303193,75.73
2026-06-05 02:00:00+02:00,80.58038083564388,72.52
2026-06-05 02:15:00+02:00,79.62624459137386,83.38
2026-06-05 02:30:00+02:00,78.71309612775842,86.5
2026-06-05 02:45:00+02:00,72.60345570594873,91.39
2026-06-05 03:00:00+02:00,78.89914272244965,92.14
2026-06-05 03:15:00+02:00,73.14436110433138,84.15
2026-06-05 03:30:00+02:00,75.34171543704096,82.8
2026-06-05 03:45:00+02:00,72.88830852408331,81.01
2026-06-05 04:00:00+02:00,68.95060271837167,80.9
2026-06-05 04:15:00+02:00,67.66091281527656,86.8
2026-06-05 04:30:00+02:00,72.04684063985806,91.81
2026-06-05 04:45:00+02:00,75.49680928294542,99.82
2026-06-05 05:00:00+02:00,65.69912758618082,90.54
2026-06-05 05:15:00+02:00,69.28895562355873,93.1
2026-06-05 05:30:00+02:00,77.8379398702385,96.86
2026-06-05 05:45:00+02:00,87.35904555360518,108.53
2026-06-05 06:00:00+02:00,88.10047022055541,113.46
2026-06-05 06:15:00+02:00,92.08221460767686,115.75
2026-06-05 06:30:00+02:00,102.18774807268636,115.26
2026-06-05 06:45:00+02:00,95.91021681203102,115.12
2026-06-05 07:00:00+02:00,95.5644448054664,126.11
2026-06-05 07:15:00+02:00,96.61821604202461,119.28
2026-06-05 07:30:00+02:00,91.47757925074637,116.72
2026-06-05 07:45:00+02:00,86.46263211264204,112.36
2026-06-05 08:00:00+02:00,103.6231196688529,121.68
2026-06-05 08:15:00+02:00,96.73917518437153,114.66
2026-06-05 08:30:00+02:00,81.45217019631906,113.24
2026-06-05 08:45:00+02:00,62.751624559535344,105.69
2026-06-05 09:00:00+02:00,26.820017807185565,117.16
2026-06-05 09:15:00+02:00,65.71383722713355,110.51
2026-06-05 09:30:00+02:00,39.23160846588395,92.0
2026-06-05 09:45:00+02:00,23.543390175552297,73.53
2026-06-05 10:00:00+02:00,35.416023739583686,105.08
2026-06-05 10:15:00+02:00,13.316066184374428,92.64
2026-06-05 10:30:00+02:00,3.041902831370628,75.66
2026-06-05 10:45:00+02:00,-3.94743051021495,71.08
2026-06-05 11:00:00+02:00,-5.407708473038525,81.91
2026-06-05 11:15:00+02:00,-8.34552480475346,77.47
2026-06-05 11:30:00+02:00,-1.9593357952421537,64.78
2026-06-05 11:45:00+02:00,-7.138688464008292,59.14
2026-06-05 12:00:00+02:00,-2.633148967596145,59.03
2026-06-05 12:15:00+02:00,1.0611210715446036,45.78
2026-06-05 12:30:00+02:00,-1.7105840792202127,40.03
2026-06-05 12:45:00+02:00,3.442180220737843,35.98
2026-06-05 13:00:00+02:00,-3.215114652029912,42.04
2026-06-05 13:15:00+02:00,0.8811611352924501,36.35
2026-06-05 13:30:00+02:00,-1.9770468805804309,33.73
2026-06-05 13:45:00+02:00,5.430499172638761,24.59
2026-06-05 14:00:00+02:00,2.205348552762173,25.47
2026-06-05 14:15:00+02:00,1.387194463881391,24.71
2026-06-05 14:30:00+02:00,1.4553752381209015,27.23
2026-06-05 14:45:00+02:00,-3.366859335787223,31.39
2026-06-05 15:00:00+02:00,-0.22925950990843796,16.0
2026-06-05 15:15:00+02:00,-6.5205194949015866,27.6
2026-06-05 15:30:00+02:00,8.670560516221727,44.96
2026-06-05 15:45:00+02:00,19.23117910752011,63.48
2026-06-05 16:00:00+02:00,16.015429763780443,45.97
2026-06-05 16:15:00+02:00,41.63414169514363,61.26
2026-06-05 16:30:00+02:00,61.432512061986294,79.43
2026-06-05 16:45:00+02:00,85.1967148923488,103.56
2026-06-05 17:00:00+02:00,51.060078318768774,72.27
2026-06-05 17:15:00+02:00,79.15464274789821,97.16
2026-06-05 17:30:00+02:00,98.46438203903115,114.99
2026-06-05 17:45:00+02:00,122.4391500887709,132.59
2026-06-05 18:00:00+02:00,96.56795136578674,100.54
2026-06-05 18:15:00+02:00,112.4812228810499,120.66
2026-06-05 18:30:00+02:00,139.35116919276544,137.23
2026-06-05 18:45:00+02:00,150.6943479477626,157.18
2026-06-05 19:00:00+02:00,134.11439022488435,127.08
2026-06-05 19:15:00+02:00,142.51386178406554,144.3
2026-06-05 19:30:00+02:00,157.83962213169278,158.07
2026-06-05 19:45:00+02:00,169.23612975496007,172.54
2026-06-05 20:00:00+02:00,176.75311812390075,164.88
2026-06-05 20:15:00+02:00,173.4618445602385,172.4
2026-06-05 20:30:00+02:00,180.79700160734188,189.02
2026-06-05 20:45:00+02:00,180.4958840304627,190.01
2026-06-05 21:00:00+02:00,198.40270277738378,194.72
2026-06-05 21:15:00+02:00,198.17147302682974,192.47
2026-06-05 21:30:00+02:00,186.63171615719435,189.89
2026-06-05 21:45:00+02:00,161.5439039037507,180.34
2026-06-05 22:00:00+02:00,187.2404950294216,182.58
2026-06-05 22:15:00+02:00,160.17042276981917,170.99
2026-06-05 22:30:00+02:00,148.29677802254147,164.24
2026-06-05 22:45:00+02:00,138.65593921127865,158.73
2026-06-05 23:00:00+02:00,155.31642124716288,163.75
2026-06-05 23:15:00+02:00,142.78236123045895,153.92
2026-06-05 23:30:00+02:00,136.50807373802525,148.58
2026-06-05 23:45:00+02:00,130.54967453220794,141.99
2026-06-06 00:00:00+02:00,147.9756943354094,164.04
2026-06-06 00:15:00+02:00,141.81279569304735,151.18
2026-06-06 00:30:00+02:00,135.25391488196533,144.01
2026-06-06 00:45:00+02:00,129.40561620180713,133.74
2026-06-06 01:00:00+02:00,139.70701108603447,139.9
2026-06-06 01:15:00+02:00,130.73388075929054,136.51
2026-06-06 01:30:00+02:00,126.18885560822616,134.8
2026-06-06 01:45:00+02:00,122.90562640918266,137.51
2026-06-06 02:00:00+02:00,127.28115773059191,139.42
2026-06-06 02:15:00+02:00,126.0439975460539,137.01
2026-06-06 02:30:00+02:00,127.36280938108516,131.54
2026-06-06 02:45:00+02:00,123.637311605208,131.19
2026-06-06 03:00:00+02:00,122.99574091351795,118.94
2026-06-06 03:15:00+02:00,122.42904670474215,116.17
2026-06-06 03:30:00+02:00,121.68047459474828,115.39
2026-06-06 03:45:00+02:00,122.35255858223769,114.17
2026-06-06 04:00:00+02:00,118.70742836307907,129.47
2026-06-06 04:15:00+02:00,119.60153330590896,130.76
2026-06-06 04:30:00+02:00,122.4551641115481,130.55
2026-06-06 04:45:00+02:00,123.24306955101754,129.95
2026-06-06 05:00:00+02:00,122.0011885593725,133.54
2026-06-06 05:15:00+02:00,121.99483764234122,127.2
2026-06-06 05:30:00+02:00,123.67767926974362,123.49
2026-06-06 05:45:00+02:00,119.85316109759582,119.91
2026-06-06 06:00:00+02:00,130.23927960812995,124.73
2026-06-06 06:15:00+02:00,128.3909445057453,121.26
2026-06-06 06:30:00+02:00,121.3138695101139,116.52
2026-06-06 06:45:00+02:00,108.93344057811828,108.25
2026-06-06 07:00:00+02:00,117.44945053692369,122.79
2026-06-06 07:15:00+02:00,109.16000167064618,112.3
2026-06-06 07:30:00+02:00,104.69897129569276,97.37
2026-06-06 07:45:00+02:00,88.91855617160576,76.8
2026-06-06 08:00:00+02:00,122.3265179792149,105.97
2026-06-06 08:15:00+02:00,99.44412123763735,92.21
2026-06-06 08:30:00+02:00,90.06229567964964,72.06
2026-06-06 08:45:00+02:00,68.53587667274915,53.83
2026-06-06 09:00:00+02:00,112.96958016545095,69.14
2026-06-06 09:15:00+02:00,62.475070230047656,52.81
2026-06-06 09:30:00+02:00,33.018785355799025,52.14
2026-06-06 09:45:00+02:00,24.2675119548368,25.91
2026-06-06 10:00:00+02:00,29.040532791323145,31.42
2026-06-06 10:15:00+02:00,12.66962397674677,18.43
2026-06-06 10:30:00+02:00,5.943275272199486,9.11
2026-06-06 10:45:00+02:00,8.161945130408627,0.01
2026-06-06 11:00:00+02:00,14.182476996794097,0.07
2026-06-06 11:15:00+02:00,2.892602257478977,0.03
2026-06-06 11:30:00+02:00,0.43702599622488014,0.03
2026-06-06 11:45:00+02:00,5.459619915630968,0.0
2026-06-06 12:00:00+02:00,4.813364685456541,0.0
2026-06-06 12:15:00+02:00,7.923774963739545,-0.03
2026-06-06 12:30:00+02:00,9.833879881268928,-0.03
2026-06-06 12:45:00+02:00,6.238123113244225,-0.06
2026-06-06 13:00:00+02:00,0.39011052041862965,-0.01
2026-06-06 13:15:00+02:00,3.5428738096900907,-0.02
2026-06-06 13:30:00+02:00,4.148011749562258,-0.04
2026-06-06 13:45:00+02:00,5.260134165384593,-0.03
2026-06-06 14:00:00+02:00,4.460682680505144,-0.03
2026-06-06 14:15:00+02:00,9.355764542071727,0.0
2026-06-06 14:30:00+02:00,12.161453181825546,0.03
2026-06-06 14:45:00+02:00,16.476634776366986,0.09
2026-06-06 15:00:00+02:00,10.24783805596839,1.79
2026-06-06 15:15:00+02:00,16.247633050113322,6.42
2026-06-06 15:30:00+02:00,35.63464623287914,8.94
2026-06-06 15:45:00+02:00,54.90644544641391,20.89
2026-06-06 16:00:00+02:00,22.291451035988963,12.21
2026-06-06 16:15:00+02:00,44.76293420247342,42.0
2026-06-06 16:30:00+02:00,69.59425963191374,57.41
2026-06-06 16:45:00+02:00,93.86525693384036,72.8
2026-06-06 17:00:00+02:00,63.69860979534317,63.72
2026-06-06 17:15:00+02:00,94.7746439035615,82.05
2026-06-06 17:30:00+02:00,118.50858037473911,102.37
2026-06-06 17:45:00+02:00,131.1304562849594,124.99
2026-06-06 18:00:00+02:00,117.90126988717778,110.99
2026-06-06 18:15:00+02:00,123.37836869125182,119.7
2026-06-06 18:30:00+02:00,132.5406905284148,129.43
2026-06-06 18:45:00+02:00,157.4830041576893,127.03
2026-06-06 19:00:00+02:00,125.878745999377,122.95
2026-06-06 19:15:00+02:00,136.3975705073039,130.67
2026-06-06 19:30:00+02:00,153.4283568482748,134.25
2026-06-06 19:45:00+02:00,165.47617690335267,147.53
2026-06-06 20:00:00+02:00,154.03973345775594,145.67
2026-06-06 20:15:00+02:00,159.10420885258515,148.98
2026-06-06 20:30:00+02:00,172.16497974486458,156.97
2026-06-06 20:45:00+02:00,164.42192971281438,158.11
2026-06-06 21:00:00+02:00,178.03145249323146,162.35
2026-06-06 21:15:00+02:00,159.91295224454444,154.29
2026-06-06 21:30:00+02:00,145.92618643359998,145.11
2026-06-06 21:45:00+02:00,149.47543983580465,141.94
2026-06-06 22:00:00+02:00,152.41713872506597,147.03
2026-06-06 22:15:00+02:00,156.30908076836664,136.95
2026-06-06 22:30:00+02:00,148.13421703962206,130.78
2026-06-06 22:45:00+02:00,134.89141591324156,122.55
2026-06-06 23:00:00+02:00,143.22055651105782,127.47
2026-06-06 23:15:00+02:00,135.09874845828813,124.34
2026-06-06 23:30:00+02:00,127.44425328573142,120.07
2026-06-06 23:45:00+02:00,120.14625813497977,114.29
2026-06-07 00:00:00+02:00,131.47589762806723,120.63
2026-06-07 00:15:00+02:00,121.71509402001057,109.22
2026-06-07 00:30:00+02:00,120.30062921669726,107.6
2026-06-07 00:45:00+02:00,117.68566633850651,105.35
2026-06-07 01:00:00+02:00,121.54778776275619,105.73
2026-06-07 01:15:00+02:00,119.71923675083087,101.59
2026-06-07 01:30:00+02:00,113.28128029588598,98.78
2026-06-07 01:45:00+02:00,114.00179316661631,91.95
2026-06-07 02:00:00+02:00,115.83944698842414,99.52
2026-06-07 02:15:00+02:00,117.106744410255,93.24
2026-06-07 02:30:00+02:00,114.0551007688812,92.05
2026-06-07 02:45:00+02:00,111.6968812665497,84.02
2026-06-07 03:00:00+02:00,112.02775447632041,91.73
2026-06-07 03:15:00+02:00,110.64429193052622,83.25
2026-06-07 03:30:00+02:00,108.7619737302817,79.8
2026-06-07 03:45:00+02:00,109.10013870453571,70.88
2026-06-07 04:00:00+02:00,110.76091616544089,75.03
2026-06-07 04:15:00+02:00,109.61102767406479,69.81
2026-06-07 04:30:00+02:00,105.66990473933217,65.21
2026-06-07 04:45:00+02:00,102.26710611952345,58.0
2026-06-07 05:00:00+02:00,107.99178148462215,60.74
2026-06-07 05:15:00+02:00,101.34340715075665,47.92
2026-06-07 05:30:00+02:00,102.88277781009451,36.9
2026-06-07 05:45:00+02:00,100.96896035661571,11.28
2026-06-07 06:00:00+02:00,105.7747898315806,8.55
2026-06-07 06:15:00+02:00,103.30551573722946,5.11
2026-06-07 06:30:00+02:00,104.32719243279922,4.43
2026-06-07 06:45:00+02:00,97.53485532554672,2.1
2026-06-07 07:00:00+02:00,121.13236213805487,1.84
2026-06-07 07:15:00+02:00,108.28472383886083,0.01
2026-06-07 07:30:00+02:00,93.44257863528327,0.0
2026-06-07 07:45:00+02:00,64.42053670866163,-0.01
2026-06-07 08:00:00+02:00,80.90554449579305,-0.01
2026-06-07 08:15:00+02:00,55.98526129396956,-0.05
2026-06-07 08:30:00+02:00,43.42907834422475,-0.11
2026-06-07 08:45:00+02:00,42.716750266360094,-2.04
2026-06-07 09:00:00+02:00,37.48092077314901,-1.3
2026-06-07 09:15:00+02:00,24.98651523871024,-3.4
2026-06-07 09:30:00+02:00,8.636934917335338,-5.5
2026-06-07 09:45:00+02:00,7.982510796048345,-10.0
2026-06-07 10:00:00+02:00,10.747597467396531,-4.99
2026-06-07 10:15:00+02:00,11.358663560659622,-5.46
2026-06-07 10:30:00+02:00,2.9415060896954444,-9.88
2026-06-07 10:45:00+02:00,-2.912449007041989,-11.67
2026-06-07 11:00:00+02:00,1.3446798801419622,-12.74
2026-06-07 11:15:00+02:00,-6.700156603752335,-14.6
2026-06-07 11:30:00+02:00,-12.48113460655994,-14.3
2026-06-07 11:45:00+02:00,-10.874407333911158,-14.57
2026-06-07 12:00:00+02:00,-9.931251145113968,-14.99
2026-06-07 12:15:00+02:00,-14.392951357362923,-19.0
2026-06-07 12:30:00+02:00,-15.589337294911212,-19.0
2026-06-07 12:45:00+02:00,-15.580938545630362,-20.06
2026-06-07 13:00:00+02:00,-16.806827621685844,-23.4
2026-06-07 13:15:00+02:00,-20.21278597110499,-29.99
2026-06-07 13:30:00+02:00,-24.344530308187778,-40.11
2026-06-07 13:45:00+02:00,-26.10641826613642,-50.25
2026-06-07 14:00:00+02:00,-23.26352272917794,-44.03
2026-06-07 14:15:00+02:00,-23.73336146293473,-45.43
2026-06-07 14:30:00+02:00,-20.660289888410965,-44.45
2026-06-07 14:45:00+02:00,-18.147431260416248,-45.04
2026-06-07 15:00:00+02:00,-19.12600217064802,-50.07
2026-06-07 15:15:00+02:00,-12.582165359314946,-40.16
2026-06-07 15:30:00+02:00,-0.27896370745985344,-31.78
2026-06-07 15:45:00+02:00,4.884856950172917,-23.87
2026-06-07 16:00:00+02:00,8.43526359245321,-28.06
2026-06-07 16:15:00+02:00,18.290723428280486,-17.95
2026-06-07 16:30:00+02:00,23.53588830703022,-12.79
2026-06-07 16:45:00+02:00,33.47133554383218,-5.04
2026-06-07 17:00:00+02:00,27.621775693272944,-3.42
2026-06-07 17:15:00+02:00,36.88436610212858,-1.0
2026-06-07 17:30:00+02:00,85.57758266358263,-0.11
2026-06-07 17:45:00+02:00,97.19502574389142,-0.01
2026-06-07 18:00:00+02:00,66.47213913518941,0.05
2026-06-07 18:15:00+02:00,88.12596715293512,21.29
2026-06-07 18:30:00+02:00,109.30297068474924,77.19
2026-06-07 18:45:00+02:00,113.61568748696192,115.97
2026-06-07 19:00:00+02:00,102.70412981968116,78.62
2026-06-07 19:15:00+02:00,112.98133092961723,107.43
2026-06-07 19:30:00+02:00,124.62741701300368,120.23
2026-06-07 19:45:00+02:00,126.15760815742351,125.73
2026-06-07 20:00:00+02:00,129.94171756168248,123.11
2026-06-07 20:15:00+02:00,128.16935433108773,125.62
2026-06-07 20:30:00+02:00,132.4123850297973,129.28
2026-06-07 20:45:00+02:00,148.84528050738842,135.06
2026-06-07 21:00:00+02:00,134.28483852615187,133.35
2026-06-07 21:15:00+02:00,142.00755781853215,134.88
2026-06-07 21:30:00+02:00,145.41758267698407,139.38
2026-06-07 21:45:00+02:00,148.58124301292347,140.94
2026-06-07 22:00:00+02:00,150.92935443605495,146.12
2026-06-07 22:15:00+02:00,149.76873824965924,143.25
2026-06-07 22:30:00+02:00,142.9803855934149,138.78
2026-06-07 22:45:00+02:00,142.7993795322918,136.6
2026-06-07 23:00:00+02:00,136.1328572200089,148.73
2026-06-07 23:15:00+02:00,134.93222752891,137.92
2026-06-07 23:30:00+02:00,132.67213846623125,135.47
2026-06-07 23:45:00+02:00,132.68777190748187,139.25
2026-06-08 00:00:00+02:00,140.41727600098898,152.12
2026-06-08 00:15:00+02:00,136.56470556810515,139.2
2026-06-08 00:30:00+02:00,134.43977216160087,136.32
2026-06-08 00:45:00+02:00,130.3774566098019,134.08
2026-06-08 01:00:00+02:00,131.29512100358613,140.09
2026-06-08 01:15:00+02:00,128.4741906218321,134.23
2026-06-08 01:30:00+02:00,125.23818922258074,132.69
2026-06-08 01:45:00+02:00,123.86994090519741,129.94
2026-06-08 02:00:00+02:00,129.68885571526377,134.52
2026-06-08 02:15:00+02:00,129.16929680368034,131.97
2026-06-08 02:30:00+02:00,126.79939332642897,131.93
2026-06-08 02:45:00+02:00,124.30774048837955,132.42
2026-06-08 03:00:00+02:00,120.14046869352109,128.87
2026-06-08 03:15:00+02:00,119.29505848512636,127.73
2026-06-08 03:30:00+02:00,120.44076915003134,126.34
2026-06-08 03:45:00+02:00,120.45655266583329,127.74
2026-06-08 04:00:00+02:00,121.81964534165827,129.23
2026-06-08 04:15:00+02:00,121.62368268661513,129.0
2026-06-08 04:30:00+02:00,123.68915563501012,129.0
2026-06-08 04:45:00+02:00,127.03325663226255,133.47
2026-06-08 05:00:00+02:00,123.47321746446879,131.9
2026-06-08 05:15:00+02:00,127.68218725222977,133.49
2026-06-08 05:30:00+02:00,129.37830922759116,141.09
2026-06-08 05:45:00+02:00,136.6736669298843,147.77
2026-06-08 06:00:00+02:00,138.04847990052912,152.24
2026-06-08 06:15:00+02:00,148.4850243956209,153.8
2026-06-08 06:30:00+02:00,149.96634494441543,152.07
2026-06-08 06:45:00+02:00,150.15839581160375,144.59
2026-06-08 07:00:00+02:00,166.7198581939245,165.74
2026-06-08 07:15:00+02:00,151.27606094289277,147.88
2026-06-08 07:30:00+02:00,138.8442560815634,140.5
2026-06-08 07:45:00+02:00,123.593242366441,128.58
2026-06-08 08:00:00+02:00,148.92164762367193,144.92
2026-06-08 08:15:00+02:00,127.62898386431601,130.06
2026-06-08 08:30:00+02:00,117.71747459741538,119.11
2026-06-08 08:45:00+02:00,94.42024001406884,105.41
2026-06-08 09:00:00+02:00,127.14992902613929,117.05
2026-06-08 09:15:00+02:00,99.08246228113863,106.56
2026-06-08 09:30:00+02:00,86.21727476569012,97.93
2026-06-08 09:45:00+02:00,52.86267796121827,82.07
2026-06-08 10:00:00+02:00,62.651726104955316,95.08
2026-06-08 10:15:00+02:00,35.15980117495299,82.99
2026-06-08 10:30:00+02:00,35.315677965850206,69.55
2026-06-08 10:45:00+02:00,35.572818626272266,56.04
2026-06-08 11:00:00+02:00,40.56156666447796,68.38
2026-06-08 11:15:00+02:00,28.719990844549535,60.43
2026-06-08 11:30:00+02:00,22.818508279404863,50.06
2026-06-08 11:45:00+02:00,17.553205329082093,43.7
2026-06-08 12:00:00+02:00,33.10342357665871,59.69
2026-06-08 12:15:00+02:00,21.95607694230123,54.85
2026-06-08 12:30:00+02:00,18.362455779544966,52.22
2026-06-08 12:45:00+02:00,16.689115248362963,51.17
2026-06-08 13:00:00+02:00,12.700366871434179,55.1
2026-06-08 13:15:00+02:00,24.5962305966279,54.67
2026-06-08 13:30:00+02:00,26.788448174700154,54.84
2026-06-08 13:45:00+02:00,8.44929920738379,56.26
2026-06-08 14:00:00+02:00,10.200611923237417,52.17
2026-06-08 14:15:00+02:00,9.256152301815344,62.51
2026-06-08 14:30:00+02:00,10.365204580238471,77.46
2026-06-08 14:45:00+02:00,14.802442067021374,82.54
2026-06-08 15:00:00+02:00,15.337979408332366,75.29
2026-06-08 15:15:00+02:00,34.0946109790948,81.81
2026-06-08 15:30:00+02:00,56.43497807842686,91.3
2026-06-08 15:45:00+02:00,80.44974268960348,107.01
2026-06-08 16:00:00+02:00,43.32078278333374,86.11
2026-06-08 16:15:00+02:00,68.70326473806001,98.68
2026-06-08 16:30:00+02:00,97.03381466643732,107.51
2026-06-08 16:45:00+02:00,98.30688980305881,118.02
2026-06-08 17:00:00+02:00,86.6739547264129,109.67
2026-06-08 17:15:00+02:00,89.69998259716355,119.72
2026-06-08 17:30:00+02:00,119.80017523635154,131.9
2026-06-08 17:45:00+02:00,133.5114807937397,154.21
2026-06-08 18:00:00+02:00,108.88478703560413,129.18
2026-06-08 18:15:00+02:00,126.17203658640247,138.97
2026-06-08 18:30:00+02:00,140.26023572179696,155.26
2026-06-08 18:45:00+02:00,151.25160288408708,181.91
2026-06-08 19:00:00+02:00,143.5699588406075,171.13
2026-06-08 19:15:00+02:00,161.59385089080104,190.3
2026-06-08 19:30:00+02:00,167.17013369995303,208.56
2026-06-08 19:45:00+02:00,175.72325757673963,227.3
2026-06-08 20:00:00+02:00,186.14525605985182,207.71
2026-06-08 20:15:00+02:00,180.23002132114604,207.39
2026-06-08 20:30:00+02:00,183.14415368774442,211.54
2026-06-08 20:45:00+02:00,163.07968439228037,208.97
2026-06-08 21:00:00+02:00,168.22461443847806,217.86
2026-06-08 21:15:00+02:00,161.71418645606263,195.25
2026-06-08 21:30:00+02:00,151.48663736308058,175.82
2026-06-08 21:45:00+02:00,145.84029342517243,154.07
2026-06-08 22:00:00+02:00,153.81482027289803,179.14
2026-06-08 22:15:00+02:00,145.55726598767458,157.01
2026-06-08 22:30:00+02:00,140.3447039360856,139.49
2026-06-08 22:45:00+02:00,127.94657619988953,133.83
2026-06-08 23:00:00+02:00,138.94025566648216,136.51
2026-06-08 23:15:00+02:00,131.11566381307398,128.01
2026-06-08 23:30:00+02:00,129.54033313445584,127.25
2026-06-08 23:45:00+02:00,119.13422708997551,121.05
2026-06-09 00:00:00+02:00,137.09633481247837,142.87
2026-06-09 00:15:00+02:00,128.73326641383497,129.99
2026-06-09 00:30:00+02:00,125.05656044349584,124.63
2026-06-09 00:45:00+02:00,120.24729457482184,118.56
2026-06-09 01:00:00+02:00,128.43763329855736,125.38
2026-06-09 01:15:00+02:00,122.30916349276234,122.62
2026-06-09 01:30:00+02:00,118.86050709527373,121.18
2026-06-09 01:45:00+02:00,112.7153996339257,119.45
2026-06-09 02:00:00+02:00,114.67450410716366,118.08
2026-06-09 02:15:00+02:00,113.55346219775512,114.99
2026-06-09 02:30:00+02:00,109.94586370204512,116.7
2026-06-09 02:45:00+02:00,108.10546982697521,112.23
2026-06-09 03:00:00+02:00,112.83776263428499,114.2
2026-06-09 03:15:00+02:00,110.96047347704803,111.15
2026-06-09 03:30:00+02:00,110.73310288762546,110.72
2026-06-09 03:45:00+02:00,109.20602308542266,108.8
2026-06-09 04:00:00+02:00,108.26553263886886,111.5
2026-06-09 04:15:00+02:00,108.66217629315602,110.41
2026-06-09 04:30:00+02:00,110.49505758900196,109.99
2026-06-09 04:45:00+02:00,106.50602021927008,110.0
2026-06-09 05:00:00+02:00,108.61805128266191,113.4
2026-06-09 05:15:00+02:00,105.72556806416554,114.24
2026-06-09 05:30:00+02:00,108.17749455839574,115.35
2026-06-09 05:45:00+02:00,114.31320877470911,120.38
2026-06-09 06:00:00+02:00,118.26566117445017,124.84
2026-06-09 06:15:00+02:00,121.32088894200142,131.09
2026-06-09 06:30:00+02:00,122.63957150968676,133.35
2026-06-09 06:45:00+02:00,123.25501545002263,131.33
2026-06-09 07:00:00+02:00,133.21861719928052,141.69
2026-06-09 07:15:00+02:00,132.19875585823414,135.26
2026-06-09 07:30:00+02:00,131.4532464543735,134.09
2026-06-09 07:45:00+02:00,121.94572946279035,127.49
2026-06-09 08:00:00+02:00,137.41402378203549,138.32
2026-06-09 08:15:00+02:00,126.15109814568086,129.26
2026-06-09 08:30:00+02:00,126.6013776388368,125.11
2026-06-09 08:45:00+02:00,115.25027353437213,114.87
2026-06-09 09:00:00+02:00,125.49204410698297,127.06
2026-06-09 09:15:00+02:00,122.8755498413885,109.58
2026-06-09 09:30:00+02:00,112.30768185820591,102.66
2026-06-09 09:45:00+02:00,98.85355085170946,88.7
2026-06-09 10:00:00+02:00,111.97386024080754,100.01
2026-06-09 10:15:00+02:00,102.09602101362643,85.9
2026-06-09 10:30:00+02:00,87.01688753357234,78.9
2026-06-09 10:45:00+02:00,67.90780800400654,64.53
2026-06-09 11:00:00+02:00,94.26830703683676,82.23
2026-06-09 11:15:00+02:00,77.394700658281,65.41
2026-06-09 11:30:00+02:00,75.96046086993493,55.81
2026-06-09 11:45:00+02:00,59.82408828924679,40.15
2026-06-09 12:00:00+02:00,77.91683798720689,50.63
2026-06-09 12:15:00+02:00,51.569204283458895,28.44
2026-06-09 12:30:00+02:00,43.64835977627411,15.1
2026-06-09 12:45:00+02:00,42.96333011234046,6.69
2026-06-09 13:00:00+02:00,42.541303632575875,8.1
2026-06-09 13:15:00+02:00,33.489644602340114,3.83
2026-06-09 13:30:00+02:00,30.868442824638095,2.1
2026-06-09 13:45:00+02:00,31.349358657175365,0.1
2026-06-09 14:00:00+02:00,22.575660173099962,0.1
2026-06-09 14:15:00+02:00,27.934313248136526,0.3
2026-06-09 14:30:00+02:00,27.979658909592338,0.09
2026-06-09 14:45:00+02:00,32.79754737296687,0.09
2026-06-09 15:00:00+02:00,24.979153728526477,0.09
2026-06-09 15:15:00+02:00,35.024859826730996,0.38
2026-06-09 15:30:00+02:00,32.669071505076786,1.11
2026-06-09 15:45:00+02:00,52.66809063359017,4.5
2026-06-09 16:00:00+02:00,35.43722221869835,3.39
2026-06-09 16:15:00+02:00,65.53863039528366,13.01
2026-06-09 16:30:00+02:00,91.35868563561891,40.66
2026-06-09 16:45:00+02:00,109.7537868006419,65.28
2026-06-09 17:00:00+02:00,84.23037493533005,30.02
2026-06-09 17:15:00+02:00,97.42126316927998,71.85
2026-06-09 17:30:00+02:00,108.94662095770948,93.49
2026-06-09 17:45:00+02:00,128.2909588034487,107.55
2026-06-09 18:00:00+02:00,106.59243208800483,93.88
2026-06-09 18:15:00+02:00,130.07737818303914,111.99
2026-06-09 18:30:00+02:00,125.97445651773016,128.27
2026-06-09 18:45:00+02:00,136.5258605096874,140.05
2026-06-09 19:00:00+02:00,126.75108598967667,121.6
2026-06-09 19:15:00+02:00,139.1099399250748,137.96
2026-06-09 19:30:00+02:00,152.92024127542086,144.01
2026-06-09 19:45:00+02:00,170.04406286621847,145.63
2026-06-09 20:00:00+02:00,165.28305343015833,145.18
2026-06-09 20:15:00+02:00,176.34352376264516,150.2
2026-06-09 20:30:00+02:00,158.1745897042322,157.02
2026-06-09 20:45:00+02:00,169.0249376724605,162.52
2026-06-09 21:00:00+02:00,162.63306463152867,157.61
2026-06-09 21:15:00+02:00,170.07211158434788,158.32
2026-06-09 21:30:00+02:00,169.83121686037518,157.7
2026-06-09 21:45:00+02:00,158.27461376001085,151.47
2026-06-09 22:00:00+02:00,162.31622417987583,152.66
2026-06-09 22:15:00+02:00,153.88013529482788,149.99
2026-06-09 22:30:00+02:00,144.4118354814211,143.95
2026-06-09 22:45:00+02:00,142.22097379114004,133.37
2026-06-09 23:00:00+02:00,144.5593366420072,141.76
2026-06-09 23:15:00+02:00,138.65618120631103,132.09
2026-06-09 23:30:00+02:00,136.40218874208693,129.38
2026-06-09 23:45:00+02:00,136.2120553820466,122.0
2026-06-10 00:00:00+02:00,138.60406920544605,129.9
2026-06-10 00:15:00+02:00,129.23929880752246,126.58
2026-06-10 00:30:00+02:00,123.84121251891794,123.99
2026-06-10 00:45:00+02:00,117.90161192449919,119.18
2026-06-10 01:00:00+02:00,124.11490267620572,122.96
2026-06-10 01:15:00+02:00,119.13799661665686,118.4
2026-06-10 01:30:00+02:00,117.7994977030132,115.29
2026-06-10 01:45:00+02:00,117.63615406416201,110.96
2026-06-10 02:00:00+02:00,113.43758476663281,114.25
2026-06-10 02:15:00+02:00,114.01793969642911,110.27
2026-06-10 02:30:00+02:00,112.74060279470096,111.03
2026-06-10 02:45:00+02:00,113.91379729213944,108.96
2026-06-10 03:00:00+02:00,115.55689737326638,110.81
2026-06-10 03:15:00+02:00,112.94758909044606,111.24
2026-06-10 03:30:00+02:00,110.70463220809164,111.16
2026-06-10 03:45:00+02:00,112.07318904403736,112.02
2026-06-10 04:00:00+02:00,111.528955211118,108.82
2026-06-10 04:15:00+02:00,112.87855889649603,111.12
2026-06-10 04:30:00+02:00,111.24145528673655,115.03
2026-06-10 04:45:00+02:00,115.06623811631131,117.99
2026-06-10 05:00:00+02:00,113.81269832583935,113.42
2026-06-10 05:15:00+02:00,116.84100436781507,117.25
2026-06-10 05:30:00+02:00,123.84299179392632,118.43
2026-06-10 05:45:00+02:00,127.09629769086798,125.91
2026-06-10 06:00:00+02:00,132.23081075620246,128.02
2026-06-10 06:15:00+02:00,136.56043645618428,134.26
2026-06-10 06:30:00+02:00,141.13340953864267,134.09
2026-06-10 06:45:00+02:00,137.37983115712078,131.2
2026-06-10 07:00:00+02:00,145.56724554772362,140.11
2026-06-10 07:15:00+02:00,145.92542801618234,138.02
2026-06-10 07:30:00+02:00,142.47993773213602,135.4
2026-06-10 07:45:00+02:00,134.55165467683346,133.7
2026-06-10 08:00:00+02:00,148.044514429908,141.21
2026-06-10 08:15:00+02:00,146.54654459924936,132.74
2026-06-10 08:30:00+02:00,129.41747951286354,126.51
2026-06-10 08:45:00+02:00,113.15492669550184,106.15
2026-06-10 09:00:00+02:00,130.50727345698854,124.13
2026-06-10 09:15:00+02:00,112.45621592695169,108.38
2026-06-10 09:30:00+02:00,108.09078009311514,95.0
2026-06-10 09:45:00+02:00,92.59398605147749,90.9
2026-06-10 10:00:00+02:00,110.24643953289441,99.1
2026-06-10 10:15:00+02:00,96.51860839416852,88.26
2026-06-10 10:30:00+02:00,93.5377754524401,86.87
2026-06-10 10:45:00+02:00,77.51506819478126,72.0
2026-06-10 11:00:00+02:00,99.60937736129208,82.25
2026-06-10 11:15:00+02:00,87.08343490385572,75.99
2026-06-10 11:30:00+02:00,77.64110054306663,69.99
2026-06-10 11:45:00+02:00,72.26314054601451,64.0
2026-06-10 12:00:00+02:00,84.38035746058208,69.93
2026-06-10 12:15:00+02:00,75.56983888259164,64.48
2026-06-10 12:30:00+02:00,65.3472511970584,69.22
2026-06-10 12:45:00+02:00,51.02887919005927,71.08
2026-06-10 13:00:00+02:00,61.67378711389058,72.37
2026-06-10 13:15:00+02:00,52.575118909123496,72.07
2026-06-10 13:30:00+02:00,46.90522697655742,71.91
2026-06-10 13:45:00+02:00,53.234394955574686,69.92
2026-06-10 14:00:00+02:00,49.33526432443379,70.04
2026-06-10 14:15:00+02:00,63.26963870579154,72.04
2026-06-10 14:30:00+02:00,62.68616688157722,79.02
2026-06-10 14:45:00+02:00,60.53993867090047,90.2
2026-06-10 15:00:00+02:00,51.87607876312753,71.31
2026-06-10 15:15:00+02:00,50.73173761354877,87.05
2026-06-10 15:30:00+02:00,72.09593093641323,88.78
2026-06-10 15:45:00+02:00,88.23548166577442,99.36
2026-06-10 16:00:00+02:00,71.66934857454613,85.53
2026-06-10 16:15:00+02:00,85.80475456359834,96.31
2026-06-10 16:30:00+02:00,94.56730983725973,108.64
2026-06-10 16:45:00+02:00,112.79123688548704,123.33
2026-06-10 17:00:00+02:00,87.08753450723944,105.53
2026-06-10 17:15:00+02:00,108.49833348251425,119.26
2026-06-10 17:30:00+02:00,114.40038305137941,131.9
2026-06-10 17:45:00+02:00,123.90896745500363,144.91
2026-06-10 18:00:00+02:00,117.89586341677304,123.75
2026-06-10 18:15:00+02:00,121.02990028682936,139.17
2026-06-10 18:30:00+02:00,141.93740807594884,147.66
2026-06-10 18:45:00+02:00,153.77502780257035,151.52
2026-06-10 19:00:00+02:00,132.6359879637666,145.05
2026-06-10 19:15:00+02:00,150.16282088531347,158.68
2026-06-10 19:30:00+02:00,165.21036132906107,177.37
2026-06-10 19:45:00+02:00,182.58763344037368,202.77
2026-06-10 20:00:00+02:00,173.58462185718022,186.58
2026-06-10 20:15:00+02:00,171.99385046064552,203.54
2026-06-10 20:30:00+02:00,181.53629385848143,226.12
2026-06-10 20:45:00+02:00,182.34531813087278,239.68
2026-06-10 21:00:00+02:00,187.13776881789505,226.06
2026-06-10 21:15:00+02:00,188.11996969051341,209.8
2026-06-10 21:30:00+02:00,175.69668089358504,196.35
2026-06-10 21:45:00+02:00,155.86931369727353,187.78
2026-06-10 22:00:00+02:00,153.5307800003515,189.2
2026-06-10 22:15:00+02:00,150.48945348384063,176.19
2026-06-10 22:30:00+02:00,142.89352986025176,162.06
2026-06-10 22:45:00+02:00,136.89575223833745,147.09
2026-06-10 23:00:00+02:00,146.11783602561886,169.8
2026-06-10 23:15:00+02:00,130.2622040974219,149.99
2026-06-10 23:30:00+02:00,132.7743675689717,146.65
2026-06-10 23:45:00+02:00,130.62525048201726,140.56
2026-06-11 00:00:00+02:00,154.7091657004363,147.22
2026-06-11 00:15:00+02:00,141.83359557978807,140.88
2026-06-11 00:30:00+02:00,133.7759813202887,141.48
2026-06-11 00:45:00+02:00,127.4116018408196,133.35
2026-06-11 01:00:00+02:00,139.389466271508,138.53
2026-06-11 01:15:00+02:00,131.23739879167928,134.95
2026-06-11 01:30:00+02:00,129.90986608630192,131.42
2026-06-11 01:45:00+02:00,128.56060829387746,129.05
2026-06-11 02:00:00+02:00,129.0014996633804,130.2
2026-06-11 02:15:00+02:00,127.15922109055795,126.5
2026-06-11 02:30:00+02:00,126.54313438434637,124.57
2026-06-11 02:45:00+02:00,125.18839476680843,123.51
2026-06-11 03:00:00+02:00,126.52881409248332,128.26
2026-06-11 03:15:00+02:00,122.38889220854459,125.13
2026-06-11 03:30:00+02:00,120.86899886593048,125.65
2026-06-11 03:45:00+02:00,116.76175729974526,123.99
2026-06-11 04:00:00+02:00,124.15941474356478,125.23
2026-06-11 04:15:00+02:00,123.77577154880628,125.5
2026-06-11 04:30:00+02:00,125.42674266618947,126.02
2026-06-11 04:45:00+02:00,127.31022162283111,127.43
2026-06-11 05:00:00+02:00,128.20769041819793,123.99
2026-06-11 05:15:00+02:00,128.10921991849608,123.86
2026-06-11 05:30:00+02:00,124.10794962815353,127.62
2026-06-11 05:45:00+02:00,132.08763888931642,131.18
2026-06-11 06:00:00+02:00,132.32870799831517,135.19
2026-06-11 06:15:00+02:00,139.1909729629932,139.53
2026-06-11 06:30:00+02:00,148.94316180717652,140.0
2026-06-11 06:45:00+02:00,149.00705111622008,138.6
2026-06-11 07:00:00+02:00,155.15557504559578,154.08
2026-06-11 07:15:00+02:00,146.82187827209012,139.93
2026-06-11 07:30:00+02:00,137.23797360609868,134.88
2026-06-11 07:45:00+02:00,130.1602293401767,126.3
2026-06-11 08:00:00+02:00,152.50012198634607,142.42
2026-06-11 08:15:00+02:00,139.50922281216097,134.02
2026-06-11 08:30:00+02:00,124.27633820244267,122.79
2026-06-11 08:45:00+02:00,107.60878901395274,107.33
2026-06-11 09:00:00+02:00,126.73261809099887,119.28
2026-06-11 09:15:00+02:00,117.50912715829455,106.67
2026-06-11 09:30:00+02:00,97.95255138248125,99.31
2026-06-11 09:45:00+02:00,90.58301497841006,89.93
2026-06-11 10:00:00+02:00,107.08084066456537,105.49
2026-06-11 10:15:00+02:00,90.63942260812264,93.17
2026-06-11 10:30:00+02:00,71.9806621829973,83.72
2026-06-11 10:45:00+02:00,40.50520371950713,79.79
2026-06-11 11:00:00+02:00,60.53730333706741,89.69
2026-06-11 11:15:00+02:00,56.131911783634905,78.99
2026-06-11 11:30:00+02:00,53.54824226554759,73.61
2026-06-11 11:45:00+02:00,52.76060679662791,65.6
2026-06-11 12:00:00+02:00,57.849227749222464,67.03
2026-06-11 12:15:00+02:00,36.972778504951606,61.78
2026-06-11 12:30:00+02:00,21.477497325715568,58.62
2026-06-11 12:45:00+02:00,11.835142992390615,53.66
2026-06-11 13:00:00+02:00,16.0095149895127,59.34
2026-06-11 13:15:00+02:00,11.739858861835042,49.35
2026-06-11 13:30:00+02:00,12.442947669502288,42.21
2026-06-11 13:45:00+02:00,12.526589077003878,30.34
2026-06-11 14:00:00+02:00,14.936274088059104,33.92
2026-06-11 14:15:00+02:00,12.554747198508313,32.3
2026-06-11 14:30:00+02:00,12.88940144267567,30.07
2026-06-11 14:45:00+02:00,15.511243928005259,30.03
2026-06-11 15:00:00+02:00,18.039247418516307,39.94
2026-06-11 15:15:00+02:00,22.2295350280961,46.02
2026-06-11 15:30:00+02:00,21.059007130406044,51.78
2026-06-11 15:45:00+02:00,27.32286438640075,66.36
2026-06-11 16:00:00+02:00,29.76048227080365,52.8
2026-06-11 16:15:00+02:00,39.418687893854006,71.97
2026-06-11 16:30:00+02:00,60.09579362315651,85.02
2026-06-11 16:45:00+02:00,84.4828130896632,104.08
2026-06-11 17:00:00+02:00,64.75486225114942,77.87
2026-06-11 17:15:00+02:00,90.32645869555668,100.0
2026-06-11 17:30:00+02:00,110.9443313665578,107.77
2026-06-11 17:45:00+02:00,129.56857689592,120.75
2026-06-11 18:00:00+02:00,111.80926432896831,110.54
2026-06-11 18:15:00+02:00,122.45465248500211,118.11
2026-06-11 18:30:00+02:00,133.59569525236233,133.28
2026-06-11 18:45:00+02:00,137.9243571327066,149.99
2026-06-11 19:00:00+02:00,127.03290856618155,126.37
2026-06-11 19:15:00+02:00,137.0030487670418,139.34
2026-06-11 19:30:00+02:00,157.70033642143989,150.06
2026-06-11 19:45:00+02:00,154.3408283169658,169.17
2026-06-11 20:00:00+02:00,159.59556161715653,159.4
2026-06-11 20:15:00+02:00,155.26542678943167,168.88
2026-06-11 20:30:00+02:00,159.45728265384082,183.74
2026-06-11 20:45:00+02:00,174.3300606478413,187.41
2026-06-11 21:00:00+02:00,163.0417538319513,183.29
2026-06-11 21:15:00+02:00,167.80199197021557,172.46
2026-06-11 21:30:00+02:00,157.13528819601422,161.2
2026-06-11 21:45:00+02:00,153.6891382877145,142.82
2026-06-11 22:00:00+02:00,156.50434966590706,152.66
2026-06-11 22:15:00+02:00,151.59945188113008,143.04
2026-06-11 22:30:00+02:00,138.25144399205408,131.98
2026-06-11 22:45:00+02:00,130.64256986344503,121.25
2026-06-11 23:00:00+02:00,133.7613279779869,128.03
2026-06-11 23:15:00+02:00,125.7506325223012,119.99
2026-06-11 23:30:00+02:00,126.88063290728279,114.37
2026-06-11 23:45:00+02:00,121.24256191218501,101.86
2026-06-12 00:00:00+02:00,113.95198805261647,128.14
2026-06-12 00:15:00+02:00,110.96269525279408,119.99
2026-06-12 00:30:00+02:00,111.92593284616471,113.8
2026-06-12 00:45:00+02:00,105.24037058120543,105.65
2026-06-12 01:00:00+02:00,109.51993316275556,112.92
2026-06-12 01:15:00+02:00,105.74375621931213,107.02
2026-06-12 01:30:00+02:00,104.7664872761289,99.11
2026-06-12 01:45:00+02:00,105.69171162814347,89.0
2026-06-12 02:00:00+02:00,104.458331126726,101.48
2026-06-12 02:15:00+02:00,103.46981601192257,96.28
2026-06-12 02:30:00+02:00,105.34575047975932,93.9
2026-06-12 02:45:00+02:00,104.154915001905,86.36
2026-06-12 03:00:00+02:00,104.98270925849893,94.59
2026-06-12 03:15:00+02:00,106.53038257037812,92.01
2026-06-12 03:30:00+02:00,108.6859375971059,90.68
2026-06-12 03:45:00+02:00,106.5562493001777,90.93
2026-06-12 04:00:00+02:00,104.86946722935562,90.27
2026-06-12 04:15:00+02:00,106.39021287004499,91.85
2026-06-12 04:30:00+02:00,107.91412489762943,93.38
2026-06-12 04:45:00+02:00,106.93480062488906,96.69
2026-06-12 05:00:00+02:00,109.15052439626145,88.54
2026-06-12 05:15:00+02:00,108.95094278661291,91.92
2026-06-12 05:30:00+02:00,113.96437560254297,97.39
2026-06-12 05:45:00+02:00,121.94515655714089,106.46
2026-06-12 06:00:00+02:00,116.04338364041462,105.96
2026-06-12 06:15:00+02:00,130.28161092801517,119.24
2026-06-12 06:30:00+02:00,133.31201483873062,121.37
2026-06-12 06:45:00+02:00,130.68173144560043,124.46
2026-06-12 07:00:00+02:00,143.23400726526575,125.69
2026-06-12 07:15:00+02:00,142.43068214429306,125.53
2026-06-12 07:30:00+02:00,134.07445418200726,120.69
2026-06-12 07:45:00+02:00,120.63696861588699,118.71
2026-06-12 08:00:00+02:00,155.53899803156008,134.49
2026-06-12 08:15:00+02:00,136.48905935725165,129.37
2026-06-12 08:30:00+02:00,125.58487987148568,124.34
2026-06-12 08:45:00+02:00,104.15432895889184,121.16
2026-06-12 09:00:00+02:00,138.20380481405397,123.77
2026-06-12 09:15:00+02:00,119.04034623888741,120.0
2026-06-12 09:30:00+02:00,106.00772483581648,114.56
2026-06-12 09:45:00+02:00,87.79624777025752,111.29
2026-06-12 10:00:00+02:00,110.19272261350903,111.04
2026-06-12 10:15:00+02:00,99.4584088623587,104.18
2026-06-12 10:30:00+02:00,60.09745705527595,98.36
2026-06-12 10:45:00+02:00,46.57010855615266,94.82
2026-06-12 11:00:00+02:00,54.33660501577388,95.48
2026-06-12 11:15:00+02:00,43.87430583204635,91.74
2026-06-12 11:30:00+02:00,28.749501089211346,89.78
2026-06-12 11:45:00+02:00,19.75080115429164,85.04
2026-06-12 12:00:00+02:00,23.99246494958035,83.17
2026-06-12 12:15:00+02:00,24.215262497115173,78.97
2026-06-12 12:30:00+02:00,32.00107323366113,82.44
2026-06-12 12:45:00+02:00,32.55922913879318,79.44
2026-06-12 13:00:00+02:00,19.454243745987736,73.33
2026-06-12 13:15:00+02:00,23.014675104339453,72.13
2026-06-12 13:30:00+02:00,26.025623236362538,69.9
2026-06-12 13:45:00+02:00,27.745204972593623,65.17
2026-06-12 14:00:00+02:00,27.45599827117014,59.34
2026-06-12 14:15:00+02:00,29.410188614168334,59.14
2026-06-12 14:30:00+02:00,37.70565401052535,60.51
2026-06-12 14:45:00+02:00,45.99051705380232,62.49
2026-06-12 15:00:00+02:00,54.44834855484001,52.51
2026-06-12 15:15:00+02:00,63.87345471605499,51.26
2026-06-12 15:30:00+02:00,59.62570082921595,57.94
2026-06-12 15:45:00+02:00,70.51306823093194,62.48
2026-06-12 16:00:00+02:00,70.69183550041885,53.76
2026-06-12 16:15:00+02:00,75.16689820651536,63.48
2026-06-12 16:30:00+02:00,86.80490953722932,71.66
2026-06-12 16:45:00+02:00,93.99663789671878,84.17
2026-06-12 17:00:00+02:00,74.80836006270125,61.29
2026-06-12 17:15:00+02:00,101.03502427964744,75.02
2026-06-12 17:30:00+02:00,110.12787381743786,83.54
2026-06-12 17:45:00+02:00,114.6412674920044,95.64
2026-06-12 18:00:00+02:00,101.48824175836133,86.73
2026-06-12 18:15:00+02:00,119.79542058819513,97.01
2026-06-12 18:30:00+02:00,123.5962978231115,112.92
2026-06-12 18:45:00+02:00,134.19392894757186,117.94
2026-06-12 19:00:00+02:00,127.09537486148159,109.59
2026-06-12 19:15:00+02:00,135.48847841143805,115.62
2026-06-12 19:30:00+02:00,143.84943723415367,119.31
2026-06-12 19:45:00+02:00,143.55527432689627,118.97
2026-06-12 20:00:00+02:00,145.9693714868039,114.24
2026-06-12 20:15:00+02:00,124.70039499714336,111.49
2026-06-12 20:30:00+02:00,128.97227704069502,107.74
2026-06-12 20:45:00+02:00,130.81241545448816,109.19
2026-06-12 21:00:00+02:00,137.9258213227074,110.75
2026-06-12 21:15:00+02:00,128.74529100554926,110.23
2026-06-12 21:30:00+02:00,127.81706818522439,110.12
2026-06-12 21:45:00+02:00,122.06226030061258,108.14
2026-06-12 22:00:00+02:00,124.96655290356965,113.43
2026-06-12 22:15:00+02:00,117.50389415609109,112.51
2026-06-12 22:30:00+02:00,117.48695129811694,112.25
2026-06-12 22:45:00+02:00,109.0539933694777,106.3
2026-06-12 23:00:00+02:00,115.56819729427502,108.06
2026-06-12 23:15:00+02:00,98.52046952414578,101.83
2026-06-12 23:30:00+02:00,102.56789468922916,100.1
2026-06-12 23:45:00+02:00,96.42283377277121,93.6
2026-06-13 00:00:00+02:00,80.13102865622471,108.97
2026-06-13 00:15:00+02:00,68.24579538095708,89.5
2026-06-13 00:30:00+02:00,70.61052769761862,78.71
2026-06-13 00:45:00+02:00,67.699816290625,71.16
2026-06-13 01:00:00+02:00,78.13882899042582,85.86
2026-06-13 01:15:00+02:00,71.56323649408037,77.33
2026-06-13 01:30:00+02:00,75.85079761789244,71.47
2026-06-13 01:45:00+02:00,76.28380334630336,61.52
2026-06-13 02:00:00+02:00,71.9295966139853,71.15
2026-06-13 02:15:00+02:00,74.8636900262497,64.66
2026-06-13 02:30:00+02:00,73.83962738280343,64.66
2026-06-13 02:45:00+02:00,70.76722606821032,62.94
2026-06-13 03:00:00+02:00,78.02301386969835,69.24
2026-06-13 03:15:00+02:00,67.15743210167258,64.51
2026-06-13 03:30:00+02:00,63.390578169445305,63.37
2026-06-13 03:45:00+02:00,52.564158366488414,58.22
2026-06-13 04:00:00+02:00,54.83932137473754,72.16
2026-06-13 04:15:00+02:00,55.80876947799929,67.64
2026-06-13 04:30:00+02:00,51.253810347024164,62.43
2026-06-13 04:45:00+02:00,56.4700700314767,60.0
2026-06-13 05:00:00+02:00,51.01645187462853,72.68
2026-06-13 05:15:00+02:00,50.3840004613989,60.04
2026-06-13 05:30:00+02:00,64.36987370395732,45.8
2026-06-13 05:45:00+02:00,52.3366130684887,36.66
2026-06-13 06:00:00+02:00,52.217041526466716,49.65
2026-06-13 06:15:00+02:00,55.76248176707267,34.72
2026-06-13 06:30:00+02:00,48.52889717314491,26.79
2026-06-13 06:45:00+02:00,49.28369068890363,15.36
2026-06-13 07:00:00+02:00,76.8491850146684,30.68
2026-06-13 07:15:00+02:00,63.780804534406315,14.84
2026-06-13 07:30:00+02:00,45.81571571270257,7.0
2026-06-13 07:45:00+02:00,23.22878099945298,2.1
2026-06-13 08:00:00+02:00,49.51388539347113,1.4
2026-06-13 08:15:00+02:00,25.21860968855799,0.0
2026-06-13 08:30:00+02:00,21.67247073552727,-0.01
2026-06-13 08:45:00+02:00,17.93575021090976,-0.08
2026-06-13 09:00:00+02:00,14.008578491666654,-0.08
2026-06-13 09:15:00+02:00,7.8243912150201425,-0.28
2026-06-13 09:30:00+02:00,1.6131252914881742,-2.0
2026-06-13 09:45:00+02:00,5.467163192238374,-2.07
2026-06-13 10:00:00+02:00,16.11748286619776,-2.01
2026-06-13 10:15:00+02:00,11.318860084811526,-3.24
2026-06-13 10:30:00+02:00,2.624277124967602,-5.01
2026-06-13 10:45:00+02:00,-5.842901104536498,-9.41
2026-06-13 11:00:00+02:00,-1.162625569329533,-9.98
2026-06-13 11:15:00+02:00,-9.434593179770122,-14.9
2026-06-13 11:30:00+02:00,-9.663378135528559,-17.9
2026-06-13 11:45:00+02:00,-11.372552411255722,-20.0
2026-06-13 12:00:00+02:00,-8.780352905676486,-19.94
2026-06-13 12:15:00+02:00,-16.074145000040776,-24.81
2026-06-13 12:30:00+02:00,-15.71407799745304,-29.94
2026-06-13 12:45:00+02:00,-17.25691601814185,-35.0
2026-06-13 13:00:00+02:00,-19.846075555640255,-35.49
2026-06-13 13:15:00+02:00,-25.71095330157017,-45.01
2026-06-13 13:30:00+02:00,-28.404386854053627,-49.98
2026-06-13 13:45:00+02:00,-38.315775696857756,-52.99
2026-06-13 14:00:00+02:00,-27.33525727368788,-46.52
2026-06-13 14:15:00+02:00,-31.097013552980357,-46.52
2026-06-13 14:30:00+02:00,-33.62749693783211,-45.0
2026-06-13 14:45:00+02:00,-28.937647870627902,-41.95
2026-06-13 15:00:00+02:00,-33.1427218754289,-36.82
2026-06-13 15:15:00+02:00,-24.593328283608006,-34.0
2026-06-13 15:30:00+02:00,-33.81119120648804,-30.0
2026-06-13 15:45:00+02:00,-29.59073662610842,-25.34
2026-06-13 16:00:00+02:00,-30.645043030967983,-25.0
2026-06-13 16:15:00+02:00,-13.335765157250897,-19.99
2026-06-13 16:30:00+02:00,-7.131289677637881,-18.01
2026-06-13 16:45:00+02:00,3.1946975673591,-13.68
2026-06-13 17:00:00+02:00,-0.6284792333268641,-9.01
2026-06-13 17:15:00+02:00,22.228246014863657,-4.79
2026-06-13 17:30:00+02:00,32.49004722368461,-1.98
2026-06-13 17:45:00+02:00,22.678837726864003,-1.08
2026-06-13 18:00:00+02:00,18.389818996074325,-0.85
2026-06-13 18:15:00+02:00,31.6594122392154,-1.34
2026-06-13 18:30:00+02:00,63.12674596433578,-0.09
2026-06-13 18:45:00+02:00,86.954969670357,0.09
2026-06-13 19:00:00+02:00,72.01432330191096,3.03
2026-06-13 19:15:00+02:00,89.5256853976888,20.2
2026-06-13 19:30:00+02:00,102.10393864099143,48.7
2026-06-13 19:45:00+02:00,114.85120585608031,61.71
2026-06-13 20:00:00+02:00,101.32127242222319,45.77
2026-06-13 20:15:00+02:00,104.83242236680798,72.65
2026-06-13 20:30:00+02:00,115.31238323226916,82.26
2026-06-13 20:45:00+02:00,135.38050428351414,88.34
2026-06-13 21:00:00+02:00,112.5803835078465,82.23
2026-06-13 21:15:00+02:00,116.61565835585056,85.9
2026-06-13 21:30:00+02:00,125.71326514010823,88.01
2026-06-13 21:45:00+02:00,117.93060353209862,92.5
2026-06-13 22:00:00+02:00,114.90896512942278,110.49
2026-06-13 22:15:00+02:00,102.69490698579486,103.77
2026-06-13 22:30:00+02:00,96.39298609794018,103.01
2026-06-13 22:45:00+02:00,95.53404321505408,92.67
2026-06-13 23:00:00+02:00,93.40836569070646,97.89
2026-06-13 23:15:00+02:00,87.46876194034948,89.98
2026-06-13 23:30:00+02:00,88.65606871560584,85.79
2026-06-13 23:45:00+02:00,77.89811621870102,78.34
2026-06-14 00:00:00+02:00,88.03045982293119,87.34
2026-06-14 00:15:00+02:00,74.8127200710959,75.89
2026-06-14 00:30:00+02:00,69.3349936985687,62.31
2026-06-14 00:45:00+02:00,72.11651744506983,45.61
2026-06-14 01:00:00+02:00,72.23326545448273,60.43
2026-06-14 01:15:00+02:00,69.54195557619099,52.57
2026-06-14 01:30:00+02:00,72.17637665257713,46.39
2026-06-14 01:45:00+02:00,66.85624976498494,38.37
2026-06-14 02:00:00+02:00,66.86732740765868,45.0
2026-06-14 02:15:00+02:00,66.52707899791847,34.22
2026-06-14 02:30:00+02:00,67.53283862241707,28.14
2026-06-14 02:45:00+02:00,65.04276787444539,28.95
2026-06-14 03:00:00+02:00,68.90602798024142,29.72
2026-06-14 03:15:00+02:00,66.18132343730473,26.3
2026-06-14 03:30:00+02:00,65.43092431970581,28.73
2026-06-14 03:45:00+02:00,64.35273166108416,27.54
2026-06-14 04:00:00+02:00,69.97484684598535,25.74
2026-06-14 04:15:00+02:00,69.9451552207672,25.05
2026-06-14 04:30:00+02:00,69.4883704900316,27.09
2026-06-14 04:45:00+02:00,84.35275934028701,28.41
2026-06-14 05:00:00+02:00,68.68689168552517,24.98
2026-06-14 05:15:00+02:00,68.27789224148175,20.31
2026-06-14 05:30:00+02:00,70.69866735208376,21.62
2026-06-14 05:45:00+02:00,59.2466488061896,18.56
2026-06-14 06:00:00+02:00,54.43271116090199,13.8
2026-06-14 06:15:00+02:00,55.10458782851194,9.9
2026-06-14 06:30:00+02:00,44.38938599938615,5.48
2026-06-14 06:45:00+02:00,38.67900395424246,1.78
2026-06-14 07:00:00+02:00,52.32861188844295,1.88
2026-06-14 07:15:00+02:00,47.48527176933631,0.0
2026-06-14 07:30:00+02:00,33.20430099800022,-0.01
2026-06-14 07:45:00+02:00,33.64367882161169,-0.03
2026-06-14 08:00:00+02:00,51.79212475298537,-0.01
2026-06-14 08:15:00+02:00,17.755806518960824,-0.09
2026-06-14 08:30:00+02:00,8.987944455305936,-0.19
2026-06-14 08:45:00+02:00,30.06302244457875,-1.1
2026-06-14 09:00:00+02:00,48.526245339024726,-1.27
2026-06-14 09:15:00+02:00,17.271278754722275,-2.01
2026-06-14 09:30:00+02:00,5.864961523781716,-3.05
2026-06-14 09:45:00+02:00,-0.43990564801634235,-5.0
2026-06-14 10:00:00+02:00,20.389286942115405,-3.47
2026-06-14 10:15:00+02:00,5.76694895206699,-5.0
2026-06-14 10:30:00+02:00,-8.307600662513867,-7.01
2026-06-14 10:45:00+02:00,-7.041448569374264,-10.0
2026-06-14 11:00:00+02:00,-9.28456784944528,-7.3
2026-06-14 11:15:00+02:00,-23.56058597282875,-8.01
2026-06-14 11:30:00+02:00,-28.603206257912163,-10.01
2026-06-14 11:45:00+02:00,-29.767686532366117,-11.83
2026-06-14 12:00:00+02:00,-26.023040326688243,-11.87
2026-06-14 12:15:00+02:00,-41.48869517322113,-14.1
2026-06-14 12:30:00+02:00,-45.40119229206402,-15.0
2026-06-14 12:45:00+02:00,-52.195297585309326,-19.0
2026-06-14 13:00:00+02:00,-53.095950997665426,-17.01
2026-06-14 13:15:00+02:00,-62.866697622611525,-20.02
2026-06-14 13:30:00+02:00,-65.457384607555,-26.7
2026-06-14 13:45:00+02:00,-62.53941259671344,-29.96
2026-06-14 14:00:00+02:00,-73.51765570040668,-26.08
2026-06-14 14:15:00+02:00,-72.91995420190909,-25.82
2026-06-14 14:30:00+02:00,-78.65242806294731,-24.1
2026-06-14 14:45:00+02:00,-68.37753373535442,-24.0
2026-06-14 15:00:00+02:00,-81.73933737803726,-21.98
2026-06-14 15:15:00+02:00,-60.1421132443331,-20.0
2026-06-14 15:30:00+02:00,-48.08262240472651,-19.92
2026-06-14 15:45:00+02:00,-28.23666250492268,-18.1
2026-06-14 16:00:00+02:00,-15.968947036208283,-14.91
2026-06-14 16:15:00+02:00,-3.532199636777136,-10.09
2026-06-14 16:30:00+02:00,12.466527393486643,-7.47
2026-06-14 16:45:00+02:00,14.674079616949257,-4.34
2026-06-14 17:00:00+02:00,10.452013876125342,-4.9
2026-06-14 17:15:00+02:00,10.587139677435886,-1.31
2026-06-14 17:30:00+02:00,22.56086495158104,-0.12
2026-06-14 17:45:00+02:00,50.24732867955811,-0.65
2026-06-14 18:00:00+02:00,40.31335963663265,-0.77
2026-06-14 18:15:00+02:00,64.12852480521866,-0.04
2026-06-14 18:30:00+02:00,65.49423543757506,3.75
2026-06-14 18:45:00+02:00,78.06349539244215,18.18
2026-06-14 19:00:00+02:00,77.52421217081897,21.35
2026-06-14 19:15:00+02:00,89.01240924725249,43.34
2026-06-14 19:30:00+02:00,95.46023883543573,83.91
2026-06-14 19:45:00+02:00,104.12828614627976,99.73
2026-06-14 20:00:00+02:00,108.08956801068061,83.71
2026-06-14 20:15:00+02:00,97.73339728396624,90.8
2026-06-14 20:30:00+02:00,110.9891835208604,100.01
2026-06-14 20:45:00+02:00,111.9774687327874,105.0
2026-06-14 21:00:00+02:00,108.79536161332953,103.59
2026-06-14 21:15:00+02:00,118.87215376986228,103.94
2026-06-14 21:30:00+02:00,106.83371867767485,100.98
2026-06-14 21:45:00+02:00,112.56685496712421,102.0
2026-06-14 22:00:00+02:00,115.23254079989509,120.05
2026-06-14 22:15:00+02:00,106.47850796655705,115.48
2026-06-14 22:30:00+02:00,98.53612891516008,108.01
2026-06-14 22:45:00+02:00,89.43168499333532,105.58
2026-06-14 23:00:00+02:00,96.63174593824107,109.15
2026-06-14 23:15:00+02:00,90.57954000070501,102.01
2026-06-14 23:30:00+02:00,87.16441557634653,101.14
2026-06-14 23:45:00+02:00,79.64981258150894,101.28
2026-06-15 00:00:00+02:00,96.0088184569928,115.02
2026-06-15 00:15:00+02:00,91.23463524921831,104.7
2026-06-15 00:30:00+02:00,84.8219380662456,99.02
2026-06-15 00:45:00+02:00,73.50372965758946,86.99
2026-06-15 01:00:00+02:00,87.40140679135277,102.18
2026-06-15 01:15:00+02:00,77.69490558026044,96.49
2026-06-15 01:30:00+02:00,79.03879408279687,91.16
2026-06-15 01:45:00+02:00,78.7598460379493,81.81
2026-06-15 02:00:00+02:00,77.14545304605747,88.38
2026-06-15 02:15:00+02:00,77.55903470202043,80.8
2026-06-15 02:30:00+02:00,74.479592237448,87.59
2026-06-15 02:45:00+02:00,79.50224919734114,84.73
2026-06-15 03:00:00+02:00,80.19203766134791,87.51
2026-06-15 03:15:00+02:00,74.12955590492615,84.88
2026-06-15 03:30:00+02:00,74.31981683088202,83.15
2026-06-15 03:45:00+02:00,74.96318289274618,79.45
2026-06-15 04:00:00+02:00,68.59958883282384,80.8
2026-06-15 04:15:00+02:00,73.32341436224257,80.81
2026-06-15 04:30:00+02:00,80.09319342883046,84.88
2026-06-15 04:45:00+02:00,88.71658924881606,91.06
2026-06-15 05:00:00+02:00,78.98475700323101,81.1
2026-06-15 05:15:00+02:00,77.93222645333697,90.81
2026-06-15 05:30:00+02:00,84.31964404819841,92.28
2026-06-15 05:45:00+02:00,88.03013502215757,101.43
2026-06-15 06:00:00+02:00,88.75057610810995,99.27
2026-06-15 06:15:00+02:00,102.57345453804717,106.45
2026-06-15 06:30:00+02:00,107.930203708436,108.99
2026-06-15 06:45:00+02:00,112.07664952496316,108.06
2026-06-15 07:00:00+02:00,124.66017225247597,121.73
2026-06-15 07:15:00+02:00,113.29342440094109,108.93
2026-06-15 07:30:00+02:00,116.27592796946462,104.85
2026-06-15 07:45:00+02:00,115.06137351202491,94.06
2026-06-15 08:00:00+02:00,119.56903030254207,108.33
2026-06-15 08:15:00+02:00,121.42639586377204,100.99
2026-06-15 08:30:00+02:00,110.52669366691765,88.37
2026-06-15 08:45:00+02:00,93.15278636655253,68.07
2026-06-15 09:00:00+02:00,108.20624399441512,95.75
2026-06-15 09:15:00+02:00,103.01191940522858,76.94
2026-06-15 09:30:00+02:00,91.05862176873921,55.37
2026-06-15 09:45:00+02:00,72.17478299789428,26.55
2026-06-15 10:00:00+02:00,84.02586731470613,52.29
2026-06-15 10:15:00+02:00,66.80687763595854,24.14
2026-06-15 10:30:00+02:00,65.54111351348175,9.7
2026-06-15 10:45:00+02:00,25.762849803634666,0.1
2026-06-15 11:00:00+02:00,46.74917658537048,4.05
2026-06-15 11:15:00+02:00,25.360230917369467,0.0
2026-06-15 11:30:00+02:00,13.854517610877492,0.0
2026-06-15 11:45:00+02:00,6.618823315287795,-0.02
2026-06-15 12:00:00+02:00,7.238358061377677,0.0
2026-06-15 12:15:00+02:00,-2.622973257825357,-0.01
2026-06-15 12:30:00+02:00,-8.456201861373756,-0.04
2026-06-15 12:45:00+02:00,-17.962641784653243,-0.06
2026-06-15 13:00:00+02:00,-15.174828039621604,-1.02
2026-06-15 13:15:00+02:00,-19.606646101161136,-1.09
2026-06-15 13:30:00+02:00,-26.075588295560323,-1.81
2026-06-15 13:45:00+02:00,-30.430778751230697,-2.01
2026-06-15 14:00:00+02:00,-23.883941885147234,-2.65
2026-06-15 14:15:00+02:00,-30.093512305979363,-2.97
2026-06-15 14:30:00+02:00,-28.167346045757,-3.0
2026-06-15 14:45:00+02:00,-29.94607889270545,-2.99
2026-06-15 15:00:00+02:00,-39.408806572298616,-1.1
2026-06-15 15:15:00+02:00,-26.043483860034133,-1.02
2026-06-15 15:30:00+02:00,-9.749834027739492,-0.86
2026-06-15 15:45:00+02:00,1.3335354400486992,-0.75
2026-06-15 16:00:00+02:00,-2.4067806696826395,-0.06
2026-06-15 16:15:00+02:00,6.514056188504597,-0.01
2026-06-15 16:30:00+02:00,31.63782835757903,0.0
2026-06-15 16:45:00+02:00,58.20539248795286,0.01
2026-06-15 17:00:00+02:00,39.907608664376454,8.44
2026-06-15 17:15:00+02:00,79.29533425114407,31.22
2026-06-15 17:30:00+02:00,91.71981136368674,49.98
2026-06-15 17:45:00+02:00,102.2171009521876,85.07
2026-06-15 18:00:00+02:00,86.54332548838497,47.45
2026-06-15 18:15:00+02:00,99.9650746712324,77.5
2026-06-15 18:30:00+02:00,116.03103642831945,107.67
2026-06-15 18:45:00+02:00,137.05671015381628,133.19
2026-06-15 19:00:00+02:00,115.56262224712744,107.51
2026-06-15 19:15:00+02:00,128.5008227302423,121.95
2026-06-15 19:30:00+02:00,135.35497379420428,136.87
2026-06-15 19:45:00+02:00,139.12258655187702,150.0
2026-06-15 20:00:00+02:00,131.96106766389815,131.1
2026-06-15 20:15:00+02:00,142.64904053250265,137.59
2026-06-15 20:30:00+02:00,147.74657958569844,153.92
2026-06-15 20:45:00+02:00,148.48510620441985,172.17
2026-06-15 21:00:00+02:00,145.69891655665532,154.93
2026-06-15 21:15:00+02:00,147.63436169585017,157.62
2026-06-15 21:30:00+02:00,148.67589742341062,159.88
2026-06-15 21:45:00+02:00,129.72693788465995,152.61
2026-06-15 22:00:00+02:00,138.98243281158307,162.7
2026-06-15 22:15:00+02:00,137.57812733308873,155.89
2026-06-15 22:30:00+02:00,138.77997477986685,155.08
2026-06-15 22:45:00+02:00,129.9035792687353,141.5
2026-06-15 23:00:00+02:00,138.71934307762467,147.05
2026-06-15 23:15:00+02:00,125.3809242736626,133.32
2026-06-15 23:30:00+02:00,125.39774796124522,131.36
2026-06-15 23:45:00+02:00,120.82630158157255,127.29
2026-06-16 00:00:00+02:00,144.96124089860996,131.85
2026-06-16 00:15:00+02:00,132.60220354648882,126.99
2026-06-16 00:30:00+02:00,129.8868052294677,118.46
2026-06-16 00:45:00+02:00,125.00628381223427,114.01
2026-06-16 01:00:00+02:00,130.2971795299913,120.7
2026-06-16 01:15:00+02:00,128.02761641548125,117.21
2026-06-16 01:30:00+02:00,124.83536035721141,116.34
2026-06-16 01:45:00+02:00,126.48927616212742,115.02
2026-06-16 02:00:00+02:00,127.08239837874042,116.34
2026-06-16 02:15:00+02:00,123.9454308478185,114.93
2026-06-16 02:30:00+02:00,125.15060389632204,113.43
2026-06-16 02:45:00+02:00,124.39615257946832,110.4
2026-06-16 03:00:00+02:00,122.57367894203301,113.01
2026-06-16 03:15:00+02:00,120.47467953753923,112.65
2026-06-16 03:30:00+02:00,121.77361584403168,108.67
2026-06-16 03:45:00+02:00,120.69388752487413,109.64
2026-06-16 04:00:00+02:00,122.10698875651185,110.4
2026-06-16 04:15:00+02:00,124.08590002026754,110.33
2026-06-16 04:30:00+02:00,126.25069060952109,111.44
2026-06-16 04:45:00+02:00,130.08004287060922,112.79
2026-06-16 05:00:00+02:00,124.30386891258537,112.01
2026-06-16 05:15:00+02:00,127.89155461245609,112.79
2026-06-16 05:30:00+02:00,130.64517916886268,116.79
2026-06-16 05:45:00+02:00,136.00465707168328,118.9
2026-06-16 06:00:00+02:00,137.70404314754103,125.0
2026-06-16 06:15:00+02:00,143.60356045426775,127.7
2026-06-16 06:30:00+02:00,146.87127785945998,129.27
2026-06-16 06:45:00+02:00,155.29588977234516,130.0
2026-06-16 07:00:00+02:00,161.80304836995614,138.99
2026-06-16 07:15:00+02:00,152.99620365424596,133.31
2026-06-16 07:30:00+02:00,145.10002299490864,131.48
2026-06-16 07:45:00+02:00,140.76720408634225,123.0
2026-06-16 08:00:00+02:00,155.18865731609793,139.77
2026-06-16 08:15:00+02:00,144.76063793599414,127.58
2026-06-16 08:30:00+02:00,133.37252334624188,122.52
2026-06-16 08:45:00+02:00,117.3061436517233,115.39
2026-06-16 09:00:00+02:00,130.0184541888398,118.93
2026-06-16 09:15:00+02:00,114.80037639279335,113.66
2026-06-16 09:30:00+02:00,101.48379485219718,105.42
2026-06-16 09:45:00+02:00,85.78000283925613,100.0
2026-06-16 10:00:00+02:00,109.30859393722434,95.33
2026-06-16 10:15:00+02:00,77.77042568300575,90.69
2026-06-16 10:30:00+02:00,87.80512177040497,85.9
2026-06-16 10:45:00+02:00,83.38758109693859,72.0
2026-06-16 11:00:00+02:00,88.4740777194274,94.25
2026-06-16 11:15:00+02:00,89.62234093853496,85.14
2026-06-16 11:30:00+02:00,78.83830517946329,76.5
2026-06-16 11:45:00+02:00,80.29091404165682,66.26
2026-06-16 12:00:00+02:00,83.0507178324215,76.01
2026-06-16 12:15:00+02:00,68.35330097266007,67.74
2026-06-16 12:30:00+02:00,58.81522694834929,63.35
2026-06-16 12:45:00+02:00,56.49698207523798,58.89
2026-06-16 13:00:00+02:00,61.353038086373594,65.34
2026-06-16 13:15:00+02:00,52.64856248931238,60.0
2026-06-16 13:30:00+02:00,61.87845676816729,51.01
2026-06-16 13:45:00+02:00,56.40410163187397,40.67
2026-06-16 14:00:00+02:00,58.778772959950274,47.94
2026-06-16 14:15:00+02:00,55.80949335440648,48.63
2026-06-16 14:30:00+02:00,56.69988523094783,50.51
2026-06-16 14:45:00+02:00,58.27616221034281,55.85
2026-06-16 15:00:00+02:00,48.49716008577196,50.49
2026-06-16 15:15:00+02:00,46.15524380442824,57.89
2026-06-16 15:30:00+02:00,45.74336790349121,61.41
2026-06-16 15:45:00+02:00,58.62878114980913,71.09
2026-06-16 16:00:00+02:00,51.645185753215515,60.43
2026-06-16 16:15:00+02:00,66.59813380889418,73.3
2026-06-16 16:30:00+02:00,84.64530132388066,90.53
2026-06-16 16:45:00+02:00,99.76560282930059,101.57
2026-06-16 17:00:00+02:00,83.94309314318257,94.18
2026-06-16 17:15:00+02:00,102.75909602177839,104.24
2026-06-16 17:30:00+02:00,121.17237856903049,115.15
2026-06-16 17:45:00+02:00,143.00398142792574,125.32
2026-06-16 18:00:00+02:00,118.53344514054797,114.01
2026-06-16 18:15:00+02:00,126.23978140901896,122.81
2026-06-16 18:30:00+02:00,144.0511268354353,128.89
2026-06-16 18:45:00+02:00,167.0546186602337,142.73
2026-06-16 19:00:00+02:00,142.43909091646424,126.98
2026-06-16 19:15:00+02:00,159.21326709793072,141.39
2026-06-16 19:30:00+02:00,183.0449408784996,154.11
2026-06-16 19:45:00+02:00,206.4442461621629,169.99
2026-06-16 20:00:00+02:00,196.8421086145147,150.54
2026-06-16 20:15:00+02:00,191.09798694089727,169.37
2026-06-16 20:30:00+02:00,187.3206406228186,180.63
2026-06-16 20:45:00+02:00,208.3615829313933,195.87
2026-06-16 21:00:00+02:00,187.04903514474307,186.36
2026-06-16 21:15:00+02:00,191.47291109456293,192.51
2026-06-16 21:30:00+02:00,177.35741072472592,182.16
2026-06-16 21:45:00+02:00,175.64975870655812,164.65
2026-06-16 22:00:00+02:00,168.1737517020206,191.46
2026-06-16 22:15:00+02:00,168.5702529752611,162.79
2026-06-16 22:30:00+02:00,152.91531157296117,153.99
2026-06-16 22:45:00+02:00,141.27315801392004,147.2
2026-06-16 23:00:00+02:00,151.03311064832351,152.53
2026-06-16 23:15:00+02:00,135.99981303283704,145.78
2026-06-16 23:30:00+02:00,136.40421885590507,140.07
2026-06-16 23:45:00+02:00,132.2652682249596,134.05
2026-06-17 00:00:00+02:00,143.9240434101391,148.96
2026-06-17 00:15:00+02:00,138.07258923539086,143.15
2026-06-17 00:30:00+02:00,131.2703572681861,139.0
2026-06-17 00:45:00+02:00,126.11637553327348,133.81
2026-06-17 01:00:00+02:00,133.78702882323495,144.03
2026-06-17 01:15:00+02:00,129.31945293235387,134.35
2026-06-17 01:30:00+02:00,128.67646623272626,133.14
2026-06-17 01:45:00+02:00,123.58950054918189,130.05
2026-06-17 02:00:00+02:00,125.5814655198081,131.79
2026-06-17 02:15:00+02:00,121.15380328825638,128.74
2026-06-17 02:30:00+02:00,122.71748758109817,128.7
2026-06-17 02:45:00+02:00,119.8855249029528,128.09
2026-06-17 03:00:00+02:00,120.00450530129298,128.42
2026-06-17 03:15:00+02:00,119.67542207525875,127.16
2026-06-17 03:30:00+02:00,118.28442033428287,127.81
2026-06-17 03:45:00+02:00,118.16451132927213,126.77
2026-06-17 04:00:00+02:00,117.2780467779343,125.94
2026-06-17 04:15:00+02:00,119.86670846393706,127.04
2026-06-17 04:30:00+02:00,115.26024542802136,127.61
2026-06-17 04:45:00+02:00,123.63084362386884,129.07
2026-06-17 05:00:00+02:00,116.08647436070707,126.19
2026-06-17 05:15:00+02:00,120.44868940985683,126.42
2026-06-17 05:30:00+02:00,123.90698518129032,128.4
2026-06-17 05:45:00+02:00,135.29600033962046,131.17
2026-06-17 06:00:00+02:00,131.90869061606057,138.52
2026-06-17 06:15:00+02:00,142.18582278961674,143.3
2026-06-17 06:30:00+02:00,139.35923785905882,143.76
2026-06-17 06:45:00+02:00,148.39804035179884,135.48
2026-06-17 07:00:00+02:00,154.9358277522694,149.27
2026-06-17 07:15:00+02:00,150.05124921765048,138.27
2026-06-17 07:30:00+02:00,138.2541922228553,135.48
2026-06-17 07:45:00+02:00,134.78562025207384,123.68
2026-06-17 08:00:00+02:00,145.4210488671224,133.09
2026-06-17 08:15:00+02:00,138.8475859946361,125.92
2026-06-17 08:30:00+02:00,138.6383320973098,117.58
2026-06-17 08:45:00+02:00,121.26204492684118,110.43
2026-06-17 09:00:00+02:00,126.74055575766512,119.3
2026-06-17 09:15:00+02:00,123.64329801813855,105.9
2026-06-17 09:30:00+02:00,116.27539054847173,102.79
2026-06-17 09:45:00+02:00,103.57802758816894,95.19
2026-06-17 10:00:00+02:00,111.8397965258157,102.55
2026-06-17 10:15:00+02:00,106.27619681519127,92.03
2026-06-17 10:30:00+02:00,102.0368941238035,84.65
2026-06-17 10:45:00+02:00,99.2604104982421,73.75
2026-06-17 11:00:00+02:00,108.49031760294157,90.77
2026-06-17 11:15:00+02:00,99.88097762362582,80.0
2026-06-17 11:30:00+02:00,89.39473024969274,72.87
2026-06-17 11:45:00+02:00,79.83091894285587,70.31
2026-06-17 12:00:00+02:00,82.32653017379738,78.95
2026-06-17 12:15:00+02:00,73.62196153914985,72.66
2026-06-17 12:30:00+02:00,68.19751450309566,70.47
2026-06-17 12:45:00+02:00,65.75418162560992,66.84
2026-06-17 13:00:00+02:00,67.06663890998685,69.99
2026-06-17 13:15:00+02:00,65.00466068504443,65.22
2026-06-17 13:30:00+02:00,71.65189407082953,60.25
2026-06-17 13:45:00+02:00,69.85517452412812,55.71
2026-06-17 14:00:00+02:00,66.11231028650282,62.0
2026-06-17 14:15:00+02:00,67.77091396851095,65.18
2026-06-17 14:30:00+02:00,73.9983259970472,65.86
2026-06-17 14:45:00+02:00,69.26579759672633,71.99
2026-06-17 15:00:00+02:00,77.67134792358225,67.66
2026-06-17 15:15:00+02:00,76.99037460996755,73.02
2026-06-17 15:30:00+02:00,93.07718303763752,78.97
2026-06-17 15:45:00+02:00,100.75075759777391,84.25
2026-06-17 16:00:00+02:00,95.55006961697022,74.94
2026-06-17 16:15:00+02:00,93.93944750236126,82.48
2026-06-17 16:30:00+02:00,94.4326026314736,94.03
2026-06-17 16:45:00+02:00,113.14600106072805,100.92
2026-06-17 17:00:00+02:00,94.96293129076089,87.59
2026-06-17 17:15:00+02:00,117.89218473809368,105.0
2026-06-17 17:30:00+02:00,128.52701312175273,112.68
2026-06-17 17:45:00+02:00,132.38674897291327,120.43
2026-06-17 18:00:00+02:00,126.41382857640743,110.08
2026-06-17 18:15:00+02:00,125.86226982824618,115.19
2026-06-17 18:30:00+02:00,140.8008051932475,124.96
2026-06-17 18:45:00+02:00,149.25109143859598,132.72
2026-06-17 19:00:00+02:00,141.24681509462442,129.68
2026-06-17 19:15:00+02:00,152.88588228325625,136.42
2026-06-17 19:30:00+02:00,171.05616438511362,148.13
2026-06-17 19:45:00+02:00,180.86762661070333,156.0
2026-06-17 20:00:00+02:00,178.80273459829962,146.82
2026-06-17 20:15:00+02:00,197.79448088706485,155.12
2026-06-17 20:30:00+02:00,214.96639460161822,172.75
2026-06-17 20:45:00+02:00,202.09240441346347,174.87
2026-06-17 21:00:00+02:00,194.74906795746978,173.55
2026-06-17 21:15:00+02:00,184.01280583715334,169.1
2026-06-17 21:30:00+02:00,171.7599273838125,161.2
2026-06-17 21:45:00+02:00,160.08891965724746,152.61
2026-06-17 22:00:00+02:00,176.1452897543765,172.96
2026-06-17 22:15:00+02:00,163.46147612274507,160.01
2026-06-17 22:30:00+02:00,152.8465307625476,154.54
2026-06-17 22:45:00+02:00,143.2264067877822,146.93
2026-06-17 23:00:00+02:00,151.52380528669863,152.02
2026-06-17 23:15:00+02:00,143.71217350558874,145.42
2026-06-17 23:30:00+02:00,137.1944494359358,138.98
2026-06-17 23:45:00+02:00,132.17285358865652,134.53
2026-06-18 00:00:00+02:00,150.19198504144993,143.06
2026-06-18 00:15:00+02:00,138.6544595426058,135.06
2026-06-18 00:30:00+02:00,135.74664074301143,134.15
2026-06-18 00:45:00+02:00,132.98135970900694,128.76
2026-06-18 01:00:00+02:00,139.28475965583095,129.56
2026-06-18 01:15:00+02:00,132.82678617134536,126.55
2026-06-18 01:30:00+02:00,130.20322262832963,124.29
2026-06-18 01:45:00+02:00,126.21986512610701,122.51
2026-06-18 02:00:00+02:00,130.024695736798,123.33
2026-06-18 02:15:00+02:00,127.56696357176222,121.85
2026-06-18 02:30:00+02:00,125.96388493521007,121.45
2026-06-18 02:45:00+02:00,124.39881106614466,120.82
2026-06-18 03:00:00+02:00,125.77044376302932,120.73
2026-06-18 03:15:00+02:00,123.71855013519948,119.15
2026-06-18 03:30:00+02:00,123.64464819892008,119.33
2026-06-18 03:45:00+02:00,120.52956141784038,119.53
2026-06-18 04:00:00+02:00,123.15591768436391,117.66
2026-06-18 04:15:00+02:00,124.01725013696995,118.61
2026-06-18 04:30:00+02:00,124.28578558219695,119.97
2026-06-18 04:45:00+02:00,124.10740015125407,121.01
2026-06-18 05:00:00+02:00,124.46004469514142,124.26
2026-06-18 05:15:00+02:00,123.75581862337654,124.96
2026-06-18 05:30:00+02:00,122.22572375716453,128.0
2026-06-18 05:45:00+02:00,129.35816466588767,131.14
2026-06-18 06:00:00+02:00,133.24994781396296,133.81
2026-06-18 06:15:00+02:00,139.3640755791446,137.58
2026-06-18 06:30:00+02:00,137.03303248162968,135.95
2026-06-18 06:45:00+02:00,134.4874476102193,133.86
2026-06-18 07:00:00+02:00,150.2830331445474,143.99
2026-06-18 07:15:00+02:00,131.28459197476917,137.46
2026-06-18 07:30:00+02:00,130.8639314116739,136.26
2026-06-18 07:45:00+02:00,114.41013631568927,123.35
2026-06-18 08:00:00+02:00,135.23042578459697,131.0
2026-06-18 08:15:00+02:00,127.22373653752086,123.6
2026-06-18 08:30:00+02:00,115.31462871113607,117.4
2026-06-18 08:45:00+02:00,106.13461826196563,102.93
2026-06-18 09:00:00+02:00,119.5497130157596,117.0
2026-06-18 09:15:00+02:00,99.6111296142926,104.99
2026-06-18 09:30:00+02:00,90.58861883574568,98.81
2026-06-18 09:45:00+02:00,71.17032023391585,86.06
2026-06-18 10:00:00+02:00,93.41189116210799,99.42
2026-06-18 10:15:00+02:00,79.02137842584176,83.45
2026-06-18 10:30:00+02:00,42.334007976622495,71.2
2026-06-18 10:45:00+02:00,16.759932452517745,46.47
2026-06-18 11:00:00+02:00,32.98527164768954,65.16
2026-06-18 11:15:00+02:00,17.903102258140745,50.6
2026-06-18 11:30:00+02:00,13.210152468908067,35.25
2026-06-18 11:45:00+02:00,10.775263393182536,25.1
2026-06-18 12:00:00+02:00,10.376265088544773,39.95
2026-06-18 12:15:00+02:00,8.825987420343814,28.68
2026-06-18 12:30:00+02:00,10.011968259807416,24.99
2026-06-18 12:45:00+02:00,16.903902655671452,19.37
2026-06-18 13:00:00+02:00,12.383714541503549,26.27
2026-06-18 13:15:00+02:00,16.558072400184123,21.89
2026-06-18 13:30:00+02:00,9.638275559318497,15.51
2026-06-18 13:45:00+02:00,4.641403000015756,11.01
2026-06-18 14:00:00+02:00,5.322170862869293,21.13
2026-06-18 14:15:00+02:00,3.937705144215371,23.76
2026-06-18 14:30:00+02:00,4.098652747465473,26.27
2026-06-18 14:45:00+02:00,8.07367109495917,32.44
2026-06-18 15:00:00+02:00,9.6216553459983,25.0
2026-06-18 15:15:00+02:00,13.468352544886773,42.0
2026-06-18 15:30:00+02:00,18.863433602708444,54.1
2026-06-18 15:45:00+02:00,34.65534153186336,71.29
2026-06-18 16:00:00+02:00,21.438532058100396,46.78
2026-06-18 16:15:00+02:00,32.72463905677122,74.96
2026-06-18 16:30:00+02:00,55.52700804974635,89.98
2026-06-18 16:45:00+02:00,86.37118232578715,104.52
2026-06-18 17:00:00+02:00,60.91997312015954,80.84
2026-06-18 17:15:00+02:00,91.93101405231963,100.22
2026-06-18 17:30:00+02:00,115.83623175360768,114.27
2026-06-18 17:45:00+02:00,129.0119743777302,126.73
2026-06-18 18:00:00+02:00,111.73227895069981,102.06
2026-06-18 18:15:00+02:00,123.39278985863545,127.02
2026-06-18 18:30:00+02:00,140.1769340512733,144.51
2026-06-18 18:45:00+02:00,156.176932283143,169.24
2026-06-18 19:00:00+02:00,142.84115326499898,148.14
2026-06-18 19:15:00+02:00,157.02518177348676,174.46
2026-06-18 19:30:00+02:00,183.79210690041134,277.52
2026-06-18 19:45:00+02:00,225.93887162200713,413.45
2026-06-18 20:00:00+02:00,206.43029542145578,319.25
2026-06-18 20:15:00+02:00,219.10729323825888,382.0
2026-06-18 20:30:00+02:00,267.4018157730943,494.27
2026-06-18 20:45:00+02:00,268.7489235790241,544.75
2026-06-18 21:00:00+02:00,230.4245694406925,529.97
2026-06-18 21:15:00+02:00,245.6965402332904,501.04
2026-06-18 21:30:00+02:00,209.96021054741584,390.01
2026-06-18 21:45:00+02:00,187.27818542610336,346.64
2026-06-18 22:00:00+02:00,201.15559472161004,400.01
2026-06-18 22:15:00+02:00,174.26117716896653,296.43
2026-06-18 22:30:00+02:00,158.57753566719273,196.85
2026-06-18 22:45:00+02:00,147.0187264105605,163.99
2026-06-18 23:00:00+02:00,158.3364365194937,187.55
2026-06-18 23:15:00+02:00,145.81089066873048,163.09
2026-06-18 23:30:00+02:00,139.44733817277182,155.16
2026-06-18 23:45:00+02:00,131.77956636011942,146.27
2026-06-19 00:00:00+02:00,143.6246724612653,154.26
2026-06-19 00:15:00+02:00,137.59621073195697,148.21
2026-06-19 00:30:00+02:00,131.3354561959185,143.99
2026-06-19 00:45:00+02:00,121.33346551254583,140.11
2026-06-19 01:00:00+02:00,131.71216053966646,142.05
2026-06-19 01:15:00+02:00,127.86541640131388,135.79
2026-06-19 01:30:00+02:00,124.97454438363125,128.43
2026-06-19 01:45:00+02:00,120.4723233686197,123.78
2026-06-19 02:00:00+02:00,124.73377325961445,130.43
2026-06-19 02:15:00+02:00,120.24584489176343,124.13
2026-06-19 02:30:00+02:00,120.11857421401353,122.95
2026-06-19 02:45:00+02:00,115.56831716598862,121.78
2026-06-19 03:00:00+02:00,118.37402924693114,121.78
2026-06-19 03:15:00+02:00,115.5294288290457,121.06
2026-06-19 03:30:00+02:00,115.35295033547794,120.0
2026-06-19 03:45:00+02:00,113.84907212773365,119.0
2026-06-19 04:00:00+02:00,112.83423565363626,117.83
2026-06-19 04:15:00+02:00,112.5480297128628,118.51
2026-06-19 04:30:00+02:00,109.64914034886561,118.45
2026-06-19 04:45:00+02:00,110.8423086863728,119.08
2026-06-19 05:00:00+02:00,115.31118931006135,118.0
2026-06-19 05:15:00+02:00,112.93863454395957,119.24
2026-06-19 05:30:00+02:00,116.49322865617809,120.93
2026-06-19 05:45:00+02:00,114.12274527315361,124.21
2026-06-19 06:00:00+02:00,115.39608711939415,142.55
2026-06-19 06:15:00+02:00,117.37964798627955,141.33
2026-06-19 06:30:00+02:00,115.78478447357203,140.23
2026-06-19 06:45:00+02:00,123.74797536280614,130.76
2026-06-19 07:00:00+02:00,130.4158112605818,139.73
2026-06-19 07:15:00+02:00,119.6812724402616,136.16
2026-06-19 07:30:00+02:00,121.83905603895444,123.12
2026-06-19 07:45:00+02:00,112.73906399488811,110.48
2026-06-19 08:00:00+02:00,130.26926110351306,123.05
2026-06-19 08:15:00+02:00,128.00668795824186,114.71
2026-06-19 08:30:00+02:00,116.8481217541244,109.69
2026-06-19 08:45:00+02:00,84.7360982951237,100.38
2026-06-19 09:00:00+02:00,120.06065754231695,112.4
2026-06-19 09:15:00+02:00,93.55336996681127,103.72
2026-06-19 09:30:00+02:00,68.6858592379852,89.7
2026-06-19 09:45:00+02:00,38.057650035026214,75.76
2026-06-19 10:00:00+02:00,38.24283983968713,90.08
2026-06-19 10:15:00+02:00,17.930539455937577,80.07
2026-06-19 10:30:00+02:00,7.848110554322439,65.07
2026-06-19 10:45:00+02:00,10.174245578258097,44.41
2026-06-19 11:00:00+02:00,3.47202024961814,53.93
2026-06-19 11:15:00+02:00,-0.45544445533074907,38.6
2026-06-19 11:30:00+02:00,-0.4675971426087493,24.83
2026-06-19 11:45:00+02:00,2.752103278231673,11.0
2026-06-19 12:00:00+02:00,6.411519667254669,21.8
2026-06-19 12:15:00+02:00,-3.165564968737793,14.01
2026-06-19 12:30:00+02:00,3.059650508105525,14.2
2026-06-19 12:45:00+02:00,-4.216254934544733,9.99
2026-06-19 13:00:00+02:00,-4.510251414733313,12.97
2026-06-19 13:15:00+02:00,-10.034664783901706,10.31
2026-06-19 13:30:00+02:00,-4.064510313600114,12.03
2026-06-19 13:45:00+02:00,-6.858215201780098,9.63
2026-06-19 14:00:00+02:00,-4.426803434541316,10.44
2026-06-19 14:15:00+02:00,-6.940869746679657,13.59
2026-06-19 14:30:00+02:00,-1.6270243790422991,16.1
2026-06-19 14:45:00+02:00,-2.281211500841454,25.09
2026-06-19 15:00:00+02:00,-3.7699831552938097,18.74
2026-06-19 15:15:00+02:00,-4.311701558598032,32.31
2026-06-19 15:30:00+02:00,-5.2479257965498824,49.48
2026-06-19 15:45:00+02:00,5.037691895702803,70.88
2026-06-19 16:00:00+02:00,-2.9229684391532125,50.72
2026-06-19 16:15:00+02:00,-0.2990648487899321,78.37
2026-06-19 16:30:00+02:00,5.609374339358588,89.28
2026-06-19 16:45:00+02:00,28.45046988265024,104.37
2026-06-19 17:00:00+02:00,10.301808936664251,90.57
2026-06-19 17:15:00+02:00,39.964033567251086,106.85
2026-06-19 17:30:00+02:00,79.46755041180695,114.13
2026-06-19 17:45:00+02:00,111.68030917558559,121.74
2026-06-19 18:00:00+02:00,74.16168602268749,110.65
2026-06-19 18:15:00+02:00,102.0230727730777,121.31
2026-06-19 18:30:00+02:00,134.9778432704264,135.37
2026-06-19 18:45:00+02:00,147.4583037118383,151.48
2026-06-19 19:00:00+02:00,123.2415941452041,143.8
2026-06-19 19:15:00+02:00,140.24293675127942,153.85
2026-06-19 19:30:00+02:00,155.96437293368473,179.84
2026-06-19 19:45:00+02:00,179.11511362016049,205.65
2026-06-19 20:00:00+02:00,166.6307765482632,186.52
2026-06-19 20:15:00+02:00,167.48868156014032,199.16
2026-06-19 20:30:00+02:00,170.0717664297368,207.14
2026-06-19 20:45:00+02:00,169.15364005005299,212.62
2026-06-19 21:00:00+02:00,170.18457849384058,201.62
2026-06-19 21:15:00+02:00,160.8618880416253,195.7
2026-06-19 21:30:00+02:00,142.91115538138746,183.88
2026-06-19 21:45:00+02:00,138.1003454548827,160.93
2026-06-19 22:00:00+02:00,147.682251632409,173.33
2026-06-19 22:15:00+02:00,138.8200837810064,162.4
2026-06-19 22:30:00+02:00,131.35384557699427,150.07
2026-06-19 22:45:00+02:00,124.43640137941,145.65
2026-06-19 23:00:00+02:00,130.36616043536034,148.51
2026-06-19 23:15:00+02:00,126.07190441956817,142.16
2026-06-19 23:30:00+02:00,123.02284433220085,133.86
2026-06-19 23:45:00+02:00,117.57746035096004,126.6
2026-06-20 00:00:00+02:00,149.04193289405285,142.77
2026-06-20 00:15:00+02:00,140.1567057489272,133.14
2026-06-20 00:30:00+02:00,129.9210141716548,123.94
2026-06-20 00:45:00+02:00,123.80786604653126,121.55
2026-06-20 01:00:00+02:00,135.0887314059371,123.6
2026-06-20 01:15:00+02:00,124.8854630679583,120.16
2026-06-20 01:30:00+02:00,120.88409450390499,120.12
2026-06-20 01:45:00+02:00,118.00759453341828,120.6
2026-06-20 02:00:00+02:00,119.79719685696158,120.55
2026-06-20 02:15:00+02:00,118.94212238136998,119.45
2026-06-20 02:30:00+02:00,115.1451288583839,117.95
2026-06-20 02:45:00+02:00,116.24484141321771,116.45
2026-06-20 03:00:00+02:00,115.84984715173836,118.61
2026-06-20 03:15:00+02:00,117.08586732187062,116.81
2026-06-20 03:30:00+02:00,115.9591653092265,116.62
2026-06-20 03:45:00+02:00,117.965081548828,115.01
2026-06-20 04:00:00+02:00,110.7570335110509,113.88
2026-06-20 04:15:00+02:00,113.83831503781389,114.95
2026-06-20 04:30:00+02:00,116.8979439319463,114.76
2026-06-20 04:45:00+02:00,116.55219654482167,115.6
2026-06-20 05:00:00+02:00,117.6928373244977,116.33
2026-06-20 05:15:00+02:00,121.24947905608417,115.99
2026-06-20 05:30:00+02:00,123.62366012582741,113.75
2026-06-20 05:45:00+02:00,122.71440171716114,111.9
2026-06-20 06:00:00+02:00,129.34876746060192,116.96
2026-06-20 06:15:00+02:00,117.15075876660272,112.4
2026-06-20 06:30:00+02:00,115.85347561868682,109.54
2026-06-20 06:45:00+02:00,111.30831078164867,100.01
2026-06-20 07:00:00+02:00,116.39372304008847,114.3
2026-06-20 07:15:00+02:00,106.09449552286405,108.42
2026-06-20 07:30:00+02:00,102.74561932598994,98.67
2026-06-20 07:45:00+02:00,94.34475764487732,85.32
2026-06-20 08:00:00+02:00,103.18643374499607,115.0
2026-06-20 08:15:00+02:00,102.7820126858161,99.2
2026-06-20 08:30:00+02:00,87.86518225174798,82.55
2026-06-20 08:45:00+02:00,74.33141828304542,63.2
2026-06-20 09:00:00+02:00,102.0984006153503,83.83
2026-06-20 09:15:00+02:00,72.54196137309381,53.82
2026-06-20 09:30:00+02:00,76.7862919193894,23.46
2026-06-20 09:45:00+02:00,59.88664793039453,4.23
2026-06-20 10:00:00+02:00,80.74803674264467,11.79
2026-06-20 10:15:00+02:00,52.48761605034302,3.99
2026-06-20 10:30:00+02:00,39.18494694450232,0.71
2026-06-20 10:45:00+02:00,22.994162568825605,0.01
2026-06-20 11:00:00+02:00,33.77074351839019,0.0
2026-06-20 11:15:00+02:00,17.986464733045125,0.0
2026-06-20 11:30:00+02:00,13.406331330884312,0.0
2026-06-20 11:45:00+02:00,7.292295596891713,-0.01
2026-06-20 12:00:00+02:00,12.33176784975456,-0.01
2026-06-20 12:15:00+02:00,6.705293701098738,-0.01
2026-06-20 12:30:00+02:00,3.5614103187663275,-0.01
2026-06-20 12:45:00+02:00,8.313977099697764,-0.02
2026-06-20 13:00:00+02:00,3.048097569597836,-0.01
2026-06-20 13:15:00+02:00,6.037464493035096,-0.02
2026-06-20 13:30:00+02:00,3.3506315969900187,-0.02
2026-06-20 13:45:00+02:00,4.781645758908897,-0.02
2026-06-20 14:00:00+02:00,6.924929859283695,-0.02
2026-06-20 14:15:00+02:00,1.4349581857165168,-0.01
2026-06-20 14:30:00+02:00,4.159811787848773,-0.01
2026-06-20 14:45:00+02:00,4.819696040971504,-0.01
2026-06-20 15:00:00+02:00,5.7278414700423355,0.0
2026-06-20 15:15:00+02:00,4.992528533611853,0.0
2026-06-20 15:30:00+02:00,8.85978198288118,0.0
2026-06-20 15:45:00+02:00,19.514522966897495,1.0
2026-06-20 16:00:00+02:00,13.609833479554347,0.15
2026-06-20 16:15:00+02:00,23.838028579332452,5.11
2026-06-20 16:30:00+02:00,20.834254081782326,16.18
2026-06-20 16:45:00+02:00,39.98454210450239,51.79
2026-06-20 17:00:00+02:00,22.15144386753932,14.0
2026-06-20 17:15:00+02:00,80.45893520609289,82.87
2026-06-20 17:30:00+02:00,103.95528758358736,107.79
2026-06-20 17:45:00+02:00,125.37272085859496,132.22
2026-06-20 18:00:00+02:00,97.49152305247716,101.29
2026-06-20 18:15:00+02:00,121.0530876583459,117.45
2026-06-20 18:30:00+02:00,139.1858564829975,125.49
2026-06-20 18:45:00+02:00,159.713464762483,134.9
2026-06-20 19:00:00+02:00,133.35230170872438,123.08
2026-06-20 19:15:00+02:00,143.22475417810287,142.11
2026-06-20 19:30:00+02:00,160.7734065140543,152.61
2026-06-20 19:45:00+02:00,180.9285570758285,171.79
2026-06-20 20:00:00+02:00,151.9087792863395,150.75
2026-06-20 20:15:00+02:00,170.02419861099563,164.14
2026-06-20 20:30:00+02:00,183.9023347072797,178.89
2026-06-20 20:45:00+02:00,185.16000106248063,194.17
2026-06-20 21:00:00+02:00,178.91149451893176,183.51
2026-06-20 21:15:00+02:00,173.1726864870072,180.25
2026-06-20 21:30:00+02:00,179.07339498401655,187.83
2026-06-20 21:45:00+02:00,170.46297484532266,178.61
2026-06-20 22:00:00+02:00,177.00653809410736,183.89
2026-06-20 22:15:00+02:00,165.36919721571513,164.82
2026-06-20 22:30:00+02:00,154.28911804461643,161.56
2026-06-20 22:45:00+02:00,145.05315545022773,150.0
2026-06-20 23:00:00+02:00,154.1024648955697,157.28
2026-06-20 23:15:00+02:00,144.1763835147175,150.02
2026-06-20 23:30:00+02:00,139.11430128271522,143.05
2026-06-20 23:45:00+02:00,135.0055296086523,136.88
2026-06-21 00:00:00+02:00,146.58074011153934,148.17
2026-06-21 00:15:00+02:00,141.7614500731911,138.76
2026-06-21 00:30:00+02:00,134.17881189824627,134.02
2026-06-21 00:45:00+02:00,127.09682078497113,130.71
2026-06-21 01:00:00+02:00,134.3736865106132,131.6
2026-06-21 01:15:00+02:00,132.10550164869062,129.38
2026-06-21 01:30:00+02:00,128.94516737842375,127.65
2026-06-21 01:45:00+02:00,124.05488215109918,125.63
2026-06-21 02:00:00+02:00,130.4516424924528,129.18
2026-06-21 02:15:00+02:00,128.48385865865623,125.92
2026-06-21 02:30:00+02:00,127.71206074500309,125.65
2026-06-21 02:45:00+02:00,125.78665777482459,124.91
2026-06-21 03:00:00+02:00,123.84132438233041,124.99
2026-06-21 03:15:00+02:00,123.33032869221302,124.95
2026-06-21 03:30:00+02:00,122.2589674652485,123.94
2026-06-21 03:45:00+02:00,122.09630349517803,122.8
2026-06-21 04:00:00+02:00,122.6443051940788,122.79
2026-06-21 04:15:00+02:00,123.04091912803214,122.51
2026-06-21 04:30:00+02:00,123.1158272290988,122.18
2026-06-21 04:45:00+02:00,121.74542621310856,122.25
2026-06-21 05:00:00+02:00,124.77710943375983,124.34
2026-06-21 05:15:00+02:00,122.20237961014958,120.23
2026-06-21 05:30:00+02:00,118.19067679194698,119.66
2026-06-21 05:45:00+02:00,112.47904510603556,114.12
2026-06-21 06:00:00+02:00,119.79029086481964,120.01
2026-06-21 06:15:00+02:00,115.06652017482004,113.45
2026-06-21 06:30:00+02:00,105.54727576172002,110.18
2026-06-21 06:45:00+02:00,97.40754149691818,104.76
2026-06-21 07:00:00+02:00,114.17861108027843,118.1
2026-06-21 07:15:00+02:00,98.66513196937038,110.11
2026-06-21 07:30:00+02:00,87.32939879972709,98.3
2026-06-21 07:45:00+02:00,78.81930120841375,82.91
2026-06-21 08:00:00+02:00,100.26626601439814,109.94
2026-06-21 08:15:00+02:00,85.85103089270964,84.68
2026-06-21 08:30:00+02:00,68.34754551912627,60.0
2026-06-21 08:45:00+02:00,47.716387963902065,28.64
2026-06-21 09:00:00+02:00,50.85830266326312,53.06
2026-06-21 09:15:00+02:00,45.462524920610015,35.25
2026-06-21 09:30:00+02:00,25.56416688662725,12.54
2026-06-21 09:45:00+02:00,-4.806628842763814,3.08
2026-06-21 10:00:00+02:00,-3.2026858542344883,4.1
2026-06-21 10:15:00+02:00,-3.4051838730294577,1.31
2026-06-21 10:30:00+02:00,-4.258853782526565,0.04
2026-06-21 10:45:00+02:00,-9.747454577654011,0.0
2026-06-21 11:00:00+02:00,-5.572317647739446,0.0
2026-06-21 11:15:00+02:00,-6.872821841794426,0.0
2026-06-21 11:30:00+02:00,-7.471514357442512,0.0
2026-06-21 11:45:00+02:00,-5.35928782140692,-0.01
2026-06-21 12:00:00+02:00,-2.86623644780512,0.0
2026-06-21 12:15:00+02:00,-4.159136482410441,-0.01
2026-06-21 12:30:00+02:00,-4.815750611028639,-0.01
2026-06-21 12:45:00+02:00,-3.4755728910655654,-0.01
2026-06-21 13:00:00+02:00,-7.171986574470717,-0.01
2026-06-21 13:15:00+02:00,-5.79311387256236,-0.01
2026-06-21 13:30:00+02:00,0.6237169082490086,-0.01
2026-06-21 13:45:00+02:00,0.7990149531651638,-0.01
2026-06-21 14:00:00+02:00,1.329112722123012,-0.01
2026-06-21 14:15:00+02:00,-5.357043312815732,-0.01
2026-06-21 14:30:00+02:00,-4.544015550921803,0.0
2026-06-21 14:45:00+02:00,-5.370184807969665,0.0
2026-06-21 15:00:00+02:00,-1.13300024629907,0.0
2026-06-21 15:15:00+02:00,-2.2365352471132853,0.0
2026-06-21 15:30:00+02:00,-6.565792553535864,0.0
2026-06-21 15:45:00+02:00,-4.031793597816243,0.03
2026-06-21 16:00:00+02:00,2.8786442312679554,0.11
2026-06-21 16:15:00+02:00,18.169821731656405,2.05
2026-06-21 16:30:00+02:00,9.787797588823146,6.85
2026-06-21 16:45:00+02:00,46.22480355156799,42.04
2026-06-21 17:00:00+02:00,23.12789306787169,20.05
2026-06-21 17:15:00+02:00,85.61385085731854,71.81
2026-06-21 17:30:00+02:00,105.4816759466637,95.84
2026-06-21 17:45:00+02:00,123.47470379975857,123.18
2026-06-21 18:00:00+02:00,101.69398679629582,100.07
2026-06-21 18:15:00+02:00,118.12236123493702,111.62
2026-06-21 18:30:00+02:00,134.2268280046731,117.94
2026-06-21 18:45:00+02:00,150.26720592382281,132.83
2026-06-21 19:00:00+02:00,126.94374193797462,118.38
2026-06-21 19:15:00+02:00,136.6823734735177,134.57
2026-06-21 19:30:00+02:00,145.3438357169822,140.02
2026-06-21 19:45:00+02:00,164.60049366889368,142.71
2026-06-21 20:00:00+02:00,148.45334704802133,142.87
2026-06-21 20:15:00+02:00,160.6076342077665,149.57
2026-06-21 20:30:00+02:00,167.98479119514013,153.13
2026-06-21 20:45:00+02:00,183.54145540056751,154.44
2026-06-21 21:00:00+02:00,178.56600388084118,152.23
2026-06-21 21:15:00+02:00,166.85662891279122,150.92
2026-06-21 21:30:00+02:00,171.0367799978383,150.0
2026-06-21 21:45:00+02:00,162.8587302492215,147.91
2026-06-21 22:00:00+02:00,176.86088764443775,150.27
2026-06-21 22:15:00+02:00,161.91106949163495,149.64
2026-06-21 22:30:00+02:00,153.0273315567266,145.73
2026-06-21 22:45:00+02:00,142.60165831214945,138.76
2026-06-21 23:00:00+02:00,148.41261901988412,144.46
2026-06-21 23:15:00+02:00,142.67912392490072,136.22
2026-06-21 23:30:00+02:00,138.18377190297883,132.61
2026-06-21 23:45:00+02:00,134.13549349581348,122.68
2026-06-22 00:00:00+02:00,143.6403518001688,138.16
2026-06-22 00:15:00+02:00,134.81890484096468,129.33
2026-06-22 00:30:00+02:00,130.48640362611914,124.27
2026-06-22 00:45:00+02:00,128.0137554699404,121.75
2026-06-22 01:00:00+02:00,131.97878384921606,122.77
2026-06-22 01:15:00+02:00,125.22580682360122,121.19
2026-06-22 01:30:00+02:00,121.78045607484866,118.97
2026-06-22 01:45:00+02:00,120.43211015281449,117.56
2026-06-22 02:00:00+02:00,121.78654403507713,119.42
2026-06-22 02:15:00+02:00,120.78285575736895,114.98
2026-06-22 02:30:00+02:00,120.03435658905502,113.15
2026-06-22 02:45:00+02:00,119.39390174777094,112.3
2026-06-22 03:00:00+02:00,122.32854950780586,114.64
2026-06-22 03:15:00+02:00,123.86469408777518,114.8
2026-06-22 03:30:00+02:00,122.05118925047323,115.01
2026-06-22 03:45:00+02:00,121.2054042493044,116.45
2026-06-22 04:00:00+02:00,121.31482244333789,114.4
2026-06-22 04:15:00+02:00,121.44668741656774,116.23
2026-06-22 04:30:00+02:00,120.15897151735041,117.82
2026-06-22 04:45:00+02:00,122.75180375470613,120.07
2026-06-22 05:00:00+02:00,122.6697891994649,118.61
2026-06-22 05:15:00+02:00,122.11880966972362,121.36
2026-06-22 05:30:00+02:00,125.87098518915074,123.07
2026-06-22 05:45:00+02:00,130.07283597580812,132.52
2026-06-22 06:00:00+02:00,138.11676324454467,136.17
2026-06-22 06:15:00+02:00,140.5221109376257,140.91
2026-06-22 06:30:00+02:00,140.74062749114424,142.09
2026-06-22 06:45:00+02:00,142.21332583095932,142.2
2026-06-22 07:00:00+02:00,150.13710983560088,153.56
2026-06-22 07:15:00+02:00,137.314607750576,148.75
2026-06-22 07:30:00+02:00,134.75719330997512,146.84
2026-06-22 07:45:00+02:00,119.69353445770474,135.0
2026-06-22 08:00:00+02:00,151.38666497743566,147.33
2026-06-22 08:15:00+02:00,133.45869826982255,134.3
2026-06-22 08:30:00+02:00,120.42516795028911,125.31
2026-06-22 08:45:00+02:00,98.67293145690194,108.35
2026-06-22 09:00:00+02:00,121.20605800938812,123.2
2026-06-22 09:15:00+02:00,102.34980657062,113.52
2026-06-22 09:30:00+02:00,95.86299025677837,101.22
2026-06-22 09:45:00+02:00,72.6051182429805,90.71
2026-06-22 10:00:00+02:00,93.87880358855917,104.95
2026-06-22 10:15:00+02:00,85.35078022513609,88.13
2026-06-22 10:30:00+02:00,62.94494353618424,80.51
2026-06-22 10:45:00+02:00,45.34817797069846,65.0
2026-06-22 11:00:00+02:00,49.528144618443825,71.01
2026-06-22 11:15:00+02:00,28.220066885184693,61.2
2026-06-22 11:30:00+02:00,24.752071390586032,51.0
2026-06-22 11:45:00+02:00,17.08597320480618,46.0
2026-06-22 12:00:00+02:00,26.155868888874373,49.66
2026-06-22 12:15:00+02:00,25.03774527702334,40.5
2026-06-22 12:30:00+02:00,15.908134130266479,37.9
2026-06-22 12:45:00+02:00,12.663473950586265,30.01
2026-06-22 13:00:00+02:00,10.006660589109686,35.68
2026-06-22 13:15:00+02:00,12.49298227138382,33.19
2026-06-22 13:30:00+02:00,22.660176593582936,30.24
2026-06-22 13:45:00+02:00,26.457429461366043,30.25
2026-06-22 14:00:00+02:00,27.190734663685074,29.71
2026-06-22 14:15:00+02:00,34.21403801469653,39.61
2026-06-22 14:30:00+02:00,31.70565270056468,44.94
2026-06-22 14:45:00+02:00,41.03226114445958,52.96
2026-06-22 15:00:00+02:00,35.92570486429136,48.38
2026-06-22 15:15:00+02:00,50.36179749554487,59.06
2026-06-22 15:30:00+02:00,50.667197267478244,65.51
2026-06-22 15:45:00+02:00,65.21868316675517,81.12
2026-06-22 16:00:00+02:00,58.54991083212505,72.3
2026-06-22 16:15:00+02:00,71.56151267918504,84.33
2026-06-22 16:30:00+02:00,70.65579916621526,94.04
2026-06-22 16:45:00+02:00,87.75506258639089,112.92
2026-06-22 17:00:00+02:00,70.98395335819377,92.65
2026-06-22 17:15:00+02:00,89.02387423386259,111.91
2026-06-22 17:30:00+02:00,109.67076599213476,120.11
2026-06-22 17:45:00+02:00,126.77193376712417,131.61
2026-06-22 18:00:00+02:00,104.11342794356138,119.94
2026-06-22 18:15:00+02:00,117.78114024665862,131.55
2026-06-22 18:30:00+02:00,129.42471696174584,149.23
2026-06-22 18:45:00+02:00,142.2896484388664,181.62
2026-06-22 19:00:00+02:00,130.134158446801,150.06
2026-06-22 19:15:00+02:00,146.6477758057085,165.89
2026-06-22 19:30:00+02:00,163.20109615900228,208.69
2026-06-22 19:45:00+02:00,209.7520368467222,269.39
2026-06-22 20:00:00+02:00,197.44270739927015,222.38
2026-06-22 20:15:00+02:00,195.1827903509551,263.67
2026-06-22 20:30:00+02:00,195.6496733643414,293.0
2026-06-22 20:45:00+02:00,220.57726085697323,308.06
2026-06-22 21:00:00+02:00,203.65048522699328,287.12
2026-06-22 21:15:00+02:00,203.69626757399956,270.1
2026-06-22 21:30:00+02:00,186.88726093179338,241.87
2026-06-22 21:45:00+02:00,160.39599235360132,202.73
2026-06-22 22:00:00+02:00,193.0868666216557,229.3
2026-06-22 22:15:00+02:00,165.21944354283602,204.92
2026-06-22 22:30:00+02:00,154.2804984196801,170.6
2026-06-22 22:45:00+02:00,142.9631110703811,153.46
2026-06-22 23:00:00+02:00,152.10299846355284,164.0
2026-06-22 23:15:00+02:00,146.91932756197303,159.86
2026-06-22 23:30:00+02:00,140.7271259674962,153.49
2026-06-22 23:45:00+02:00,133.25866558236362,146.66
2026-06-23 00:00:00+02:00,148.178074978016,154.13
2026-06-23 00:15:00+02:00,142.19871222043872,148.58
2026-06-23 00:30:00+02:00,137.83973388381054,143.09
2026-06-23 00:45:00+02:00,131.5657766325736,138.44
2026-06-23 01:00:00+02:00,135.25621399041933,143.71
2026-06-23 01:15:00+02:00,129.6557394451907,139.12
2026-06-23 01:30:00+02:00,127.81681744533516,137.82
2026-06-23 01:45:00+02:00,127.58840138956457,135.85
2026-06-23 02:00:00+02:00,128.75572137579988,136.68
2026-06-23 02:15:00+02:00,128.36678289726137,135.01
2026-06-23 02:30:00+02:00,126.76822517308837,133.83
2026-06-23 02:45:00+02:00,124.03529767627953,134.52
2026-06-23 03:00:00+02:00,125.85583173211596,134.9
2026-06-23 03:15:00+02:00,124.66206610102951,136.35
2026-06-23 03:30:00+02:00,123.3554716126014,135.47
2026-06-23 03:45:00+02:00,122.79939983404356,136.57
2026-06-23 04:00:00+02:00,122.88504184835809,136.49
2026-06-23 04:15:00+02:00,123.94381546400265,136.12
2026-06-23 04:30:00+02:00,124.14117279781273,137.43
2026-06-23 04:45:00+02:00,123.75744311325951,142.2
2026-06-23 05:00:00+02:00,124.29435719480708,135.54
2026-06-23 05:15:00+02:00,124.6533440774115,136.66
2026-06-23 05:30:00+02:00,128.7668149381413,143.23
2026-06-23 05:45:00+02:00,133.19417254976415,153.77
2026-06-23 06:00:00+02:00,141.2095865272512,152.95
2026-06-23 06:15:00+02:00,142.18252516655886,163.3
2026-06-23 06:30:00+02:00,142.53679404379577,167.98
2026-06-23 06:45:00+02:00,139.40854070088082,172.65
2026-06-23 07:00:00+02:00,152.9736657422109,181.9
2026-06-23 07:15:00+02:00,144.74148723928178,167.7
2026-06-23 07:30:00+02:00,141.1705467795372,154.13
2026-06-23 07:45:00+02:00,130.12039278431277,136.8
2026-06-23 08:00:00+02:00,145.1006332956347,158.07
2026-06-23 08:15:00+02:00,132.9253708016584,141.51
2026-06-23 08:30:00+02:00,121.4887990360275,123.0
2026-06-23 08:45:00+02:00,102.52845646889483,112.57
2026-06-23 09:00:00+02:00,120.8120240153268,124.07
2026-06-23 09:15:00+02:00,110.68120533983618,115.8
2026-06-23 09:30:00+02:00,94.06851717528846,108.01
2026-06-23 09:45:00+02:00,82.9266671464994,100.59
2026-06-23 10:00:00+02:00,100.25867804976723,113.1
2026-06-23 10:15:00+02:00,84.46103455575981,99.87
2026-06-23 10:30:00+02:00,72.53465593187171,89.95
2026-06-23 10:45:00+02:00,56.51220122808732,82.33
2026-06-23 11:00:00+02:00,60.73135462982928,86.57
2026-06-23 11:15:00+02:00,43.74154233140612,79.48
2026-06-23 11:30:00+02:00,36.099695224784384,70.89
2026-06-23 11:45:00+02:00,31.017982715712606,69.14
2026-06-23 12:00:00+02:00,32.13876602903603,76.72
2026-06-23 12:15:00+02:00,32.557386970766046,67.63
2026-06-23 12:30:00+02:00,29.91545038520348,63.67
2026-06-23 12:45:00+02:00,26.04682755938409,60.56
2026-06-23 13:00:00+02:00,32.30387027716501,62.71
2026-06-23 13:15:00+02:00,27.128954824759145,62.14
2026-06-23 13:30:00+02:00,29.357545327145942,59.2
2026-06-23 13:45:00+02:00,30.459917391931928,57.33
2026-06-23 14:00:00+02:00,33.577894594193396,57.39
2026-06-23 14:15:00+02:00,40.28144692514626,63.46
2026-06-23 14:30:00+02:00,43.539298877632454,71.7
2026-06-23 14:45:00+02:00,48.57722637348184,78.06
2026-06-23 15:00:00+02:00,43.647848031264374,68.4
2026-06-23 15:15:00+02:00,50.35409720279875,75.32
2026-06-23 15:30:00+02:00,59.20325852358626,88.73
2026-06-23 15:45:00+02:00,73.53131017306599,92.96
2026-06-23 16:00:00+02:00,65.57909359678656,80.96
2026-06-23 16:15:00+02:00,80.93675200520026,95.79
2026-06-23 16:30:00+02:00,99.74113823599687,107.51
2026-06-23 16:45:00+02:00,113.61263487578492,120.0
2026-06-23 17:00:00+02:00,92.59435665090835,103.3
2026-06-23 17:15:00+02:00,100.17379153320259,117.33
2026-06-23 17:30:00+02:00,116.49397949431383,124.07
2026-06-23 17:45:00+02:00,129.72112425263526,142.13
2026-06-23 18:00:00+02:00,111.8670135250731,119.87
2026-06-23 18:15:00+02:00,127.81337483129711,147.23
2026-06-23 18:30:00+02:00,140.48614667970108,178.52
2026-06-23 18:45:00+02:00,164.41499734590624,233.11
2026-06-23 19:00:00+02:00,144.18099590225185,180.97
2026-06-23 19:15:00+02:00,157.26340067211464,243.87
2026-06-23 19:30:00+02:00,191.9684714719777,423.37
2026-06-23 19:45:00+02:00,229.7906008292409,514.61
2026-06-23 20:00:00+02:00,208.40305089555497,458.7
2026-06-23 20:15:00+02:00,242.70543513742302,529.61
2026-06-23 20:30:00+02:00,274.7644376797831,578.69
2026-06-23 20:45:00+02:00,286.44678099047314,615.02
2026-06-23 21:00:00+02:00,265.5729353994568,565.74
2026-06-23 21:15:00+02:00,248.01862400442803,555.28
2026-06-23 21:30:00+02:00,235.34179204319415,546.71
2026-06-23 21:45:00+02:00,205.61796560135286,447.22
2026-06-23 22:00:00+02:00,228.05045723328573,462.55
2026-06-23 22:15:00+02:00,194.61619798857816,419.71
2026-06-23 22:30:00+02:00,169.97778362696616,265.68
2026-06-23 22:45:00+02:00,149.8969602194503,192.53
2026-06-23 23:00:00+02:00,163.9128782073802,218.47
2026-06-23 23:15:00+02:00,155.0383505114167,222.47
2026-06-23 23:30:00+02:00,146.1579557803419,187.3
2026-06-23 23:45:00+02:00,136.7045717792599,169.35
2026-06-24 00:00:00+02:00,149.41267945734754,214.52
2026-06-24 00:15:00+02:00,142.79112985238217,179.78
2026-06-24 00:30:00+02:00,132.08284090747458,165.0
2026-06-24 00:45:00+02:00,130.3518246153506,155.91
2026-06-24 01:00:00+02:00,137.36010033139712,179.63
2026-06-24 01:15:00+02:00,132.5540742197826,164.26
2026-06-24 01:30:00+02:00,130.84189951898432,156.72
2026-06-24 01:45:00+02:00,130.52737286901993,150.01
2026-06-24 02:00:00+02:00,133.87679949814688,151.74
2026-06-24 02:15:00+02:00,129.137553900639,148.08
2026-06-24 02:30:00+02:00,128.14739502676247,147.39
2026-06-24 02:45:00+02:00,127.88281360466189,144.81
2026-06-24 03:00:00+02:00,129.6407515115124,144.5
2026-06-24 03:15:00+02:00,130.8696342756278,143.98
2026-06-24 03:30:00+02:00,129.62368684194368,143.93
2026-06-24 03:45:00+02:00,130.0530570404246,143.79
2026-06-24 04:00:00+02:00,125.08511494073397,144.02
2026-06-24 04:15:00+02:00,127.25765040162275,144.55
2026-06-24 04:30:00+02:00,130.30467481410466,144.18
2026-06-24 04:45:00+02:00,132.28715212698168,145.09
2026-06-24 05:00:00+02:00,130.11683051373134,145.16
2026-06-24 05:15:00+02:00,130.88103724603553,148.81
2026-06-24 05:30:00+02:00,132.255685850973,154.62
2026-06-24 05:45:00+02:00,136.81764348478603,157.88
2026-06-24 06:00:00+02:00,137.46790959601168,169.51
2026-06-24 06:15:00+02:00,145.82762605415616,169.78
2026-06-24 06:30:00+02:00,150.17335449436928,180.88
2026-06-24 06:45:00+02:00,145.45114710998732,192.5
2026-06-24 07:00:00+02:00,153.4931355053682,210.74
2026-06-24 07:15:00+02:00,148.7795567791047,178.78
2026-06-24 07:30:00+02:00,138.66433572064167,159.81
2026-06-24 07:45:00+02:00,129.7126592070743,141.11
2026-06-24 08:00:00+02:00,142.99951358806132,190.76
2026-06-24 08:15:00+02:00,134.41651886488646,150.91
2026-06-24 08:30:00+02:00,118.52611826342188,140.75
2026-06-24 08:45:00+02:00,101.63353419416937,114.97
2026-06-24 09:00:00+02:00,122.53196390513415,138.9
2026-06-24 09:15:00+02:00,105.90008586543074,124.82
2026-06-24 09:30:00+02:00,92.99028428753044,110.39
2026-06-24 09:45:00+02:00,74.52926047423455,103.14
2026-06-24 10:00:00+02:00,98.66329886629164,120.91
2026-06-24 10:15:00+02:00,86.10581669216538,109.51
2026-06-24 10:30:00+02:00,73.56215292748985,100.16
2026-06-24 10:45:00+02:00,53.15034593053913,79.07
2026-06-24 11:00:00+02:00,56.7317517455939,100.31
2026-06-24 11:15:00+02:00,46.77708378952809,89.99
2026-06-24 11:30:00+02:00,37.31068328268815,78.99
2026-06-24 11:45:00+02:00,37.52210461117363,68.79
2026-06-24 12:00:00+02:00,35.552652820812604,86.04
2026-06-24 12:15:00+02:00,33.16687420199678,72.67
2026-06-24 12:30:00+02:00,34.5798600796751,71.08
2026-06-24 12:45:00+02:00,31.998373252750202,64.25
2026-06-24 13:00:00+02:00,26.412065353728426,75.06
2026-06-24 13:15:00+02:00,32.1972320956798,70.52
2026-06-24 13:30:00+02:00,29.65029030489494,70.06
2026-06-24 13:45:00+02:00,26.2080125458037,68.29
2026-06-24 14:00:00+02:00,30.966931424528767,66.88
2026-06-24 14:15:00+02:00,32.13322125089483,73.18
2026-06-24 14:30:00+02:00,37.98390429460421,74.28
2026-06-24 14:45:00+02:00,42.76415324362719,83.72
2026-06-24 15:00:00+02:00,42.70125554580042,65.47
2026-06-24 15:15:00+02:00,55.52692331208118,85.94
2026-06-24 15:30:00+02:00,64.07491746488334,97.54
2026-06-24 15:45:00+02:00,75.38425742951269,108.44
2026-06-24 16:00:00+02:00,53.49184964779454,96.25
2026-06-24 16:15:00+02:00,82.31456463473793,107.07
2026-06-24 16:30:00+02:00,84.73412091812004,110.89
2026-06-24 16:45:00+02:00,103.43508910848873,123.29
2026-06-24 17:00:00+02:00,77.19528611503254,109.43
2026-06-24 17:15:00+02:00,93.72242622668219,120.77
2026-06-24 17:30:00+02:00,114.91727391549648,137.0
2026-06-24 17:45:00+02:00,131.9378762341887,151.44
2026-06-24 18:00:00+02:00,101.21329028936064,137.94
2026-06-24 18:15:00+02:00,130.51382955734454,154.72
2026-06-24 18:30:00+02:00,146.50452688551297,205.26
2026-06-24 18:45:00+02:00,158.7372897696774,289.22
2026-06-24 19:00:00+02:00,141.43424618351537,240.0
2026-06-24 19:15:00+02:00,166.24013477069954,314.99
2026-06-24 19:30:00+02:00,218.11139545086692,565.56
2026-06-24 19:45:00+02:00,306.1015238386065,700.0
2026-06-24 20:00:00+02:00,277.2519163631969,566.18
2026-06-24 20:15:00+02:00,322.52596337970954,650.01
2026-06-24 20:30:00+02:00,369.12103867721316,699.99
2026-06-24 20:45:00+02:00,400.5666022981527,747.1
2026-06-24 21:00:00+02:00,355.5634938112349,693.47
2026-06-24 21:15:00+02:00,351.37168660609336,681.95
2026-06-24 21:30:00+02:00,308.17450438044517,650.01
2026-06-24 21:45:00+02:00,281.7951938771862,615.2
2026-06-24 22:00:00+02:00,310.2108821405998,630.25
2026-06-24 22:15:00+02:00,251.9456308721091,509.11
2026-06-24 22:30:00+02:00,187.2829956084317,408.47
2026-06-24 22:45:00+02:00,156.99943812736785,305.18
2026-06-24 23:00:00+02:00,180.30371474770584,352.34
2026-06-24 23:15:00+02:00,167.71386969481475,283.37
2026-06-24 23:30:00+02:00,152.7082646724104,233.36
2026-06-24 23:45:00+02:00,144.22946081632244,185.37
2026-06-25 00:00:00+02:00,161.13202475375692,200.1
2026-06-25 00:15:00+02:00,150.0679687547566,171.0
2026-06-25 00:30:00+02:00,144.79925033620918,154.03
2026-06-25 00:45:00+02:00,138.5405604256151,153.14
2026-06-25 01:00:00+02:00,147.45702909885725,165.17
2026-06-25 01:15:00+02:00,140.62955405053356,157.72
2026-06-25 01:30:00+02:00,136.1252063261305,151.9
2026-06-25 01:45:00+02:00,129.1600852871868,144.95
2026-06-25 02:00:00+02:00,136.12052466937945,154.0
2026-06-25 02:15:00+02:00,130.6069306173825,144.32
2026-06-25 02:30:00+02:00,131.45113742375398,142.5
2026-06-25 02:45:00+02:00,131.01950876202253,140.72
2026-06-25 03:00:00+02:00,132.55357817182454,146.44
2026-06-25 03:15:00+02:00,133.19759497096794,143.04
2026-06-25 03:30:00+02:00,133.36494933262134,141.21
2026-06-25 03:45:00+02:00,131.11318007264805,141.2
2026-06-25 04:00:00+02:00,128.61730630476868,139.55
2026-06-25 04:15:00+02:00,130.55685797296053,143.57
2026-06-25 04:30:00+02:00,134.71589603368392,142.9
2026-06-25 04:45:00+02:00,132.8107237051455,141.61
2026-06-25 05:00:00+02:00,129.26496067352383,142.02
2026-06-25 05:15:00+02:00,127.5944070814469,141.22
2026-06-25 05:30:00+02:00,130.87533179802602,144.96
2026-06-25 05:45:00+02:00,132.8537657080215,150.09
2026-06-25 06:00:00+02:00,139.34579821760033,161.34
2026-06-25 06:15:00+02:00,146.5492388955421,169.19
2026-06-25 06:30:00+02:00,148.35457686673547,161.4
2026-06-25 06:45:00+02:00,146.7103218633437,153.39
2026-06-25 07:00:00+02:00,153.69027298326796,178.0
2026-06-25 07:15:00+02:00,148.35545292817008,157.34
2026-06-25 07:30:00+02:00,142.87506342240852,141.4
2026-06-25 07:45:00+02:00,129.89701621743487,116.93
2026-06-25 08:00:00+02:00,143.03335900926118,141.16
2026-06-25 08:15:00+02:00,131.21957101268873,124.79
2026-06-25 08:30:00+02:00,122.29355939615611,112.5
2026-06-25 08:45:00+02:00,102.5358256056967,97.94
2026-06-25 09:00:00+02:00,125.07322707529136,121.26
2026-06-25 09:15:00+02:00,111.1021667298379,112.25
2026-06-25 09:30:00+02:00,96.86788330657689,103.77
2026-06-25 09:45:00+02:00,87.2588541518605,82.75
2026-06-25 10:00:00+02:00,106.18264571762354,106.37
2026-06-25 10:15:00+02:00,87.50210231556039,95.6
2026-06-25 10:30:00+02:00,79.011947919792,80.01
2026-06-25 10:45:00+02:00,57.54426522277985,57.0
2026-06-25 11:00:00+02:00,79.91014698641199,92.83
2026-06-25 11:15:00+02:00,71.06155380071073,72.1
2026-06-25 11:30:00+02:00,55.85049451960613,56.48
2026-06-25 11:45:00+02:00,48.149355412898544,46.96
2026-06-25 12:00:00+02:00,53.66726044873529,53.74
2026-06-25 12:15:00+02:00,45.03122491324886,45.35
2026-06-25 12:30:00+02:00,42.967010700755125,41.06
2026-06-25 12:45:00+02:00,32.91537976355424,30.65
2026-06-25 13:00:00+02:00,41.5700820883275,45.0
2026-06-25 13:15:00+02:00,39.761037284815494,36.16
2026-06-25 13:30:00+02:00,33.06187870720049,28.67
2026-06-25 13:45:00+02:00,24.208889206297307,26.01
2026-06-25 14:00:00+02:00,31.78594926743698,23.39
2026-06-25 14:15:00+02:00,34.0725192005795,26.14
2026-06-25 14:30:00+02:00,33.59506357688895,44.42
2026-06-25 14:45:00+02:00,29.62038909122372,55.11
2026-06-25 15:00:00+02:00,21.54396112808014,41.52
2026-06-25 15:15:00+02:00,23.908714907768488,61.73
2026-06-25 15:30:00+02:00,38.42375660088054,77.02
2026-06-25 15:45:00+02:00,49.203636703562864,90.96
2026-06-25 16:00:00+02:00,31.528265802186493,65.14
2026-06-25 16:15:00+02:00,58.536587372546435,80.54
2026-06-25 16:30:00+02:00,84.1179028682475,94.4
2026-06-25 16:45:00+02:00,108.07420944339479,113.09
2026-06-25 17:00:00+02:00,85.3373041624146,78.47
2026-06-25 17:15:00+02:00,100.49978502416633,107.13
2026-06-25 17:30:00+02:00,117.97185771654304,115.8
2026-06-25 17:45:00+02:00,125.46081976767509,125.0
2026-06-25 18:00:00+02:00,117.12995367671952,91.39
2026-06-25 18:15:00+02:00,121.10846464807095,114.88
2026-06-25 18:30:00+02:00,137.83356356153612,142.45
2026-06-25 18:45:00+02:00,156.58201893412976,192.2
2026-06-25 19:00:00+02:00,141.07743203133944,138.01
2026-06-25 19:15:00+02:00,154.9610509316414,171.26
2026-06-25 19:30:00+02:00,177.8541254772017,210.25
2026-06-25 19:45:00+02:00,232.5089894668812,293.74
2026-06-25 20:00:00+02:00,202.09067989361913,238.34
2026-06-25 20:15:00+02:00,230.52868059072338,286.5
2026-06-25 20:30:00+02:00,213.16159303626296,308.06
2026-06-25 20:45:00+02:00,250.2141715383877,310.19
2026-06-25 21:00:00+02:00,229.33993450637686,363.0
2026-06-25 21:15:00+02:00,214.60219403952652,301.08
2026-06-25 21:30:00+02:00,216.63917756897405,248.0
2026-06-25 21:45:00+02:00,184.10127909814187,194.38
2026-06-25 22:00:00+02:00,202.24548048313807,217.11
2026-06-25 22:15:00+02:00,189.33297074491585,197.25
2026-06-25 22:30:00+02:00,161.75351525971877,172.75
2026-06-25 22:45:00+02:00,139.4084106599071,159.44
2026-06-25 23:00:00+02:00,146.07769816211177,172.06
2026-06-25 23:15:00+02:00,143.11433493724306,159.81
2026-06-25 23:30:00+02:00,135.37148069888943,146.28
2026-06-25 23:45:00+02:00,120.23111458497438,144.83
2026-06-26 00:00:00+02:00,167.38006897429054,152.76
2026-06-26 00:15:00+02:00,152.53205738053418,150.24
2026-06-26 00:30:00+02:00,141.02554492217575,142.54
2026-06-26 00:45:00+02:00,135.26769072296105,133.26
2026-06-26 01:00:00+02:00,144.6867032996746,137.99
2026-06-26 01:15:00+02:00,140.52920233342647,132.07
2026-06-26 01:30:00+02:00,136.27200895218476,129.89
2026-06-26 01:45:00+02:00,128.86786898754997,122.95
2026-06-26 02:00:00+02:00,131.73860261332348,125.81
2026-06-26 02:15:00+02:00,124.94160761399664,122.05
2026-06-26 02:30:00+02:00,126.23311042901629,121.06
2026-06-26 02:45:00+02:00,121.83967240211382,121.01
2026-06-26 03:00:00+02:00,126.77850308079775,124.67
2026-06-26 03:15:00+02:00,121.23845372543508,119.99
2026-06-26 03:30:00+02:00,119.60974760899305,118.93
2026-06-26 03:45:00+02:00,116.30594610040893,120.14
2026-06-26 04:00:00+02:00,120.23095433027217,123.44
2026-06-26 04:15:00+02:00,121.6693399777875,123.09
2026-06-26 04:30:00+02:00,124.27167371556943,120.32
2026-06-26 04:45:00+02:00,126.50621808717419,123.57
2026-06-26 05:00:00+02:00,123.68188879631187,127.31
2026-06-26 05:15:00+02:00,128.22268749236213,125.88
2026-06-26 05:30:00+02:00,135.76479005575393,130.06
2026-06-26 05:45:00+02:00,145.871127106989,134.94
2026-06-26 06:00:00+02:00,148.1172092172286,144.37
2026-06-26 06:15:00+02:00,152.19164532247197,150.21
2026-06-26 06:30:00+02:00,150.8257268707609,149.4
2026-06-26 06:45:00+02:00,151.14456199346895,140.14
2026-06-26 07:00:00+02:00,169.78773774964256,158.05
2026-06-26 07:15:00+02:00,147.0673003290663,147.52
2026-06-26 07:30:00+02:00,139.39575757590885,127.11
2026-06-26 07:45:00+02:00,129.48849481530127,119.2
2026-06-26 08:00:00+02:00,152.31475472246748,137.7
2026-06-26 08:15:00+02:00,130.7354456487592,122.17
2026-06-26 08:30:00+02:00,125.66647623331859,114.16
2026-06-26 08:45:00+02:00,109.68546660973706,105.19
2026-06-26 09:00:00+02:00,128.53028058042082,118.18
2026-06-26 09:15:00+02:00,122.5500158838729,116.0
2026-06-26 09:30:00+02:00,108.817924597985,103.98
2026-06-26 09:45:00+02:00,90.45378057973134,94.93
2026-06-26 10:00:00+02:00,109.63787070387572,111.75
2026-06-26 10:15:00+02:00,102.48446078940748,103.87
2026-06-26 10:30:00+02:00,85.51666347437808,87.67
2026-06-26 10:45:00+02:00,61.81753735024392,69.68
2026-06-26 11:00:00+02:00,82.58144711011106,89.5
2026-06-26 11:15:00+02:00,65.38902557628938,73.69
2026-06-26 11:30:00+02:00,58.54879898612735,60.3
2026-06-26 11:45:00+02:00,46.84530598989394,47.33
2026-06-26 12:00:00+02:00,50.91766901135264,61.72
2026-06-26 12:15:00+02:00,40.711965166965605,50.2
2026-06-26 12:30:00+02:00,34.968443810442736,48.06
2026-06-26 12:45:00+02:00,31.06022298428683,37.98
2026-06-26 13:00:00+02:00,37.71155436483821,43.35
2026-06-26 13:15:00+02:00,37.229235783237165,39.24
2026-06-26 13:30:00+02:00,26.64352630663048,36.0
2026-06-26 13:45:00+02:00,25.660777033964646,35.41
2026-06-26 14:00:00+02:00,26.725396800876503,28.54
2026-06-26 14:15:00+02:00,28.411429246955723,31.4
2026-06-26 14:30:00+02:00,44.2334148951621,43.21
2026-06-26 14:45:00+02:00,54.730262823794305,56.85
2026-06-26 15:00:00+02:00,40.65444808291323,44.82
2026-06-26 15:15:00+02:00,59.98098664909948,60.02
2026-06-26 15:30:00+02:00,76.0800968903488,79.51
2026-06-26 15:45:00+02:00,88.26381126243983,91.58
2026-06-26 16:00:00+02:00,63.72284247134371,68.95
2026-06-26 16:15:00+02:00,79.16185188966796,83.3
2026-06-26 16:30:00+02:00,94.92757386629972,100.54
2026-06-26 16:45:00+02:00,110.75309787635905,119.69
2026-06-26 17:00:00+02:00,88.11462141236792,85.5
2026-06-26 17:15:00+02:00,107.47949049576152,108.47
2026-06-26 17:30:00+02:00,126.57722485591529,116.91
2026-06-26 17:45:00+02:00,137.80569643020874,133.09
2026-06-26 18:00:00+02:00,105.42434929795942,93.65
2026-06-26 18:15:00+02:00,128.9146304035974,135.03
2026-06-26 18:30:00+02:00,146.85407102052494,160.49
2026-06-26 18:45:00+02:00,190.2127859445741,212.21
2026-06-26 19:00:00+02:00,145.91805055747466,159.88
2026-06-26 19:15:00+02:00,173.27935731036456,193.03
2026-06-26 19:30:00+02:00,214.91291539239404,249.18
2026-06-26 19:45:00+02:00,283.32311162903903,372.09
2026-06-26 20:00:00+02:00,234.21470174528577,258.64
2026-06-26 20:15:00+02:00,249.73194029390095,337.04
2026-06-26 20:30:00+02:00,272.83955001634035,399.99
2026-06-26 20:45:00+02:00,301.46842875094524,406.17
2026-06-26 21:00:00+02:00,277.52698013214075,405.09
2026-06-26 21:15:00+02:00,282.78671751610585,335.04
2026-06-26 21:30:00+02:00,242.0696837302101,248.24
2026-06-26 21:45:00+02:00,185.50499656337195,194.74
2026-06-26 22:00:00+02:00,221.2392924674612,258.42
2026-06-26 22:15:00+02:00,191.2845485901169,205.87
2026-06-26 22:30:00+02:00,174.66949533713608,185.01
2026-06-26 22:45:00+02:00,145.90869346916472,161.32
2026-06-26 23:00:00+02:00,157.43293490718813,176.48
2026-06-26 23:15:00+02:00,140.62632625096353,157.47
2026-06-26 23:30:00+02:00,134.59968660435965,145.87
2026-06-26 23:45:00+02:00,127.89672314566785,139.62
2026-06-27 00:00:00+02:00,157.519232596684,145.51
2026-06-27 00:15:00+02:00,149.21592349377792,133.67
2026-06-27 00:30:00+02:00,143.22102278403398,127.53
2026-06-27 00:45:00+02:00,135.49473612702266,121.47
2026-06-27 01:00:00+02:00,138.46664309488673,130.5
2026-06-27 01:15:00+02:00,133.23094777160372,125.93
2026-06-27 01:30:00+02:00,132.14145708726798,122.53
2026-06-27 01:45:00+02:00,127.2688285431853,119.04
2026-06-27 02:00:00+02:00,125.68975474346927,120.07
2026-06-27 02:15:00+02:00,126.66559522693012,119.02
2026-06-27 02:30:00+02:00,124.8403892626139,116.31
2026-06-27 02:45:00+02:00,127.9941026807731,116.58
2026-06-27 03:00:00+02:00,126.1941034484816,117.89
2026-06-27 03:15:00+02:00,125.44227264404539,114.32
2026-06-27 03:30:00+02:00,125.26900546496444,116.11
2026-06-27 03:45:00+02:00,124.00198454106278,115.0
2026-06-27 04:00:00+02:00,130.11593552161762,114.77
2026-06-27 04:15:00+02:00,127.5330033638594,116.11
2026-06-27 04:30:00+02:00,125.21244212147081,116.1
2026-06-27 04:45:00+02:00,126.13909637938802,114.32
2026-06-27 05:00:00+02:00,128.3565663504675,115.4
2026-06-27 05:15:00+02:00,125.53846117173492,113.85
2026-06-27 05:30:00+02:00,129.04051286934185,113.84
2026-06-27 05:45:00+02:00,129.63099778158633,112.91
2026-06-27 06:00:00+02:00,128.1513728591004,115.01
2026-06-27 06:15:00+02:00,134.38525142696403,112.91
2026-06-27 06:30:00+02:00,134.25380548619268,112.01
2026-06-27 06:45:00+02:00,136.86068778467333,110.97
2026-06-27 07:00:00+02:00,135.76784257968598,115.33
2026-06-27 07:15:00+02:00,138.73233454232127,113.84
2026-06-27 07:30:00+02:00,133.8360667698186,112.91
2026-06-27 07:45:00+02:00,118.55857834843229,95.01
2026-06-27 08:00:00+02:00,138.1315337831823,118.85
2026-06-27 08:15:00+02:00,122.94677264569361,112.61
2026-06-27 08:30:00+02:00,117.02258641142672,99.9
2026-06-27 08:45:00+02:00,98.55177679953248,80.11
2026-06-27 09:00:00+02:00,123.63330457474531,109.87
2026-06-27 09:15:00+02:00,99.17455528645509,84.49
2026-06-27 09:30:00+02:00,88.58036037190729,67.13
2026-06-27 09:45:00+02:00,66.514179191942,32.78
2026-06-27 10:00:00+02:00,78.27815965426036,64.42
2026-06-27 10:15:00+02:00,76.94852556838711,42.82
2026-06-27 10:30:00+02:00,47.58252536478119,22.43
2026-06-27 10:45:00+02:00,35.47335233580522,14.43
2026-06-27 11:00:00+02:00,46.5789623666725,19.53
2026-06-27 11:15:00+02:00,34.78184130738211,11.28
2026-06-27 11:30:00+02:00,20.811830705921622,4.68
2026-06-27 11:45:00+02:00,12.91729713928063,3.18
2026-06-27 12:00:00+02:00,20.99992412284902,2.11
2026-06-27 12:15:00+02:00,18.318937107105143,0.0
2026-06-27 12:30:00+02:00,19.259639848154325,0.0
2026-06-27 12:45:00+02:00,13.776322076434193,-0.01
2026-06-27 13:00:00+02:00,20.99608289522029,0.1
2026-06-27 13:15:00+02:00,14.051046000381358,0.01
2026-06-27 13:30:00+02:00,8.694615880445415,0.0
2026-06-27 13:45:00+02:00,7.074490263086487,0.0
2026-06-27 14:00:00+02:00,7.629926892188762,0.1
2026-06-27 14:15:00+02:00,11.382396273666611,1.4
2026-06-27 14:30:00+02:00,18.2695619895682,4.08
2026-06-27 14:45:00+02:00,24.330892320752483,7.99
2026-06-27 15:00:00+02:00,16.514808143263252,2.14
2026-06-27 15:15:00+02:00,22.82372968495067,4.0
2026-06-27 15:30:00+02:00,31.77396752269248,12.86
2026-06-27 15:45:00+02:00,54.5422250812651,32.07
2026-06-27 16:00:00+02:00,16.624146319184508,9.1
2026-06-27 16:15:00+02:00,44.53767445983547,35.0
2026-06-27 16:30:00+02:00,72.7435127920962,66.07
2026-06-27 16:45:00+02:00,99.0498289622347,93.83
2026-06-27 17:00:00+02:00,69.26934778024047,61.97
2026-06-27 17:15:00+02:00,91.03789195416124,98.97
2026-06-27 17:30:00+02:00,112.64628470393461,112.08
2026-06-27 17:45:00+02:00,133.31834825310204,129.4
2026-06-27 18:00:00+02:00,101.74651126010698,107.84
2026-06-27 18:15:00+02:00,123.62680385220128,117.19
2026-06-27 18:30:00+02:00,139.22049635854518,134.05
2026-06-27 18:45:00+02:00,173.35947063212305,149.45
2026-06-27 19:00:00+02:00,140.75583863023286,133.91
2026-06-27 19:15:00+02:00,156.54644179827926,149.95
2026-06-27 19:30:00+02:00,176.02446316908663,182.04
2026-06-27 19:45:00+02:00,218.8554109060666,221.12
2026-06-27 20:00:00+02:00,167.8391635266751,198.63
2026-06-27 20:15:00+02:00,213.28024382965245,207.14
2026-06-27 20:30:00+02:00,239.36711246927797,226.89
2026-06-27 20:45:00+02:00,258.04082599374806,252.34
2026-06-27 21:00:00+02:00,230.79962124723124,223.72
2026-06-27 21:15:00+02:00,207.66958297618638,212.47
2026-06-27 21:30:00+02:00,235.51255233500245,210.3
2026-06-27 21:45:00+02:00,196.7460029211306,210.74
2026-06-27 22:00:00+02:00,222.24706996889287,204.92
2026-06-27 22:15:00+02:00,194.1417506340136,173.25
2026-06-27 22:30:00+02:00,160.91094606741004,167.64
2026-06-27 22:45:00+02:00,149.21221742974365,154.18
2026-06-27 23:00:00+02:00,157.19131920546815,157.99
2026-06-27 23:15:00+02:00,152.79683599393803,145.23
2026-06-27 23:30:00+02:00,145.5172831758026,139.08
2026-06-27 23:45:00+02:00,145.68541884290283,136.08
2026-06-28 00:00:00+02:00,145.72550037638453,145.13
2026-06-28 00:15:00+02:00,139.35321876587497,140.9
2026-06-28 00:30:00+02:00,132.56284218532866,135.19
2026-06-28 00:45:00+02:00,125.84660774726201,124.62
2026-06-28 01:00:00+02:00,132.6946694978332,130.47
2026-06-28 01:15:00+02:00,132.18829246439805,128.55
2026-06-28 01:30:00+02:00,127.77141321452147,124.47
2026-06-28 01:45:00+02:00,123.78040711447309,120.63
2026-06-28 02:00:00+02:00,128.93567248524394,122.79
2026-06-28 02:15:00+02:00,128.1590672884452,120.62
2026-06-28 02:30:00+02:00,124.42995357173454,118.82
2026-06-28 02:45:00+02:00,124.45078996603029,116.5
2026-06-28 03:00:00+02:00,124.31394724621026,116.18
2026-06-28 03:15:00+02:00,123.08642095515789,115.59
2026-06-28 03:30:00+02:00,123.87234614637302,115.98
2026-06-28 03:45:00+02:00,120.59433784781939,115.0
2026-06-28 04:00:00+02:00,121.69571294054612,114.6
2026-06-28 04:15:00+02:00,121.02164751074149,114.57
2026-06-28 04:30:00+02:00,121.95778963808107,115.0
2026-06-28 04:45:00+02:00,122.6103656566577,114.77
2026-06-28 05:00:00+02:00,124.58733888959756,115.54
2026-06-28 05:15:00+02:00,118.69113914543948,115.09
2026-06-28 05:30:00+02:00,113.85379828234255,115.0
2026-06-28 05:45:00+02:00,114.70985300362969,114.86
2026-06-28 06:00:00+02:00,119.76450840903308,116.0
2026-06-28 06:15:00+02:00,112.72105557217832,115.0
2026-06-28 06:30:00+02:00,106.96482690280973,110.69
2026-06-28 06:45:00+02:00,99.75420012296708,106.56
2026-06-28 07:00:00+02:00,117.83761393350807,114.6
2026-06-28 07:15:00+02:00,100.69563815834906,112.36
2026-06-28 07:30:00+02:00,84.53029166074832,104.86
2026-06-28 07:45:00+02:00,83.39874347140226,85.9
2026-06-28 08:00:00+02:00,104.70597979754503,108.47
2026-06-28 08:15:00+02:00,87.48769377557889,82.99
2026-06-28 08:30:00+02:00,65.43643719132214,70.44
2026-06-28 08:45:00+02:00,54.25270178690843,44.84
2026-06-28 09:00:00+02:00,56.910758988747965,67.55
2026-06-28 09:15:00+02:00,61.56271860042297,37.96
2026-06-28 09:30:00+02:00,46.491593645756076,18.08
2026-06-28 09:45:00+02:00,23.806796288453626,7.66
2026-06-28 10:00:00+02:00,20.009706958714204,14.43
2026-06-28 10:15:00+02:00,19.498806184285293,4.99
2026-06-28 10:30:00+02:00,8.717505353240036,0.84
2026-06-28 10:45:00+02:00,8.251277507366646,0.35
2026-06-28 11:00:00+02:00,6.925620258831302,0.54
2026-06-28 11:15:00+02:00,6.290137305201155,0.01
2026-06-28 11:30:00+02:00,3.7910613731394367,0.0
2026-06-28 11:45:00+02:00,1.479980566404465,-0.07
2026-06-28 12:00:00+02:00,1.3971008723807326,0.0
2026-06-28 12:15:00+02:00,1.4701092095486337,0.0
2026-06-28 12:30:00+02:00,-1.374093020057083,-0.02
2026-06-28 12:45:00+02:00,-4.139093791919826,-0.07
2026-06-28 13:00:00+02:00,-2.6456843517786064,-0.92
2026-06-28 13:15:00+02:00,-4.212476918100431,-0.91
2026-06-28 13:30:00+02:00,-3.516818846077547,-0.9
2026-06-28 13:45:00+02:00,-6.590564028344344,-0.89
2026-06-28 14:00:00+02:00,-4.123968079675203,-0.1
2026-06-28 14:15:00+02:00,-4.708429761490273,-0.01
2026-06-28 14:30:00+02:00,-1.2920960288271353,0.0
2026-06-28 14:45:00+02:00,0.6872437099124242,0.0
2026-06-28 15:00:00+02:00,-7.544394978326174,0.0
2026-06-28 15:15:00+02:00,0.7770388246474895,0.01
2026-06-28 15:30:00+02:00,2.9183992554322673,0.99
2026-06-28 15:45:00+02:00,19.56932571204401,5.48
2026-06-28 16:00:00+02:00,2.357508621725499,0.45
2026-06-28 16:15:00+02:00,21.67696432423517,8.43
2026-06-28 16:30:00+02:00,58.83067335089024,29.74
2026-06-28 16:45:00+02:00,84.81438543568406,72.04
2026-06-28 17:00:00+02:00,56.48579744663121,27.73
2026-06-28 17:15:00+02:00,81.63265075644432,78.25
2026-06-28 17:30:00+02:00,98.06332196676918,107.13
2026-06-28 17:45:00+02:00,125.65618233580075,125.46
2026-06-28 18:00:00+02:00,101.39405671591453,105.26
2026-06-28 18:15:00+02:00,113.90464179359428,111.58
2026-06-28 18:30:00+02:00,136.77228494801764,115.79
2026-06-28 18:45:00+02:00,149.58907177894724,125.41
2026-06-28 19:00:00+02:00,124.99334610820189,115.3
2026-06-28 19:15:00+02:00,138.85773105126427,136.65
2026-06-28 19:30:00+02:00,156.0039985610237,143.02
2026-06-28 19:45:00+02:00,161.0084867290559,156.98
2026-06-28 20:00:00+02:00,153.0296686923995,147.61
2026-06-28 20:15:00+02:00,160.4843020945929,152.39
2026-06-28 20:30:00+02:00,176.10445093004157,155.98
2026-06-28 20:45:00+02:00,171.87874109597126,156.73
2026-06-28 21:00:00+02:00,171.18508985686785,161.9
2026-06-28 21:15:00+02:00,171.07332216089824,159.65
2026-06-28 21:30:00+02:00,168.73091567173668,155.89
2026-06-28 21:45:00+02:00,157.34398683918081,166.72
2026-06-28 22:00:00+02:00,171.713062800326,161.67
2026-06-28 22:15:00+02:00,156.872006672409,161.61
2026-06-28 22:30:00+02:00,150.91639977486525,154.34
2026-06-28 22:45:00+02:00,141.34983718789152,151.56
2026-06-28 23:00:00+02:00,149.64802716846307,152.08
2026-06-28 23:15:00+02:00,140.7685294548798,145.0
2026-06-28 23:30:00+02:00,134.884403756241,142.97
2026-06-28 23:45:00+02:00,130.43365749901727,136.41
2026-06-29 00:00:00+02:00,144.51518937934995,132.75
2026-06-29 00:15:00+02:00,141.802272666482,125.89
2026-06-29 00:30:00+02:00,134.78855459020636,119.83
2026-06-29 00:45:00+02:00,127.87721507016123,114.0
2026-06-29 01:00:00+02:00,137.28428496655891,115.99
2026-06-29 01:15:00+02:00,129.9143418825144,113.24
2026-06-29 01:30:00+02:00,126.1129306859842,114.0
2026-06-29 01:45:00+02:00,121.72374288526507,111.43
2026-06-29 02:00:00+02:00,122.25536286021237,115.5
2026-06-29 02:15:00+02:00,124.2496935296862,114.0
2026-06-29 02:30:00+02:00,124.24902399140903,111.97
2026-06-29 02:45:00+02:00,123.11721223295379,110.63
2026-06-29 03:00:00+02:00,123.37725887196055,110.0
2026-06-29 03:15:00+02:00,121.742383242364,109.81
2026-06-29 03:30:00+02:00,123.91543112541979,109.59
2026-06-29 03:45:00+02:00,124.91975934934385,109.64
2026-06-29 04:00:00+02:00,121.67019144504869,111.5
2026-06-29 04:15:00+02:00,119.79050102175567,111.54
2026-06-29 04:30:00+02:00,125.78492107490862,115.94
2026-06-29 04:45:00+02:00,124.26513710052208,120.5
2026-06-29 05:00:00+02:00,123.11910940166891,118.73
2026-06-29 05:15:00+02:00,125.27170705887606,125.15
2026-06-29 05:30:00+02:00,129.37185848368492,130.53
2026-06-29 05:45:00+02:00,132.1506555291687,134.96
2026-06-29 06:00:00+02:00,136.41329815514865,148.93
2026-06-29 06:15:00+02:00,136.60923583933194,152.45
2026-06-29 06:30:00+02:00,146.09115397783128,150.27
2026-06-29 06:45:00+02:00,146.6361222078055,147.3
2026-06-29 07:00:00+02:00,156.23426684264547,159.79
2026-06-29 07:15:00+02:00,150.52243496961637,154.1
2026-06-29 07:30:00+02:00,142.33405486692558,152.13
2026-06-29 07:45:00+02:00,129.76690351693242,142.63
2026-06-29 08:00:00+02:00,152.49204642570987,161.31
2026-06-29 08:15:00+02:00,143.53554650076381,150.26
2026-06-29 08:30:00+02:00,132.76475174724382,139.6
2026-06-29 08:45:00+02:00,119.70463397951266,122.0
2026-06-29 09:00:00+02:00,134.9282006220396,132.0
2026-06-29 09:15:00+02:00,117.04628312912607,124.7
2026-06-29 09:30:00+02:00,110.6497415702038,117.06
2026-06-29 09:45:00+02:00,100.66393321086153,110.03
2026-06-29 10:00:00+02:00,114.16670028470189,117.05
2026-06-29 10:15:00+02:00,103.82880394344429,108.98
2026-06-29 10:30:00+02:00,91.5857281225346,104.21
2026-06-29 10:45:00+02:00,80.54070686392541,97.46
2026-06-29 11:00:00+02:00,95.76044166694403,108.63
2026-06-29 11:15:00+02:00,87.7939977158886,99.86
2026-06-29 11:30:00+02:00,85.48964403577561,97.45
2026-06-29 11:45:00+02:00,70.10701590158138,90.46
2026-06-29 12:00:00+02:00,91.89840092589017,93.0
2026-06-29 12:15:00+02:00,61.14736150141886,92.22
2026-06-29 12:30:00+02:00,56.6781087517491,90.0
2026-06-29 12:45:00+02:00,51.828642998558884,82.81
2026-06-29 13:00:00+02:00,57.04514768885804,89.0
2026-06-29 13:15:00+02:00,52.174895422753046,82.77
2026-06-29 13:30:00+02:00,53.58194978660576,79.08
2026-06-29 13:45:00+02:00,45.33248717535052,77.26
2026-06-29 14:00:00+02:00,53.26452781187009,81.0
2026-06-29 14:15:00+02:00,51.915026763154614,84.99
2026-06-29 14:30:00+02:00,54.68776425383722,88.0
2026-06-29 14:45:00+02:00,57.21710234884366,91.55
2026-06-29 15:00:00+02:00,53.5758475379079,88.8
2026-06-29 15:15:00+02:00,58.1142217389972,92.6
2026-06-29 15:30:00+02:00,56.6683052300414,98.88
2026-06-29 15:45:00+02:00,66.79070022090994,106.84
2026-06-29 16:00:00+02:00,54.20290306955162,93.5
2026-06-29 16:15:00+02:00,69.58147852596055,101.89
2026-06-29 16:30:00+02:00,94.4601730321217,107.05
2026-06-29 16:45:00+02:00,107.41683954722876,112.49
2026-06-29 17:00:00+02:00,86.7519449524848,89.61
2026-06-29 17:15:00+02:00,108.74456864736777,106.93
2026-06-29 17:30:00+02:00,120.96556247901532,125.75
2026-06-29 17:45:00+02:00,129.9140276256835,138.01
2026-06-29 18:00:00+02:00,118.2670718325444,99.85
2026-06-29 18:15:00+02:00,128.29615005628847,120.4
2026-06-29 18:30:00+02:00,141.829868727292,138.58
2026-06-29 18:45:00+02:00,155.78505214357256,180.81
2026-06-29 19:00:00+02:00,136.02959763198635,144.99
2026-06-29 19:15:00+02:00,167.1460171722651,171.42
2026-06-29 19:30:00+02:00,190.46907605530905,202.97
2026-06-29 19:45:00+02:00,235.22234115021303,271.22
2026-06-29 20:00:00+02:00,212.6191922424955,211.52
2026-06-29 20:15:00+02:00,214.98343132184323,265.82
2026-06-29 20:30:00+02:00,217.94106326937683,318.19
2026-06-29 20:45:00+02:00,266.35813042787225,341.8
2026-06-29 21:00:00+02:00,222.64292026119188,319.07
2026-06-29 21:15:00+02:00,226.20237487834893,310.2
2026-06-29 21:30:00+02:00,250.33182418997734,306.09
2026-06-29 21:45:00+02:00,229.4714196137701,270.1
2026-06-29 22:00:00+02:00,220.82509111481903,293.07
2026-06-29 22:15:00+02:00,193.15969861123278,251.99
2026-06-29 22:30:00+02:00,176.3871475367835,208.21
2026-06-29 22:45:00+02:00,160.8791042589088,170.29
2026-06-29 23:00:00+02:00,172.73729847180599,200.6
2026-06-29 23:15:00+02:00,157.06316925190433,160.91
2026-06-29 23:30:00+02:00,154.19381545777966,166.44
2026-06-29 23:45:00+02:00,137.08924750582517,152.05
2026-06-30 00:00:00+02:00,147.1908326190037,176.39
2026-06-30 00:15:00+02:00,142.16635708833874,161.09
2026-06-30 00:30:00+02:00,138.814367610538,156.31
2026-06-30 00:45:00+02:00,129.58369079108016,153.15
2026-06-30 01:00:00+02:00,137.1522573794377,156.66
2026-06-30 01:15:00+02:00,127.44863853488368,148.17
2026-06-30 01:30:00+02:00,126.57912703354145,139.84
2026-06-30 01:45:00+02:00,123.5806611117409,136.81
2026-06-30 02:00:00+02:00,124.20725263571806,142.23
2026-06-30 02:15:00+02:00,124.33464624350263,139.44
2026-06-30 02:30:00+02:00,124.3321781600441,139.96
2026-06-30 02:45:00+02:00,122.67327241308413,139.19
2026-06-30 03:00:00+02:00,122.63990452928165,144.99
2026-06-30 03:15:00+02:00,120.41539492499898,140.47
2026-06-30 03:30:00+02:00,121.83397873641772,139.03
2026-06-30 03:45:00+02:00,120.63072911591595,138.4
2026-06-30 04:00:00+02:00,120.96297135498138,143.22
2026-06-30 04:15:00+02:00,124.52789702131528,139.44
2026-06-30 04:30:00+02:00,126.79032533149379,140.62
2026-06-30 04:45:00+02:00,131.25394138565127,142.19
2026-06-30 05:00:00+02:00,127.56401626959838,141.77
2026-06-30 05:15:00+02:00,132.10001765279225,149.11
2026-06-30 05:30:00+02:00,139.35241535134617,151.71
2026-06-30 05:45:00+02:00,142.58890986970619,163.43
2026-06-30 06:00:00+02:00,152.21847810113383,173.22
2026-06-30 06:15:00+02:00,148.04516411019117,188.35
2026-06-30 06:30:00+02:00,152.64120009513903,189.42
2026-06-30 06:45:00+02:00,160.79952453028721,195.63
2026-06-30 07:00:00+02:00,168.46986114748415,211.84
2026-06-30 07:15:00+02:00,160.67049081466155,195.02
2026-06-30 07:30:00+02:00,150.73124318657875,185.24
2026-06-30 07:45:00+02:00,139.00819811262042,165.14
2026-06-30 08:00:00+02:00,165.9568948575652,197.12
2026-06-30 08:15:00+02:00,147.98593207593967,168.11
2026-06-30 08:30:00+02:00,134.53165932708083,141.44
2026-06-30 08:45:00+02:00,117.265851405783,117.4
2026-06-30 09:00:00+02:00,133.30034481463585,152.4
2026-06-30 09:15:00+02:00,121.01518584417758,121.87
2026-06-30 09:30:00+02:00,111.9682351885669,111.01
2026-06-30 09:45:00+02:00,103.56405440152251,105.1
2026-06-30 10:00:00+02:00,117.94543331436303,118.1
2026-06-30 10:15:00+02:00,104.81593202187217,109.57
2026-06-30 10:30:00+02:00,101.8194012275156,107.8
2026-06-30 10:45:00+02:00,98.51785653256287,100.0
2026-06-30 11:00:00+02:00,102.99939232581487,110.48
2026-06-30 11:15:00+02:00,104.3286616780815,105.95
2026-06-30 11:30:00+02:00,94.11586686870896,99.4
2026-06-30 11:45:00+02:00,88.51126910360937,91.35
2026-06-30 12:00:00+02:00,95.0615411988289,99.71
2026-06-30 12:15:00+02:00,86.95338877511143,98.9
2026-06-30 12:30:00+02:00,86.2184187050683,99.28
2026-06-30 12:45:00+02:00,81.08344589249083,98.41
2026-06-30 13:00:00+02:00,86.07093837200375,97.43
2026-06-30 13:15:00+02:00,80.67470324965748,100.41
2026-06-30 13:30:00+02:00,74.11032333447046,100.51
2026-06-30 13:45:00+02:00,70.1894618353949,99.33
2026-06-30 14:00:00+02:00,75.14591883729794,93.55
2026-06-30 14:15:00+02:00,75.34442566797708,101.98
2026-06-30 14:30:00+02:00,76.98586674712897,105.26
2026-06-30 14:45:00+02:00,88.16305639443759,110.77
2026-06-30 15:00:00+02:00,82.87169788789315,107.35
2026-06-30 15:15:00+02:00,92.6904855229721,115.76
2026-06-30 15:30:00+02:00,101.15233567411312,121.37
2026-06-30 15:45:00+02:00,106.16016494476246,119.94
2026-06-30 16:00:00+02:00,96.91535048860811,115.05
2026-06-30 16:15:00+02:00,103.01389452757954,120.21
2026-06-30 16:30:00+02:00,108.96121389406312,127.82
2026-06-30 16:45:00+02:00,127.72356276254897,146.52
2026-06-30 17:00:00+02:00,104.06826589696497,118.59
2026-06-30 17:15:00+02:00,117.28443627018389,128.23
2026-06-30 17:30:00+02:00,129.8427057704171,153.0
2026-06-30 17:45:00+02:00,143.84693519748757,205.11
2026-06-30 18:00:00+02:00,124.29168897197441,155.27
2026-06-30 18:15:00+02:00,136.3639187314735,181.63
2026-06-30 18:30:00+02:00,157.11492499524493,264.01
2026-06-30 18:45:00+02:00,183.1565370251077,381.0
2026-06-30 19:00:00+02:00,165.201271150681,358.76
2026-06-30 19:15:00+02:00,191.4459678101816,444.19
2026-06-30 19:30:00+02:00,243.65889341655208,471.19
2026-06-30 19:45:00+02:00,275.55106807586674,532.18
2026-06-30 20:00:00+02:00,259.17845845318953,464.99
2026-06-30 20:15:00+02:00,262.7319270247278,487.11
2026-06-30 20:30:00+02:00,245.36241638864124,530.25
2026-06-30 20:45:00+02:00,234.88603577814013,536.72
2026-06-30 21:00:00+02:00,246.5779168471858,465.31
2026-06-30 21:15:00+02:00,209.92859090113387,427.03
2026-06-30 21:30:00+02:00,207.38534860959246,389.57
2026-06-30 21:45:00+02:00,180.70792096195217,301.06
2026-06-30 22:00:00+02:00,190.30032403324162,349.15
2026-06-30 22:15:00+02:00,174.87868589966487,285.01
2026-06-30 22:30:00+02:00,169.12028620290008,233.59
2026-06-30 22:45:00+02:00,159.32520272771245,226.38
2026-06-30 23:00:00+02:00,173.43883413197784,202.79
2026-06-30 23:15:00+02:00,154.2128870620068,186.85
2026-06-30 23:30:00+02:00,148.69760779576058,179.53
2026-06-30 23:45:00+02:00,137.89183622912026,160.75
2026-07-01 00:00:00+02:00,167.8185934262904,183.66
2026-07-01 00:15:00+02:00,150.07762894219698,166.3
2026-07-01 00:30:00+02:00,140.1414364491082,159.4
2026-07-01 00:45:00+02:00,132.47093965813792,150.24
2026-07-01 01:00:00+02:00,144.61964114899192,161.57
2026-07-01 01:15:00+02:00,135.42453780080135,152.86
2026-07-01 01:30:00+02:00,130.30696930870255,144.99
2026-07-01 01:45:00+02:00,122.40861124531263,141.81
2026-07-01 02:00:00+02:00,127.46296826706975,145.5
2026-07-01 02:15:00+02:00,123.46438224499978,147.07
2026-07-01 02:30:00+02:00,123.08471000039155,149.01
2026-07-01 02:45:00+02:00,123.72805653381631,145.54
2026-07-01 03:00:00+02:00,122.75587529433298,149.0
2026-07-01 03:15:00+02:00,123.29883830954847,149.68
2026-07-01 03:30:00+02:00,118.9559313088984,147.08
2026-07-01 03:45:00+02:00,115.6266741228785,142.22
2026-07-01 04:00:00+02:00,121.31103181734143,147.92
2026-07-01 04:15:00+02:00,121.07638056869948,151.21
2026-07-01 04:30:00+02:00,124.07122669296793,151.12
2026-07-01 04:45:00+02:00,123.7484713476524,153.9
2026-07-01 05:00:00+02:00,124.86277970858123,154.79
2026-07-01 05:15:00+02:00,124.18055693227765,157.0
2026-07-01 05:30:00+02:00,131.70992072522677,162.61
2026-07-01 05:45:00+02:00,134.85167026699688,167.02
2026-07-01 06:00:00+02:00,146.67349596980816,189.66
2026-07-01 06:15:00+02:00,146.32856019713648,197.4
2026-07-01 06:30:00+02:00,143.44310394373284,199.89
2026-07-01 06:45:00+02:00,136.92032876015423,198.36
2026-07-01 07:00:00+02:00,160.42226798793885,207.14
2026-07-01 07:15:00+02:00,148.0713235793413,205.91
2026-07-01 07:30:00+02:00,136.40818327484902,198.5
2026-07-01 07:45:00+02:00,127.48151633852792,201.64
2026-07-01 08:00:00+02:00,142.856738298514,198.54
2026-07-01 08:15:00+02:00,140.69796805697297,197.92
2026-07-01 08:30:00+02:00,129.61516101265886,174.39
2026-07-01 08:45:00+02:00,116.12471255366904,150.12
2026-07-01 09:00:00+02:00,131.95719928426195,178.08
2026-07-01 09:15:00+02:00,120.95571370068444,152.99
2026-07-01 09:30:00+02:00,109.52237098295635,131.12
2026-07-01 09:45:00+02:00,102.37715513357666,120.61
2026-07-01 10:00:00+02:00,115.22779354082972,140.53
2026-07-01 10:15:00+02:00,103.3981336048164,125.43
2026-07-01 10:30:00+02:00,98.03397946657242,120.51
2026-07-01 10:45:00+02:00,80.17538389621747,115.17
2026-07-01 11:00:00+02:00,87.45159178636165,128.02
2026-07-01 11:15:00+02:00,79.31587005220744,117.99
2026-07-01 11:30:00+02:00,63.64301770207248,115.85
2026-07-01 11:45:00+02:00,54.47869592987133,115.93
2026-07-01 12:00:00+02:00,62.58850054463442,120.22
2026-07-01 12:15:00+02:00,59.28364961415107,115.58
2026-07-01 12:30:00+02:00,58.911158361381275,114.69
2026-07-01 12:45:00+02:00,51.756038861834654,112.94
2026-07-01 13:00:00+02:00,57.335436764885124,113.85
2026-07-01 13:15:00+02:00,53.87089265321663,112.06
2026-07-01 13:30:00+02:00,54.8087413534673,109.96
2026-07-01 13:45:00+02:00,52.40019918164973,105.7
2026-07-01 14:00:00+02:00,51.44483948005432,101.61
2026-07-01 14:15:00+02:00,41.375028014465414,100.69
2026-07-01 14:30:00+02:00,42.64823253588948,98.04
2026-07-01 14:45:00+02:00,52.811106355349814,98.52
2026-07-01 15:00:00+02:00,40.49837995201266,95.02
2026-07-01 15:15:00+02:00,53.79697653290296,94.82
2026-07-01 15:30:00+02:00,59.65854141369824,98.46
2026-07-01 15:45:00+02:00,73.82598216119295,100.8
2026-07-01 16:00:00+02:00,52.71645054863923,92.71
2026-07-01 16:15:00+02:00,85.71981881891955,92.93
2026-07-01 16:30:00+02:00,103.98851521802497,103.0
2026-07-01 16:45:00+02:00,112.0686884536301,108.92
2026-07-01 17:00:00+02:00,83.98886017223712,90.39
2026-07-01 17:15:00+02:00,103.52427046294879,103.5
2026-07-01 17:30:00+02:00,117.89668483206914,102.38
2026-07-01 17:45:00+02:00,129.42508790128335,109.37
2026-07-01 18:00:00+02:00,102.27195218311269,105.12
2026-07-01 18:15:00+02:00,121.09148774043027,107.94
2026-07-01 18:30:00+02:00,146.43306491426162,130.03
2026-07-01 18:45:00+02:00,187.24694235268643,137.99
2026-07-01 19:00:00+02:00,150.68880490457127,122.96
2026-07-01 19:15:00+02:00,178.25882038227135,153.11
2026-07-01 19:30:00+02:00,227.75422354388292,185.23
2026-07-01 19:45:00+02:00,247.5293144460553,210.69
2026-07-01 20:00:00+02:00,219.66222650043954,181.22
2026-07-01 20:15:00+02:00,252.57372889368818,214.96
2026-07-01 20:30:00+02:00,265.1414188904216,242.28
2026-07-01 20:45:00+02:00,322.86402728237806,288.28
2026-07-01 21:00:00+02:00,258.5766484658664,250.94
2026-07-01 21:15:00+02:00,337.46056293254514,253.69
2026-07-01 21:30:00+02:00,315.9394873886562,252.96
2026-07-01 21:45:00+02:00,277.60563394255473,216.23
2026-07-01 22:00:00+02:00,280.79906382136863,245.45
2026-07-01 22:15:00+02:00,251.95288649693467,206.55
2026-07-01 22:30:00+02:00,194.02186500673227,179.1
2026-07-01 22:45:00+02:00,177.9946536007939,166.76
2026-07-01 23:00:00+02:00,195.15650129763495,183.3
2026-07-01 23:15:00+02:00,167.49226293900585,164.36
2026-07-01 23:30:00+02:00,158.17577356583976,144.99
2026-07-01 23:45:00+02:00,144.96323703350885,134.01
2026-07-02 00:00:00+02:00,158.51261730697865,166.6
2026-07-02 00:15:00+02:00,147.32917216904715,163.16
2026-07-02 00:30:00+02:00,136.7439571829742,160.7
2026-07-02 00:45:00+02:00,129.08459055014382,150.2
2026-07-02 01:00:00+02:00,140.8879424676417,162.5
2026-07-02 01:15:00+02:00,131.23250882683405,145.88
2026-07-02 01:30:00+02:00,128.24909456515414,134.49
2026-07-02 01:45:00+02:00,122.33845772106723,130.77
2026-07-02 02:00:00+02:00,126.63979296582457,135.9
2026-07-02 02:15:00+02:00,122.73213775557592,129.89
2026-07-02 02:30:00+02:00,123.49863063954035,129.14
2026-07-02 02:45:00+02:00,121.09555260259515,126.5
2026-07-02 03:00:00+02:00,125.88738265213028,125.0
2026-07-02 03:15:00+02:00,123.43110033008449,122.52
2026-07-02 03:30:00+02:00,121.32204669831226,118.61
2026-07-02 03:45:00+02:00,118.35801068584887,115.18
2026-07-02 04:00:00+02:00,119.70542615682953,116.1
2026-07-02 04:15:00+02:00,118.47297573429647,114.9
2026-07-02 04:30:00+02:00,121.26305419716385,112.89
2026-07-02 04:45:00+02:00,125.08467413773027,112.48
2026-07-02 05:00:00+02:00,123.58076267575157,112.75
2026-07-02 05:15:00+02:00,125.50682346293563,113.0
2026-07-02 05:30:00+02:00,123.8755971556339,115.06
2026-07-02 05:45:00+02:00,118.43305827622405,117.0
2026-07-02 06:00:00+02:00,123.39864064650399,129.18
2026-07-02 06:15:00+02:00,129.72444139381685,124.88
2026-07-02 06:30:00+02:00,131.04068015261154,119.07
2026-07-02 06:45:00+02:00,131.05546647105282,111.13
2026-07-02 07:00:00+02:00,140.01566972271047,130.57
2026-07-02 07:15:00+02:00,136.4122984167348,119.25
2026-07-02 07:30:00+02:00,133.34223413409885,108.87
2026-07-02 07:45:00+02:00,119.08184798265783,93.02
2026-07-02 08:00:00+02:00,139.331749489388,118.89
2026-07-02 08:15:00+02:00,125.8374401500867,106.68
2026-07-02 08:30:00+02:00,105.71652944832043,93.8
2026-07-02 08:45:00+02:00,87.0537357493458,45.89
2026-07-02 09:00:00+02:00,115.08317586216647,86.52
2026-07-02 09:15:00+02:00,92.90889982750285,68.74
2026-07-02 09:30:00+02:00,63.70685181819347,25.05
2026-07-02 09:45:00+02:00,35.111676015521745,0.06
2026-07-02 10:00:00+02:00,36.155038495600714,17.58
2026-07-02 10:15:00+02:00,31.539217669786325,4.5
2026-07-02 10:30:00+02:00,32.60035132484592,0.06
2026-07-02 10:45:00+02:00,24.97138363205461,0.0
2026-07-02 11:00:00+02:00,32.37660675356126,0.0
2026-07-02 11:15:00+02:00,35.181342557273915,-0.01
2026-07-02 11:30:00+02:00,32.99907427387579,-0.09
2026-07-02 11:45:00+02:00,31.931632156025056,-0.19
2026-07-02 12:00:00+02:00,31.1330301880729,-1.37
2026-07-02 12:15:00+02:00,27.634232741261247,-1.19
2026-07-02 12:30:00+02:00,24.227400753150643,-2.01
2026-07-02 12:45:00+02:00,13.283624128695568,-2.02
2026-07-02 13:00:00+02:00,15.093367803945434,-1.99
2026-07-02 13:15:00+02:00,11.98275501832619,-1.84
2026-07-02 13:30:00+02:00,9.49870907620591,-2.01
2026-07-02 13:45:00+02:00,1.9462483387050393,-2.02
2026-07-02 14:00:00+02:00,6.799239573300427,-2.32
2026-07-02 14:15:00+02:00,12.518523267942266,-2.02
2026-07-02 14:30:00+02:00,12.426854496041123,-3.38
2026-07-02 14:45:00+02:00,15.55708106048003,-4.29
2026-07-02 15:00:00+02:00,13.883388234107231,-2.02
2026-07-02 15:15:00+02:00,14.920520345788375,-2.07
2026-07-02 15:30:00+02:00,18.545775766021215,-1.99
2026-07-02 15:45:00+02:00,24.048167024785535,-1.91
2026-07-02 16:00:00+02:00,14.495394776610661,-1.01
2026-07-02 16:15:00+02:00,30.770616523759106,-0.93
2026-07-02 16:30:00+02:00,27.12441902951055,-0.08
2026-07-02 16:45:00+02:00,41.42084063447243,0.0
2026-07-02 17:00:00+02:00,33.69272273261279,0.0
2026-07-02 17:15:00+02:00,57.03984369354668,0.05
2026-07-02 17:30:00+02:00,87.3219689552542,1.53
2026-07-02 17:45:00+02:00,108.80433915922833,10.0
2026-07-02 18:00:00+02:00,81.90314852433116,14.01
2026-07-02 18:15:00+02:00,85.44790933537216,24.25
2026-07-02 18:30:00+02:00,110.2284465316103,64.17
2026-07-02 18:45:00+02:00,130.7902508522119,84.92
2026-07-02 19:00:00+02:00,115.79174291055209,66.22
2026-07-02 19:15:00+02:00,117.04686775857931,87.45
2026-07-02 19:30:00+02:00,120.25684124597461,95.08
2026-07-02 19:45:00+02:00,128.21014740769346,113.09
2026-07-02 20:00:00+02:00,124.97993546348879,88.99
2026-07-02 20:15:00+02:00,140.795080469523,100.27
2026-07-02 20:30:00+02:00,148.1616304190343,114.18
2026-07-02 20:45:00+02:00,161.85771212382113,125.57
2026-07-02 21:00:00+02:00,142.76915849092677,106.43
2026-07-02 21:15:00+02:00,161.93358298926725,112.1
2026-07-02 21:30:00+02:00,143.95822503479215,124.56
2026-07-02 21:45:00+02:00,148.38072418781493,128.6
2026-07-02 22:00:00+02:00,130.4627675467243,131.49
2026-07-02 22:15:00+02:00,140.99236207971802,127.99
2026-07-02 22:30:00+02:00,141.10460432378872,132.45
2026-07-02 22:45:00+02:00,127.9265254056111,115.67
2026-07-02 23:00:00+02:00,132.6648039834296,126.69
2026-07-02 23:15:00+02:00,121.38411286471835,113.32
2026-07-02 23:30:00+02:00,118.519152900592,119.34
2026-07-02 23:45:00+02:00,111.28442803234104,111.08
2026-07-03 00:00:00+02:00,110.11385160864391,95.01
2026-07-03 00:15:00+02:00,102.50856440656295,90.85
2026-07-03 00:30:00+02:00,94.46031313830572,89.99
2026-07-03 00:45:00+02:00,85.2543481642503,89.2
2026-07-03 01:00:00+02:00,99.42838870217501,87.85
2026-07-03 01:15:00+02:00,90.68674113158748,86.76
2026-07-03 01:30:00+02:00,84.82312269100723,88.08
2026-07-03 01:45:00+02:00,81.28833731750952,85.29
2026-07-03 02:00:00+02:00,82.64027976253891,84.83
2026-07-03 02:15:00+02:00,79.22788477097242,82.04
2026-07-03 02:30:00+02:00,81.4720428621688,82.86
2026-07-03 02:45:00+02:00,78.24756735190826,81.0
2026-07-03 03:00:00+02:00,82.77371270583988,88.18
2026-07-03 03:15:00+02:00,79.74848501881164,86.35
2026-07-03 03:30:00+02:00,75.54421264495653,86.35
2026-07-03 03:45:00+02:00,69.94257890630071,82.76
2026-07-03 04:00:00+02:00,74.77412374721655,86.67
2026-07-03 04:15:00+02:00,71.24867210131578,84.64
2026-07-03 04:30:00+02:00,72.29549406792275,81.46
2026-07-03 04:45:00+02:00,74.60935493812897,85.06
2026-07-03 05:00:00+02:00,76.18451215521267,84.25
2026-07-03 05:15:00+02:00,73.46241687047944,83.23
2026-07-03 05:30:00+02:00,74.08375679723736,87.0
2026-07-03 05:45:00+02:00,69.23655098009438,92.8
2026-07-03 06:00:00+02:00,83.60894310808156,94.64
2026-07-03 06:15:00+02:00,93.08086469377864,101.99
2026-07-03 06:30:00+02:00,100.44472594860937,103.18
2026-07-03 06:45:00+02:00,97.76783660401526,98.16
2026-07-03 07:00:00+02:00,117.93828738798045,125.97
2026-07-03 07:15:00+02:00,99.85246631787477,110.63
2026-07-03 07:30:00+02:00,95.84396526109047,101.81
2026-07-03 07:45:00+02:00,98.28984326354481,79.46
2026-07-03 08:00:00+02:00,103.96144302518532,97.69
2026-07-03 08:15:00+02:00,104.41844577968882,82.14
2026-07-03 08:30:00+02:00,92.68137986409748,56.0
2026-07-03 08:45:00+02:00,78.80162350891477,16.28
2026-07-03 09:00:00+02:00,101.69454298405262,33.75
2026-07-03 09:15:00+02:00,84.68765975178265,4.5
2026-07-03 09:30:00+02:00,48.727002556728486,0.01
2026-07-03 09:45:00+02:00,15.92101930748099,0.0
2026-07-03 10:00:00+02:00,30.52820751592359,0.01
2026-07-03 10:15:00+02:00,9.625102574062332,0.0
2026-07-03 10:30:00+02:00,9.714264902145302,-0.02
2026-07-03 10:45:00+02:00,10.66724050892562,-0.39
2026-07-03 11:00:00+02:00,10.471443712864694,-0.7
2026-07-03 11:15:00+02:00,13.110894245024545,-1.0
2026-07-03 11:30:00+02:00,9.784350811120662,-1.03
2026-07-03 11:45:00+02:00,16.7713026393009,-1.49
2026-07-03 12:00:00+02:00,12.681646410054856,-1.68
2026-07-03 12:15:00+02:00,16.465830571370983,-1.92
2026-07-03 12:30:00+02:00,16.035593539648826,-1.88
2026-07-03 12:45:00+02:00,12.789656344589181,-2.06
2026-07-03 13:00:00+02:00,9.529554644388803,-2.61
2026-07-03 13:15:00+02:00,7.000139758136694,-3.0
2026-07-03 13:30:00+02:00,-1.0336950483889364,-3.63
2026-07-03 13:45:00+02:00,-9.129681775284968,-4.77
2026-07-03 14:00:00+02:00,0.5022489886524538,-4.51
2026-07-03 14:15:00+02:00,2.6599117521839712,-4.81
2026-07-03 14:30:00+02:00,9.51418316830122,-4.68
2026-07-03 14:45:00+02:00,7.697047071881531,-5.95
2026-07-03 15:00:00+02:00,8.23536118312637,-5.22
2026-07-03 15:15:00+02:00,9.08461378949801,-5.32
2026-07-03 15:30:00+02:00,12.38143125734372,-2.02
2026-07-03 15:45:00+02:00,8.225305607454565,-3.66
2026-07-03 16:00:00+02:00,1.3629809251591318,-1.2
2026-07-03 16:15:00+02:00,1.9142063696124225,-2.25
2026-07-03 16:30:00+02:00,6.470582600470195,-4.96
2026-07-03 16:45:00+02:00,8.553452121534846,-2.01
2026-07-03 17:00:00+02:00,1.1864182603419806,-1.16
2026-07-03 17:15:00+02:00,18.498617763848486,-0.08
2026-07-03 17:30:00+02:00,43.03881484922364,0.0
2026-07-03 17:45:00+02:00,64.18331938317229,1.05
2026-07-03 18:00:00+02:00,36.30316048187525,1.0
2026-07-03 18:15:00+02:00,38.08233664522824,12.68
2026-07-03 18:30:00+02:00,80.60105424969572,51.86
2026-07-03 18:45:00+02:00,125.38065825311921,76.0
2026-07-03 19:00:00+02:00,81.51713593546876,71.05
2026-07-03 19:15:00+02:00,113.09128912955077,97.03
2026-07-03 19:30:00+02:00,137.06494124627721,117.37
2026-07-03 19:45:00+02:00,168.5088328460482,125.13
2026-07-03 20:00:00+02:00,126.54174958622909,110.48
2026-07-03 20:15:00+02:00,149.99648643401147,118.1
2026-07-03 20:30:00+02:00,151.51535075158273,127.0
2026-07-03 20:45:00+02:00,171.53568432143086,142.19
2026-07-03 21:00:00+02:00,159.31561330075908,122.9
2026-07-03 21:15:00+02:00,164.9134236233427,129.04
2026-07-03 21:30:00+02:00,159.43394830131456,133.85
2026-07-03 21:45:00+02:00,144.77562943207863,134.32
2026-07-03 22:00:00+02:00,160.02914481731773,141.36
2026-07-03 22:15:00+02:00,151.57888615379588,137.7
2026-07-03 22:30:00+02:00,135.36960139337876,134.96
2026-07-03 22:45:00+02:00,119.3809196635042,129.2
2026-07-03 23:00:00+02:00,134.32047677881374,128.69
2026-07-03 23:15:00+02:00,118.35481628015562,125.48
2026-07-03 23:30:00+02:00,119.66138478063775,124.59
2026-07-03 23:45:00+02:00,112.54729308918135,118.34
2026-07-04 00:00:00+02:00,119.01799413078399,137.1
2026-07-04 00:15:00+02:00,115.27433421705496,126.5
2026-07-04 00:30:00+02:00,111.62749845806077,121.85
2026-07-04 00:45:00+02:00,115.61140082979404,114.55
2026-07-04 01:00:00+02:00,108.62489903111873,128.58
2026-07-04 01:15:00+02:00,108.43151412675948,119.57
2026-07-04 01:30:00+02:00,108.28520382871608,116.7
2026-07-04 01:45:00+02:00,109.6563802764885,115.5
2026-07-04 02:00:00+02:00,106.70510063219193,117.14
2026-07-04 02:15:00+02:00,104.4448613929357,116.05
2026-07-04 02:30:00+02:00,102.37996995341618,116.83
2026-07-04 02:45:00+02:00,97.96747921099106,115.72
2026-07-04 03:00:00+02:00,99.97649475499392,117.14
2026-07-04 03:15:00+02:00,105.39137539538001,115.08
2026-07-04 03:30:00+02:00,106.05935133383926,112.56
2026-07-04 03:45:00+02:00,107.90077304915586,110.51
2026-07-04 04:00:00+02:00,91.13719475124516,107.42
2026-07-04 04:15:00+02:00,95.61252292065339,107.41
2026-07-04 04:30:00+02:00,101.46386502046099,105.31
2026-07-04 04:45:00+02:00,95.53696299552763,105.21
2026-07-04 05:00:00+02:00,93.23237707921925,103.42
2026-07-04 05:15:00+02:00,94.01217677649743,103.92
2026-07-04 05:30:00+02:00,96.94280682236348,98.97
2026-07-04 05:45:00+02:00,94.6308307357589,92.38
2026-07-04 06:00:00+02:00,96.61125001412182,105.0
2026-07-04 06:15:00+02:00,92.41374264491651,100.51
2026-07-04 06:30:00+02:00,86.90755265102372,89.33
2026-07-04 06:45:00+02:00,71.124855212085,74.16
2026-07-04 07:00:00+02:00,89.65015220686439,101.72
2026-07-04 07:15:00+02:00,87.4267357841928,83.07
2026-07-04 07:30:00+02:00,71.08375761278901,61.06
2026-07-04 07:45:00+02:00,50.31318871848529,44.76
2026-07-04 08:00:00+02:00,89.23247662369769,63.4
2026-07-04 08:15:00+02:00,50.73222240935151,32.9
2026-07-04 08:30:00+02:00,43.4318982048532,14.63
2026-07-04 08:45:00+02:00,18.663054605708155,4.79
2026-07-04 09:00:00+02:00,25.472295164369072,3.91
2026-07-04 09:15:00+02:00,3.142931080039304,0.06
2026-07-04 09:30:00+02:00,5.84444330734415,0.0
2026-07-04 09:45:00+02:00,-0.8486343694446603,0.0
2026-07-04 10:00:00+02:00,3.790569075593254,0.0
2026-07-04 10:15:00+02:00,9.025251549422691,0.0
2026-07-04 10:30:00+02:00,13.21222342960364,-0.01
2026-07-04 10:45:00+02:00,10.30985096070452,-0.03
2026-07-04 11:00:00+02:00,3.200853148950557,-0.12
2026-07-04 11:15:00+02:00,0.06988521758322364,-0.13
2026-07-04 11:30:00+02:00,-6.503194873599799,-1.01
2026-07-04 11:45:00+02:00,-15.928999718788138,-1.94
2026-07-04 12:00:00+02:00,-11.267679572483516,-1.65
2026-07-04 12:15:00+02:00,-8.079824675126272,-2.35
2026-07-04 12:30:00+02:00,-10.504092522661349,-3.42
2026-07-04 12:45:00+02:00,-11.767096300840688,-4.99
2026-07-04 13:00:00+02:00,-9.798375274361915,-6.41
2026-07-04 13:15:00+02:00,-18.57689499988843,-7.91
2026-07-04 13:30:00+02:00,-20.761281459415937,-8.67
2026-07-04 13:45:00+02:00,-18.155274407022407,-10.01
2026-07-04 14:00:00+02:00,-16.355312041013246,-11.8
2026-07-04 14:15:00+02:00,-17.87677347195548,-10.81
2026-07-04 14:30:00+02:00,-19.483459107093914,-9.99
2026-07-04 14:45:00+02:00,-16.335875426430583,-8.64
2026-07-04 15:00:00+02:00,-12.338806202637599,-5.98
2026-07-04 15:15:00+02:00,-14.806518562189328,-4.99
2026-07-04 15:30:00+02:00,-19.097000947726812,-3.69
2026-07-04 15:45:00+02:00,-10.825826666649824,-2.4
2026-07-04 16:00:00+02:00,-10.487678417802115,-1.01
2026-07-04 16:15:00+02:00,-5.7639875221650385,-0.14
2026-07-04 16:30:00+02:00,-0.9028274390963702,-0.12
2026-07-04 16:45:00+02:00,-3.176194641485523,-0.09
2026-07-04 17:00:00+02:00,2.9875494187869833,-0.09
2026-07-04 17:15:00+02:00,26.89977243983664,0.0
2026-07-04 17:30:00+02:00,30.978148715646213,0.08
2026-07-04 17:45:00+02:00,28.588455788250755,17.18
2026-07-04 18:00:00+02:00,15.941066417130372,11.44
2026-07-04 18:15:00+02:00,44.89668107342888,49.97
2026-07-04 18:30:00+02:00,70.20037727566717,74.74
2026-07-04 18:45:00+02:00,69.57714978881052,94.78
2026-07-04 19:00:00+02:00,87.68845204143379,83.56
2026-07-04 19:15:00+02:00,100.37757246788628,98.57
2026-07-04 19:30:00+02:00,111.35126549375678,120.89
2026-07-04 19:45:00+02:00,107.80140255369501,125.75
2026-07-04 20:00:00+02:00,104.65600892251713,116.79
2026-07-04 20:15:00+02:00,108.04838513996897,120.84
2026-07-04 20:30:00+02:00,109.34179007116978,127.45
2026-07-04 20:45:00+02:00,113.39158250950953,137.48
2026-07-04 21:00:00+02:00,100.83833706536402,128.97
2026-07-04 21:15:00+02:00,107.05039048551066,130.19
2026-07-04 21:30:00+02:00,107.31293683342658,133.51
2026-07-04 21:45:00+02:00,115.86001714482138,131.45
2026-07-04 22:00:00+02:00,123.01067365239024,136.51
2026-07-04 22:15:00+02:00,124.95737055563109,128.68
2026-07-04 22:30:00+02:00,123.99745264099178,127.84
2026-07-04 22:45:00+02:00,111.93277493206683,119.08
2026-07-04 23:00:00+02:00,117.44911934965133,126.46
2026-07-04 23:15:00+02:00,106.45566575108836,117.93
2026-07-04 23:30:00+02:00,112.33907314366239,115.85
2026-07-04 23:45:00+02:00,102.14345787494247,114.24
2026-07-05 00:00:00+02:00,108.91972066376792,134.57
2026-07-05 00:15:00+02:00,97.45691539666696,129.55
2026-07-05 00:30:00+02:00,97.1109112304677,117.65
2026-07-05 00:45:00+02:00,93.21317246561742,109.72
2026-07-05 01:00:00+02:00,97.25838490523878,135.0
2026-07-05 01:15:00+02:00,91.81692273516428,115.8
2026-07-05 01:30:00+02:00,86.81514968760987,110.04
2026-07-05 01:45:00+02:00,81.08171805327606,102.85
2026-07-05 02:00:00+02:00,84.88778436543868,116.64
2026-07-05 02:15:00+02:00,81.13951519818522,112.81
2026-07-05 02:30:00+02:00,77.93301046010637,109.36
2026-07-05 02:45:00+02:00,80.98708466049666,103.18
2026-07-05 03:00:00+02:00,85.69801821322784,108.99
2026-07-05 03:15:00+02:00,81.01468943591335,107.44
2026-07-05 03:30:00+02:00,85.70345577271777,105.54
2026-07-05 03:45:00+02:00,82.22865485853626,101.84
2026-07-05 04:00:00+02:00,81.28979773332685,103.24
2026-07-05 04:15:00+02:00,78.90315175354574,101.42
2026-07-05 04:30:00+02:00,75.2056266954699,101.47
2026-07-05 04:45:00+02:00,81.26239564251458,99.51
2026-07-05 05:00:00+02:00,77.06387178258453,103.14
2026-07-05 05:15:00+02:00,75.5677172634594,103.1
2026-07-05 05:30:00+02:00,78.05468382893663,96.95
2026-07-05 05:45:00+02:00,71.11535321591785,85.17
2026-07-05 06:00:00+02:00,83.1831087675414,108.44
2026-07-05 06:15:00+02:00,68.11955159548623,96.96
2026-07-05 06:30:00+02:00,60.9460187978807,77.93
2026-07-05 06:45:00+02:00,52.048503274383506,56.68
2026-07-05 07:00:00+02:00,65.95353660444718,76.36
2026-07-05 07:15:00+02:00,55.86620352475407,47.4
2026-07-05 07:30:00+02:00,50.56901008659146,31.58
2026-07-05 07:45:00+02:00,28.68792089497856,21.31
2026-07-05 08:00:00+02:00,54.15507975030965,31.17
2026-07-05 08:15:00+02:00,32.80295604667957,16.55
2026-07-05 08:30:00+02:00,26.262896180370234,7.24
2026-07-05 08:45:00+02:00,29.23945224006941,4.22
2026-07-05 09:00:00+02:00,51.46388262609236,4.25
2026-07-05 09:15:00+02:00,24.251618431206595,1.26
2026-07-05 09:30:00+02:00,14.642073502214203,0.02
2026-07-05 09:45:00+02:00,8.654752525000937,0.0
2026-07-05 10:00:00+02:00,25.101741006368883,0.0
2026-07-05 10:15:00+02:00,8.331462830693312,0.0
2026-07-05 10:30:00+02:00,6.076347980755351,-0.01
2026-07-05 10:45:00+02:00,-5.479940669691839,-0.02
2026-07-05 11:00:00+02:00,-6.357031716548274,-0.03
2026-07-05 11:15:00+02:00,-10.298926815485299,-0.02
2026-07-05 11:30:00+02:00,-10.670097680791258,-0.03
2026-07-05 11:45:00+02:00,-8.88203180668041,-0.04
2026-07-05 12:00:00+02:00,-5.285838284693266,-0.09
2026-07-05 12:15:00+02:00,-10.475057671396534,-0.1
2026-07-05 12:30:00+02:00,-10.536354057873318,-0.11
2026-07-05 12:45:00+02:00,-13.928973662210963,-0.12
2026-07-05 13:00:00+02:00,-11.679138224147424,-0.17
2026-07-05 13:15:00+02:00,-17.965949767612706,-0.21
2026-07-05 13:30:00+02:00,-24.136355723088855,-1.01
2026-07-05 13:45:00+02:00,-28.97741316835552,-1.08
2026-07-05 14:00:00+02:00,-30.71396852331974,-1.31
2026-07-05 14:15:00+02:00,-26.89228534269321,-1.2
2026-07-05 14:30:00+02:00,-29.298212690958568,-1.1
2026-07-05 14:45:00+02:00,-24.793322188742323,-1.05
2026-07-05 15:00:00+02:00,-25.618659199954052,-1.02
2026-07-05 15:15:00+02:00,-25.514883792186293,-1.05
2026-07-05 15:30:00+02:00,-21.231321987089814,-1.02
2026-07-05 15:45:00+02:00,-12.390476976099592,-1.0
2026-07-05 16:00:00+02:00,-16.90569508396931,-0.09
2026-07-05 16:15:00+02:00,-7.982468240040191,-0.08
2026-07-05 16:30:00+02:00,-1.3584086115974685,-0.07
2026-07-05 16:45:00+02:00,-10.622959991947496,0.0
2026-07-05 17:00:00+02:00,6.058891361645678,-0.01
2026-07-05 17:15:00+02:00,-9.441844203536249,0.14
2026-07-05 17:30:00+02:00,0.032412189725008034,3.78
2026-07-05 17:45:00+02:00,18.374010101738023,15.69
2026-07-05 18:00:00+02:00,14.014842744605858,20.06
2026-07-05 18:15:00+02:00,51.001783994541114,41.94
2026-07-05 18:30:00+02:00,62.38561819062146,82.04
2026-07-05 18:45:00+02:00,83.71962455054856,111.96
2026-07-05 19:00:00+02:00,77.11360481692611,69.67
2026-07-05 19:15:00+02:00,98.67227246339134,100.28
2026-07-05 19:30:00+02:00,110.50055161434032,125.07
2026-07-05 19:45:00+02:00,121.05637980479099,135.0
2026-07-05 20:00:00+02:00,108.4388990664268,115.65
2026-07-05 20:15:00+02:00,120.3754492817076,122.54
2026-07-05 20:30:00+02:00,127.36490540768148,134.01
2026-07-05 20:45:00+02:00,132.32832279662043,144.99
2026-07-05 21:00:00+02:00,123.60778425726181,129.95
2026-07-05 21:15:00+02:00,133.12652680644152,133.15
2026-07-05 21:30:00+02:00,139.16662576559446,136.63
2026-07-05 21:45:00+02:00,138.99174580538445,146.43
2026-07-05 22:00:00+02:00,138.0791610498381,144.99
2026-07-05 22:15:00+02:00,137.95301550987858,143.59
2026-07-05 22:30:00+02:00,134.13620322518574,137.68
2026-07-05 22:45:00+02:00,133.53217853248776,133.31
2026-07-05 23:00:00+02:00,135.88621597338263,134.51
2026-07-05 23:15:00+02:00,131.56790382823655,124.6
2026-07-05 23:30:00+02:00,127.19462056021244,129.06
2026-07-05 23:45:00+02:00,122.79323482277898,123.41
2026-07-06 00:00:00+02:00,130.28767622072473,149.55
2026-07-06 00:15:00+02:00,123.8401774095609,145.0
2026-07-06 00:30:00+02:00,122.33627137652238,136.0
2026-07-06 00:45:00+02:00,116.5914684727895,123.67
2026-07-06 01:00:00+02:00,119.3133651649056,130.57
2026-07-06 01:15:00+02:00,117.67019526965609,124.75
2026-07-06 01:30:00+02:00,116.60925829279063,122.84
2026-07-06 01:45:00+02:00,115.20222022378876,119.99
2026-07-06 02:00:00+02:00,116.8169200997418,124.91
2026-07-06 02:15:00+02:00,113.81921146716601,119.57
2026-07-06 02:30:00+02:00,114.6361732010187,118.21
2026-07-06 02:45:00+02:00,112.43725538075402,116.36
2026-07-06 03:00:00+02:00,111.6856249406467,115.42
2026-07-06 03:15:00+02:00,110.74998113441323,114.72
2026-07-06 03:30:00+02:00,109.8526101225373,115.95
2026-07-06 03:45:00+02:00,109.64249103937355,116.11
2026-07-06 04:00:00+02:00,109.13638183022552,114.39
2026-07-06 04:15:00+02:00,106.62941011857039,114.13
2026-07-06 04:30:00+02:00,104.49023565552905,117.9
2026-07-06 04:45:00+02:00,106.15359444249852,117.28
2026-07-06 05:00:00+02:00,107.69989240465254,116.41
2026-07-06 05:15:00+02:00,107.89173583114535,117.05
2026-07-06 05:30:00+02:00,106.92546005543386,120.0
2026-07-06 05:45:00+02:00,111.591520891766,129.98
2026-07-06 06:00:00+02:00,114.14652214656228,129.64
2026-07-06 06:15:00+02:00,117.41650775421448,138.53
2026-07-06 06:30:00+02:00,119.56191668407095,139.33
2026-07-06 06:45:00+02:00,116.01275651932069,136.63
2026-07-06 07:00:00+02:00,120.68202149286634,148.93
2026-07-06 07:15:00+02:00,120.45027106751226,143.75
2026-07-06 07:30:00+02:00,113.28487512268292,133.79
2026-07-06 07:45:00+02:00,103.5206064728749,131.77
2026-07-06 08:00:00+02:00,125.06803223790885,155.93
2026-07-06 08:15:00+02:00,118.9641688313695,135.18
2026-07-06 08:30:00+02:00,104.98645210768618,127.45
2026-07-06 08:45:00+02:00,86.5768417165507,116.9
2026-07-06 09:00:00+02:00,118.57808522646498,127.87
2026-07-06 09:15:00+02:00,95.58882319304256,115.55
2026-07-06 09:30:00+02:00,81.54054631547046,105.08
2026-07-06 09:45:00+02:00,67.01320749352041,93.96
2026-07-06 10:00:00+02:00,86.81086287299803,114.77
2026-07-06 10:15:00+02:00,71.32972992847343,94.99
2026-07-06 10:30:00+02:00,56.631279364114086,81.4
2026-07-06 10:45:00+02:00,30.809431004188635,69.94
2026-07-06 11:00:00+02:00,44.23694867213264,87.0
2026-07-06 11:15:00+02:00,28.168095035251383,79.52
2026-07-06 11:30:00+02:00,19.148939488553896,64.74
2026-07-06 11:45:00+02:00,11.718237745680714,57.0
2026-07-06 12:00:00+02:00,18.5538024949176,59.95
2026-07-06 12:15:00+02:00,9.05008682244561,47.22
2026-07-06 12:30:00+02:00,8.455335072384887,38.33
2026-07-06 12:45:00+02:00,8.77891154164633,26.56
2026-07-06 13:00:00+02:00,6.587626972094412,39.51
2026-07-06 13:15:00+02:00,10.565321707580734,25.02
2026-07-06 13:30:00+02:00,12.274584971549192,14.16
2026-07-06 13:45:00+02:00,3.0054998986658625,3.09
2026-07-06 14:00:00+02:00,-1.8276582125108265,19.2
2026-07-06 14:15:00+02:00,-0.26070809577066123,10.24
2026-07-06 14:30:00+02:00,-1.8388963405887786,8.76
2026-07-06 14:45:00+02:00,5.77899548018178,1.03
2026-07-06 15:00:00+02:00,7.391206726921181,4.51
2026-07-06 15:15:00+02:00,13.306716108881364,2.86
2026-07-06 15:30:00+02:00,20.13470445372796,4.99
2026-07-06 15:45:00+02:00,27.37773519608246,7.64
2026-07-06 16:00:00+02:00,15.492877793929026,2.46
2026-07-06 16:15:00+02:00,36.562782864424854,11.06
2026-07-06 16:30:00+02:00,11.617409943677842,26.52
2026-07-06 16:45:00+02:00,14.365328993432286,42.0
2026-07-06 17:00:00+02:00,9.343121045038679,28.86
2026-07-06 17:15:00+02:00,8.264759603602286,64.14
2026-07-06 17:30:00+02:00,6.96170137415784,81.21
2026-07-06 17:45:00+02:00,35.76616762052839,92.12
2026-07-06 18:00:00+02:00,34.697848701445466,79.74
2026-07-06 18:15:00+02:00,48.86707733054544,92.6
2026-07-06 18:30:00+02:00,82.48633492227177,108.23
2026-07-06 18:45:00+02:00,89.85623478223306,116.78
2026-07-06 19:00:00+02:00,85.30180608961129,101.23
2026-07-06 19:15:00+02:00,93.05069375819494,111.12
2026-07-06 19:30:00+02:00,115.44036603088067,125.26
2026-07-06 19:45:00+02:00,120.99894725778813,133.85
2026-07-06 20:00:00+02:00,108.14122695722803,124.27
2026-07-06 20:15:00+02:00,112.36767234815389,135.21
2026-07-06 20:30:00+02:00,124.59031353322824,140.83
2026-07-06 20:45:00+02:00,133.0897349333995,153.01
2026-07-06 21:00:00+02:00,117.4632122081836,151.64
2026-07-06 21:15:00+02:00,123.05330310335432,155.18
2026-07-06 21:30:00+02:00,129.1257436736777,153.19
2026-07-06 21:45:00+02:00,131.20001527916426,144.8
2026-07-06 22:00:00+02:00,132.09526533091383,152.61
2026-07-06 22:15:00+02:00,130.64798058854416,143.82
2026-07-06 22:30:00+02:00,122.14974384082278,150.67
2026-07-06 22:45:00+02:00,112.64302536222092,141.52
2026-07-06 23:00:00+02:00,120.30526119570197,145.38
2026-07-06 23:15:00+02:00,110.01462718901098,135.27
2026-07-06 23:30:00+02:00,108.87143755375246,132.58
2026-07-06 23:45:00+02:00,109.2974829490528,126.77
2026-07-07 00:00:00+02:00,137.88894215207947,129.03
2026-07-07 00:15:00+02:00,133.24924779220132,127.28
2026-07-07 00:30:00+02:00,127.66149581234056,116.08
2026-07-07 00:45:00+02:00,119.04829276638041,111.53
2026-07-07 01:00:00+02:00,127.79622151317443,121.75
2026-07-07 01:15:00+02:00,120.72863378981948,114.02
2026-07-07 01:30:00+02:00,118.91748960747378,112.85
2026-07-07 01:45:00+02:00,116.50962289298282,109.99
2026-07-07 02:00:00+02:00,119.37554855861075,113.0
2026-07-07 02:15:00+02:00,113.14260482973565,109.28
2026-07-07 02:30:00+02:00,111.04901135814666,106.29
2026-07-07 02:45:00+02:00,108.07286731028043,103.38
2026-07-07 03:00:00+02:00,112.07222767382919,103.36
2026-07-07 03:15:00+02:00,108.76188416860037,100.07
2026-07-07 03:30:00+02:00,108.19981405507933,101.0
2026-07-07 03:45:00+02:00,101.72156883599558,99.58
2026-07-07 04:00:00+02:00,106.11308927409019,98.9
2026-07-07 04:15:00+02:00,102.44596738582901,97.27
2026-07-07 04:30:00+02:00,101.84510419303992,98.19
2026-07-07 04:45:00+02:00,100.64069080900842,99.17
2026-07-07 05:00:00+02:00,104.8505363459698,100.0
2026-07-07 05:15:00+02:00,99.88598313516275,100.57
2026-07-07 05:30:00+02:00,104.42604960183324,102.72
2026-07-07 05:45:00+02:00,100.70738567621807,106.34
2026-07-07 06:00:00+02:00,103.5375019614847,111.14
2026-07-07 06:15:00+02:00,108.77418254833046,117.33
2026-07-07 06:30:00+02:00,103.95989237561817,116.82
2026-07-07 06:45:00+02:00,106.34085890248733,117.11
2026-07-07 07:00:00+02:00,123.00023932532392,124.01
2026-07-07 07:15:00+02:00,116.12401227665363,121.0
2026-07-07 07:30:00+02:00,112.95406478254641,117.95
2026-07-07 07:45:00+02:00,109.57374849849764,111.61
2026-07-07 08:00:00+02:00,121.55694071308929,128.69
2026-07-07 08:15:00+02:00,115.46012708932876,114.3
2026-07-07 08:30:00+02:00,104.16614395997235,112.34
2026-07-07 08:45:00+02:00,80.97048752783579,104.23
2026-07-07 09:00:00+02:00,102.12611786979912,121.97
2026-07-07 09:15:00+02:00,70.48839309963195,106.62
2026-07-07 09:30:00+02:00,50.37772871807582,89.96
2026-07-07 09:45:00+02:00,24.06928683923595,60.04
2026-07-07 10:00:00+02:00,37.522628689290265,82.67
2026-07-07 10:15:00+02:00,31.752622161192278,54.52
2026-07-07 10:30:00+02:00,30.240757813376,32.22
2026-07-07 10:45:00+02:00,21.710105070439845,4.15
2026-07-07 11:00:00+02:00,28.850946554379593,18.22
2026-07-07 11:15:00+02:00,31.740584437255006,1.48
2026-07-07 11:30:00+02:00,24.85402694901232,0.0
2026-07-07 11:45:00+02:00,16.81749129240686,-0.01
2026-07-07 12:00:00+02:00,7.601971488292072,-0.02
2026-07-07 12:15:00+02:00,11.632682107221182,-0.33
2026-07-07 12:30:00+02:00,12.454783034802972,-1.1
2026-07-07 12:45:00+02:00,12.042836718306445,-1.87
2026-07-07 13:00:00+02:00,11.510778957467117,-3.65
2026-07-07 13:15:00+02:00,9.193209105209228,-2.02
2026-07-07 13:30:00+02:00,6.081491865125565,-2.17
2026-07-07 13:45:00+02:00,0.5033071378678349,-2.98
2026-07-07 14:00:00+02:00,4.649663394706733,-3.02
2026-07-07 14:15:00+02:00,0.7177548284949906,-2.71
2026-07-07 14:30:00+02:00,-0.4816368365610506,-3.07
2026-07-07 14:45:00+02:00,-1.7230841955728273,-2.54
2026-07-07 15:00:00+02:00,1.8888873585007118,-1.77
2026-07-07 15:15:00+02:00,1.5400774755274123,-1.63
2026-07-07 15:30:00+02:00,6.4371068802904965,-1.33
2026-07-07 15:45:00+02:00,4.996861698270248,-1.21
2026-07-07 16:00:00+02:00,0.9352779285983459,-1.02
2026-07-07 16:15:00+02:00,5.558487755225826,-1.0
2026-07-07 16:30:00+02:00,16.39577358187298,-0.05
2026-07-07 16:45:00+02:00,39.12862446902169,-0.01
2026-07-07 17:00:00+02:00,25.626584176002915,0.0
2026-07-07 17:15:00+02:00,51.779644915279036,0.01
2026-07-07 17:30:00+02:00,69.35541705414738,7.85
2026-07-07 17:45:00+02:00,79.51476012804424,20.21
2026-07-07 18:00:00+02:00,64.45961216352802,25.18
2026-07-07 18:15:00+02:00,64.38183962697565,58.86
2026-07-07 18:30:00+02:00,86.84426688262994,71.01
2026-07-07 18:45:00+02:00,114.70161528038788,87.8
2026-07-07 19:00:00+02:00,95.19498807812681,67.53
2026-07-07 19:15:00+02:00,116.77096890098943,84.19
2026-07-07 19:30:00+02:00,127.07432213293288,92.01
2026-07-07 19:45:00+02:00,142.08192514798415,101.0
2026-07-07 20:00:00+02:00,116.52360138021729,102.91
2026-07-07 20:15:00+02:00,132.89346572630527,104.17
2026-07-07 20:30:00+02:00,142.05161607181165,112.9
2026-07-07 20:45:00+02:00,143.27268246250173,111.91
2026-07-07 21:00:00+02:00,137.99026403648497,118.09
2026-07-07 21:15:00+02:00,144.51947751141205,117.0
2026-07-07 21:30:00+02:00,145.76127313520306,118.88
2026-07-07 21:45:00+02:00,143.7356111943998,119.64
2026-07-07 22:00:00+02:00,147.0028666839208,124.54
2026-07-07 22:15:00+02:00,142.37225315505023,122.0
2026-07-07 22:30:00+02:00,149.25799765610554,121.03
2026-07-07 22:45:00+02:00,136.38917024773332,115.45
2026-07-07 23:00:00+02:00,141.38662532936084,121.24
2026-07-07 23:15:00+02:00,125.45266377618847,118.8
2026-07-07 23:30:00+02:00,127.00704097172267,115.36
2026-07-07 23:45:00+02:00,119.0491237261549,112.93
2026-07-08 00:00:00+02:00,103.13618628495857,119.71
2026-07-08 00:15:00+02:00,102.69419883301887,116.96
2026-07-08 00:30:00+02:00,97.43069519357982,112.03
2026-07-08 00:45:00+02:00,95.69554419175913,110.99
2026-07-08 01:00:00+02:00,100.50075771285529,120.96
2026-07-08 01:15:00+02:00,92.00575151620939,116.9
2026-07-08 01:30:00+02:00,93.31703969671516,115.3
2026-07-08 01:45:00+02:00,94.76059217534728,110.22
2026-07-08 02:00:00+02:00,95.92976376149724,116.05
2026-07-08 02:15:00+02:00,94.38628477127669,111.3
2026-07-08 02:30:00+02:00,91.65609437239362,111.07
2026-07-08 02:45:00+02:00,87.17545064095452,108.61
2026-07-08 03:00:00+02:00,97.45380951072931,107.31
2026-07-08 03:15:00+02:00,94.93107028310752,109.0
2026-07-08 03:30:00+02:00,95.10711669948893,107.18
2026-07-08 03:45:00+02:00,97.68877962316498,109.19
2026-07-08 04:00:00+02:00,95.91168745025135,107.84
2026-07-08 04:15:00+02:00,100.6063984187608,113.32
2026-07-08 04:30:00+02:00,99.1114747405376,115.14
2026-07-08 04:45:00+02:00,99.14815559748419,118.03
2026-07-08 05:00:00+02:00,96.06689907634009,115.22
2026-07-08 05:15:00+02:00,98.09920599360657,118.91
2026-07-08 05:30:00+02:00,99.96403445249712,121.19
2026-07-08 05:45:00+02:00,110.93157379019989,123.5
2026-07-08 06:00:00+02:00,116.62559313587886,125.23
2026-07-08 06:15:00+02:00,118.37087317173285,131.6
2026-07-08 06:30:00+02:00,115.59432662824014,132.5
2026-07-08 06:45:00+02:00,112.48453714553324,133.67
2026-07-08 07:00:00+02:00,128.7762448464464,136.17
2026-07-08 07:15:00+02:00,116.14746794766343,134.45
2026-07-08 07:30:00+02:00,112.88454727973526,132.02
2026-07-08 07:45:00+02:00,98.41702534841296,125.0
2026-07-08 08:00:00+02:00,111.0963741007811,139.68
2026-07-08 08:15:00+02:00,107.67394627081114,130.92
2026-07-08 08:30:00+02:00,94.30243714171908,121.17
2026-07-08 08:45:00+02:00,69.2606846763419,111.4
2026-07-08 09:00:00+02:00,93.50585126513064,122.91
2026-07-08 09:15:00+02:00,81.74436211985012,110.85
2026-07-08 09:30:00+02:00,14.628022277606505,89.22
2026-07-08 09:45:00+02:00,6.356911291465991,78.71
2026-07-08 10:00:00+02:00,12.126388945648756,90.05
2026-07-08 10:15:00+02:00,17.9001308387924,79.47
2026-07-08 10:30:00+02:00,7.589833848763789,78.8
2026-07-08 10:45:00+02:00,4.748955797471545,70.01
2026-07-08 11:00:00+02:00,7.391108959151971,85.0
2026-07-08 11:15:00+02:00,5.047890131443047,74.26
2026-07-08 11:30:00+02:00,2.4712708612741743,71.2
2026-07-08 11:45:00+02:00,4.817863965815771,53.84
2026-07-08 12:00:00+02:00,6.273037005018066,56.9
2026-07-08 12:15:00+02:00,5.794161952076654,56.19
2026-07-08 12:30:00+02:00,-0.8042061091069268,47.95
2026-07-08 12:45:00+02:00,2.0514841373826833,34.99
2026-07-08 13:00:00+02:00,-0.3757404489117171,30.73
2026-07-08 13:15:00+02:00,-4.047036080682722,20.06
2026-07-08 13:30:00+02:00,-7.710352620327949,9.87
2026-07-08 13:45:00+02:00,-13.670718882276917,8.32
2026-07-08 14:00:00+02:00,-11.518760531925679,6.86
2026-07-08 14:15:00+02:00,-11.3450242360793,8.25
2026-07-08 14:30:00+02:00,-9.212849842646621,8.89
2026-07-08 14:45:00+02:00,-12.175104354309362,7.61
2026-07-08 15:00:00+02:00,-6.254820644001457,5.72
2026-07-08 15:15:00+02:00,-3.926637631009007,4.62
2026-07-08 15:30:00+02:00,1.0663233519705209,10.0
2026-07-08 15:45:00+02:00,-1.772085953814063,18.82
2026-07-08 16:00:00+02:00,2.7470665231829265,8.21
2026-07-08 16:15:00+02:00,-0.5086630658398263,16.45
2026-07-08 16:30:00+02:00,-4.090336790308527,47.32
2026-07-08 16:45:00+02:00,8.77220067205127,68.1
2026-07-08 17:00:00+02:00,0.8620900341436624,60.43
2026-07-08 17:15:00+02:00,5.48929065544624,79.42
2026-07-08 17:30:00+02:00,21.727206347115768,82.16
2026-07-08 17:45:00+02:00,62.548200389107706,87.22
2026-07-08 18:00:00+02:00,35.87843688175015,85.09
2026-07-08 18:15:00+02:00,35.100608648593735,91.76
2026-07-08 18:30:00+02:00,77.15162067341376,112.88
2026-07-08 18:45:00+02:00,95.00381658316302,127.99
2026-07-08 19:00:00+02:00,73.394567426272,120.1
2026-07-08 19:15:00+02:00,101.005491994946,133.01
2026-07-08 19:30:00+02:00,121.57107920593793,137.08
2026-07-08 19:45:00+02:00,146.67474357116836,150.0
2026-07-08 20:00:00+02:00,120.11743285193042,133.1
2026-07-08 20:15:00+02:00,128.1214277126673,146.12
2026-07-08 20:30:00+02:00,149.3003894932307,155.06
2026-07-08 20:45:00+02:00,158.10817815901967,169.11
2026-07-08 21:00:00+02:00,145.23346883652752,161.19
2026-07-08 21:15:00+02:00,145.1678169676458,161.05
2026-07-08 21:30:00+02:00,142.3342656118838,163.14
2026-07-08 21:45:00+02:00,150.48967514333822,157.1
2026-07-08 22:00:00+02:00,145.25483573083812,167.11
2026-07-08 22:15:00+02:00,144.2954159100656,163.15
2026-07-08 22:30:00+02:00,147.24880107880247,159.44
2026-07-08 22:45:00+02:00,138.81262900375074,147.1
2026-07-08 23:00:00+02:00,145.4158037994499,153.65
2026-07-08 23:15:00+02:00,132.28565757595192,144.99
2026-07-08 23:30:00+02:00,132.77062665403483,144.01
2026-07-08 23:45:00+02:00,130.2574584572975,137.54
2026-07-09 00:00:00+02:00,140.2562561054835,149.97
2026-07-09 00:15:00+02:00,137.5490525836648,143.98
2026-07-09 00:30:00+02:00,129.1929152207913,136.93
2026-07-09 00:45:00+02:00,123.59538629464484,130.43
2026-07-09 01:00:00+02:00,129.44474082715905,140.32
2026-07-09 01:15:00+02:00,125.69220085171523,133.19
2026-07-09 01:30:00+02:00,120.59358729570542,130.89
2026-07-09 01:45:00+02:00,121.39150509250713,128.43
2026-07-09 02:00:00+02:00,121.03585766730586,128.44
2026-07-09 02:15:00+02:00,117.3697965304394,127.48
2026-07-09 02:30:00+02:00,116.89576479208374,127.0
2026-07-09 02:45:00+02:00,115.3384918324694,126.37
2026-07-09 03:00:00+02:00,117.91198646860724,124.96
2026-07-09 03:15:00+02:00,115.47230450972624,124.85
2026-07-09 03:30:00+02:00,115.96035079938768,124.61
2026-07-09 03:45:00+02:00,116.15569777458525,124.97
2026-07-09 04:00:00+02:00,112.0728943253405,121.12
2026-07-09 04:15:00+02:00,114.70169064412086,124.01
2026-07-09 04:30:00+02:00,117.17407462918032,126.59
2026-07-09 04:45:00+02:00,119.1368082928619,130.05
2026-07-09 05:00:00+02:00,116.96418979934431,127.86
2026-07-09 05:15:00+02:00,120.08966074917,131.66
2026-07-09 05:30:00+02:00,123.5942161117219,135.0
2026-07-09 05:45:00+02:00,127.85085892250511,141.3
2026-07-09 06:00:00+02:00,131.0170647277831,142.51
2026-07-09 06:15:00+02:00,143.89897886040495,152.43
2026-07-09 06:30:00+02:00,143.6588695297191,153.73
2026-07-09 06:45:00+02:00,138.2675281593467,147.93
2026-07-09 07:00:00+02:00,148.0241990899751,164.44
2026-07-09 07:15:00+02:00,141.52231283239453,151.41
2026-07-09 07:30:00+02:00,135.22942152396223,143.06
2026-07-09 07:45:00+02:00,126.01598257168939,131.73
2026-07-09 08:00:00+02:00,144.23047199746694,154.08
2026-07-09 08:15:00+02:00,131.77849239761704,140.0
2026-07-09 08:30:00+02:00,128.47182097543194,134.92
2026-07-09 08:45:00+02:00,116.30222508433583,124.19
2026-07-09 09:00:00+02:00,133.18554563980655,132.6
2026-07-09 09:15:00+02:00,120.64414607391461,120.33
2026-07-09 09:30:00+02:00,105.69402505958845,113.25
2026-07-09 09:45:00+02:00,91.01280796822681,105.94
2026-07-09 10:00:00+02:00,109.95764580983172,109.06
2026-07-09 10:15:00+02:00,91.95422089493027,104.01
2026-07-09 10:30:00+02:00,82.16135775363651,98.51
2026-07-09 10:45:00+02:00,67.0606234606143,86.94
2026-07-09 11:00:00+02:00,80.64583840088349,100.0
2026-07-09 11:15:00+02:00,76.96864977936761,90.1
2026-07-09 11:30:00+02:00,73.55040994205007,81.76
2026-07-09 11:45:00+02:00,56.90837805132607,75.46
2026-07-09 12:00:00+02:00,71.57229800072571,82.36
2026-07-09 12:15:00+02:00,54.22902937055602,69.09
2026-07-09 12:30:00+02:00,43.46725658010919,61.0
2026-07-09 12:45:00+02:00,35.55187093400767,54.31
2026-07-09 13:00:00+02:00,38.491390324851935,58.7
2026-07-09 13:15:00+02:00,34.618923829303576,51.67
2026-07-09 13:30:00+02:00,27.453681480695643,39.06
2026-07-09 13:45:00+02:00,23.643751286689177,25.07
2026-07-09 14:00:00+02:00,22.708343725209893,33.61
2026-07-09 14:15:00+02:00,29.34602394762765,35.94
2026-07-09 14:30:00+02:00,36.0217097595884,38.9
2026-07-09 14:45:00+02:00,41.2863585157411,43.57
2026-07-09 15:00:00+02:00,35.73176009488956,33.37
2026-07-09 15:15:00+02:00,49.124617343611064,43.22
2026-07-09 15:30:00+02:00,59.63511055140753,55.16
2026-07-09 15:45:00+02:00,76.35806896690491,72.41
2026-07-09 16:00:00+02:00,55.79026368369611,62.14
2026-07-09 16:15:00+02:00,71.22743869552711,77.0
2026-07-09 16:30:00+02:00,90.02994312468181,86.53
2026-07-09 16:45:00+02:00,99.95658044914245,98.37
2026-07-09 17:00:00+02:00,82.34580826675864,85.15
2026-07-09 17:15:00+02:00,107.432694797995,104.06
2026-07-09 17:30:00+02:00,111.09428839650425,114.41
2026-07-09 17:45:00+02:00,126.83591987453333,130.03
2026-07-09 18:00:00+02:00,110.13277359078808,114.4
2026-07-09 18:15:00+02:00,123.62755953381158,123.36
2026-07-09 18:30:00+02:00,134.20329554311704,136.05
2026-07-09 18:45:00+02:00,151.62058417367504,147.82
2026-07-09 19:00:00+02:00,133.2708189282545,142.83
2026-07-09 19:15:00+02:00,149.83916023961956,152.09
2026-07-09 19:30:00+02:00,185.59757549288997,170.16
2026-07-09 19:45:00+02:00,209.44916811052417,200.92
2026-07-09 20:00:00+02:00,199.35572690475385,185.06
2026-07-09 20:15:00+02:00,238.68687011187285,199.67
2026-07-09 20:30:00+02:00,273.4999131698324,223.16
2026-07-09 20:45:00+02:00,258.4555115101933,234.91
2026-07-09 21:00:00+02:00,280.7674036898634,231.36
2026-07-09 21:15:00+02:00,239.6215071585688,223.78
2026-07-09 21:30:00+02:00,196.11094305746929,206.85
2026-07-09 21:45:00+02:00,171.77749685312273,191.26
2026-07-09 22:00:00+02:00,195.45604919395134,208.4
2026-07-09 22:15:00+02:00,171.82541603860662,187.95
2026-07-09 22:30:00+02:00,158.07001312218242,174.8
2026-07-09 22:45:00+02:00,143.39195848234223,164.71
2026-07-09 23:00:00+02:00,159.03786230499028,172.66
2026-07-09 23:15:00+02:00,146.32107553541323,165.09
2026-07-09 23:30:00+02:00,142.9914590648792,156.21
2026-07-09 23:45:00+02:00,136.1949788936504,157.02
2026-07-10 00:00:00+02:00,157.71612721208547,167.73
2026-07-10 00:15:00+02:00,140.28518089211627,154.65
2026-07-10 00:30:00+02:00,143.32455587826692,149.56
2026-07-10 00:45:00+02:00,135.5955724439789,142.29
2026-07-10 01:00:00+02:00,143.9624776847459,149.61
2026-07-10 01:15:00+02:00,136.5578279561953,143.85
2026-07-10 01:30:00+02:00,135.9089352337937,142.3
2026-07-10 01:45:00+02:00,135.19343486024204,137.97
2026-07-10 02:00:00+02:00,134.73532498751882,141.98
2026-07-10 02:15:00+02:00,134.45006879410923,141.16
2026-07-10 02:30:00+02:00,134.16141842428283,137.71
2026-07-10 02:45:00+02:00,134.24159318164118,137.95
2026-07-10 03:00:00+02:00,131.84467073437938,138.55
2026-07-10 03:15:00+02:00,131.14330154946782,137.87
2026-07-10 03:30:00+02:00,132.2438936091768,137.7
2026-07-10 03:45:00+02:00,132.0975220672696,137.59
2026-07-10 04:00:00+02:00,130.46741157880572,137.37
2026-07-10 04:15:00+02:00,131.20660466343966,138.0
2026-07-10 04:30:00+02:00,135.5822411567452,137.71
2026-07-10 04:45:00+02:00,134.91793862262026,140.0
2026-07-10 05:00:00+02:00,133.18384419533112,140.01
2026-07-10 05:15:00+02:00,135.54473313138308,141.61
2026-07-10 05:30:00+02:00,137.8695357388453,142.43
2026-07-10 05:45:00+02:00,144.30536958788656,145.76
2026-07-10 06:00:00+02:00,150.4993233465515,146.74
2026-07-10 06:15:00+02:00,159.75274969187785,155.45
2026-07-10 06:30:00+02:00,155.22482461125787,152.29
2026-07-10 06:45:00+02:00,151.22263645847573,150.08
2026-07-10 07:00:00+02:00,169.94272058902314,160.54
2026-07-10 07:15:00+02:00,152.45652371507038,153.35
2026-07-10 07:30:00+02:00,143.2967872790405,144.96
2026-07-10 07:45:00+02:00,128.90128580636582,131.92
2026-07-10 08:00:00+02:00,150.1431060237259,154.77
2026-07-10 08:15:00+02:00,131.4270942025654,141.08
2026-07-10 08:30:00+02:00,126.75988599562685,131.42
2026-07-10 08:45:00+02:00,112.82652871088321,112.34
2026-07-10 09:00:00+02:00,133.04257142038185,138.13
2026-07-10 09:15:00+02:00,118.52192235347219,130.77
2026-07-10 09:30:00+02:00,101.41703173745358,115.23
2026-07-10 09:45:00+02:00,91.84958907057256,103.77
2026-07-10 10:00:00+02:00,108.37426299834382,112.71
2026-07-10 10:15:00+02:00,101.26705417953517,108.28
2026-07-10 10:30:00+02:00,92.40704387452409,94.0
2026-07-10 10:45:00+02:00,83.3120508820129,84.59
2026-07-10 11:00:00+02:00,92.6481133155059,89.7
2026-07-10 11:15:00+02:00,85.89448154655716,82.55
2026-07-10 11:30:00+02:00,69.87523073316771,75.0
2026-07-10 11:45:00+02:00,50.91036549090552,65.99
2026-07-10 12:00:00+02:00,70.54426847745387,69.94
2026-07-10 12:15:00+02:00,57.10087610826061,64.54
2026-07-10 12:30:00+02:00,50.66242071298903,52.74
2026-07-10 12:45:00+02:00,38.39807430085957,40.0
2026-07-10 13:00:00+02:00,43.84723283109885,43.44
2026-07-10 13:15:00+02:00,44.0337715632605,39.0
2026-07-10 13:30:00+02:00,36.288591826255356,37.0
2026-07-10 13:45:00+02:00,23.593267470934066,30.0
2026-07-10 14:00:00+02:00,28.135097493949278,38.9
2026-07-10 14:15:00+02:00,31.190115144055376,40.0
2026-07-10 14:30:00+02:00,41.7562334731999,42.91
2026-07-10 14:45:00+02:00,49.76690925030334,41.99
2026-07-10 15:00:00+02:00,40.63612845025756,46.23
2026-07-10 15:15:00+02:00,56.506864595541224,55.83
2026-07-10 15:30:00+02:00,75.68676407597684,65.81
2026-07-10 15:45:00+02:00,87.97747518833387,80.53
2026-07-10 16:00:00+02:00,68.29802614144926,61.2
2026-07-10 16:15:00+02:00,84.46590180081107,83.11
2026-07-10 16:30:00+02:00,93.15082233282962,97.1
2026-07-10 16:45:00+02:00,104.94305860802272,112.24
2026-07-10 17:00:00+02:00,85.4871092438831,103.63
2026-07-10 17:15:00+02:00,105.9447055909489,106.17
2026-07-10 17:30:00+02:00,112.55450338654437,117.19
2026-07-10 17:45:00+02:00,126.05713224413327,128.29
2026-07-10 18:00:00+02:00,103.94858686906811,108.97
2026-07-10 18:15:00+02:00,122.90934243757968,120.83
2026-07-10 18:30:00+02:00,141.13090227613395,138.66
2026-07-10 18:45:00+02:00,161.55173142873807,145.28
2026-07-10 19:00:00+02:00,138.60723589620716,142.95
2026-07-10 19:15:00+02:00,158.20317175479383,150.82
2026-07-10 19:30:00+02:00,207.89933396388193,174.69
2026-07-10 19:45:00+02:00,243.17353305977377,191.62
2026-07-10 20:00:00+02:00,189.35650419219527,176.0
2026-07-10 20:15:00+02:00,223.0475883963605,183.49
2026-07-10 20:30:00+02:00,230.4330900479041,192.63
2026-07-10 20:45:00+02:00,243.89194872081873,194.59
2026-07-10 21:00:00+02:00,262.30965727333796,189.88
2026-07-10 21:15:00+02:00,265.03063953967813,179.1
2026-07-10 21:30:00+02:00,219.99927382185456,170.0
2026-07-10 21:45:00+02:00,204.50298642137477,168.56
2026-07-10 22:00:00+02:00,230.77602556035072,172.7
2026-07-10 22:15:00+02:00,200.4443883094792,169.16
2026-07-10 22:30:00+02:00,178.2953917976247,168.55
2026-07-10 22:45:00+02:00,163.33681172685448,161.59
2026-07-10 23:00:00+02:00,173.8760216596151,162.26
2026-07-10 23:15:00+02:00,161.88983436939907,156.32
2026-07-10 23:30:00+02:00,153.30834287338075,153.37
2026-07-10 23:45:00+02:00,146.9905438250527,145.9
2026-07-11 00:00:00+02:00,158.21062027977717,160.31
2026-07-11 00:15:00+02:00,145.76556321173322,153.81
2026-07-11 00:30:00+02:00,141.09501938387356,146.24
2026-07-11 00:45:00+02:00,135.3172756294768,141.63
2026-07-11 01:00:00+02:00,137.37229000184752,145.41
2026-07-11 01:15:00+02:00,136.35351283425896,145.0
2026-07-11 01:30:00+02:00,134.42654753667105,144.98
2026-07-11 01:45:00+02:00,132.40359746897514,140.41
2026-07-11 02:00:00+02:00,135.77352503471093,143.42
2026-07-11 02:15:00+02:00,132.45269784022796,140.71
2026-07-11 02:30:00+02:00,128.44488399683533,140.0
2026-07-11 02:45:00+02:00,128.34594886091944,140.3
2026-07-11 03:00:00+02:00,126.95567390051534,141.15
2026-07-11 03:15:00+02:00,125.0224641849682,141.88
2026-07-11 03:30:00+02:00,126.50610881240516,140.8
2026-07-11 03:45:00+02:00,126.99355728161575,138.86
2026-07-11 04:00:00+02:00,126.87566742566439,142.48
2026-07-11 04:15:00+02:00,129.3289380586355,144.68
2026-07-11 04:30:00+02:00,127.5803710493288,137.61
2026-07-11 04:45:00+02:00,127.22312388097853,137.08
2026-07-11 05:00:00+02:00,128.492975313538,141.4
2026-07-11 05:15:00+02:00,129.4821255024897,138.6
2026-07-11 05:30:00+02:00,127.14201043841922,139.82
2026-07-11 05:45:00+02:00,122.50496265755986,135.63
2026-07-11 06:00:00+02:00,132.2581424586155,146.42
2026-07-11 06:15:00+02:00,125.7134147159282,141.11
2026-07-11 06:30:00+02:00,121.58326088101042,131.6
2026-07-11 06:45:00+02:00,115.43728592953929,126.21
2026-07-11 07:00:00+02:00,128.99372824867328,131.69
2026-07-11 07:15:00+02:00,118.78365393978446,126.93
2026-07-11 07:30:00+02:00,108.90549459894508,122.13
2026-07-11 07:45:00+02:00,96.44769428341986,116.38
2026-07-11 08:00:00+02:00,121.37124541665688,142.16
2026-07-11 08:15:00+02:00,105.58017218397922,123.95
2026-07-11 08:30:00+02:00,78.90549402446402,105.75
2026-07-11 08:45:00+02:00,59.859843223399494,89.55
2026-07-11 09:00:00+02:00,91.24560332417403,107.07
2026-07-11 09:15:00+02:00,53.37030365675483,91.35
2026-07-11 09:30:00+02:00,23.192172837758946,67.51
2026-07-11 09:45:00+02:00,0.4221582508895807,29.51
2026-07-11 10:00:00+02:00,3.310516335941017,40.0
2026-07-11 10:15:00+02:00,4.049946095250718,18.09
2026-07-11 10:30:00+02:00,-1.129339082228796,5.18
2026-07-11 10:45:00+02:00,-1.9914837140651755,1.08
2026-07-11 11:00:00+02:00,-5.702269293389492,1.0
2026-07-11 11:15:00+02:00,-0.6953906965750676,0.29
2026-07-11 11:30:00+02:00,-4.009056515043866,0.02
2026-07-11 11:45:00+02:00,-5.724373010937661,0.0
2026-07-11 12:00:00+02:00,-3.1853224211209223,0.0
2026-07-11 12:15:00+02:00,-7.978461358207603,0.0
2026-07-11 12:30:00+02:00,-6.304836606265134,-0.01
2026-07-11 12:45:00+02:00,-7.47631976997342,-0.02
2026-07-11 13:00:00+02:00,-5.571448054019271,-0.07
2026-07-11 13:15:00+02:00,-6.113418074604571,-0.8
2026-07-11 13:30:00+02:00,-9.067731805828085,-0.9
2026-07-11 13:45:00+02:00,-4.7493917233325424,-1.01
2026-07-11 14:00:00+02:00,-7.162540032076532,-1.01
2026-07-11 14:15:00+02:00,-3.8022649458208413,-1.01
2026-07-11 14:30:00+02:00,-3.983388788541127,-1.0
2026-07-11 14:45:00+02:00,-3.410581373448405,-0.88
2026-07-11 15:00:00+02:00,0.691916732626809,-0.92
2026-07-11 15:15:00+02:00,-1.211489431200814,-0.53
2026-07-11 15:30:00+02:00,-2.0167831577667386,-0.11
2026-07-11 15:45:00+02:00,-5.2573347743610555,-0.45
2026-07-11 16:00:00+02:00,-0.1195209482293933,-0.04
2026-07-11 16:15:00+02:00,1.1960063624977764,-0.04
2026-07-11 16:30:00+02:00,15.327412131251307,0.01
2026-07-11 16:45:00+02:00,6.028616211170046,24.76
2026-07-11 17:00:00+02:00,10.889031151535995,14.58
2026-07-11 17:15:00+02:00,31.211212647553275,66.85
2026-07-11 17:30:00+02:00,44.72109601787295,94.19
2026-07-11 17:45:00+02:00,79.46259044615203,123.16
2026-07-11 18:00:00+02:00,54.83676117674038,97.43
2026-07-11 18:15:00+02:00,85.72144162701258,113.36
2026-07-11 18:30:00+02:00,122.81228330272418,130.99
2026-07-11 18:45:00+02:00,133.71060380298917,139.63
2026-07-11 19:00:00+02:00,122.19885995502054,130.04
2026-07-11 19:15:00+02:00,129.5018328489024,140.92
2026-07-11 19:30:00+02:00,138.4621119664382,144.1
2026-07-11 19:45:00+02:00,163.52393253310052,148.94
2026-07-11 20:00:00+02:00,142.44546985488657,148.14
2026-07-11 20:15:00+02:00,142.05956911925915,151.26
2026-07-11 20:30:00+02:00,158.50208050956786,153.35
2026-07-11 20:45:00+02:00,164.2140842343645,154.53
2026-07-11 21:00:00+02:00,157.18880329810693,156.38
2026-07-11 21:15:00+02:00,170.0037445991693,154.63
2026-07-11 21:30:00+02:00,158.2048648875794,157.95
2026-07-11 21:45:00+02:00,150.04336802930342,156.54
2026-07-11 22:00:00+02:00,177.6552891561767,160.01
2026-07-11 22:15:00+02:00,154.6205686678719,155.31
2026-07-11 22:30:00+02:00,146.90729838602522,155.28
2026-07-11 22:45:00+02:00,135.19721033731292,148.95
2026-07-11 23:00:00+02:00,142.79148811934402,151.35
2026-07-11 23:15:00+02:00,139.173212615563,145.2
2026-07-11 23:30:00+02:00,129.40283284252047,145.0
2026-07-11 23:45:00+02:00,123.62264159798245,140.78
2026-07-12 00:00:00+02:00,150.29558425234134,140.51
2026-07-12 00:15:00+02:00,138.54853889835314,140.0
2026-07-12 00:30:00+02:00,131.92512558391164,138.76
2026-07-12 00:45:00+02:00,126.46782171409578,130.5
2026-07-12 01:00:00+02:00,135.43862674799496,135.2
2026-07-12 01:15:00+02:00,128.4821496538363,135.0
2026-07-12 01:30:00+02:00,128.2581089419721,131.34
2026-07-12 01:45:00+02:00,123.98612294333275,126.0
2026-07-12 02:00:00+02:00,125.70944060808709,127.94
2026-07-12 02:15:00+02:00,124.6584101353404,126.04
2026-07-12 02:30:00+02:00,124.32600923164526,124.8
2026-07-12 02:45:00+02:00,121.67275631335417,123.5
2026-07-12 03:00:00+02:00,122.43443545003109,127.93
2026-07-12 03:15:00+02:00,121.62811887814843,127.92
2026-07-12 03:30:00+02:00,121.02863181729681,122.85
2026-07-12 03:45:00+02:00,121.15593044046054,121.7
2026-07-12 04:00:00+02:00,119.8737622441863,127.0
2026-07-12 04:15:00+02:00,120.51171782762702,123.23
2026-07-12 04:30:00+02:00,123.18943487713108,121.11
2026-07-12 04:45:00+02:00,123.47094862295145,120.19
2026-07-12 05:00:00+02:00,125.11551556524981,124.0
2026-07-12 05:15:00+02:00,121.61172638294397,122.18
2026-07-12 05:30:00+02:00,121.76608817819891,120.54
2026-07-12 05:45:00+02:00,116.45941685954939,112.94
2026-07-12 06:00:00+02:00,123.27757947144323,118.64
2026-07-12 06:15:00+02:00,117.19926055242736,112.33
2026-07-12 06:30:00+02:00,112.81877208721738,110.0
2026-07-12 06:45:00+02:00,109.44386425446011,105.48
2026-07-12 07:00:00+02:00,124.5539584414325,112.31
2026-07-12 07:15:00+02:00,111.58930712427322,108.3
2026-07-12 07:30:00+02:00,101.47889161584305,101.21
2026-07-12 07:45:00+02:00,82.13556179008958,77.28
2026-07-12 08:00:00+02:00,92.15870963453534,103.56
2026-07-12 08:15:00+02:00,74.94640536102338,79.42
2026-07-12 08:30:00+02:00,30.83297299572969,52.3
2026-07-12 08:45:00+02:00,25.733081916184915,13.19
2026-07-12 09:00:00+02:00,56.226731027796426,20.0
2026-07-12 09:15:00+02:00,26.386213351868534,1.54
2026-07-12 09:30:00+02:00,15.624193245930073,0.0
2026-07-12 09:45:00+02:00,3.260411226044539,0.0
2026-07-12 10:00:00+02:00,-2.8911768418689263,-0.01
2026-07-12 10:15:00+02:00,-3.287108480792412,-0.01
2026-07-12 10:30:00+02:00,-0.7502275805943412,-0.05
2026-07-12 10:45:00+02:00,1.2020416704101038,-0.11
2026-07-12 11:00:00+02:00,-2.5316505674739034,-1.01
2026-07-12 11:15:00+02:00,0.2073936614191041,-1.68
2026-07-12 11:30:00+02:00,0.39699273094723253,-2.33
2026-07-12 11:45:00+02:00,1.7443698039348519,-3.64
2026-07-12 12:00:00+02:00,1.5560620746463698,-5.0
2026-07-12 12:15:00+02:00,-2.3875699503708034,-6.35
2026-07-12 12:30:00+02:00,-5.146515616727683,-8.0
2026-07-12 12:45:00+02:00,-3.877517729276077,-9.28
2026-07-12 13:00:00+02:00,-4.3066848887073235,-9.5
2026-07-12 13:15:00+02:00,-8.830094833169142,-10.01
2026-07-12 13:30:00+02:00,-13.920771765526876,-11.51
2026-07-12 13:45:00+02:00,-18.55851939420089,-11.83
2026-07-12 14:00:00+02:00,-13.80088503517617,-10.4
2026-07-12 14:15:00+02:00,-11.102138201687689,-10.19
2026-07-12 14:30:00+02:00,-10.197946187305147,-9.99
2026-07-12 14:45:00+02:00,-7.631615975003038,-9.64
2026-07-12 15:00:00+02:00,-8.87817180192976,-8.72
2026-07-12 15:15:00+02:00,-1.9786150623204257,-6.39
2026-07-12 15:30:00+02:00,-3.0615350249921534,-4.99
2026-07-12 15:45:00+02:00,-0.8728145462320711,-3.53
2026-07-12 16:00:00+02:00,1.3256922651945082,-2.02
2026-07-12 16:15:00+02:00,-0.6404408860345328,-1.89
2026-07-12 16:30:00+02:00,-8.830239143935955,-2.01
2026-07-12 16:45:00+02:00,2.8564338301907384,-4.85
2026-07-12 17:00:00+02:00,4.4814873791083585,-1.61
2026-07-12 17:15:00+02:00,25.55032412640186,-1.2
2026-07-12 17:30:00+02:00,42.041955142577876,-0.01
2026-07-12 17:45:00+02:00,108.48359502795704,33.34
2026-07-12 18:00:00+02:00,58.62659743395346,25.33
2026-07-12 18:15:00+02:00,107.44198931658728,99.54
2026-07-12 18:30:00+02:00,130.83182553334515,116.25
2026-07-12 18:45:00+02:00,142.6223710065793,132.61
2026-07-12 19:00:00+02:00,124.20110940230808,111.51
2026-07-12 19:15:00+02:00,137.97945294791919,133.75
2026-07-12 19:30:00+02:00,144.88206832497556,136.97
2026-07-12 19:45:00+02:00,154.62342311910055,145.0
2026-07-12 20:00:00+02:00,150.38774373329593,137.21
2026-07-12 20:15:00+02:00,154.64822147770303,140.89
2026-07-12 20:30:00+02:00,162.08796414269344,141.37
2026-07-12 20:45:00+02:00,161.10440419541357,144.12
2026-07-12 21:00:00+02:00,161.17396284219637,140.1
2026-07-12 21:15:00+02:00,170.6720501935182,144.94
2026-07-12 21:30:00+02:00,172.32207468456923,145.93
2026-07-12 21:45:00+02:00,164.99658271865874,146.98
2026-07-12 22:00:00+02:00,171.43972652747655,149.7
2026-07-12 22:15:00+02:00,167.47766687482584,145.0
2026-07-12 22:30:00+02:00,158.0704065924922,144.94
2026-07-12 22:45:00+02:00,144.53149753135384,140.08
2026-07-12 23:00:00+02:00,160.15489368999684,144.97
2026-07-12 23:15:00+02:00,149.31559894759022,137.9
2026-07-12 23:30:00+02:00,142.44894631566305,138.47
2026-07-12 23:45:00+02:00,140.62846305932078,135.93
2026-07-13 00:00:00+02:00,145.24547660140473,131.94
2026-07-13 00:15:00+02:00,135.5897787435931,130.0
2026-07-13 00:30:00+02:00,133.8745426478851,129.41
2026-07-13 00:45:00+02:00,126.20423032729606,127.57
2026-07-13 01:00:00+02:00,133.26601786829588,128.42
2026-07-13 01:15:00+02:00,126.00035458451137,124.17
2026-07-13 01:30:00+02:00,121.34480864110893,123.7
2026-07-13 01:45:00+02:00,118.74492244071945,122.13
2026-07-13 02:00:00+02:00,121.26909146379053,122.93
2026-07-13 02:15:00+02:00,122.17424904118835,119.39
2026-07-13 02:30:00+02:00,120.99583562871804,119.45
2026-07-13 02:45:00+02:00,118.47437887624068,120.5
2026-07-13 03:00:00+02:00,118.72551316721331,120.0
2026-07-13 03:15:00+02:00,119.10343286505966,120.3
2026-07-13 03:30:00+02:00,117.19737960944094,121.92
2026-07-13 03:45:00+02:00,118.91921738252503,123.68
2026-07-13 04:00:00+02:00,116.7749140956685,118.68
2026-07-13 04:15:00+02:00,118.40095906880538,122.74
2026-07-13 04:30:00+02:00,121.810814005026,125.75
2026-07-13 04:45:00+02:00,122.40778574914651,127.0
2026-07-13 05:00:00+02:00,119.26298583610608,126.51
2026-07-13 05:15:00+02:00,123.48195459229827,130.46
2026-07-13 05:30:00+02:00,132.0198784406775,137.14
2026-07-13 05:45:00+02:00,135.81259239445004,142.86
2026-07-13 06:00:00+02:00,138.85117432788743,145.27
2026-07-13 06:15:00+02:00,149.0259709357534,152.18
2026-07-13 06:30:00+02:00,150.97794343936977,151.4
2026-07-13 06:45:00+02:00,148.64443061217344,150.52
2026-07-13 07:00:00+02:00,158.0995829093511,171.08
2026-07-13 07:15:00+02:00,154.95190578789033,166.72
2026-07-13 07:30:00+02:00,146.14248157632554,154.33
2026-07-13 07:45:00+02:00,140.88779854729736,145.59
2026-07-13 08:00:00+02:00,157.22665561072407,151.81
2026-07-13 08:15:00+02:00,138.83274064900985,146.22
2026-07-13 08:30:00+02:00,129.06916595811416,130.86
2026-07-13 08:45:00+02:00,110.43051286536753,127.06
2026-07-13 09:00:00+02:00,132.7695218818671,142.94
2026-07-13 09:15:00+02:00,117.99559498451697,130.01
2026-07-13 09:30:00+02:00,111.7060654054045,114.41
2026-07-13 09:45:00+02:00,104.6059233554339,103.07
2026-07-13 10:00:00+02:00,112.70587761647039,119.03
2026-07-13 10:15:00+02:00,102.81210412300584,103.92
2026-07-13 10:30:00+02:00,96.69668647397484,95.83
2026-07-13 10:45:00+02:00,86.05817822257752,81.29
2026-07-13 11:00:00+02:00,99.62100775209848,87.38
2026-07-13 11:15:00+02:00,90.96866124030734,78.66
2026-07-13 11:30:00+02:00,82.50744191065749,70.0
2026-07-13 11:45:00+02:00,67.92995709658797,60.45
2026-07-13 12:00:00+02:00,79.89448653840272,63.97
2026-07-13 12:15:00+02:00,67.5563636502907,52.2
2026-07-13 12:30:00+02:00,59.22857725681931,45.01
2026-07-13 12:45:00+02:00,53.526894006370874,41.31
2026-07-13 13:00:00+02:00,64.4157859491566,40.45
2026-07-13 13:15:00+02:00,56.63602401001897,34.67
2026-07-13 13:30:00+02:00,51.92150092091201,33.63
2026-07-13 13:45:00+02:00,42.85579188718236,22.85
2026-07-13 14:00:00+02:00,42.88814516263136,34.08
2026-07-13 14:15:00+02:00,42.71144727086505,34.23
2026-07-13 14:30:00+02:00,46.272949780080175,40.72
2026-07-13 14:45:00+02:00,49.07984891151555,45.12
2026-07-13 15:00:00+02:00,52.59044505327216,45.0
2026-07-13 15:15:00+02:00,61.169417340154794,56.1
2026-07-13 15:30:00+02:00,64.18756156603233,68.79
2026-07-13 15:45:00+02:00,79.81845341851457,86.01
2026-07-13 16:00:00+02:00,62.677741077513765,68.8
2026-07-13 16:15:00+02:00,83.90132045627541,91.85
2026-07-13 16:30:00+02:00,82.2080563161045,95.69
2026-07-13 16:45:00+02:00,103.69150203642637,107.46
2026-07-13 17:00:00+02:00,78.3865130835882,98.37
2026-07-13 17:15:00+02:00,108.1299639292807,115.87
2026-07-13 17:30:00+02:00,119.81848641554461,132.69
2026-07-13 17:45:00+02:00,128.50849324892658,139.18
2026-07-13 18:00:00+02:00,103.05579254971244,125.68
2026-07-13 18:15:00+02:00,124.76589798394082,137.75
2026-07-13 18:30:00+02:00,132.85182031515862,144.06
2026-07-13 18:45:00+02:00,153.05270090589957,152.51
2026-07-13 19:00:00+02:00,137.25533373615164,149.92
2026-07-13 19:15:00+02:00,145.66919498086443,153.0
2026-07-13 19:30:00+02:00,152.2088029701766,166.0
2026-07-13 19:45:00+02:00,177.96350437083768,194.93
2026-07-13 20:00:00+02:00,156.33411693788136,184.53
2026-07-13 20:15:00+02:00,155.26318786687293,184.98
2026-07-13 20:30:00+02:00,155.10741007650296,182.22
2026-07-13 20:45:00+02:00,157.40942530530327,180.26
2026-07-13 21:00:00+02:00,156.40528787286655,181.44
2026-07-13 21:15:00+02:00,153.83951002396242,177.45
2026-07-13 21:30:00+02:00,157.36346151940148,163.0
2026-07-13 21:45:00+02:00,145.279771951838,153.31
2026-07-13 22:00:00+02:00,162.3831736400691,172.84
2026-07-13 22:15:00+02:00,146.7866915182191,155.98
2026-07-13 22:30:00+02:00,140.46579144209403,157.0
2026-07-13 22:45:00+02:00,130.48088709229296,150.47
2026-07-13 23:00:00+02:00,135.99777080798094,149.9
2026-07-13 23:15:00+02:00,125.81934506294506,144.58
2026-07-13 23:30:00+02:00,124.5765807330827,142.81
2026-07-13 23:45:00+02:00,120.13160799032057,138.99
2026-07-14 00:00:00+02:00,144.31036530204887,148.37
2026-07-14 00:15:00+02:00,136.18770162434694,141.21
2026-07-14 00:30:00+02:00,133.49400741369465,137.07
2026-07-14 00:45:00+02:00,128.62422367904753,131.91
2026-07-14 01:00:00+02:00,133.19001437524707,138.79
2026-07-14 01:15:00+02:00,129.08335114989166,134.5
2026-07-14 01:30:00+02:00,126.49740973973529,132.99
2026-07-14 01:45:00+02:00,124.6189491724491,129.27
2026-07-14 02:00:00+02:00,124.81177941651448,129.55
2026-07-14 02:15:00+02:00,123.5756882345577,126.71
2026-07-14 02:30:00+02:00,121.88634528440521,127.44
2026-07-14 02:45:00+02:00,121.13072431683949,125.7
2026-07-14 03:00:00+02:00,126.00267047436057,128.0
2026-07-14 03:15:00+02:00,122.80086577079386,127.28
2026-07-14 03:30:00+02:00,122.21591382708117,127.09
2026-07-14 03:45:00+02:00,122.74351883273206,126.5
2026-07-14 04:00:00+02:00,122.31562114561339,125.62
2026-07-14 04:15:00+02:00,123.68039713909039,125.87
2026-07-14 04:30:00+02:00,124.0259183173419,128.23
2026-07-14 04:45:00+02:00,128.36694473439115,130.88
2026-07-14 05:00:00+02:00,123.52332429179867,130.27
2026-07-14 05:15:00+02:00,127.13702179670555,133.28
2026-07-14 05:30:00+02:00,133.7300932517564,136.93
2026-07-14 05:45:00+02:00,138.0597323507071,139.6
2026-07-14 06:00:00+02:00,140.49007004646353,144.85
2026-07-14 06:15:00+02:00,149.5156933651723,142.87
2026-07-14 06:30:00+02:00,149.5434530897277,148.51
2026-07-14 06:45:00+02:00,146.15319772316332,146.99
2026-07-14 07:00:00+02:00,162.10550713258093,153.8
2026-07-14 07:15:00+02:00,153.21710760042572,152.35
2026-07-14 07:30:00+02:00,145.54244400449838,154.96
2026-07-14 07:45:00+02:00,133.204624356957,147.95
2026-07-14 08:00:00+02:00,153.55299041512555,148.37
2026-07-14 08:15:00+02:00,140.357990857394,140.6
2026-07-14 08:30:00+02:00,132.40625185513738,132.15
2026-07-14 08:45:00+02:00,119.33668714129094,121.56
2026-07-14 09:00:00+02:00,137.88563997551452,135.28
2026-07-14 09:15:00+02:00,125.27143619109644,125.01
2026-07-14 09:30:00+02:00,111.05995911991876,116.41
2026-07-14 09:45:00+02:00,102.51930571980448,110.87
2026-07-14 10:00:00+02:00,117.73147819171012,123.34
2026-07-14 10:15:00+02:00,111.81553691499612,107.29
2026-07-14 10:30:00+02:00,100.32715975327953,103.67
2026-07-14 10:45:00+02:00,92.76366524364413,95.61
2026-07-14 11:00:00+02:00,101.62424494081537,101.59
2026-07-14 11:15:00+02:00,94.33019285815763,97.38
2026-07-14 11:30:00+02:00,85.16805098980382,94.0
2026-07-14 11:45:00+02:00,69.5126225084621,73.78
2026-07-14 12:00:00+02:00,77.62670005768103,82.29
2026-07-14 12:15:00+02:00,60.82278657098048,65.78
2026-07-14 12:30:00+02:00,55.566765372052984,58.1
2026-07-14 12:45:00+02:00,43.375521809330635,50.0
2026-07-14 13:00:00+02:00,59.02372607248334,55.72
2026-07-14 13:15:00+02:00,48.16107362319774,54.04
2026-07-14 13:30:00+02:00,44.063466538410054,52.53
2026-07-14 13:45:00+02:00,34.21654528612076,45.01
2026-07-14 14:00:00+02:00,38.56114674309627,48.17
2026-07-14 14:15:00+02:00,39.39267415674102,55.0
2026-07-14 14:30:00+02:00,46.62500364269361,59.89
2026-07-14 14:45:00+02:00,48.96512944810522,67.86
2026-07-14 15:00:00+02:00,50.71726596881439,54.18
2026-07-14 15:15:00+02:00,61.326896759293916,64.87
2026-07-14 15:30:00+02:00,64.3572194637338,75.37
2026-07-14 15:45:00+02:00,87.05853907267822,85.58
2026-07-14 16:00:00+02:00,68.70489813237869,69.4
2026-07-14 16:15:00+02:00,85.59392647201267,91.8
2026-07-14 16:30:00+02:00,101.3396226606734,104.3
2026-07-14 16:45:00+02:00,111.99562211185285,107.53
2026-07-14 17:00:00+02:00,86.43739233602597,105.48
2026-07-14 17:15:00+02:00,109.452815256187,109.99
2026-07-14 17:30:00+02:00,119.20131958557687,124.12
2026-07-14 17:45:00+02:00,133.58888921359764,130.17
2026-07-14 18:00:00+02:00,109.31882351923578,123.56
2026-07-14 18:15:00+02:00,127.6795143956803,131.59
2026-07-14 18:30:00+02:00,136.11636963062568,142.04
2026-07-14 18:45:00+02:00,153.63440035247433,156.0
2026-07-14 19:00:00+02:00,134.3944809316276,143.92
2026-07-14 19:15:00+02:00,156.36230356389362,152.08
2026-07-14 19:30:00+02:00,168.82015804591265,161.92
2026-07-14 19:45:00+02:00,218.84275936588793,178.1
2026-07-14 20:00:00+02:00,173.11490893635096,177.95
2026-07-14 20:15:00+02:00,184.35548217023535,181.72
2026-07-14 20:30:00+02:00,186.71069237564933,184.75
2026-07-14 20:45:00+02:00,192.43224871992894,185.5
2026-07-14 21:00:00+02:00,194.88403364813433,180.96
2026-07-14 21:15:00+02:00,174.62291675255506,174.32
2026-07-14 21:30:00+02:00,168.2509203764936,174.02
2026-07-14 21:45:00+02:00,152.93815195205835,171.96
2026-07-14 22:00:00+02:00,164.33414253439756,178.44
2026-07-14 22:15:00+02:00,156.15129222692354,170.58
2026-07-14 22:30:00+02:00,151.69194880950664,167.11
2026-07-14 22:45:00+02:00,135.79337862823388,158.93
2026-07-14 23:00:00+02:00,145.8532068555328,158.51
2026-07-14 23:15:00+02:00,147.41674662107434,153.0
2026-07-14 23:30:00+02:00,139.80396782530013,150.31
2026-07-14 23:45:00+02:00,128.11074658729402,144.26
2026-07-15 00:00:00+02:00,151.14611618622268,158.34
2026-07-15 00:15:00+02:00,152.91377923376595,154.5
2026-07-15 00:30:00+02:00,145.48319604579305,154.43
2026-07-15 00:45:00+02:00,135.2380123076809,146.8
2026-07-15 01:00:00+02:00,141.24223853754282,150.45
2026-07-15 01:15:00+02:00,133.48421602024925,145.0
2026-07-15 01:30:00+02:00,132.60607724762698,142.9
2026-07-15 01:45:00+02:00,126.91585460510683,139.44
2026-07-15 02:00:00+02:00,128.2745058917707,141.39
2026-07-15 02:15:00+02:00,128.93386558541584,138.28
2026-07-15 02:30:00+02:00,126.6694445102192,138.73
2026-07-15 02:45:00+02:00,126.4725334356689,137.75
2026-07-15 03:00:00+02:00,131.66086520968997,136.5
2026-07-15 03:15:00+02:00,128.5029478835094,137.63
2026-07-15 03:30:00+02:00,124.68767646581958,135.94
2026-07-15 03:45:00+02:00,124.0367706530057,136.4
2026-07-15 04:00:00+02:00,127.17756138349112,136.5
2026-07-15 04:15:00+02:00,129.65471970870593,138.93
2026-07-15 04:30:00+02:00,127.78467034058046,141.98
2026-07-15 04:45:00+02:00,131.46482647971203,146.05
2026-07-15 05:00:00+02:00,130.64211820637104,142.19
2026-07-15 05:15:00+02:00,134.04164763761577,148.59
2026-07-15 05:30:00+02:00,134.70929006450126,151.16
2026-07-15 05:45:00+02:00,144.67509562330162,159.19
2026-07-15 06:00:00+02:00,152.87463994791216,165.87
2026-07-15 06:15:00+02:00,160.76869348681797,171.16
2026-07-15 06:30:00+02:00,161.50822564462567,166.34
2026-07-15 06:45:00+02:00,155.32231050968355,163.4
2026-07-15 07:00:00+02:00,167.63650756437505,173.09
2026-07-15 07:15:00+02:00,159.67402460408482,167.0
2026-07-15 07:30:00+02:00,153.78157215516921,164.39
2026-07-15 07:45:00+02:00,144.05766683413938,159.04
2026-07-15 08:00:00+02:00,154.952602225939,167.28
2026-07-15 08:15:00+02:00,151.7050744291897,163.43
2026-07-15 08:30:00+02:00,136.81234127923472,153.01
2026-07-15 08:45:00+02:00,117.00880077366499,140.01
2026-07-15 09:00:00+02:00,139.9966256787421,150.0
2026-07-15 09:15:00+02:00,126.57734576697986,139.62
2026-07-15 09:30:00+02:00,114.72919420310149,130.36
2026-07-15 09:45:00+02:00,103.26392843627355,120.43
2026-07-15 10:00:00+02:00,121.51415359935234,130.15
2026-07-15 10:15:00+02:00,106.5877508764029,115.44
2026-07-15 10:30:00+02:00,97.63689190945868,102.0
2026-07-15 10:45:00+02:00,90.89881299499163,98.08
2026-07-15 11:00:00+02:00,95.34403547829815,105.23
2026-07-15 11:15:00+02:00,93.6652986853019,101.0
2026-07-15 11:30:00+02:00,80.69889767090152,97.04
2026-07-15 11:45:00+02:00,76.11677957604563,81.74
2026-07-15 12:00:00+02:00,81.7442843699368,89.39
2026-07-15 12:15:00+02:00,77.538647052828,75.14
2026-07-15 12:30:00+02:00,74.91972190232333,68.17
2026-07-15 12:45:00+02:00,74.8029413139401,64.68
2026-07-15 13:00:00+02:00,78.7173350176601,67.27
2026-07-15 13:15:00+02:00,73.58382457986711,67.24
2026-07-15 13:30:00+02:00,74.03530545155672,60.9
2026-07-15 13:45:00+02:00,71.93217033449359,58.98
2026-07-15 14:00:00+02:00,75.1841137784531,61.06
2026-07-15 14:15:00+02:00,82.01303974393217,60.24
2026-07-15 14:30:00+02:00,75.85829208246038,63.12
2026-07-15 14:45:00+02:00,76.18573150109889,67.25
2026-07-15 15:00:00+02:00,75.36629110124706,60.77
2026-07-15 15:15:00+02:00,81.09012995254692,66.93
2026-07-15 15:30:00+02:00,91.167347416331,76.82
2026-07-15 15:45:00+02:00,98.17525755477796,87.78
2026-07-15 16:00:00+02:00,87.4926765377605,80.34
2026-07-15 16:15:00+02:00,96.70302984833657,89.58
2026-07-15 16:30:00+02:00,103.90571830176599,105.29
2026-07-15 16:45:00+02:00,117.85104561000772,113.38
2026-07-15 17:00:00+02:00,93.79568437687121,101.0
2026-07-15 17:15:00+02:00,110.8767587090048,108.54
2026-07-15 17:30:00+02:00,122.35613886189705,123.63
2026-07-15 17:45:00+02:00,128.5631403975554,139.56
2026-07-15 18:00:00+02:00,114.02240997256598,128.64
2026-07-15 18:15:00+02:00,126.94687687307888,142.01
2026-07-15 18:30:00+02:00,151.7536275352786,147.58
2026-07-15 18:45:00+02:00,167.5822891666216,164.02
2026-07-15 19:00:00+02:00,155.02841051665192,147.92
2026-07-15 19:15:00+02:00,172.74338273775618,163.77
2026-07-15 19:30:00+02:00,207.02685552471428,183.98
2026-07-15 19:45:00+02:00,286.50619275794327,207.88
2026-07-15 20:00:00+02:00,215.52123035537784,197.96
2026-07-15 20:15:00+02:00,267.694074812658,199.64
2026-07-15 20:30:00+02:00,283.74733128845764,208.25
2026-07-15 20:45:00+02:00,292.5241265857074,218.05
2026-07-15 21:00:00+02:00,242.5554961362658,221.06
2026-07-15 21:15:00+02:00,236.52904173200852,196.12
2026-07-15 21:30:00+02:00,222.06018481892266,197.13
2026-07-15 21:45:00+02:00,197.94918371256585,192.29
2026-07-15 22:00:00+02:00,231.3719227457891,199.99
2026-07-15 22:15:00+02:00,190.00721022967042,190.0
2026-07-15 22:30:00+02:00,193.08436417118102,187.9
2026-07-15 22:45:00+02:00,166.78995217970942,175.63
2026-07-15 23:00:00+02:00,176.57928904230656,179.14
2026-07-15 23:15:00+02:00,164.12912190723267,171.94
2026-07-15 23:30:00+02:00,159.76437319724022,169.62
2026-07-15 23:45:00+02:00,144.43215348121404,164.96
2026-07-16 00:00:00+02:00,168.2403186345369,173.58
2026-07-16 00:15:00+02:00,150.38760778272675,169.04
2026-07-16 00:30:00+02:00,148.33323396880996,163.51
2026-07-16 00:45:00+02:00,141.8290724602228,158.0
2026-07-16 01:00:00+02:00,148.84427320055585,162.03
2026-07-16 01:15:00+02:00,141.1989358338518,158.0
2026-07-16 01:30:00+02:00,136.91485870684068,158.97
2026-07-16 01:45:00+02:00,134.67335070533505,157.8
2026-07-16 02:00:00+02:00,136.47367812983336,157.62
2026-07-16 02:15:00+02:00,131.01095771817526,154.67
2026-07-16 02:30:00+02:00,131.8958828071111,150.92
2026-07-16 02:45:00+02:00,131.43636795331653,148.42
2026-07-16 03:00:00+02:00,133.05904719776595,152.09
2026-07-16 03:15:00+02:00,136.34329112552848,147.56
2026-07-16 03:30:00+02:00,132.77337433964675,148.08
2026-07-16 03:45:00+02:00,129.03178290269364,148.18
2026-07-16 04:00:00+02:00,132.53858922322283,148.9
2026-07-16 04:15:00+02:00,129.43204343591722,150.4
2026-07-16 04:30:00+02:00,135.111145163023,154.25
2026-07-16 04:45:00+02:00,138.2872682450969,155.2
2026-07-16 05:00:00+02:00,133.08451845411346,156.76
2026-07-16 05:15:00+02:00,142.91431139242792,159.44
2026-07-16 05:30:00+02:00,147.82644203059624,160.3
2026-07-16 05:45:00+02:00,153.54618571254645,163.28
2026-07-16 06:00:00+02:00,164.88865318161868,175.0
2026-07-16 06:15:00+02:00,170.933814385611,175.68
2026-07-16 06:30:00+02:00,167.51689400641263,176.35
2026-07-16 06:45:00+02:00,167.9840152446585,174.77
2026-07-16 07:00:00+02:00,184.69514992304636,180.58
2026-07-16 07:15:00+02:00,168.46393166537246,177.84
2026-07-16 07:30:00+02:00,163.65427223564464,171.47
2026-07-16 07:45:00+02:00,152.81104787974516,161.15
2026-07-16 08:00:00+02:00,173.5722512148938,169.65
2026-07-16 08:15:00+02:00,155.2210615079901,166.12
2026-07-16 08:30:00+02:00,139.5133665887802,159.55
2026-07-16 08:45:00+02:00,121.70614966575629,138.73
2026-07-16 09:00:00+02:00,144.74998735167307,152.98
2026-07-16 09:15:00+02:00,129.56321242046923,138.29
2026-07-16 09:30:00+02:00,118.27391221418519,133.08
2026-07-16 09:45:00+02:00,108.72937812778312,124.22
2026-07-16 10:00:00+02:00,121.31126898595267,140.04
2026-07-16 10:15:00+02:00,109.71602005194616,122.66
2026-07-16 10:30:00+02:00,105.24056982215357,110.32
2026-07-16 10:45:00+02:00,95.03877532399181,100.21
2026-07-16 11:00:00+02:00,107.70023512525022,113.34
2026-07-16 11:15:00+02:00,92.1902034187695,109.25
2026-07-16 11:30:00+02:00,91.91786608445594,105.98
2026-07-16 11:45:00+02:00,79.66443046991269,100.36
2026-07-16 12:00:00+02:00,89.5909218825986,100.35
2026-07-16 12:15:00+02:00,81.40526044468413,93.84
2026-07-16 12:30:00+02:00,76.05541991087571,93.02
2026-07-16 12:45:00+02:00,76.84734634230044,91.55
2026-07-16 13:00:00+02:00,76.72656632114709,92.38
2026-07-16 13:15:00+02:00,75.00169928479175,91.74
2026-07-16 13:30:00+02:00,70.84946221160624,83.79
2026-07-16 13:45:00+02:00,70.96741787521592,81.99
2026-07-16 14:00:00+02:00,67.78478937168876,91.77
2026-07-16 14:15:00+02:00,69.80017203687808,94.01
2026-07-16 14:30:00+02:00,73.40974397908852,97.05
2026-07-16 14:45:00+02:00,79.85024611927484,103.01
2026-07-16 15:00:00+02:00,66.93430052726467,105.43
2026-07-16 15:15:00+02:00,79.19860699981125,108.71
2026-07-16 15:30:00+02:00,90.9610758100817,109.36
2026-07-16 15:45:00+02:00,98.41318594785577,114.91
2026-07-16 16:00:00+02:00,87.37035671699547,105.78
2026-07-16 16:15:00+02:00,96.67807786229143,112.67
2026-07-16 16:30:00+02:00,109.22686692588353,127.74
2026-07-16 16:45:00+02:00,122.99744521226421,132.36
2026-07-16 17:00:00+02:00,106.68629680183781,124.5
2026-07-16 17:15:00+02:00,114.89508990828907,135.4
2026-07-16 17:30:00+02:00,132.43027350327893,143.19
2026-07-16 17:45:00+02:00,148.20260087522075,156.65
2026-07-16 18:00:00+02:00,119.72557985000701,146.38
2026-07-16 18:15:00+02:00,138.095416186028,176.08
2026-07-16 18:30:00+02:00,166.5660587888684,181.59
2026-07-16 18:45:00+02:00,202.77348437078976,206.74
2026-07-16 19:00:00+02:00,187.68656994686654,184.35
2026-07-16 19:15:00+02:00,207.93025396677302,217.92
2026-07-16 19:30:00+02:00,279.0544331282698,257.87
2026-07-16 19:45:00+02:00,297.03182719903,304.27
2026-07-16 20:00:00+02:00,284.54634410333176,284.85
2026-07-16 20:15:00+02:00,291.35818041494537,304.44
2026-07-16 20:30:00+02:00,300.39662944541135,329.15
2026-07-16 20:45:00+02:00,326.00989205674205,328.3
2026-07-16 21:00:00+02:00,279.3391195648059,339.65
2026-07-16 21:15:00+02:00,267.36480466616115,277.83
2026-07-16 21:30:00+02:00,242.1271324193758,229.17
2026-07-16 21:45:00+02:00,244.68823205766108,203.75
2026-07-16 22:00:00+02:00,271.84935726911164,228.77
2026-07-16 22:15:00+02:00,239.98667654071343,203.75
2026-07-16 22:30:00+02:00,222.15586477729323,205.0
2026-07-16 22:45:00+02:00,188.3889275406242,189.84
2026-07-16 23:00:00+02:00,198.10677675959653,196.03
2026-07-16 23:15:00+02:00,184.77206501034635,180.6
2026-07-16 23:30:00+02:00,177.7812718017142,175.1
2026-07-16 23:45:00+02:00,155.97092583282836,169.52
2026-07-17 00:00:00+02:00,172.6820841764362,175.0
2026-07-17 00:15:00+02:00,162.71043070250846,171.31
2026-07-17 00:30:00+02:00,155.33939669990409,169.45
2026-07-17 00:45:00+02:00,151.16088834999056,166.5
2026-07-17 01:00:00+02:00,157.33013305724978,167.0
2026-07-17 01:15:00+02:00,151.72751792203877,162.88
2026-07-17 01:30:00+02:00,145.86520481644294,160.64
2026-07-17 01:45:00+02:00,138.83879141101232,155.28
2026-07-17 02:00:00+02:00,146.55885950463139,156.97
2026-07-17 02:15:00+02:00,141.2708345226423,153.0
2026-07-17 02:30:00+02:00,143.3313172720847,151.91
2026-07-17 02:45:00+02:00,137.97881323201204,146.02
2026-07-17 03:00:00+02:00,135.60531196242357,148.0
2026-07-17 03:15:00+02:00,131.88589784041662,145.0
2026-07-17 03:30:00+02:00,126.99834869146578,142.0
2026-07-17 03:45:00+02:00,129.9445779591838,140.76
2026-07-17 04:00:00+02:00,133.92196436407536,141.04
2026-07-17 04:15:00+02:00,134.31099684015226,142.2
2026-07-17 04:30:00+02:00,139.8178183101328,142.35
2026-07-17 04:45:00+02:00,133.73341311773459,146.01
2026-07-17 05:00:00+02:00,137.3185077821099,150.92
2026-07-17 05:15:00+02:00,136.77782384861553,151.2
2026-07-17 05:30:00+02:00,148.4140252787252,153.03
2026-07-17 05:45:00+02:00,144.07053382726122,158.8
2026-07-17 06:00:00+02:00,158.09561321754376,162.67
2026-07-17 06:15:00+02:00,156.68404946345902,168.5
2026-07-17 06:30:00+02:00,160.59234105197362,167.88
2026-07-17 06:45:00+02:00,160.36951966778167,161.39
2026-07-17 07:00:00+02:00,171.30858006920144,176.95
2026-07-17 07:15:00+02:00,161.66868708177415,171.42
2026-07-17 07:30:00+02:00,160.90292484233083,163.68
2026-07-17 07:45:00+02:00,150.27143193304704,150.96
2026-07-17 08:00:00+02:00,154.53198501504022,174.77
2026-07-17 08:15:00+02:00,153.12566660637182,165.12
2026-07-17 08:30:00+02:00,141.55604112376133,154.73
2026-07-17 08:45:00+02:00,127.28920733661923,133.8
2026-07-17 09:00:00+02:00,143.28260485613487,150.0
2026-07-17 09:15:00+02:00,130.93728242122324,138.62
2026-07-17 09:30:00+02:00,114.83092955878644,134.25
2026-07-17 09:45:00+02:00,110.67839321648083,118.81
2026-07-17 10:00:00+02:00,119.43631904748192,148.62
2026-07-17 10:15:00+02:00,108.22744999398498,130.95
2026-07-17 10:30:00+02:00,94.65728278806449,118.61
2026-07-17 10:45:00+02:00,83.97916257790267,111.63
2026-07-17 11:00:00+02:00,103.54186579636878,120.7
2026-07-17 11:15:00+02:00,86.00414222129791,112.02
2026-07-17 11:30:00+02:00,70.21149301706484,111.61
2026-07-17 11:45:00+02:00,60.949027881015624,110.8
2026-07-17 12:00:00+02:00,71.09552971213947,112.25
2026-07-17 12:15:00+02:00,62.84217374212878,105.0
2026-07-17 12:30:00+02:00,59.823417669605135,100.0
2026-07-17 12:45:00+02:00,49.32155425234145,98.3
2026-07-17 13:00:00+02:00,50.61357614607591,98.96
2026-07-17 13:15:00+02:00,45.99105137537988,98.35
2026-07-17 13:30:00+02:00,42.482428590533885,97.81
2026-07-17 13:45:00+02:00,44.083748106488535,97.68
2026-07-17 14:00:00+02:00,42.210803747544254,97.94
2026-07-17 14:15:00+02:00,46.435535641854486,98.09
2026-07-17 14:30:00+02:00,56.6991694465933,98.41
2026-07-17 14:45:00+02:00,68.81027578085803,99.27
2026-07-17 15:00:00+02:00,55.317517477604156,99.7
2026-07-17 15:15:00+02:00,71.08217811333407,105.3
2026-07-17 15:30:00+02:00,79.03658494842489,108.98
2026-07-17 15:45:00+02:00,76.56683717681844,109.94
2026-07-17 16:00:00+02:00,51.3097370942978,105.0
2026-07-17 16:15:00+02:00,75.7163139632596,111.5
2026-07-17 16:30:00+02:00,90.46483252173682,116.86
2026-07-17 16:45:00+02:00,105.44322392582954,125.44
2026-07-17 17:00:00+02:00,77.39981455917449,114.66
2026-07-17 17:15:00+02:00,114.2377971759005,122.57
2026-07-17 17:30:00+02:00,115.91026072124103,130.51
2026-07-17 17:45:00+02:00,125.06156848755147,141.96
2026-07-17 18:00:00+02:00,110.33601654161858,122.92
2026-07-17 18:15:00+02:00,126.8180038519447,137.9
2026-07-17 18:30:00+02:00,130.99585194737128,141.12
2026-07-17 18:45:00+02:00,140.33875899211753,148.38
2026-07-17 19:00:00+02:00,128.1735407634202,144.82
2026-07-17 19:15:00+02:00,145.11315941746525,152.97
2026-07-17 19:30:00+02:00,169.63336431027992,151.79
2026-07-17 19:45:00+02:00,191.61033186766124,154.55
2026-07-17 20:00:00+02:00,163.70375061170716,148.35
2026-07-17 20:15:00+02:00,159.86075976483136,155.75
2026-07-17 20:30:00+02:00,157.81359361156456,161.92
2026-07-17 20:45:00+02:00,165.78886964084683,170.24
2026-07-17 21:00:00+02:00,157.51666989965233,165.0
2026-07-17 21:15:00+02:00,158.30523019871555,165.36
2026-07-17 21:30:00+02:00,156.45654864194813,168.84
2026-07-17 21:45:00+02:00,141.9242563597941,168.25
2026-07-17 22:00:00+02:00,162.78045149429272,168.71
2026-07-17 22:15:00+02:00,148.91595768473044,165.47
2026-07-17 22:30:00+02:00,157.084648952895,164.55
2026-07-17 22:45:00+02:00,146.47263479491275,159.97
2026-07-17 23:00:00+02:00,152.40424335609856,162.97
2026-07-17 23:15:00+02:00,139.68600406600993,160.71
2026-07-17 23:30:00+02:00,134.08986952804216,159.04
2026-07-17 23:45:00+02:00,130.31436564526825,150.48
2026-07-18 00:00:00+02:00,154.59040301016032,168.41
2026-07-18 00:15:00+02:00,146.02491214405936,160.15
2026-07-18 00:30:00+02:00,137.8239348941171,151.24
2026-07-18 00:45:00+02:00,130.0966065325332,145.0
2026-07-18 01:00:00+02:00,143.8719201490273,152.94
2026-07-18 01:15:00+02:00,132.178028493035,146.81
2026-07-18 01:30:00+02:00,126.75856455101514,143.38
2026-07-18 01:45:00+02:00,122.69381092078322,138.39
2026-07-18 02:00:00+02:00,122.7797022941849,146.13
2026-07-18 02:15:00+02:00,119.46042745793882,142.61
2026-07-18 02:30:00+02:00,120.42969318411429,139.09
2026-07-18 02:45:00+02:00,117.87488299704107,140.17
2026-07-18 03:00:00+02:00,116.06744415459201,137.21
2026-07-18 03:15:00+02:00,116.41162842436296,135.55
2026-07-18 03:30:00+02:00,116.57601965830798,135.0
2026-07-18 03:45:00+02:00,114.87710697865673,133.44
2026-07-18 04:00:00+02:00,114.55456819320035,137.22
2026-07-18 04:15:00+02:00,113.3453872671539,136.92
2026-07-18 04:30:00+02:00,109.34879801851491,134.72
2026-07-18 04:45:00+02:00,113.64908516083769,130.38
2026-07-18 05:00:00+02:00,115.29868046993991,141.07
2026-07-18 05:15:00+02:00,114.10945909251171,134.01
2026-07-18 05:30:00+02:00,112.89298641123655,130.45
2026-07-18 05:45:00+02:00,109.80904731256555,123.41
2026-07-18 06:00:00+02:00,115.7173047513015,131.63
2026-07-18 06:15:00+02:00,110.49948760692747,129.26
2026-07-18 06:30:00+02:00,96.05686286913344,127.13
2026-07-18 06:45:00+02:00,78.00296310673264,118.01
2026-07-18 07:00:00+02:00,106.47405002747306,150.08
2026-07-18 07:15:00+02:00,90.77708814006937,120.72
2026-07-18 07:30:00+02:00,85.59245865169206,109.52
2026-07-18 07:45:00+02:00,61.68136407359172,96.88
2026-07-18 08:00:00+02:00,87.17368955682207,119.62
2026-07-18 08:15:00+02:00,65.67619257155854,106.87
2026-07-18 08:30:00+02:00,53.822069691384584,91.03
2026-07-18 08:45:00+02:00,44.059929448740895,72.65
2026-07-18 09:00:00+02:00,63.27112073027764,82.67
2026-07-18 09:15:00+02:00,52.2963469418408,58.07
2026-07-18 09:30:00+02:00,32.24896905247691,27.97
2026-07-18 09:45:00+02:00,23.373533091051485,11.0
2026-07-18 10:00:00+02:00,28.62361624882945,21.82
2026-07-18 10:15:00+02:00,17.89002864468894,11.96
2026-07-18 10:30:00+02:00,20.768897568799645,4.99
2026-07-18 10:45:00+02:00,11.149994576419004,1.1
2026-07-18 11:00:00+02:00,17.975111416799976,0.06
2026-07-18 11:15:00+02:00,16.27868425071763,0.0
2026-07-18 11:30:00+02:00,11.10354223036499,-0.01
2026-07-18 11:45:00+02:00,7.431106128743661,-0.07
2026-07-18 12:00:00+02:00,15.166387919376263,-0.04
2026-07-18 12:15:00+02:00,2.7060204347904744,-0.07
2026-07-18 12:30:00+02:00,-1.6932363185769717,-0.1
2026-07-18 12:45:00+02:00,-4.016489224702548,-0.29
2026-07-18 13:00:00+02:00,-0.7315061792932589,-0.96
2026-07-18 13:15:00+02:00,-3.378167593919528,-1.0
2026-07-18 13:30:00+02:00,-4.511756374191712,-1.09
2026-07-18 13:45:00+02:00,-7.62833606761433,-1.61
2026-07-18 14:00:00+02:00,-2.0446319889392583,-1.86
2026-07-18 14:15:00+02:00,-5.71533112404766,-2.01
2026-07-18 14:30:00+02:00,-3.1475429783250277,-2.01
2026-07-18 14:45:00+02:00,-5.5555490408361,-2.09
2026-07-18 15:00:00+02:00,-8.29442307415427,-2.02
2026-07-18 15:15:00+02:00,-4.8629476106025145,-2.24
2026-07-18 15:30:00+02:00,-0.6619767587367633,-2.66
2026-07-18 15:45:00+02:00,5.542548055961213,-4.87
2026-07-18 16:00:00+02:00,-4.494771355060557,-2.01
2026-07-18 16:15:00+02:00,4.386251890990032,-2.02
2026-07-18 16:30:00+02:00,14.782561281766263,-1.91
2026-07-18 16:45:00+02:00,20.447224760440662,-1.1
2026-07-18 17:00:00+02:00,7.901304098343033,-0.45
2026-07-18 17:15:00+02:00,12.928074557394822,-0.01
2026-07-18 17:30:00+02:00,55.54793643870598,0.0
2026-07-18 17:45:00+02:00,21.77858705057193,2.19
2026-07-18 18:00:00+02:00,32.35575863715749,1.38
2026-07-18 18:15:00+02:00,43.217420008777324,39.69
2026-07-18 18:30:00+02:00,66.00256001226366,82.52
2026-07-18 18:45:00+02:00,92.90803911937739,100.1
2026-07-18 19:00:00+02:00,72.92003636447023,87.96
2026-07-18 19:15:00+02:00,100.31349209045545,110.59
2026-07-18 19:30:00+02:00,107.39457003266338,117.24
2026-07-18 19:45:00+02:00,111.15916448847473,125.01
2026-07-18 20:00:00+02:00,104.11181337035089,120.49
2026-07-18 20:15:00+02:00,111.44911910952447,129.99
2026-07-18 20:30:00+02:00,124.92152158324564,135.66
2026-07-18 20:45:00+02:00,133.47224722641604,142.54
2026-07-18 21:00:00+02:00,116.42302476913574,143.14
2026-07-18 21:15:00+02:00,119.05139672373,142.73
2026-07-18 21:30:00+02:00,133.45240744276862,145.49
2026-07-18 21:45:00+02:00,131.7718930691646,152.44
2026-07-18 22:00:00+02:00,149.90318766292341,153.58
2026-07-18 22:15:00+02:00,146.37552316862602,153.09
2026-07-18 22:30:00+02:00,132.739015849874,152.97
2026-07-18 22:45:00+02:00,131.7228063905829,150.21
2026-07-18 23:00:00+02:00,135.44475889140986,150.41
2026-07-18 23:15:00+02:00,126.89320912610683,148.79
2026-07-18 23:30:00+02:00,129.3624284530565,146.79
2026-07-18 23:45:00+02:00,120.6315583419883,137.06
2026-07-19 00:00:00+02:00,139.44569524769207,145.59
2026-07-19 00:15:00+02:00,136.84696336480846,142.6
2026-07-19 00:30:00+02:00,132.21940364905,135.63
2026-07-19 00:45:00+02:00,127.81779260866006,130.97
2026-07-19 01:00:00+02:00,131.44645048030256,135.0
2026-07-19 01:15:00+02:00,127.58944665787304,132.23
2026-07-19 01:30:00+02:00,123.62505973972415,130.06
2026-07-19 01:45:00+02:00,121.45974006462806,125.68
2026-07-19 02:00:00+02:00,124.2286569379512,127.55
2026-07-19 02:15:00+02:00,122.43976596403621,122.31
2026-07-19 02:30:00+02:00,120.09484990966672,120.85
2026-07-19 02:45:00+02:00,118.8775854357418,116.89
2026-07-19 03:00:00+02:00,117.39462808127703,121.07
2026-07-19 03:15:00+02:00,117.12372809459755,120.09
2026-07-19 03:30:00+02:00,116.84373269789624,118.93
2026-07-19 03:45:00+02:00,118.8633120967318,115.5
2026-07-19 04:00:00+02:00,118.9534740581013,119.53
2026-07-19 04:15:00+02:00,118.27528564228844,116.11
2026-07-19 04:30:00+02:00,118.34184079676035,113.85
2026-07-19 04:45:00+02:00,120.30760496566492,111.61
2026-07-19 05:00:00+02:00,119.90971013407514,113.18
2026-07-19 05:15:00+02:00,119.42281121309877,110.1
2026-07-19 05:30:00+02:00,115.60987026209703,108.94
2026-07-19 05:45:00+02:00,102.64552318455698,105.45
2026-07-19 06:00:00+02:00,107.99807530162984,109.53
2026-07-19 06:15:00+02:00,110.71841161170717,103.79
2026-07-19 06:30:00+02:00,106.51462145725733,101.23
2026-07-19 06:45:00+02:00,94.39383884189573,92.84
2026-07-19 07:00:00+02:00,114.08514975248042,100.73
2026-07-19 07:15:00+02:00,95.52950626601256,92.07
2026-07-19 07:30:00+02:00,89.53416412439468,88.25
2026-07-19 07:45:00+02:00,71.95848496472924,72.79
2026-07-19 08:00:00+02:00,93.52965881052606,74.18
2026-07-19 08:15:00+02:00,82.37058715154991,57.66
2026-07-19 08:30:00+02:00,42.8715906255391,30.29
2026-07-19 08:45:00+02:00,37.94154935763311,10.5
2026-07-19 09:00:00+02:00,28.629064453399806,10.51
2026-07-19 09:15:00+02:00,35.75921391223309,4.43
2026-07-19 09:30:00+02:00,34.751874975827874,1.45
2026-07-19 09:45:00+02:00,31.351273996734193,0.27
2026-07-19 10:00:00+02:00,45.00354084733842,0.06
2026-07-19 10:15:00+02:00,43.61790454944827,0.0
2026-07-19 10:30:00+02:00,34.94412571489078,0.0
2026-07-19 10:45:00+02:00,26.992831322286253,0.0
2026-07-19 11:00:00+02:00,30.653359921950823,-0.01
2026-07-19 11:15:00+02:00,27.527504092093963,-0.02
2026-07-19 11:30:00+02:00,23.67448939751255,-0.04
2026-07-19 11:45:00+02:00,16.123358970942114,-0.11
2026-07-19 12:00:00+02:00,8.788695579559182,-0.44
2026-07-19 12:15:00+02:00,10.952005301841343,-0.73
2026-07-19 12:30:00+02:00,10.905893246616687,-0.8
2026-07-19 12:45:00+02:00,5.509839979231177,-1.0
2026-07-19 13:00:00+02:00,5.568760997155666,-1.19
2026-07-19 13:15:00+02:00,-2.1544926478261672,-2.36
2026-07-19 13:30:00+02:00,-7.982342330967647,-3.09
2026-07-19 13:45:00+02:00,-5.9679794336679715,-4.07
2026-07-19 14:00:00+02:00,-12.442798777902732,-4.62
2026-07-19 14:15:00+02:00,-10.105912333003536,-5.0
2026-07-19 14:30:00+02:00,-3.8884682284692307,-5.0
2026-07-19 14:45:00+02:00,-0.487623459908745,-5.37
2026-07-19 15:00:00+02:00,-5.216449438459453,-5.69
2026-07-19 15:15:00+02:00,1.9098123948178696,-5.29
2026-07-19 15:30:00+02:00,10.22875656395875,-4.83
2026-07-19 15:45:00+02:00,17.548598976138827,-4.01
2026-07-19 16:00:00+02:00,11.0430042384398,-2.31
2026-07-19 16:15:00+02:00,20.65233048981846,-2.84
2026-07-19 16:30:00+02:00,8.688199892501544,-3.4
2026-07-19 16:45:00+02:00,20.875310808362684,-1.2
2026-07-19 17:00:00+02:00,6.461040127213991,-1.2
2026-07-19 17:15:00+02:00,15.22997870236074,-0.97
2026-07-19 17:30:00+02:00,16.28281504272394,-0.01
2026-07-19 17:45:00+02:00,21.215728053607762,0.6
2026-07-19 18:00:00+02:00,20.033281696600568,0.68
2026-07-19 18:15:00+02:00,48.25254201101673,29.42
2026-07-19 18:30:00+02:00,81.28805764512654,62.58
2026-07-19 18:45:00+02:00,111.569197712619,98.69
2026-07-19 19:00:00+02:00,84.50369428160317,87.8
2026-07-19 19:15:00+02:00,110.39038594101733,109.62
2026-07-19 19:30:00+02:00,123.70964375293741,131.67
2026-07-19 19:45:00+02:00,131.15043813711094,139.55
2026-07-19 20:00:00+02:00,118.9776607910643,128.5
2026-07-19 20:15:00+02:00,124.25717558704729,140.1
2026-07-19 20:30:00+02:00,130.00483809012047,150.91
2026-07-19 20:45:00+02:00,138.11324194543752,156.98
2026-07-19 21:00:00+02:00,138.19282556406563,152.54
2026-07-19 21:15:00+02:00,138.24742261558106,150.38
2026-07-19 21:30:00+02:00,138.03777582742978,149.65
2026-07-19 21:45:00+02:00,138.7883277712593,146.15
2026-07-19 22:00:00+02:00,141.65224290089367,159.18
2026-07-19 22:15:00+02:00,137.64149211837346,150.91
2026-07-19 22:30:00+02:00,136.9539480201179,148.2
2026-07-19 22:45:00+02:00,131.11005624540545,140.34
2026-07-19 23:00:00+02:00,138.32496012875822,151.71
2026-07-19 23:15:00+02:00,135.82335033456022,137.02
2026-07-19 23:30:00+02:00,137.10626522576717,135.65
2026-07-19 23:45:00+02:00,131.48057343705796,128.43
2026-07-20 00:00:00+02:00,137.75385599178625,167.33
2026-07-20 00:15:00+02:00,134.49079669558026,150.11
2026-07-20 00:30:00+02:00,129.9100812416174,140.74
2026-07-20 00:45:00+02:00,121.27648900284231,131.63
2026-07-20 01:00:00+02:00,129.99246509390767,148.25
2026-07-20 01:15:00+02:00,126.68459451470545,140.01
2026-07-20 01:30:00+02:00,124.71529740166955,135.68
2026-07-20 01:45:00+02:00,121.21163646942016,129.99
2026-07-20 02:00:00+02:00,123.9563782772251,132.41
2026-07-20 02:15:00+02:00,119.87758662570393,128.37
2026-07-20 02:30:00+02:00,120.12052042140604,128.49
2026-07-20 02:45:00+02:00,117.73458990983222,126.15
2026-07-20 03:00:00+02:00,119.47545745462453,126.92
2026-07-20 03:15:00+02:00,117.74422351285509,122.69
2026-07-20 03:30:00+02:00,116.8421665309308,122.69
2026-07-20 03:45:00+02:00,113.276669936544,121.82
2026-07-20 04:00:00+02:00,116.15322390433685,125.04
2026-07-20 04:15:00+02:00,115.79212677479745,130.26
2026-07-20 04:30:00+02:00,116.49724089171961,133.62
2026-07-20 04:45:00+02:00,118.19991643418626,136.16
2026-07-20 05:00:00+02:00,116.7042326053808,132.84
2026-07-20 05:15:00+02:00,116.77872505562725,138.22
2026-07-20 05:30:00+02:00,116.61347788061126,139.35
2026-07-20 05:45:00+02:00,115.10407545968243,144.75
2026-07-20 06:00:00+02:00,120.47783702314078,147.63
2026-07-20 06:15:00+02:00,122.38624131814186,150.01
2026-07-20 06:30:00+02:00,123.59775737693985,150.41
2026-07-20 06:45:00+02:00,124.46117190178816,149.19
2026-07-20 07:00:00+02:00,133.56340702256065,159.92
2026-07-20 07:15:00+02:00,126.26169533448774,152.96
2026-07-20 07:30:00+02:00,124.86906860591718,148.99
2026-07-20 07:45:00+02:00,117.64424806983303,140.24
2026-07-20 08:00:00+02:00,133.7388543263326,159.0
2026-07-20 08:15:00+02:00,124.77647098747448,140.0
2026-07-20 08:30:00+02:00,107.0571815463194,120.7
2026-07-20 08:45:00+02:00,94.05275025447311,104.29
2026-07-20 09:00:00+02:00,105.87171303478029,113.72
2026-07-20 09:15:00+02:00,93.23539150259093,102.0
2026-07-20 09:30:00+02:00,78.3356940383191,89.33
2026-07-20 09:45:00+02:00,54.528317371433026,65.82
2026-07-20 10:00:00+02:00,72.28012207738784,83.1
2026-07-20 10:15:00+02:00,44.40693371497649,73.36
2026-07-20 10:30:00+02:00,35.00500306923156,58.47
2026-07-20 10:45:00+02:00,24.598318324742692,26.16
2026-07-20 11:00:00+02:00,32.196131120544315,31.71
2026-07-20 11:15:00+02:00,21.931757111322646,19.47
2026-07-20 11:30:00+02:00,19.433026149743824,10.0
2026-07-20 11:45:00+02:00,16.540640604837222,1.97
2026-07-20 12:00:00+02:00,15.704826039201986,16.21
2026-07-20 12:15:00+02:00,14.728156771879316,4.12
2026-07-20 12:30:00+02:00,12.770003713099195,6.98
2026-07-20 12:45:00+02:00,6.298351176604909,3.34
2026-07-20 13:00:00+02:00,5.353177893536849,0.05
2026-07-20 13:15:00+02:00,2.3633290834401333,0.01
2026-07-20 13:30:00+02:00,3.72331784008065,0.0
2026-07-20 13:45:00+02:00,-1.2426754201914045,0.0
2026-07-20 14:00:00+02:00,1.6283029338733668,0.0
2026-07-20 14:15:00+02:00,1.5180032118699796,0.0
2026-07-20 14:30:00+02:00,2.4652798229476467,0.02
2026-07-20 14:45:00+02:00,-0.3396573830602936,0.01
2026-07-20 15:00:00+02:00,-0.03045547894648326,0.01
2026-07-20 15:15:00+02:00,2.3583592602369947,0.03
2026-07-20 15:30:00+02:00,5.060448443102548,0.07
2026-07-20 15:45:00+02:00,4.122712787710178,3.72
2026-07-20 16:00:00+02:00,3.7879941143771774,0.03
2026-07-20 16:15:00+02:00,9.729314861747554,0.09
2026-07-20 16:30:00+02:00,10.820041306466337,14.9
2026-07-20 16:45:00+02:00,18.56178922349038,45.4
2026-07-20 17:00:00+02:00,13.785718378336448,23.43
2026-07-20 17:15:00+02:00,58.09856311474421,79.41
2026-07-20 17:30:00+02:00,65.01821965915182,90.1
2026-07-20 17:45:00+02:00,81.66849978613018,106.11
2026-07-20 18:00:00+02:00,69.16025064536933,95.51
2026-07-20 18:15:00+02:00,91.9100837553033,106.67
2026-07-20 18:30:00+02:00,115.51990084718429,127.06
2026-07-20 18:45:00+02:00,138.36815679385234,144.41
2026-07-20 19:00:00+02:00,115.19568655266912,142.32
2026-07-20 19:15:00+02:00,135.62460279145202,152.87
2026-07-20 19:30:00+02:00,145.4639950979386,161.99
2026-07-20 19:45:00+02:00,150.33404709057257,177.87
2026-07-20 20:00:00+02:00,140.93048782111188,165.17
2026-07-20 20:15:00+02:00,145.32765554742977,171.39
2026-07-20 20:30:00+02:00,153.19136428774618,181.65
2026-07-20 20:45:00+02:00,165.2599062896958,194.77
2026-07-20 21:00:00+02:00,159.0360344970939,180.53
2026-07-20 21:15:00+02:00,160.26941564869935,180.47
2026-07-20 21:30:00+02:00,159.22780687182365,179.92
2026-07-20 21:45:00+02:00,149.52239672367907,178.0
2026-07-20 22:00:00+02:00,159.74471737239182,186.34
2026-07-20 22:15:00+02:00,151.61745105813446,175.98
2026-07-20 22:30:00+02:00,147.5114589018499,171.94
2026-07-20 22:45:00+02:00,139.58388772724373,165.0
2026-07-20 23:00:00+02:00,142.72523182872138,168.33
2026-07-20 23:15:00+02:00,135.13895482361647,161.96
2026-07-20 23:30:00+02:00,134.3376294365638,158.28
2026-07-20 23:45:00+02:00,126.0019007567407,149.3
2026-07-21 00:00:00+02:00,173.25208628908354,153.81
2026-07-21 00:15:00+02:00,160.45081710242223,150.03
2026-07-21 00:30:00+02:00,150.48665084924585,146.26
2026-07-21 00:45:00+02:00,143.3798384292771,145.01
2026-07-21 01:00:00+02:00,149.95923591738875,151.84
2026-07-21 01:15:00+02:00,143.12233947193926,150.56
2026-07-21 01:30:00+02:00,136.00072523046012,149.25
2026-07-21 01:45:00+02:00,130.6657945470428,146.43
2026-07-21 02:00:00+02:00,137.42508012926572,146.63
2026-07-21 02:15:00+02:00,135.4304252967099,144.03
2026-07-21 02:30:00+02:00,131.71476412886878,142.98
2026-07-21 02:45:00+02:00,131.37194881511027,139.92
2026-07-21 03:00:00+02:00,133.22531665887277,140.27
2026-07-21 03:15:00+02:00,130.45038955059596,138.09
2026-07-21 03:30:00+02:00,127.76392938207255,138.18
2026-07-21 03:45:00+02:00,128.77476369026505,138.93
2026-07-21 04:00:00+02:00,126.52072568183785,135.03
2026-07-21 04:15:00+02:00,127.28281648075867,137.3
2026-07-21 04:30:00+02:00,130.14308135322898,140.95
2026-07-21 04:45:00+02:00,133.36966405138546,143.73
2026-07-21 05:00:00+02:00,136.0320494613578,140.34
2026-07-21 05:15:00+02:00,137.34984287433275,143.19
2026-07-21 05:30:00+02:00,137.91672060748948,146.91
2026-07-21 05:45:00+02:00,141.06767193417494,149.21
2026-07-21 06:00:00+02:00,139.71770774444937,155.0
2026-07-21 06:15:00+02:00,150.98656666368043,159.33
2026-07-21 06:30:00+02:00,153.064398602081,159.79
2026-07-21 06:45:00+02:00,154.64805149027657,156.48
2026-07-21 07:00:00+02:00,166.94042583488684,167.0
2026-07-21 07:15:00+02:00,156.60687234303168,159.35
2026-07-21 07:30:00+02:00,151.04336226733344,155.01
2026-07-21 07:45:00+02:00,138.95223240653485,136.35
2026-07-21 08:00:00+02:00,161.21087132907783,164.78
2026-07-21 08:15:00+02:00,145.4201761451038,149.0
2026-07-21 08:30:00+02:00,133.8472886588534,142.16
2026-07-21 08:45:00+02:00,115.31880158461661,125.57
2026-07-21 09:00:00+02:00,136.21128384239648,153.01
2026-07-21 09:15:00+02:00,117.98883753495906,120.16
2026-07-21 09:30:00+02:00,100.11599318281839,107.37
2026-07-21 09:45:00+02:00,89.62978398006982,79.27
2026-07-21 10:00:00+02:00,115.55589984987706,103.18
2026-07-21 10:15:00+02:00,103.647745214273,86.15
2026-07-21 10:30:00+02:00,89.69666056278065,79.37
2026-07-21 10:45:00+02:00,79.44055381366451,66.06
2026-07-21 11:00:00+02:00,96.0628574700881,66.11
2026-07-21 11:15:00+02:00,86.1713416970446,59.09
2026-07-21 11:30:00+02:00,62.629493725284604,36.89
2026-07-21 11:45:00+02:00,55.364364449510326,12.46
2026-07-21 12:00:00+02:00,62.54127102887526,16.31
2026-07-21 12:15:00+02:00,42.729782417778424,5.46
2026-07-21 12:30:00+02:00,36.061513091090006,3.85
2026-07-21 12:45:00+02:00,32.31976532929893,2.59
2026-07-21 13:00:00+02:00,36.008701780276226,2.52
2026-07-21 13:15:00+02:00,38.227577107214074,1.44
2026-07-21 13:30:00+02:00,31.975455756262143,0.08
2026-07-21 13:45:00+02:00,21.55718493965573,0.0
2026-07-21 14:00:00+02:00,34.34506119921059,0.04
2026-07-21 14:15:00+02:00,37.94845344265594,0.09
2026-07-21 14:30:00+02:00,44.076697503859336,0.1
2026-07-21 14:45:00+02:00,43.28056216650768,3.78
2026-07-21 15:00:00+02:00,33.80480636675557,3.3
2026-07-21 15:15:00+02:00,40.707626238328956,6.49
2026-07-21 15:30:00+02:00,54.99185183890665,11.51
2026-07-21 15:45:00+02:00,76.85817057004544,33.38
2026-07-21 16:00:00+02:00,53.5286760146185,30.47
2026-07-21 16:15:00+02:00,85.43560589879941,64.0
2026-07-21 16:30:00+02:00,78.03490501344847,71.46
2026-07-21 16:45:00+02:00,85.99518948738613,83.0
2026-07-21 17:00:00+02:00,79.49577855117786,77.06
2026-07-21 17:15:00+02:00,89.4562271231589,94.26
2026-07-21 17:30:00+02:00,106.97464484173169,112.0
2026-07-21 17:45:00+02:00,131.21244951428608,126.94
2026-07-21 18:00:00+02:00,107.40082784300162,113.81
2026-07-21 18:15:00+02:00,120.34011109099545,130.62
2026-07-21 18:30:00+02:00,139.8934772721865,142.99
2026-07-21 18:45:00+02:00,143.12930319796845,154.04
2026-07-21 19:00:00+02:00,139.30289565762422,140.91
2026-07-21 19:15:00+02:00,148.33606601387376,150.92
2026-07-21 19:30:00+02:00,156.00757850155844,158.07
2026-07-21 19:45:00+02:00,177.37726625541728,164.54
2026-07-21 20:00:00+02:00,159.9321586482365,166.51
2026-07-21 20:15:00+02:00,170.94684646962008,172.0
2026-07-21 20:30:00+02:00,176.94963230923895,174.59
2026-07-21 20:45:00+02:00,186.54817278621988,174.9
2026-07-21 21:00:00+02:00,182.81459133220048,177.29
2026-07-21 21:15:00+02:00,173.06110811370345,177.19
2026-07-21 21:30:00+02:00,173.80750856767867,174.6
2026-07-21 21:45:00+02:00,165.7763849440615,169.17
2026-07-21 22:00:00+02:00,178.0181400153197,175.9
2026-07-21 22:15:00+02:00,168.6593256960666,168.57
2026-07-21 22:30:00+02:00,159.4850332980318,170.06
2026-07-21 22:45:00+02:00,156.07477923742127,158.74
2026-07-21 23:00:00+02:00,153.78312928939826,165.16
2026-07-21 23:15:00+02:00,145.02528328528294,156.09
2026-07-21 23:30:00+02:00,147.9867898951104,153.42
2026-07-21 23:45:00+02:00,136.72176950275747,146.08
2026-07-22 00:00:00+02:00,165.4209757422907,156.4
2026-07-22 00:15:00+02:00,157.9030492783904,155.25
2026-07-22 00:30:00+02:00,153.65822800780947,151.39
2026-07-22 00:45:00+02:00,140.71190748228852,145.72
2026-07-22 01:00:00+02:00,150.78135563132614,156.37
2026-07-22 01:15:00+02:00,141.88105545341688,148.57
2026-07-22 01:30:00+02:00,139.60402133111597,145.66
2026-07-22 01:45:00+02:00,134.3372947772752,142.55
2026-07-22 02:00:00+02:00,140.8966180885264,146.94
2026-07-22 02:15:00+02:00,133.3600627939735,144.88
2026-07-22 02:30:00+02:00,131.89686000388244,143.04
2026-07-22 02:45:00+02:00,130.16628968290905,138.07
2026-07-22 03:00:00+02:00,127.12001242659439,142.08
2026-07-22 03:15:00+02:00,125.65791797907924,134.75
2026-07-22 03:30:00+02:00,122.79781286042449,132.02
2026-07-22 03:45:00+02:00,120.9210499385762,130.8
2026-07-22 04:00:00+02:00,126.24361267655424,130.3
2026-07-22 04:15:00+02:00,125.3390196889118,129.8
2026-07-22 04:30:00+02:00,124.28130678645635,131.0
2026-07-22 04:45:00+02:00,126.34795238794842,131.56
2026-07-22 05:00:00+02:00,126.87276687705162,128.24
2026-07-22 05:15:00+02:00,127.52175612478182,132.75
2026-07-22 05:30:00+02:00,126.87741168630407,138.93
2026-07-22 05:45:00+02:00,130.1369395593056,143.91
2026-07-22 06:00:00+02:00,135.02123489908854,144.26
2026-07-22 06:15:00+02:00,134.5602205073064,150.01
2026-07-22 06:30:00+02:00,130.279669178259,156.08
2026-07-22 06:45:00+02:00,132.75295515898728,147.29
2026-07-22 07:00:00+02:00,135.1317804861627,156.89
2026-07-22 07:15:00+02:00,130.9129850896002,150.03
2026-07-22 07:30:00+02:00,136.26729890561234,145.16
2026-07-22 07:45:00+02:00,131.84374801273748,129.3
2026-07-22 08:00:00+02:00,138.290796867446,158.11
2026-07-22 08:15:00+02:00,132.84211316691795,141.28
2026-07-22 08:30:00+02:00,120.04738697693806,121.54
2026-07-22 08:45:00+02:00,98.78159264992816,107.0
2026-07-22 09:00:00+02:00,122.99122985817723,114.48
2026-07-22 09:15:00+02:00,102.01995927675149,102.42
2026-07-22 09:30:00+02:00,72.19188543298853,86.34
2026-07-22 09:45:00+02:00,47.629111503717745,60.53
2026-07-22 10:00:00+02:00,71.24806295591411,92.11
2026-07-22 10:15:00+02:00,52.427637131342486,68.71
2026-07-22 10:30:00+02:00,47.50015062660535,57.8
2026-07-22 10:45:00+02:00,34.16786022013039,45.99
2026-07-22 11:00:00+02:00,45.320396149536705,49.24
2026-07-22 11:15:00+02:00,32.36034659699668,37.27
2026-07-22 11:30:00+02:00,32.494978961519834,21.69
2026-07-22 11:45:00+02:00,21.55454959650059,15.54
2026-07-22 12:00:00+02:00,25.86315756491238,21.08
2026-07-22 12:15:00+02:00,20.95462435420678,9.99
2026-07-22 12:30:00+02:00,15.855297042374923,6.94
2026-07-22 12:45:00+02:00,9.639662800318037,3.53
2026-07-22 13:00:00+02:00,8.065523941460162,3.99
2026-07-22 13:15:00+02:00,6.410733315768426,0.99
2026-07-22 13:30:00+02:00,2.032573659992619,0.15
2026-07-22 13:45:00+02:00,0.8221744963718156,0.03
2026-07-22 14:00:00+02:00,1.9535958374113922,0.03
2026-07-22 14:15:00+02:00,2.975983092802777,0.08
2026-07-22 14:30:00+02:00,0.15829129063291703,0.03
2026-07-22 14:45:00+02:00,-3.596414021891391,0.01
2026-07-22 15:00:00+02:00,-1.3739577766332847,0.05
2026-07-22 15:15:00+02:00,-6.488940814629957,0.09
2026-07-22 15:30:00+02:00,0.8695790182222662,0.77
2026-07-22 15:45:00+02:00,2.508369616076699,1.08
2026-07-22 16:00:00+02:00,0.23865994296028603,1.9
2026-07-22 16:15:00+02:00,2.556828587920201,5.44
2026-07-22 16:30:00+02:00,24.009563149437476,6.89
2026-07-22 16:45:00+02:00,29.471238270086772,22.37
2026-07-22 17:00:00+02:00,26.485787366703832,24.99
2026-07-22 17:15:00+02:00,51.42462133824019,59.6
2026-07-22 17:30:00+02:00,55.33246778362415,68.63
2026-07-22 17:45:00+02:00,52.06127555920271,99.62
2026-07-22 18:00:00+02:00,66.01681263979555,82.67
2026-07-22 18:15:00+02:00,85.28490679822039,102.38
2026-07-22 18:30:00+02:00,74.41445642042927,114.93
2026-07-22 18:45:00+02:00,77.4431043959407,132.42
2026-07-22 19:00:00+02:00,77.60329780650358,122.97
2026-07-22 19:15:00+02:00,86.39245431124185,134.85
2026-07-22 19:30:00+02:00,103.77055453281436,144.48
2026-07-22 19:45:00+02:00,128.91605847474483,149.01
2026-07-22 20:00:00+02:00,104.56735474924494,151.37
2026-07-22 20:15:00+02:00,128.43135010698944,154.68
2026-07-22 20:30:00+02:00,146.6971803076172,158.27
2026-07-22 20:45:00+02:00,149.6937469524801,163.72
2026-07-22 21:00:00+02:00,141.26578145210752,166.36
2026-07-22 21:15:00+02:00,137.04834751045797,162.43
2026-07-22 21:30:00+02:00,141.21301911254935,161.95
2026-07-22 21:45:00+02:00,143.90148884117687,156.3
2026-07-22 22:00:00+02:00,143.63044045535068,167.24
2026-07-22 22:15:00+02:00,136.15979957139757,159.44
2026-07-22 22:30:00+02:00,142.0039793454108,155.94
2026-07-22 22:45:00+02:00,129.53367950596262,147.82
2026-07-22 23:00:00+02:00,130.0209386088128,153.17
2026-07-22 23:15:00+02:00,128.19344562309843,143.94
2026-07-22 23:30:00+02:00,130.24004208090727,140.56
2026-07-22 23:45:00+02:00,124.92873183360533,136.5
2026-07-23 00:00:00+02:00,153.96233895523912,153.4
2026-07-23 00:15:00+02:00,150.02625710121154,147.31
2026-07-23 00:30:00+02:00,137.6195866351032,139.23
2026-07-23 00:45:00+02:00,133.17159259626757,131.08
2026-07-23 01:00:00+02:00,148.57693019890473,142.47
2026-07-23 01:15:00+02:00,141.15502078366444,137.83
2026-07-23 01:30:00+02:00,135.02541508161366,136.34
2026-07-23 01:45:00+02:00,132.2866057950237,132.74
2026-07-23 02:00:00+02:00,136.64000651685186,135.04
2026-07-23 02:15:00+02:00,134.65605171102717,133.28
2026-07-23 02:30:00+02:00,135.62477394059204,133.78
2026-07-23 02:45:00+02:00,130.810010050221,132.54
2026-07-23 03:00:00+02:00,133.15699532427223,132.42
2026-07-23 03:15:00+02:00,129.71622163372456,134.73
2026-07-23 03:30:00+02:00,131.3722509953921,132.35
2026-07-23 03:45:00+02:00,126.57622227589107,132.36
2026-07-23 04:00:00+02:00,125.38343653885542,133.0
2026-07-23 04:15:00+02:00,129.32026382433787,133.54
2026-07-23 04:30:00+02:00,133.32951754837575,137.38
2026-07-23 04:45:00+02:00,134.8962766078114,141.04
2026-07-23 05:00:00+02:00,133.35396532992584,132.23
2026-07-23 05:15:00+02:00,137.72184204466598,138.07
2026-07-23 05:30:00+02:00,139.20573461427443,147.78
2026-07-23 05:45:00+02:00,141.79290769280905,154.1
2026-07-23 06:00:00+02:00,143.74907333831015,148.92
2026-07-23 06:15:00+02:00,150.96359062166346,162.15
2026-07-23 06:30:00+02:00,153.61085364811882,161.64
2026-07-23 06:45:00+02:00,145.14169698356127,164.01
2026-07-23 07:00:00+02:00,156.08511594054076,172.95
2026-07-23 07:15:00+02:00,153.79267778244417,173.72
2026-07-23 07:30:00+02:00,151.72693146237071,163.82
2026-07-23 07:45:00+02:00,139.47512669995123,161.0
2026-07-23 08:00:00+02:00,165.05694742591396,174.01
2026-07-23 08:15:00+02:00,140.29372751088988,162.8
2026-07-23 08:30:00+02:00,130.3318137418888,159.96
2026-07-23 08:45:00+02:00,117.0591450113314,143.04
2026-07-23 09:00:00+02:00,134.01522523695056,162.67
2026-07-23 09:15:00+02:00,113.27947432402604,144.64
2026-07-23 09:30:00+02:00,103.16688032628534,119.0
2026-07-23 09:45:00+02:00,92.45184765591276,111.0
2026-07-23 10:00:00+02:00,109.4199579989421,117.29
2026-07-23 10:15:00+02:00,94.05240457402292,107.38
2026-07-23 10:30:00+02:00,91.23014668570826,99.74
2026-07-23 10:45:00+02:00,77.81097579631285,83.51
2026-07-23 11:00:00+02:00,85.26708592027381,96.47
2026-07-23 11:15:00+02:00,74.65627503234458,84.74
2026-07-23 11:30:00+02:00,63.977882076795815,77.53
2026-07-23 11:45:00+02:00,45.472470798150724,59.42
2026-07-23 12:00:00+02:00,48.547134202990435,60.42
2026-07-23 12:15:00+02:00,39.59290500086196,35.99
2026-07-23 12:30:00+02:00,27.628049252860443,20.66
2026-07-23 12:45:00+02:00,19.38432796587944,7.3
2026-07-23 13:00:00+02:00,19.365675576787766,11.37
2026-07-23 13:15:00+02:00,10.74656105823924,4.84
2026-07-23 13:30:00+02:00,6.183798003429953,1.0
2026-07-23 13:45:00+02:00,1.6744512623314645,0.0
2026-07-23 14:00:00+02:00,6.059566176893953,0.0
2026-07-23 14:15:00+02:00,6.5837203239878574,0.0
2026-07-23 14:30:00+02:00,8.54988516619427,0.0
2026-07-23 14:45:00+02:00,7.807543667340111,0.0
2026-07-23 15:00:00+02:00,4.990407942777581,0.0
2026-07-23 15:15:00+02:00,10.541013060584662,0.0
2026-07-23 15:30:00+02:00,16.988268251250318,0.03
2026-07-23 15:45:00+02:00,25.074124771440694,0.09
2026-07-23 16:00:00+02:00,14.267614790962284,0.0
2026-07-23 16:15:00+02:00,27.712512617701233,3.11
2026-07-23 16:30:00+02:00,43.012834162050545,24.79
2026-07-23 16:45:00+02:00,47.528813367362865,60.09
2026-07-23 17:00:00+02:00,36.562256398514,52.99
2026-07-23 17:15:00+02:00,60.61869956305571,94.82
2026-07-23 17:30:00+02:00,74.14784948353653,113.51
2026-07-23 17:45:00+02:00,107.4239876025682,125.5
2026-07-23 18:00:00+02:00,78.36474678020721,111.39
2026-07-23 18:15:00+02:00,102.95371961825037,139.21
2026-07-23 18:30:00+02:00,130.61977275279173,154.96
2026-07-23 18:45:00+02:00,144.46407754468922,165.0
2026-07-23 19:00:00+02:00,132.1935098908559,152.77
2026-07-23 19:15:00+02:00,147.10501822677136,164.67
2026-07-23 19:30:00+02:00,157.11180196674377,168.27
2026-07-23 19:45:00+02:00,173.2006688323956,178.69
2026-07-23 20:00:00+02:00,164.82231125193704,172.79
2026-07-23 20:15:00+02:00,174.2406876999902,184.29
2026-07-23 20:30:00+02:00,182.67393182443547,185.48
2026-07-23 20:45:00+02:00,187.4317753604396,197.5
2026-07-23 21:00:00+02:00,184.1974302974616,192.84
2026-07-23 21:15:00+02:00,180.16189244183934,191.79
2026-07-23 21:30:00+02:00,180.02390004630266,189.7
2026-07-23 21:45:00+02:00,162.98227758582777,185.67
2026-07-23 22:00:00+02:00,177.65729094927678,195.92
2026-07-23 22:15:00+02:00,165.44420759734885,188.96
2026-07-23 22:30:00+02:00,166.46180547517235,184.29
2026-07-23 22:45:00+02:00,154.54517397532777,177.0
2026-07-23 23:00:00+02:00,160.6552271098644,181.68
2026-07-23 23:15:00+02:00,146.76483757877557,170.66
2026-07-23 23:30:00+02:00,147.13808197707928,166.94
2026-07-23 23:45:00+02:00,138.40346137189175,162.4
2026-07-24 00:00:00+02:00,164.44544899859213,168.22
2026-07-24 00:15:00+02:00,157.9820821118303,163.65
2026-07-24 00:30:00+02:00,154.19360555030312,160.58
2026-07-24 00:45:00+02:00,153.33739364765017,151.56
2026-07-24 01:00:00+02:00,156.04951680207512,162.69
2026-07-24 01:15:00+02:00,153.42835310805918,158.03
2026-07-24 01:30:00+02:00,148.16391920864302,155.89
2026-07-24 01:45:00+02:00,144.94454986574044,151.94
2026-07-24 02:00:00+02:00,146.83442018959414,155.26
2026-07-24 02:15:00+02:00,143.0370425755813,151.69
2026-07-24 02:30:00+02:00,144.77744482031463,150.67
2026-07-24 02:45:00+02:00,138.70313694728176,149.63
2026-07-24 03:00:00+02:00,141.0836031079292,156.19
2026-07-24 03:15:00+02:00,138.50497117725786,153.21
2026-07-24 03:30:00+02:00,137.79250585829917,151.78
2026-07-24 03:45:00+02:00,137.8587269661917,152.13
2026-07-24 04:00:00+02:00,139.57449869845726,150.58
2026-07-24 04:15:00+02:00,139.42303637218177,152.91
2026-07-24 04:30:00+02:00,141.35464660201592,153.93
2026-07-24 04:45:00+02:00,144.47008989936342,165.22
2026-07-24 05:00:00+02:00,142.57632889912463,152.92
2026-07-24 05:15:00+02:00,141.2365282061176,158.44
2026-07-24 05:30:00+02:00,146.881728984686,164.71
2026-07-24 05:45:00+02:00,150.40732728864788,168.6
2026-07-24 06:00:00+02:00,157.5165830686068,167.75
2026-07-24 06:15:00+02:00,161.88036424347743,176.4
2026-07-24 06:30:00+02:00,161.53991798195037,174.67
2026-07-24 06:45:00+02:00,160.4109485047771,171.34
2026-07-24 07:00:00+02:00,170.90598127520093,177.93
2026-07-24 07:15:00+02:00,163.34788696016017,172.09
2026-07-24 07:30:00+02:00,160.68637728073776,167.0
2026-07-24 07:45:00+02:00,141.59083461236796,152.53
2026-07-24 08:00:00+02:00,161.8017799557321,174.0
2026-07-24 08:15:00+02:00,155.03413001037714,166.76
2026-07-24 08:30:00+02:00,141.54142187129915,159.3
2026-07-24 08:45:00+02:00,126.86786675265255,139.93
2026-07-24 09:00:00+02:00,154.479511036327,169.66
2026-07-24 09:15:00+02:00,132.52576144364852,133.6
2026-07-24 09:30:00+02:00,117.15355174100551,116.06
2026-07-24 09:45:00+02:00,95.70491038748804,111.09
2026-07-24 10:00:00+02:00,111.55569472507713,116.41
2026-07-24 10:15:00+02:00,90.66660339587193,106.02
2026-07-24 10:30:00+02:00,90.53384384444036,98.58
2026-07-24 10:45:00+02:00,82.69284803115336,88.25
2026-07-24 11:00:00+02:00,88.55725996138554,86.08
2026-07-24 11:15:00+02:00,82.82273600881558,77.2
2026-07-24 11:30:00+02:00,66.70493018240444,74.12
2026-07-24 11:45:00+02:00,49.73018494489446,65.25
2026-07-24 12:00:00+02:00,59.96213659642583,65.15
2026-07-24 12:15:00+02:00,40.619861538749475,50.97
2026-07-24 12:30:00+02:00,31.69711421840739,37.8
2026-07-24 12:45:00+02:00,20.90035597946445,25.05
2026-07-24 13:00:00+02:00,26.407484358074495,36.1
2026-07-24 13:15:00+02:00,22.77912607951412,22.9
2026-07-24 13:30:00+02:00,14.435403837722745,16.89
2026-07-24 13:45:00+02:00,6.068440604731609,8.21
2026-07-24 14:00:00+02:00,13.742603197445812,6.01
2026-07-24 14:15:00+02:00,10.483820850452451,5.2
2026-07-24 14:30:00+02:00,8.424523558925166,5.85
2026-07-24 14:45:00+02:00,17.98895615157857,8.88
2026-07-24 15:00:00+02:00,10.99281180516175,3.23
2026-07-24 15:15:00+02:00,24.24672675155361,4.7
2026-07-24 15:30:00+02:00,34.48609797197858,17.13
2026-07-24 15:45:00+02:00,53.36750577096578,32.1
2026-07-24 16:00:00+02:00,33.52252811212924,32.07
2026-07-24 16:15:00+02:00,54.24442009044091,60.07
2026-07-24 16:30:00+02:00,81.06905821246428,81.52
2026-07-24 16:45:00+02:00,93.24926089893138,102.2
2026-07-24 17:00:00+02:00,87.85502383645054,77.07
2026-07-24 17:15:00+02:00,103.67627361885353,112.18
2026-07-24 17:30:00+02:00,125.85609187592321,125.2
2026-07-24 17:45:00+02:00,137.65298365634044,141.62
2026-07-24 18:00:00+02:00,119.23336412683598,127.09
2026-07-24 18:15:00+02:00,133.13308534305992,147.56
2026-07-24 18:30:00+02:00,147.22975356428563,163.05
2026-07-24 18:45:00+02:00,164.37037807336205,180.96
2026-07-24 19:00:00+02:00,146.57093045698917,149.16
2026-07-24 19:15:00+02:00,161.63957761803823,176.2
2026-07-24 19:30:00+02:00,166.36096349661895,190.23
2026-07-24 19:45:00+02:00,217.47861383269833,204.95
2026-07-24 20:00:00+02:00,178.88961977828183,188.24
2026-07-24 20:15:00+02:00,214.12674232129723,194.07
2026-07-24 20:30:00+02:00,230.5109342947287,205.89
2026-07-24 20:45:00+02:00,216.38670385177323,211.97
2026-07-24 21:00:00+02:00,231.8030418737248,209.26
2026-07-24 21:15:00+02:00,204.00283952686272,206.84
2026-07-24 21:30:00+02:00,185.39262635807964,201.25
2026-07-24 21:45:00+02:00,175.5834425993778,195.34
2026-07-24 22:00:00+02:00,187.39502186325998,207.44
2026-07-24 22:15:00+02:00,168.77906287627428,197.49
2026-07-24 22:30:00+02:00,167.6467192595533,188.64
2026-07-24 22:45:00+02:00,165.2045856189923,184.5
2026-07-24 23:00:00+02:00,164.91858492990013,185.48
2026-07-24 23:15:00+02:00,161.4062033297484,183.0
2026-07-24 23:30:00+02:00,155.7821460473984,181.31
2026-07-24 23:45:00+02:00,151.12406921278347,170.67
2026-07-25 00:00:00+02:00,175.29144872302,175.92
2026-07-25 00:15:00+02:00,160.5108474845006,168.63
2026-07-25 00:30:00+02:00,152.1354037261497,165.98
2026-07-25 00:45:00+02:00,149.8210971362735,158.01
2026-07-25 01:00:00+02:00,153.28902967440047,170.01
2026-07-25 01:15:00+02:00,151.83894224676183,156.79
2026-07-25 01:30:00+02:00,148.5839878094381,161.32
2026-07-25 01:45:00+02:00,145.6887135905743,158.32
2026-07-25 02:00:00+02:00,152.76339512176702,162.0
2026-07-25 02:15:00+02:00,147.7626490292986,158.72
2026-07-25 02:30:00+02:00,144.4688511045719,162.25
2026-07-25 02:45:00+02:00,141.3350168277055,158.74
2026-07-25 03:00:00+02:00,142.71092265699752,162.0
2026-07-25 03:15:00+02:00,138.98481392007716,161.32
2026-07-25 03:30:00+02:00,137.3556042386046,160.98
2026-07-25 03:45:00+02:00,137.08137243065158,155.11
2026-07-25 04:00:00+02:00,138.04605119464355,156.89
2026-07-25 04:15:00+02:00,139.80943182858883,151.99
2026-07-25 04:30:00+02:00,140.14927226966432,149.4
2026-07-25 04:45:00+02:00,136.32972655783635,149.77
2026-07-25 05:00:00+02:00,140.334357279887,150.12
2026-07-25 05:15:00+02:00,136.1915551990985,147.0
2026-07-25 05:30:00+02:00,133.9599005356589,147.84
2026-07-25 05:45:00+02:00,130.7148272211141,140.05
2026-07-25 06:00:00+02:00,142.50200774163307,157.71
2026-07-25 06:15:00+02:00,138.68538682319215,136.12
2026-07-25 06:30:00+02:00,131.63910744451368,130.01
2026-07-25 06:45:00+02:00,127.13004280304386,117.68
2026-07-25 07:00:00+02:00,146.64679111163244,136.39
2026-07-25 07:15:00+02:00,128.6368725272343,119.99
2026-07-25 07:30:00+02:00,122.84125092076155,107.52
2026-07-25 07:45:00+02:00,109.75617546869152,97.32
2026-07-25 08:00:00+02:00,138.44140636007413,122.67
2026-07-25 08:15:00+02:00,126.87655959483213,102.71
2026-07-25 08:30:00+02:00,103.59787249112247,79.93
2026-07-25 08:45:00+02:00,74.48148368998375,28.73
2026-07-25 09:00:00+02:00,106.07665390275851,39.61
2026-07-25 09:15:00+02:00,77.77669834043483,5.05
2026-07-25 09:30:00+02:00,48.073952403212985,0.01
2026-07-25 09:45:00+02:00,30.396800539416013,0.0
2026-07-25 10:00:00+02:00,45.25043239660808,0.0
2026-07-25 10:15:00+02:00,23.486636692781175,-0.01
2026-07-25 10:30:00+02:00,12.385081750401291,-0.07
2026-07-25 10:45:00+02:00,9.05844932463497,-0.39
2026-07-25 11:00:00+02:00,6.20235434722693,-0.82
2026-07-25 11:15:00+02:00,5.36280127677373,-1.19
2026-07-25 11:30:00+02:00,4.380724259196317,-3.41
2026-07-25 11:45:00+02:00,2.751443663561144,-5.01
2026-07-25 12:00:00+02:00,2.282483349355477,-4.82
2026-07-25 12:15:00+02:00,4.138181580975578,-5.0
2026-07-25 12:30:00+02:00,-3.74933257908037,-5.54
2026-07-25 12:45:00+02:00,-4.728858370069275,-8.46
2026-07-25 13:00:00+02:00,-5.252312487022914,-7.99
2026-07-25 13:15:00+02:00,-9.309463483967686,-9.98
2026-07-25 13:30:00+02:00,-8.849868361140338,-10.44
2026-07-25 13:45:00+02:00,-8.050962046366669,-11.38
2026-07-25 14:00:00+02:00,-7.892452325975949,-15.01
2026-07-25 14:15:00+02:00,-6.791701033254249,-14.31
2026-07-25 14:30:00+02:00,-7.327848081504099,-11.81
2026-07-25 14:45:00+02:00,-6.850430854146525,-7.99
2026-07-25 15:00:00+02:00,-8.415660417971111,-6.47
2026-07-25 15:15:00+02:00,-3.9428899607608967,-3.72
2026-07-25 15:30:00+02:00,-1.4000951232772127,-2.01
2026-07-25 15:45:00+02:00,2.937867975731841,-1.21
2026-07-25 16:00:00+02:00,1.527382386580605,-1.06
2026-07-25 16:15:00+02:00,4.8701045133351855,-0.12
2026-07-25 16:30:00+02:00,7.032285287766385,-0.09
2026-07-25 16:45:00+02:00,16.68346012968378,-0.01
2026-07-25 17:00:00+02:00,11.156908786064818,-0.01
2026-07-25 17:15:00+02:00,44.89511408784381,0.0
2026-07-25 17:30:00+02:00,76.17980933655741,2.59
2026-07-25 17:45:00+02:00,110.80516239812786,42.42
2026-07-25 18:00:00+02:00,82.06925387889936,21.95
2026-07-25 18:15:00+02:00,110.5917081359354,99.1
2026-07-25 18:30:00+02:00,130.82475740336042,119.75
2026-07-25 18:45:00+02:00,140.58901038396334,139.98
2026-07-25 19:00:00+02:00,120.51004381405127,138.92
2026-07-25 19:15:00+02:00,136.03043623752237,150.0
2026-07-25 19:30:00+02:00,144.07860580090602,163.89
2026-07-25 19:45:00+02:00,143.40087061647122,176.87
2026-07-25 20:00:00+02:00,148.59373416629722,163.01
2026-07-25 20:15:00+02:00,145.96843405341303,172.99
2026-07-25 20:30:00+02:00,148.8481525094906,173.49
2026-07-25 20:45:00+02:00,151.0667892935444,171.75
2026-07-25 21:00:00+02:00,153.8454357880154,174.48
2026-07-25 21:15:00+02:00,149.41072763221717,171.54
2026-07-25 21:30:00+02:00,157.37244531480957,165.5
2026-07-25 21:45:00+02:00,160.37112187822333,164.78
2026-07-25 22:00:00+02:00,163.27161735923383,173.22
2026-07-25 22:15:00+02:00,165.5470753914899,165.16
2026-07-25 22:30:00+02:00,154.92206461694084,164.99
2026-07-25 22:45:00+02:00,153.9193372767671,158.56
2026-07-25 23:00:00+02:00,154.09996208789752,166.84
2026-07-25 23:15:00+02:00,148.94921569280956,160.33
2026-07-25 23:30:00+02:00,146.97288758506733,160.64
2026-07-25 23:45:00+02:00,145.0661187611206,152.19
2026-07-26 00:00:00+02:00,151.74467082036577,148.59
2026-07-26 00:15:00+02:00,146.25543914416568,154.88
2026-07-26 00:30:00+02:00,138.63862899340648,154.92
2026-07-26 00:45:00+02:00,130.46724026543467,153.73
2026-07-26 01:00:00+02:00,136.6042228344945,150.01
2026-07-26 01:15:00+02:00,137.29389446519014,148.82
2026-07-26 01:30:00+02:00,136.29833578059893,143.68
2026-07-26 01:45:00+02:00,130.78824217469054,143.31
2026-07-26 02:00:00+02:00,138.16887281411752,145.58
2026-07-26 02:15:00+02:00,133.51104193394184,147.15
2026-07-26 02:30:00+02:00,131.56610541721594,148.84
2026-07-26 02:45:00+02:00,131.30171302770518,150.53
2026-07-26 03:00:00+02:00,129.94096186275237,149.01
2026-07-26 03:15:00+02:00,126.02756813540054,156.83
2026-07-26 03:30:00+02:00,124.36167059884815,155.54
2026-07-26 03:45:00+02:00,124.05157689522063,152.99
2026-07-26 04:00:00+02:00,129.40308837166276,154.24
2026-07-26 04:15:00+02:00,127.0015999664663,146.32
2026-07-26 04:30:00+02:00,122.61267856985324,144.84
2026-07-26 04:45:00+02:00,125.50186846099231,142.92
2026-07-26 05:00:00+02:00,129.68880495624535,139.91
2026-07-26 05:15:00+02:00,126.44803842388694,139.83
2026-07-26 05:30:00+02:00,128.22384784846665,137.98
2026-07-26 05:45:00+02:00,121.91828682597682,134.25
2026-07-26 06:00:00+02:00,128.80089911653224,134.87
2026-07-26 06:15:00+02:00,126.93102331742938,127.87
2026-07-26 06:30:00+02:00,121.06337942014949,122.77
2026-07-26 06:45:00+02:00,117.37091296920536,113.94
2026-07-26 07:00:00+02:00,132.80556889925444,120.34
2026-07-26 07:15:00+02:00,118.37569326927826,114.25
2026-07-26 07:30:00+02:00,106.96950131811943,107.52
2026-07-26 07:45:00+02:00,83.98620728239108,98.6
2026-07-26 08:00:00+02:00,113.86028916142337,111.17
2026-07-26 08:15:00+02:00,77.84584769524261,102.28
2026-07-26 08:30:00+02:00,71.33773681527202,89.05
2026-07-26 08:45:00+02:00,37.34997142863482,72.54
2026-07-26 09:00:00+02:00,64.31856747090822,95.05
2026-07-26 09:15:00+02:00,43.05200929407026,71.77
2026-07-26 09:30:00+02:00,28.305700494112045,43.87
2026-07-26 09:45:00+02:00,17.506782865111596,10.04
2026-07-26 10:00:00+02:00,17.230453141374696,22.85
2026-07-26 10:15:00+02:00,10.538514191934937,5.64
2026-07-26 10:30:00+02:00,7.666581801020968,0.07
2026-07-26 10:45:00+02:00,6.988485605886105,0.0
2026-07-26 11:00:00+02:00,4.898219314734192,0.0
2026-07-26 11:15:00+02:00,6.968447054141102,0.0
2026-07-26 11:30:00+02:00,2.821948181413127,-0.01
2026-07-26 11:45:00+02:00,1.86249354780003,-0.01
2026-07-26 12:00:00+02:00,0.4128927822097239,-0.05
2026-07-26 12:15:00+02:00,0.23036442615242692,-0.06
2026-07-26 12:30:00+02:00,0.3467226819193705,-0.08
2026-07-26 12:45:00+02:00,-0.15411276411089858,-0.11
2026-07-26 13:00:00+02:00,1.5258750845265547,-0.12
2026-07-26 13:15:00+02:00,2.7573060989928315,-0.12
2026-07-26 13:30:00+02:00,3.3849529274799948,-0.12
2026-07-26 13:45:00+02:00,0.4561420528341792,-0.71
2026-07-26 14:00:00+02:00,3.7983908530282395,-0.7
2026-07-26 14:15:00+02:00,3.866685272711557,-0.66
2026-07-26 14:30:00+02:00,2.684907555012302,-0.66
2026-07-26 14:45:00+02:00,1.8876119981828317,-0.66
2026-07-26 15:00:00+02:00,2.620855882945495,-0.82
2026-07-26 15:15:00+02:00,1.793399428778773,-0.85
2026-07-26 15:30:00+02:00,-0.704151303950157,-0.89
2026-07-26 15:45:00+02:00,-0.2572321807001927,-0.88
2026-07-26 16:00:00+02:00,0.6064591885663333,-0.07
2026-07-26 16:15:00+02:00,5.069984384172642,-0.01
2026-07-26 16:30:00+02:00,0.3883777606776988,0.0
2026-07-26 16:45:00+02:00,15.240078908082097,3.53
2026-07-26 17:00:00+02:00,9.551958799899381,5.25
2026-07-26 17:15:00+02:00,21.948405566539364,35.76
2026-07-26 17:30:00+02:00,42.44743097218779,62.92
2026-07-26 17:45:00+02:00,63.96427964250386,103.36
2026-07-26 18:00:00+02:00,47.10022959112405,79.45
2026-07-26 18:15:00+02:00,94.17217118746576,110.7
2026-07-26 18:30:00+02:00,117.0603232744405,119.87
2026-07-26 18:45:00+02:00,121.36597968236464,126.98
2026-07-26 19:00:00+02:00,110.67290669066409,130.39
2026-07-26 19:15:00+02:00,121.82453320949024,138.36
2026-07-26 19:30:00+02:00,128.78163717518376,141.97
2026-07-26 19:45:00+02:00,141.75188283561633,146.44
2026-07-26 20:00:00+02:00,132.51577312389605,144.94
2026-07-26 20:15:00+02:00,143.34447148748816,152.74
2026-07-26 20:30:00+02:00,148.1719631759309,152.82
2026-07-26 20:45:00+02:00,149.9049072546825,156.23
2026-07-26 21:00:00+02:00,155.2856315156257,156.05
2026-07-26 21:15:00+02:00,155.95921862511716,152.17
2026-07-26 21:30:00+02:00,146.32964065390024,148.6
2026-07-26 21:45:00+02:00,147.6176028858414,146.95
2026-07-26 22:00:00+02:00,156.6545403257744,154.96
2026-07-26 22:15:00+02:00,147.8670438138117,149.21
2026-07-26 22:30:00+02:00,148.80050885474722,147.98
2026-07-26 22:45:00+02:00,145.90850192532258,139.84
2026-07-26 23:00:00+02:00,147.96797184455895,145.35
2026-07-26 23:15:00+02:00,136.2962539988915,138.09
2026-07-26 23:30:00+02:00,134.15882361963742,136.73
2026-07-26 23:45:00+02:00,126.61457293823945,127.01
2026-07-27 00:00:00+02:00,129.9005391540914,84.26
2026-07-27 00:15:00+02:00,122.26589798287196,88.77
2026-07-27 00:30:00+02:00,115.43278907344202,86.68
2026-07-27 00:45:00+02:00,111.0392591851442,84.46
2026-07-27 01:00:00+02:00,121.19169165334115,82.4
2026-07-27 01:15:00+02:00,109.83513092209662,75.45
2026-07-27 01:30:00+02:00,110.58982313544037,68.95
2026-07-27 01:45:00+02:00,105.45780060034434,55.83
2026-07-27 02:00:00+02:00,102.77535831796737,60.82
2026-07-27 02:15:00+02:00,103.20230524610548,50.8
2026-07-27 02:30:00+02:00,108.51131833367225,72.21
2026-07-27 02:45:00+02:00,103.90613295267026,62.97
2026-07-27 03:00:00+02:00,105.78996659181571,69.26
2026-07-27 03:15:00+02:00,99.96132885869982,60.42
2026-07-27 03:30:00+02:00,101.78604892252386,59.72
2026-07-27 03:45:00+02:00,96.3330383738788,61.15
2026-07-27 04:00:00+02:00,103.87436269708058,66.38
2026-07-27 04:15:00+02:00,102.62633487263791,66.52
2026-07-27 04:30:00+02:00,103.30557385548633,66.8
2026-07-27 04:45:00+02:00,106.34323207889793,85.0
2026-07-27 05:00:00+02:00,109.2820701067649,60.43
2026-07-27 05:15:00+02:00,107.40965718127939,86.66
2026-07-27 05:30:00+02:00,111.91221397640878,100.99
2026-07-27 05:45:00+02:00,116.23461926131213,116.0
2026-07-27 06:00:00+02:00,123.51719368934529,102.69
2026-07-27 06:15:00+02:00,123.98448897355094,116.63
2026-07-27 06:30:00+02:00,116.02414750008406,121.24
2026-07-27 06:45:00+02:00,115.55389906293637,129.67
2026-07-27 07:00:00+02:00,137.60940835156703,133.85
2026-07-27 07:15:00+02:00,125.79168262285039,132.87
2026-07-27 07:30:00+02:00,112.455178186185,125.74
2026-07-27 07:45:00+02:00,101.14061052365436,123.44
2026-07-27 08:00:00+02:00,117.46353146463419,141.48
2026-07-27 08:15:00+02:00,107.62254997803161,130.69
2026-07-27 08:30:00+02:00,96.2265652297966,111.85
2026-07-27 08:45:00+02:00,88.31510082446317,91.88
2026-07-27 09:00:00+02:00,105.92059988128356,107.83
2026-07-27 09:15:00+02:00,95.02684765012113,87.45
2026-07-27 09:30:00+02:00,72.25143799031439,72.2
2026-07-27 09:45:00+02:00,53.07928095286994,32.26
2026-07-27 10:00:00+02:00,75.53301540646054,55.3
2026-07-27 10:15:00+02:00,67.20528871798471,19.75
2026-07-27 10:30:00+02:00,50.501734568022044,15.16
2026-07-27 10:45:00+02:00,40.586578469774985,4.94
2026-07-27 11:00:00+02:00,46.222745249636226,3.45
2026-07-27 11:15:00+02:00,43.22698921450251,0.45
2026-07-27 11:30:00+02:00,31.39640553096005,0.02
2026-07-27 11:45:00+02:00,18.752291830942035,0.0
2026-07-27 12:00:00+02:00,26.357295076741234,0.0
2026-07-27 12:15:00+02:00,12.92963823586895,-0.01
2026-07-27 12:30:00+02:00,11.19643263657972,-0.01
2026-07-27 12:45:00+02:00,7.1428769324983294,-0.02
2026-07-27 13:00:00+02:00,8.711524040224766,-0.01
2026-07-27 13:15:00+02:00,7.512808210915489,-0.03
2026-07-27 13:30:00+02:00,3.063756158009958,-0.07
2026-07-27 13:45:00+02:00,1.546435057105025,-0.48
2026-07-27 14:00:00+02:00,2.9338035669884643,-0.87
2026-07-27 14:15:00+02:00,3.4648849842416354,-1.0
2026-07-27 14:30:00+02:00,3.525511080774454,-0.7
2026-07-27 14:45:00+02:00,1.3891082185556853,-0.25
2026-07-27 15:00:00+02:00,2.409992737131229,-0.12
2026-07-27 15:15:00+02:00,0.8988068668501814,-0.09
2026-07-27 15:30:00+02:00,1.5124174044337657,-0.05
2026-07-27 15:45:00+02:00,5.363294957124349,-0.06
2026-07-27 16:00:00+02:00,-1.3316837352396984,-0.04
2026-07-27 16:15:00+02:00,6.696865982260206,-0.01
2026-07-27 16:30:00+02:00,16.633942450226343,-0.01
2026-07-27 16:45:00+02:00,34.935206042436874,0.01
2026-07-27 17:00:00+02:00,21.23222523927781,0.01
2026-07-27 17:15:00+02:00,49.88680212994942,2.88
2026-07-27 17:30:00+02:00,60.89993063801256,10.1
2026-07-27 17:45:00+02:00,93.16239363548715,44.62
2026-07-27 18:00:00+02:00,58.85428638891231,50.37
2026-07-27 18:15:00+02:00,80.6894583980155,91.19
2026-07-27 18:30:00+02:00,121.0497388529104,113.61
2026-07-27 18:45:00+02:00,145.7832754286332,133.99
2026-07-27 19:00:00+02:00,128.196621100449,120.01
2026-07-27 19:15:00+02:00,144.02479455134073,147.93
2026-07-27 19:30:00+02:00,153.24410625885233,154.58
2026-07-27 19:45:00+02:00,168.80612178514238,174.0
2026-07-27 20:00:00+02:00,154.991630574202,155.6
2026-07-27 20:15:00+02:00,160.87076951415767,172.2
2026-07-27 20:30:00+02:00,166.79391829491811,180.04
2026-07-27 20:45:00+02:00,177.17955765323066,187.05
2026-07-27 21:00:00+02:00,170.53621714323774,183.1
2026-07-27 21:15:00+02:00,170.2647752302844,181.08
2026-07-27 21:30:00+02:00,169.04970963150276,178.93
2026-07-27 21:45:00+02:00,174.1607730589094,172.87
2026-07-27 22:00:00+02:00,171.94444852953671,180.23
2026-07-27 22:15:00+02:00,167.79654022985576,173.14
2026-07-27 22:30:00+02:00,162.70697170896906,174.5
2026-07-27 22:45:00+02:00,160.35679652202253,156.56
2026-07-27 23:00:00+02:00,157.6089848110508,161.31
2026-07-27 23:15:00+02:00,154.04699434229423,161.03
2026-07-27 23:30:00+02:00,145.45979761276757,160.83
2026-07-27 23:45:00+02:00,144.52581838664585,148.78
2026-07-28 00:00:00+02:00,155.72167728571517,178.01
2026-07-28 00:15:00+02:00,148.12497352862061,169.91
2026-07-28 00:30:00+02:00,140.08827480136205,152.34
2026-07-28 00:45:00+02:00,138.6561351431627,143.75
2026-07-28 01:00:00+02:00,142.70581791202278,154.96
2026-07-28 01:15:00+02:00,139.23391859166,149.56
2026-07-28 01:30:00+02:00,138.65544908181812,145.28
2026-07-28 01:45:00+02:00,137.26473884911346,143.43
2026-07-28 02:00:00+02:00,137.94009940647666,147.09
2026-07-28 02:15:00+02:00,135.79810690055683,141.52
2026-07-28 02:30:00+02:00,137.06757644266528,138.91
2026-07-28 02:45:00+02:00,136.02635067865822,137.8
2026-07-28 03:00:00+02:00,135.91606740227783,136.5
2026-07-28 03:15:00+02:00,136.48988574485082,136.25
2026-07-28 03:30:00+02:00,137.29524598673882,135.16
2026-07-28 03:45:00+02:00,139.3685375536641,135.57
2026-07-28 04:00:00+02:00,138.0568872033657,133.25
2026-07-28 04:15:00+02:00,139.38021072535244,135.87
2026-07-28 04:30:00+02:00,138.98274405929382,141.35
2026-07-28 04:45:00+02:00,140.50667449742227,149.27
2026-07-28 05:00:00+02:00,139.8193170002395,140.53
2026-07-28 05:15:00+02:00,138.44783276076464,143.75
2026-07-28 05:30:00+02:00,140.8640527099419,154.19
2026-07-28 05:45:00+02:00,144.39841632855263,160.5
2026-07-28 06:00:00+02:00,143.73814513586257,165.45
2026-07-28 06:15:00+02:00,152.8880994234644,174.29
2026-07-28 06:30:00+02:00,154.74447671731596,170.33
2026-07-28 06:45:00+02:00,146.21209060857038,160.15
2026-07-28 07:00:00+02:00,160.95116802475954,177.04
2026-07-28 07:15:00+02:00,148.7165921985693,167.39
2026-07-28 07:30:00+02:00,148.73020629944764,156.72
2026-07-28 07:45:00+02:00,130.381882183802,147.95
2026-07-28 08:00:00+02:00,161.2339431281405,165.67
2026-07-28 08:15:00+02:00,148.90814397533637,152.28
2026-07-28 08:30:00+02:00,128.7163791216694,143.43
2026-07-28 08:45:00+02:00,114.18598031574854,115.26
2026-07-28 09:00:00+02:00,145.735564420475,160.11
2026-07-28 09:15:00+02:00,114.15247066402216,115.62
2026-07-28 09:30:00+02:00,98.63693975646518,94.8
2026-07-28 09:45:00+02:00,80.73578182945725,65.56
2026-07-28 10:00:00+02:00,94.07715445542023,85.32
2026-07-28 10:15:00+02:00,84.73665594354472,41.74
2026-07-28 10:30:00+02:00,76.72632124767074,15.06
2026-07-28 10:45:00+02:00,55.09839333673075,4.95
2026-07-28 11:00:00+02:00,71.33434222712673,7.61
2026-07-28 11:15:00+02:00,58.91363333514136,4.45
2026-07-28 11:30:00+02:00,34.67930504551021,1.66
2026-07-28 11:45:00+02:00,32.07731311846224,0.0
2026-07-28 12:00:00+02:00,36.85870454151036,0.0
2026-07-28 12:15:00+02:00,30.639411161476602,-0.01
2026-07-28 12:30:00+02:00,21.37643564219342,-0.01
2026-07-28 12:45:00+02:00,13.897067813475424,-0.03
2026-07-28 13:00:00+02:00,26.82487416289152,-0.01
2026-07-28 13:15:00+02:00,13.737944971519045,-0.05
2026-07-28 13:30:00+02:00,9.989980023848638,-0.1
2026-07-28 13:45:00+02:00,6.764954453423426,-0.19
2026-07-28 14:00:00+02:00,13.230965619067998,-0.09
2026-07-28 14:15:00+02:00,13.769537836110862,-0.03
2026-07-28 14:30:00+02:00,13.801215214633359,0.0
2026-07-28 14:45:00+02:00,17.967225431433757,0.0
2026-07-28 15:00:00+02:00,12.004986838292103,0.0
2026-07-28 15:15:00+02:00,21.97530878026798,0.91
2026-07-28 15:30:00+02:00,38.41663003245766,2.66
2026-07-28 15:45:00+02:00,50.93737990616128,10.04
2026-07-28 16:00:00+02:00,39.81198919778631,4.26
2026-07-28 16:15:00+02:00,63.04717205271656,15.48
2026-07-28 16:30:00+02:00,86.57941043535703,61.68
2026-07-28 16:45:00+02:00,110.09966566942974,97.54
2026-07-28 17:00:00+02:00,81.1412271225749,60.03
2026-07-28 17:15:00+02:00,105.33441659884906,101.86
2026-07-28 17:30:00+02:00,126.17621594971958,120.25
2026-07-28 17:45:00+02:00,137.80142182682462,148.37
2026-07-28 18:00:00+02:00,106.8150317661637,125.01
2026-07-28 18:15:00+02:00,132.6733205442181,156.96
2026-07-28 18:30:00+02:00,147.26896695102022,167.25
2026-07-28 18:45:00+02:00,163.27524215781503,178.67
2026-07-28 19:00:00+02:00,148.14328627512464,174.9
2026-07-28 19:15:00+02:00,169.98783151644267,187.15
2026-07-28 19:30:00+02:00,207.96649277138494,202.71
2026-07-28 19:45:00+02:00,205.22486149015563,230.67
2026-07-28 20:00:00+02:00,223.8070806096733,200.87
2026-07-28 20:15:00+02:00,223.28979675063192,208.01
2026-07-28 20:30:00+02:00,226.2000756295641,219.85
2026-07-28 20:45:00+02:00,236.1901468925361,238.29
2026-07-28 21:00:00+02:00,236.47427444207216,219.99
2026-07-28 21:15:00+02:00,204.22047979826914,213.91
2026-07-28 21:30:00+02:00,195.7292832064048,205.71
2026-07-28 21:45:00+02:00,181.2027117838741,200.1
2026-07-28 22:00:00+02:00,194.1448721109855,210.79
2026-07-28 22:15:00+02:00,193.47462391768894,197.06
2026-07-28 22:30:00+02:00,186.15022891286898,187.55
2026-07-28 22:45:00+02:00,174.29832389994442,180.43
2026-07-28 23:00:00+02:00,175.62187559831446,188.33
2026-07-28 23:15:00+02:00,178.08558989300266,173.99
2026-07-28 23:30:00+02:00,171.90432153220777,165.95
2026-07-28 23:45:00+02:00,154.6639839513436,160.78
2026-07-29 00:00:00+02:00,170.8505046635198,170.39
2026-07-29 00:15:00+02:00,164.2723753838296,158.08
2026-07-29 00:30:00+02:00,158.60400499927695,154.26
2026-07-29 00:45:00+02:00,152.1298514659576,144.3
2026-07-29 01:00:00+02:00,160.0658383732177,155.48
2026-07-29 01:15:00+02:00,155.34599684918433,150.5
2026-07-29 01:30:00+02:00,154.32036744433836,146.95
2026-07-29 01:45:00+02:00,151.811941458047,140.87
2026-07-29 02:00:00+02:00,151.2324997664883,140.9
2026-07-29 02:15:00+02:00,148.9197438603253,138.32
2026-07-29 02:30:00+02:00,147.34787883664734,135.71
2026-07-29 02:45:00+02:00,145.89359826308117,133.9
2026-07-29 03:00:00+02:00,149.26231112163185,135.01
2026-07-29 03:15:00+02:00,145.17291791976191,135.15
2026-07-29 03:30:00+02:00,144.74755457352873,135.03
2026-07-29 03:45:00+02:00,143.7076452287638,134.82
2026-07-29 04:00:00+02:00,145.62474836418428,134.22
2026-07-29 04:15:00+02:00,141.3724924675903,138.11
2026-07-29 04:30:00+02:00,142.98081563440678,141.35
2026-07-29 04:45:00+02:00,145.19346203275836,147.63
2026-07-29 05:00:00+02:00,143.87199867457883,137.93
2026-07-29 05:15:00+02:00,145.8324899432401,142.48
2026-07-29 05:30:00+02:00,150.75545575663784,151.3
2026-07-29 05:45:00+02:00,155.55628893742775,162.33
2026-07-29 06:00:00+02:00,167.51653052989093,160.56
2026-07-29 06:15:00+02:00,170.0627081237737,171.28
2026-07-29 06:30:00+02:00,168.3207539417481,171.75
2026-07-29 06:45:00+02:00,159.09894703654143,170.7
2026-07-29 07:00:00+02:00,176.60390966658926,172.87
2026-07-29 07:15:00+02:00,159.45519104540415,170.7
2026-07-29 07:30:00+02:00,155.5003502603725,158.97
2026-07-29 07:45:00+02:00,146.6430139817093,141.84
2026-07-29 08:00:00+02:00,163.9344586003891,166.9
2026-07-29 08:15:00+02:00,153.67403504848014,151.19
2026-07-29 08:30:00+02:00,142.23903425284945,143.42
2026-07-29 08:45:00+02:00,119.32233844950875,123.18
2026-07-29 09:00:00+02:00,154.92471066028835,153.33
2026-07-29 09:15:00+02:00,121.10276809252304,124.78
2026-07-29 09:30:00+02:00,108.70147740683521,109.69
2026-07-29 09:45:00+02:00,100.28262881839514,100.64
2026-07-29 10:00:00+02:00,112.62547051868654,109.94
2026-07-29 10:15:00+02:00,96.8055412527231,101.6
2026-07-29 10:30:00+02:00,95.94588986449871,79.51
2026-07-29 10:45:00+02:00,88.19483135927607,50.1
2026-07-29 11:00:00+02:00,104.32239341068632,62.23
2026-07-29 11:15:00+02:00,89.31754388748202,32.8
2026-07-29 11:30:00+02:00,86.08076429153397,12.68
2026-07-29 11:45:00+02:00,71.2513335034876,8.43
2026-07-29 12:00:00+02:00,68.81486276903827,5.02
2026-07-29 12:15:00+02:00,64.59945661088084,0.0
2026-07-29 12:30:00+02:00,51.10352805080525,-0.01
2026-07-29 12:45:00+02:00,37.802962593607745,-0.06
2026-07-29 13:00:00+02:00,45.44235107721799,-0.01
2026-07-29 13:15:00+02:00,38.09163903484935,-0.01
2026-07-29 13:30:00+02:00,30.090861002084008,-0.05
2026-07-29 13:45:00+02:00,21.419277885859863,-0.1
2026-07-29 14:00:00+02:00,21.46262139747165,-0.04
2026-07-29 14:15:00+02:00,26.00824630993158,-0.04
2026-07-29 14:30:00+02:00,29.67201124134628,-0.01
2026-07-29 14:45:00+02:00,27.545677740315437,0.0
2026-07-29 15:00:00+02:00,19.188654956862834,0.0
2026-07-29 15:15:00+02:00,25.30740468027092,0.74
2026-07-29 15:30:00+02:00,34.37283164268801,6.01
2026-07-29 15:45:00+02:00,53.138409553803484,22.75
2026-07-29 16:00:00+02:00,38.59857453363399,24.99
2026-07-29 16:15:00+02:00,70.80599059205166,73.59
2026-07-29 16:30:00+02:00,84.6758464624369,97.26
2026-07-29 16:45:00+02:00,115.05948585596077,109.56
2026-07-29 17:00:00+02:00,74.8768834010063,100.3
2026-07-29 17:15:00+02:00,102.32474280512189,115.38
2026-07-29 17:30:00+02:00,119.89853352338203,134.72
2026-07-29 17:45:00+02:00,146.98105029192564,150.97
2026-07-29 18:00:00+02:00,110.95404444054344,127.72
2026-07-29 18:15:00+02:00,140.24016833250255,148.84
2026-07-29 18:30:00+02:00,154.74976949729265,170.2
2026-07-29 18:45:00+02:00,183.53077957670405,202.5
2026-07-29 19:00:00+02:00,165.25385513198538,172.69
2026-07-29 19:15:00+02:00,194.61400479814802,204.82
2026-07-29 19:30:00+02:00,232.59187923174196,247.71
2026-07-29 19:45:00+02:00,270.93249869838326,352.36
2026-07-29 20:00:00+02:00,258.13664430672304,251.36
2026-07-29 20:15:00+02:00,289.9401355216436,265.97
2026-07-29 20:30:00+02:00,299.3012920540887,275.9
2026-07-29 20:45:00+02:00,273.3334892622148,261.36
2026-07-29 21:00:00+02:00,322.9486824803803,254.43
2026-07-29 21:15:00+02:00,241.12341186220965,225.09
2026-07-29 21:30:00+02:00,222.49438570176062,217.3
2026-07-29 21:45:00+02:00,218.44036725908273,202.0
2026-07-29 22:00:00+02:00,237.29287922618522,206.99
2026-07-29 22:15:00+02:00,215.6010980981994,198.3
2026-07-29 22:30:00+02:00,192.85612250341,190.39
2026-07-29 22:45:00+02:00,181.94058787546803,176.02
2026-07-29 23:00:00+02:00,184.31328782058122,179.05
2026-07-29 23:15:00+02:00,176.59710545923778,173.72
2026-07-29 23:30:00+02:00,171.66522708259387,170.38
2026-07-29 23:45:00+02:00,159.30942077206433,146.1
2026-07-30 00:00:00+02:00,176.91812456070093,162.16
2026-07-30 00:15:00+02:00,164.04675460680846,152.0
2026-07-30 00:30:00+02:00,155.5321713797169,142.66
2026-07-30 00:45:00+02:00,150.0257268377783,142.2
2026-07-30 01:00:00+02:00,161.89311857857197,144.05
2026-07-30 01:15:00+02:00,150.3530144085293,141.88
2026-07-30 01:30:00+02:00,146.6934729219334,145.61
2026-07-30 01:45:00+02:00,139.82291985470525,138.0
2026-07-30 02:00:00+02:00,144.23530085424377,143.0
2026-07-30 02:15:00+02:00,141.7597729755491,142.63
2026-07-30 02:30:00+02:00,138.3383666407642,137.99
2026-07-30 02:45:00+02:00,132.90939566518577,136.37
2026-07-30 03:00:00+02:00,133.44530052134525,135.94
2026-07-30 03:15:00+02:00,130.25296169426454,135.0
2026-07-30 03:30:00+02:00,128.06267805777046,134.66
2026-07-30 03:45:00+02:00,126.79981420033475,136.52
2026-07-30 04:00:00+02:00,132.7319418945248,132.03
2026-07-30 04:15:00+02:00,132.73404720084847,132.36
2026-07-30 04:30:00+02:00,136.09862447156198,132.96
2026-07-30 04:45:00+02:00,140.01498182327515,133.54
2026-07-30 05:00:00+02:00,132.84889939331765,133.51
2026-07-30 05:15:00+02:00,136.65318446661232,133.85
2026-07-30 05:30:00+02:00,148.69598888849123,139.53
2026-07-30 05:45:00+02:00,153.96408779586233,143.54
2026-07-30 06:00:00+02:00,156.9482606066033,143.34
2026-07-30 06:15:00+02:00,165.6767001493784,151.75
2026-07-30 06:30:00+02:00,169.35612890880336,150.6
2026-07-30 06:45:00+02:00,160.52111481422517,148.15
2026-07-30 07:00:00+02:00,178.29514683143137,166.47
2026-07-30 07:15:00+02:00,165.5647149860107,153.95
2026-07-30 07:30:00+02:00,153.70784296478067,142.6
2026-07-30 07:45:00+02:00,135.78060164035733,127.96
2026-07-30 08:00:00+02:00,163.3775789646065,163.38
2026-07-30 08:15:00+02:00,150.10176613922965,146.05
2026-07-30 08:30:00+02:00,139.97748636061283,131.04
2026-07-30 08:45:00+02:00,109.08192615223278,115.71
2026-07-30 09:00:00+02:00,147.43163118199672,139.67
2026-07-30 09:15:00+02:00,113.78287284372233,122.81
2026-07-30 09:30:00+02:00,102.17473916893323,110.54
2026-07-30 09:45:00+02:00,81.7712048580625,99.44
2026-07-30 10:00:00+02:00,105.98121777053923,109.01
2026-07-30 10:15:00+02:00,90.21287029824475,94.27
2026-07-30 10:30:00+02:00,56.57641909568393,80.88
2026-07-30 10:45:00+02:00,23.91733391211079,55.84
2026-07-30 11:00:00+02:00,47.6966016327983,70.3
2026-07-30 11:15:00+02:00,23.632148891821327,35.96
2026-07-30 11:30:00+02:00,15.324061036145965,19.81
2026-07-30 11:45:00+02:00,6.391468755632408,12.33
2026-07-30 12:00:00+02:00,19.521990758433112,8.97
2026-07-30 12:15:00+02:00,13.326910754919314,8.0
2026-07-30 12:30:00+02:00,11.289560010323129,4.5
2026-07-30 12:45:00+02:00,3.95078471104064,3.94
2026-07-30 13:00:00+02:00,7.526311134642363,4.56
2026-07-30 13:15:00+02:00,1.897883612805206,2.31
2026-07-30 13:30:00+02:00,6.032315383615704,1.38
2026-07-30 13:45:00+02:00,6.479702285890154,2.43
2026-07-30 14:00:00+02:00,6.376041054892075,4.18
2026-07-30 14:15:00+02:00,5.515394356294807,6.19
2026-07-30 14:30:00+02:00,0.9954858493375511,16.36
2026-07-30 14:45:00+02:00,-0.2212879230827292,32.96
2026-07-30 15:00:00+02:00,1.5023809804035786,40.04
2026-07-30 15:15:00+02:00,-0.20462561193842266,57.45
2026-07-30 15:30:00+02:00,3.352278818157978,69.11
2026-07-30 15:45:00+02:00,11.281252915451951,83.13
2026-07-30 16:00:00+02:00,11.491402456353317,73.54
2026-07-30 16:15:00+02:00,31.287892395631157,87.66
2026-07-30 16:30:00+02:00,47.61749621182224,106.5
2026-07-30 16:45:00+02:00,89.31513521570784,124.91
2026-07-30 17:00:00+02:00,55.56894166027424,105.84
2026-07-30 17:15:00+02:00,102.7090097646302,115.01
2026-07-30 17:30:00+02:00,110.23059184468131,131.76
2026-07-30 17:45:00+02:00,129.12137211991148,154.6
2026-07-30 18:00:00+02:00,109.11647855455172,130.34
2026-07-30 18:15:00+02:00,122.91706495002327,145.71
2026-07-30 18:30:00+02:00,142.26331866623002,160.56
2026-07-30 18:45:00+02:00,158.71716688598002,160.5
2026-07-30 19:00:00+02:00,143.87676016781307,149.9
2026-07-30 19:15:00+02:00,166.27048889766957,172.61
2026-07-30 19:30:00+02:00,177.83458891797028,181.2
2026-07-30 19:45:00+02:00,215.0179022291504,191.37
2026-07-30 20:00:00+02:00,178.36619907285922,183.7
2026-07-30 20:15:00+02:00,213.2823206793514,188.39
2026-07-30 20:30:00+02:00,204.68176310992092,199.44
2026-07-30 20:45:00+02:00,214.36597888146198,221.71
2026-07-30 21:00:00+02:00,208.77020325836628,218.14
2026-07-30 21:15:00+02:00,198.0643769132243,212.28
2026-07-30 21:30:00+02:00,201.87099200415133,203.9
2026-07-30 21:45:00+02:00,175.3472352005412,193.8
2026-07-30 22:00:00+02:00,194.56028125403168,201.3
2026-07-30 22:15:00+02:00,171.64783695347296,194.09
2026-07-30 22:30:00+02:00,163.84448448563026,187.25
2026-07-30 22:45:00+02:00,163.29755845194416,178.55
2026-07-30 23:00:00+02:00,166.5038577897375,181.29
2026-07-30 23:15:00+02:00,156.94429011886723,172.65
2026-07-30 23:30:00+02:00,156.04086031113155,169.78
2026-07-30 23:45:00+02:00,144.03788062226693,159.6
2026-07-31 00:00:00+02:00,169.74794210922943,177.28
2026-07-31 00:15:00+02:00,162.84771900447993,170.09
2026-07-31 00:30:00+02:00,154.69500686801052,164.6
2026-07-31 00:45:00+02:00,148.07184474559375,160.87
2026-07-31 01:00:00+02:00,156.94067525965247,172.99
2026-07-31 01:15:00+02:00,153.68913054886033,167.17
2026-07-31 01:30:00+02:00,152.32525077610686,157.61
2026-07-31 01:45:00+02:00,147.33248835075258,154.04
2026-07-31 02:00:00+02:00,151.04127497629986,157.15
2026-07-31 02:15:00+02:00,150.83692665012398,154.5
2026-07-31 02:30:00+02:00,145.9219681216471,154.05
2026-07-31 02:45:00+02:00,144.10235047169888,154.94
2026-07-31 03:00:00+02:00,146.1120687003882,153.96
2026-07-31 03:15:00+02:00,143.57708513356866,154.65
2026-07-31 03:30:00+02:00,143.10220072427532,154.01
2026-07-31 03:45:00+02:00,142.18663551103901,154.07
2026-07-31 04:00:00+02:00,142.27821466385484,154.91
2026-07-31 04:15:00+02:00,139.1269334837111,152.67
2026-07-31 04:30:00+02:00,139.20740196445072,156.78
2026-07-31 04:45:00+02:00,140.9454923987129,165.0
2026-07-31 05:00:00+02:00,142.6454158175806,154.3
2026-07-31 05:15:00+02:00,137.5896469062682,159.22
2026-07-31 05:30:00+02:00,147.74291654016835,173.89
2026-07-31 05:45:00+02:00,155.65371620010998,174.64
2026-07-31 06:00:00+02:00,161.5916425980803,172.04
2026-07-31 06:15:00+02:00,167.21819684130992,182.29
2026-07-31 06:30:00+02:00,162.52544505989746,183.6
2026-07-31 06:45:00+02:00,155.15146971339797,178.42
2026-07-31 07:00:00+02:00,165.29346087431267,187.3
2026-07-31 07:15:00+02:00,166.45828166683162,180.0
2026-07-31 07:30:00+02:00,160.46768323310863,172.61
2026-07-31 07:45:00+02:00,147.79239055124793,150.2
2026-07-31 08:00:00+02:00,168.98962415503294,182.6
2026-07-31 08:15:00+02:00,160.4619041318752,170.72
2026-07-31 08:30:00+02:00,145.0404911335909,153.29
2026-07-31 08:45:00+02:00,122.95982111827372,129.7
2026-07-31 09:00:00+02:00,152.15448190516298,159.97
2026-07-31 09:15:00+02:00,125.26693719022317,144.3
2026-07-31 09:30:00+02:00,115.06034561824175,129.15
2026-07-31 09:45:00+02:00,108.3444581811413,124.13
2026-07-31 10:00:00+02:00,115.69877404235712,135.42
2026-07-31 10:15:00+02:00,106.95126089443936,128.59
2026-07-31 10:30:00+02:00,106.42742751452927,112.6
2026-07-31 10:45:00+02:00,96.17917126330241,101.81
2026-07-31 11:00:00+02:00,100.42774243893459,113.8
2026-07-31 11:15:00+02:00,87.81819267177897,99.94
2026-07-31 11:30:00+02:00,81.64318104430197,98.75
2026-07-31 11:45:00+02:00,78.89913316548882,92.19
2026-07-31 12:00:00+02:00,81.55283842107045,97.71
2026-07-31 12:15:00+02:00,71.54271284551466,95.74
2026-07-31 12:30:00+02:00,79.27400994584015,96.03
2026-07-31 12:45:00+02:00,72.68109771895182,86.99
2026-07-31 13:00:00+02:00,79.72343256932587,85.01
2026-07-31 13:15:00+02:00,67.0871537785547,84.46
2026-07-31 13:30:00+02:00,67.19263971054416,82.25
2026-07-31 13:45:00+02:00,57.996472846254214,81.35
2026-07-31 14:00:00+02:00,61.2449751099417,80.4
2026-07-31 14:15:00+02:00,54.6649070499395,81.99
2026-07-31 14:30:00+02:00,55.78820177791959,87.81
2026-07-31 14:45:00+02:00,63.16035819521878,94.94
2026-07-31 15:00:00+02:00,59.69138106904857,90.11
2026-07-31 15:15:00+02:00,54.73563247495422,98.77
2026-07-31 15:30:00+02:00,59.63952191436749,104.72
2026-07-31 15:45:00+02:00,78.57487051935905,118.94
2026-07-31 16:00:00+02:00,57.78497536688267,110.0
2026-07-31 16:15:00+02:00,95.49912706244632,113.67
2026-07-31 16:30:00+02:00,110.62570109496207,123.8
2026-07-31 16:45:00+02:00,126.11002124452597,135.99
2026-07-31 17:00:00+02:00,107.69226720245719,123.97
2026-07-31 17:15:00+02:00,117.26109464580713,135.07
2026-07-31 17:30:00+02:00,128.8825866279138,164.01
2026-07-31 17:45:00+02:00,159.0728417879326,166.92
2026-07-31 18:00:00+02:00,133.2081703244799,140.45
2026-07-31 18:15:00+02:00,156.29469405746488,160.29
2026-07-31 18:30:00+02:00,162.20428390910325,168.14
2026-07-31 18:45:00+02:00,183.58126080811914,180.35
2026-07-31 19:00:00+02:00,174.26897237557458,165.01
2026-07-31 19:15:00+02:00,190.49609621994747,177.8
2026-07-31 19:30:00+02:00,195.9761369337692,192.93
2026-07-31 19:45:00+02:00,214.77706915985112,203.8
2026-07-31 20:00:00+02:00,198.71858343279354,184.96
2026-07-31 20:15:00+02:00,208.66751608529563,190.66
2026-07-31 20:30:00+02:00,226.77482665517584,196.27
2026-07-31 20:45:00+02:00,226.62869113088848,199.07
2026-07-31 21:00:00+02:00,219.67329055829822,192.09
2026-07-31 21:15:00+02:00,197.82055427522837,193.75
2026-07-31 21:30:00+02:00,194.14640516420837,197.33
2026-07-31 21:45:00+02:00,192.48160466626192,199.39
2026-07-31 22:00:00+02:00,190.12460891173822,204.05
2026-07-31 22:15:00+02:00,184.48778849014917,201.34
2026-07-31 22:30:00+02:00,182.9015016683297,184.12
2026-07-31 22:45:00+02:00,179.09638434616204,175.01
2026-07-31 23:00:00+02:00,183.74503559546176,178.22
2026-07-31 23:15:00+02:00,176.45833266493406,169.88
2026-07-31 23:30:00+02:00,167.62617634087525,167.36
2026-07-31 23:45:00+02:00,156.3682764454675,165.13
